id_entrega,id_cliente,id_vehiculo,id_operador,id_ruta,fecha_salida,hora_salida,fecha_entrega_programada,hora_entrega_programada,fecha_entrega_real,hora_entrega_real,peso_carga,cantidad_paquetes,distancia_real_km,tipo_combustible,combustible_consumido_litros,precio_combustible,costo_envio,costo_combustible,costo_total,minutos_retraso,entrega_tardia,estatus,observaciones,cluster
1,92,6,33,42,2026-02-14,06:15:00,2026-02-14,09:26:00,2026-02-14,09:26:00,2.67,57,99.81,Diesel,14.59,25.57,1722.05,373.07,2095.12,0,False,Entregada,Entrega realizada en tiempo,0
2,79,11,24,24,2026-03-14,15:26:00,2026-03-14,00:03:00,2026-03-15,00:03:00,0.9,44,288.43,Diesel,60.34,24.16,2384.15,1457.81,3841.96,0,False,Entregada,Entrega realizada en tiempo,1
3,81,22,5,22,2026-01-25,20:43:00,2026-01-25,21:19:00,2026-01-25,21:19:00,5.23,50,23.47,Diesel,2.27,26.17,1540.35,59.41,1599.76,0,False,Entregada,Entrega realizada en tiempo,0
4,85,39,56,10,2026-03-27,07:37:00,2026-03-27,00:09:00,2026-03-28,00:09:00,0.85,19,457.39,Gasolina,36.92,23.93,3023.95,883.5,3907.45,0,False,Entregada,Entrega realizada en tiempo,1
5,84,26,9,39,2026-07-01,07:19:00,2026-07-01,01:12:00,2026-07-02,02:03:00,0.78,72,458.86,Gasolina,65.46,25.01,3448.3,1637.15,5085.45,51,True,Tardía,"Hora pico, Distancia larga, Carga pesada",1
6,66,24,2,24,2026-03-21,09:13:00,2026-03-21,17:50:00,2026-03-21,17:50:00,0.91,44,333.09,Diesel,31.22,25.46,2608.45,794.86,3403.31,0,False,Entregada,Entrega realizada en tiempo,0
7,29,9,10,5,2026-03-17,08:32:00,2026-03-17,16:24:00,2026-03-17,16:24:00,0.44,70,323.12,Gasolina,26.42,25.65,2719.6,677.67,3397.27,0,False,Entregada,Entrega realizada en tiempo,0
8,5,22,57,50,2026-06-08,08:38:00,2026-06-08,17:39:00,2026-06-08,18:18:00,0.94,49,225.06,Diesel,21.77,26.43,2111.3,575.38,2686.68,39,True,Tardía,Hora pico,0
9,22,29,3,27,2026-04-04,10:28:00,2026-04-04,20:54:00,2026-04-04,20:54:00,1.76,79,338.25,Diesel,35.34,26.25,2999.25,927.68,3926.93,0,False,Entregada,Entrega realizada en tiempo,1
10,58,15,35,16,2026-03-21,18:57:00,2026-03-21,00:03:00,2026-03-22,00:03:00,2.94,25,171.05,Diesel,35.2,26.84,1849.25,944.77,2794.02,0,False,Entregada,Entrega realizada en tiempo,0
11,57,30,50,19,2026-07-19,15:32:00,2026-07-19,23:21:00,2026-07-19,23:21:00,0.6,68,290.53,Diesel,24.96,24.49,2556.65,611.27,3167.92,0,False,Entregada,Entrega realizada en tiempo,0
12,26,39,9,17,2026-01-14,18:55:00,2026-01-14,08:11:00,2026-01-15,08:11:00,0.46,48,352.04,Gasolina,28.41,23.31,2690.2,662.24,3352.44,0,False,Entregada,Entrega realizada en tiempo,0
13,67,8,19,6,2026-07-15,09:17:00,2026-07-15,16:11:00,2026-07-15,16:11:00,16.28,58,259.91,Diesel,27.77,24.44,3891.55,678.7,4570.25,0,False,Entregada,Entrega realizada en tiempo,1
14,56,6,59,15,2026-07-29,17:56:00,2026-07-29,08:24:00,2026-07-30,08:24:00,3.41,45,464.58,Diesel,67.92,25.24,3523.9,1714.3,5238.2,0,False,Entregada,Entrega realizada en tiempo,1
15,51,33,24,16,2026-04-09,07:23:00,2026-04-09,12:29:00,2026-04-09,13:07:00,2.88,29,175.87,Diesel,22.43,25.01,1899.35,560.97,2460.32,38,True,Tardía,Hora pico,0
16,19,9,3,19,2026-08-01,18:44:00,2026-08-01,02:33:00,2026-08-02,02:33:00,0.73,18,306.11,Gasolina,25.03,24.41,2247.55,610.98,2858.53,0,False,Entregada,Entrega realizada en tiempo,0
17,79,1,58,6,2026-01-05,11:13:00,2026-01-05,18:07:00,2026-01-05,18:07:00,0.56,20,245.29,Gasolina,23.68,25.18,1942.45,596.26,2538.71,0,False,Entregada,Entrega realizada en tiempo,0
18,68,28,8,50,2026-03-15,10:19:00,2026-03-15,19:20:00,2026-03-15,19:43:00,0.82,16,224.55,Diesel,32.93,25.92,1832.75,853.55,2686.3,23,True,Tardía,Incidencia operativa,0
19,80,30,5,8,2026-08-03,18:38:00,2026-08-03,02:11:00,2026-08-04,03:00:00,0.46,69,178.7,Diesel,15.35,24.73,1991.5,379.61,2371.11,49,True,Tardía,Hora pico,0
20,19,19,28,1,2026-06-07,14:15:00,2026-06-07,20:34:00,2026-06-07,20:34:00,0.5,74,199.72,Diesel,19.68,25.99,2140.6,511.48,2652.08,0,False,Entregada,Entrega realizada en tiempo,0
21,11,34,24,5,2026-05-15,20:32:00,2026-05-15,04:24:00,2026-05-16,04:24:00,11.29,65,325.31,Diesel,27.02,25.17,3775.55,680.09,4455.64,0,False,Entregada,Entrega realizada en tiempo,1
22,61,3,41,25,2026-04-06,11:47:00,2026-04-06,21:13:00,2026-04-06,21:13:00,2.41,3,342.0,Diesel,73.39,24.2,2475.0,1776.04,4251.04,0,False,Entregada,Entrega realizada en tiempo,1
23,31,7,50,38,2026-07-08,13:08:00,2026-07-08,02:36:00,2026-07-09,03:36:00,2.72,6,412.74,Diesel,67.66,26.49,2883.7,1792.31,4676.01,60,True,Tardía,"Tráfico alto, Distancia larga",1
24,88,30,45,31,2026-06-11,09:51:00,2026-06-11,20:59:00,2026-06-11,21:59:00,1.19,18,300.04,Diesel,25.78,24.13,2263.2,622.07,2885.27,60,True,Tardía,"Tráfico alto, Hora pico, Distancia larga",0
25,26,3,21,20,2026-05-12,15:52:00,2026-05-12,06:08:00,2026-05-13,06:08:00,14.13,70,437.68,Diesel,93.92,24.11,4661.4,2264.41,6925.81,0,False,Entregada,Entrega realizada en tiempo,1
26,83,13,19,23,2026-08-09,06:55:00,2026-08-09,16:16:00,2026-08-09,16:16:00,0.28,43,262.34,Gasolina,21.4,25.4,2183.7,543.56,2727.26,0,False,Entregada,Entrega realizada en tiempo,0
27,56,26,48,29,2026-04-09,13:11:00,2026-04-09,18:19:00,2026-04-09,18:19:00,0.57,64,131.24,Gasolina,18.72,24.1,1725.2,451.15,2176.35,0,False,Entregada,Entrega realizada en tiempo,0
28,67,18,52,6,2026-07-06,16:05:00,2026-07-06,22:59:00,2026-07-06,22:59:00,3.53,56,259.83,Diesel,24.33,26.47,2600.15,644.02,3244.17,0,False,Entregada,Entrega realizada en tiempo,0
29,70,19,21,7,2026-01-21,13:42:00,2026-01-21,21:59:00,2026-01-21,21:59:00,1.41,38,286.75,Diesel,28.25,25.81,2378.75,729.13,3107.88,0,False,Entregada,Entrega realizada en tiempo,0
30,55,11,45,29,2026-03-31,17:02:00,2026-03-31,22:10:00,2026-03-31,22:10:00,5.47,46,119.34,Diesel,24.97,25.3,2011.7,631.74,2643.44,0,False,Entregada,Entrega realizada en tiempo,0
31,82,4,5,43,2026-06-13,15:23:00,2026-06-13,06:50:00,2026-06-14,06:50:00,1.08,66,480.88,Gasolina,80.82,25.04,3540.4,2023.73,5564.13,0,False,Entregada,Entrega realizada en tiempo,1
32,4,10,55,39,2026-06-23,17:02:00,2026-06-23,10:55:00,2026-06-24,11:57:00,0.97,17,447.7,Gasolina,44.9,24.15,2971.5,1084.33,4055.83,62,True,Tardía,"Hora pico, Distancia larga",1
33,73,3,39,10,2026-06-23,17:23:00,2026-06-23,09:55:00,2026-06-24,11:00:00,14.75,48,435.01,Diesel,93.35,25.19,4534.05,2351.49,6885.54,65,True,Tardía,"Tráfico alto, Hora pico, Distancia larga",1
34,84,18,16,8,2026-01-07,09:31:00,2026-01-07,17:04:00,2026-01-07,17:04:00,2.32,67,212.06,Diesel,19.86,25.69,2328.3,510.2,2838.5,0,False,Entregada,Entrega realizada en tiempo,0
35,34,17,46,29,2026-02-24,12:44:00,2026-02-24,17:52:00,2026-02-24,18:18:00,3.78,63,142.69,Diesel,25.34,25.36,2095.45,642.62,2738.07,26,True,Tardía,Tráfico alto,0
36,92,29,6,44,2026-08-05,13:42:00,2026-08-05,15:52:00,2026-08-05,15:52:00,1.67,45,61.12,Diesel,6.39,25.65,1332.6,163.9,1496.5,0,False,Entregada,Entrega realizada en tiempo,0
37,38,20,55,11,2026-07-02,09:50:00,2026-07-02,14:32:00,2026-07-02,14:32:00,0.3,47,127.0,Gasolina,17.23,23.36,1541.0,402.49,1943.49,0,False,Entregada,Entrega realizada en tiempo,0
38,26,9,16,32,2026-01-07,14:35:00,2026-01-07,22:45:00,2026-01-07,22:45:00,0.22,74,228.78,Gasolina,18.71,25.41,2257.9,475.42,2733.32,0,False,Entregada,Entrega realizada en tiempo,0
39,71,9,40,6,2026-01-17,12:25:00,2026-01-17,19:19:00,2026-01-17,19:19:00,0.8,62,231.61,Gasolina,18.94,25.31,2234.05,479.37,2713.42,0,False,Entregada,Entrega realizada en tiempo,0
40,74,5,9,21,2026-06-14,07:28:00,2026-06-14,08:06:00,2026-06-14,08:06:00,3.21,60,26.8,Diesel,3.37,25.03,1435.0,84.35,1519.35,0,False,Entregada,Entrega realizada en tiempo,0
41,100,36,41,38,2026-02-16,08:27:00,2026-02-16,21:55:00,2026-02-16,21:55:00,0.37,65,466.5,Diesel,55.01,24.17,3389.5,1329.59,4719.09,0,False,Entregada,Entrega realizada en tiempo,1
42,16,34,10,20,2026-02-12,09:20:00,2026-02-12,23:36:00,2026-02-12,23:36:00,4.64,29,395.66,Diesel,32.86,26.82,3174.3,881.31,4055.61,0,False,Entregada,Entrega realizada en tiempo,1
43,37,6,17,13,2026-06-12,20:17:00,2026-06-12,03:28:00,2026-06-13,03:28:00,8.19,17,266.53,Diesel,38.97,25.84,2787.65,1006.98,3794.63,0,False,Entregada,Entrega realizada en tiempo,1
44,12,33,42,11,2026-06-01,08:10:00,2026-06-01,12:52:00,2026-06-01,12:52:00,3.38,80,143.61,Diesel,18.32,25.82,2196.05,473.02,2669.07,0,False,Entregada,Entrega realizada en tiempo,0
45,73,3,53,2,2026-01-21,06:41:00,2026-01-21,13:19:00,2026-01-21,13:19:00,18.37,74,251.98,Diesel,54.07,24.63,4188.9,1331.74,5520.64,0,False,Entregada,Entrega realizada en tiempo,1
46,74,27,40,41,2026-01-08,18:56:00,2026-01-08,06:37:00,2026-01-09,07:50:00,4.99,70,424.64,Diesel,54.58,24.89,3682.2,1358.5,5040.7,73,True,Tardía,"Tráfico alto, Hora pico, Distancia larga",1
47,10,4,11,29,2026-04-17,18:29:00,2026-04-17,23:37:00,2026-04-18,00:26:00,1.42,27,143.42,Gasolina,24.1,25.2,1575.1,607.32,2182.42,49,True,Tardía,"Tráfico alto, Hora pico",0
48,45,26,9,49,2026-04-05,19:35:00,2026-04-05,11:23:00,2026-04-06,12:08:00,0.45,14,402.43,Gasolina,57.41,24.35,2669.15,1397.93,4067.08,45,True,Tardía,"Hora pico, Distancia larga",1
49,19,7,4,19,2026-04-09,16:15:00,2026-04-09,00:04:00,2026-04-10,00:04:00,4.34,21,301.45,Diesel,49.42,26.8,2609.25,1324.46,3933.71,0,False,Entregada,Entrega realizada en tiempo,1
50,93,21,13,49,2026-02-10,18:32:00,2026-02-10,10:20:00,2026-02-11,11:10:00,1.64,60,440.64,Diesel,61.63,26.84,3347.2,1654.15,5001.35,50,True,Tardía,"Hora pico, Distancia larga, Carga pesada",1
51,65,30,16,14,2026-05-30,14:03:00,2026-05-30,16:26:00,2026-05-30,16:26:00,1.18,7,66.04,Diesel,5.67,25.79,1004.2,146.23,1150.43,0,False,Entregada,Entrega realizada en tiempo,0
52,84,31,19,35,2026-01-03,08:27:00,2026-01-03,16:46:00,2026-01-03,16:46:00,1.32,18,288.81,Diesel,41.02,26.18,2220.05,1073.9,3293.95,0,False,Entregada,Entrega realizada en tiempo,0
53,98,26,24,3,2026-04-13,06:36:00,2026-04-13,18:06:00,2026-04-13,18:53:00,0.74,72,398.54,Gasolina,56.85,24.16,3142.7,1373.5,4516.2,47,True,Tardía,"Distancia larga, Carga pesada",1
54,58,36,18,40,2026-06-24,08:08:00,2026-06-24,19:42:00,2026-06-24,20:40:00,6.2,13,392.21,Diesel,46.25,26.26,3185.05,1214.53,4399.58,58,True,Tardía,"Hora pico, Distancia larga",1
55,26,39,33,26,2026-05-09,06:02:00,2026-05-09,18:15:00,2026-05-09,19:08:00,1.12,5,350.48,Gasolina,28.29,24.37,2404.4,689.43,3093.83,53,True,Tardía,"Distancia larga, Carga pesada",0
56,78,33,9,21,2026-06-06,13:10:00,2026-06-06,13:48:00,2026-06-06,13:48:00,0.24,51,27.09,Diesel,3.46,26.22,1067.45,90.72,1158.17,0,False,Entregada,Entrega realizada en tiempo,0
57,39,38,22,33,2026-08-01,19:34:00,2026-08-01,23:25:00,2026-08-01,23:25:00,0.28,63,105.39,Gasolina,8.95,23.9,1558.95,213.9,1772.85,0,False,Entregada,Entrega realizada en tiempo,0
58,3,24,22,44,2026-01-29,16:37:00,2026-01-29,18:47:00,2026-01-29,18:47:00,2.28,40,70.45,Diesel,6.6,26.18,1400.25,172.79,1573.04,0,False,Entregada,Entrega realizada en tiempo,0
59,89,2,39,31,2026-03-09,10:46:00,2026-03-09,21:54:00,2026-03-09,21:54:00,9.53,7,313.64,Diesel,63.23,24.51,3077.2,1549.77,4626.97,0,False,Entregada,Entrega realizada en tiempo,1
60,81,40,50,25,2026-02-07,10:02:00,2026-02-07,19:28:00,2026-02-07,19:28:00,5.52,74,329.06,Diesel,51.42,24.33,3289.3,1251.05,4540.35,0,False,Entregada,Entrega realizada en tiempo,1
61,3,29,21,27,2026-02-08,16:44:00,2026-02-08,03:10:00,2026-02-09,03:10:00,0.73,27,328.36,Diesel,34.31,26.32,2430.8,903.04,3333.84,0,False,Entregada,Entrega realizada en tiempo,0
62,61,4,46,9,2026-05-13,09:35:00,2026-05-13,14:03:00,2026-05-13,14:03:00,1.34,42,184.71,Gasolina,31.04,24.44,1893.55,758.62,2652.17,0,False,Entregada,Entrega realizada en tiempo,0
63,49,21,12,30,2026-05-17,13:34:00,2026-05-17,21:06:00,2026-05-17,21:06:00,1.42,46,183.03,Diesel,25.6,26.6,1925.15,680.96,2606.11,0,False,Entregada,Entrega realizada en tiempo,0
64,88,17,40,31,2026-02-19,10:17:00,2026-02-19,21:25:00,2026-02-19,22:03:00,4.78,72,280.17,Diesel,49.76,26.11,2954.85,1299.23,4254.08,38,True,Tardía,Tráfico alto,1
65,89,32,21,31,2026-03-31,20:59:00,2026-03-31,08:07:00,2026-04-01,09:19:00,0.65,36,302.55,Gasolina,27.4,25.69,2365.75,703.91,3069.66,72,True,Tardía,"Tráfico alto, Distancia larga",0
66,51,23,50,10,2026-03-16,06:18:00,2026-03-16,22:50:00,2026-03-17,00:09:00,1.59,11,426.05,Gasolina,78.03,23.64,2877.25,1844.63,4721.88,79,True,Tardía,"Tráfico alto, Distancia larga, Carga pesada",1
67,69,18,60,36,2026-06-28,11:08:00,2026-06-28,04:29:00,2026-06-29,04:29:00,0.65,14,415.32,Diesel,38.89,25.76,2753.6,1001.81,3755.41,0,False,Entregada,Entrega realizada en tiempo,1
68,32,4,43,34,2026-02-27,10:03:00,2026-02-27,13:37:00,2026-02-27,13:37:00,1.35,13,151.09,Gasolina,25.39,25.15,1494.45,638.56,2133.01,0,False,Entregada,Entrega realizada en tiempo,0
69,13,9,1,36,2026-02-10,16:41:00,2026-02-10,10:02:00,2026-02-11,10:02:00,0.29,61,410.32,Gasolina,33.55,23.6,3068.6,791.78,3860.38,0,False,Entregada,Entrega realizada en tiempo,1
70,37,21,19,42,2026-01-16,07:41:00,2026-01-16,10:52:00,2026-01-16,11:13:00,1.29,74,89.59,Diesel,12.53,25.25,1668.95,316.38,1985.33,21,True,Tardía,Hora pico,0
71,23,3,54,26,2026-07-21,18:11:00,2026-07-21,06:24:00,2026-07-22,06:24:00,18.79,38,372.1,Diesel,79.85,24.03,4543.5,1918.8,6462.3,0,False,Entregada,Entrega realizada en tiempo,1
72,73,39,7,22,2026-03-14,17:41:00,2026-03-14,18:17:00,2026-03-14,18:17:00,0.28,70,21.45,Gasolina,1.73,25.67,1195.25,44.41,1239.66,0,False,Entregada,Entrega realizada en tiempo,0
73,18,33,30,18,2026-02-19,08:21:00,2026-02-19,23:36:00,2026-02-19,23:36:00,3.78,21,411.43,Diesel,52.48,25.94,3103.15,1361.33,4464.48,0,False,Entregada,Entrega realizada en tiempo,1
74,92,12,1,48,2026-03-28,12:36:00,2026-03-28,18:13:00,2026-03-28,19:05:00,0.52,25,162.7,Gasolina,23.28,25.48,1565.5,593.17,2158.67,52,True,Tardía,Tráfico alto,0
75,66,21,6,26,2026-06-21,08:11:00,2026-06-21,20:24:00,2026-06-21,21:10:00,1.67,18,391.18,Diesel,54.71,24.71,2766.9,1351.88,4118.78,46,True,Tardía,"Hora pico, Distancia larga, Carga pesada",1
76,97,18,22,20,2026-05-30,05:16:00,2026-05-30,19:32:00,2026-05-30,19:32:00,3.13,47,416.64,Diesel,39.01,24.19,3272.2,943.65,4215.85,0,False,Entregada,Entrega realizada en tiempo,1
77,16,30,20,11,2026-04-14,19:59:00,2026-04-14,00:41:00,2026-04-15,00:41:00,0.39,40,144.71,Diesel,12.43,25.92,1582.55,322.19,1904.74,0,False,Entregada,Entrega realizada en tiempo,0
78,38,24,40,15,2026-02-26,08:30:00,2026-02-26,22:58:00,2026-02-26,22:58:00,1.43,20,421.37,Diesel,39.49,26.97,2909.85,1065.05,3974.9,0,False,Entregada,Entrega realizada en tiempo,1
79,48,27,45,36,2026-05-01,20:51:00,2026-05-01,14:12:00,2026-05-02,14:12:00,24.65,28,412.62,Diesel,53.04,26.04,5252.1,1381.16,6633.26,0,False,Entregada,Entrega realizada en tiempo,1
80,77,6,34,29,2026-05-16,14:04:00,2026-05-16,19:12:00,2026-05-16,20:05:00,5.85,73,118.96,Diesel,17.39,24.61,2263.8,427.97,2691.77,53,True,Tardía,Tráfico alto,0
81,69,10,11,21,2026-08-07,19:28:00,2026-08-07,20:06:00,2026-08-07,20:06:00,0.82,15,23.02,Gasolina,2.31,25.15,817.1,58.1,875.2,0,False,Entregada,Entrega realizada en tiempo,0
82,63,6,58,33,2026-04-25,06:29:00,2026-04-25,10:20:00,2026-04-25,10:20:00,1.56,17,101.2,Diesel,14.8,25.37,1298.0,375.48,1673.48,0,False,Entregada,Entrega realizada en tiempo,0
83,8,36,30,44,2026-07-26,12:46:00,2026-07-26,14:56:00,2026-07-26,14:56:00,4.91,3,67.92,Diesel,8.01,26.45,1354.6,211.86,1566.46,0,False,Entregada,Entrega realizada en tiempo,0
84,96,14,38,5,2026-01-12,16:22:00,2026-01-12,00:14:00,2026-01-13,00:14:00,16.21,9,355.7,Diesel,38.33,24.18,3971.5,926.82,4898.32,0,False,Entregada,Entrega realizada en tiempo,1
85,9,31,3,19,2026-04-15,09:49:00,2026-04-15,17:38:00,2026-04-15,17:38:00,0.76,18,298.18,Diesel,42.36,26.93,2210.9,1140.75,3351.65,0,False,Entregada,Entrega realizada en tiempo,1
86,83,27,24,25,2026-04-25,15:24:00,2026-04-25,00:50:00,2026-04-26,00:50:00,23.63,11,324.52,Diesel,41.71,25.99,4573.6,1084.04,5657.64,0,False,Entregada,Entrega realizada en tiempo,1
87,70,9,42,23,2026-01-31,09:34:00,2026-01-31,18:55:00,2026-01-31,18:55:00,1.04,51,243.78,Gasolina,19.93,25.18,2230.9,501.84,2732.74,0,False,Entregada,Entrega realizada en tiempo,0
88,29,1,49,2,2026-03-18,17:43:00,2026-03-18,00:21:00,2026-03-19,00:21:00,1.62,70,240.02,Gasolina,23.17,24.14,2422.1,559.32,2981.42,0,False,Entregada,Entrega realizada en tiempo,0
89,30,16,30,23,2026-02-09,11:12:00,2026-02-09,20:33:00,2026-02-09,21:10:00,1.1,15,270.18,Gasolina,24.27,25.3,2080.9,614.03,2694.93,37,True,Tardía,Carga pesada,0
90,3,16,14,5,2026-01-26,06:28:00,2026-01-26,14:20:00,2026-01-26,14:20:00,1.2,77,300.38,Gasolina,26.99,25.62,2737.9,691.48,3429.38,0,False,Entregada,Entrega realizada en tiempo,0
91,32,3,26,29,2026-03-01,20:13:00,2026-03-01,01:21:00,2026-03-02,01:57:00,12.73,8,142.89,Diesel,30.66,26.45,2551.45,810.96,3362.41,36,True,Tardía,Tráfico alto,0
92,94,37,21,37,2026-06-03,13:15:00,2026-06-03,17:46:00,2026-06-03,17:46:00,2.65,39,192.77,Diesel,20.55,26.96,2040.85,554.03,2594.88,0,False,Entregada,Entrega realizada en tiempo,0
93,67,15,27,20,2026-03-12,06:35:00,2026-03-12,20:51:00,2026-03-12,20:51:00,2.94,76,423.0,Diesel,87.04,26.73,3517.0,2326.58,5843.58,0,False,Entregada,Entrega realizada en tiempo,1
94,81,28,36,32,2026-01-13,14:41:00,2026-01-13,22:51:00,2026-01-13,22:51:00,0.71,49,251.92,Diesel,36.94,24.96,2222.6,922.02,3144.62,0,False,Entregada,Entrega realizada en tiempo,0
95,54,27,10,20,2026-04-07,09:48:00,2026-04-07,00:04:00,2026-04-08,00:04:00,24.51,69,389.75,Diesel,50.1,26.55,5451.75,1330.15,6781.9,0,False,Entregada,Entrega realizada en tiempo,1
96,39,10,52,30,2026-01-15,20:26:00,2026-01-15,03:58:00,2026-01-16,03:58:00,0.57,54,215.51,Gasolina,21.62,23.4,2066.55,505.91,2572.46,0,False,Entregada,Entrega realizada en tiempo,0
97,32,17,14,22,2026-06-15,07:59:00,2026-06-15,08:35:00,2026-06-15,08:35:00,8.45,58,23.09,Diesel,4.1,24.28,1924.45,99.55,2024.0,0,False,Entregada,Entrega realizada en tiempo,0
98,93,13,4,18,2026-04-07,06:55:00,2026-04-07,22:10:00,2026-04-07,22:49:00,1.31,10,403.65,Gasolina,32.92,24.44,2729.25,804.56,3533.81,39,True,Tardía,Distancia larga,1
99,43,20,59,1,2026-02-24,09:47:00,2026-02-24,16:06:00,2026-02-24,16:06:00,0.47,16,185.76,Gasolina,25.2,25.26,1603.8,636.55,2240.35,0,False,Entregada,Entrega realizada en tiempo,0
100,32,39,46,14,2026-04-12,10:35:00,2026-04-12,12:58:00,2026-04-12,12:58:00,0.56,42,64.04,Gasolina,5.17,24.14,1212.2,124.8,1337.0,0,False,Entregada,Entrega realizada en tiempo,0
101,69,23,20,17,2026-04-03,19:56:00,2026-04-03,09:12:00,2026-04-04,09:12:00,0.32,64,380.28,Gasolina,69.65,25.41,2945.4,1769.81,4715.21,0,False,Entregada,Entrega realizada en tiempo,1
102,93,31,49,21,2026-02-22,14:20:00,2026-02-22,14:58:00,2026-02-22,15:22:00,1.66,53,26.1,Diesel,3.71,24.05,1220.5,89.23,1309.73,24,True,Tardía,Carga pesada,0
103,71,38,38,47,2026-04-17,12:09:00,2026-04-17,22:07:00,2026-04-17,23:09:00,0.65,26,325.9,Gasolina,27.69,24.5,2402.5,678.41,3080.91,62,True,Tardía,"Tráfico alto, Distancia larga",0
104,84,22,17,49,2026-07-30,18:46:00,2026-07-30,10:34:00,2026-07-31,10:34:00,7.91,63,427.0,Diesel,41.3,26.2,3930.0,1082.06,5012.06,0,False,Entregada,Entrega realizada en tiempo,1
105,46,11,9,47,2026-05-20,18:11:00,2026-05-20,04:09:00,2026-05-21,04:09:00,1.53,70,364.64,Diesel,76.28,26.87,3036.2,2049.64,5085.84,0,False,Entregada,Entrega realizada en tiempo,1
106,68,3,54,5,2026-07-29,06:48:00,2026-07-29,14:40:00,2026-07-29,14:40:00,18.8,1,354.93,Diesel,76.17,26.53,4162.65,2020.79,6183.44,0,False,Entregada,Entrega realizada en tiempo,1
107,30,5,46,10,2026-01-03,09:32:00,2026-01-03,02:04:00,2026-01-04,03:47:00,7.04,59,447.97,Diesel,56.28,25.98,3915.85,1462.15,5378.0,103,True,Tardía,"Tráfico alto, Hora pico, Distancia larga",1
108,3,1,35,36,2026-04-16,05:01:00,2026-04-16,22:22:00,2026-04-16,22:22:00,0.81,68,482.35,Gasolina,46.56,24.61,3536.75,1145.84,4682.59,0,False,Entregada,Entrega realizada en tiempo,1
109,37,2,33,45,2026-06-22,16:51:00,2026-06-22,05:02:00,2026-06-23,05:32:00,14.29,23,427.46,Diesel,86.18,24.58,4250.3,2118.3,6368.6,30,True,Tardía,"Distancia larga, Carga pesada",1
110,68,17,53,23,2026-03-10,15:05:00,2026-03-10,00:26:00,2026-03-11,00:26:00,0.44,48,262.43,Diesel,46.61,25.38,2240.15,1182.96,3423.11,0,False,Entregada,Entrega realizada en tiempo,1
111,32,15,20,44,2026-07-31,07:41:00,2026-07-31,09:51:00,2026-07-31,10:30:00,3.39,5,70.9,Diesel,14.59,25.66,1233.5,374.38,1607.88,39,True,Tardía,Hora pico,0
112,8,1,45,11,2026-01-22,18:54:00,2026-01-22,23:36:00,2026-01-22,23:36:00,0.42,56,139.92,Gasolina,13.51,23.99,1689.6,324.1,2013.7,0,False,Entregada,Entrega realizada en tiempo,0
113,13,34,59,3,2026-02-28,09:57:00,2026-02-28,21:27:00,2026-02-28,21:27:00,6.2,73,433.78,Diesel,36.03,24.14,3872.9,869.76,4742.66,0,False,Entregada,Entrega realizada en tiempo,1
114,10,18,58,35,2026-05-25,06:11:00,2026-05-25,14:30:00,2026-05-25,15:06:00,3.47,41,332.56,Diesel,31.14,26.79,2837.8,834.24,3672.04,36,True,Tardía,"Distancia larga, Carga pesada",1
115,39,11,37,16,2026-05-26,15:43:00,2026-05-26,20:49:00,2026-05-26,20:49:00,4.05,70,171.24,Diesel,35.82,26.27,2321.2,940.99,3262.19,0,False,Entregada,Entrega realizada en tiempo,0
116,18,6,33,48,2026-03-30,06:06:00,2026-03-30,11:43:00,2026-03-30,12:15:00,3.33,56,140.58,Diesel,20.55,25.82,1983.9,530.6,2514.5,32,True,Tardía,Tráfico alto,0
117,79,39,26,50,2026-03-25,05:40:00,2026-03-25,14:41:00,2026-03-25,14:41:00,1.09,35,262.18,Gasolina,21.16,24.35,2199.9,515.25,2715.15,0,False,Entregada,Entrega realizada en tiempo,0
118,30,23,36,25,2026-04-21,09:43:00,2026-04-21,19:09:00,2026-04-21,19:09:00,1.77,75,374.96,Gasolina,68.67,23.26,3151.8,1597.26,4749.06,0,False,Entregada,Entrega realizada en tiempo,1
119,80,19,52,16,2026-07-02,07:05:00,2026-07-02,12:11:00,2026-07-02,12:50:00,4.33,35,182.99,Diesel,18.03,26.22,2127.95,472.75,2600.7,39,True,Tardía,Hora pico,0
120,41,24,7,6,2026-01-02,12:28:00,2026-01-02,19:22:00,2026-01-02,19:22:00,2.27,47,269.01,Diesel,25.21,24.31,2448.05,612.86,3060.91,0,False,Entregada,Entrega realizada en tiempo,0
121,12,12,28,29,2026-05-23,20:32:00,2026-05-23,01:40:00,2026-05-24,02:13:00,0.41,53,129.93,Gasolina,18.59,24.66,1614.65,458.43,2073.08,33,True,Tardía,Tráfico alto,0
122,77,39,51,21,2026-08-10,15:00:00,2026-08-10,15:38:00,2026-08-10,15:38:00,0.33,38,27.32,Gasolina,2.21,25.34,973.6,56.0,1029.6,0,False,Entregada,Entrega realizada en tiempo,0
123,93,36,58,16,2026-05-27,19:10:00,2026-05-27,00:16:00,2026-05-28,00:48:00,4.6,49,165.07,Diesel,19.47,24.81,2177.35,483.05,2660.4,32,True,Tardía,Hora pico,0
124,19,5,11,28,2026-03-12,16:19:00,2026-03-12,21:33:00,2026-03-12,21:33:00,6.53,62,191.23,Diesel,24.02,25.08,2605.15,602.42,3207.57,0,False,Entregada,Entrega realizada en tiempo,0
125,32,32,39,40,2026-02-20,17:06:00,2026-02-20,04:40:00,2026-02-21,05:34:00,0.49,18,376.24,Gasolina,34.08,25.41,2574.2,865.97,3440.17,54,True,Tardía,"Hora pico, Distancia larga",1
126,43,29,22,28,2026-07-28,08:19:00,2026-07-28,13:33:00,2026-07-28,13:33:00,1.29,42,187.75,Diesel,19.62,26.09,1903.75,511.89,2415.64,0,False,Entregada,Entrega realizada en tiempo,0
127,62,21,12,26,2026-03-23,12:47:00,2026-03-23,01:00:00,2026-03-24,01:00:00,1.4,63,359.41,Diesel,50.27,26.35,2941.05,1324.61,4265.66,0,False,Entregada,Entrega realizada en tiempo,1
128,42,25,18,26,2026-04-04,08:59:00,2026-04-04,21:12:00,2026-04-04,22:06:00,9.47,73,361.58,Diesel,76.93,26.83,3838.9,2064.03,5902.93,54,True,Tardía,"Hora pico, Distancia larga, Carga pesada",1
129,27,29,52,19,2026-08-01,07:52:00,2026-08-01,15:41:00,2026-08-01,15:41:00,1.11,53,333.18,Diesel,34.82,24.42,2700.9,850.3,3551.2,0,False,Entregada,Entrega realizada en tiempo,1
130,39,16,17,43,2026-02-09,16:50:00,2026-02-09,08:17:00,2026-02-10,09:06:00,0.61,49,412.75,Gasolina,37.08,24.75,3016.75,917.73,3934.48,49,True,Tardía,Distancia larga,1
131,69,33,60,45,2026-04-18,20:02:00,2026-04-18,08:13:00,2026-04-19,08:13:00,0.3,47,490.75,Diesel,62.6,26.44,3359.75,1655.14,5014.89,0,False,Entregada,Entrega realizada en tiempo,1
132,77,6,7,50,2026-03-05,14:10:00,2026-03-05,23:11:00,2026-03-05,23:41:00,7.31,79,257.05,Diesel,37.58,26.03,3148.25,978.21,4126.46,30,True,Tardía,Incidencia operativa,1
133,52,22,51,28,2026-01-28,05:06:00,2026-01-28,10:20:00,2026-01-28,10:20:00,2.22,34,174.07,Diesel,16.83,26.24,1864.35,441.62,2305.97,0,False,Entregada,Entrega realizada en tiempo,0
134,72,38,45,37,2026-02-26,17:23:00,2026-02-26,21:54:00,2026-02-26,21:54:00,0.21,51,182.77,Gasolina,15.53,25.04,1842.85,388.87,2231.72,0,False,Entregada,Entrega realizada en tiempo,0
135,89,33,10,23,2026-01-07,18:06:00,2026-01-07,03:27:00,2026-01-08,03:27:00,2.34,38,263.24,Diesel,33.58,26.89,2354.2,902.97,3257.17,0,False,Entregada,Entrega realizada en tiempo,0
136,15,10,23,20,2026-03-29,17:50:00,2026-03-29,08:06:00,2026-03-30,08:06:00,0.78,27,459.55,Gasolina,46.09,24.04,3091.75,1108.0,4199.75,0,False,Entregada,Entrega realizada en tiempo,1
137,13,29,47,45,2026-04-26,13:04:00,2026-04-26,01:15:00,2026-04-27,01:33:00,0.77,39,469.25,Diesel,49.03,26.55,3235.25,1301.75,4537.0,18,True,Tardía,Distancia larga,1
138,83,7,44,11,2026-07-09,10:33:00,2026-07-09,15:15:00,2026-07-09,15:15:00,4.38,23,134.75,Diesel,22.09,24.99,1795.75,552.03,2347.78,0,False,Entregada,Entrega realizada en tiempo,0
139,55,30,15,26,2026-06-11,09:11:00,2026-06-11,21:24:00,2026-06-11,22:23:00,1.62,56,382.75,Diesel,32.88,25.78,3023.75,847.65,3871.4,59,True,Tardía,"Hora pico, Distancia larga",1
140,50,1,46,14,2026-02-22,11:48:00,2026-02-22,14:11:00,2026-02-22,14:11:00,1.59,9,58.79,Gasolina,5.67,25.4,1024.95,144.02,1168.97,0,False,Entregada,Entrega realizada en tiempo,0
141,69,12,24,21,2026-02-20,17:07:00,2026-02-20,17:45:00,2026-02-20,17:45:00,0.99,34,25.11,Gasolina,3.59,24.47,996.55,87.85,1084.4,0,False,Entregada,Entrega realizada en tiempo,0
142,82,21,39,25,2026-06-06,15:37:00,2026-06-06,01:03:00,2026-06-07,01:03:00,0.6,15,339.89,Diesel,47.54,26.54,2379.45,1261.71,3641.16,0,False,Entregada,Entrega realizada en tiempo,1
143,80,12,53,44,2026-06-30,12:58:00,2026-06-30,15:08:00,2026-06-30,15:08:00,1.04,79,64.79,Gasolina,9.27,25.02,1559.95,231.94,1791.89,0,False,Entregada,Entrega realizada en tiempo,0
144,41,8,16,20,2026-01-30,09:23:00,2026-01-30,23:39:00,2026-01-30,23:39:00,7.6,19,437.54,Diesel,46.75,25.25,3599.7,1180.44,4780.14,0,False,Entregada,Entrega realizada en tiempo,1
145,18,37,25,28,2026-02-17,18:40:00,2026-02-17,23:54:00,2026-02-17,23:54:00,1.32,69,171.92,Diesel,18.33,25.94,2043.6,475.48,2519.08,0,False,Entregada,Entrega realizada en tiempo,0
146,23,36,11,32,2026-03-15,08:11:00,2026-03-15,16:21:00,2026-03-15,16:21:00,1.14,41,230.37,Diesel,27.17,25.86,2093.85,702.62,2796.47,0,False,Entregada,Entrega realizada en tiempo,0
147,46,1,32,9,2026-02-19,15:35:00,2026-02-19,20:03:00,2026-02-19,20:03:00,0.42,65,162.95,Gasolina,15.73,24.23,1876.75,381.14,2257.89,0,False,Entregada,Entrega realizada en tiempo,0
148,63,27,46,29,2026-05-06,09:05:00,2026-05-06,14:13:00,2026-05-06,14:55:00,17.49,73,123.22,Diesel,15.84,24.82,3449.1,393.15,3842.25,42,True,Tardía,"Tráfico alto, Hora pico",0
149,69,19,11,50,2026-04-28,18:35:00,2026-04-28,03:36:00,2026-04-29,04:02:00,2.77,66,266.13,Diesel,26.22,26.33,2635.65,690.37,3326.02,26,True,Tardía,Hora pico,0
150,47,35,53,49,2026-01-11,17:34:00,2026-01-11,09:22:00,2026-01-12,09:22:00,0.74,28,425.65,Gasolina,57.44,23.31,2926.25,1338.93,4265.18,0,False,Entregada,Entrega realizada en tiempo,1
151,84,16,20,3,2026-04-26,11:22:00,2026-04-26,22:52:00,2026-04-26,22:52:00,0.37,12,374.8,Gasolina,33.67,25.98,2507.0,874.75,3381.75,0,False,Entregada,Entrega realizada en tiempo,1
152,100,16,14,48,2026-05-31,14:55:00,2026-05-31,20:32:00,2026-05-31,20:32:00,0.24,79,143.87,Gasolina,12.93,23.5,1875.35,303.86,2179.21,0,False,Entregada,Entrega realizada en tiempo,0
153,18,14,53,14,2026-07-26,06:36:00,2026-07-26,08:59:00,2026-07-26,08:59:00,7.84,45,59.15,Diesel,6.37,25.79,1939.75,164.28,2104.03,0,False,Entregada,Entrega realizada en tiempo,0
154,22,21,46,19,2026-03-16,11:54:00,2026-03-16,19:43:00,2026-03-16,19:43:00,0.34,66,288.41,Diesel,40.34,26.04,2504.05,1050.45,3554.5,0,False,Entregada,Entrega realizada en tiempo,1
155,13,9,49,27,2026-01-16,11:55:00,2026-01-16,22:21:00,2026-01-16,22:21:00,0.6,17,300.13,Gasolina,24.54,23.4,2196.65,574.24,2770.89,0,False,Entregada,Entrega realizada en tiempo,0
156,19,21,54,16,2026-07-14,15:31:00,2026-07-14,20:37:00,2026-07-14,20:37:00,0.76,19,174.18,Diesel,24.36,24.81,1598.9,604.37,2203.27,0,False,Entregada,Entrega realizada en tiempo,0
157,54,25,29,5,2026-06-12,07:25:00,2026-06-12,15:17:00,2026-06-12,15:17:00,7.71,66,298.23,Diesel,63.45,26.08,3290.15,1654.78,4944.93,0,False,Entregada,Entrega realizada en tiempo,1
158,48,30,32,21,2026-05-29,05:55:00,2026-05-29,06:33:00,2026-05-29,06:33:00,2.02,12,25.76,Diesel,2.21,25.38,926.8,56.09,982.89,0,False,Entregada,Entrega realizada en tiempo,0
159,86,23,55,5,2026-07-23,20:25:00,2026-07-23,04:17:00,2026-07-24,04:17:00,0.33,28,350.18,Gasolina,64.14,25.47,2507.9,1633.65,4141.55,0,False,Entregada,Entrega realizada en tiempo,1
160,64,18,21,19,2026-03-28,20:36:00,2026-03-28,04:25:00,2026-03-29,04:25:00,3.78,17,284.88,Diesel,26.67,25.46,2438.4,679.02,3117.42,0,False,Entregada,Entrega realizada en tiempo,0
161,44,4,3,7,2026-06-10,17:01:00,2026-06-10,01:18:00,2026-06-11,01:18:00,0.62,16,330.51,Gasolina,55.55,23.47,2342.55,1303.76,3646.31,0,False,Entregada,Entrega realizada en tiempo,1
162,59,1,28,13,2026-06-26,08:56:00,2026-06-26,16:07:00,2026-06-26,16:32:00,1.29,39,244.51,Gasolina,23.6,24.96,2163.55,589.06,2752.61,25,True,Tardía,Hora pico,0
163,33,6,24,43,2026-06-16,09:03:00,2026-06-16,00:30:00,2026-06-17,00:30:00,2.6,51,432.73,Diesel,63.26,26.18,3331.65,1656.15,4987.8,0,False,Entregada,Entrega realizada en tiempo,1
164,97,15,28,42,2026-01-24,08:00:00,2026-01-24,11:11:00,2026-01-24,11:11:00,2.11,28,99.72,Diesel,20.52,24.4,1433.6,500.69,1934.29,0,False,Entregada,Entrega realizada en tiempo,0
165,29,34,44,29,2026-01-03,05:44:00,2026-01-03,10:52:00,2026-01-03,10:52:00,6.01,44,130.23,Diesel,10.82,26.96,2104.15,291.71,2395.86,0,False,Entregada,Entrega realizada en tiempo,0
166,55,9,31,5,2026-02-28,15:05:00,2026-02-28,22:57:00,2026-02-28,23:18:00,0.85,14,298.07,Gasolina,24.37,25.64,2187.35,624.85,2812.2,21,True,Tardía,Incidencia operativa,0
167,18,25,50,49,2026-08-12,08:41:00,2026-08-12,00:29:00,2026-08-13,01:12:00,2.95,19,429.24,Diesel,91.33,25.32,3093.2,2312.48,5405.68,43,True,Tardía,"Hora pico, Distancia larga",1
168,93,14,41,48,2026-02-08,16:39:00,2026-02-08,22:16:00,2026-02-08,22:16:00,24.76,57,153.89,Diesel,16.58,24.26,4201.45,402.23,4603.68,0,False,Entregada,Entrega realizada en tiempo,1
169,13,9,49,8,2026-05-31,15:22:00,2026-05-31,22:55:00,2026-05-31,22:55:00,0.66,55,180.98,Gasolina,14.8,23.42,1910.9,346.62,2257.52,0,False,Entregada,Entrega realizada en tiempo,0
170,36,6,16,36,2026-06-03,12:49:00,2026-06-03,06:10:00,2026-06-04,06:10:00,5.33,4,448.39,Diesel,65.55,25.98,3306.95,1702.99,5009.94,0,False,Entregada,Entrega realizada en tiempo,1
171,39,14,34,39,2026-05-11,09:47:00,2026-05-11,03:40:00,2026-05-12,04:23:00,6.85,51,437.34,Diesel,47.13,25.16,3779.7,1185.79,4965.49,43,True,Tardía,"Hora pico, Distancia larga",1
172,31,32,41,39,2026-01-19,19:56:00,2026-01-19,13:49:00,2026-01-20,13:49:00,0.51,2,415.63,Gasolina,37.65,25.8,2645.15,971.37,3616.52,0,False,Entregada,Entrega realizada en tiempo,1
173,17,25,56,37,2026-04-18,14:34:00,2026-04-18,19:05:00,2026-04-18,19:05:00,3.7,23,177.79,Diesel,37.83,26.86,1942.95,1016.11,2959.06,0,False,Entregada,Entrega realizada en tiempo,0
174,99,5,2,38,2026-01-18,05:16:00,2026-01-18,18:44:00,2026-01-18,19:31:00,3.29,28,408.26,Diesel,51.29,25.89,3094.3,1327.9,4422.2,47,True,Tardía,"Tráfico alto, Distancia larga",1
175,65,27,28,45,2026-04-13,07:40:00,2026-04-13,19:51:00,2026-04-13,19:51:00,24.23,69,476.35,Diesel,61.23,24.46,5856.75,1497.69,7354.44,0,False,Entregada,Entrega realizada en tiempo,1
176,11,20,6,33,2026-02-22,08:34:00,2026-02-22,12:25:00,2026-02-22,12:25:00,1.18,42,115.16,Gasolina,15.63,24.9,1529.8,389.19,1918.99,0,False,Entregada,Entrega realizada en tiempo,0
177,84,5,20,45,2026-04-22,10:03:00,2026-04-22,22:14:00,2026-04-22,22:45:00,4.9,32,431.18,Diesel,54.17,25.36,3401.9,1373.75,4775.65,31,True,Tardía,Distancia larga,1
178,78,4,20,43,2026-07-09,09:07:00,2026-07-09,00:34:00,2026-07-10,00:34:00,1.01,2,451.02,Gasolina,75.8,25.1,2872.1,1902.58,4774.68,0,False,Entregada,Entrega realizada en tiempo,1
179,21,32,23,34,2026-05-13,11:10:00,2026-05-13,14:44:00,2026-05-13,14:44:00,0.81,48,145.84,Gasolina,13.21,25.34,1694.2,334.74,2028.94,0,False,Entregada,Entrega realizada en tiempo,0
180,35,8,50,2,2026-03-27,16:17:00,2026-03-27,22:55:00,2026-03-27,23:23:00,3.07,68,252.07,Diesel,26.93,25.88,2611.35,696.95,3308.3,28,True,Tardía,Incidencia operativa,0
181,64,30,33,24,2026-01-15,18:54:00,2026-01-15,03:31:00,2026-01-16,04:07:00,1.03,73,324.12,Diesel,27.85,26.68,2807.6,743.04,3550.64,36,True,Tardía,"Hora pico, Distancia larga",1
182,87,8,15,48,2026-05-11,05:02:00,2026-05-11,10:39:00,2026-05-11,11:25:00,13.04,2,149.34,Diesel,15.96,25.15,2566.7,401.39,2968.09,46,True,Tardía,Tráfico alto,0
183,20,12,60,3,2026-05-22,16:14:00,2026-05-22,03:44:00,2026-05-23,04:23:00,1.04,42,406.16,Gasolina,58.11,24.71,2970.8,1435.9,4406.7,39,True,Tardía,"Distancia larga, Carga pesada",1
184,16,33,44,4,2026-02-15,10:51:00,2026-02-15,12:09:00,2026-02-15,12:09:00,1.06,67,36.42,Diesel,4.65,26.86,1324.1,124.9,1449.0,0,False,Entregada,Entrega realizada en tiempo,0
185,9,30,56,19,2026-07-18,12:20:00,2026-07-18,20:09:00,2026-07-18,20:09:00,0.55,12,295.83,Diesel,25.41,24.02,2130.15,610.35,2740.5,0,False,Entregada,Entrega realizada en tiempo,0
186,26,19,37,20,2026-07-09,10:29:00,2026-07-09,00:45:00,2026-07-10,00:45:00,1.4,48,401.22,Diesel,39.53,25.48,3030.1,1007.22,4037.32,0,False,Entregada,Entrega realizada en tiempo,1
187,99,13,47,35,2026-07-14,10:09:00,2026-07-14,18:28:00,2026-07-14,18:28:00,0.71,1,292.99,Gasolina,23.9,23.07,2043.95,551.37,2595.32,0,False,Entregada,Entrega realizada en tiempo,0
188,70,23,41,45,2026-08-13,05:21:00,2026-08-13,17:32:00,2026-08-13,17:32:00,1.61,1,430.59,Gasolina,78.86,24.13,2821.95,1902.89,4724.84,0,False,Entregada,Entrega realizada en tiempo,1
189,95,20,7,14,2026-05-16,10:26:00,2026-05-16,12:49:00,2026-05-16,12:49:00,0.96,63,61.96,Gasolina,8.41,25.92,1409.8,217.99,1627.79,0,False,Entregada,Entrega realizada en tiempo,0
190,19,18,6,3,2026-03-01,19:26:00,2026-03-01,06:56:00,2026-03-02,06:56:00,4.02,48,368.72,Diesel,34.52,26.24,3129.6,905.8,4035.4,0,False,Entregada,Entrega realizada en tiempo,1
191,75,7,33,9,2026-06-13,15:04:00,2026-06-13,19:32:00,2026-06-13,19:32:00,2.32,76,190.64,Diesel,31.25,25.3,2293.2,790.62,3083.82,0,False,Entregada,Entrega realizada en tiempo,0
192,17,16,19,17,2026-08-06,13:59:00,2026-08-06,03:15:00,2026-08-07,03:15:00,1.07,51,369.83,Gasolina,33.23,25.21,2864.15,837.73,3701.88,0,False,Entregada,Entrega realizada en tiempo,1
193,41,29,18,15,2026-01-20,09:08:00,2026-01-20,23:36:00,2026-01-21,00:18:00,0.62,75,400.74,Diesel,41.87,25.4,3165.7,1063.5,4229.2,42,True,Tardía,"Hora pico, Distancia larga",1
194,53,8,35,23,2026-07-17,09:28:00,2026-07-17,18:49:00,2026-07-17,18:49:00,15.24,40,290.74,Diesel,31.06,26.56,3797.7,824.95,4622.65,0,False,Entregada,Entrega realizada en tiempo,1
195,12,11,52,44,2026-03-19,06:13:00,2026-03-19,08:23:00,2026-03-19,08:40:00,4.77,42,65.76,Diesel,13.76,26.91,1641.8,370.28,2012.08,17,True,Tardía,Incidencia operativa,0
196,51,33,4,44,2026-03-18,11:52:00,2026-03-18,14:02:00,2026-03-18,14:24:00,1.22,23,68.21,Diesel,8.7,26.56,1147.05,231.07,1378.12,22,True,Tardía,Incidencia operativa,0
197,72,36,16,7,2026-04-29,08:51:00,2026-04-29,17:08:00,2026-04-29,17:56:00,1.56,18,301.8,Diesel,35.59,26.47,2309.0,942.07,3251.07,48,True,Tardía,"Tráfico alto, Hora pico, Distancia larga",1
198,48,6,38,38,2026-03-08,07:01:00,2026-03-08,20:29:00,2026-03-08,21:39:00,5.08,9,440.78,Diesel,64.44,26.72,3283.9,1721.84,5005.74,70,True,Tardía,"Tráfico alto, Hora pico, Distancia larga",1
199,43,8,3,30,2026-01-13,09:59:00,2026-01-13,17:31:00,2026-01-13,17:31:00,5.65,74,183.92,Diesel,19.65,26.17,2576.6,514.24,3090.84,0,False,Entregada,Entrega realizada en tiempo,0
200,64,2,25,44,2026-04-20,09:22:00,2026-04-20,11:32:00,2026-04-20,11:32:00,10.14,28,62.27,Diesel,12.55,24.82,2049.35,311.49,2360.84,0,False,Entregada,Entrega realizada en tiempo,0
201,58,10,3,40,2026-06-08,10:41:00,2026-06-08,22:15:00,2026-06-08,22:15:00,0.97,38,379.39,Gasolina,38.05,25.65,2797.95,975.98,3773.93,0,False,Entregada,Entrega realizada en tiempo,1
202,62,4,6,18,2026-04-09,08:26:00,2026-04-09,23:41:00,2026-04-09,23:41:00,0.93,26,424.14,Gasolina,71.28,25.39,2921.7,1809.8,4731.5,0,False,Entregada,Entrega realizada en tiempo,1
203,32,35,51,2,2026-04-08,14:30:00,2026-04-08,21:08:00,2026-04-08,21:08:00,0.26,70,254.72,Gasolina,34.38,24.03,2359.6,826.15,3185.75,0,False,Entregada,Entrega realizada en tiempo,0
204,73,33,21,25,2026-03-11,09:01:00,2026-03-11,18:27:00,2026-03-11,18:27:00,0.69,41,314.06,Diesel,40.06,24.09,2467.3,965.05,3432.35,0,False,Entregada,Entrega realizada en tiempo,1
205,100,18,4,31,2026-05-16,14:49:00,2026-05-16,01:57:00,2026-05-17,01:57:00,4.05,75,295.61,Diesel,27.68,26.92,2983.05,745.15,3728.2,0,False,Entregada,Entrega realizada en tiempo,1
206,13,16,43,16,2026-03-10,20:52:00,2026-03-10,01:58:00,2026-03-11,01:58:00,1.02,8,165.93,Gasolina,14.91,25.84,1495.65,385.27,1880.92,0,False,Entregada,Entrega realizada en tiempo,0
207,74,25,23,12,2026-02-15,10:37:00,2026-02-15,23:20:00,2026-02-15,23:20:00,7.61,41,409.31,Diesel,87.09,26.09,3635.55,2272.18,5907.73,0,False,Entregada,Entrega realizada en tiempo,1
208,76,2,46,45,2026-04-01,08:36:00,2026-04-01,20:47:00,2026-04-01,20:47:00,9.89,25,465.47,Diesel,93.84,26.43,4016.35,2480.19,6496.54,0,False,Entregada,Entrega realizada en tiempo,1
209,64,35,20,12,2026-05-06,06:05:00,2026-05-06,18:48:00,2026-05-06,19:10:00,0.67,8,378.75,Gasolina,51.11,24.58,2524.75,1256.28,3781.03,22,True,Tardía,Distancia larga,1
210,1,22,59,40,2026-02-21,08:21:00,2026-02-21,19:55:00,2026-02-21,19:55:00,9.0,23,431.71,Diesel,41.75,26.53,3742.55,1107.63,4850.18,0,False,Entregada,Entrega realizada en tiempo,1
211,42,4,2,10,2026-05-31,08:49:00,2026-05-31,01:21:00,2026-06-01,01:21:00,1.66,15,407.12,Gasolina,68.42,25.58,2821.6,1750.18,4571.78,0,False,Entregada,Entrega realizada en tiempo,1
212,10,24,46,43,2026-04-12,08:21:00,2026-04-12,23:48:00,2026-04-12,23:48:00,1.8,39,480.72,Diesel,45.05,26.93,3395.6,1213.2,4608.8,0,False,Entregada,Entrega realizada en tiempo,1
213,94,28,51,41,2026-05-05,13:11:00,2026-05-05,00:52:00,2026-05-06,00:52:00,0.35,72,371.82,Diesel,54.52,26.79,2970.1,1460.59,4430.69,0,False,Entregada,Entrega realizada en tiempo,1
214,46,15,43,38,2026-07-28,09:24:00,2026-07-28,22:52:00,2026-07-28,22:52:00,3.11,40,446.38,Diesel,91.85,24.88,3362.9,2285.23,5648.13,0,False,Entregada,Entrega realizada en tiempo,1
215,23,1,45,37,2026-04-11,06:11:00,2026-04-11,10:42:00,2026-04-11,10:42:00,1.43,78,175.22,Gasolina,16.91,25.43,2143.1,430.02,2573.12,0,False,Entregada,Entrega realizada en tiempo,0
216,79,15,41,37,2026-01-27,18:09:00,2026-01-27,22:40:00,2026-01-27,22:40:00,3.33,43,177.44,Diesel,36.51,24.71,2064.2,902.16,2966.36,0,False,Entregada,Entrega realizada en tiempo,0
217,41,11,41,6,2026-07-30,13:28:00,2026-07-30,20:22:00,2026-07-30,20:51:00,1.54,2,236.08,Diesel,49.39,25.05,1850.4,1237.22,3087.62,29,True,Tardía,Tráfico alto,0
218,14,1,4,25,2026-04-23,16:10:00,2026-04-23,01:36:00,2026-04-24,01:36:00,1.39,53,353.33,Gasolina,34.11,24.14,2829.65,823.42,3653.07,0,False,Entregada,Entrega realizada en tiempo,1
219,70,25,7,31,2026-07-21,10:10:00,2026-07-21,21:18:00,2026-07-21,21:48:00,5.89,58,297.73,Diesel,63.35,24.06,3041.65,1524.2,4565.85,30,True,Tardía,Tráfico alto,1
220,34,7,5,22,2026-02-13,15:10:00,2026-02-13,15:46:00,2026-02-13,15:46:00,4.87,10,22.81,Diesel,3.74,26.69,1181.05,99.82,1280.87,0,False,Entregada,Entrega realizada en tiempo,0
221,12,22,39,40,2026-05-04,05:27:00,2026-05-04,17:01:00,2026-05-04,17:01:00,7.93,22,401.42,Diesel,38.82,25.3,3476.1,982.15,4458.25,0,False,Entregada,Entrega realizada en tiempo,1
222,7,7,22,14,2026-02-18,16:44:00,2026-02-18,19:07:00,2026-02-18,19:07:00,2.21,71,62.58,Diesel,10.26,26.19,1601.9,268.71,1870.61,0,False,Entregada,Entrega realizada en tiempo,0
223,34,19,20,16,2026-01-25,06:25:00,2026-01-25,11:31:00,2026-01-25,11:31:00,2.44,74,182.28,Diesel,17.96,25.47,2247.4,457.44,2704.84,0,False,Entregada,Entrega realizada en tiempo,0
224,7,24,1,28,2026-01-23,12:52:00,2026-01-23,18:06:00,2026-01-23,18:06:00,1.3,77,177.49,Diesel,16.63,24.29,2133.45,403.94,2537.39,0,False,Entregada,Entrega realizada en tiempo,0
225,27,11,41,19,2026-01-21,18:54:00,2026-01-21,02:43:00,2026-01-22,04:00:00,7.58,15,304.0,Diesel,63.6,24.8,2898.0,1577.28,4475.28,77,True,Tardía,"Hora pico, Distancia larga, Carga pesada",1
226,83,35,25,12,2026-04-05,15:23:00,2026-04-05,04:06:00,2026-04-06,04:06:00,0.82,24,420.17,Gasolina,56.7,23.79,2874.85,1348.89,4223.74,0,False,Entregada,Entrega realizada en tiempo,1
227,60,17,15,18,2026-05-25,06:09:00,2026-05-25,21:24:00,2026-05-25,22:03:00,5.99,13,390.76,Diesel,69.41,26.91,3156.8,1867.82,5024.62,39,True,Tardía,Distancia larga,1
228,76,15,36,4,2026-08-04,15:52:00,2026-08-04,17:10:00,2026-08-04,17:10:00,3.9,67,40.37,Diesel,8.31,25.61,1627.85,212.82,1840.67,0,False,Entregada,Entrega realizada en tiempo,0
229,61,37,57,16,2026-05-02,12:05:00,2026-05-02,17:11:00,2026-05-02,17:11:00,1.77,51,162.11,Diesel,17.28,26.14,1895.55,451.7,2347.25,0,False,Entregada,Entrega realizada en tiempo,0
230,65,37,58,34,2026-07-24,08:07:00,2026-07-24,11:41:00,2026-07-24,12:07:00,3.92,58,151.15,Diesel,16.11,26.43,2111.75,425.79,2537.54,26,True,Tardía,Hora pico,0
231,17,3,28,6,2026-06-24,16:12:00,2026-06-24,23:06:00,2026-06-24,23:06:00,12.27,19,271.13,Diesel,58.18,24.77,3234.65,1441.12,4675.77,0,False,Entregada,Entrega realizada en tiempo,1
232,94,5,6,25,2026-05-23,15:35:00,2026-05-23,01:01:00,2026-05-24,01:01:00,7.63,42,319.82,Diesel,40.18,25.56,3198.1,1027.0,4225.1,0,False,Entregada,Entrega realizada en tiempo,1
233,2,40,38,34,2026-07-20,16:07:00,2026-07-20,19:41:00,2026-07-20,19:41:00,3.9,54,140.69,Diesel,21.98,25.7,2025.45,564.89,2590.34,0,False,Entregada,Entrega realizada en tiempo,0
234,75,7,60,7,2026-05-25,08:50:00,2026-05-25,17:07:00,2026-05-25,17:07:00,4.16,37,284.54,Diesel,46.65,26.64,2634.7,1242.76,3877.46,0,False,Entregada,Entrega realizada en tiempo,1
235,53,17,25,42,2026-05-05,18:02:00,2026-05-05,21:13:00,2026-05-05,21:51:00,5.48,23,102.4,Diesel,18.19,25.83,1744.0,469.85,2213.85,38,True,Tardía,Hora pico,0
236,89,26,3,26,2026-08-14,13:44:00,2026-08-14,01:57:00,2026-08-15,02:45:00,0.72,31,347.27,Gasolina,49.54,23.06,2556.35,1142.39,3698.74,48,True,Tardía,"Distancia larga, Carga pesada",1
237,39,20,18,32,2026-08-08,08:55:00,2026-08-08,17:05:00,2026-08-08,17:53:00,1.39,30,229.55,Gasolina,31.15,25.19,2026.75,784.67,2811.42,48,True,Tardía,"Hora pico, Carga pesada",0
238,78,6,13,29,2026-02-24,16:47:00,2026-02-24,21:55:00,2026-02-24,21:55:00,9.91,63,121.86,Diesel,17.82,26.6,2604.3,474.01,3078.31,0,False,Entregada,Entrega realizada en tiempo,0
239,8,33,51,11,2026-01-17,12:45:00,2026-01-17,17:27:00,2026-01-17,17:27:00,1.64,65,145.24,Diesel,18.53,26.34,1910.2,488.08,2398.28,0,False,Entregada,Entrega realizada en tiempo,0
240,68,37,2,12,2026-02-19,09:53:00,2026-02-19,22:36:00,2026-02-19,23:22:00,0.9,8,369.87,Diesel,39.43,26.11,2503.35,1029.52,3532.87,46,True,Tardía,"Hora pico, Distancia larga",1
241,36,24,53,30,2026-05-10,15:40:00,2026-05-10,23:12:00,2026-05-10,23:12:00,1.78,16,206.8,Diesel,19.38,24.73,1840.0,479.27,2319.27,0,False,Entregada,Entrega realizada en tiempo,0
242,63,39,29,12,2026-08-11,18:37:00,2026-08-11,07:20:00,2026-08-12,07:55:00,0.86,71,404.39,Gasolina,32.64,23.86,3175.95,778.79,3954.74,35,True,Tardía,"Hora pico, Distancia larga",1
243,50,4,11,37,2026-07-19,09:54:00,2026-07-19,14:25:00,2026-07-19,14:25:00,1.02,29,179.23,Gasolina,30.12,25.03,1730.15,753.9,2484.05,0,False,Entregada,Entrega realizada en tiempo,0
244,35,27,33,2,2026-08-10,05:30:00,2026-08-10,12:08:00,2026-08-10,12:08:00,9.53,17,246.95,Diesel,31.74,25.8,2823.75,818.89,3642.64,0,False,Entregada,Entrega realizada en tiempo,1
245,2,15,17,39,2026-07-26,12:45:00,2026-07-26,06:38:00,2026-07-27,06:38:00,3.77,36,464.71,Diesel,95.62,25.13,3488.55,2402.93,5891.48,0,False,Entregada,Entrega realizada en tiempo,1
246,45,30,17,14,2026-04-30,12:43:00,2026-04-30,15:06:00,2026-04-30,15:06:00,1.11,67,62.58,Diesel,5.38,25.19,1459.9,135.52,1595.42,0,False,Entregada,Entrega realizada en tiempo,0
247,14,1,33,43,2026-08-04,14:35:00,2026-08-04,06:02:00,2026-08-05,06:02:00,1.59,77,414.38,Gasolina,40.0,23.9,3346.9,956.0,4302.9,0,False,Entregada,Entrega realizada en tiempo,1
248,14,31,5,22,2026-03-12,13:55:00,2026-03-12,14:31:00,2026-03-12,14:31:00,1.07,36,23.32,Diesel,3.31,26.13,1011.6,86.49,1098.09,0,False,Entregada,Entrega realizada en tiempo,0
249,84,20,13,10,2026-05-13,10:57:00,2026-05-13,03:29:00,2026-05-14,03:29:00,1.08,8,398.25,Gasolina,54.04,25.41,2663.25,1373.16,4036.41,0,False,Entregada,Entrega realizada en tiempo,1
250,77,26,43,21,2026-06-24,08:46:00,2026-06-24,09:24:00,2026-06-24,09:24:00,0.72,4,27.22,Gasolina,3.88,25.99,740.1,100.84,840.94,0,False,Entregada,Entrega realizada en tiempo,0
251,34,27,26,25,2026-07-08,06:37:00,2026-07-08,16:03:00,2026-07-08,16:03:00,15.45,74,355.38,Diesel,45.68,25.03,4413.9,1143.37,5557.27,0,False,Entregada,Entrega realizada en tiempo,1
252,92,15,44,35,2026-06-13,18:58:00,2026-06-13,03:17:00,2026-06-14,03:17:00,3.83,46,324.76,Diesel,66.82,26.54,2874.8,1773.4,4648.2,0,False,Entregada,Entrega realizada en tiempo,1
253,85,36,12,19,2026-01-25,18:08:00,2026-01-25,01:57:00,2026-01-26,01:57:00,1.31,34,315.39,Diesel,37.19,25.68,2479.95,955.04,3434.99,0,False,Entregada,Entrega realizada en tiempo,1
254,24,22,42,6,2026-02-26,14:14:00,2026-02-26,21:08:00,2026-02-26,21:08:00,5.95,40,248.57,Diesel,24.04,26.66,2657.85,640.91,3298.76,0,False,Entregada,Entrega realizada en tiempo,0
255,48,17,38,19,2026-04-29,08:30:00,2026-04-29,16:19:00,2026-04-29,16:19:00,7.03,7,336.59,Diesel,59.79,25.75,2941.95,1539.59,4481.54,0,False,Entregada,Entrega realizada en tiempo,1
256,80,5,31,13,2026-05-09,08:55:00,2026-05-09,16:06:00,2026-05-09,16:06:00,8.92,49,257.7,Diesel,32.37,25.24,3072.5,817.02,3889.52,0,False,Entregada,Entrega realizada en tiempo,1
257,20,9,13,22,2026-04-15,17:09:00,2026-04-15,17:45:00,2026-04-15,17:45:00,0.3,41,25.44,Gasolina,2.08,23.54,985.2,48.96,1034.16,0,False,Entregada,Entrega realizada en tiempo,0
258,11,32,22,41,2026-02-15,13:40:00,2026-02-15,01:21:00,2026-02-16,02:19:00,0.88,8,376.31,Gasolina,34.09,25.29,2533.55,862.14,3395.69,58,True,Tardía,"Tráfico alto, Distancia larga, Carga pesada",1
259,63,6,9,40,2026-04-22,16:25:00,2026-04-22,03:59:00,2026-04-23,03:59:00,10.76,55,434.74,Diesel,63.56,25.15,4189.7,1598.53,5788.23,0,False,Entregada,Entrega realizada en tiempo,1
260,5,35,13,47,2026-04-06,05:57:00,2026-04-06,15:55:00,2026-04-06,15:55:00,0.8,42,344.05,Gasolina,46.43,24.59,2636.25,1141.71,3777.96,0,False,Entregada,Entrega realizada en tiempo,1
261,3,1,41,47,2026-03-05,10:44:00,2026-03-05,20:42:00,2026-03-05,21:31:00,0.78,45,309.49,Gasolina,29.87,23.5,2485.45,701.95,3187.4,49,True,Tardía,"Tráfico alto, Distancia larga",0
262,6,20,19,30,2026-07-06,19:38:00,2026-07-06,03:10:00,2026-07-07,03:10:00,0.68,68,209.93,Gasolina,28.48,25.66,2161.65,730.8,2892.45,0,False,Entregada,Entrega realizada en tiempo,0
263,18,22,58,32,2026-04-02,09:10:00,2026-04-02,17:20:00,2026-04-02,17:46:00,0.24,52,240.07,Diesel,23.22,24.63,2140.35,571.91,2712.26,26,True,Tardía,Hora pico,0
264,3,38,33,11,2026-02-01,14:45:00,2026-02-01,19:27:00,2026-02-01,19:27:00,0.54,5,138.43,Gasolina,11.76,24.92,1286.15,293.06,1579.21,0,False,Entregada,Entrega realizada en tiempo,0
265,99,35,40,4,2026-06-02,06:42:00,2026-06-02,08:00:00,2026-06-02,08:00:00,1.26,14,38.25,Gasolina,5.16,23.06,929.25,118.99,1048.24,0,False,Entregada,Entrega realizada en tiempo,0
266,89,8,27,29,2026-04-08,08:35:00,2026-04-08,13:43:00,2026-04-08,13:43:00,8.0,33,137.1,Diesel,14.65,24.46,2249.5,358.34,2607.84,0,False,Entregada,Entrega realizada en tiempo,0
267,89,1,20,27,2026-06-19,08:42:00,2026-06-19,19:08:00,2026-06-19,20:04:00,0.86,67,301.23,Gasolina,29.08,25.49,2628.15,741.25,3369.4,56,True,Tardía,"Hora pico, Distancia larga",1
268,14,33,47,40,2026-01-31,12:07:00,2026-01-31,23:41:00,2026-01-31,23:41:00,1.84,14,378.35,Diesel,48.26,25.83,2687.75,1246.56,3934.31,0,False,Entregada,Entrega realizada en tiempo,1
269,100,17,54,34,2026-02-21,14:45:00,2026-02-21,18:19:00,2026-02-21,18:19:00,1.84,53,147.72,Diesel,26.24,24.12,1846.6,632.91,2479.51,0,False,Entregada,Entrega realizada en tiempo,0
270,64,14,45,31,2026-03-26,10:00:00,2026-03-26,21:08:00,2026-03-26,21:08:00,11.69,2,330.14,Diesel,35.58,26.72,3335.7,950.7,4286.4,0,False,Entregada,Entrega realizada en tiempo,1
271,74,32,10,6,2026-07-19,19:04:00,2026-07-19,01:58:00,2026-07-20,01:58:00,0.5,13,256.08,Gasolina,23.2,24.93,1934.4,578.38,2512.78,0,False,Entregada,Entrega realizada en tiempo,0
272,59,19,17,30,2026-01-13,08:52:00,2026-01-13,16:24:00,2026-01-13,16:24:00,4.9,23,180.07,Diesel,17.74,26.56,2074.35,471.17,2545.52,0,False,Entregada,Entrega realizada en tiempo,0
273,47,21,28,48,2026-01-30,08:54:00,2026-01-30,14:31:00,2026-01-30,15:25:00,1.23,6,144.14,Diesel,20.16,24.99,1391.7,503.8,1895.5,54,True,Tardía,"Tráfico alto, Hora pico",0
274,57,40,18,47,2026-01-24,14:52:00,2026-01-24,00:50:00,2026-01-25,02:02:00,11.6,44,315.54,Diesel,49.3,26.51,3589.7,1306.94,4896.64,72,True,Tardía,"Tráfico alto, Distancia larga, Carga pesada",1
275,89,31,52,27,2026-06-16,09:07:00,2026-06-16,19:33:00,2026-06-16,19:33:00,0.81,17,292.8,Diesel,41.59,24.18,2181.0,1005.65,3186.65,0,False,Entregada,Entrega realizada en tiempo,0
276,21,7,27,38,2026-05-04,17:11:00,2026-05-04,06:39:00,2026-05-05,07:55:00,5.51,79,440.32,Diesel,72.18,26.76,3884.6,1931.54,5816.14,76,True,Tardía,"Tráfico alto, Hora pico, Distancia larga, Carga pesada",1
277,15,27,29,3,2026-01-17,11:41:00,2026-01-17,23:11:00,2026-01-17,23:49:00,16.26,41,365.31,Diesel,46.96,26.93,4280.55,1264.63,5545.18,38,True,Tardía,Distancia larga,1
278,86,22,34,34,2026-06-26,08:27:00,2026-06-26,12:01:00,2026-06-26,12:01:00,7.3,32,139.6,Diesel,13.5,25.99,2184.0,350.86,2534.86,0,False,Entregada,Entrega realizada en tiempo,0
279,83,25,10,36,2026-06-06,06:00:00,2026-06-06,23:21:00,2026-06-06,23:21:00,9.97,21,420.59,Diesel,89.49,25.41,3767.95,2273.94,6041.89,0,False,Entregada,Entrega realizada en tiempo,1
280,64,11,5,49,2026-05-06,13:15:00,2026-05-06,05:03:00,2026-05-07,05:03:00,1.77,43,376.07,Diesel,78.68,24.15,2901.35,1900.12,4801.47,0,False,Entregada,Entrega realizada en tiempo,1
281,29,36,42,25,2026-04-14,10:05:00,2026-04-14,19:31:00,2026-04-14,19:31:00,3.63,59,346.78,Diesel,40.89,25.72,3068.9,1051.69,4120.59,0,False,Entregada,Entrega realizada en tiempo,1
282,12,32,29,21,2026-01-31,18:47:00,2026-01-31,19:25:00,2026-01-31,19:54:00,0.25,3,26.47,Gasolina,2.4,24.67,681.35,59.21,740.56,29,True,Tardía,Hora pico,0
283,1,6,51,39,2026-06-08,12:56:00,2026-06-08,06:49:00,2026-06-09,06:49:00,5.4,66,459.57,Diesel,67.19,25.96,3865.85,1744.25,5610.1,0,False,Entregada,Entrega realizada en tiempo,1
284,59,22,24,4,2026-07-29,10:54:00,2026-07-29,12:12:00,2026-07-29,12:12:00,4.37,59,38.66,Diesel,3.74,26.3,1602.3,98.36,1700.66,0,False,Entregada,Entrega realizada en tiempo,0
285,77,31,46,43,2026-04-04,17:07:00,2026-04-04,08:34:00,2026-04-05,08:34:00,1.03,13,414.54,Diesel,58.88,24.67,2779.7,1452.57,4232.27,0,False,Entregada,Entrega realizada en tiempo,1
286,44,23,54,41,2026-07-24,12:35:00,2026-07-24,00:16:00,2026-07-25,00:50:00,0.49,67,433.22,Gasolina,79.34,24.48,3251.1,1942.24,5193.34,34,True,Tardía,"Tráfico alto, Distancia larga",1
287,92,27,7,17,2026-06-06,09:12:00,2026-06-06,22:28:00,2026-06-06,22:28:00,25.73,16,340.35,Diesel,43.75,25.18,4902.75,1101.62,6004.37,0,False,Entregada,Entrega realizada en tiempo,1
288,59,13,46,22,2026-01-28,16:02:00,2026-01-28,16:38:00,2026-01-28,16:38:00,0.68,76,23.93,Gasolina,1.95,25.68,1295.65,50.08,1345.73,0,False,Entregada,Entrega realizada en tiempo,0
289,59,38,33,9,2026-05-08,05:33:00,2026-05-08,10:01:00,2026-05-08,10:01:00,0.55,7,159.17,Gasolina,13.52,24.3,1406.85,328.54,1735.39,0,False,Entregada,Entrega realizada en tiempo,0
290,75,31,60,33,2026-07-19,09:44:00,2026-07-19,13:35:00,2026-07-19,13:57:00,0.43,75,113.64,Diesel,16.14,25.16,1711.2,406.08,2117.28,22,True,Tardía,Hora pico,0
291,77,39,57,21,2026-05-10,15:26:00,2026-05-10,16:04:00,2026-05-10,16:04:00,0.88,78,22.88,Gasolina,1.85,25.29,1326.4,46.79,1373.19,0,False,Entregada,Entrega realizada en tiempo,0
292,36,26,22,19,2026-04-26,08:08:00,2026-04-26,15:57:00,2026-04-26,15:57:00,0.33,53,294.95,Gasolina,42.08,25.66,2431.75,1079.77,3511.52,0,False,Entregada,Entrega realizada en tiempo,1
293,66,20,54,45,2026-05-21,13:45:00,2026-05-21,01:56:00,2026-05-22,01:56:00,1.17,71,425.19,Gasolina,57.69,23.6,3310.95,1361.48,4672.43,0,False,Entregada,Entrega realizada en tiempo,1
294,80,19,44,23,2026-06-22,08:45:00,2026-06-22,18:06:00,2026-06-22,18:06:00,0.97,23,284.11,Diesel,27.99,26.08,2201.55,729.98,2931.53,0,False,Entregada,Entrega realizada en tiempo,0
295,42,8,49,23,2026-05-24,18:37:00,2026-05-24,03:58:00,2026-05-25,03:58:00,4.22,74,276.58,Diesel,29.55,26.13,2896.9,772.14,3669.04,0,False,Entregada,Entrega realizada en tiempo,1
296,87,35,19,28,2026-07-26,05:33:00,2026-07-26,10:47:00,2026-07-26,11:01:00,0.47,14,172.76,Gasolina,23.31,23.16,1522.8,539.86,2062.66,14,True,Tardía,Incidencia operativa,0
297,8,13,18,49,2026-07-21,09:18:00,2026-07-21,01:06:00,2026-07-22,01:42:00,0.63,33,429.95,Gasolina,35.07,25.26,2976.75,885.87,3862.62,36,True,Tardía,"Hora pico, Distancia larga",1
298,5,23,53,29,2026-01-27,20:55:00,2026-01-27,02:03:00,2026-01-28,02:03:00,1.54,29,139.42,Gasolina,25.53,24.68,1583.1,630.08,2213.18,0,False,Entregada,Entrega realizada en tiempo,0
299,31,33,51,45,2026-03-15,06:59:00,2026-03-15,19:10:00,2026-03-15,19:10:00,1.64,49,482.99,Diesel,61.61,26.87,3470.95,1655.46,5126.41,0,False,Entregada,Entrega realizada en tiempo,1
300,88,21,36,4,2026-01-04,11:12:00,2026-01-04,12:30:00,2026-01-04,12:30:00,0.52,80,37.85,Diesel,5.29,26.58,1381.25,140.61,1521.86,0,False,Entregada,Entrega realizada en tiempo,0
301,57,15,59,41,2026-06-30,14:48:00,2026-06-30,02:29:00,2026-07-01,02:29:00,3.72,76,367.69,Diesel,75.66,25.81,3318.45,1952.78,5271.23,0,False,Entregada,Entrega realizada en tiempo,1
302,100,13,19,29,2026-02-15,07:11:00,2026-02-15,12:19:00,2026-02-15,12:19:00,0.35,23,123.87,Gasolina,10.1,23.36,1338.35,235.94,1574.29,0,False,Entregada,Entrega realizada en tiempo,0
303,6,28,18,36,2026-03-09,08:10:00,2026-03-09,01:31:00,2026-03-10,01:31:00,0.22,75,418.58,Diesel,61.38,24.02,3214.9,1474.35,4689.25,0,False,Entregada,Entrega realizada en tiempo,1
304,60,10,3,10,2026-03-24,06:49:00,2026-03-24,23:21:00,2026-03-24,23:21:00,0.98,79,431.94,Gasolina,43.32,23.9,3389.7,1035.35,4425.05,0,False,Entregada,Entrega realizada en tiempo,1
305,74,36,23,5,2026-07-20,13:33:00,2026-07-20,21:25:00,2026-07-20,21:25:00,6.68,29,346.68,Diesel,40.88,25.56,3133.4,1044.89,4178.29,0,False,Entregada,Entrega realizada en tiempo,1
306,65,11,27,35,2026-05-18,15:05:00,2026-05-18,23:24:00,2026-05-18,23:24:00,3.01,45,298.11,Diesel,62.37,24.64,2651.55,1536.8,4188.35,0,False,Entregada,Entrega realizada en tiempo,1
307,43,22,24,19,2026-02-25,19:30:00,2026-02-25,03:19:00,2026-02-26,03:19:00,3.8,72,316.22,Diesel,30.58,26.94,3037.1,823.83,3860.93,0,False,Entregada,Entrega realizada en tiempo,1
308,2,8,43,23,2026-04-25,10:57:00,2026-04-25,20:18:00,2026-04-25,20:18:00,6.23,79,275.11,Diesel,29.39,24.73,3130.55,726.81,3857.36,0,False,Entregada,Entrega realizada en tiempo,1
309,6,21,25,8,2026-04-09,11:34:00,2026-04-09,19:07:00,2026-04-09,19:33:00,0.83,37,197.55,Diesel,27.63,26.47,1866.75,731.37,2598.12,26,True,Tardía,Incidencia operativa,0
310,48,33,52,33,2026-04-25,18:02:00,2026-04-25,21:53:00,2026-04-25,21:53:00,1.78,38,104.87,Diesel,13.38,24.58,1506.35,328.88,1835.23,0,False,Entregada,Entrega realizada en tiempo,0
311,66,6,7,11,2026-07-17,20:34:00,2026-07-17,01:16:00,2026-07-18,01:16:00,11.07,1,144.36,Diesel,21.11,24.63,2336.8,519.94,2856.74,0,False,Entregada,Entrega realizada en tiempo,0
312,81,14,56,44,2026-04-19,08:13:00,2026-04-19,10:23:00,2026-04-19,10:23:00,4.04,69,69.43,Diesel,7.48,26.64,1803.15,199.27,2002.42,0,False,Entregada,Entrega realizada en tiempo,0
313,95,28,42,5,2026-07-11,08:01:00,2026-07-11,15:53:00,2026-07-11,15:53:00,0.6,59,351.49,Diesel,51.54,24.11,2789.45,1242.63,4032.08,0,False,Entregada,Entrega realizada en tiempo,1
314,10,4,12,17,2026-05-23,07:36:00,2026-05-23,20:52:00,2026-05-23,20:52:00,1.41,30,343.8,Gasolina,57.78,24.22,2600.0,1399.43,3999.43,0,False,Entregada,Entrega realizada en tiempo,1
315,58,26,28,21,2026-01-05,15:43:00,2026-01-05,16:21:00,2026-01-05,16:21:00,0.21,16,24.04,Gasolina,3.43,24.92,769.2,85.48,854.68,0,False,Entregada,Entrega realizada en tiempo,0
316,80,5,49,48,2026-05-30,06:44:00,2026-05-30,12:21:00,2026-05-30,12:21:00,5.3,10,157.46,Diesel,19.78,25.51,1897.3,504.59,2401.89,0,False,Entregada,Entrega realizada en tiempo,0
317,38,20,39,6,2026-03-14,17:24:00,2026-03-14,00:18:00,2026-03-15,00:18:00,0.57,51,234.88,Gasolina,31.87,23.09,2139.4,735.88,2875.28,0,False,Entregada,Entrega realizada en tiempo,0
318,21,35,15,9,2026-07-11,15:50:00,2026-07-11,20:18:00,2026-07-11,20:18:00,1.16,70,191.14,Gasolina,25.79,24.9,2131.7,642.17,2773.87,0,False,Entregada,Entrega realizada en tiempo,0
319,39,24,1,36,2026-08-12,20:09:00,2026-08-12,13:30:00,2026-08-13,14:15:00,1.35,16,417.75,Diesel,39.15,25.61,2851.75,1002.63,3854.38,45,True,Tardía,Distancia larga,1
320,11,20,14,48,2026-07-09,14:13:00,2026-07-09,19:50:00,2026-07-09,19:50:00,0.59,53,139.47,Gasolina,18.92,25.55,1680.35,483.41,2163.76,0,False,Entregada,Entrega realizada en tiempo,0
321,19,11,12,15,2026-06-07,11:12:00,2026-06-07,01:40:00,2026-06-08,02:27:00,7.7,15,396.41,Diesel,82.93,25.38,3372.05,2104.76,5476.81,47,True,Tardía,"Distancia larga, Carga pesada",1
322,71,5,19,43,2026-01-18,11:06:00,2026-01-18,02:33:00,2026-01-19,02:33:00,5.63,26,424.58,Diesel,53.34,25.46,3393.9,1358.04,4751.94,0,False,Entregada,Entrega realizada en tiempo,1
323,43,23,9,43,2026-06-17,10:06:00,2026-06-17,01:33:00,2026-06-18,01:33:00,1.07,37,456.47,Gasolina,83.6,25.7,3185.35,2148.52,5333.87,0,False,Entregada,Entrega realizada en tiempo,1
324,41,32,29,22,2026-06-07,12:44:00,2026-06-07,13:20:00,2026-06-07,13:58:00,0.88,75,21.99,Gasolina,1.99,25.42,1297.95,50.59,1348.54,38,True,Tardía,Carga pesada,0
325,55,11,1,21,2026-03-05,10:45:00,2026-03-05,11:23:00,2026-03-05,11:23:00,0.29,56,23.41,Diesel,4.9,25.08,1094.05,122.89,1216.94,0,False,Entregada,Entrega realizada en tiempo,0
326,87,22,57,31,2026-04-29,17:22:00,2026-04-29,04:30:00,2026-04-30,05:39:00,8.72,40,327.75,Diesel,31.7,26.58,3330.75,842.59,4173.34,69,True,Tardía,"Tráfico alto, Hora pico, Distancia larga, Carga pesada",1
327,18,35,13,17,2026-07-07,07:46:00,2026-07-07,21:02:00,2026-07-07,21:02:00,0.89,10,355.45,Gasolina,47.97,25.55,2446.25,1225.63,3671.88,0,False,Entregada,Entrega realizada en tiempo,1
328,81,2,53,38,2026-05-29,15:49:00,2026-05-29,05:17:00,2026-05-30,06:08:00,11.02,76,412.92,Diesel,83.25,25.63,4274.6,2133.7,6408.3,51,True,Tardía,"Tráfico alto, Distancia larga",1
329,70,31,42,50,2026-02-08,14:25:00,2026-02-08,23:26:00,2026-02-08,23:26:00,1.55,29,243.6,Diesel,34.6,25.77,2105.0,891.64,2996.64,0,False,Entregada,Entrega realizada en tiempo,0
330,38,9,30,33,2026-05-11,07:25:00,2026-05-11,11:16:00,2026-05-11,11:16:00,0.53,47,109.54,Gasolina,8.96,24.99,1476.7,223.91,1700.61,0,False,Entregada,Entrega realizada en tiempo,0
331,79,11,49,33,2026-02-05,17:10:00,2026-02-05,21:01:00,2026-02-05,21:01:00,0.59,23,102.21,Diesel,21.38,25.7,1254.05,549.47,1803.52,0,False,Entregada,Entrega realizada en tiempo,0
332,19,31,23,3,2026-02-26,18:14:00,2026-02-26,05:44:00,2026-02-27,06:18:00,1.29,9,366.5,Diesel,52.06,25.55,2533.5,1330.13,3863.63,34,True,Tardía,"Hora pico, Distancia larga",1
333,47,25,31,30,2026-08-14,06:02:00,2026-08-14,13:34:00,2026-08-14,13:34:00,6.76,42,188.85,Diesel,40.18,26.91,2456.25,1081.24,3537.49,0,False,Entregada,Entrega realizada en tiempo,0
334,82,18,54,48,2026-03-09,20:36:00,2026-03-09,02:13:00,2026-03-10,02:13:00,1.71,23,147.37,Diesel,13.8,25.14,1591.85,346.93,1938.78,0,False,Entregada,Entrega realizada en tiempo,0
335,76,5,34,17,2026-04-07,10:33:00,2026-04-07,23:49:00,2026-04-07,23:49:00,3.55,52,363.32,Diesel,45.64,26.6,3087.6,1214.02,4301.62,0,False,Entregada,Entrega realizada en tiempo,1
336,63,31,57,39,2026-01-02,19:56:00,2026-01-02,13:49:00,2026-01-03,13:49:00,0.64,18,463.23,Diesel,65.8,24.69,3024.15,1624.6,4648.75,0,False,Entregada,Entrega realizada en tiempo,1
337,66,18,14,10,2026-02-17,09:23:00,2026-02-17,01:55:00,2026-02-18,01:55:00,2.05,78,452.17,Diesel,42.34,24.35,3589.85,1030.98,4620.83,0,False,Entregada,Entrega realizada en tiempo,1
338,30,27,52,22,2026-07-04,08:30:00,2026-07-04,09:06:00,2026-07-04,09:06:00,25.48,62,24.32,Diesel,3.13,25.77,3665.6,80.66,3746.26,0,False,Entregada,Entrega realizada en tiempo,0
339,83,27,2,16,2026-01-12,08:36:00,2026-01-12,13:42:00,2026-01-12,14:33:00,6.0,76,158.52,Diesel,20.38,24.12,2500.6,491.57,2992.17,51,True,Tardía,Hora pico,0
340,74,10,4,11,2026-03-08,09:33:00,2026-03-08,14:15:00,2026-03-08,14:15:00,0.55,52,139.94,Gasolina,14.04,24.69,1670.7,346.65,2017.35,0,False,Entregada,Entrega realizada en tiempo,0
341,3,19,6,14,2026-04-25,18:55:00,2026-04-25,21:18:00,2026-04-25,22:05:00,0.58,62,62.99,Diesel,6.21,24.43,1368.95,151.71,1520.66,47,True,Tardía,Hora pico,0
342,75,12,40,43,2026-05-11,11:10:00,2026-05-11,02:37:00,2026-05-12,02:37:00,0.71,44,429.67,Gasolina,61.47,24.79,3071.35,1523.84,4595.19,0,False,Entregada,Entrega realizada en tiempo,1
343,9,15,25,25,2026-02-03,08:01:00,2026-02-03,17:27:00,2026-02-03,17:27:00,3.23,26,316.88,Diesel,65.2,26.73,2615.4,1742.8,4358.2,0,False,Entregada,Entrega realizada en tiempo,1
344,88,27,53,10,2026-06-05,08:11:00,2026-06-05,00:43:00,2026-06-06,00:43:00,2.23,61,457.56,Diesel,58.81,25.8,3498.8,1517.3,5016.1,0,False,Entregada,Entrega realizada en tiempo,1
345,69,33,49,8,2026-01-24,18:42:00,2026-01-24,02:15:00,2026-01-25,02:15:00,2.0,17,202.63,Diesel,25.85,25.62,1849.15,662.28,2511.43,0,False,Entregada,Entrega realizada en tiempo,0
346,1,28,34,27,2026-04-05,06:44:00,2026-04-05,17:10:00,2026-04-05,17:10:00,0.56,68,302.55,Diesel,44.36,26.82,2612.75,1189.74,3802.49,0,False,Entregada,Entrega realizada en tiempo,1
347,62,25,23,38,2026-07-25,08:27:00,2026-07-25,21:55:00,2026-07-25,22:56:00,9.11,18,465.24,Diesel,98.99,24.77,3881.2,2451.98,6333.18,61,True,Tardía,"Tráfico alto, Hora pico, Distancia larga",1
348,1,1,37,34,2026-01-31,19:00:00,2026-01-31,22:34:00,2026-01-31,22:34:00,1.22,49,141.35,Gasolina,13.64,25.06,1720.75,341.82,2062.57,0,False,Entregada,Entrega realizada en tiempo,0
349,41,27,24,7,2026-02-09,16:41:00,2026-02-09,00:58:00,2026-02-10,02:04:00,16.12,75,304.02,Diesel,39.08,25.84,4232.1,1009.83,5241.93,66,True,Tardía,"Tráfico alto, Distancia larga",1
350,88,26,49,14,2026-04-16,20:50:00,2026-04-16,23:13:00,2026-04-16,23:13:00,0.25,72,68.04,Gasolina,9.71,24.11,1441.2,234.11,1675.31,0,False,Entregada,Entrega realizada en tiempo,0
351,72,31,17,20,2026-05-28,14:49:00,2026-05-28,05:05:00,2026-05-29,05:05:00,0.4,51,463.29,Diesel,65.81,26.56,3264.45,1747.91,5012.36,0,False,Entregada,Entrega realizada en tiempo,1
352,85,8,48,15,2026-04-25,09:06:00,2026-04-25,23:34:00,2026-04-25,23:34:00,10.23,28,401.9,Diesel,42.94,26.36,3756.5,1131.9,4888.4,0,False,Entregada,Entrega realizada en tiempo,1
353,71,40,45,44,2026-06-30,06:10:00,2026-06-30,08:20:00,2026-06-30,08:20:00,6.63,50,69.49,Diesel,10.86,24.02,1910.45,260.86,2171.31,0,False,Entregada,Entrega realizada en tiempo,0
354,12,10,31,39,2026-04-22,07:04:00,2026-04-22,00:57:00,2026-04-23,01:39:00,1.17,34,484.15,Gasolina,48.56,25.17,3309.75,1222.26,4532.01,42,True,Tardía,"Hora pico, Distancia larga",1
355,52,40,42,34,2026-03-15,06:49:00,2026-03-15,10:23:00,2026-03-15,10:23:00,8.02,23,153.18,Diesel,23.93,25.32,2251.9,605.91,2857.81,0,False,Entregada,Entrega realizada en tiempo,0
356,26,34,19,13,2026-01-09,19:33:00,2026-01-09,02:44:00,2026-01-10,02:44:00,13.58,30,247.73,Diesel,20.58,26.02,3336.65,535.49,3872.14,0,False,Entregada,Entrega realizada en tiempo,1
357,47,16,42,1,2026-02-10,07:17:00,2026-02-10,13:36:00,2026-02-10,13:36:00,0.69,52,177.12,Gasolina,15.91,24.19,1870.6,384.86,2255.46,0,False,Entregada,Entrega realizada en tiempo,0
358,76,13,34,1,2026-07-08,07:58:00,2026-07-08,14:17:00,2026-07-08,14:17:00,1.96,12,202.88,Gasolina,16.55,25.18,1806.4,416.73,2223.13,0,False,Entregada,Entrega realizada en tiempo,0
359,72,38,23,23,2026-07-28,11:14:00,2026-07-28,20:35:00,2026-07-28,20:35:00,0.23,78,279.28,Gasolina,23.73,24.36,2543.4,578.06,3121.46,0,False,Entregada,Entrega realizada en tiempo,0
360,52,37,1,17,2026-02-14,16:32:00,2026-02-14,05:48:00,2026-02-15,05:48:00,4.53,14,327.55,Diesel,34.92,25.51,2702.75,890.81,3593.56,0,False,Entregada,Entrega realizada en tiempo,1
361,44,8,52,33,2026-03-07,20:52:00,2026-03-07,00:43:00,2026-03-08,00:43:00,12.98,74,117.79,Diesel,12.58,25.33,2978.95,318.65,3297.6,0,False,Entregada,Entrega realizada en tiempo,0
362,49,37,31,50,2026-03-04,13:49:00,2026-03-04,22:50:00,2026-03-04,22:50:00,0.36,59,256.74,Diesel,27.37,26.69,2291.7,730.51,3022.21,0,False,Entregada,Entrega realizada en tiempo,0
363,4,31,8,17,2026-01-18,15:40:00,2026-01-18,04:56:00,2026-01-19,04:56:00,0.64,29,376.96,Diesel,53.55,24.69,2680.8,1322.15,4002.95,0,False,Entregada,Entrega realizada en tiempo,1
364,41,27,23,34,2026-05-18,05:44:00,2026-05-18,09:18:00,2026-05-18,09:18:00,26.4,34,160.27,Diesel,20.6,24.28,4213.35,500.17,4713.52,0,False,Entregada,Entrega realizada en tiempo,1
365,87,22,5,36,2026-02-15,18:20:00,2026-02-15,11:41:00,2026-02-16,12:32:00,4.69,46,476.35,Diesel,46.07,26.84,3718.75,1236.52,4955.27,51,True,Tardía,"Hora pico, Distancia larga",1
366,88,13,32,48,2026-02-21,10:47:00,2026-02-21,16:24:00,2026-02-21,16:24:00,1.71,31,148.26,Gasolina,12.09,23.62,1660.3,285.57,1945.87,0,False,Entregada,Entrega realizada en tiempo,0
367,26,16,54,40,2026-04-02,08:49:00,2026-04-02,20:23:00,2026-04-02,21:13:00,1.03,14,370.31,Gasolina,33.27,25.87,2566.55,860.69,3427.24,50,True,Tardía,"Hora pico, Distancia larga, Carga pesada",1
368,62,24,40,21,2026-05-07,11:31:00,2026-05-07,12:09:00,2026-05-07,12:09:00,1.51,24,23.85,Diesel,2.24,26.75,962.25,59.92,1022.17,0,False,Entregada,Entrega realizada en tiempo,0
369,36,26,15,49,2026-05-28,08:03:00,2026-05-28,23:51:00,2026-05-28,23:51:00,0.27,68,379.24,Gasolina,54.1,24.43,2967.2,1321.66,4288.86,0,False,Entregada,Entrega realizada en tiempo,1
370,70,3,33,23,2026-04-11,09:29:00,2026-04-11,18:50:00,2026-04-11,18:50:00,15.95,16,260.56,Diesel,55.91,25.38,3525.8,1419.0,4944.8,0,False,Entregada,Entrega realizada en tiempo,1
371,89,1,1,44,2026-02-23,15:37:00,2026-02-23,17:47:00,2026-02-23,17:47:00,1.26,13,59.51,Gasolina,5.74,24.84,1027.55,142.58,1170.13,0,False,Entregada,Entrega realizada en tiempo,0
372,34,12,36,17,2026-03-02,11:30:00,2026-03-02,00:46:00,2026-03-03,00:46:00,0.47,79,351.39,Gasolina,50.27,23.55,2935.95,1183.86,4119.81,0,False,Entregada,Entrega realizada en tiempo,1
373,55,14,27,45,2026-07-12,14:23:00,2026-07-12,02:34:00,2026-07-13,02:34:00,21.89,52,451.85,Diesel,48.69,24.54,5364.25,1194.85,6559.1,0,False,Entregada,Entrega realizada en tiempo,1
374,17,37,44,15,2026-07-28,08:46:00,2026-07-28,23:14:00,2026-07-28,23:14:00,3.13,35,458.97,Diesel,48.93,25.67,3387.85,1256.03,4643.88,0,False,Entregada,Entrega realizada en tiempo,1
375,49,13,10,48,2026-02-08,18:51:00,2026-02-08,00:28:00,2026-02-09,01:32:00,1.3,2,145.74,Gasolina,11.89,24.55,1374.7,291.9,1666.6,64,True,Tardía,"Tráfico alto, Hora pico",0
376,93,21,51,32,2026-03-18,11:35:00,2026-03-18,19:45:00,2026-03-18,19:58:00,0.24,73,265.41,Diesel,37.12,26.07,2435.05,967.72,3402.77,13,True,Tardía,Incidencia operativa,0
377,8,14,53,17,2026-05-02,08:28:00,2026-05-02,21:44:00,2026-05-02,22:40:00,0.78,43,373.66,Diesel,40.27,25.03,2790.3,1007.96,3798.26,56,True,Tardía,"Hora pico, Distancia larga",1
378,53,8,23,44,2026-06-05,09:36:00,2026-06-05,11:46:00,2026-06-05,11:46:00,12.1,74,70.31,Diesel,7.51,25.62,2653.55,192.41,2845.96,0,False,Entregada,Entrega realizada en tiempo,0
379,100,19,23,21,2026-06-22,19:31:00,2026-06-22,20:09:00,2026-06-22,20:09:00,6.14,58,27.53,Diesel,2.71,25.14,1715.65,68.13,1783.78,0,False,Entregada,Entrega realizada en tiempo,0
380,37,30,41,10,2026-08-11,09:40:00,2026-08-11,02:12:00,2026-08-12,03:33:00,1.0,44,460.82,Diesel,39.59,24.24,3256.1,959.66,4215.76,81,True,Tardía,"Tráfico alto, Hora pico, Distancia larga",1
381,44,15,21,21,2026-06-17,12:45:00,2026-06-17,13:23:00,2026-06-17,13:23:00,1.78,35,25.05,Diesel,5.15,25.19,1083.25,129.73,1212.98,0,False,Entregada,Entrega realizada en tiempo,0
382,57,24,48,38,2026-05-14,17:26:00,2026-05-14,06:54:00,2026-05-15,07:43:00,1.58,22,471.47,Diesel,44.19,26.82,3191.35,1185.18,4376.53,49,True,Tardía,"Tráfico alto, Hora pico, Distancia larga",1
383,90,6,14,11,2026-04-12,08:06:00,2026-04-12,12:48:00,2026-04-12,12:48:00,11.48,9,144.48,Diesel,21.12,25.42,2442.4,536.87,2979.27,0,False,Entregada,Entrega realizada en tiempo,0
384,7,2,50,26,2026-05-15,07:06:00,2026-05-15,19:19:00,2026-05-15,19:19:00,7.0,34,352.68,Diesel,71.1,24.25,3235.4,1724.17,4959.57,0,False,Entregada,Entrega realizada en tiempo,1
385,50,20,15,16,2026-07-08,12:28:00,2026-07-08,17:34:00,2026-07-08,17:34:00,1.26,17,165.41,Gasolina,22.44,25.52,1589.05,572.67,2161.72,0,False,Entregada,Entrega realizada en tiempo,0
386,4,3,43,23,2026-08-09,13:55:00,2026-08-09,23:16:00,2026-08-09,23:16:00,2.7,61,261.32,Diesel,56.08,26.61,2564.6,1492.29,4056.89,0,False,Entregada,Entrega realizada en tiempo,1
387,35,36,29,9,2026-06-28,20:11:00,2026-06-28,00:39:00,2026-06-29,00:39:00,2.28,76,168.2,Diesel,19.83,25.89,2177.0,513.4,2690.4,0,False,Entregada,Entrega realizada en tiempo,0
388,82,37,28,34,2026-06-13,20:19:00,2026-06-13,23:53:00,2026-06-13,23:53:00,1.29,45,134.88,Diesel,14.38,24.68,1663.4,354.9,2018.3,0,False,Entregada,Entrega realizada en tiempo,0
389,12,29,20,24,2026-04-16,11:09:00,2026-04-16,19:46:00,2026-04-16,20:21:00,0.23,39,344.65,Diesel,36.01,25.03,2558.25,901.33,3459.58,35,True,Tardía,Distancia larga,1
390,61,35,1,45,2026-05-06,18:19:00,2026-05-06,06:30:00,2026-05-07,06:30:00,0.69,2,457.69,Gasolina,61.77,25.39,2873.45,1568.34,4441.79,0,False,Entregada,Entrega realizada en tiempo,1
391,77,15,51,1,2026-05-21,14:12:00,2026-05-21,20:31:00,2026-05-21,20:31:00,2.87,53,177.02,Diesel,36.42,25.31,2096.1,921.79,3017.89,0,False,Entregada,Entrega realizada en tiempo,0
392,32,11,46,48,2026-06-15,15:53:00,2026-06-15,21:30:00,2026-06-15,22:20:00,8.0,49,161.93,Diesel,33.88,24.72,2501.65,837.51,3339.16,50,True,Tardía,"Tráfico alto, Carga pesada",0
393,98,40,52,45,2026-06-25,11:18:00,2026-06-25,23:29:00,2026-06-25,23:29:00,1.26,69,460.66,Diesel,71.98,25.24,3481.3,1816.78,5298.08,0,False,Entregada,Entrega realizada en tiempo,1
394,9,12,9,19,2026-01-29,17:39:00,2026-01-29,01:28:00,2026-01-30,02:38:00,0.95,58,337.21,Gasolina,48.24,23.06,2745.05,1112.41,3857.46,70,True,Tardía,"Hora pico, Distancia larga, Carga pesada",1
395,7,35,2,12,2026-01-27,12:17:00,2026-01-27,01:00:00,2026-01-28,01:00:00,0.74,17,398.4,Gasolina,53.77,25.18,2702.0,1353.93,4055.93,0,False,Entregada,Entrega realizada en tiempo,1
396,30,6,10,1,2026-05-07,09:21:00,2026-05-07,15:40:00,2026-05-07,16:21:00,2.12,54,204.56,Diesel,29.91,25.39,2166.8,759.41,2926.21,41,True,Tardía,Hora pico,0
397,5,22,6,49,2026-02-07,06:17:00,2026-02-07,22:05:00,2026-02-07,22:40:00,2.39,51,447.27,Diesel,43.26,24.58,3383.35,1063.33,4446.68,35,True,Tardía,Distancia larga,1
398,33,25,54,1,2026-02-01,10:24:00,2026-02-01,16:43:00,2026-02-01,16:43:00,7.27,57,190.9,Diesel,40.62,26.98,2637.5,1095.93,3733.43,0,False,Entregada,Entrega realizada en tiempo,1
399,26,30,48,50,2026-01-25,19:42:00,2026-01-25,04:43:00,2026-01-26,04:43:00,1.37,27,234.74,Diesel,20.17,26.04,2026.7,525.23,2551.93,0,False,Entregada,Entrega realizada en tiempo,0
400,40,21,11,41,2026-07-06,06:47:00,2026-07-06,18:28:00,2026-07-06,18:28:00,0.47,71,383.71,Diesel,53.67,24.76,3033.55,1328.87,4362.42,0,False,Entregada,Entrega realizada en tiempo,1
401,82,20,13,24,2026-01-14,09:07:00,2026-01-14,17:44:00,2026-01-14,17:44:00,0.47,31,332.15,Gasolina,45.07,23.97,2455.75,1080.33,3536.08,0,False,Entregada,Entrega realizada en tiempo,1
402,22,18,38,8,2026-04-12,10:00:00,2026-04-12,17:33:00,2026-04-12,17:33:00,1.56,6,179.14,Diesel,16.77,26.07,1599.7,437.19,2036.89,0,False,Entregada,Entrega realizada en tiempo,0
403,89,39,10,24,2026-07-17,07:15:00,2026-07-17,15:52:00,2026-07-17,16:47:00,1.19,21,338.41,Gasolina,27.31,24.07,2479.05,657.35,3136.4,55,True,Tardía,"Hora pico, Distancia larga, Carga pesada",0
404,20,35,51,7,2026-02-02,18:14:00,2026-02-02,02:31:00,2026-02-03,02:31:00,1.27,41,341.73,Gasolina,46.12,25.37,2663.65,1170.06,3833.71,0,False,Entregada,Entrega realizada en tiempo,1
405,97,23,52,29,2026-07-07,09:01:00,2026-07-07,14:09:00,2026-07-07,14:47:00,0.47,49,128.57,Gasolina,23.55,24.46,1581.85,576.03,2157.88,38,True,Tardía,"Tráfico alto, Hora pico",0
406,57,36,19,35,2026-06-28,18:12:00,2026-06-28,02:31:00,2026-06-29,03:26:00,5.7,73,324.09,Diesel,38.22,24.83,3274.45,949.0,4223.45,55,True,Tardía,"Hora pico, Distancia larga",1
407,77,36,11,5,2026-05-16,08:28:00,2026-05-16,16:20:00,2026-05-16,16:20:00,1.32,38,346.58,Diesel,40.87,25.62,2668.9,1047.09,3715.99,0,False,Entregada,Entrega realizada en tiempo,1
408,59,1,50,41,2026-05-10,15:46:00,2026-05-10,03:27:00,2026-05-11,03:27:00,0.53,24,383.97,Gasolina,37.06,24.86,2664.85,921.31,3586.16,0,False,Entregada,Entrega realizada en tiempo,1
409,47,40,16,21,2026-07-04,07:42:00,2026-07-04,08:20:00,2026-07-04,08:20:00,6.57,69,25.59,Diesel,4.0,24.57,1836.95,98.28,1935.23,0,False,Entregada,Entrega realizada en tiempo,0
410,88,32,50,36,2026-02-09,12:20:00,2026-02-09,05:41:00,2026-02-10,05:41:00,0.67,53,410.95,Gasolina,37.22,23.33,3045.75,868.34,3914.09,0,False,Entregada,Entrega realizada en tiempo,1
411,67,5,3,9,2026-02-15,06:12:00,2026-02-15,10:40:00,2026-02-15,10:40:00,8.47,14,167.18,Diesel,21.0,24.3,2294.9,510.3,2805.2,0,False,Entregada,Entrega realizada en tiempo,0
412,74,25,43,32,2026-05-15,11:03:00,2026-05-15,19:13:00,2026-05-15,19:13:00,1.61,47,266.3,Diesel,56.66,26.15,2368.5,1481.66,3850.16,0,False,Entregada,Entrega realizada en tiempo,1
413,2,14,42,32,2026-08-02,07:29:00,2026-08-02,15:39:00,2026-08-02,15:39:00,26.42,8,265.04,Diesel,28.56,26.23,4531.2,749.13,5280.33,0,False,Entregada,Entrega realizada en tiempo,1
414,54,24,51,46,2026-01-15,11:33:00,2026-01-15,02:23:00,2026-01-16,02:23:00,1.98,6,429.47,Diesel,40.25,26.5,2893.35,1066.62,3959.97,0,False,Entregada,Entrega realizada en tiempo,1
415,10,14,34,7,2026-01-26,10:34:00,2026-01-26,18:51:00,2026-01-26,19:34:00,15.31,50,287.72,Diesel,31.0,25.71,3869.6,797.01,4666.61,43,True,Tardía,Tráfico alto,1
416,23,36,48,36,2026-04-17,08:49:00,2026-04-17,02:10:00,2026-04-18,03:00:00,3.16,74,434.81,Diesel,51.27,24.5,3582.05,1256.12,4838.17,50,True,Tardía,"Hora pico, Distancia larga",1
417,24,36,26,33,2026-03-28,09:34:00,2026-03-28,13:25:00,2026-03-28,13:25:00,2.09,77,113.79,Diesel,13.42,25.06,1893.95,336.31,2230.26,0,False,Entregada,Entrega realizada en tiempo,0
418,41,36,21,24,2026-04-16,16:52:00,2026-04-16,01:29:00,2026-04-17,01:29:00,3.8,42,290.19,Diesel,34.22,25.69,2666.95,879.11,3546.06,0,False,Entregada,Entrega realizada en tiempo,1
419,28,25,50,36,2026-07-10,11:23:00,2026-07-10,04:44:00,2026-07-11,04:44:00,2.59,58,461.18,Diesel,98.12,25.19,3528.9,2471.64,6000.54,0,False,Entregada,Entrega realizada en tiempo,1
420,93,3,19,39,2026-01-05,19:08:00,2026-01-05,13:01:00,2026-01-06,13:44:00,1.92,39,488.04,Diesel,104.73,24.07,3444.2,2520.85,5965.05,43,True,Tardía,"Hora pico, Distancia larga",1
421,89,18,59,36,2026-05-11,20:36:00,2026-05-11,13:57:00,2026-05-12,14:27:00,2.12,74,443.97,Diesel,41.57,25.07,3523.85,1042.16,4566.01,30,True,Tardía,Distancia larga,1
422,18,17,24,38,2026-03-05,10:16:00,2026-03-05,23:44:00,2026-03-06,00:45:00,5.69,39,467.36,Diesel,83.01,26.2,3717.8,2174.86,5892.66,61,True,Tardía,"Tráfico alto, Distancia larga",1
423,93,21,51,31,2026-02-14,18:52:00,2026-02-14,06:00:00,2026-02-15,06:00:00,0.74,74,316.33,Diesel,44.24,24.29,2747.65,1074.59,3822.24,0,False,Entregada,Entrega realizada en tiempo,1
424,83,20,3,47,2026-07-26,15:05:00,2026-07-26,01:03:00,2026-07-27,01:03:00,1.02,8,323.17,Gasolina,43.85,24.0,2281.85,1052.4,3334.25,0,False,Entregada,Entrega realizada en tiempo,1
425,56,27,60,8,2026-08-11,10:47:00,2026-08-11,18:20:00,2026-08-11,18:20:00,23.9,78,206.7,Diesel,26.57,25.9,4547.5,688.16,5235.66,0,False,Entregada,Entrega realizada en tiempo,1
426,81,25,4,20,2026-05-15,06:20:00,2026-05-15,20:36:00,2026-05-15,20:36:00,7.36,70,455.19,Diesel,96.85,24.98,4071.95,2419.31,6491.26,0,False,Entregada,Entrega realizada en tiempo,1
427,90,15,10,4,2026-06-22,15:28:00,2026-06-22,16:46:00,2026-06-22,16:46:00,3.61,77,40.97,Diesel,8.43,24.27,1681.85,204.6,1886.45,0,False,Entregada,Entrega realizada en tiempo,0
428,56,19,51,26,2026-02-07,08:21:00,2026-02-07,20:34:00,2026-02-07,20:34:00,6.43,11,371.51,Diesel,36.6,26.24,3088.55,960.38,4048.93,0,False,Entregada,Entrega realizada en tiempo,1
429,71,26,17,6,2026-04-13,19:27:00,2026-04-13,02:21:00,2026-04-14,02:21:00,0.61,17,257.91,Gasolina,36.79,24.44,1986.55,899.15,2885.7,0,False,Entregada,Entrega realizada en tiempo,0
430,26,32,26,42,2026-05-27,09:35:00,2026-05-27,12:46:00,2026-05-27,12:46:00,0.81,79,91.18,Gasolina,8.26,24.57,1668.9,202.95,1871.85,0,False,Entregada,Entrega realizada en tiempo,0
431,32,5,18,50,2026-04-21,13:43:00,2026-04-21,22:44:00,2026-04-21,23:18:00,8.5,74,264.96,Diesel,33.29,25.1,3266.8,835.58,4102.38,34,True,Tardía,Carga pesada,1
432,25,21,23,39,2026-06-17,05:49:00,2026-06-17,23:42:00,2026-06-18,00:22:00,0.25,40,485.83,Diesel,67.95,25.87,3274.15,1757.87,5032.02,40,True,Tardía,Distancia larga,1
433,57,3,60,15,2026-02-21,14:09:00,2026-02-21,04:37:00,2026-02-22,05:00:00,3.11,11,414.11,Diesel,88.86,26.85,2969.55,2385.89,5355.44,23,True,Tardía,Distancia larga,1
434,19,19,1,22,2026-06-27,08:19:00,2026-06-27,08:55:00,2026-06-27,08:55:00,5.73,58,21.78,Diesel,2.15,25.0,1645.9,53.75,1699.65,0,False,Entregada,Entrega realizada en tiempo,0
435,95,35,14,14,2026-05-20,19:48:00,2026-05-20,22:11:00,2026-05-20,22:11:00,1.14,34,67.02,Gasolina,9.04,24.87,1221.1,224.82,1445.92,0,False,Entregada,Entrega realizada en tiempo,0
436,19,2,25,38,2026-06-19,19:02:00,2026-06-19,08:30:00,2026-06-20,09:42:00,8.46,33,398.76,Diesel,80.4,24.16,3603.8,1942.46,5546.26,72,True,Tardía,"Tráfico alto, Hora pico, Distancia larga",1
437,84,1,5,25,2026-06-19,11:42:00,2026-06-19,21:08:00,2026-06-19,21:08:00,0.62,47,350.18,Gasolina,33.8,23.06,2688.9,779.43,3468.33,0,False,Entregada,Entrega realizada en tiempo,1
438,84,25,15,25,2026-05-11,08:57:00,2026-05-11,18:23:00,2026-05-11,18:23:00,10.87,41,351.15,Diesel,74.71,25.79,3670.75,1926.77,5597.52,0,False,Entregada,Entrega realizada en tiempo,1
439,12,12,13,33,2026-04-28,20:59:00,2026-04-28,00:50:00,2026-04-29,01:16:00,0.42,3,111.93,Gasolina,16.01,23.91,1125.65,382.8,1508.45,26,True,Tardía,Incidencia operativa,0
440,63,26,48,11,2026-01-05,14:43:00,2026-01-05,19:25:00,2026-01-05,19:25:00,0.52,46,144.78,Gasolina,20.65,23.91,1643.9,493.74,2137.64,0,False,Entregada,Entrega realizada en tiempo,0
441,65,18,52,4,2026-06-10,11:56:00,2026-06-10,13:14:00,2026-06-10,13:14:00,0.62,50,41.37,Diesel,3.87,26.44,1168.85,102.32,1271.17,0,False,Entregada,Entrega realizada en tiempo,0
442,4,36,18,15,2026-02-08,13:57:00,2026-02-08,04:25:00,2026-02-09,04:25:00,4.13,51,465.24,Diesel,54.86,24.26,3647.2,1330.9,4978.1,0,False,Entregada,Entrega realizada en tiempo,1
443,49,34,44,40,2026-08-12,10:26:00,2026-08-12,22:00:00,2026-08-12,22:00:00,5.59,31,416.39,Diesel,34.58,25.28,3388.95,874.18,4263.13,0,False,Entregada,Entrega realizada en tiempo,1
444,40,39,22,29,2026-05-19,08:13:00,2026-05-19,13:21:00,2026-05-19,13:21:00,1.16,18,121.24,Gasolina,9.79,25.05,1366.2,245.24,1611.44,0,False,Entregada,Entrega realizada en tiempo,0
445,26,9,20,45,2026-06-30,19:58:00,2026-06-30,08:09:00,2026-07-01,08:09:00,1.02,18,484.75,Gasolina,39.64,25.73,3169.75,1019.94,4189.69,0,False,Entregada,Entrega realizada en tiempo,1
446,99,10,42,37,2026-02-10,13:04:00,2026-02-10,17:35:00,2026-02-10,17:35:00,0.29,72,181.0,Gasolina,18.15,25.16,2010.0,456.65,2466.65,0,False,Entregada,Entrega realizada en tiempo,0
447,24,21,54,10,2026-07-06,05:48:00,2026-07-06,22:20:00,2026-07-06,22:20:00,1.3,41,402.36,Diesel,56.27,25.24,2969.8,1420.25,4390.05,0,False,Entregada,Entrega realizada en tiempo,1
448,53,20,29,48,2026-07-30,11:09:00,2026-07-30,16:46:00,2026-07-30,17:11:00,1.04,25,149.04,Gasolina,20.22,25.29,1549.2,511.36,2060.56,25,True,Tardía,Tráfico alto,0
449,79,40,18,39,2026-05-26,10:38:00,2026-05-26,04:31:00,2026-05-27,04:31:00,7.57,30,417.86,Diesel,65.29,24.08,3586.3,1572.18,5158.48,0,False,Entregada,Entrega realizada en tiempo,1
450,11,31,9,33,2026-08-05,18:45:00,2026-08-05,22:36:00,2026-08-05,23:30:00,1.49,48,118.99,Diesel,16.9,24.41,1627.95,412.53,2040.48,54,True,Tardía,"Hora pico, Carga pesada",0
451,25,15,3,27,2026-07-15,05:59:00,2026-07-15,16:25:00,2026-07-15,16:25:00,4.01,35,333.03,Diesel,68.52,24.67,2846.15,1690.39,4536.54,0,False,Entregada,Entrega realizada en tiempo,1
452,86,13,49,14,2026-01-17,09:59:00,2026-01-17,12:22:00,2026-01-17,12:22:00,0.43,57,66.13,Gasolina,5.39,24.47,1329.65,131.89,1461.54,0,False,Entregada,Entrega realizada en tiempo,0
453,42,30,57,16,2026-04-20,15:49:00,2026-04-20,20:55:00,2026-04-20,20:55:00,0.26,6,158.22,Diesel,13.59,26.47,1365.1,359.73,1724.83,0,False,Entregada,Entrega realizada en tiempo,0
454,93,21,26,40,2026-07-10,20:33:00,2026-07-10,08:07:00,2026-07-11,08:07:00,0.7,5,405.25,Diesel,56.68,25.35,2636.25,1436.84,4073.09,0,False,Entregada,Entrega realizada en tiempo,1
455,6,16,34,35,2026-04-12,06:35:00,2026-04-12,14:54:00,2026-04-12,14:54:00,0.98,50,323.34,Gasolina,29.05,24.89,2614.7,723.05,3337.75,0,False,Entregada,Entrega realizada en tiempo,0
456,7,13,19,29,2026-04-12,12:49:00,2026-04-12,17:57:00,2026-04-12,17:57:00,1.0,37,125.51,Gasolina,10.24,24.27,1523.55,248.52,1772.07,0,False,Entregada,Entrega realizada en tiempo,0
457,79,4,45,34,2026-02-06,17:53:00,2026-02-06,21:27:00,2026-02-06,22:08:00,1.71,58,145.69,Gasolina,24.49,25.34,1863.45,620.58,2484.03,41,True,Tardía,"Hora pico, Carga pesada",0
458,90,35,9,26,2026-04-16,13:28:00,2026-04-16,01:41:00,2026-04-17,02:20:00,0.72,4,335.1,Gasolina,45.22,25.65,2279.5,1159.89,3439.39,39,True,Tardía,Distancia larga,1
459,12,17,21,45,2026-06-16,09:45:00,2026-06-16,21:56:00,2026-06-16,23:01:00,7.57,16,485.27,Diesel,86.19,24.26,3811.35,2090.97,5902.32,65,True,Tardía,"Hora pico, Distancia larga",1
460,91,25,47,33,2026-06-06,09:24:00,2026-06-06,13:15:00,2026-06-06,13:15:00,2.6,71,100.47,Diesel,21.38,26.3,1830.35,562.29,2392.64,0,False,Entregada,Entrega realizada en tiempo,0
461,43,37,56,43,2026-08-09,08:10:00,2026-08-09,23:37:00,2026-08-10,00:20:00,3.39,19,456.74,Diesel,48.69,24.93,3274.7,1213.84,4488.54,43,True,Tardía,"Hora pico, Distancia larga",1
462,99,29,19,41,2026-02-16,08:57:00,2026-02-16,20:38:00,2026-02-16,20:38:00,0.64,17,440.1,Diesel,45.99,24.01,2900.5,1104.22,4004.72,0,False,Entregada,Entrega realizada en tiempo,1
463,98,17,1,30,2026-05-08,18:34:00,2026-05-08,02:06:00,2026-05-09,02:06:00,1.6,1,195.92,Diesel,34.8,25.48,1647.6,886.7,2534.3,0,False,Entregada,Entrega realizada en tiempo,0
464,28,38,43,31,2026-04-27,16:28:00,2026-04-27,03:36:00,2026-04-28,03:36:00,1.0,11,301.28,Gasolina,25.6,23.02,2194.4,589.31,2783.71,0,False,Entregada,Entrega realizada en tiempo,0
465,71,18,40,41,2026-05-23,09:03:00,2026-05-23,20:44:00,2026-05-23,21:50:00,2.68,24,397.38,Diesel,37.21,26.56,2946.9,988.3,3935.2,66,True,Tardía,"Tráfico alto, Hora pico, Distancia larga",1
466,86,37,54,39,2026-03-18,13:58:00,2026-03-18,07:51:00,2026-03-19,08:24:00,1.48,12,499.61,Diesel,53.26,24.48,3242.05,1303.8,4545.85,33,True,Tardía,Distancia larga,1
467,37,40,43,45,2026-06-29,20:11:00,2026-06-29,08:22:00,2026-06-30,08:22:00,5.06,59,503.14,Diesel,78.62,25.08,3993.7,1971.79,5965.49,0,False,Entregada,Entrega realizada en tiempo,1
468,5,6,50,20,2026-03-24,14:57:00,2026-03-24,05:13:00,2026-03-25,05:13:00,2.84,49,403.38,Diesel,58.97,26.28,3192.9,1549.73,4742.63,0,False,Entregada,Entrega realizada en tiempo,1
469,71,5,19,31,2026-02-04,08:44:00,2026-02-04,19:52:00,2026-02-04,21:03:00,0.49,36,314.8,Diesel,39.55,25.84,2411.0,1021.97,3432.97,71,True,Tardía,"Tráfico alto, Hora pico, Distancia larga",1
470,14,37,47,41,2026-05-16,07:30:00,2026-05-16,19:11:00,2026-05-16,19:11:00,1.93,78,433.42,Diesel,46.21,26.96,3484.1,1245.82,4729.92,0,False,Entregada,Entrega realizada en tiempo,1
471,37,28,39,21,2026-03-08,19:36:00,2026-03-08,20:14:00,2026-03-08,20:14:00,0.59,80,27.39,Diesel,4.02,24.39,1335.95,98.05,1434.0,0,False,Entregada,Entrega realizada en tiempo,0
472,73,32,34,47,2026-06-11,18:31:00,2026-06-11,04:29:00,2026-06-12,04:29:00,0.35,24,361.92,Gasolina,32.78,23.7,2536.6,776.89,3313.49,0,False,Entregada,Entrega realizada en tiempo,0
473,38,13,1,8,2026-01-07,17:40:00,2026-01-07,01:13:00,2026-01-08,01:13:00,1.59,16,205.71,Gasolina,16.78,23.62,1815.55,396.34,2211.89,0,False,Entregada,Entrega realizada en tiempo,0
474,79,27,27,3,2026-03-27,14:35:00,2026-03-27,02:05:00,2026-03-28,02:44:00,22.99,28,417.93,Diesel,53.72,26.37,5112.65,1416.6,6529.25,39,True,Tardía,"Distancia larga, Carga pesada",1
475,40,20,33,36,2026-03-24,05:07:00,2026-03-24,22:28:00,2026-03-24,22:28:00,1.1,43,414.32,Gasolina,56.22,25.17,3025.6,1415.06,4440.66,0,False,Entregada,Entrega realizada en tiempo,1
476,79,2,54,12,2026-02-19,13:53:00,2026-02-19,02:36:00,2026-02-20,02:36:00,0.73,44,421.24,Diesel,84.93,25.44,3031.2,2160.62,5191.82,0,False,Entregada,Entrega realizada en tiempo,1
477,61,3,42,9,2026-05-04,08:40:00,2026-05-04,13:08:00,2026-05-04,13:08:00,14.15,59,184.88,Diesel,39.67,25.61,3311.4,1015.95,4327.35,0,False,Entregada,Entrega realizada en tiempo,1
478,43,30,51,27,2026-07-10,06:53:00,2026-07-10,17:19:00,2026-07-10,17:19:00,1.3,67,294.73,Diesel,25.32,26.17,2639.65,662.62,3302.27,0,False,Entregada,Entrega realizada en tiempo,0
479,41,36,35,2,2026-02-23,13:51:00,2026-02-23,20:29:00,2026-02-23,20:43:00,1.11,46,272.19,Diesel,32.1,24.84,2339.95,797.36,3137.31,14,True,Tardía,Incidencia operativa,0
480,4,22,25,41,2026-05-17,09:36:00,2026-05-17,21:17:00,2026-05-17,22:28:00,4.28,78,382.17,Diesel,36.96,26.13,3462.85,965.76,4428.61,71,True,Tardía,"Tráfico alto, Hora pico, Distancia larga",1
481,35,27,6,32,2026-08-13,10:23:00,2026-08-13,18:33:00,2026-08-13,18:33:00,13.46,58,227.36,Diesel,29.22,24.91,3446.8,727.87,4174.67,0,False,Entregada,Entrega realizada en tiempo,1
482,68,20,12,8,2026-04-06,06:49:00,2026-04-06,14:22:00,2026-04-06,14:22:00,1.04,26,187.01,Gasolina,25.37,24.33,1747.05,617.25,2364.3,0,False,Entregada,Entrega realizada en tiempo,0
483,4,31,58,33,2026-02-09,09:21:00,2026-02-09,13:12:00,2026-02-09,13:12:00,1.38,62,105.2,Diesel,14.94,25.57,1660.0,382.02,2042.02,0,False,Entregada,Entrega realizada en tiempo,0
484,100,21,10,50,2026-08-12,08:52:00,2026-08-12,17:53:00,2026-08-12,17:53:00,0.9,67,224.42,Diesel,31.39,24.4,2248.1,765.92,3014.02,0,False,Entregada,Entrega realizada en tiempo,0
485,93,3,30,25,2026-07-02,19:07:00,2026-07-02,04:33:00,2026-07-03,05:15:00,1.84,1,335.54,Diesel,72.0,25.0,2369.7,1800.0,4169.7,42,True,Tardía,"Hora pico, Distancia larga",1
486,6,7,34,50,2026-06-18,12:01:00,2026-06-18,21:02:00,2026-06-18,21:02:00,2.76,74,252.15,Diesel,41.34,25.92,2628.75,1071.53,3700.28,0,False,Entregada,Entrega realizada en tiempo,1
487,27,21,13,13,2026-03-15,11:34:00,2026-03-15,18:45:00,2026-03-15,18:45:00,0.65,41,269.8,Diesel,37.73,26.01,2242.0,981.36,3223.36,0,False,Entregada,Entrega realizada en tiempo,0
488,35,10,11,18,2026-01-30,05:39:00,2026-01-30,20:54:00,2026-01-30,20:54:00,1.34,72,443.99,Gasolina,44.53,23.62,3429.95,1051.8,4481.75,0,False,Entregada,Entrega realizada en tiempo,1
489,45,36,21,18,2026-02-06,12:36:00,2026-02-06,03:51:00,2026-02-07,04:25:00,0.49,32,419.96,Diesel,49.52,25.62,2904.8,1268.7,4173.5,34,True,Tardía,Distancia larga,1
490,7,9,2,31,2026-06-22,06:06:00,2026-06-22,17:14:00,2026-06-22,17:59:00,0.29,50,290.93,Gasolina,23.79,23.54,2383.65,560.02,2943.67,45,True,Tardía,Tráfico alto,0
491,77,38,41,45,2026-06-29,17:39:00,2026-06-29,05:50:00,2026-06-30,06:47:00,1.03,46,436.14,Gasolina,37.06,24.7,3151.7,915.38,4067.08,57,True,Tardía,"Hora pico, Distancia larga, Carga pesada",1
492,12,30,7,30,2026-03-21,17:30:00,2026-03-21,01:02:00,2026-03-22,01:02:00,1.34,30,202.95,Diesel,17.44,24.43,1888.75,426.06,2314.81,0,False,Entregada,Entrega realizada en tiempo,0
493,79,17,59,24,2026-04-11,09:44:00,2026-04-11,18:21:00,2026-04-11,18:21:00,6.71,43,318.94,Diesel,56.65,26.65,3109.7,1509.72,4619.42,0,False,Entregada,Entrega realizada en tiempo,1
494,59,32,2,5,2026-05-02,08:22:00,2026-05-02,16:14:00,2026-05-02,16:14:00,0.21,62,316.11,Gasolina,28.63,23.51,2597.55,673.09,3270.64,0,False,Entregada,Entrega realizada en tiempo,0
495,99,23,39,37,2026-02-02,19:06:00,2026-02-02,23:37:00,2026-02-02,23:37:00,1.01,52,173.36,Gasolina,31.75,25.39,1883.8,806.13,2689.93,0,False,Entregada,Entrega realizada en tiempo,0
496,42,36,42,5,2026-07-22,12:34:00,2026-07-22,20:26:00,2026-07-22,20:26:00,2.74,60,297.85,Diesel,35.12,25.24,2743.25,886.43,3629.68,0,False,Entregada,Entrega realizada en tiempo,1
497,80,16,36,11,2026-05-04,15:04:00,2026-05-04,19:46:00,2026-05-04,19:46:00,0.28,44,134.76,Gasolina,12.11,25.08,1553.8,303.72,1857.52,0,False,Entregada,Entrega realizada en tiempo,0
498,56,28,37,22,2026-05-20,10:11:00,2026-05-20,10:47:00,2026-05-20,10:47:00,0.31,10,23.59,Diesel,3.46,26.14,728.95,90.44,819.39,0,False,Entregada,Entrega realizada en tiempo,0
499,63,8,38,39,2026-04-29,13:35:00,2026-04-29,07:28:00,2026-04-30,07:28:00,15.71,13,483.63,Diesel,51.67,24.53,4593.15,1267.47,5860.62,0,False,Entregada,Entrega realizada en tiempo,1
500,52,5,39,7,2026-06-25,15:20:00,2026-06-25,23:37:00,2026-06-25,23:37:00,2.09,64,292.51,Diesel,36.75,24.18,2683.55,888.62,3572.17,0,False,Entregada,Entrega realizada en tiempo,1
501,28,9,57,38,2026-07-13,05:48:00,2026-07-13,19:16:00,2026-07-13,19:16:00,0.29,19,451.58,Gasolina,36.92,24.36,2938.9,899.37,3838.27,0,False,Entregada,Entrega realizada en tiempo,1
502,38,25,40,37,2026-04-25,09:13:00,2026-04-25,13:44:00,2026-04-25,13:44:00,7.88,41,171.34,Diesel,36.46,26.38,2472.7,961.81,3434.51,0,False,Entregada,Entrega realizada en tiempo,0
503,87,20,59,28,2026-07-03,14:05:00,2026-07-03,19:19:00,2026-07-03,19:56:00,1.55,75,171.07,Gasolina,23.21,25.54,2110.35,592.78,2703.13,37,True,Tardía,Carga pesada,0
504,38,4,24,36,2026-01-14,05:45:00,2026-01-14,23:06:00,2026-01-14,23:06:00,1.02,72,463.37,Gasolina,77.88,24.08,3494.85,1875.35,5370.2,0,False,Entregada,Entrega realizada en tiempo,1
505,37,2,16,28,2026-06-29,15:40:00,2026-06-29,20:54:00,2026-06-29,20:54:00,14.37,41,194.65,Diesel,39.24,25.22,3238.25,989.63,4227.88,0,False,Entregada,Entrega realizada en tiempo,1
506,56,35,14,43,2026-02-14,18:08:00,2026-02-14,09:35:00,2026-02-15,09:35:00,1.12,25,430.11,Gasolina,58.04,25.53,2962.55,1481.76,4444.31,0,False,Entregada,Entrega realizada en tiempo,1
507,47,27,10,19,2026-08-12,08:08:00,2026-08-12,15:57:00,2026-08-12,16:16:00,22.18,2,286.01,Diesel,36.76,26.16,4164.05,961.64,5125.69,19,True,Tardía,Hora pico,1
508,63,28,9,6,2026-02-05,16:55:00,2026-02-05,23:49:00,2026-02-05,23:49:00,0.93,59,254.5,Diesel,37.32,26.09,2337.5,973.68,3311.18,0,False,Entregada,Entrega realizada en tiempo,0
509,55,40,12,30,2026-05-11,16:35:00,2026-05-11,00:07:00,2026-05-12,00:07:00,9.9,58,196.68,Diesel,30.73,24.68,2937.4,758.42,3695.82,0,False,Entregada,Entrega realizada en tiempo,0
510,55,39,1,37,2026-05-08,10:45:00,2026-05-08,15:16:00,2026-05-08,15:16:00,0.86,65,189.07,Gasolina,15.26,25.78,2051.35,393.4,2444.75,0,False,Entregada,Entrega realizada en tiempo,0
511,74,24,3,3,2026-05-26,18:45:00,2026-05-26,06:15:00,2026-05-27,06:56:00,1.81,48,366.41,Diesel,34.34,26.19,2897.05,899.36,3796.41,41,True,Tardía,"Hora pico, Distancia larga",1
512,68,18,30,34,2026-01-21,19:56:00,2026-01-21,23:30:00,2026-01-22,00:20:00,0.43,79,140.65,Diesel,13.17,26.23,1878.25,345.45,2223.7,50,True,Tardía,Hora pico,0
513,86,5,44,41,2026-05-19,12:39:00,2026-05-19,00:20:00,2026-05-20,00:20:00,1.7,7,433.99,Diesel,54.52,25.61,2895.95,1396.26,4292.21,0,False,Entregada,Entrega realizada en tiempo,1
514,2,31,30,33,2026-05-01,13:26:00,2026-05-01,17:17:00,2026-05-01,17:17:00,0.52,46,119.04,Diesel,16.91,26.39,1515.2,446.25,1961.45,0,False,Entregada,Entrega realizada en tiempo,0
515,38,11,3,45,2026-06-02,12:46:00,2026-06-02,00:57:00,2026-06-03,00:57:00,2.97,73,439.67,Diesel,91.98,25.89,3579.35,2381.36,5960.71,0,False,Entregada,Entrega realizada en tiempo,1
516,75,11,37,4,2026-06-18,12:51:00,2026-06-18,14:09:00,2026-06-18,14:34:00,6.68,80,40.6,Diesel,8.49,24.25,2011.0,205.88,2216.88,25,True,Tardía,Incidencia operativa,0
517,65,5,55,18,2026-03-06,08:39:00,2026-03-06,23:54:00,2026-03-07,00:25:00,4.89,36,425.97,Diesel,53.51,25.81,3406.85,1381.09,4787.94,31,True,Tardía,"Hora pico, Distancia larga",1
518,76,10,43,29,2026-04-05,09:16:00,2026-04-05,14:24:00,2026-04-05,14:24:00,1.16,31,124.38,Gasolina,12.48,25.4,1485.9,316.99,1802.89,0,False,Entregada,Entrega realizada en tiempo,0
519,5,22,6,10,2026-06-02,08:53:00,2026-06-02,01:25:00,2026-06-03,01:25:00,9.64,64,478.16,Diesel,46.24,25.24,4366.8,1167.1,5533.9,0,False,Entregada,Entrega realizada en tiempo,1
520,50,16,43,29,2026-07-05,09:13:00,2026-07-05,14:21:00,2026-07-05,14:21:00,0.85,74,123.66,Gasolina,11.11,24.04,1795.3,267.08,2062.38,0,False,Entregada,Entrega realizada en tiempo,0
521,83,17,49,8,2026-01-14,09:29:00,2026-01-14,17:02:00,2026-01-14,17:02:00,6.51,52,179.68,Diesel,31.91,25.43,2465.4,811.47,3276.87,0,False,Entregada,Entrega realizada en tiempo,0
522,97,35,15,25,2026-06-24,15:30:00,2026-06-24,00:56:00,2026-06-25,01:24:00,0.24,34,326.74,Gasolina,44.09,23.87,2429.7,1052.43,3482.13,28,True,Tardía,Distancia larga,1
523,58,25,44,21,2026-05-16,06:06:00,2026-05-16,06:44:00,2026-05-16,06:44:00,5.23,69,26.91,Diesel,5.73,26.87,1709.55,153.97,1863.52,0,False,Entregada,Entrega realizada en tiempo,0
524,56,40,59,42,2026-08-08,11:21:00,2026-08-08,14:32:00,2026-08-08,14:32:00,8.83,35,102.03,Diesel,15.94,24.29,2173.15,387.18,2560.33,0,False,Entregada,Entrega realizada en tiempo,0
525,84,38,26,30,2026-07-17,10:46:00,2026-07-17,18:18:00,2026-07-17,18:18:00,0.56,76,192.66,Gasolina,16.37,24.56,2127.3,402.05,2529.35,0,False,Entregada,Entrega realizada en tiempo,0
526,87,12,21,36,2026-01-03,05:53:00,2026-01-03,23:14:00,2026-01-03,23:35:00,0.52,9,487.01,Gasolina,69.67,25.06,3059.05,1745.93,4804.98,21,True,Tardía,Distancia larga,1
527,45,15,47,19,2026-03-06,09:02:00,2026-03-06,16:51:00,2026-03-06,16:51:00,0.36,4,332.61,Diesel,68.44,24.17,2231.05,1654.19,3885.24,0,False,Entregada,Entrega realizada en tiempo,1
528,77,14,39,41,2026-02-01,08:05:00,2026-02-01,19:46:00,2026-02-01,21:02:00,16.08,78,400.55,Diesel,43.16,26.09,4734.75,1126.04,5860.79,76,True,Tardía,"Tráfico alto, Hora pico, Distancia larga",1
529,33,19,30,43,2026-01-20,17:59:00,2026-01-20,09:26:00,2026-01-21,09:26:00,5.59,36,442.55,Diesel,43.6,26.08,3559.75,1137.09,4696.84,0,False,Entregada,Entrega realizada en tiempo,1
530,86,21,17,11,2026-07-19,07:17:00,2026-07-19,11:59:00,2026-07-19,12:34:00,1.55,8,147.95,Diesel,20.69,26.87,1458.75,555.94,2014.69,35,True,Tardía,"Hora pico, Carga pesada",0
531,34,12,29,5,2026-05-06,09:39:00,2026-05-06,17:31:00,2026-05-06,18:13:00,0.56,51,313.02,Gasolina,44.78,24.62,2529.1,1102.48,3631.58,42,True,Tardía,"Hora pico, Distancia larga",1
532,56,14,40,42,2026-01-28,17:45:00,2026-01-28,20:56:00,2026-01-28,21:15:00,16.45,34,105.18,Diesel,11.33,25.71,2942.9,291.29,3234.19,19,True,Tardía,Hora pico,0
533,33,29,2,32,2026-02-08,05:59:00,2026-02-08,14:09:00,2026-02-08,14:09:00,0.54,5,253.74,Diesel,26.51,24.8,1862.7,657.45,2520.15,0,False,Entregada,Entrega realizada en tiempo,0
534,90,22,58,26,2026-05-28,05:32:00,2026-05-28,17:45:00,2026-05-28,17:45:00,6.18,63,373.94,Diesel,36.16,25.21,3491.7,911.59,4403.29,0,False,Entregada,Entrega realizada en tiempo,1
535,94,5,35,15,2026-01-01,15:44:00,2026-01-01,06:12:00,2026-01-02,06:55:00,1.44,62,445.11,Diesel,55.92,25.0,3365.55,1398.0,4763.55,43,True,Tardía,Distancia larga,1
536,39,26,4,41,2026-06-15,07:23:00,2026-06-15,19:04:00,2026-06-15,19:04:00,0.74,69,380.56,Gasolina,54.29,24.02,3028.8,1304.05,4332.85,0,False,Entregada,Entrega realizada en tiempo,1
537,59,19,42,13,2026-02-15,20:02:00,2026-02-15,03:13:00,2026-02-16,03:13:00,1.97,50,283.5,Diesel,27.93,24.9,2514.5,695.46,3209.96,0,False,Entregada,Entrega realizada en tiempo,0
538,50,7,41,45,2026-04-02,18:05:00,2026-04-02,06:16:00,2026-04-03,06:16:00,1.16,57,499.6,Diesel,81.9,24.42,3570.0,2000.0,5570.0,0,False,Entregada,Entrega realizada en tiempo,1
539,25,2,47,38,2026-03-03,18:24:00,2026-03-03,07:52:00,2026-03-04,07:52:00,8.21,9,418.95,Diesel,84.47,25.93,3487.75,2190.31,5678.06,0,False,Entregada,Entrega realizada en tiempo,1
540,64,35,54,29,2026-01-05,06:21:00,2026-01-05,11:29:00,2026-01-05,12:08:00,1.2,8,129.8,Gasolina,17.52,23.64,1333.0,414.17,1747.17,39,True,Tardía,"Tráfico alto, Carga pesada",0
541,84,34,30,44,2026-08-11,20:09:00,2026-08-11,22:19:00,2026-08-11,22:19:00,8.31,75,63.14,Diesel,5.24,24.22,2246.7,126.91,2373.61,0,False,Entregada,Entrega realizada en tiempo,0
542,95,10,32,42,2026-01-05,18:58:00,2026-01-05,22:09:00,2026-01-05,22:48:00,0.99,80,91.27,Gasolina,9.15,23.04,1695.35,210.82,1906.17,39,True,Tardía,Hora pico,0
543,81,4,58,20,2026-07-30,08:29:00,2026-07-30,22:45:00,2026-07-30,23:28:00,0.79,79,464.85,Gasolina,78.13,23.34,3535.25,1823.55,5358.8,43,True,Tardía,"Hora pico, Distancia larga",1
544,77,40,15,5,2026-07-25,09:27:00,2026-07-25,17:19:00,2026-07-25,17:19:00,3.26,44,336.68,Diesel,52.61,26.95,2861.4,1417.84,4279.24,0,False,Entregada,Entrega realizada en tiempo,1
545,87,26,21,8,2026-06-25,20:08:00,2026-06-25,03:41:00,2026-06-26,03:41:00,0.39,42,205.8,Gasolina,29.36,25.38,1904.0,745.16,2649.16,0,False,Entregada,Entrega realizada en tiempo,0
546,98,3,38,12,2026-03-27,07:07:00,2026-03-27,19:50:00,2026-03-27,20:39:00,3.16,36,424.88,Diesel,91.18,25.66,3228.4,2339.68,5568.08,49,True,Tardía,"Hora pico, Distancia larga",1
547,57,16,60,38,2026-01-11,08:06:00,2026-01-11,21:34:00,2026-01-11,22:26:00,0.66,79,418.01,Gasolina,37.56,23.02,3288.05,864.63,4152.68,52,True,Tardía,"Tráfico alto, Hora pico, Distancia larga",1
548,23,6,46,42,2026-06-01,12:26:00,2026-06-01,15:37:00,2026-06-01,15:37:00,1.04,61,91.39,Diesel,13.36,24.62,1548.95,328.92,1877.87,0,False,Entregada,Entrega realizada en tiempo,0
549,82,18,34,29,2026-04-16,10:11:00,2026-04-16,15:19:00,2026-04-16,15:19:00,2.22,79,127.09,Diesel,11.9,25.79,1989.45,306.9,2296.35,0,False,Entregada,Entrega realizada en tiempo,0
550,92,32,40,6,2026-06-10,12:22:00,2026-06-10,19:16:00,2026-06-10,19:55:00,0.88,54,248.89,Gasolina,22.54,25.96,2264.45,585.14,2849.59,39,True,Tardía,"Tráfico alto, Carga pesada",0
551,13,40,24,49,2026-05-19,19:14:00,2026-05-19,11:02:00,2026-05-20,11:02:00,3.15,60,421.69,Diesel,65.89,25.98,3403.45,1711.82,5115.27,0,False,Entregada,Entrega realizada en tiempo,1
552,36,4,13,8,2026-07-23,08:43:00,2026-07-23,16:16:00,2026-07-23,16:16:00,1.27,61,183.21,Gasolina,30.79,23.48,2031.05,722.95,2754.0,0,False,Entregada,Entrega realizada en tiempo,0
553,6,4,42,24,2026-03-14,09:27:00,2026-03-14,18:04:00,2026-03-14,18:04:00,0.45,33,287.53,Gasolina,48.32,25.42,2246.65,1228.29,3474.94,0,False,Entregada,Entrega realizada en tiempo,1
554,98,30,3,7,2026-07-09,06:59:00,2026-07-09,15:16:00,2026-07-09,15:59:00,1.88,69,322.03,Diesel,27.67,24.21,2850.15,669.89,3520.04,43,True,Tardía,"Tráfico alto, Distancia larga",1
555,31,29,38,38,2026-03-25,16:12:00,2026-03-25,05:40:00,2026-03-26,06:25:00,0.97,42,468.99,Diesel,49.01,24.29,3277.95,1190.45,4468.4,45,True,Tardía,"Tráfico alto, Distancia larga",1
556,95,27,56,13,2026-04-07,10:04:00,2026-04-07,17:15:00,2026-04-07,17:15:00,21.94,61,264.37,Diesel,33.98,24.16,4503.85,820.96,5324.81,0,False,Entregada,Entrega realizada en tiempo,1
557,56,10,14,40,2026-04-27,09:24:00,2026-04-27,20:58:00,2026-04-27,22:04:00,1.35,48,383.37,Gasolina,38.45,23.61,2935.85,907.8,3843.65,66,True,Tardía,"Hora pico, Distancia larga, Carga pesada",1
558,17,3,45,37,2026-01-16,11:08:00,2026-01-16,15:39:00,2026-01-16,15:39:00,2.73,15,179.88,Diesel,38.6,25.38,1792.4,979.67,2772.07,0,False,Entregada,Entrega realizada en tiempo,0
559,22,22,15,19,2026-06-04,09:50:00,2026-06-04,17:39:00,2026-06-04,17:39:00,0.74,79,312.72,Diesel,30.24,25.73,2769.6,778.08,3547.68,0,False,Entregada,Entrega realizada en tiempo,1
560,71,15,6,27,2026-08-08,19:31:00,2026-08-08,05:57:00,2026-08-09,05:57:00,3.88,28,290.01,Diesel,59.67,26.51,2562.05,1581.85,4143.9,0,False,Entregada,Entrega realizada en tiempo,1
561,36,1,47,28,2026-07-08,10:15:00,2026-07-08,15:29:00,2026-07-08,15:29:00,0.38,42,185.32,Gasolina,17.89,23.67,1800.6,423.46,2224.06,0,False,Entregada,Entrega realizada en tiempo,0
562,76,10,59,37,2026-01-02,16:02:00,2026-01-02,20:33:00,2026-01-02,20:33:00,1.44,6,181.54,Gasolina,18.21,25.2,1599.7,458.89,2058.59,0,False,Entregada,Entrega realizada en tiempo,0
563,65,3,28,34,2026-04-11,18:51:00,2026-04-11,22:25:00,2026-04-11,22:25:00,11.67,13,134.86,Diesel,28.94,24.72,2445.3,715.4,3160.7,0,False,Entregada,Entrega realizada en tiempo,0
564,72,1,45,47,2026-04-15,09:08:00,2026-04-15,19:06:00,2026-04-15,20:13:00,0.42,46,369.52,Gasolina,35.67,25.01,2757.6,892.11,3649.71,67,True,Tardía,"Tráfico alto, Hora pico, Distancia larga",1
565,21,30,55,37,2026-07-11,05:29:00,2026-07-11,10:00:00,2026-07-11,10:00:00,2.4,60,170.39,Diesel,14.64,26.62,2071.95,389.72,2461.67,0,False,Entregada,Entrega realizada en tiempo,0
566,52,12,51,24,2026-06-10,17:45:00,2026-06-10,02:22:00,2026-06-11,02:22:00,1.01,1,323.71,Gasolina,46.31,23.21,2227.55,1074.86,3302.41,0,False,Entregada,Entrega realizada en tiempo,1
567,89,22,34,3,2026-03-17,16:48:00,2026-03-17,04:18:00,2026-03-18,04:18:00,8.42,35,394.71,Diesel,38.17,25.84,3595.55,986.31,4581.86,0,False,Entregada,Entrega realizada en tiempo,1
568,74,14,51,44,2026-01-21,13:47:00,2026-01-21,15:57:00,2026-01-21,15:57:00,14.35,8,64.74,Diesel,6.98,26.73,2322.7,186.58,2509.28,0,False,Entregada,Entrega realizada en tiempo,0
569,47,4,8,25,2026-04-04,17:39:00,2026-04-04,03:05:00,2026-04-05,03:05:00,1.21,6,319.04,Gasolina,53.62,23.53,2264.2,1261.68,3525.88,0,False,Entregada,Entrega realizada en tiempo,1
570,72,5,36,46,2026-07-18,09:08:00,2026-07-18,23:58:00,2026-07-19,00:56:00,0.48,43,401.87,Diesel,50.49,26.21,2901.35,1323.34,4224.69,58,True,Tardía,"Hora pico, Distancia larga",1
571,97,38,56,45,2026-02-23,10:20:00,2026-02-23,22:31:00,2026-02-23,22:31:00,0.8,46,441.43,Gasolina,37.5,24.51,3155.15,919.13,4074.28,0,False,Entregada,Entrega realizada en tiempo,1
572,55,18,4,5,2026-04-06,14:28:00,2026-04-06,22:20:00,2026-04-06,22:20:00,2.82,63,356.18,Diesel,33.35,26.49,3066.9,883.44,3950.34,0,False,Entregada,Entrega realizada en tiempo,1
573,61,35,44,35,2026-03-16,17:39:00,2026-03-16,01:58:00,2026-03-17,01:58:00,0.31,48,322.7,Gasolina,43.55,25.84,2528.5,1125.33,3653.83,0,False,Entregada,Entrega realizada en tiempo,1
574,9,13,58,30,2026-01-23,07:25:00,2026-01-23,14:57:00,2026-01-23,14:57:00,0.99,23,212.4,Gasolina,17.32,25.87,1845.0,448.07,2293.07,0,False,Entregada,Entrega realizada en tiempo,0
575,14,11,18,8,2026-06-28,08:31:00,2026-06-28,16:04:00,2026-06-28,16:04:00,1.65,20,202.79,Diesel,42.42,25.56,1838.95,1084.26,2923.21,0,False,Entregada,Entrega realizada en tiempo,0
576,81,2,19,27,2026-06-24,20:59:00,2026-06-24,07:25:00,2026-06-25,07:25:00,13.84,17,344.83,Diesel,69.52,25.26,3744.15,1756.08,5500.23,0,False,Entregada,Entrega realizada en tiempo,1
577,95,2,19,13,2026-01-17,05:55:00,2026-01-17,13:06:00,2026-01-17,13:06:00,11.32,30,260.0,Diesel,52.42,25.56,3172.0,1339.86,4511.86,0,False,Entregada,Entrega realizada en tiempo,1
578,43,27,38,22,2026-06-17,13:31:00,2026-06-17,14:07:00,2026-06-17,14:07:00,16.87,76,24.93,Diesel,3.2,25.59,2919.65,81.89,3001.54,0,False,Entregada,Entrega realizada en tiempo,0
579,71,29,30,20,2026-05-26,08:57:00,2026-05-26,23:13:00,2026-05-27,00:03:00,1.13,40,388.53,Diesel,40.6,25.12,2875.65,1019.87,3895.52,50,True,Tardía,"Hora pico, Distancia larga",1
580,37,4,10,23,2026-03-14,17:10:00,2026-03-14,02:31:00,2026-03-15,02:31:00,1.61,80,278.46,Gasolina,46.8,25.14,2693.3,1176.55,3869.85,0,False,Entregada,Entrega realizada en tiempo,1
581,37,12,12,46,2026-06-27,08:10:00,2026-06-27,23:00:00,2026-06-27,23:52:00,0.78,31,394.54,Gasolina,56.44,24.32,2798.7,1372.62,4171.32,52,True,Tardía,"Hora pico, Distancia larga",1
582,48,12,14,36,2026-07-01,06:42:00,2026-07-01,00:03:00,2026-07-02,00:03:00,0.76,41,436.61,Gasolina,62.46,23.44,3087.05,1464.06,4551.11,0,False,Entregada,Entrega realizada en tiempo,1
583,58,35,11,35,2026-03-19,08:58:00,2026-03-19,17:17:00,2026-03-19,17:17:00,0.95,4,289.02,Gasolina,39.0,24.5,2072.1,955.5,3027.6,0,False,Entregada,Entrega realizada en tiempo,0
584,19,30,60,21,2026-02-09,05:47:00,2026-02-09,06:25:00,2026-02-09,06:25:00,1.7,70,27.54,Diesel,2.37,24.99,1367.7,59.23,1426.93,0,False,Entregada,Entrega realizada en tiempo,0
585,91,19,31,19,2026-07-13,08:51:00,2026-07-13,16:40:00,2026-07-13,16:40:00,0.56,73,339.13,Diesel,33.41,26.77,2835.65,894.39,3730.04,0,False,Entregada,Entrega realizada en tiempo,1
586,44,8,47,31,2026-01-11,08:43:00,2026-01-11,19:51:00,2026-01-11,20:59:00,9.35,71,327.57,Diesel,35.0,25.34,3640.85,886.9,4527.75,68,True,Tardía,"Tráfico alto, Hora pico, Distancia larga",1
587,12,21,4,39,2026-06-14,09:37:00,2026-06-14,03:30:00,2026-06-15,04:04:00,1.41,68,463.28,Diesel,64.79,24.25,3501.4,1571.16,5072.56,34,True,Tardía,"Hora pico, Distancia larga",1
588,58,6,33,26,2026-02-19,18:20:00,2026-02-19,06:33:00,2026-02-20,06:33:00,8.67,78,383.85,Diesel,56.12,26.83,3910.25,1505.7,5415.95,0,False,Entregada,Entrega realizada en tiempo,1
589,86,24,26,10,2026-07-03,16:23:00,2026-07-03,08:55:00,2026-07-04,09:51:00,1.09,50,424.05,Diesel,39.74,24.92,3129.25,990.32,4119.57,56,True,Tardía,"Tráfico alto, Distancia larga",1
590,58,36,6,14,2026-07-06,17:47:00,2026-07-06,20:10:00,2026-07-06,20:10:00,5.05,54,66.73,Diesel,7.87,24.87,1770.65,195.73,1966.38,0,False,Entregada,Entrega realizada en tiempo,0
591,94,28,47,27,2026-02-05,07:09:00,2026-02-05,17:35:00,2026-02-05,18:23:00,0.82,27,335.94,Diesel,49.26,26.8,2477.7,1320.17,3797.87,48,True,Tardía,"Hora pico, Distancia larga",1
592,76,25,6,1,2026-04-15,11:26:00,2026-04-15,17:45:00,2026-04-15,17:45:00,4.94,23,198.38,Diesel,42.21,26.13,2169.9,1102.95,3272.85,0,False,Entregada,Entrega realizada en tiempo,0
593,97,9,13,12,2026-08-02,15:18:00,2026-08-02,04:01:00,2026-08-03,04:01:00,0.31,71,393.29,Gasolina,32.16,25.47,3065.45,819.12,3884.57,0,False,Entregada,Entrega realizada en tiempo,1
594,39,38,20,32,2026-05-24,17:14:00,2026-05-24,01:24:00,2026-05-25,01:24:00,0.2,4,239.65,Gasolina,20.36,23.46,1750.25,477.65,2227.9,0,False,Entregada,Entrega realizada en tiempo,0
595,39,31,8,42,2026-06-20,12:26:00,2026-06-20,15:37:00,2026-06-20,15:37:00,0.74,23,95.6,Diesel,13.58,26.06,1236.0,353.89,1589.89,0,False,Entregada,Entrega realizada en tiempo,0
596,32,2,8,49,2026-03-12,18:04:00,2026-03-12,09:52:00,2026-03-13,09:52:00,11.52,77,403.73,Diesel,81.4,25.74,4286.65,2095.24,6381.89,0,False,Entregada,Entrega realizada en tiempo,1
597,73,28,56,17,2026-06-10,18:44:00,2026-06-10,08:00:00,2026-06-11,08:46:00,0.57,16,331.33,Diesel,48.58,24.49,2341.65,1189.72,3531.37,46,True,Tardía,"Hora pico, Distancia larga",1
598,8,10,21,30,2026-08-13,08:22:00,2026-08-13,15:54:00,2026-08-13,16:33:00,0.7,21,188.17,Gasolina,18.87,24.91,1678.85,470.05,2148.9,39,True,Tardía,Hora pico,0
599,46,4,19,19,2026-05-16,07:32:00,2026-05-16,15:21:00,2026-05-16,15:21:00,0.31,25,317.0,Gasolina,53.28,23.55,2316.0,1254.74,3570.74,0,False,Entregada,Entrega realizada en tiempo,1
600,13,39,49,11,2026-05-20,13:55:00,2026-05-20,18:37:00,2026-05-20,18:37:00,0.89,41,140.58,Gasolina,11.35,25.05,1619.9,284.32,1904.22,0,False,Entregada,Entrega realizada en tiempo,0
601,39,18,44,45,2026-06-26,14:06:00,2026-06-26,02:17:00,2026-06-27,02:17:00,2.0,69,457.29,Diesel,42.82,26.47,3538.45,1133.45,4671.9,0,False,Entregada,Entrega realizada en tiempo,1
602,2,9,34,19,2026-04-06,18:26:00,2026-04-06,02:15:00,2026-04-07,02:15:00,0.95,44,312.0,Gasolina,25.51,23.49,2507.0,599.23,3106.23,0,False,Entregada,Entrega realizada en tiempo,0
603,28,10,33,15,2026-08-01,09:50:00,2026-08-01,00:18:00,2026-08-02,00:18:00,0.84,72,388.91,Gasolina,39.01,25.49,3104.55,994.36,4098.91,0,False,Entregada,Entrega realizada en tiempo,1
604,68,35,46,36,2026-06-29,08:26:00,2026-06-29,01:47:00,2026-06-30,01:47:00,0.59,59,435.45,Gasolina,58.77,23.35,3208.25,1372.28,4580.53,0,False,Entregada,Entrega realizada en tiempo,1
605,17,2,31,23,2026-03-21,14:08:00,2026-03-21,23:29:00,2026-03-21,23:29:00,6.69,57,272.86,Diesel,55.01,25.79,2989.3,1418.71,4408.01,0,False,Entregada,Entrega realizada en tiempo,1
606,98,22,12,46,2026-03-19,05:47:00,2026-03-19,20:37:00,2026-03-19,21:03:00,5.25,16,425.71,Diesel,41.17,24.92,3281.55,1025.96,4307.51,26,True,Tardía,Distancia larga,1
607,27,9,6,28,2026-06-26,08:04:00,2026-06-26,13:18:00,2026-06-26,13:18:00,0.87,3,198.18,Gasolina,16.2,25.27,1601.9,409.37,2011.27,0,False,Entregada,Entrega realizada en tiempo,0
608,6,13,7,3,2026-07-23,19:37:00,2026-07-23,07:07:00,2026-07-24,07:07:00,1.48,8,432.68,Gasolina,35.29,25.73,2875.4,908.01,3783.41,0,False,Entregada,Entrega realizada en tiempo,1
609,6,5,20,43,2026-01-03,08:50:00,2026-01-03,00:17:00,2026-01-04,00:17:00,0.37,16,417.97,Diesel,52.51,24.62,2754.85,1292.8,4047.65,0,False,Entregada,Entrega realizada en tiempo,1
610,26,12,43,23,2026-01-08,07:09:00,2026-01-08,16:30:00,2026-01-08,16:30:00,0.21,36,276.31,Gasolina,39.53,24.04,2190.55,950.3,3140.85,0,False,Entregada,Entrega realizada en tiempo,0
611,21,33,50,47,2026-06-06,10:32:00,2026-06-06,20:30:00,2026-06-06,21:27:00,3.46,73,321.65,Diesel,41.03,26.89,3038.25,1103.3,4141.55,57,True,Tardía,"Tráfico alto, Distancia larga, Carga pesada",1
612,22,35,1,47,2026-01-26,09:58:00,2026-01-26,19:56:00,2026-01-26,19:56:00,1.27,65,309.85,Gasolina,41.82,24.42,2696.25,1021.24,3717.49,0,False,Entregada,Entrega realizada en tiempo,1
613,90,38,12,29,2026-06-22,08:11:00,2026-06-22,13:19:00,2026-06-22,13:19:00,0.99,46,127.46,Gasolina,10.83,24.27,1604.3,262.84,1867.14,0,False,Entregada,Entrega realizada en tiempo,0
614,66,15,27,8,2026-07-14,13:07:00,2026-07-14,20:40:00,2026-07-14,20:40:00,0.6,60,195.09,Diesel,40.14,24.41,2015.45,979.82,2995.27,0,False,Entregada,Entrega realizada en tiempo,0
615,98,24,46,19,2026-05-23,06:05:00,2026-05-23,13:54:00,2026-05-23,13:54:00,0.76,42,298.13,Diesel,27.94,25.15,2402.65,702.69,3105.34,0,False,Entregada,Entrega realizada en tiempo,0
616,59,39,48,20,2026-06-25,17:14:00,2026-06-25,07:30:00,2026-06-26,07:30:00,0.52,71,451.33,Gasolina,36.43,25.95,3376.65,945.36,4322.01,0,False,Entregada,Entrega realizada en tiempo,1
617,55,13,55,5,2026-08-04,18:43:00,2026-08-04,02:35:00,2026-08-05,03:25:00,1.16,48,315.17,Gasolina,25.71,24.31,2575.85,625.01,3200.86,50,True,Tardía,"Hora pico, Distancia larga",0
618,85,6,8,10,2026-04-12,15:44:00,2026-04-12,08:16:00,2026-04-13,08:16:00,7.2,76,456.55,Diesel,66.75,26.22,4110.75,1750.18,5860.93,0,False,Entregada,Entrega realizada en tiempo,1
619,22,5,24,13,2026-03-28,09:38:00,2026-03-28,16:49:00,2026-03-28,17:32:00,2.77,52,255.85,Diesel,32.14,24.84,2472.25,798.36,3270.61,43,True,Tardía,Hora pico,0
620,92,38,38,18,2026-07-13,15:22:00,2026-07-13,06:37:00,2026-07-14,06:37:00,0.3,61,395.92,Gasolina,33.64,25.85,2997.6,869.59,3867.19,0,False,Entregada,Entrega realizada en tiempo,1
621,63,33,18,10,2026-07-16,17:06:00,2026-07-16,09:38:00,2026-07-17,10:54:00,2.67,16,411.89,Diesel,52.54,24.09,2954.45,1265.69,4220.14,76,True,Tardía,"Tráfico alto, Hora pico, Distancia larga",1
622,95,4,54,5,2026-05-08,05:11:00,2026-05-08,13:03:00,2026-05-08,13:03:00,0.99,49,339.93,Gasolina,57.13,23.98,2690.65,1369.98,4060.63,0,False,Entregada,Entrega realizada en tiempo,1
623,39,40,40,7,2026-07-14,07:42:00,2026-07-14,15:59:00,2026-07-14,15:59:00,1.47,67,316.3,Diesel,49.42,26.38,2764.5,1303.7,4068.2,0,False,Entregada,Entrega realizada en tiempo,1
624,26,19,43,32,2026-05-06,19:16:00,2026-05-06,03:26:00,2026-05-07,03:26:00,2.11,70,269.8,Diesel,26.58,26.58,2620.0,706.5,3326.5,0,False,Entregada,Entrega realizada en tiempo,0
625,70,2,49,3,2026-04-21,08:24:00,2026-04-21,19:54:00,2026-04-21,20:54:00,8.07,58,421.34,Diesel,84.95,24.11,3877.7,2048.14,5925.84,60,True,Tardía,"Hora pico, Distancia larga",1
626,23,36,43,50,2026-03-19,09:31:00,2026-03-19,18:32:00,2026-03-19,19:14:00,4.19,56,225.91,Diesel,26.64,26.29,2496.55,700.37,3196.92,42,True,Tardía,Hora pico,0
627,73,32,43,36,2026-06-25,20:36:00,2026-06-25,13:57:00,2026-06-26,13:57:00,0.72,61,483.94,Gasolina,43.84,25.56,3479.7,1120.55,4600.25,0,False,Entregada,Entrega realizada en tiempo,1
628,65,4,26,17,2026-05-07,15:39:00,2026-05-07,04:55:00,2026-05-08,04:55:00,1.11,46,369.97,Gasolina,62.18,23.85,2828.85,1482.99,4311.84,0,False,Entregada,Entrega realizada en tiempo,1
629,8,2,38,3,2026-02-02,14:22:00,2026-02-02,01:52:00,2026-02-03,02:48:00,14.59,75,377.52,Diesel,76.11,24.29,4446.6,1848.71,6295.31,56,True,Tardía,"Distancia larga, Carga pesada",1
630,45,23,27,23,2026-01-15,10:15:00,2026-01-15,19:36:00,2026-01-15,19:36:00,0.53,31,274.44,Gasolina,50.26,24.78,2173.2,1245.44,3418.64,0,False,Entregada,Entrega realizada en tiempo,1
631,89,5,56,20,2026-01-30,13:10:00,2026-01-30,03:26:00,2026-01-31,03:26:00,4.07,3,454.32,Diesel,57.08,24.11,3202.6,1376.2,4578.8,0,False,Entregada,Entrega realizada en tiempo,1
632,85,28,37,33,2026-04-18,11:01:00,2026-04-18,14:52:00,2026-04-18,14:52:00,0.93,61,106.1,Diesel,15.56,26.96,1611.5,419.5,2031.0,0,False,Entregada,Entrega realizada en tiempo,0
633,49,37,25,21,2026-05-27,08:51:00,2026-05-27,09:29:00,2026-05-27,10:00:00,1.31,63,26.49,Diesel,2.82,25.49,1267.45,71.88,1339.33,31,True,Tardía,Hora pico,0
634,98,22,11,40,2026-03-18,14:27:00,2026-03-18,02:01:00,2026-03-19,02:01:00,2.8,26,431.09,Diesel,41.69,26.54,3143.45,1106.45,4249.9,0,False,Entregada,Entrega realizada en tiempo,1
635,10,35,14,19,2026-03-09,06:19:00,2026-03-09,14:08:00,2026-03-09,14:08:00,0.69,74,320.79,Gasolina,43.29,23.68,2764.95,1025.11,3790.06,0,False,Entregada,Entrega realizada en tiempo,1
636,96,6,46,38,2026-01-25,13:17:00,2026-01-25,02:45:00,2026-01-26,02:45:00,1.3,9,450.52,Diesel,65.87,25.59,2954.6,1685.61,4640.21,0,False,Entregada,Entrega realizada en tiempo,1
637,55,14,23,5,2026-06-16,12:32:00,2026-06-16,20:24:00,2026-06-16,20:24:00,12.59,39,332.31,Diesel,35.81,25.62,3732.55,917.45,4650.0,0,False,Entregada,Entrega realizada en tiempo,1
638,26,27,26,17,2026-06-09,19:29:00,2026-06-09,08:45:00,2026-06-10,09:30:00,4.73,71,364.5,Diesel,46.85,25.73,3363.5,1205.45,4568.95,45,True,Tardía,"Hora pico, Distancia larga",1
639,28,30,18,41,2026-05-17,16:59:00,2026-05-17,04:40:00,2026-05-18,04:40:00,2.17,73,383.42,Diesel,32.94,24.18,3218.1,796.49,4014.59,0,False,Entregada,Entrega realizada en tiempo,1
640,26,24,30,10,2026-03-03,08:47:00,2026-03-03,01:19:00,2026-03-04,01:19:00,0.41,39,398.71,Diesel,37.37,25.23,2846.55,942.85,3789.4,0,False,Entregada,Entrega realizada en tiempo,1
641,9,14,55,27,2026-03-10,12:41:00,2026-03-10,23:07:00,2026-03-10,23:07:00,17.81,21,324.39,Diesel,34.96,25.8,4070.95,901.97,4972.92,0,False,Entregada,Entrega realizada en tiempo,1
642,52,16,8,10,2026-02-19,05:15:00,2026-02-19,21:47:00,2026-02-19,21:47:00,0.75,40,416.11,Gasolina,37.39,24.68,2975.55,922.79,3898.34,0,False,Entregada,Entrega realizada en tiempo,1
643,56,28,42,3,2026-02-21,09:17:00,2026-02-21,20:47:00,2026-02-21,21:37:00,0.52,18,405.3,Diesel,59.43,25.93,2722.5,1541.02,4263.52,50,True,Tardía,"Hora pico, Distancia larga",1
644,6,32,51,2,2026-01-15,07:20:00,2026-01-15,13:58:00,2026-01-15,14:28:00,0.61,78,287.33,Gasolina,26.03,25.69,2621.65,668.71,3290.36,30,True,Tardía,Hora pico,0
645,86,6,26,47,2026-08-04,08:15:00,2026-08-04,18:13:00,2026-08-04,18:13:00,1.76,15,350.74,Diesel,51.28,25.5,2549.7,1307.64,3857.34,0,False,Entregada,Entrega realizada en tiempo,1
646,16,34,43,38,2026-07-18,19:16:00,2026-07-18,08:44:00,2026-07-19,08:44:00,6.57,64,434.12,Diesel,36.06,24.71,3839.6,891.04,4730.64,0,False,Entregada,Entrega realizada en tiempo,1
647,16,21,22,38,2026-07-08,15:51:00,2026-07-08,05:19:00,2026-07-09,05:19:00,1.31,31,456.27,Diesel,63.81,24.65,3160.35,1572.92,4733.27,0,False,Entregada,Entrega realizada en tiempo,1
648,14,12,14,18,2026-04-23,16:16:00,2026-04-23,07:31:00,2026-04-24,08:20:00,1.05,76,391.69,Gasolina,56.04,23.95,3171.45,1342.16,4513.61,49,True,Tardía,"Distancia larga, Carga pesada",1
649,55,31,44,16,2026-03-13,08:23:00,2026-03-13,13:29:00,2026-03-13,13:29:00,0.35,61,181.51,Diesel,25.78,26.46,1930.55,682.14,2612.69,0,False,Entregada,Entrega realizada en tiempo,0
650,3,39,3,48,2026-06-19,06:44:00,2026-06-19,12:21:00,2026-06-19,13:02:00,0.79,31,146.95,Gasolina,11.86,24.92,1561.75,295.55,1857.3,41,True,Tardía,Tráfico alto,0
651,90,24,58,44,2026-02-01,20:55:00,2026-02-01,23:05:00,2026-02-01,23:05:00,0.37,31,59.76,Diesel,5.6,25.17,1083.8,140.95,1224.75,0,False,Entregada,Entrega realizada en tiempo,0
652,51,17,20,6,2026-07-30,10:19:00,2026-07-30,17:13:00,2026-07-30,17:13:00,8.49,27,237.41,Diesel,42.17,24.48,2752.05,1032.32,3784.37,0,False,Entregada,Entrega realizada en tiempo,1
653,57,21,57,50,2026-06-14,16:50:00,2026-06-14,01:51:00,2026-06-15,01:51:00,0.7,5,234.55,Diesel,32.8,24.24,1782.75,795.07,2577.82,0,False,Entregada,Entrega realizada en tiempo,0
654,100,32,31,48,2026-04-16,13:45:00,2026-04-16,19:22:00,2026-04-16,19:22:00,0.49,55,140.96,Gasolina,12.77,25.46,1693.8,325.12,2018.92,0,False,Entregada,Entrega realizada en tiempo,0
655,21,17,33,5,2026-04-01,16:38:00,2026-04-01,00:30:00,2026-04-02,00:30:00,5.01,71,299.99,Diesel,53.28,25.36,3068.95,1351.18,4420.13,0,False,Entregada,Entrega realizada en tiempo,1
656,4,4,42,42,2026-02-17,17:50:00,2026-02-17,21:01:00,2026-02-17,21:42:00,1.41,18,92.58,Gasolina,15.56,23.92,1247.9,372.2,1620.1,41,True,Tardía,Hora pico,0
657,74,6,8,11,2026-03-05,19:45:00,2026-03-05,00:27:00,2026-03-06,00:27:00,6.39,17,147.41,Diesel,21.55,26.06,2012.05,561.59,2573.64,0,False,Entregada,Entrega realizada en tiempo,0
658,41,29,31,48,2026-02-04,11:11:00,2026-02-04,16:48:00,2026-02-04,16:48:00,1.26,76,154.52,Diesel,16.15,26.4,2006.6,426.36,2432.96,0,False,Entregada,Entrega realizada en tiempo,0
659,26,6,27,24,2026-02-16,15:56:00,2026-02-16,00:33:00,2026-02-17,00:33:00,3.92,49,305.33,Diesel,44.64,26.65,2810.65,1189.66,4000.31,0,False,Entregada,Entrega realizada en tiempo,1
660,29,2,2,36,2026-06-15,10:58:00,2026-06-15,04:19:00,2026-06-16,04:19:00,11.09,12,487.56,Diesel,98.3,24.59,4142.8,2417.2,6560.0,0,False,Entregada,Entrega realizada en tiempo,1
661,90,11,4,26,2026-06-08,16:38:00,2026-06-08,04:51:00,2026-06-09,05:22:00,5.63,34,361.98,Diesel,75.73,26.84,3144.9,2032.59,5177.49,31,True,Tardía,Distancia larga,1
662,16,1,46,34,2026-04-22,17:52:00,2026-04-22,21:26:00,2026-04-22,21:53:00,1.27,64,146.79,Gasolina,14.17,25.84,1872.95,366.15,2239.1,27,True,Tardía,Hora pico,0
663,35,19,48,32,2026-04-08,08:27:00,2026-04-08,16:37:00,2026-04-08,16:37:00,0.65,27,250.88,Diesel,24.72,26.99,2035.4,667.19,2702.59,0,False,Entregada,Entrega realizada en tiempo,0
664,37,13,27,12,2026-04-15,08:01:00,2026-04-15,20:44:00,2026-04-15,20:44:00,1.91,38,365.86,Gasolina,29.84,23.71,2824.3,707.51,3531.81,0,False,Entregada,Entrega realizada en tiempo,1
665,58,16,24,38,2026-06-25,17:05:00,2026-06-25,06:33:00,2026-06-26,07:43:00,0.89,2,415.07,Gasolina,37.29,25.13,2680.35,937.1,3617.45,70,True,Tardía,"Tráfico alto, Hora pico, Distancia larga",1
666,95,39,17,5,2026-01-25,20:03:00,2026-01-25,03:55:00,2026-01-26,03:55:00,0.75,7,301.8,Gasolina,24.36,23.7,2140.0,577.33,2717.33,0,False,Entregada,Entrega realizada en tiempo,0
667,46,39,43,39,2026-07-01,06:00:00,2026-07-01,23:53:00,2026-07-01,23:53:00,0.66,33,479.76,Gasolina,38.72,24.14,3228.8,934.7,4163.5,0,False,Entregada,Entrega realizada en tiempo,1
668,51,24,9,36,2026-01-11,09:16:00,2026-01-11,02:37:00,2026-01-12,02:37:00,0.96,22,459.62,Diesel,43.08,26.79,3070.1,1154.11,4224.21,0,False,Entregada,Entrega realizada en tiempo,1
669,60,9,6,21,2026-07-01,19:27:00,2026-07-01,20:05:00,2026-07-01,20:31:00,0.89,19,27.19,Gasolina,2.22,25.94,876.95,57.59,934.54,26,True,Tardía,Hora pico,0
670,64,18,48,24,2026-04-21,12:57:00,2026-04-21,21:34:00,2026-04-21,21:34:00,1.11,34,309.31,Diesel,28.96,26.28,2429.55,761.07,3190.62,0,False,Entregada,Entrega realizada en tiempo,0
671,34,34,21,28,2026-02-12,13:47:00,2026-02-12,19:01:00,2026-02-12,19:01:00,2.6,63,204.57,Diesel,16.99,24.45,2286.85,415.41,2702.26,0,False,Entregada,Entrega realizada en tiempo,0
672,85,29,4,13,2026-02-08,06:14:00,2026-02-08,13:25:00,2026-02-08,13:50:00,1.71,24,262.12,Diesel,27.39,26.12,2173.6,715.43,2889.03,25,True,Tardía,Carga pesada,0
673,56,8,58,32,2026-01-11,17:22:00,2026-01-11,01:32:00,2026-01-12,01:32:00,19.14,72,248.93,Diesel,26.6,25.48,4234.65,677.77,4912.42,0,False,Entregada,Entrega realizada en tiempo,1
674,93,10,8,23,2026-01-24,09:55:00,2026-01-24,19:16:00,2026-01-24,19:52:00,1.03,37,247.72,Gasolina,24.85,25.47,2137.6,632.93,2770.53,36,True,Tardía,Hora pico,0
675,73,38,14,38,2026-01-02,19:49:00,2026-01-02,09:17:00,2026-01-03,10:14:00,0.84,74,408.93,Gasolina,34.74,25.66,3220.65,891.43,4112.08,57,True,Tardía,"Tráfico alto, Hora pico, Distancia larga",1
676,4,19,44,44,2026-02-01,15:23:00,2026-02-01,17:33:00,2026-02-01,17:33:00,6.34,76,68.36,Diesel,6.73,24.32,2083.8,163.67,2247.47,0,False,Entregada,Entrega realizada en tiempo,0
677,42,10,2,6,2026-04-28,18:29:00,2026-04-28,01:23:00,2026-04-29,01:23:00,1.14,35,229.93,Gasolina,23.06,23.02,2043.65,530.84,2574.49,0,False,Entregada,Entrega realizada en tiempo,0
678,6,40,29,21,2026-07-07,08:13:00,2026-07-07,08:51:00,2026-07-07,08:51:00,3.8,7,24.01,Diesel,3.75,24.85,1056.05,93.19,1149.24,0,False,Entregada,Entrega realizada en tiempo,0
679,8,5,36,39,2026-04-08,07:25:00,2026-04-08,01:18:00,2026-04-09,01:52:00,3.59,33,421.51,Diesel,52.95,26.56,3230.55,1406.35,4636.9,34,True,Tardía,"Hora pico, Distancia larga",1
680,21,25,50,26,2026-03-14,08:07:00,2026-03-14,20:20:00,2026-03-14,21:16:00,10.39,39,361.71,Diesel,76.96,26.0,3659.55,2000.96,5660.51,56,True,Tardía,"Hora pico, Distancia larga, Carga pesada",1
681,48,33,13,32,2026-04-25,15:30:00,2026-04-25,23:40:00,2026-04-25,23:40:00,1.31,35,243.07,Diesel,31.0,25.27,2126.35,783.37,2909.72,0,False,Entregada,Entrega realizada en tiempo,0
682,97,28,52,24,2026-06-07,09:27:00,2026-06-07,18:04:00,2026-06-07,19:04:00,0.57,55,321.4,Diesel,47.13,26.03,2604.0,1226.79,3830.79,60,True,Tardía,"Hora pico, Distancia larga",1
683,83,10,60,32,2026-05-15,19:05:00,2026-05-15,03:15:00,2026-05-16,03:15:00,0.89,38,267.74,Gasolina,26.85,23.24,2231.7,623.99,2855.69,0,False,Entregada,Entrega realizada en tiempo,0
684,62,20,10,9,2026-06-25,12:53:00,2026-06-25,17:21:00,2026-06-25,17:21:00,0.92,32,191.4,Gasolina,25.97,23.89,1805.0,620.42,2425.42,0,False,Entregada,Entrega realizada en tiempo,0
685,7,36,5,3,2026-05-12,08:32:00,2026-05-12,20:02:00,2026-05-12,20:02:00,6.38,55,376.03,Diesel,44.34,25.39,3458.15,1125.79,4583.94,0,False,Entregada,Entrega realizada en tiempo,1
686,93,37,53,17,2026-04-01,11:37:00,2026-04-01,00:53:00,2026-04-02,00:53:00,4.56,11,323.28,Diesel,34.46,24.05,2660.4,828.76,3489.16,0,False,Entregada,Entrega realizada en tiempo,1
687,95,30,12,12,2026-08-04,15:02:00,2026-08-04,03:45:00,2026-08-05,03:45:00,2.06,11,381.11,Diesel,32.74,26.11,2699.55,854.84,3554.39,0,False,Entregada,Entrega realizada en tiempo,1
688,41,38,47,30,2026-07-13,17:39:00,2026-07-13,01:11:00,2026-07-14,01:11:00,0.94,34,212.4,Gasolina,18.05,25.75,1928.0,464.79,2392.79,0,False,Entregada,Entrega realizada en tiempo,0
689,24,14,12,6,2026-07-11,11:55:00,2026-07-11,18:49:00,2026-07-11,18:49:00,22.31,14,266.14,Diesel,28.68,24.05,4173.7,689.75,4863.45,0,False,Entregada,Entrega realizada en tiempo,1
690,51,8,1,11,2026-06-17,18:29:00,2026-06-17,23:11:00,2026-06-17,23:11:00,7.05,52,126.48,Diesel,13.51,26.9,2253.4,363.42,2616.82,0,False,Entregada,Entrega realizada en tiempo,0
691,78,32,20,40,2026-07-28,14:44:00,2026-07-28,02:18:00,2026-07-29,02:18:00,0.53,51,380.87,Gasolina,34.5,23.26,2865.35,802.47,3667.82,0,False,Entregada,Entrega realizada en tiempo,1
692,18,1,13,8,2026-07-28,05:44:00,2026-07-28,13:17:00,2026-07-28,13:17:00,1.22,25,189.88,Gasolina,18.33,23.63,1771.4,433.14,2204.54,0,False,Entregada,Entrega realizada en tiempo,0
693,84,10,42,16,2026-04-22,20:12:00,2026-04-22,01:18:00,2026-04-23,01:18:00,1.5,12,178.74,Gasolina,17.93,24.39,1639.7,437.31,2077.01,0,False,Entregada,Entrega realizada en tiempo,0
694,61,28,2,8,2026-02-12,08:47:00,2026-02-12,16:20:00,2026-02-12,16:20:00,0.87,57,181.92,Diesel,26.67,25.41,1952.6,677.68,2630.28,0,False,Entregada,Entrega realizada en tiempo,0
695,58,38,16,13,2026-03-17,15:03:00,2026-03-17,22:14:00,2026-03-17,22:55:00,0.93,43,281.09,Gasolina,23.88,25.94,2342.45,619.45,2961.9,41,True,Tardía,Carga pesada,0
696,64,38,39,47,2026-05-22,12:02:00,2026-05-22,22:00:00,2026-05-22,23:14:00,0.61,63,345.02,Gasolina,29.31,23.7,2790.1,694.65,3484.75,74,True,Tardía,"Tráfico alto, Distancia larga",1
697,8,34,2,28,2026-05-28,13:35:00,2026-05-28,18:49:00,2026-05-28,18:49:00,12.25,9,175.44,Diesel,14.57,25.94,2674.2,377.95,3052.15,0,False,Entregada,Entrega realizada en tiempo,0
698,61,8,32,40,2026-06-15,14:28:00,2026-06-15,02:02:00,2026-06-16,02:32:00,11.51,56,398.29,Diesel,42.55,25.41,4090.45,1081.2,5171.65,30,True,Tardía,Distancia larga,1
699,57,15,33,15,2026-05-31,13:58:00,2026-05-31,04:26:00,2026-06-01,04:26:00,0.78,78,416.75,Diesel,85.75,26.15,3285.75,2242.36,5528.11,0,False,Entregada,Entrega realizada en tiempo,1
700,60,9,57,19,2026-07-05,15:26:00,2026-07-05,23:15:00,2026-07-05,23:15:00,0.26,47,282.79,Gasolina,23.12,25.4,2315.95,587.25,2903.2,0,False,Entregada,Entrega realizada en tiempo,0
701,21,40,14,19,2026-06-26,07:42:00,2026-06-26,15:31:00,2026-06-26,16:17:00,1.8,62,338.3,Diesel,52.86,24.3,2867.5,1284.5,4152.0,46,True,Tardía,"Hora pico, Distancia larga",1
702,54,32,20,16,2026-02-23,20:03:00,2026-02-23,01:09:00,2026-02-24,01:09:00,0.65,3,189.51,Gasolina,17.17,23.78,1536.55,408.3,1944.85,0,False,Entregada,Entrega realizada en tiempo,0
703,87,11,12,33,2026-01-09,07:21:00,2026-01-09,11:12:00,2026-01-09,11:37:00,3.75,56,105.24,Diesel,22.02,25.69,1849.2,565.69,2414.89,25,True,Tardía,Hora pico,0
704,63,17,22,23,2026-07-16,06:49:00,2026-07-16,16:10:00,2026-07-16,16:10:00,4.89,72,265.66,Diesel,47.19,24.45,2893.3,1153.8,4047.1,0,False,Entregada,Entrega realizada en tiempo,1
705,89,33,39,43,2026-01-27,06:59:00,2026-01-27,22:26:00,2026-01-27,22:26:00,0.58,57,455.58,Diesel,58.11,26.89,3291.9,1562.58,4854.48,0,False,Entregada,Entrega realizada en tiempo,1
706,97,8,7,40,2026-06-06,08:52:00,2026-06-06,20:26:00,2026-06-06,20:57:00,5.06,72,415.38,Diesel,44.38,26.61,3658.9,1180.95,4839.85,31,True,Tardía,"Hora pico, Distancia larga",1
707,47,11,47,19,2026-07-01,17:48:00,2026-07-01,01:37:00,2026-07-02,01:37:00,5.54,65,290.27,Diesel,60.73,26.61,3025.35,1616.03,4641.38,0,False,Entregada,Entrega realizada en tiempo,1
708,20,24,22,9,2026-02-01,09:28:00,2026-02-01,13:56:00,2026-02-01,13:56:00,0.33,54,184.35,Diesel,17.28,24.02,1886.75,415.07,2301.82,0,False,Entregada,Entrega realizada en tiempo,0
709,61,22,19,33,2026-02-13,07:17:00,2026-02-13,11:08:00,2026-02-13,11:08:00,4.55,48,99.96,Diesel,9.67,25.25,1838.8,244.17,2082.97,0,False,Entregada,Entrega realizada en tiempo,0
710,81,16,10,49,2026-07-12,19:26:00,2026-07-12,11:14:00,2026-07-13,12:25:00,1.2,30,377.74,Gasolina,33.94,25.86,2748.7,877.69,3626.39,71,True,Tardía,"Hora pico, Distancia larga, Carga pesada",1
711,67,24,2,29,2026-02-07,05:45:00,2026-02-07,10:53:00,2026-02-07,10:53:00,1.72,67,143.25,Diesel,13.43,24.25,1924.25,325.68,2249.93,0,False,Entregada,Entrega realizada en tiempo,0
712,41,26,50,11,2026-04-22,06:25:00,2026-04-22,11:07:00,2026-04-22,11:07:00,0.34,5,128.09,Gasolina,18.27,24.92,1214.45,455.29,1669.74,0,False,Entregada,Entrega realizada en tiempo,0
713,74,4,41,46,2026-07-24,19:18:00,2026-07-24,10:08:00,2026-07-25,11:04:00,0.38,54,401.5,Gasolina,67.48,25.73,2977.5,1736.26,4713.76,56,True,Tardía,"Hora pico, Distancia larga",1
714,2,18,58,34,2026-06-06,08:44:00,2026-06-06,12:18:00,2026-06-06,12:18:00,0.59,52,153.18,Diesel,14.34,24.62,1740.9,353.05,2093.95,0,False,Entregada,Entrega realizada en tiempo,0
715,70,40,51,40,2026-06-16,17:44:00,2026-06-16,05:18:00,2026-06-17,05:18:00,0.94,45,406.86,Diesel,63.57,26.34,2988.3,1674.43,4662.73,0,False,Entregada,Entrega realizada en tiempo,1
716,52,13,57,20,2026-01-22,06:34:00,2026-01-22,20:50:00,2026-01-22,20:50:00,1.98,43,452.22,Gasolina,36.89,25.16,3303.1,928.15,4231.25,0,False,Entregada,Entrega realizada en tiempo,1
717,17,34,35,19,2026-02-24,07:32:00,2026-02-24,15:21:00,2026-02-24,16:06:00,9.9,71,299.4,Diesel,24.87,24.48,3555.0,608.82,4163.82,45,True,Tardía,Hora pico,1
718,4,35,38,17,2026-03-03,12:46:00,2026-03-03,02:02:00,2026-03-04,02:02:00,0.92,55,350.56,Gasolina,47.31,23.33,2784.8,1103.74,3888.54,0,False,Entregada,Entrega realizada en tiempo,1
719,8,24,17,41,2026-05-10,14:07:00,2026-05-10,01:48:00,2026-05-11,01:48:00,1.13,7,376.78,Diesel,35.31,26.82,2552.9,947.01,3499.91,0,False,Entregada,Entrega realizada en tiempo,1
720,58,20,37,48,2026-01-02,17:21:00,2026-01-02,22:58:00,2026-01-02,22:58:00,1.48,31,152.08,Gasolina,20.64,25.97,1656.4,536.02,2192.42,0,False,Entregada,Entrega realizada en tiempo,0
721,73,35,55,39,2026-03-01,14:19:00,2026-03-01,08:12:00,2026-03-02,08:12:00,0.42,37,445.92,Gasolina,60.18,25.45,3067.6,1531.58,4599.18,0,False,Entregada,Entrega realizada en tiempo,1
722,74,9,46,25,2026-05-14,10:06:00,2026-05-14,19:32:00,2026-05-14,19:32:00,0.56,42,363.92,Gasolina,29.76,23.58,2711.6,701.74,3413.34,0,False,Entregada,Entrega realizada en tiempo,0
723,100,24,30,7,2026-02-07,16:53:00,2026-02-07,01:10:00,2026-02-08,01:53:00,1.81,53,328.31,Diesel,30.77,25.43,2746.55,782.48,3529.03,43,True,Tardía,"Tráfico alto, Distancia larga",1
724,58,5,24,44,2026-05-15,15:37:00,2026-05-15,17:47:00,2026-05-15,17:47:00,0.3,72,63.84,Diesel,8.02,25.18,1425.2,201.94,1627.14,0,False,Entregada,Entrega realizada en tiempo,0
725,34,38,32,41,2026-04-19,17:44:00,2026-04-19,05:25:00,2026-04-20,05:25:00,0.61,63,368.17,Gasolina,31.28,24.25,2905.85,758.54,3664.39,0,False,Entregada,Entrega realizada en tiempo,1
726,21,10,33,9,2026-05-05,17:08:00,2026-05-05,21:36:00,2026-05-05,21:36:00,0.55,66,183.67,Gasolina,18.42,23.35,2001.35,430.11,2431.46,0,False,Entregada,Entrega realizada en tiempo,0
727,28,30,31,3,2026-07-11,09:35:00,2026-07-11,21:05:00,2026-07-11,21:05:00,0.51,48,400.82,Diesel,34.43,24.36,2939.1,838.71,3777.81,0,False,Entregada,Entrega realizada en tiempo,1
728,53,8,8,24,2026-05-27,12:02:00,2026-05-27,20:39:00,2026-05-27,21:00:00,5.04,67,286.05,Diesel,30.56,24.91,2970.25,761.25,3731.5,21,True,Tardía,Incidencia operativa,1
729,48,20,19,32,2026-01-08,08:09:00,2026-01-08,16:19:00,2026-01-08,16:19:00,0.55,76,270.41,Gasolina,36.69,25.81,2515.05,946.97,3462.02,0,False,Entregada,Entrega realizada en tiempo,0
730,40,19,14,12,2026-07-29,18:00:00,2026-07-29,06:43:00,2026-07-30,06:43:00,6.16,16,424.12,Diesel,41.79,24.2,3364.6,1011.32,4375.92,0,False,Entregada,Entrega realizada en tiempo,1
731,6,27,31,37,2026-03-21,17:57:00,2026-03-21,22:28:00,2026-03-21,22:28:00,13.36,44,174.14,Diesel,22.38,25.43,3058.7,569.12,3627.82,0,False,Entregada,Entrega realizada en tiempo,0
732,93,39,9,49,2026-02-05,19:40:00,2026-02-05,11:28:00,2026-02-06,11:28:00,0.76,59,408.9,Gasolina,33.0,25.0,3092.5,825.0,3917.5,0,False,Entregada,Entrega realizada en tiempo,1
733,20,21,6,40,2026-06-20,16:24:00,2026-06-20,03:58:00,2026-06-21,03:58:00,1.51,30,375.04,Diesel,52.45,25.02,2766.2,1312.3,4078.5,0,False,Entregada,Entrega realizada en tiempo,1
734,6,29,48,18,2026-06-15,07:55:00,2026-06-15,23:10:00,2026-06-15,23:10:00,0.99,22,393.42,Diesel,41.11,25.72,2742.1,1057.35,3799.45,0,False,Entregada,Entrega realizada en tiempo,1
735,99,20,36,42,2026-02-01,20:05:00,2026-02-01,23:16:00,2026-02-01,23:16:00,0.67,25,101.93,Gasolina,13.83,24.63,1276.65,340.63,1617.28,0,False,Entregada,Entrega realizada en tiempo,0
736,97,4,37,34,2026-02-18,18:32:00,2026-02-18,22:06:00,2026-02-18,22:43:00,0.92,3,144.27,Gasolina,24.25,25.89,1337.35,627.83,1965.18,37,True,Tardía,Hora pico,0
737,36,14,16,46,2026-08-03,17:05:00,2026-08-03,07:55:00,2026-08-04,07:55:00,11.02,69,413.91,Diesel,44.6,25.21,4223.55,1124.37,5347.92,0,False,Entregada,Entrega realizada en tiempo,1
738,6,32,56,2,2026-03-29,16:11:00,2026-03-29,22:49:00,2026-03-29,23:15:00,0.84,54,282.53,Gasolina,25.59,23.95,2428.65,612.88,3041.53,26,True,Tardía,Incidencia operativa,0
739,33,6,8,7,2026-05-19,09:18:00,2026-05-19,17:35:00,2026-05-19,18:48:00,11.15,19,329.36,Diesel,48.15,24.51,3413.8,1180.16,4593.96,73,True,Tardía,"Tráfico alto, Hora pico, Distancia larga, Carga pesada",1
740,79,21,12,2,2026-07-02,06:19:00,2026-07-02,12:57:00,2026-07-02,13:11:00,0.69,50,272.32,Diesel,38.09,25.24,2330.6,961.39,3291.99,14,True,Tardía,Incidencia operativa,0
741,42,17,25,8,2026-01-14,09:15:00,2026-01-14,16:48:00,2026-01-14,16:48:00,4.26,77,186.47,Diesel,33.12,25.48,2474.35,843.9,3318.25,0,False,Entregada,Entrega realizada en tiempo,0
742,97,33,25,8,2026-03-10,06:20:00,2026-03-10,13:53:00,2026-03-10,13:53:00,3.25,60,178.42,Diesel,22.76,24.2,2197.1,550.79,2747.89,0,False,Entregada,Entrega realizada en tiempo,0
743,4,27,41,15,2026-08-15,05:17:00,2026-08-15,19:45:00,2026-08-15,19:45:00,24.53,71,424.4,Diesel,54.55,26.03,5643.0,1419.94,7062.94,0,False,Entregada,Entrega realizada en tiempo,1
744,32,36,42,9,2026-03-19,16:28:00,2026-03-19,20:56:00,2026-03-19,20:56:00,4.82,11,180.3,Diesel,21.26,25.5,1971.5,542.13,2513.63,0,False,Entregada,Entrega realizada en tiempo,0
745,19,24,35,11,2026-07-20,10:34:00,2026-07-20,15:16:00,2026-07-20,15:16:00,2.16,55,141.03,Diesel,13.22,25.67,1861.15,339.36,2200.51,0,False,Entregada,Entrega realizada en tiempo,0
746,6,1,53,30,2026-08-01,12:41:00,2026-08-01,20:13:00,2026-08-01,20:38:00,1.1,22,182.1,Gasolina,17.58,23.82,1696.5,418.76,2115.26,25,True,Tardía,Incidencia operativa,0
747,33,25,23,41,2026-02-24,19:18:00,2026-02-24,06:59:00,2026-02-25,08:15:00,5.84,6,378.28,Diesel,80.49,24.27,3023.4,1953.49,4976.89,76,True,Tardía,"Tráfico alto, Hora pico, Distancia larga",1
748,90,8,54,9,2026-07-05,20:17:00,2026-07-05,00:45:00,2026-07-06,00:45:00,16.79,56,175.4,Diesel,18.74,25.51,3504.0,478.06,3982.06,0,False,Entregada,Entrega realizada en tiempo,0
749,41,22,41,17,2026-07-12,17:17:00,2026-07-12,06:33:00,2026-07-13,06:33:00,6.64,32,318.32,Diesel,30.79,24.96,3011.6,768.52,3780.12,0,False,Entregada,Entrega realizada en tiempo,1
750,27,30,39,22,2026-01-05,08:41:00,2026-01-05,09:17:00,2026-01-05,09:17:00,0.39,1,24.25,Diesel,2.08,24.01,668.25,49.94,718.19,0,False,Entregada,Entrega realizada en tiempo,0
751,2,12,27,36,2026-06-28,18:48:00,2026-06-28,12:09:00,2026-06-29,12:09:00,0.26,51,409.23,Gasolina,58.55,25.36,2980.15,1484.83,4464.98,0,False,Entregada,Entrega realizada en tiempo,1
752,84,5,35,2,2026-08-02,17:43:00,2026-08-02,00:21:00,2026-08-03,00:21:00,0.31,16,285.76,Diesel,35.9,26.44,2087.8,949.2,3037.0,0,False,Entregada,Entrega realizada en tiempo,0
753,77,23,25,12,2026-08-03,05:07:00,2026-08-03,17:50:00,2026-08-03,17:50:00,1.36,60,379.08,Gasolina,69.43,23.58,3011.4,1637.16,4648.56,0,False,Entregada,Entrega realizada en tiempo,1
754,2,15,48,2,2026-07-14,11:43:00,2026-07-14,18:21:00,2026-07-14,18:50:00,1.37,46,255.37,Diesel,52.55,25.88,2281.85,1359.99,3641.84,29,True,Tardía,Incidencia operativa,1
755,92,15,15,32,2026-04-03,06:17:00,2026-04-03,14:27:00,2026-04-03,14:27:00,3.25,64,255.56,Diesel,52.58,26.12,2614.8,1373.39,3988.19,0,False,Entregada,Entrega realizada en tiempo,1
756,27,1,13,41,2026-04-12,08:55:00,2026-04-12,20:36:00,2026-04-12,20:36:00,0.47,36,380.13,Gasolina,36.69,24.48,2735.65,898.17,3633.82,0,False,Entregada,Entrega realizada en tiempo,1
757,71,13,43,48,2026-05-25,09:04:00,2026-05-25,14:41:00,2026-05-25,15:20:00,0.38,76,158.24,Gasolina,12.91,25.8,1937.2,333.08,2270.28,39,True,Tardía,"Tráfico alto, Hora pico",0
758,30,34,47,18,2026-02-19,05:44:00,2026-02-19,20:59:00,2026-02-19,20:59:00,12.25,69,402.66,Diesel,33.44,26.04,4290.3,870.78,5161.08,0,False,Entregada,Entrega realizada en tiempo,1
759,59,1,28,42,2026-06-22,06:54:00,2026-06-22,10:05:00,2026-06-22,10:05:00,0.23,42,89.76,Gasolina,8.66,25.99,1307.8,225.07,1532.87,0,False,Entregada,Entrega realizada en tiempo,0
760,36,8,44,34,2026-04-30,18:23:00,2026-04-30,21:57:00,2026-04-30,21:57:00,21.97,67,142.01,Diesel,15.17,26.65,3943.05,404.28,4347.33,0,False,Entregada,Entrega realizada en tiempo,1
761,29,4,18,27,2026-05-17,17:20:00,2026-05-17,03:46:00,2026-05-18,03:46:00,1.36,1,325.46,Gasolina,54.7,24.0,2271.3,1312.8,3584.1,0,False,Entregada,Entrega realizada en tiempo,1
762,74,2,48,15,2026-06-26,16:04:00,2026-06-26,06:32:00,2026-06-27,07:06:00,6.42,32,403.57,Diesel,81.36,24.19,3415.85,1968.1,5383.95,34,True,Tardía,Distancia larga,1
763,81,7,2,31,2026-04-21,05:37:00,2026-04-21,16:45:00,2026-04-21,16:45:00,0.85,43,312.66,Diesel,51.26,24.74,2492.3,1268.17,3760.47,0,False,Entregada,Entrega realizada en tiempo,1
764,61,16,22,4,2026-07-30,13:33:00,2026-07-30,14:51:00,2026-07-30,14:51:00,0.98,31,40.49,Gasolina,3.64,25.33,1048.45,92.2,1140.65,0,False,Entregada,Entrega realizada en tiempo,0
765,80,29,49,7,2026-06-10,17:37:00,2026-06-10,01:54:00,2026-06-11,02:33:00,1.06,16,285.04,Diesel,29.78,24.94,2159.2,742.71,2901.91,39,True,Tardía,"Tráfico alto, Hora pico",0
766,89,5,51,9,2026-01-16,17:03:00,2026-01-16,21:31:00,2026-01-16,21:31:00,9.33,39,184.95,Diesel,23.23,25.3,2669.75,587.72,3257.47,0,False,Entregada,Entrega realizada en tiempo,0
767,14,4,36,4,2026-03-17,15:25:00,2026-03-17,16:43:00,2026-03-17,16:43:00,0.64,13,43.01,Gasolina,7.23,24.23,883.05,175.18,1058.23,0,False,Entregada,Entrega realizada en tiempo,0
768,77,40,1,30,2026-04-09,17:50:00,2026-04-09,01:22:00,2026-04-10,01:22:00,7.34,55,201.6,Diesel,31.5,25.86,2682.0,814.59,3496.59,0,False,Entregada,Entrega realizada en tiempo,0
769,44,2,30,34,2026-03-26,09:06:00,2026-03-26,12:40:00,2026-03-26,13:15:00,12.37,14,156.54,Diesel,31.56,26.37,2631.7,832.24,3463.94,35,True,Tardía,Hora pico,0
770,25,37,9,41,2026-05-11,11:22:00,2026-05-11,23:03:00,2026-05-11,23:03:00,3.27,54,376.58,Diesel,40.15,25.86,3141.9,1038.28,4180.18,0,False,Entregada,Entrega realizada en tiempo,1
771,24,16,9,3,2026-01-16,08:19:00,2026-01-16,19:49:00,2026-01-16,19:49:00,0.54,75,430.6,Gasolina,38.69,25.88,3307.0,1001.3,4308.3,0,False,Entregada,Entrega realizada en tiempo,1
772,97,23,20,38,2026-08-15,20:49:00,2026-08-15,10:17:00,2026-08-16,11:20:00,0.55,19,429.42,Gasolina,78.65,23.87,2854.1,1877.38,4731.48,63,True,Tardía,"Tráfico alto, Distancia larga",1
773,2,34,38,43,2026-06-23,08:03:00,2026-06-23,23:30:00,2026-06-23,23:30:00,7.01,31,438.56,Diesel,36.43,26.51,3641.8,965.76,4607.56,0,False,Entregada,Entrega realizada en tiempo,1
774,7,28,23,13,2026-02-21,09:50:00,2026-02-21,17:01:00,2026-02-21,17:01:00,0.7,9,282.09,Diesel,41.36,26.0,2052.45,1075.36,3127.81,0,False,Entregada,Entrega realizada en tiempo,0
775,89,30,39,45,2026-03-26,13:39:00,2026-03-26,01:50:00,2026-03-27,01:50:00,0.75,39,434.27,Diesel,37.31,24.49,3058.35,913.72,3972.07,0,False,Entregada,Entrega realizada en tiempo,1
776,59,3,32,15,2026-01-01,10:44:00,2026-01-01,01:12:00,2026-01-02,01:12:00,4.67,30,459.05,Diesel,98.51,24.64,3502.25,2427.29,5929.54,0,False,Entregada,Entrega realizada en tiempo,1
777,62,22,52,48,2026-04-07,09:25:00,2026-04-07,15:02:00,2026-04-07,15:02:00,6.32,24,147.29,Diesel,14.24,24.02,2060.45,342.04,2402.49,0,False,Entregada,Entrega realizada en tiempo,0
778,2,5,23,2,2026-05-23,08:09:00,2026-05-23,14:47:00,2026-05-23,14:47:00,7.89,38,280.99,Diesel,35.3,25.89,2997.95,913.92,3911.87,0,False,Entregada,Entrega realizada en tiempo,1
779,98,24,3,2,2026-02-20,09:18:00,2026-02-20,15:56:00,2026-02-20,16:34:00,2.06,23,283.88,Diesel,26.61,26.54,2309.4,706.23,3015.63,38,True,Tardía,"Hora pico, Carga pesada",0
780,32,12,13,2,2026-02-15,11:58:00,2026-02-15,18:36:00,2026-02-15,18:50:00,0.42,13,275.67,Gasolina,39.44,24.14,2024.35,952.08,2976.43,14,True,Tardía,Incidencia operativa,0
781,15,22,60,14,2026-03-20,17:15:00,2026-03-20,19:38:00,2026-03-20,19:38:00,4.56,48,67.14,Diesel,6.49,25.98,1675.7,168.61,1844.31,0,False,Entregada,Entrega realizada en tiempo,0
782,68,40,57,28,2026-08-13,07:07:00,2026-08-13,12:21:00,2026-08-13,12:21:00,8.84,19,196.87,Diesel,30.76,24.39,2520.35,750.24,3270.59,0,False,Entregada,Entrega realizada en tiempo,0
783,25,13,35,25,2026-06-27,14:20:00,2026-06-27,23:46:00,2026-06-27,23:46:00,1.37,77,321.5,Gasolina,26.22,24.91,2860.5,653.14,3513.64,0,False,Entregada,Entrega realizada en tiempo,0
784,6,40,38,13,2026-08-07,20:18:00,2026-08-07,03:29:00,2026-08-08,03:29:00,6.67,20,284.15,Diesel,44.4,24.16,2747.75,1072.7,3820.45,0,False,Entregada,Entrega realizada en tiempo,1
785,36,9,55,33,2026-05-30,18:13:00,2026-05-30,22:04:00,2026-05-30,22:04:00,1.02,11,99.65,Gasolina,8.15,25.37,1188.25,206.77,1395.02,0,False,Entregada,Entrega realizada en tiempo,0
786,79,5,11,33,2026-04-10,19:23:00,2026-04-10,23:14:00,2026-04-10,23:14:00,1.75,64,101.49,Diesel,12.75,24.54,1694.45,312.88,2007.33,0,False,Entregada,Entrega realizada en tiempo,0
787,92,24,34,45,2026-05-04,18:30:00,2026-05-04,06:41:00,2026-05-05,06:41:00,1.79,35,496.33,Diesel,46.52,25.91,3440.65,1205.33,4645.98,0,False,Entregada,Entrega realizada en tiempo,1
788,75,3,14,15,2026-02-21,17:55:00,2026-02-21,08:23:00,2026-02-22,08:23:00,5.03,31,428.02,Diesel,91.85,24.92,3391.1,2288.9,5680.0,0,False,Entregada,Entrega realizada en tiempo,1
789,49,37,11,24,2026-03-07,20:05:00,2026-03-07,04:42:00,2026-03-08,04:42:00,4.14,18,329.34,Diesel,35.11,24.89,2704.7,873.89,3578.59,0,False,Entregada,Entrega realizada en tiempo,1
790,67,23,15,38,2026-01-11,17:32:00,2026-01-11,07:00:00,2026-01-12,08:24:00,1.05,80,447.71,Gasolina,82.0,24.1,3483.55,1976.2,5459.75,84,True,Tardía,"Tráfico alto, Hora pico, Distancia larga",1
791,64,21,18,25,2026-01-07,09:28:00,2026-01-07,18:54:00,2026-01-07,19:29:00,0.99,30,329.34,Diesel,46.06,24.88,2485.7,1145.97,3631.67,35,True,Tardía,"Hora pico, Distancia larga",1
792,65,33,35,42,2026-01-21,11:59:00,2026-01-21,15:10:00,2026-01-21,15:22:00,2.25,30,101.03,Diesel,12.89,25.08,1470.15,323.28,1793.43,12,True,Tardía,Incidencia operativa,0
793,70,13,22,13,2026-06-22,13:16:00,2026-06-22,20:27:00,2026-06-22,20:27:00,1.76,39,266.89,Gasolina,21.77,25.31,2322.45,551.0,2873.45,0,False,Entregada,Entrega realizada en tiempo,0
794,36,13,46,39,2026-02-05,20:58:00,2026-02-05,14:51:00,2026-02-06,15:24:00,1.56,34,427.82,Gasolina,34.9,25.47,3067.1,888.9,3956.0,33,True,Tardía,Distancia larga,1
795,52,26,53,38,2026-07-13,05:30:00,2026-07-13,18:58:00,2026-07-13,18:58:00,0.48,66,399.0,Gasolina,56.92,25.85,3071.0,1471.38,4542.38,0,False,Entregada,Entrega realizada en tiempo,1
796,51,15,15,47,2026-07-11,09:30:00,2026-07-11,19:28:00,2026-07-11,20:53:00,1.17,30,352.76,Diesel,72.58,26.38,2620.8,1914.66,4535.46,85,True,Tardía,"Tráfico alto, Hora pico, Distancia larga",1
797,41,13,28,50,2026-06-28,16:13:00,2026-06-28,01:14:00,2026-06-29,01:14:00,1.97,57,228.54,Gasolina,18.64,24.68,2295.7,460.04,2755.74,0,False,Entregada,Entrega realizada en tiempo,0
798,48,9,37,9,2026-03-20,05:31:00,2026-03-20,09:59:00,2026-03-20,09:59:00,0.55,46,184.99,Gasolina,15.13,24.26,1847.95,367.05,2215.0,0,False,Entregada,Entrega realizada en tiempo,0
799,88,26,49,50,2026-06-26,20:19:00,2026-06-26,05:20:00,2026-06-27,05:20:00,0.32,42,250.03,Gasolina,35.67,24.7,2118.15,881.05,2999.2,0,False,Entregada,Entrega realizada en tiempo,0
800,5,9,10,22,2026-05-26,15:24:00,2026-05-26,16:00:00,2026-05-26,16:00:00,0.84,27,23.8,Gasolina,1.95,23.19,919.0,45.22,964.22,0,False,Entregada,Entrega realizada en tiempo,0
801,50,13,31,7,2026-03-26,17:40:00,2026-03-26,01:57:00,2026-03-27,02:53:00,0.54,39,303.69,Gasolina,24.77,25.48,2384.45,631.14,3015.59,56,True,Tardía,"Tráfico alto, Hora pico, Distancia larga",0
802,78,32,2,12,2026-02-20,07:58:00,2026-02-20,20:41:00,2026-02-20,21:19:00,0.84,50,394.01,Gasolina,35.69,24.36,2954.05,869.41,3823.46,38,True,Tardía,"Hora pico, Distancia larga",1
803,48,34,1,11,2026-03-25,16:25:00,2026-03-25,21:07:00,2026-03-25,21:07:00,0.28,21,144.29,Diesel,11.98,24.39,1417.45,292.19,1709.64,0,False,Entregada,Entrega realizada en tiempo,0
804,54,31,48,5,2026-04-10,09:08:00,2026-04-10,17:00:00,2026-04-10,17:49:00,0.25,27,342.22,Diesel,48.61,25.76,2452.1,1252.19,3704.29,49,True,Tardía,"Hora pico, Distancia larga",1
805,65,30,18,13,2026-01-02,08:28:00,2026-01-02,15:39:00,2026-01-02,15:39:00,0.66,9,282.84,Diesel,24.3,25.81,2052.2,627.18,2679.38,0,False,Entregada,Entrega realizada en tiempo,0
806,32,34,22,37,2026-08-14,18:29:00,2026-08-14,23:00:00,2026-08-14,23:00:00,6.0,60,181.93,Diesel,15.11,26.21,2489.65,396.03,2885.68,0,False,Entregada,Entrega realizada en tiempo,0
807,37,30,23,45,2026-08-04,12:25:00,2026-08-04,00:36:00,2026-08-05,00:36:00,0.54,79,450.68,Diesel,38.72,26.55,3439.4,1028.02,4467.42,0,False,Entregada,Entrega realizada en tiempo,1
808,54,16,12,40,2026-07-07,16:29:00,2026-07-07,04:03:00,2026-07-08,04:03:00,1.08,50,444.52,Gasolina,39.94,23.55,3230.6,940.59,4171.19,0,False,Entregada,Entrega realizada en tiempo,1
809,73,7,26,45,2026-01-12,10:56:00,2026-01-12,23:07:00,2026-01-12,23:07:00,2.16,21,463.42,Diesel,75.97,25.88,3201.1,1966.1,5167.2,0,False,Entregada,Entrega realizada en tiempo,1
810,38,5,45,47,2026-07-04,09:58:00,2026-07-04,19:56:00,2026-07-04,20:59:00,7.0,64,363.05,Diesel,45.61,26.27,3527.25,1198.17,4725.42,63,True,Tardía,"Tráfico alto, Hora pico, Distancia larga",1
811,65,21,27,29,2026-02-12,11:13:00,2026-02-12,16:21:00,2026-02-12,16:43:00,1.12,65,128.46,Diesel,17.97,25.92,1774.3,465.78,2240.08,22,True,Tardía,Tráfico alto,0
812,87,30,25,22,2026-07-10,15:54:00,2026-07-10,16:30:00,2026-07-10,16:30:00,1.14,25,24.16,Diesel,2.08,24.03,934.8,49.98,984.78,0,False,Entregada,Entrega realizada en tiempo,0
813,15,9,21,43,2026-07-11,17:31:00,2026-07-11,08:58:00,2026-07-12,09:56:00,0.2,60,453.78,Gasolina,37.1,23.42,3268.9,868.88,4137.78,58,True,Tardía,"Hora pico, Distancia larga",1
814,36,11,11,2,2026-06-05,08:11:00,2026-06-05,14:49:00,2026-06-05,15:21:00,3.12,38,277.63,Diesel,58.08,24.23,2504.15,1407.28,3911.43,32,True,Tardía,Hora pico,1
815,98,1,44,18,2026-02-09,17:22:00,2026-02-09,08:37:00,2026-02-10,09:21:00,0.34,23,428.6,Gasolina,41.37,24.33,2861.0,1006.53,3867.53,44,True,Tardía,"Hora pico, Distancia larga",1
816,7,34,42,43,2026-07-03,08:24:00,2026-07-03,23:51:00,2026-07-03,23:51:00,7.78,40,455.71,Diesel,37.85,25.79,3876.55,976.15,4852.7,0,False,Entregada,Entrega realizada en tiempo,1
817,7,25,50,13,2026-03-05,14:58:00,2026-03-05,22:09:00,2026-03-05,22:19:00,0.91,31,264.1,Diesel,56.19,25.27,2159.5,1419.92,3579.42,10,True,Tardía,Incidencia operativa,1
818,2,22,53,13,2026-06-24,07:14:00,2026-06-24,14:25:00,2026-06-24,14:25:00,5.52,13,263.14,Diesel,25.45,26.49,2471.7,674.17,3145.87,0,False,Entregada,Entrega realizada en tiempo,0
819,22,11,3,27,2026-05-12,08:52:00,2026-05-12,19:18:00,2026-05-12,19:18:00,5.15,42,328.59,Diesel,68.74,25.88,2993.95,1778.99,4772.94,0,False,Entregada,Entrega realizada en tiempo,1
820,80,14,60,35,2026-04-12,16:07:00,2026-04-12,00:26:00,2026-04-13,00:26:00,22.29,30,298.73,Diesel,32.19,25.07,4462.65,807.0,5269.65,0,False,Entregada,Entrega realizada en tiempo,1
821,23,1,26,42,2026-03-22,05:24:00,2026-03-22,08:35:00,2026-03-22,08:35:00,1.41,28,97.49,Gasolina,9.41,23.2,1352.45,218.31,1570.76,0,False,Entregada,Entrega realizada en tiempo,0
822,36,40,24,3,2026-01-18,09:26:00,2026-01-18,20:56:00,2026-01-18,20:56:00,1.11,39,364.66,Diesel,56.98,25.5,2746.3,1452.99,4199.29,0,False,Entregada,Entrega realizada en tiempo,1
823,14,35,51,37,2026-02-13,11:06:00,2026-02-13,15:37:00,2026-02-13,15:37:00,0.58,77,198.34,Gasolina,26.77,24.89,2165.7,666.31,2832.01,0,False,Entregada,Entrega realizada en tiempo,0
824,50,9,22,12,2026-06-12,13:54:00,2026-06-12,02:37:00,2026-06-13,03:06:00,0.82,62,411.42,Gasolina,33.64,24.15,3135.1,812.41,3947.51,29,True,Tardía,Distancia larga,1
825,82,15,33,38,2026-06-30,05:14:00,2026-06-30,18:42:00,2026-06-30,18:42:00,2.23,3,435.13,Diesel,89.53,26.69,2922.65,2389.56,5312.21,0,False,Entregada,Entrega realizada en tiempo,1
826,40,16,48,28,2026-07-13,10:39:00,2026-07-13,15:53:00,2026-07-13,16:14:00,0.35,11,180.91,Gasolina,16.25,24.5,1527.55,398.12,1925.67,21,True,Tardía,Incidencia operativa,0
827,26,10,25,14,2026-06-14,06:15:00,2026-06-14,08:38:00,2026-06-14,08:38:00,0.78,77,58.09,Gasolina,5.83,24.33,1484.45,141.84,1626.29,0,False,Entregada,Entrega realizada en tiempo,0
828,43,9,18,21,2026-06-14,06:33:00,2026-06-14,07:11:00,2026-06-14,07:11:00,0.39,54,25.62,Gasolina,2.09,23.87,1099.1,49.89,1148.99,0,False,Entregada,Entrega realizada en tiempo,0
829,4,15,55,47,2026-03-26,13:15:00,2026-03-26,23:13:00,2026-03-26,23:13:00,3.09,27,370.27,Diesel,76.19,26.72,2876.35,2035.8,4912.15,0,False,Entregada,Entrega realizada en tiempo,1
830,86,16,52,44,2026-06-28,10:38:00,2026-06-28,12:48:00,2026-06-28,12:48:00,1.14,49,66.64,Gasolina,5.99,23.55,1339.2,141.06,1480.26,0,False,Entregada,Entrega realizada en tiempo,0
831,81,1,5,32,2026-01-18,09:03:00,2026-01-18,17:13:00,2026-01-18,17:13:00,0.82,19,254.37,Gasolina,24.55,23.38,2005.85,573.98,2579.83,0,False,Entregada,Entrega realizada en tiempo,0
832,23,38,36,14,2026-03-02,19:05:00,2026-03-02,21:28:00,2026-03-02,21:28:00,0.86,55,58.45,Gasolina,4.97,23.93,1318.25,118.93,1437.18,0,False,Entregada,Entrega realizada en tiempo,0
833,93,13,16,28,2026-02-15,10:19:00,2026-02-15,15:33:00,2026-02-15,15:33:00,0.93,37,199.13,Gasolina,16.24,25.9,1884.65,420.62,2305.27,0,False,Entregada,Entrega realizada en tiempo,0
834,26,18,56,31,2026-01-21,14:25:00,2026-01-21,01:33:00,2026-01-22,02:38:00,1.69,49,310.15,Diesel,29.04,26.28,2611.75,763.17,3374.92,65,True,Tardía,"Tráfico alto, Distancia larga",1
835,62,2,49,25,2026-04-20,07:48:00,2026-04-20,17:14:00,2026-04-20,17:14:00,9.76,39,321.96,Diesel,64.91,24.46,3397.8,1587.7,4985.5,0,False,Entregada,Entrega realizada en tiempo,1
836,94,12,17,25,2026-04-29,12:29:00,2026-04-29,21:55:00,2026-04-29,21:55:00,0.51,37,331.75,Gasolina,47.46,24.82,2505.75,1177.96,3683.71,0,False,Entregada,Entrega realizada en tiempo,1
837,10,22,9,46,2026-05-01,09:09:00,2026-05-01,23:59:00,2026-05-02,01:01:00,0.45,25,379.33,Diesel,36.69,25.21,2641.65,924.95,3566.6,62,True,Tardía,"Hora pico, Distancia larga",1
838,54,26,48,24,2026-04-09,18:19:00,2026-04-09,02:56:00,2026-04-10,03:46:00,0.7,76,301.73,Gasolina,43.04,23.49,2686.65,1011.01,3697.66,50,True,Tardía,"Hora pico, Distancia larga, Carga pesada",1
839,98,28,17,50,2026-07-12,14:32:00,2026-07-12,23:33:00,2026-07-12,23:33:00,0.62,63,237.95,Diesel,34.89,25.1,2255.75,875.74,3131.49,0,False,Entregada,Entrega realizada en tiempo,0
840,8,25,60,28,2026-07-08,10:15:00,2026-07-08,15:29:00,2026-07-08,16:05:00,10.43,62,178.45,Diesel,37.97,26.12,2931.25,991.78,3923.03,36,True,Tardía,Carga pesada,1
841,4,10,17,39,2026-04-27,08:16:00,2026-04-27,02:09:00,2026-04-28,02:09:00,0.77,32,489.92,Gasolina,49.14,25.86,3282.6,1270.76,4553.36,0,False,Entregada,Entrega realizada en tiempo,1
842,21,1,8,50,2026-01-24,15:25:00,2026-01-24,00:26:00,2026-01-25,00:26:00,1.43,76,232.64,Gasolina,22.46,23.24,2414.2,521.97,2936.17,0,False,Entregada,Entrega realizada en tiempo,0
843,25,28,11,28,2026-03-06,12:32:00,2026-03-06,17:46:00,2026-03-06,17:46:00,0.86,69,185.54,Diesel,27.21,25.15,2065.7,684.33,2750.03,0,False,Entregada,Entrega realizada en tiempo,0
844,40,27,49,47,2026-08-11,07:06:00,2026-08-11,17:04:00,2026-08-11,17:04:00,13.23,74,314.56,Diesel,40.43,25.03,3987.8,1011.96,4999.76,0,False,Entregada,Entrega realizada en tiempo,1
845,19,18,48,14,2026-07-11,15:44:00,2026-07-11,18:07:00,2026-07-11,18:22:00,0.51,40,65.77,Diesel,6.16,26.45,1199.85,162.93,1362.78,15,True,Tardía,Incidencia operativa,0
846,1,7,5,50,2026-06-28,16:33:00,2026-06-28,01:34:00,2026-06-29,01:34:00,2.85,54,244.46,Diesel,40.08,26.2,2439.3,1050.1,3489.4,0,False,Entregada,Entrega realizada en tiempo,1
847,22,12,24,12,2026-06-30,08:12:00,2026-06-30,20:55:00,2026-06-30,21:38:00,0.82,63,409.7,Gasolina,58.61,23.56,3134.5,1380.85,4515.35,43,True,Tardía,"Hora pico, Distancia larga",1
848,8,12,52,49,2026-02-19,11:57:00,2026-02-19,03:45:00,2026-02-20,03:45:00,0.34,53,421.14,Gasolina,60.25,25.74,3063.7,1550.83,4614.53,0,False,Entregada,Entrega realizada en tiempo,1
849,14,11,6,19,2026-01-22,15:07:00,2026-01-22,22:56:00,2026-01-22,23:18:00,1.31,36,325.76,Diesel,68.15,25.43,2547.8,1733.05,4280.85,22,True,Tardía,Distancia larga,1
850,87,7,1,4,2026-03-10,05:42:00,2026-03-10,07:00:00,2026-03-10,07:00:00,3.7,75,42.83,Diesel,7.02,24.13,1684.15,169.39,1853.54,0,False,Entregada,Entrega realizada en tiempo,0
851,28,34,51,1,2026-04-07,19:48:00,2026-04-07,02:07:00,2026-04-08,02:07:00,1.29,35,171.28,Diesel,14.23,25.42,1765.4,361.73,2127.13,0,False,Entregada,Entrega realizada en tiempo,0
852,44,39,28,22,2026-04-05,13:20:00,2026-04-05,13:56:00,2026-04-05,13:56:00,0.49,31,22.23,Gasolina,1.79,25.0,908.15,44.75,952.9,0,False,Entregada,Entrega realizada en tiempo,0
853,49,40,4,23,2026-08-12,13:51:00,2026-08-12,23:12:00,2026-08-12,23:34:00,3.13,13,289.55,Diesel,45.24,26.18,2364.75,1184.38,3549.13,22,True,Tardía,Incidencia operativa,1
854,18,2,39,8,2026-08-11,19:17:00,2026-08-11,02:50:00,2026-08-12,02:50:00,4.26,32,187.12,Diesel,37.73,25.86,2117.6,975.7,3093.3,0,False,Entregada,Entrega realizada en tiempo,0
855,85,31,33,27,2026-06-19,09:00:00,2026-06-19,19:26:00,2026-06-19,20:08:00,1.33,42,314.87,Diesel,44.73,26.03,2543.35,1164.32,3707.67,42,True,Tardía,"Hora pico, Distancia larga",1
856,30,39,32,26,2026-07-09,07:22:00,2026-07-09,19:35:00,2026-07-09,19:35:00,1.0,55,328.4,Gasolina,26.51,25.82,2682.0,684.49,3366.49,0,False,Entregada,Entrega realizada en tiempo,0
857,61,7,47,25,2026-03-17,09:45:00,2026-03-17,19:11:00,2026-03-17,19:11:00,2.8,19,312.12,Diesel,51.17,26.63,2492.6,1362.66,3855.26,0,False,Entregada,Entrega realizada en tiempo,1
858,92,33,3,9,2026-05-08,07:19:00,2026-05-08,11:47:00,2026-05-08,11:47:00,0.43,71,188.54,Diesel,24.05,25.4,2053.7,610.87,2664.57,0,False,Entregada,Entrega realizada en tiempo,0
859,58,8,31,43,2026-05-19,10:15:00,2026-05-19,01:42:00,2026-05-20,02:02:00,3.33,28,446.42,Diesel,47.69,25.3,3289.1,1206.56,4495.66,20,True,Tardía,Distancia larga,1
860,92,2,11,21,2026-04-09,11:14:00,2026-04-09,11:52:00,2026-04-09,11:52:00,6.89,33,24.42,Diesel,4.92,26.85,1575.1,132.1,1707.2,0,False,Entregada,Entrega realizada en tiempo,0
861,86,8,43,9,2026-05-17,18:05:00,2026-05-17,22:33:00,2026-05-17,22:33:00,20.44,43,159.05,Diesel,16.99,26.8,3683.25,455.33,4138.58,0,False,Entregada,Entrega realizada en tiempo,1
862,99,39,5,42,2026-03-29,15:58:00,2026-03-29,19:09:00,2026-03-29,19:09:00,0.88,49,106.13,Gasolina,8.57,25.36,1510.65,217.34,1727.99,0,False,Entregada,Entrega realizada en tiempo,0
863,56,15,15,17,2026-01-30,12:05:00,2026-01-30,01:21:00,2026-01-31,02:00:00,2.4,15,377.79,Diesel,77.73,26.23,2748.95,2038.86,4787.81,39,True,Tardía,Distancia larga,1
864,15,37,24,9,2026-08-07,13:24:00,2026-08-07,17:52:00,2026-08-07,17:52:00,0.44,74,172.29,Diesel,18.37,24.93,1997.45,457.96,2455.41,0,False,Entregada,Entrega realizada en tiempo,0
865,76,35,13,25,2026-04-19,13:49:00,2026-04-19,23:15:00,2026-04-19,23:15:00,0.5,47,357.61,Gasolina,48.26,25.8,2714.05,1245.11,3959.16,0,False,Entregada,Entrega realizada en tiempo,1
866,17,34,43,39,2026-06-01,10:06:00,2026-06-01,03:59:00,2026-06-02,04:45:00,15.67,51,436.23,Diesel,36.23,26.45,4656.15,958.28,5614.43,46,True,Tardía,"Distancia larga, Carga pesada",1
867,38,15,32,44,2026-04-27,08:38:00,2026-04-27,10:48:00,2026-04-27,11:23:00,2.77,37,61.15,Diesel,12.58,24.96,1378.75,314.0,1692.75,35,True,Tardía,Hora pico,0
868,65,8,18,46,2026-05-27,18:40:00,2026-05-27,09:30:00,2026-05-28,09:30:00,12.92,28,414.27,Diesel,44.26,26.11,4087.35,1155.63,5242.98,0,False,Entregada,Entrega realizada en tiempo,1
869,49,4,52,22,2026-02-09,09:54:00,2026-02-09,10:30:00,2026-02-09,10:30:00,1.67,29,23.77,Gasolina,3.99,23.16,1017.85,92.41,1110.26,0,False,Entregada,Entrega realizada en tiempo,0
870,100,12,55,32,2026-07-06,15:19:00,2026-07-06,23:29:00,2026-07-06,23:29:00,0.5,21,229.71,Gasolina,32.86,24.64,1866.55,809.67,2676.22,0,False,Entregada,Entrega realizada en tiempo,0
871,44,28,44,31,2026-03-31,15:25:00,2026-03-31,02:33:00,2026-04-01,02:33:00,0.32,10,289.95,Diesel,42.51,24.85,2061.75,1056.37,3118.12,0,False,Entregada,Entrega realizada en tiempo,0
872,90,13,45,36,2026-04-11,08:08:00,2026-04-11,01:29:00,2026-04-12,01:29:00,0.65,42,475.38,Gasolina,38.77,24.74,3277.9,959.17,4237.07,0,False,Entregada,Entrega realizada en tiempo,1
873,7,20,30,42,2026-02-11,08:28:00,2026-02-11,11:39:00,2026-02-11,12:04:00,1.01,62,97.96,Gasolina,13.29,23.65,1586.8,314.31,1901.11,25,True,Tardía,Hora pico,0
874,96,13,48,42,2026-01-03,14:46:00,2026-01-03,17:57:00,2026-01-03,18:11:00,0.4,74,104.21,Gasolina,8.5,24.13,1653.05,205.1,1858.15,14,True,Tardía,Incidencia operativa,0
875,55,11,60,4,2026-01-25,14:30:00,2026-01-25,15:48:00,2026-01-25,15:48:00,6.13,23,36.16,Diesel,7.56,24.35,1477.8,184.09,1661.89,0,False,Entregada,Entrega realizada en tiempo,0
876,66,22,38,28,2026-02-08,15:15:00,2026-02-08,20:29:00,2026-02-08,20:29:00,6.9,5,188.58,Diesel,18.24,25.19,2172.9,459.47,2632.37,0,False,Entregada,Entrega realizada en tiempo,0
877,39,39,12,42,2026-07-10,15:49:00,2026-07-10,19:00:00,2026-07-10,19:00:00,0.28,12,96.75,Gasolina,7.81,25.59,1107.75,199.86,1307.61,0,False,Entregada,Entrega realizada en tiempo,0
878,84,25,18,41,2026-06-17,17:23:00,2026-06-17,05:04:00,2026-06-18,06:01:00,5.47,2,379.49,Diesel,80.74,24.07,2960.45,1943.41,4903.86,57,True,Tardía,"Tráfico alto, Hora pico, Distancia larga",1
879,74,37,31,18,2026-06-27,08:50:00,2026-06-27,00:05:00,2026-06-28,01:22:00,4.63,76,449.62,Diesel,47.93,25.71,3819.1,1232.28,5051.38,77,True,Tardía,"Hora pico, Distancia larga, Carga pesada",1
880,13,21,5,46,2026-08-09,20:11:00,2026-08-09,11:01:00,2026-08-10,11:01:00,1.24,52,414.14,Diesel,57.92,24.06,3110.7,1393.56,4504.26,0,False,Entregada,Entrega realizada en tiempo,1
881,72,35,51,34,2026-05-06,07:33:00,2026-05-06,11:07:00,2026-05-06,11:07:00,0.67,75,152.02,Gasolina,20.52,25.46,1927.1,522.44,2449.54,0,False,Entregada,Entrega realizada en tiempo,0
882,84,8,49,49,2026-02-23,08:11:00,2026-02-23,23:59:00,2026-02-23,23:59:00,12.47,77,378.09,Diesel,40.39,24.02,4253.45,970.17,5223.62,0,False,Entregada,Entrega realizada en tiempo,1
883,58,21,8,3,2026-02-02,09:41:00,2026-02-02,21:11:00,2026-02-02,21:42:00,0.99,21,421.38,Diesel,58.93,26.94,2873.9,1587.57,4461.47,31,True,Tardía,"Hora pico, Distancia larga",1
884,65,20,24,35,2026-02-13,16:42:00,2026-02-13,01:01:00,2026-02-14,01:01:00,0.86,1,285.76,Gasolina,38.77,23.14,2022.8,897.14,2919.94,0,False,Entregada,Entrega realizada en tiempo,0
885,67,19,43,35,2026-04-24,08:36:00,2026-04-24,16:55:00,2026-04-24,16:55:00,6.05,63,294.66,Diesel,29.03,25.57,3082.3,742.3,3824.6,0,False,Entregada,Entrega realizada en tiempo,1
886,46,39,35,33,2026-02-23,08:42:00,2026-02-23,12:33:00,2026-02-23,12:58:00,0.47,6,102.18,Gasolina,8.25,23.9,1105.9,197.17,1303.07,25,True,Tardía,Hora pico,0
887,28,9,39,36,2026-02-25,14:17:00,2026-02-25,07:38:00,2026-02-26,07:38:00,0.49,17,467.41,Gasolina,38.22,24.27,3022.05,927.6,3949.65,0,False,Entregada,Entrega realizada en tiempo,1
888,71,17,17,25,2026-06-16,09:25:00,2026-06-16,18:51:00,2026-06-16,19:36:00,5.02,59,323.3,Diesel,57.42,25.61,3090.5,1470.53,4561.03,45,True,Tardía,"Hora pico, Distancia larga",1
889,10,18,41,45,2026-06-15,09:45:00,2026-06-15,21:56:00,2026-06-15,21:56:00,3.61,48,501.84,Diesel,46.99,25.94,3754.2,1218.92,4973.12,0,False,Entregada,Entrega realizada en tiempo,1
890,66,39,11,27,2026-07-30,08:20:00,2026-07-30,18:46:00,2026-07-30,19:43:00,1.09,56,302.09,Gasolina,24.38,23.37,2567.45,569.76,3137.21,57,True,Tardía,"Hora pico, Distancia larga, Carga pesada",0
891,15,36,27,5,2026-03-26,07:23:00,2026-03-26,15:15:00,2026-03-26,15:15:00,3.47,43,357.12,Diesel,42.11,24.44,2976.6,1029.17,4005.77,0,False,Entregada,Entrega realizada en tiempo,1
892,29,18,1,7,2026-04-07,10:24:00,2026-04-07,18:41:00,2026-04-07,18:41:00,3.2,14,284.17,Diesel,26.61,24.37,2352.85,648.49,3001.34,0,False,Entregada,Entrega realizada en tiempo,0
893,68,20,38,32,2026-01-25,19:22:00,2026-01-25,03:32:00,2026-01-26,03:32:00,0.29,74,246.23,Gasolina,33.41,24.65,2352.15,823.56,3175.71,0,False,Entregada,Entrega realizada en tiempo,0
894,78,7,58,4,2026-02-13,13:48:00,2026-02-13,15:06:00,2026-02-13,15:06:00,5.05,50,39.7,Diesel,6.51,26.42,1603.5,171.99,1775.49,0,False,Entregada,Entrega realizada en tiempo,0
895,87,35,36,39,2026-08-14,15:30:00,2026-08-14,09:23:00,2026-08-15,09:42:00,0.77,76,423.07,Gasolina,57.09,24.97,3300.35,1425.54,4725.89,19,True,Tardía,Distancia larga,1
896,19,25,37,48,2026-03-10,06:58:00,2026-03-10,12:35:00,2026-03-10,12:35:00,7.34,48,162.97,Diesel,34.67,24.75,2432.85,858.08,3290.93,0,False,Entregada,Entrega realizada en tiempo,0
897,78,27,46,30,2026-02-16,17:22:00,2026-02-16,00:54:00,2026-02-17,00:54:00,10.46,60,208.9,Diesel,26.85,24.83,3070.5,666.69,3737.19,0,False,Entregada,Entrega realizada en tiempo,0
898,55,34,46,15,2026-03-20,07:19:00,2026-03-20,21:47:00,2026-03-20,21:47:00,15.4,53,403.41,Diesel,33.51,26.54,4481.05,889.36,5370.41,0,False,Entregada,Entrega realizada en tiempo,1
899,82,6,5,47,2026-03-03,07:10:00,2026-03-03,17:08:00,2026-03-03,18:19:00,6.2,74,324.46,Diesel,47.44,26.89,3334.3,1275.66,4609.96,71,True,Tardía,"Tráfico alto, Hora pico, Distancia larga",1
900,55,33,60,47,2026-02-04,18:31:00,2026-02-04,04:29:00,2026-02-05,04:29:00,3.08,66,343.17,Diesel,43.77,26.03,3051.85,1139.33,4191.18,0,False,Entregada,Entrega realizada en tiempo,1
901,69,8,26,1,2026-06-07,09:58:00,2026-06-07,16:17:00,2026-06-07,16:17:00,14.48,1,197.67,Diesel,21.12,26.11,2944.35,551.44,3495.79,0,False,Entregada,Entrega realizada en tiempo,0
902,96,23,16,48,2026-06-19,19:43:00,2026-06-19,01:20:00,2026-06-20,02:20:00,0.82,78,165.69,Gasolina,30.35,25.71,2034.45,780.3,2814.75,60,True,Tardía,"Tráfico alto, Hora pico",0
903,23,5,24,9,2026-05-12,14:03:00,2026-05-12,18:31:00,2026-05-12,18:31:00,5.22,55,163.59,Diesel,20.55,24.51,2279.95,503.68,2783.63,0,False,Entregada,Entrega realizada en tiempo,0
904,15,22,59,44,2026-03-05,20:54:00,2026-03-05,23:04:00,2026-03-05,23:04:00,6.79,16,68.5,Diesel,6.62,25.45,1649.5,168.48,1817.98,0,False,Entregada,Entrega realizada en tiempo,0
905,34,14,1,48,2026-06-11,15:13:00,2026-06-11,20:50:00,2026-06-11,20:50:00,8.89,40,164.0,Diesel,17.67,26.88,2529.0,474.97,3003.97,0,False,Entregada,Entrega realizada en tiempo,0
906,66,3,60,30,2026-06-08,18:03:00,2026-06-08,01:35:00,2026-06-09,02:23:00,20.7,46,190.05,Diesel,40.78,25.06,3888.25,1021.95,4910.2,48,True,Tardía,"Hora pico, Carga pesada",1
907,1,23,57,47,2026-02-17,15:22:00,2026-02-17,01:20:00,2026-02-18,02:21:00,1.74,2,315.03,Gasolina,57.7,24.54,2265.15,1415.96,3681.11,61,True,Tardía,"Tráfico alto, Distancia larga, Carga pesada",1
908,20,27,8,32,2026-01-02,08:49:00,2026-01-02,16:59:00,2026-01-02,16:59:00,5.65,33,233.02,Diesel,29.95,25.19,2494.1,754.44,3248.54,0,False,Entregada,Entrega realizada en tiempo,0
909,39,24,28,12,2026-05-18,11:06:00,2026-05-18,23:49:00,2026-05-18,23:49:00,2.16,57,401.44,Diesel,37.62,25.32,3179.2,952.54,4131.74,0,False,Entregada,Entrega realizada en tiempo,1
910,18,23,48,28,2026-01-02,14:56:00,2026-01-02,20:10:00,2026-01-02,20:10:00,0.44,26,184.9,Gasolina,33.86,23.85,1676.5,807.56,2484.06,0,False,Entregada,Entrega realizada en tiempo,0
911,18,26,27,48,2026-03-26,06:10:00,2026-03-26,11:47:00,2026-03-26,11:47:00,0.57,26,141.37,Gasolina,20.17,25.88,1471.85,522.0,1993.85,0,False,Entregada,Entrega realizada en tiempo,0
912,35,8,27,32,2026-05-21,18:51:00,2026-05-21,03:01:00,2026-05-22,03:01:00,20.05,17,262.27,Diesel,28.02,26.29,3952.35,736.65,4689.0,0,False,Entregada,Entrega realizada en tiempo,1
913,52,33,47,48,2026-08-04,15:08:00,2026-08-04,20:45:00,2026-08-04,20:45:00,2.03,15,167.21,Diesel,21.33,26.38,1659.05,562.69,2221.74,0,False,Entregada,Entrega realizada en tiempo,0
914,17,10,23,33,2026-01-04,10:03:00,2026-01-04,13:54:00,2026-01-04,13:54:00,0.76,44,119.21,Gasolina,11.96,24.79,1524.05,296.49,1820.54,0,False,Entregada,Entrega realizada en tiempo,0
915,2,28,31,19,2026-03-14,18:05:00,2026-03-14,01:54:00,2026-03-15,02:39:00,0.75,55,318.85,Diesel,46.75,24.75,2609.25,1157.06,3766.31,45,True,Tardía,"Hora pico, Distancia larga",1
916,99,8,56,17,2026-06-29,10:42:00,2026-06-29,23:58:00,2026-06-30,00:21:00,3.93,55,374.14,Diesel,39.97,24.57,3203.7,982.06,4185.76,23,True,Tardía,Distancia larga,1
917,76,10,15,8,2026-02-03,15:02:00,2026-02-03,22:35:00,2026-02-03,22:35:00,0.77,36,183.03,Gasolina,18.36,25.79,1780.15,473.5,2253.65,0,False,Entregada,Entrega realizada en tiempo,0
918,55,2,40,13,2026-01-24,06:24:00,2026-01-24,13:35:00,2026-01-24,13:35:00,0.41,53,263.1,Diesel,53.04,26.1,2280.5,1384.34,3664.84,0,False,Entregada,Entrega realizada en tiempo,1
919,30,15,22,28,2026-05-03,06:32:00,2026-05-03,11:46:00,2026-05-03,11:46:00,2.27,55,194.84,Diesel,40.09,24.91,2141.2,998.64,3139.84,0,False,Entregada,Entrega realizada en tiempo,0
920,35,24,18,23,2026-07-02,16:15:00,2026-07-02,01:36:00,2026-07-03,01:36:00,2.15,41,247.23,Diesel,23.17,24.55,2279.15,568.82,2847.97,0,False,Entregada,Entrega realizada en tiempo,0
921,1,4,43,48,2026-03-24,09:18:00,2026-03-24,14:55:00,2026-03-24,15:55:00,1.3,61,144.41,Gasolina,24.27,23.55,1840.05,571.56,2411.61,60,True,Tardía,"Tráfico alto, Hora pico",0
922,63,24,22,20,2026-01-29,08:42:00,2026-01-29,22:58:00,2026-01-29,22:58:00,2.08,2,452.63,Diesel,42.42,26.31,2987.15,1116.07,4103.22,0,False,Entregada,Entrega realizada en tiempo,1
923,17,22,24,48,2026-07-27,14:47:00,2026-07-27,20:24:00,2026-07-27,20:24:00,5.32,76,159.7,Diesel,15.44,25.11,2438.5,387.7,2826.2,0,False,Entregada,Entrega realizada en tiempo,0
924,84,18,14,38,2026-04-09,07:56:00,2026-04-09,21:24:00,2026-04-09,22:23:00,1.42,14,437.72,Diesel,40.99,24.58,2942.6,1007.53,3950.13,59,True,Tardía,"Tráfico alto, Hora pico, Distancia larga",1
925,58,7,5,35,2026-06-08,13:19:00,2026-06-08,21:38:00,2026-06-08,21:38:00,4.58,61,310.0,Diesel,50.82,24.61,2996.0,1250.68,4246.68,0,False,Entregada,Entrega realizada en tiempo,1
926,93,10,3,9,2026-02-19,16:35:00,2026-02-19,21:03:00,2026-02-19,21:03:00,0.68,33,174.8,Gasolina,17.53,25.28,1706.0,443.16,2149.16,0,False,Entregada,Entrega realizada en tiempo,0
927,72,23,58,24,2026-04-25,08:58:00,2026-04-25,17:35:00,2026-04-25,18:31:00,1.5,56,305.46,Gasolina,55.95,24.8,2625.3,1387.56,4012.86,56,True,Tardía,"Hora pico, Distancia larga, Carga pesada",1
928,90,9,19,3,2026-05-25,06:50:00,2026-05-25,18:20:00,2026-05-25,18:20:00,0.35,25,414.22,Gasolina,33.87,24.19,2806.1,819.32,3625.42,0,False,Entregada,Entrega realizada en tiempo,1
929,88,35,56,33,2026-01-20,09:28:00,2026-01-20,13:19:00,2026-01-20,14:12:00,1.15,66,100.84,Gasolina,13.61,23.81,1647.2,324.05,1971.25,53,True,Tardía,"Hora pico, Carga pesada",0
930,24,1,11,37,2026-02-25,05:56:00,2026-02-25,10:27:00,2026-02-25,10:27:00,0.55,66,175.3,Gasolina,16.92,25.12,1959.5,425.03,2384.53,0,False,Entregada,Entrega realizada en tiempo,0
931,68,17,20,15,2026-03-17,11:35:00,2026-03-17,02:03:00,2026-03-18,02:26:00,3.43,16,423.5,Diesel,75.22,24.88,3088.5,1871.47,4959.97,23,True,Tardía,Distancia larga,1
932,82,10,57,18,2026-02-04,11:55:00,2026-02-04,03:10:00,2026-02-05,03:10:00,1.2,7,433.66,Gasolina,43.5,23.75,2844.3,1033.12,3877.42,0,False,Entregada,Entrega realizada en tiempo,1
933,27,35,8,1,2026-06-16,14:40:00,2026-06-16,20:59:00,2026-06-16,20:59:00,0.91,78,181.8,Gasolina,24.53,23.97,2124.0,587.98,2711.98,0,False,Entregada,Entrega realizada en tiempo,0
934,91,36,17,47,2026-02-04,16:57:00,2026-02-04,02:55:00,2026-02-05,03:51:00,6.31,79,336.32,Diesel,39.66,24.66,3444.6,978.02,4422.62,56,True,Tardía,"Tráfico alto, Distancia larga, Carga pesada",1
935,36,12,17,2,2026-05-18,08:46:00,2026-05-18,15:24:00,2026-05-18,15:24:00,1.04,49,269.62,Gasolina,38.57,23.77,2344.1,916.81,3260.91,0,False,Entregada,Entrega realizada en tiempo,0
936,81,39,36,14,2026-07-29,17:14:00,2026-07-29,19:37:00,2026-07-29,20:30:00,0.33,42,65.15,Gasolina,5.26,25.42,1194.75,133.71,1328.46,53,True,Tardía,Hora pico,0
937,97,26,10,29,2026-03-01,16:23:00,2026-03-01,21:31:00,2026-03-01,21:31:00,0.39,19,135.82,Gasolina,19.38,23.28,1370.1,451.17,1821.27,0,False,Entregada,Entrega realizada en tiempo,0
938,24,30,12,12,2026-02-18,18:46:00,2026-02-18,07:29:00,2026-02-19,07:29:00,0.36,24,365.83,Diesel,31.43,24.06,2557.15,756.21,3313.36,0,False,Entregada,Entrega realizada en tiempo,0
939,21,12,53,26,2026-06-25,09:04:00,2026-06-25,21:17:00,2026-06-25,22:16:00,0.93,19,339.43,Gasolina,48.56,25.17,2442.15,1222.26,3664.41,59,True,Tardía,"Hora pico, Distancia larga, Carga pesada",1
940,18,1,39,7,2026-04-07,15:01:00,2026-04-07,23:18:00,2026-04-07,23:18:00,1.42,15,299.16,Gasolina,28.88,25.29,2257.8,730.38,2988.18,0,False,Entregada,Entrega realizada en tiempo,0
941,83,3,9,16,2026-07-17,07:17:00,2026-07-17,12:23:00,2026-07-17,12:23:00,14.74,19,180.51,Diesel,38.74,25.8,3028.55,999.49,4028.04,0,False,Entregada,Entrega realizada en tiempo,1
942,2,7,35,48,2026-07-29,13:54:00,2026-07-29,19:31:00,2026-07-29,20:24:00,2.93,11,147.86,Diesel,24.24,26.68,1620.3,646.72,2267.02,53,True,Tardía,Tráfico alto,0
943,21,20,22,31,2026-02-09,10:03:00,2026-02-09,21:11:00,2026-02-09,21:11:00,0.51,70,278.75,Gasolina,37.82,24.88,2504.75,940.96,3445.71,0,False,Entregada,Entrega realizada en tiempo,0
944,16,2,53,3,2026-01-27,20:18:00,2026-01-27,07:48:00,2026-01-28,07:48:00,5.15,14,409.75,Diesel,82.61,26.51,3175.75,2189.99,5365.74,0,False,Entregada,Entrega realizada en tiempo,1
945,19,1,59,15,2026-01-07,10:27:00,2026-01-07,00:55:00,2026-01-08,01:47:00,1.57,50,457.77,Gasolina,44.19,25.77,3345.85,1138.78,4484.63,52,True,Tardía,"Distancia larga, Carga pesada",1
946,88,25,44,46,2026-07-30,08:31:00,2026-07-30,23:21:00,2026-07-30,23:21:00,8.53,22,440.05,Diesel,93.63,24.67,3729.25,2309.85,6039.1,0,False,Entregada,Entrega realizada en tiempo,1
947,37,23,5,40,2026-03-27,08:23:00,2026-03-27,19:57:00,2026-03-27,19:57:00,1.24,11,387.59,Gasolina,70.99,24.81,2649.95,1761.26,4411.21,0,False,Entregada,Entrega realizada en tiempo,1
948,23,28,34,22,2026-06-03,09:43:00,2026-06-03,10:19:00,2026-06-03,11:11:00,0.94,55,24.05,Diesel,3.53,25.05,1154.25,88.43,1242.68,52,True,Tardía,"Hora pico, Carga pesada",0
949,14,18,59,32,2026-06-19,14:59:00,2026-06-19,23:09:00,2026-06-19,23:09:00,2.38,34,229.57,Diesel,21.5,26.13,2157.85,561.79,2719.64,0,False,Entregada,Entrega realizada en tiempo,0
950,10,1,56,10,2026-07-19,08:20:00,2026-07-19,00:52:00,2026-07-20,01:55:00,0.85,19,435.19,Gasolina,42.01,25.88,2912.95,1087.22,4000.17,63,True,Tardía,"Tráfico alto, Hora pico, Distancia larga",1
951,36,10,6,21,2026-02-02,09:49:00,2026-02-02,10:27:00,2026-02-02,11:22:00,1.35,50,25.37,Gasolina,2.54,25.08,1161.85,63.7,1225.55,55,True,Tardía,"Hora pico, Carga pesada",0
952,53,39,51,41,2026-03-27,08:51:00,2026-03-27,20:32:00,2026-03-27,22:06:00,0.59,32,442.1,Gasolina,35.68,24.6,3025.5,877.73,3903.23,94,True,Tardía,"Tráfico alto, Hora pico, Distancia larga",1
953,30,25,6,38,2026-07-03,16:33:00,2026-07-03,06:01:00,2026-07-04,06:01:00,1.4,74,433.65,Diesel,92.27,26.43,3400.25,2438.7,5838.95,0,False,Entregada,Entrega realizada en tiempo,1
954,29,6,16,24,2026-01-01,09:54:00,2026-01-01,18:31:00,2026-01-01,19:13:00,0.68,3,329.77,Diesel,48.21,24.18,2240.85,1165.72,3406.57,42,True,Tardía,"Hora pico, Distancia larga",1
955,45,24,55,50,2026-07-29,08:18:00,2026-07-29,17:19:00,2026-07-29,18:12:00,2.21,59,237.07,Diesel,22.22,24.63,2378.35,547.28,2925.63,53,True,Tardía,"Hora pico, Carga pesada",0
956,29,4,48,9,2026-01-31,08:24:00,2026-01-31,12:52:00,2026-01-31,12:52:00,1.5,4,168.07,Gasolina,28.25,24.27,1522.35,685.63,2207.98,0,False,Entregada,Entrega realizada en tiempo,0
957,7,7,43,38,2026-01-19,18:53:00,2026-01-19,08:21:00,2026-01-20,08:21:00,5.05,77,461.43,Diesel,75.64,24.09,3928.15,1822.17,5750.32,0,False,Entregada,Entrega realizada en tiempo,1
958,47,10,6,16,2026-01-20,05:36:00,2026-01-20,10:42:00,2026-01-20,10:42:00,1.27,54,158.09,Gasolina,15.86,23.55,1849.45,373.5,2222.95,0,False,Entregada,Entrega realizada en tiempo,0
959,96,9,48,34,2026-06-28,12:30:00,2026-06-28,16:04:00,2026-06-28,16:04:00,1.04,53,154.15,Gasolina,12.6,24.33,1798.75,306.56,2105.31,0,False,Entregada,Entrega realizada en tiempo,0
960,83,1,19,8,2026-02-09,06:56:00,2026-02-09,14:29:00,2026-02-09,14:29:00,0.65,5,207.89,Gasolina,20.07,23.52,1644.45,472.05,2116.5,0,False,Entregada,Entrega realizada en tiempo,0
961,21,1,26,28,2026-06-24,17:35:00,2026-06-24,22:49:00,2026-06-24,22:49:00,0.61,34,200.3,Gasolina,19.33,24.51,1834.5,473.78,2308.28,0,False,Entregada,Entrega realizada en tiempo,0
962,91,15,28,11,2026-03-11,07:33:00,2026-03-11,12:15:00,2026-03-11,12:15:00,0.64,49,142.79,Diesel,29.38,24.38,1669.95,716.28,2386.23,0,False,Entregada,Entrega realizada en tiempo,0
963,28,26,40,4,2026-02-26,15:11:00,2026-02-26,16:29:00,2026-02-26,16:29:00,0.52,72,36.38,Gasolina,5.19,23.23,1309.9,120.56,1430.46,0,False,Entregada,Entrega realizada en tiempo,0
964,89,30,31,21,2026-06-17,15:52:00,2026-06-17,16:30:00,2026-06-17,16:51:00,0.75,49,22.81,Diesel,1.96,25.94,1081.05,50.84,1131.89,21,True,Tardía,Incidencia operativa,0
965,25,18,7,7,2026-01-20,14:38:00,2026-01-20,22:55:00,2026-01-20,23:37:00,2.02,43,300.47,Diesel,28.13,24.2,2548.35,680.75,3229.1,42,True,Tardía,"Tráfico alto, Distancia larga",0
966,77,1,49,20,2026-02-18,20:12:00,2026-02-18,10:28:00,2026-02-19,10:28:00,1.08,5,410.22,Gasolina,39.6,23.26,2699.1,921.1,3620.2,0,False,Entregada,Entrega realizada en tiempo,1
967,73,37,3,37,2026-07-22,18:02:00,2026-07-22,22:33:00,2026-07-22,22:33:00,1.6,7,196.84,Diesel,20.99,26.83,1700.2,563.16,2263.36,0,False,Entregada,Entrega realizada en tiempo,0
968,2,23,49,19,2026-04-12,19:12:00,2026-04-12,03:01:00,2026-04-13,03:01:00,0.28,41,334.73,Gasolina,61.31,25.18,2529.65,1543.79,4073.44,0,False,Entregada,Entrega realizada en tiempo,1
969,17,7,22,27,2026-07-09,19:06:00,2026-07-09,05:32:00,2026-07-10,05:32:00,4.74,65,328.07,Diesel,53.78,24.45,3134.35,1314.92,4449.27,0,False,Entregada,Entrega realizada en tiempo,1
970,76,25,31,38,2026-08-11,06:18:00,2026-08-11,19:46:00,2026-08-11,20:29:00,6.65,21,473.03,Diesel,100.64,26.86,3698.15,2703.19,6401.34,43,True,Tardía,"Tráfico alto, Distancia larga",1
971,30,14,52,44,2026-06-17,08:49:00,2026-06-17,10:59:00,2026-06-17,10:59:00,5.28,21,59.68,Diesel,6.43,25.5,1494.4,163.97,1658.37,0,False,Entregada,Entrega realizada en tiempo,0
972,94,39,42,34,2026-07-16,13:28:00,2026-07-16,17:02:00,2026-07-16,17:02:00,0.45,17,156.06,Gasolina,12.6,24.08,1461.3,303.41,1764.71,0,False,Entregada,Entrega realizada en tiempo,0
973,56,3,58,46,2026-07-18,15:15:00,2026-07-18,06:05:00,2026-07-19,06:05:00,0.98,27,423.71,Diesel,90.92,25.82,2932.55,2347.55,5280.1,0,False,Entregada,Entrega realizada en tiempo,1
974,20,37,41,32,2026-01-25,05:09:00,2026-01-25,13:19:00,2026-01-25,13:19:00,4.86,40,264.73,Diesel,28.22,26.91,2629.65,759.4,3389.05,0,False,Entregada,Entrega realizada en tiempo,0
975,12,32,7,30,2026-03-22,09:59:00,2026-03-22,17:31:00,2026-03-22,18:12:00,0.63,38,181.98,Gasolina,16.48,24.09,1776.9,397.0,2173.9,41,True,Tardía,Hora pico,0
976,12,5,12,46,2026-07-17,17:16:00,2026-07-17,08:06:00,2026-07-18,08:06:00,8.03,61,425.0,Diesel,53.39,26.29,3916.0,1403.62,5319.62,0,False,Entregada,Entrega realizada en tiempo,1
977,57,9,8,37,2026-05-05,06:23:00,2026-05-05,10:54:00,2026-05-05,10:54:00,0.3,37,173.57,Gasolina,14.19,25.57,1693.85,362.84,2056.69,0,False,Entregada,Entrega realizada en tiempo,0
978,88,9,29,24,2026-05-12,13:23:00,2026-05-12,22:00:00,2026-05-12,22:00:00,0.99,11,325.52,Gasolina,26.62,24.52,2314.6,652.72,2967.32,0,False,Entregada,Entrega realizada en tiempo,0
979,34,3,40,42,2026-01-15,10:44:00,2026-01-15,13:55:00,2026-01-15,14:08:00,18.96,72,104.56,Diesel,22.44,24.87,3494.8,558.08,4052.88,13,True,Tardía,Incidencia operativa,1
980,21,37,26,5,2026-02-27,15:55:00,2026-02-27,23:47:00,2026-02-27,23:47:00,2.88,60,328.0,Diesel,34.97,25.05,2908.0,876.0,3784.0,0,False,Entregada,Entrega realizada en tiempo,1
981,60,35,58,30,2026-01-28,07:11:00,2026-01-28,14:43:00,2026-01-28,14:43:00,0.69,14,191.56,Gasolina,25.85,25.77,1638.8,666.15,2304.95,0,False,Entregada,Entrega realizada en tiempo,0
982,99,28,13,26,2026-03-26,07:20:00,2026-03-26,19:33:00,2026-03-26,19:33:00,0.55,44,376.72,Diesel,55.24,25.46,2790.6,1406.41,4197.01,0,False,Entregada,Entrega realizada en tiempo,1
983,90,31,8,18,2026-04-27,06:34:00,2026-04-27,21:49:00,2026-04-27,21:49:00,1.09,20,453.04,Diesel,64.35,24.44,3034.2,1572.71,4606.91,0,False,Entregada,Entrega realizada en tiempo,1
984,28,21,37,3,2026-06-03,15:03:00,2026-06-03,02:33:00,2026-06-04,02:33:00,0.89,47,406.26,Diesel,56.82,26.94,2996.3,1530.73,4527.03,0,False,Entregada,Entrega realizada en tiempo,1
985,28,4,14,2,2026-07-14,16:17:00,2026-07-14,22:55:00,2026-07-14,22:55:00,1.15,33,267.49,Gasolina,44.96,23.25,2216.45,1045.32,3261.77,0,False,Entregada,Entrega realizada en tiempo,0
986,9,18,26,6,2026-03-18,17:55:00,2026-03-18,00:49:00,2026-03-19,00:49:00,2.93,54,239.6,Diesel,22.43,26.01,2423.0,583.4,3006.4,0,False,Entregada,Entrega realizada en tiempo,0
987,34,12,54,4,2026-01-24,16:21:00,2026-01-24,17:39:00,2026-01-24,17:39:00,0.64,39,36.44,Gasolina,5.21,24.05,1058.2,125.3,1183.5,0,False,Entregada,Entrega realizada en tiempo,0
988,54,31,31,35,2026-06-26,09:44:00,2026-06-26,18:03:00,2026-06-26,18:53:00,0.77,56,311.69,Diesel,44.27,25.68,2583.45,1136.85,3720.3,50,True,Tardía,"Hora pico, Distancia larga",1
989,77,13,5,47,2026-06-20,08:20:00,2026-06-20,18:18:00,2026-06-20,19:31:00,1.36,41,367.19,Gasolina,29.95,23.34,2799.95,699.03,3498.98,73,True,Tardía,"Tráfico alto, Hora pico, Distancia larga",1
990,87,27,17,34,2026-07-04,05:28:00,2026-07-04,09:02:00,2026-07-04,09:02:00,16.41,17,154.62,Diesel,19.87,25.92,3050.1,515.03,3565.13,0,False,Entregada,Entrega realizada en tiempo,0
991,75,7,3,14,2026-07-10,09:26:00,2026-07-10,11:49:00,2026-07-10,11:49:00,2.9,70,64.64,Diesel,10.6,25.8,1673.2,273.48,1946.68,0,False,Entregada,Entrega realizada en tiempo,0
992,28,23,14,13,2026-06-23,05:23:00,2026-06-23,12:34:00,2026-06-23,12:53:00,0.31,47,247.97,Gasolina,45.42,24.51,2146.85,1113.24,3260.09,19,True,Tardía,Incidencia operativa,0
993,16,32,42,30,2026-04-16,16:22:00,2026-04-16,23:54:00,2026-04-16,23:54:00,0.5,46,197.44,Gasolina,17.88,24.28,1905.2,434.13,2339.33,0,False,Entregada,Entrega realizada en tiempo,0
994,98,22,8,12,2026-04-28,16:23:00,2026-04-28,05:06:00,2026-04-29,05:06:00,0.63,23,363.24,Diesel,35.13,24.49,2563.2,860.33,3423.53,0,False,Entregada,Entrega realizada en tiempo,1
995,56,25,19,43,2026-06-26,16:40:00,2026-06-26,08:07:00,2026-06-27,08:07:00,3.21,37,483.53,Diesel,102.88,26.81,3534.65,2758.21,6292.86,0,False,Entregada,Entrega realizada en tiempo,1
996,13,6,52,7,2026-01-23,05:39:00,2026-01-23,13:56:00,2026-01-23,15:00:00,4.0,53,311.22,Diesel,45.5,25.9,2880.1,1178.45,4058.55,64,True,Tardía,"Tráfico alto, Distancia larga",1
997,65,38,52,3,2026-06-20,12:54:00,2026-06-20,00:24:00,2026-06-21,00:24:00,0.37,54,406.54,Gasolina,34.54,25.33,3001.7,874.9,3876.6,0,False,Entregada,Entrega realizada en tiempo,1
998,71,25,8,13,2026-08-08,18:07:00,2026-08-08,01:18:00,2026-08-09,01:18:00,3.25,45,245.62,Diesel,52.26,26.74,2413.1,1397.43,3810.53,0,False,Entregada,Entrega realizada en tiempo,1
999,53,26,1,24,2026-07-20,10:32:00,2026-07-20,19:09:00,2026-07-20,19:09:00,0.51,37,285.65,Gasolina,40.75,24.98,2275.25,1017.94,3293.19,0,False,Entregada,Entrega realizada en tiempo,0
1000,40,27,44,16,2026-01-02,16:02:00,2026-01-02,21:08:00,2026-01-02,21:29:00,0.41,2,164.75,Diesel,21.18,26.52,1380.75,561.69,1942.44,21,True,Tardía,Incidencia operativa,0
1001,67,39,21,22,2026-02-13,16:15:00,2026-02-13,16:51:00,2026-02-13,16:51:00,0.24,72,21.55,Gasolina,1.74,23.58,1207.75,41.03,1248.78,0,False,Entregada,Entrega realizada en tiempo,0
1002,83,26,54,4,2026-07-25,16:08:00,2026-07-25,17:26:00,2026-07-25,17:26:00,0.4,50,41.68,Gasolina,5.95,23.52,1148.4,139.94,1288.34,0,False,Entregada,Entrega realizada en tiempo,0
1003,41,34,11,28,2026-03-01,08:45:00,2026-03-01,13:59:00,2026-03-01,13:59:00,9.22,17,187.48,Diesel,15.57,25.89,2495.4,403.11,2898.51,0,False,Entregada,Entrega realizada en tiempo,0
1004,51,17,54,36,2026-02-10,13:13:00,2026-02-10,06:34:00,2026-02-11,07:02:00,2.92,12,482.27,Diesel,85.66,25.89,3299.35,2217.74,5517.09,28,True,Tardía,Distancia larga,1
1005,76,10,2,40,2026-07-01,20:58:00,2026-07-01,08:32:00,2026-07-02,08:32:00,0.73,11,374.19,Gasolina,37.53,23.08,2531.95,866.19,3398.14,0,False,Entregada,Entrega realizada en tiempo,1
1006,94,9,30,41,2026-06-11,14:11:00,2026-06-11,01:52:00,2026-06-12,01:52:00,0.74,31,375.48,Gasolina,30.7,23.67,2699.4,726.67,3426.07,0,False,Entregada,Entrega realizada en tiempo,1
1007,25,35,54,16,2026-07-05,15:49:00,2026-07-05,20:55:00,2026-07-05,20:55:00,0.6,34,174.31,Gasolina,23.52,23.82,1703.55,560.25,2263.8,0,False,Entregada,Entrega realizada en tiempo,0
1008,19,2,41,38,2026-08-10,08:07:00,2026-08-10,21:35:00,2026-08-10,21:35:00,14.43,59,439.6,Diesel,88.63,24.37,4613.0,2159.91,6772.91,0,False,Entregada,Entrega realizada en tiempo,1
1009,19,19,17,12,2026-01-24,07:31:00,2026-01-24,20:14:00,2026-01-24,20:14:00,5.42,47,426.59,Diesel,42.03,24.62,3550.95,1034.78,4585.73,0,False,Entregada,Entrega realizada en tiempo,1
1010,13,32,51,2,2026-04-16,07:31:00,2026-04-16,14:09:00,2026-04-16,14:49:00,0.31,10,251.62,Gasolina,22.79,25.67,1869.1,585.02,2454.12,40,True,Tardía,Hora pico,0
1011,82,29,52,11,2026-02-16,12:00:00,2026-02-16,16:42:00,2026-02-16,16:42:00,0.84,23,135.41,Diesel,14.15,25.89,1445.05,366.34,1811.39,0,False,Entregada,Entrega realizada en tiempo,0
1012,5,8,22,23,2026-05-04,20:00:00,2026-05-04,05:21:00,2026-05-05,05:21:00,9.45,21,289.62,Diesel,30.94,24.76,3061.1,766.07,3827.17,0,False,Entregada,Entrega realizada en tiempo,1
1013,16,13,39,2,2026-05-18,05:33:00,2026-05-18,12:11:00,2026-05-18,12:11:00,1.47,66,268.3,Gasolina,21.88,23.65,2516.5,517.46,3033.96,0,False,Entregada,Entrega realizada en tiempo,0
1014,47,8,58,14,2026-01-08,13:08:00,2026-01-08,15:31:00,2026-01-08,15:45:00,7.16,29,66.92,Diesel,7.15,24.8,1782.6,177.32,1959.92,14,True,Tardía,Incidencia operativa,0
1015,62,13,6,23,2026-07-01,20:41:00,2026-07-01,06:02:00,2026-07-02,06:02:00,1.91,38,285.2,Gasolina,23.26,25.43,2421.0,591.5,3012.5,0,False,Entregada,Entrega realizada en tiempo,0
1016,56,33,26,13,2026-03-06,09:12:00,2026-03-06,16:23:00,2026-03-06,16:23:00,0.21,36,266.9,Diesel,34.04,24.31,2143.5,827.51,2971.01,0,False,Entregada,Entrega realizada en tiempo,0
1017,99,38,20,11,2026-07-23,09:46:00,2026-07-23,14:28:00,2026-07-23,14:28:00,0.24,63,131.11,Gasolina,11.14,24.34,1683.55,271.15,1954.7,0,False,Entregada,Entrega realizada en tiempo,0
1018,77,18,53,21,2026-06-09,08:38:00,2026-06-09,09:16:00,2026-06-09,09:16:00,0.43,50,25.64,Diesel,2.4,25.7,1071.2,61.68,1132.88,0,False,Entregada,Entrega realizada en tiempo,0
1019,48,5,29,11,2026-01-09,19:16:00,2026-01-09,23:58:00,2026-01-09,23:58:00,6.67,76,127.36,Diesel,16.0,25.81,2411.8,412.96,2824.76,0,False,Entregada,Entrega realizada en tiempo,0
1020,83,34,23,26,2026-01-08,08:11:00,2026-01-08,20:24:00,2026-01-08,20:24:00,6.25,42,355.05,Diesel,29.49,24.56,3236.25,724.27,3960.52,0,False,Entregada,Entrega realizada en tiempo,1
1021,32,5,14,43,2026-04-06,14:09:00,2026-04-06,05:36:00,2026-04-07,06:01:00,3.68,41,411.65,Diesel,51.71,26.15,3254.25,1352.22,4606.47,25,True,Tardía,Distancia larga,1
1022,28,30,37,21,2026-03-01,20:04:00,2026-03-01,20:42:00,2026-03-01,20:42:00,1.15,50,26.35,Diesel,2.26,24.64,1146.75,55.69,1202.44,0,False,Entregada,Entrega realizada en tiempo,0
1023,28,7,36,18,2026-07-03,07:36:00,2026-07-03,22:51:00,2026-07-03,22:51:00,0.58,54,387.82,Diesel,63.58,25.31,2929.1,1609.21,4538.31,0,False,Entregada,Entrega realizada en tiempo,1
1024,41,13,13,4,2026-07-25,18:31:00,2026-07-25,19:49:00,2026-07-25,19:49:00,0.83,6,42.72,Gasolina,3.48,24.26,844.6,84.42,929.02,0,False,Entregada,Entrega realizada en tiempo,0
1025,16,29,11,39,2026-03-25,15:15:00,2026-03-25,09:08:00,2026-03-26,09:23:00,1.29,74,473.01,Diesel,49.43,26.73,3586.05,1321.26,4907.31,15,True,Tardía,Distancia larga,1
1026,37,9,54,26,2026-01-10,20:58:00,2026-01-10,09:11:00,2026-01-11,09:46:00,0.52,68,364.43,Gasolina,29.8,23.21,2918.15,691.66,3609.81,35,True,Tardía,Distancia larga,1
1027,13,27,47,20,2026-03-12,13:48:00,2026-03-12,04:04:00,2026-03-13,04:04:00,0.47,45,437.76,Diesel,56.27,25.67,3095.8,1444.45,4540.25,0,False,Entregada,Entrega realizada en tiempo,1
1028,41,32,40,4,2026-04-11,12:44:00,2026-04-11,14:02:00,2026-04-11,14:02:00,0.95,59,40.25,Gasolina,3.65,24.92,1268.25,90.96,1359.21,0,False,Entregada,Entrega realizada en tiempo,0
1029,16,24,40,7,2026-01-08,10:03:00,2026-01-08,18:20:00,2026-01-08,19:22:00,2.12,2,325.61,Diesel,30.52,24.26,2356.05,740.42,3096.47,62,True,Tardía,"Tráfico alto, Distancia larga, Carga pesada",0
1030,93,24,53,35,2026-01-02,06:16:00,2026-01-02,14:35:00,2026-01-02,15:01:00,0.46,6,336.38,Diesel,31.53,24.79,2275.9,781.63,3057.53,26,True,Tardía,Distancia larga,0
1031,89,40,51,25,2026-03-11,09:59:00,2026-03-11,19:25:00,2026-03-11,19:25:00,0.99,18,344.77,Diesel,53.87,24.36,2466.85,1312.27,3779.12,0,False,Entregada,Entrega realizada en tiempo,1
1032,41,10,49,38,2026-08-06,16:40:00,2026-08-06,06:08:00,2026-08-07,06:08:00,0.39,58,399.2,Gasolina,40.04,24.57,2999.0,983.78,3982.78,0,False,Entregada,Entrega realizada en tiempo,1
1033,31,37,31,43,2026-05-06,11:20:00,2026-05-06,02:47:00,2026-05-07,02:47:00,2.18,62,426.36,Diesel,45.45,24.79,3345.8,1126.71,4472.51,0,False,Entregada,Entrega realizada en tiempo,1
1034,38,6,23,36,2026-08-02,10:42:00,2026-08-02,04:03:00,2026-08-03,04:03:00,5.77,27,452.17,Diesel,66.11,24.23,3553.85,1601.85,5155.7,0,False,Entregada,Entrega realizada en tiempo,1
1035,64,4,14,1,2026-06-21,09:29:00,2026-06-21,15:48:00,2026-06-21,16:16:00,0.27,50,173.63,Gasolina,29.18,23.63,1795.15,689.52,2484.67,28,True,Tardía,Hora pico,0
1036,76,34,33,21,2026-07-14,12:45:00,2026-07-14,13:23:00,2026-07-14,13:23:00,9.0,59,24.4,Diesel,2.03,26.54,1994.0,53.88,2047.88,0,False,Entregada,Entrega realizada en tiempo,0
1037,14,9,15,24,2026-04-09,17:55:00,2026-04-09,02:32:00,2026-04-10,02:32:00,0.84,80,324.5,Gasolina,26.53,25.34,2846.5,672.27,3518.77,0,False,Entregada,Entrega realizada en tiempo,0
1038,25,5,18,28,2026-02-12,12:55:00,2026-02-12,18:09:00,2026-02-12,18:09:00,8.17,74,193.88,Diesel,24.36,24.44,2878.4,595.36,3473.76,0,False,Entregada,Entrega realizada en tiempo,0
1039,14,8,16,2,2026-04-28,09:17:00,2026-04-28,15:55:00,2026-04-28,15:55:00,9.87,4,271.56,Diesel,29.01,25.59,2876.8,742.37,3619.17,0,False,Entregada,Entrega realizada en tiempo,1
1040,46,17,8,36,2026-01-22,14:27:00,2026-01-22,07:48:00,2026-01-23,08:32:00,2.75,28,429.18,Diesel,76.23,25.52,3144.9,1945.39,5090.29,44,True,Tardía,Distancia larga,1
1041,7,29,18,24,2026-01-26,06:41:00,2026-01-26,15:18:00,2026-01-26,15:18:00,1.48,49,312.14,Diesel,32.62,25.27,2600.7,824.31,3425.01,0,False,Entregada,Entrega realizada en tiempo,0
1042,38,13,26,12,2026-06-02,11:33:00,2026-06-02,00:16:00,2026-06-03,00:16:00,1.63,78,413.93,Gasolina,33.76,24.3,3356.65,820.37,4177.02,0,False,Entregada,Entrega realizada en tiempo,1
1043,88,4,42,16,2026-01-29,10:07:00,2026-01-29,15:13:00,2026-01-29,15:13:00,1.49,7,187.88,Gasolina,31.58,24.73,1644.4,780.97,2425.37,0,False,Entregada,Entrega realizada en tiempo,0
1044,31,5,35,7,2026-03-12,10:56:00,2026-03-12,19:13:00,2026-03-12,19:13:00,4.26,80,301.52,Diesel,37.88,25.21,3073.6,954.95,4028.55,0,False,Entregada,Entrega realizada en tiempo,1
1045,51,7,15,47,2026-07-30,11:31:00,2026-07-30,21:29:00,2026-07-30,22:20:00,3.3,27,329.88,Diesel,54.08,26.12,2695.4,1412.57,4107.97,51,True,Tardía,"Tráfico alto, Distancia larga",1
1046,37,1,7,12,2026-05-09,18:47:00,2026-05-09,07:30:00,2026-05-10,07:30:00,1.08,40,405.25,Gasolina,39.12,25.06,2954.25,980.35,3934.6,0,False,Entregada,Entrega realizada en tiempo,1
1047,22,21,44,5,2026-02-12,09:21:00,2026-02-12,17:13:00,2026-02-12,18:01:00,1.27,59,319.11,Diesel,44.63,25.0,2694.55,1115.75,3810.3,48,True,Tardía,"Hora pico, Distancia larga",1
1048,23,17,57,5,2026-02-13,05:38:00,2026-02-13,13:30:00,2026-02-13,13:30:00,1.75,46,322.59,Diesel,57.3,25.75,2655.95,1475.47,4131.42,0,False,Entregada,Entrega realizada en tiempo,1
1049,63,16,31,8,2026-01-12,05:36:00,2026-01-12,13:09:00,2026-01-12,13:09:00,0.34,38,210.15,Gasolina,18.88,24.58,1888.75,464.07,2352.82,0,False,Entregada,Entrega realizada en tiempo,0
1050,22,10,50,7,2026-01-26,12:51:00,2026-01-26,21:08:00,2026-01-26,21:08:00,0.66,43,291.74,Gasolina,29.26,25.2,2368.7,737.35,3106.05,0,False,Entregada,Entrega realizada en tiempo,0
1051,70,17,43,32,2026-03-06,14:29:00,2026-03-06,22:39:00,2026-03-06,22:39:00,0.44,2,254.82,Diesel,45.26,24.9,1834.1,1126.97,2961.07,0,False,Entregada,Entrega realizada en tiempo,0
1052,43,34,50,43,2026-08-08,18:07:00,2026-08-08,09:34:00,2026-08-09,09:34:00,10.24,35,430.21,Diesel,35.73,26.18,3955.05,935.41,4890.46,0,False,Entregada,Entrega realizada en tiempo,1
1053,3,10,27,15,2026-06-18,08:22:00,2026-06-18,22:50:00,2026-06-18,23:52:00,0.3,64,420.18,Gasolina,42.14,23.62,3142.9,995.35,4138.25,62,True,Tardía,"Hora pico, Distancia larga",1
1054,12,13,59,25,2026-06-13,08:17:00,2026-06-13,17:43:00,2026-06-13,17:43:00,0.76,70,354.11,Gasolina,28.88,24.35,2906.55,703.23,3609.78,0,False,Entregada,Entrega realizada en tiempo,1
1055,68,12,17,44,2026-03-31,13:25:00,2026-03-31,15:35:00,2026-03-31,15:35:00,0.72,76,63.21,Gasolina,9.04,25.98,1496.05,234.86,1730.91,0,False,Entregada,Entrega realizada en tiempo,0
1056,40,13,3,38,2026-05-14,13:53:00,2026-05-14,03:21:00,2026-05-15,04:29:00,0.59,79,481.05,Gasolina,39.24,23.87,3596.25,936.66,4532.91,68,True,Tardía,"Tráfico alto, Distancia larga",1
1057,2,32,60,44,2026-02-07,17:43:00,2026-02-07,19:53:00,2026-02-07,19:53:00,0.57,20,67.21,Gasolina,6.09,23.87,1053.05,145.37,1198.42,0,False,Entregada,Entrega realizada en tiempo,0
1058,72,11,20,32,2026-03-15,07:51:00,2026-03-15,16:01:00,2026-03-15,16:23:00,1.35,38,247.26,Diesel,51.73,24.85,2175.3,1285.49,3460.79,22,True,Tardía,Hora pico,1
1059,76,8,4,32,2026-03-20,05:27:00,2026-03-20,13:37:00,2026-03-20,13:37:00,0.82,46,248.19,Diesel,26.52,24.0,2190.95,636.48,2827.43,0,False,Entregada,Entrega realizada en tiempo,0
1060,33,9,23,19,2026-07-21,19:42:00,2026-07-21,03:31:00,2026-07-22,04:13:00,1.04,72,304.02,Gasolina,24.86,24.3,2700.1,604.1,3304.2,42,True,Tardía,"Hora pico, Distancia larga, Carga pesada",0
1061,11,19,15,3,2026-05-02,14:15:00,2026-05-02,01:45:00,2026-05-03,01:45:00,0.49,50,362.57,Diesel,35.72,26.9,2761.85,960.87,3722.72,0,False,Entregada,Entrega realizada en tiempo,1
1062,13,17,59,20,2026-06-02,12:11:00,2026-06-02,02:27:00,2026-06-03,02:27:00,3.8,73,399.07,Diesel,70.88,26.63,3459.35,1887.53,5346.88,0,False,Entregada,Entrega realizada en tiempo,1
1063,75,9,44,50,2026-02-21,11:08:00,2026-02-21,20:09:00,2026-02-21,20:09:00,0.22,54,259.51,Gasolina,21.22,23.9,2251.55,507.16,2758.71,0,False,Entregada,Entrega realizada en tiempo,0
1064,11,20,37,41,2026-04-29,20:11:00,2026-04-29,07:52:00,2026-04-30,07:52:00,0.86,49,389.02,Gasolina,52.78,25.5,2923.1,1345.89,4268.99,0,False,Entregada,Entrega realizada en tiempo,1
1065,13,9,34,29,2026-06-27,13:32:00,2026-06-27,18:40:00,2026-06-27,18:40:00,0.99,46,121.58,Gasolina,9.94,24.28,1574.9,241.34,1816.24,0,False,Entregada,Entrega realizada en tiempo,0
1066,54,27,30,2,2026-05-24,05:49:00,2026-05-24,12:27:00,2026-05-24,12:55:00,25.99,54,253.58,Diesel,32.59,26.72,4798.9,870.8,5669.7,28,True,Tardía,Carga pesada,1
1067,32,38,33,24,2026-02-02,20:57:00,2026-02-02,05:34:00,2026-02-03,05:34:00,0.95,73,321.54,Gasolina,27.32,23.16,2786.7,632.73,3419.43,0,False,Entregada,Entrega realizada en tiempo,0
1068,51,9,26,43,2026-01-02,17:51:00,2026-01-02,09:18:00,2026-01-03,09:18:00,0.92,67,484.58,Gasolina,39.62,23.16,3550.9,917.6,4468.5,0,False,Entregada,Entrega realizada en tiempo,1
1069,8,18,54,42,2026-01-28,13:38:00,2026-01-28,16:49:00,2026-01-28,16:49:00,1.32,13,106.09,Diesel,9.93,25.7,1266.45,255.2,1521.65,0,False,Entregada,Entrega realizada en tiempo,0
1070,89,22,56,4,2026-02-01,19:47:00,2026-02-01,21:05:00,2026-02-01,21:05:00,3.89,7,38.55,Diesel,3.73,25.55,1137.75,95.3,1233.05,0,False,Entregada,Entrega realizada en tiempo,0
1071,72,32,9,15,2026-06-22,08:19:00,2026-06-22,22:47:00,2026-06-22,22:47:00,0.48,40,430.91,Gasolina,39.03,25.81,3022.55,1007.36,4029.91,0,False,Entregada,Entrega realizada en tiempo,1
1072,63,40,45,13,2026-01-30,07:00:00,2026-01-30,14:11:00,2026-01-30,14:11:00,2.03,20,262.8,Diesel,41.06,24.36,2177.0,1000.22,3177.22,0,False,Entregada,Entrega realizada en tiempo,0
1073,13,16,14,7,2026-05-02,05:53:00,2026-05-02,14:10:00,2026-05-02,14:10:00,0.75,65,327.87,Gasolina,29.46,23.17,2734.35,682.59,3416.94,0,False,Entregada,Entrega realizada en tiempo,0
1074,16,20,26,31,2026-02-17,10:53:00,2026-02-17,22:01:00,2026-02-17,23:13:00,1.4,70,302.49,Gasolina,41.04,23.44,2712.45,961.98,3674.43,72,True,Tardía,"Tráfico alto, Distancia larga, Carga pesada",1
1075,3,12,10,48,2026-06-18,10:10:00,2026-06-18,15:47:00,2026-06-18,15:47:00,0.46,66,146.51,Gasolina,20.96,24.64,1806.55,516.45,2323.0,0,False,Entregada,Entrega realizada en tiempo,0
1076,61,31,19,19,2026-06-20,08:37:00,2026-06-20,16:26:00,2026-06-20,16:26:00,0.49,64,284.68,Diesel,40.44,24.83,2484.4,1004.13,3488.53,0,False,Entregada,Entrega realizada en tiempo,1
1077,50,7,30,27,2026-07-28,16:09:00,2026-07-28,02:35:00,2026-07-29,02:35:00,2.02,4,304.0,Diesel,49.84,24.36,2254.0,1214.1,3468.1,0,False,Entregada,Entrega realizada en tiempo,1
1078,50,1,38,20,2026-01-09,17:02:00,2026-01-09,07:18:00,2026-01-10,07:18:00,1.61,46,431.39,Gasolina,41.64,24.4,3185.95,1016.02,4201.97,0,False,Entregada,Entrega realizada en tiempo,1
1079,93,30,18,1,2026-02-10,14:32:00,2026-02-10,20:51:00,2026-02-10,20:51:00,0.99,65,189.92,Diesel,16.32,26.71,2068.6,435.91,2504.51,0,False,Entregada,Entrega realizada en tiempo,0
1080,68,25,33,5,2026-02-14,08:22:00,2026-02-14,16:14:00,2026-02-14,16:55:00,1.71,73,323.43,Diesel,68.81,26.77,2872.15,1842.04,4714.19,41,True,Tardía,"Hora pico, Distancia larga",1
1081,9,31,25,31,2026-06-05,09:36:00,2026-06-05,20:44:00,2026-06-05,20:44:00,1.13,65,305.31,Diesel,43.37,25.58,2659.55,1109.4,3768.95,0,False,Entregada,Entrega realizada en tiempo,1
1082,17,21,38,38,2026-03-31,15:04:00,2026-03-31,04:32:00,2026-04-01,05:12:00,0.82,6,481.54,Diesel,67.35,26.0,3037.7,1751.1,4788.8,40,True,Tardía,"Tráfico alto, Distancia larga",1
1083,64,31,21,49,2026-03-01,10:06:00,2026-03-01,01:54:00,2026-03-02,01:54:00,1.5,23,422.18,Diesel,59.97,25.15,2944.9,1508.25,4453.15,0,False,Entregada,Entrega realizada en tiempo,1
1084,54,5,4,40,2026-03-06,08:02:00,2026-03-06,19:36:00,2026-03-06,19:36:00,5.57,10,415.46,Diesel,52.19,25.12,3214.3,1311.01,4525.31,0,False,Entregada,Entrega realizada en tiempo,1
1085,81,2,60,12,2026-03-24,08:44:00,2026-03-24,21:27:00,2026-03-24,22:31:00,3.48,58,382.19,Diesel,77.05,24.59,3222.95,1894.66,5117.61,64,True,Tardía,"Hora pico, Distancia larga",1
1086,63,29,44,19,2026-02-27,09:47:00,2026-02-27,17:36:00,2026-02-27,17:36:00,0.26,21,309.43,Diesel,32.33,25.59,2241.15,827.32,3068.47,0,False,Entregada,Entrega realizada en tiempo,0
1087,25,6,38,2,2026-06-11,08:13:00,2026-06-11,14:51:00,2026-06-11,14:51:00,6.43,5,249.27,Diesel,36.44,26.68,2429.35,972.22,3401.57,0,False,Entregada,Entrega realizada en tiempo,0
1088,47,27,37,35,2026-08-10,07:21:00,2026-08-10,15:40:00,2026-08-10,15:40:00,26.21,24,336.79,Diesel,43.29,26.87,4996.95,1163.2,6160.15,0,False,Entregada,Entrega realizada en tiempo,1
1089,94,34,32,13,2026-08-02,09:36:00,2026-08-02,16:47:00,2026-08-02,16:47:00,11.58,61,261.79,Diesel,21.74,25.07,3454.95,545.02,3999.97,0,False,Entregada,Entrega realizada en tiempo,1
1090,72,9,52,5,2026-04-23,16:40:00,2026-04-23,00:32:00,2026-04-24,00:32:00,0.96,49,303.92,Gasolina,24.85,24.71,2507.6,614.04,3121.64,0,False,Entregada,Entrega realizada en tiempo,0
1091,17,34,20,7,2026-01-31,18:14:00,2026-01-31,02:31:00,2026-02-01,02:31:00,12.66,7,289.97,Diesel,24.08,24.99,3271.85,601.76,3873.61,0,False,Entregada,Entrega realizada en tiempo,1
1092,29,19,60,17,2026-04-10,14:04:00,2026-04-10,03:20:00,2026-04-11,03:20:00,6.11,21,333.87,Diesel,32.89,24.22,2948.35,796.6,3744.95,0,False,Entregada,Entrega realizada en tiempo,1
1093,74,16,55,34,2026-06-06,19:19:00,2026-06-06,22:53:00,2026-06-06,22:53:00,1.08,52,160.26,Gasolina,14.4,24.64,1825.3,354.82,2180.12,0,False,Entregada,Entrega realizada en tiempo,0
1094,15,38,31,17,2026-06-17,05:02:00,2026-06-17,18:18:00,2026-06-17,18:18:00,0.33,44,346.29,Gasolina,29.42,23.6,2616.45,694.31,3310.76,0,False,Entregada,Entrega realizada en tiempo,0
1095,98,4,9,14,2026-05-21,13:59:00,2026-05-21,16:22:00,2026-05-21,16:48:00,1.68,8,62.83,Gasolina,10.56,25.71,1046.15,271.5,1317.65,26,True,Tardía,Carga pesada,0
1096,90,3,23,5,2026-04-17,07:56:00,2026-04-17,15:48:00,2026-04-17,16:27:00,19.73,71,332.44,Diesel,71.34,24.11,4703.2,1720.01,6423.21,39,True,Tardía,"Hora pico, Distancia larga, Carga pesada",1
1097,65,15,42,23,2026-04-21,18:19:00,2026-04-21,03:40:00,2026-04-22,03:56:00,1.68,30,257.79,Diesel,53.04,26.32,2196.95,1396.01,3592.96,16,True,Tardía,Hora pico,1
1098,26,35,39,25,2026-06-24,05:35:00,2026-06-24,15:01:00,2026-06-24,15:32:00,0.43,62,359.63,Gasolina,48.53,24.29,2837.15,1178.79,4015.94,31,True,Tardía,Distancia larga,1
1099,55,36,9,8,2026-04-23,08:57:00,2026-04-23,16:30:00,2026-04-23,16:30:00,3.01,79,196.04,Diesel,23.12,25.1,2413.2,580.31,2993.51,0,False,Entregada,Entrega realizada en tiempo,0
1100,25,22,28,4,2026-03-02,10:05:00,2026-03-02,11:23:00,2026-03-02,11:46:00,4.86,76,39.99,Diesel,3.87,26.24,1793.95,101.55,1895.5,23,True,Tardía,Incidencia operativa,0
1101,69,37,3,1,2026-08-12,10:52:00,2026-08-12,17:11:00,2026-08-12,17:37:00,4.25,8,204.19,Diesel,21.77,24.54,2009.95,534.24,2544.19,26,True,Tardía,Carga pesada,0
1102,6,21,23,39,2026-06-17,10:18:00,2026-06-17,04:11:00,2026-06-18,04:11:00,0.83,17,485.98,Diesel,67.97,25.44,3148.9,1729.16,4878.06,0,False,Entregada,Entrega realizada en tiempo,1
1103,16,5,5,17,2026-05-20,09:31:00,2026-05-20,22:47:00,2026-05-20,22:47:00,7.4,46,353.65,Diesel,44.43,26.58,3376.25,1180.95,4557.2,0,False,Entregada,Entrega realizada en tiempo,1
1104,57,20,24,50,2026-05-22,12:55:00,2026-05-22,21:56:00,2026-05-22,21:56:00,1.58,32,233.32,Gasolina,31.66,23.8,2080.6,753.51,2834.11,0,False,Entregada,Entrega realizada en tiempo,0
1105,90,35,33,7,2026-01-14,14:57:00,2026-01-14,23:14:00,2026-01-14,23:14:00,0.33,53,333.35,Gasolina,44.99,24.87,2623.75,1118.9,3742.65,0,False,Entregada,Entrega realizada en tiempo,1
1106,36,6,14,9,2026-08-04,19:14:00,2026-08-04,23:42:00,2026-08-04,23:42:00,5.24,40,186.56,Diesel,27.27,24.63,2276.8,671.66,2948.46,0,False,Entregada,Entrega realizada en tiempo,0
1107,48,10,3,16,2026-06-28,17:41:00,2026-06-28,22:47:00,2026-06-28,22:47:00,1.39,59,159.56,Gasolina,16.0,23.06,1908.8,368.96,2277.76,0,False,Entregada,Entrega realizada en tiempo,0
1108,5,18,18,38,2026-04-09,12:52:00,2026-04-09,02:20:00,2026-04-10,03:36:00,3.63,11,435.81,Diesel,40.81,26.59,3130.05,1085.14,4215.19,76,True,Tardía,"Tráfico alto, Distancia larga, Carga pesada",1
1109,50,29,3,15,2026-02-22,15:11:00,2026-02-22,05:39:00,2026-02-23,05:39:00,1.03,56,437.85,Diesel,45.75,25.98,3240.25,1188.59,4428.84,0,False,Entregada,Entrega realizada en tiempo,1
1110,5,35,49,23,2026-01-07,13:59:00,2026-01-07,23:20:00,2026-01-07,23:20:00,1.26,34,244.14,Gasolina,32.95,24.77,2118.7,816.17,2934.87,0,False,Entregada,Entrega realizada en tiempo,0
1111,97,2,22,47,2026-08-01,16:55:00,2026-08-01,02:53:00,2026-08-02,02:53:00,7.96,55,350.27,Diesel,70.62,26.79,3487.35,1891.91,5379.26,0,False,Entregada,Entrega realizada en tiempo,1
1112,97,4,52,7,2026-05-22,15:46:00,2026-05-22,00:03:00,2026-05-23,00:03:00,1.29,37,323.74,Gasolina,54.41,25.81,2543.7,1404.32,3948.02,0,False,Entregada,Entrega realizada en tiempo,1
1113,60,28,37,47,2026-05-26,19:16:00,2026-05-26,05:14:00,2026-05-27,05:14:00,0.31,21,325.25,Diesel,47.69,25.4,2325.25,1211.33,3536.58,0,False,Entregada,Entrega realizada en tiempo,1
1114,31,9,59,1,2026-03-13,11:05:00,2026-03-13,17:24:00,2026-03-13,17:24:00,0.51,32,197.9,Gasolina,16.18,23.89,1796.5,386.54,2183.04,0,False,Entregada,Entrega realizada en tiempo,0
1115,74,26,3,40,2026-03-12,14:17:00,2026-03-12,01:51:00,2026-03-13,01:51:00,0.37,33,383.75,Gasolina,54.74,25.43,2719.75,1392.04,4111.79,0,False,Entregada,Entrega realizada en tiempo,1
1116,78,1,8,20,2026-05-26,13:53:00,2026-05-26,04:09:00,2026-05-27,04:09:00,1.6,34,386.78,Gasolina,37.33,24.33,2865.9,908.24,3774.14,0,False,Entregada,Entrega realizada en tiempo,1
1117,3,29,1,30,2026-01-10,14:30:00,2026-01-10,22:02:00,2026-01-10,22:02:00,1.82,72,205.17,Diesel,21.44,24.18,2283.85,518.42,2802.27,0,False,Entregada,Entrega realizada en tiempo,0
1118,11,18,58,40,2026-05-22,13:04:00,2026-05-22,00:38:00,2026-05-23,01:09:00,3.42,57,390.24,Diesel,36.54,26.61,3249.2,972.33,4221.53,31,True,Tardía,Distancia larga,1
1119,17,15,41,12,2026-02-07,06:14:00,2026-02-07,18:57:00,2026-02-07,18:57:00,0.26,15,407.65,Diesel,83.88,24.55,2684.25,2059.25,4743.5,0,False,Entregada,Entrega realizada en tiempo,1
1120,65,29,38,21,2026-01-11,20:45:00,2026-01-11,21:23:00,2026-01-11,21:50:00,1.55,30,26.3,Diesel,2.75,24.05,1026.5,66.14,1092.64,27,True,Tardía,Carga pesada,0
1121,46,35,46,3,2026-06-03,10:22:00,2026-06-03,21:52:00,2026-06-03,22:24:00,0.36,14,417.36,Gasolina,56.32,24.53,2734.8,1381.53,4116.33,32,True,Tardía,Distancia larga,1
1122,31,14,21,37,2026-04-06,16:04:00,2026-04-06,20:35:00,2026-04-06,20:35:00,21.3,55,193.81,Diesel,20.88,24.43,4039.05,510.1,4549.15,0,False,Entregada,Entrega realizada en tiempo,1
1123,42,39,51,24,2026-03-27,16:57:00,2026-03-27,01:34:00,2026-03-28,01:34:00,0.99,48,336.14,Gasolina,27.13,25.92,2663.7,703.21,3366.91,0,False,Entregada,Entrega realizada en tiempo,0
1124,80,2,11,24,2026-01-12,12:59:00,2026-01-12,21:36:00,2026-01-12,21:36:00,10.19,20,290.65,Diesel,58.6,24.08,3132.25,1411.09,4543.34,0,False,Entregada,Entrega realizada en tiempo,1
1125,78,14,52,21,2026-05-11,19:50:00,2026-05-11,20:28:00,2026-05-11,20:28:00,13.58,75,23.12,Diesel,2.49,26.82,2573.6,66.78,2640.38,0,False,Entregada,Entrega realizada en tiempo,0
1126,49,38,3,43,2026-07-05,08:24:00,2026-07-05,23:51:00,2026-07-05,23:51:00,0.54,11,435.83,Gasolina,37.03,25.88,2821.15,958.34,3779.49,0,False,Entregada,Entrega realizada en tiempo,1
1127,29,37,33,37,2026-06-11,20:46:00,2026-06-11,01:17:00,2026-06-12,01:17:00,0.51,54,182.71,Diesel,19.48,24.36,1896.55,474.53,2371.08,0,False,Entregada,Entrega realizada en tiempo,0
1128,68,4,39,31,2026-06-18,19:33:00,2026-06-18,06:41:00,2026-06-19,07:51:00,0.37,57,323.92,Gasolina,54.44,23.99,2612.6,1306.02,3918.62,70,True,Tardía,"Tráfico alto, Hora pico, Distancia larga",1
1129,99,24,15,30,2026-03-22,08:44:00,2026-03-22,16:16:00,2026-03-22,16:16:00,2.28,31,182.31,Diesel,17.09,26.87,1887.55,459.21,2346.76,0,False,Entregada,Entrega realizada en tiempo,0
1130,53,24,6,23,2026-05-24,19:04:00,2026-05-24,04:25:00,2026-05-25,04:25:00,2.3,47,269.91,Diesel,25.3,25.82,2455.55,653.25,3108.8,0,False,Entregada,Entrega realizada en tiempo,0
1131,58,27,15,37,2026-07-31,08:59:00,2026-07-31,13:30:00,2026-07-31,13:30:00,8.28,69,172.97,Diesel,22.23,26.73,2744.85,594.21,3339.06,0,False,Entregada,Entrega realizada en tiempo,0
1132,87,38,43,9,2026-06-05,11:50:00,2026-06-05,16:18:00,2026-06-05,16:18:00,0.62,37,184.81,Gasolina,15.7,23.35,1782.05,366.6,2148.65,0,False,Entregada,Entrega realizada en tiempo,0
1133,53,27,33,10,2026-05-28,18:40:00,2026-05-28,11:12:00,2026-05-29,11:12:00,19.28,26,400.93,Diesel,51.53,26.63,4640.65,1372.24,6012.89,0,False,Entregada,Entrega realizada en tiempo,1
1134,2,11,8,27,2026-03-09,20:45:00,2026-03-09,07:11:00,2026-03-10,07:11:00,0.8,61,312.03,Diesel,65.28,24.38,2628.15,1591.53,4219.68,0,False,Entregada,Entrega realizada en tiempo,1
1135,5,28,2,45,2026-02-12,07:08:00,2026-02-12,19:19:00,2026-02-12,19:19:00,0.44,66,444.15,Diesel,65.12,26.76,3292.75,1742.61,5035.36,0,False,Entregada,Entrega realizada en tiempo,1
1136,55,23,9,26,2026-06-28,20:15:00,2026-06-28,08:28:00,2026-06-29,08:56:00,0.64,38,378.74,Gasolina,69.37,25.98,2761.7,1802.23,4563.93,28,True,Tardía,Distancia larga,1
1137,6,5,48,23,2026-04-25,16:40:00,2026-04-25,02:01:00,2026-04-26,02:01:00,8.96,58,263.9,Diesel,33.15,25.31,3179.5,839.03,4018.53,0,False,Entregada,Entrega realizada en tiempo,1
1138,97,31,45,9,2026-07-07,09:46:00,2026-07-07,14:14:00,2026-07-07,14:14:00,1.54,76,169.04,Diesel,24.01,26.81,2107.2,643.71,2750.91,0,False,Entregada,Entrega realizada en tiempo,0
1139,11,10,58,1,2026-06-01,14:43:00,2026-06-01,21:02:00,2026-06-01,21:02:00,0.83,59,177.3,Gasolina,17.78,24.32,1941.5,432.41,2373.91,0,False,Entregada,Entrega realizada en tiempo,0
1140,66,38,18,50,2026-01-25,10:19:00,2026-01-25,19:20:00,2026-01-25,19:20:00,0.74,64,270.01,Gasolina,22.94,24.69,2436.05,566.39,3002.44,0,False,Entregada,Entrega realizada en tiempo,0
1141,68,38,33,28,2026-03-15,13:24:00,2026-03-15,18:38:00,2026-03-15,18:38:00,0.71,41,181.96,Gasolina,15.46,25.86,1808.8,399.8,2208.6,0,False,Entregada,Entrega realizada en tiempo,0
1142,6,14,28,34,2026-03-13,13:06:00,2026-03-13,16:40:00,2026-03-13,16:40:00,17.97,45,137.15,Diesel,14.78,24.36,3342.75,360.04,3702.79,0,False,Entregada,Entrega realizada en tiempo,0
1143,36,32,29,15,2026-08-15,09:18:00,2026-08-15,23:46:00,2026-08-15,23:46:00,0.93,34,427.79,Gasolina,38.75,25.26,3003.95,978.83,3982.78,0,False,Entregada,Entrega realizada en tiempo,1
1144,30,18,10,7,2026-02-22,20:53:00,2026-02-22,05:10:00,2026-02-23,05:10:00,1.95,66,317.4,Diesel,29.72,24.08,2810.0,715.66,3525.66,0,False,Entregada,Entrega realizada en tiempo,0
1145,6,35,35,13,2026-01-02,18:53:00,2026-01-02,02:04:00,2026-01-03,02:04:00,0.92,4,238.92,Gasolina,32.24,23.85,1818.6,768.92,2587.52,0,False,Entregada,Entrega realizada en tiempo,0
1146,74,28,47,29,2026-05-14,08:53:00,2026-05-14,14:01:00,2026-05-14,14:46:00,0.76,59,124.72,Diesel,18.29,26.67,1671.6,487.79,2159.39,45,True,Tardía,"Tráfico alto, Hora pico",0
1147,64,17,6,9,2026-03-13,08:22:00,2026-03-13,12:50:00,2026-03-13,12:50:00,6.82,11,185.74,Diesel,32.99,24.67,2198.7,813.86,3012.56,0,False,Entregada,Entrega realizada en tiempo,0
1148,10,21,11,33,2026-03-27,11:29:00,2026-03-27,15:20:00,2026-03-27,15:20:00,1.44,66,110.24,Diesel,15.42,24.22,1723.2,373.47,2096.67,0,False,Entregada,Entrega realizada en tiempo,0
1149,89,21,58,3,2026-04-21,08:59:00,2026-04-21,20:29:00,2026-04-21,21:27:00,1.01,67,371.06,Diesel,51.9,26.85,2992.3,1393.52,4385.82,58,True,Tardía,"Hora pico, Distancia larga",1
1150,81,1,16,9,2026-05-31,15:55:00,2026-05-31,20:23:00,2026-05-31,20:23:00,1.33,29,167.37,Gasolina,16.16,23.8,1701.85,384.61,2086.46,0,False,Entregada,Entrega realizada en tiempo,0
1151,20,32,53,12,2026-07-07,18:18:00,2026-07-07,07:01:00,2026-07-08,07:45:00,0.61,17,373.96,Gasolina,33.87,23.01,2566.8,779.35,3346.15,44,True,Tardía,"Hora pico, Distancia larga",1
1152,9,32,36,40,2026-02-23,09:02:00,2026-02-23,20:36:00,2026-02-23,20:36:00,0.31,54,416.15,Gasolina,37.69,24.84,3043.75,936.22,3979.97,0,False,Entregada,Entrega realizada en tiempo,1
1153,81,38,16,41,2026-03-31,18:33:00,2026-03-31,06:14:00,2026-04-01,06:14:00,0.25,24,424.48,Gasolina,36.06,25.52,2839.4,920.25,3759.65,0,False,Entregada,Entrega realizada en tiempo,1
1154,38,32,32,41,2026-04-11,14:34:00,2026-04-11,02:15:00,2026-04-12,02:59:00,0.46,62,366.7,Gasolina,33.22,24.26,2875.5,805.92,3681.42,44,True,Tardía,"Tráfico alto, Distancia larga",1
1155,58,21,16,43,2026-04-19,08:11:00,2026-04-19,23:38:00,2026-04-19,23:38:00,0.99,60,405.38,Diesel,56.7,25.98,3105.9,1473.07,4578.97,0,False,Entregada,Entrega realizada en tiempo,1
1156,45,26,46,9,2026-07-18,18:53:00,2026-07-18,23:21:00,2026-07-18,23:21:00,0.37,63,181.89,Gasolina,25.95,25.06,1950.45,650.31,2600.76,0,False,Entregada,Entrega realizada en tiempo,0
1157,4,19,18,33,2026-02-25,16:03:00,2026-02-25,19:54:00,2026-02-25,19:54:00,0.67,72,116.2,Diesel,11.45,24.78,1724.0,283.73,2007.73,0,False,Entregada,Entrega realizada en tiempo,0
1158,41,27,26,29,2026-04-19,15:16:00,2026-04-19,20:24:00,2026-04-19,21:01:00,0.3,7,124.84,Diesel,16.05,25.91,1210.2,415.86,1626.06,37,True,Tardía,Tráfico alto,0
1159,6,20,29,27,2026-02-26,09:34:00,2026-02-26,20:00:00,2026-02-26,20:00:00,1.27,27,306.78,Gasolina,41.63,23.33,2376.9,971.23,3348.13,0,False,Entregada,Entrega realizada en tiempo,1
1160,79,40,22,9,2026-06-04,20:01:00,2026-06-04,00:29:00,2026-06-05,00:29:00,1.41,3,170.33,Diesel,26.61,24.27,1516.65,645.82,2162.47,0,False,Entregada,Entrega realizada en tiempo,0
1161,91,22,59,23,2026-07-16,20:04:00,2026-07-16,05:25:00,2026-07-17,05:25:00,2.76,7,286.3,Diesel,27.69,25.09,2263.5,694.74,2958.24,0,False,Entregada,Entrega realizada en tiempo,0
1162,26,11,54,35,2026-04-12,10:18:00,2026-04-12,18:37:00,2026-04-12,18:37:00,2.77,21,329.62,Diesel,68.96,24.99,2593.1,1723.31,4316.41,0,False,Entregada,Entrega realizada en tiempo,1
1163,28,36,47,16,2026-01-04,06:54:00,2026-01-04,12:00:00,2026-01-04,12:00:00,6.67,3,171.87,Diesel,20.27,25.58,2050.35,518.51,2568.86,0,False,Entregada,Entrega realizada en tiempo,0
1164,65,26,51,32,2026-01-11,09:18:00,2026-01-11,17:28:00,2026-01-11,18:15:00,0.74,39,242.14,Gasolina,34.54,23.82,2096.7,822.74,2919.44,47,True,Tardía,"Hora pico, Carga pesada",0
1165,16,25,42,26,2026-02-03,11:55:00,2026-02-03,00:08:00,2026-02-04,00:57:00,10.69,11,330.03,Diesel,70.22,24.04,3307.15,1688.09,4995.24,49,True,Tardía,"Distancia larga, Carga pesada",1
1166,70,39,59,10,2026-01-25,15:12:00,2026-01-25,07:44:00,2026-01-26,07:44:00,0.9,78,437.98,Gasolina,35.35,25.35,3403.9,896.12,4300.02,0,False,Entregada,Entrega realizada en tiempo,1
1167,55,33,48,2,2026-03-19,11:29:00,2026-03-19,18:07:00,2026-03-19,18:37:00,1.61,26,269.54,Diesel,34.38,25.73,2216.7,884.6,3101.3,30,True,Tardía,Incidencia operativa,0
1168,49,19,28,6,2026-02-26,16:35:00,2026-02-26,23:29:00,2026-02-26,23:29:00,5.44,36,228.4,Diesel,22.5,26.72,2474.0,601.2,3075.2,0,False,Entregada,Entrega realizada en tiempo,0
1169,69,33,16,25,2026-01-05,18:46:00,2026-01-05,04:12:00,2026-01-06,04:12:00,0.81,51,356.45,Diesel,45.47,26.29,2771.25,1195.41,3966.66,0,False,Entregada,Entrega realizada en tiempo,1
1170,92,7,29,15,2026-05-28,05:25:00,2026-05-28,19:53:00,2026-05-28,19:53:00,3.75,30,465.49,Diesel,76.31,25.43,3442.45,1940.56,5383.01,0,False,Entregada,Entrega realizada en tiempo,1
1171,14,20,22,10,2026-07-27,07:06:00,2026-07-27,23:38:00,2026-07-28,00:50:00,1.3,72,476.15,Gasolina,64.61,23.42,3586.75,1513.17,5099.92,72,True,Tardía,"Tráfico alto, Hora pico, Distancia larga",1
1172,79,31,34,47,2026-08-03,10:03:00,2026-08-03,20:01:00,2026-08-03,20:49:00,1.24,64,325.17,Diesel,46.19,24.11,2761.85,1113.64,3875.49,48,True,Tardía,"Tráfico alto, Distancia larga",1
1173,89,37,39,27,2026-08-12,05:17:00,2026-08-12,15:43:00,2026-08-12,15:43:00,0.69,27,334.97,Diesel,35.71,26.38,2459.85,942.03,3401.88,0,False,Entregada,Entrega realizada en tiempo,1
1174,70,32,21,42,2026-03-02,13:29:00,2026-03-02,16:40:00,2026-03-02,16:40:00,0.73,62,89.13,Gasolina,8.07,25.58,1514.65,206.43,1721.08,0,False,Entregada,Entrega realizada en tiempo,0
1175,94,6,59,7,2026-04-19,07:24:00,2026-04-19,15:41:00,2026-04-19,15:41:00,4.33,17,339.46,Diesel,49.63,24.49,2766.3,1215.44,3981.74,0,False,Entregada,Entrega realizada en tiempo,1
1176,96,8,11,13,2026-04-23,08:02:00,2026-04-23,15:13:00,2026-04-23,15:13:00,11.46,55,256.8,Diesel,27.44,25.88,3370.0,710.15,4080.15,0,False,Entregada,Entrega realizada en tiempo,1
1177,68,32,9,48,2026-08-12,20:26:00,2026-08-12,02:03:00,2026-08-13,02:39:00,0.57,52,145.04,Gasolina,13.14,25.99,1698.2,341.51,2039.71,36,True,Tardía,Tráfico alto,0
1178,93,18,34,21,2026-06-07,14:36:00,2026-06-07,15:14:00,2026-06-07,15:40:00,1.63,22,24.52,Diesel,2.3,26.06,961.6,59.94,1021.54,26,True,Tardía,Incidencia operativa,0
1179,79,24,34,39,2026-03-06,18:29:00,2026-03-06,12:22:00,2026-03-07,12:22:00,0.31,27,480.76,Diesel,45.06,26.78,3150.8,1206.71,4357.51,0,False,Entregada,Entrega realizada en tiempo,1
1180,93,9,11,34,2026-07-03,18:00:00,2026-07-03,21:34:00,2026-07-03,21:34:00,0.56,41,156.83,Gasolina,12.82,23.45,1668.15,300.63,1968.78,0,False,Entregada,Entrega realizada en tiempo,0
1181,9,1,20,45,2026-02-18,09:44:00,2026-02-18,21:55:00,2026-02-18,21:55:00,1.44,13,442.33,Gasolina,42.7,23.99,2959.65,1024.37,3984.02,0,False,Entregada,Entrega realizada en tiempo,1
1182,8,40,30,39,2026-02-10,07:22:00,2026-02-10,01:15:00,2026-02-11,01:15:00,8.0,72,455.03,Diesel,71.1,25.03,4151.15,1779.63,5930.78,0,False,Entregada,Entrega realizada en tiempo,1
1183,2,13,18,19,2026-07-30,16:37:00,2026-07-30,00:26:00,2026-07-31,00:26:00,1.77,40,294.04,Gasolina,23.98,25.3,2467.2,606.69,3073.89,0,False,Entregada,Entrega realizada en tiempo,0
1184,33,36,35,42,2026-06-18,09:04:00,2026-06-18,12:15:00,2026-06-18,12:44:00,5.12,76,99.53,Diesel,11.74,24.53,2117.65,287.98,2405.63,29,True,Tardía,Hora pico,0
1185,73,7,9,34,2026-05-31,15:21:00,2026-05-31,18:55:00,2026-05-31,18:55:00,1.77,74,137.54,Diesel,22.55,25.78,1956.7,581.34,2538.04,0,False,Entregada,Entrega realizada en tiempo,0
1186,36,40,43,31,2026-02-23,09:00:00,2026-02-23,20:08:00,2026-02-23,20:08:00,7.93,30,319.86,Diesel,49.98,24.27,3132.3,1213.01,4345.31,0,False,Entregada,Entrega realizada en tiempo,1
1187,79,10,10,11,2026-05-02,05:20:00,2026-05-02,10:02:00,2026-05-02,10:02:00,0.62,10,141.25,Gasolina,14.17,23.16,1348.25,328.18,1676.43,0,False,Entregada,Entrega realizada en tiempo,0
1188,66,29,28,43,2026-05-01,13:19:00,2026-05-01,04:46:00,2026-05-02,04:46:00,0.84,65,461.7,Diesel,48.24,24.72,3412.5,1192.49,4604.99,0,False,Entregada,Entrega realizada en tiempo,1
1189,51,25,50,25,2026-06-30,18:22:00,2026-06-30,03:48:00,2026-07-01,03:48:00,2.37,40,368.01,Diesel,78.3,24.95,2897.05,1953.58,4850.63,0,False,Entregada,Entrega realizada en tiempo,1
1190,11,39,54,14,2026-02-12,11:45:00,2026-02-12,14:08:00,2026-02-12,14:08:00,0.49,19,61.44,Gasolina,4.96,24.68,1008.2,122.41,1130.61,0,False,Entregada,Entrega realizada en tiempo,0
1191,63,17,44,8,2026-05-23,16:41:00,2026-05-23,00:14:00,2026-05-24,00:14:00,0.74,45,181.14,Diesel,32.17,26.6,1839.7,855.72,2695.42,0,False,Entregada,Entrega realizada en tiempo,0
1192,60,23,47,28,2026-02-24,20:56:00,2026-02-24,02:10:00,2026-02-25,02:10:00,1.01,25,178.75,Gasolina,32.74,23.54,1694.75,770.7,2465.45,0,False,Entregada,Entrega realizada en tiempo,0
1193,96,1,13,29,2026-04-03,19:12:00,2026-04-03,00:20:00,2026-04-04,00:20:00,1.42,1,119.04,Gasolina,11.49,23.99,1245.2,275.65,1520.85,0,False,Entregada,Entrega realizada en tiempo,0
1194,48,17,33,1,2026-06-05,11:02:00,2026-06-05,17:21:00,2026-06-05,17:21:00,3.71,36,181.26,Diesel,32.2,25.19,2065.3,811.12,2876.42,0,False,Entregada,Entrega realizada en tiempo,0
1195,90,17,18,41,2026-01-15,05:55:00,2026-01-15,17:36:00,2026-01-15,17:36:00,0.38,61,376.29,Diesel,66.84,25.9,2907.45,1731.16,4638.61,0,False,Entregada,Entrega realizada en tiempo,1
1196,63,12,31,48,2026-08-12,20:51:00,2026-08-12,02:28:00,2026-08-13,03:07:00,0.55,14,153.34,Gasolina,21.94,25.68,1433.7,563.42,1997.12,39,True,Tardía,Tráfico alto,0
1197,20,12,56,9,2026-01-22,16:53:00,2026-01-22,21:21:00,2026-01-22,21:51:00,0.55,16,176.02,Gasolina,25.18,25.13,1563.1,632.77,2195.87,30,True,Tardía,Incidencia operativa,0
1198,41,7,55,35,2026-03-13,09:41:00,2026-03-13,18:00:00,2026-03-13,18:00:00,3.37,79,283.26,Diesel,46.44,25.0,2885.3,1161.0,4046.3,0,False,Entregada,Entrega realizada en tiempo,1
1199,87,21,58,46,2026-02-13,14:33:00,2026-02-13,05:23:00,2026-02-14,05:23:00,0.92,2,453.96,Diesel,63.49,25.21,2877.8,1600.58,4478.38,0,False,Entregada,Entrega realizada en tiempo,1
1200,86,4,5,13,2026-07-31,19:09:00,2026-07-31,02:20:00,2026-08-01,02:50:00,0.98,35,268.93,Gasolina,45.2,23.83,2222.65,1077.12,3299.77,30,True,Tardía,Hora pico,1
1201,26,33,27,12,2026-06-12,05:19:00,2026-06-12,18:02:00,2026-06-12,18:02:00,1.33,36,410.33,Diesel,52.34,24.35,2972.65,1274.48,4247.13,0,False,Entregada,Entrega realizada en tiempo,1
1202,60,37,54,45,2026-01-23,17:05:00,2026-01-23,05:16:00,2026-01-24,05:16:00,3.82,15,469.9,Diesel,50.1,24.55,3351.5,1229.96,4581.46,0,False,Entregada,Entrega realizada en tiempo,1
1203,12,12,21,38,2026-06-10,05:49:00,2026-06-10,19:17:00,2026-06-10,19:17:00,1.03,22,408.75,Gasolina,58.48,23.65,2822.75,1383.05,4205.8,0,False,Entregada,Entrega realizada en tiempo,1
1204,48,30,6,47,2026-03-05,12:53:00,2026-03-05,22:51:00,2026-03-05,22:51:00,0.24,25,355.58,Diesel,30.55,26.21,2501.9,800.72,3302.62,0,False,Entregada,Entrega realizada en tiempo,0
1205,40,4,25,46,2026-03-15,09:17:00,2026-03-15,00:07:00,2026-03-16,00:07:00,1.42,18,386.96,Gasolina,65.04,24.24,2720.8,1576.57,4297.37,0,False,Entregada,Entrega realizada en tiempo,1
1206,25,18,57,13,2026-02-15,12:16:00,2026-02-15,19:27:00,2026-02-15,19:27:00,1.23,57,236.23,Diesel,22.12,25.47,2260.15,563.4,2823.55,0,False,Entregada,Entrega realizada en tiempo,0
1207,75,24,23,50,2026-06-14,19:28:00,2026-06-14,04:29:00,2026-06-15,05:14:00,0.84,22,260.31,Diesel,24.4,24.47,2061.55,597.07,2658.62,45,True,Tardía,Hora pico,0
1208,73,14,45,28,2026-03-30,12:13:00,2026-03-30,17:27:00,2026-03-30,17:27:00,14.41,44,181.61,Diesel,19.57,25.51,3201.05,499.23,3700.28,0,False,Entregada,Entrega realizada en tiempo,0
1209,96,18,6,33,2026-07-17,09:16:00,2026-07-17,13:07:00,2026-07-17,13:07:00,1.64,28,98.78,Diesel,9.25,24.09,1381.9,222.83,1604.73,0,False,Entregada,Entrega realizada en tiempo,0
1210,15,34,43,41,2026-02-17,18:08:00,2026-02-17,05:49:00,2026-02-18,05:49:00,4.92,60,416.6,Diesel,34.6,25.12,3555.0,869.15,4424.15,0,False,Entregada,Entrega realizada en tiempo,1
1211,49,38,58,3,2026-03-24,08:40:00,2026-03-24,20:10:00,2026-03-24,20:10:00,1.02,46,424.46,Gasolina,36.06,23.02,3092.3,830.1,3922.4,0,False,Entregada,Entrega realizada en tiempo,1
1212,54,31,22,22,2026-06-15,08:11:00,2026-06-15,08:47:00,2026-06-15,08:47:00,0.23,46,25.06,Diesel,3.56,25.4,1016.3,90.42,1106.72,0,False,Entregada,Entrega realizada en tiempo,0
1213,24,2,29,40,2026-04-27,16:46:00,2026-04-27,04:20:00,2026-04-28,04:20:00,12.94,52,427.82,Diesel,86.25,24.73,4349.1,2132.96,6482.06,0,False,Entregada,Entrega realizada en tiempo,1
1214,93,24,39,22,2026-05-04,15:19:00,2026-05-04,15:55:00,2026-05-04,15:55:00,1.2,6,22.84,Diesel,2.14,26.63,782.2,56.99,839.19,0,False,Entregada,Entrega realizada en tiempo,0
1215,98,33,7,27,2026-04-20,11:36:00,2026-04-20,22:02:00,2026-04-20,22:02:00,1.3,52,291.61,Diesel,37.2,24.49,2504.05,911.03,3415.08,0,False,Entregada,Entrega realizada en tiempo,0
1216,22,20,57,39,2026-06-28,19:12:00,2026-06-28,13:05:00,2026-06-29,13:05:00,0.53,73,435.36,Gasolina,59.07,23.39,3313.8,1381.65,4695.45,0,False,Entregada,Entrega realizada en tiempo,1
1217,43,4,6,20,2026-07-22,08:51:00,2026-07-22,23:07:00,2026-07-22,23:07:00,0.93,45,446.81,Gasolina,75.09,23.5,3187.05,1764.62,4951.67,0,False,Entregada,Entrega realizada en tiempo,1
1218,1,10,13,12,2026-03-19,12:05:00,2026-03-19,00:48:00,2026-03-20,01:22:00,0.83,24,357.14,Gasolina,35.82,23.27,2560.7,833.53,3394.23,34,True,Tardía,Distancia larga,1
1219,32,10,44,36,2026-08-05,14:00:00,2026-08-05,07:21:00,2026-08-06,08:07:00,1.47,62,483.2,Gasolina,48.47,25.06,3559.0,1214.66,4773.66,46,True,Tardía,"Distancia larga, Carga pesada",1
1220,90,14,59,31,2026-06-21,15:53:00,2026-06-21,03:01:00,2026-06-22,03:01:00,21.74,60,334.59,Diesel,36.05,26.29,4826.95,947.75,5774.7,0,False,Entregada,Entrega realizada en tiempo,1
1221,13,25,9,21,2026-07-15,08:25:00,2026-07-15,09:03:00,2026-07-15,09:03:00,6.12,42,27.36,Diesel,5.82,26.46,1584.8,154.0,1738.8,0,False,Entregada,Entrega realizada en tiempo,0
1222,94,28,39,26,2026-05-17,07:22:00,2026-05-17,19:35:00,2026-05-17,19:35:00,0.26,63,348.88,Diesel,51.16,26.91,2774.4,1376.72,4151.12,0,False,Entregada,Entrega realizada en tiempo,1
1223,4,15,57,39,2026-02-15,10:23:00,2026-02-15,04:16:00,2026-02-16,04:16:00,1.09,47,430.94,Diesel,88.67,26.47,3139.7,2347.09,5486.79,0,False,Entregada,Entrega realizada en tiempo,1
1224,79,39,49,26,2026-01-20,10:08:00,2026-01-20,22:21:00,2026-01-20,22:51:00,0.34,64,366.39,Gasolina,29.57,24.31,2877.95,718.85,3596.8,30,True,Tardía,Distancia larga,1
1225,44,25,42,12,2026-04-19,08:18:00,2026-04-19,21:01:00,2026-04-19,21:45:00,8.7,40,395.8,Diesel,84.21,26.88,3669.0,2263.56,5932.56,44,True,Tardía,"Hora pico, Distancia larga",1
1226,54,12,11,26,2026-06-24,19:53:00,2026-06-24,08:06:00,2026-06-25,08:06:00,0.33,14,379.26,Gasolina,54.26,23.25,2541.3,1261.54,3802.84,0,False,Entregada,Entrega realizada en tiempo,1
1227,88,7,42,26,2026-07-25,05:10:00,2026-07-25,17:23:00,2026-07-25,18:06:00,3.59,41,350.41,Diesel,57.44,26.06,2939.05,1496.89,4435.94,43,True,Tardía,Distancia larga,1
1228,2,32,42,43,2026-04-13,16:49:00,2026-04-13,08:16:00,2026-04-14,08:16:00,0.75,7,423.39,Gasolina,38.35,23.78,2747.95,911.96,3659.91,0,False,Entregada,Entrega realizada en tiempo,1
1229,82,8,39,29,2026-05-09,14:49:00,2026-05-09,19:57:00,2026-05-09,19:57:00,7.97,61,141.6,Diesel,15.13,26.53,2493.0,401.4,2894.4,0,False,Entregada,Entrega realizada en tiempo,0
1230,47,8,51,12,2026-04-19,20:48:00,2026-04-19,09:31:00,2026-04-20,09:31:00,6.74,50,387.75,Diesel,41.43,24.24,3512.75,1004.26,4517.01,0,False,Entregada,Entrega realizada en tiempo,1
1231,1,22,60,46,2026-06-01,11:12:00,2026-06-01,02:02:00,2026-06-02,02:02:00,8.63,66,433.64,Diesel,41.94,26.18,4059.2,1097.99,5157.19,0,False,Entregada,Entrega realizada en tiempo,1
1232,59,28,4,30,2026-03-14,06:07:00,2026-03-14,13:39:00,2026-03-14,13:39:00,0.25,63,185.15,Diesel,27.15,24.15,1954.75,655.67,2610.42,0,False,Entregada,Entrega realizada en tiempo,0
1233,77,24,17,28,2026-03-28,12:49:00,2026-03-28,18:03:00,2026-03-28,18:03:00,0.22,4,191.69,Diesel,17.97,24.54,1512.45,440.98,1953.43,0,False,Entregada,Entrega realizada en tiempo,0
1234,46,27,2,29,2026-03-25,12:40:00,2026-03-25,17:48:00,2026-03-25,17:48:00,12.28,5,122.03,Diesel,15.69,25.07,2378.15,393.35,2771.5,0,False,Entregada,Entrega realizada en tiempo,0
1235,5,35,48,26,2026-03-05,09:05:00,2026-03-05,21:18:00,2026-03-05,22:28:00,1.3,69,360.06,Gasolina,48.59,25.68,2982.3,1247.79,4230.09,70,True,Tardía,"Hora pico, Distancia larga, Carga pesada",1
1236,45,30,45,40,2026-03-04,19:36:00,2026-03-04,07:10:00,2026-03-05,07:52:00,0.75,59,406.18,Diesel,34.9,24.44,3077.9,852.96,3930.86,42,True,Tardía,"Hora pico, Distancia larga",1
1237,93,7,25,33,2026-07-05,07:21:00,2026-07-05,11:12:00,2026-07-05,11:12:00,3.82,39,100.34,Diesel,16.45,24.07,1695.7,395.95,2091.65,0,False,Entregada,Entrega realizada en tiempo,0
1238,96,17,47,42,2026-07-10,07:53:00,2026-07-10,11:04:00,2026-07-10,11:04:00,2.75,56,103.23,Diesel,18.34,26.38,1739.15,483.81,2222.96,0,False,Entregada,Entrega realizada en tiempo,0
1239,74,17,20,40,2026-05-12,20:54:00,2026-05-12,08:28:00,2026-05-13,08:28:00,4.46,32,409.73,Diesel,72.78,24.15,3250.65,1757.64,5008.29,0,False,Entregada,Entrega realizada en tiempo,1
1240,74,31,14,49,2026-04-22,11:47:00,2026-04-22,03:35:00,2026-04-23,04:03:00,0.84,24,376.65,Diesel,53.5,26.73,2659.25,1430.06,4089.31,28,True,Tardía,Distancia larga,1
1241,87,19,18,1,2026-04-15,09:01:00,2026-04-15,15:20:00,2026-04-15,15:20:00,1.43,54,185.12,Diesel,18.24,24.82,2000.6,452.72,2453.32,0,False,Entregada,Entrega realizada en tiempo,0
1242,60,39,51,41,2026-03-23,08:14:00,2026-03-23,19:55:00,2026-03-23,20:53:00,0.41,29,370.55,Gasolina,29.91,25.18,2625.75,753.13,3378.88,58,True,Tardía,"Tráfico alto, Hora pico, Distancia larga",1
1243,78,30,38,27,2026-06-12,13:34:00,2026-06-12,00:00:00,2026-06-13,00:00:00,2.12,50,347.05,Diesel,29.82,25.67,2847.25,765.48,3612.73,0,False,Entregada,Entrega realizada en tiempo,1
1244,44,22,21,23,2026-07-30,17:09:00,2026-07-30,02:30:00,2026-07-31,02:30:00,7.71,60,286.87,Diesel,27.74,25.5,3185.35,707.37,3892.72,0,False,Entregada,Entrega realizada en tiempo,1
1245,69,11,44,25,2026-03-07,15:02:00,2026-03-07,00:28:00,2026-03-08,00:28:00,2.19,74,372.61,Diesel,77.95,25.89,3174.05,2018.13,5192.18,0,False,Entregada,Entrega realizada en tiempo,1
1246,72,23,6,14,2026-07-11,19:23:00,2026-07-11,21:46:00,2026-07-11,22:25:00,0.51,39,68.45,Gasolina,12.54,25.02,1205.25,313.75,1519.0,39,True,Tardía,Hora pico,0
1247,4,10,40,38,2026-02-12,14:36:00,2026-02-12,04:04:00,2026-02-13,05:01:00,1.52,56,457.89,Gasolina,45.93,24.13,3389.45,1108.29,4497.74,57,True,Tardía,"Tráfico alto, Distancia larga, Carga pesada",1
1248,69,9,25,39,2026-08-06,08:06:00,2026-08-06,01:59:00,2026-08-07,02:56:00,1.06,51,463.5,Gasolina,37.9,25.59,3331.5,969.86,4301.36,57,True,Tardía,"Hora pico, Distancia larga, Carga pesada",1
1249,99,26,36,27,2026-04-01,09:26:00,2026-04-01,19:52:00,2026-04-01,20:46:00,0.36,77,314.09,Gasolina,44.81,24.99,2722.45,1119.8,3842.25,54,True,Tardía,"Hora pico, Distancia larga",1
1250,88,21,33,35,2026-05-17,15:14:00,2026-05-17,23:33:00,2026-05-17,23:33:00,1.12,52,287.02,Diesel,40.14,25.39,2463.1,1019.15,3482.25,0,False,Entregada,Entrega realizada en tiempo,1
1251,58,11,60,12,2026-04-13,12:00:00,2026-04-13,00:43:00,2026-04-14,00:43:00,5.31,69,425.72,Diesel,89.06,26.29,3711.6,2341.39,6052.99,0,False,Entregada,Entrega realizada en tiempo,1
1252,84,12,44,7,2026-04-09,16:26:00,2026-04-09,00:43:00,2026-04-10,01:34:00,0.36,53,329.7,Gasolina,47.17,23.42,2608.5,1104.72,3713.22,51,True,Tardía,"Tráfico alto, Distancia larga",1
1253,80,33,6,39,2026-05-27,16:01:00,2026-05-27,09:54:00,2026-05-28,09:54:00,3.49,42,496.1,Diesel,63.28,24.5,3665.5,1550.36,5215.86,0,False,Entregada,Entrega realizada en tiempo,1
1254,81,31,44,6,2026-04-05,05:47:00,2026-04-05,12:41:00,2026-04-05,12:41:00,1.62,77,253.24,Diesel,35.97,25.96,2544.2,933.78,3477.98,0,False,Entregada,Entrega realizada en tiempo,0
1255,71,33,56,13,2026-08-06,09:29:00,2026-08-06,16:40:00,2026-08-06,16:40:00,3.75,48,272.89,Diesel,34.81,24.72,2623.45,860.5,3483.95,0,False,Entregada,Entrega realizada en tiempo,0
1256,61,13,21,9,2026-03-17,07:57:00,2026-03-17,12:25:00,2026-03-17,13:08:00,0.49,4,174.22,Gasolina,14.21,23.74,1452.1,337.35,1789.45,43,True,Tardía,Hora pico,0
1257,78,29,16,12,2026-04-29,19:41:00,2026-04-29,08:24:00,2026-04-30,08:24:00,1.37,15,371.21,Diesel,38.79,26.51,2613.05,1028.32,3641.37,0,False,Entregada,Entrega realizada en tiempo,1
1258,21,16,30,47,2026-01-18,05:47:00,2026-01-18,15:45:00,2026-01-18,15:45:00,0.84,5,348.9,Gasolina,31.35,24.22,2368.5,759.3,3127.8,0,False,Entregada,Entrega realizada en tiempo,0
1259,67,31,56,25,2026-01-19,16:16:00,2026-01-19,01:42:00,2026-01-20,02:16:00,0.44,69,346.8,Diesel,49.26,25.32,2830.0,1247.26,4077.26,34,True,Tardía,Distancia larga,1
1260,93,4,19,26,2026-08-01,06:23:00,2026-08-01,18:36:00,2026-08-01,18:36:00,1.37,52,357.96,Gasolina,60.16,24.53,2842.8,1475.72,4318.52,0,False,Entregada,Entrega realizada en tiempo,1
1261,84,29,28,8,2026-01-27,08:54:00,2026-01-27,16:27:00,2026-01-27,16:27:00,0.22,34,177.32,Diesel,18.53,25.74,1680.6,476.96,2157.56,0,False,Entregada,Entrega realizada en tiempo,0
1262,15,11,24,27,2026-06-18,13:09:00,2026-06-18,23:35:00,2026-06-18,23:35:00,3.13,32,343.72,Diesel,71.91,24.63,2787.6,1771.14,4558.74,0,False,Entregada,Entrega realizada en tiempo,1
1263,13,22,42,45,2026-01-19,17:57:00,2026-01-19,06:08:00,2026-01-20,06:08:00,2.37,63,479.98,Diesel,46.42,26.27,3640.9,1219.45,4860.35,0,False,Entregada,Entrega realizada en tiempo,1
1264,44,19,45,29,2026-03-26,17:44:00,2026-03-26,22:52:00,2026-03-26,22:52:00,1.85,34,126.71,Diesel,12.48,25.78,1590.55,321.73,1912.28,0,False,Entregada,Entrega realizada en tiempo,0
1265,98,9,10,34,2026-03-15,05:14:00,2026-03-15,08:48:00,2026-03-15,08:48:00,0.94,48,154.21,Gasolina,12.61,25.14,1749.05,317.02,2066.07,0,False,Entregada,Entrega realizada en tiempo,0
1266,40,11,37,41,2026-03-20,18:45:00,2026-03-20,06:26:00,2026-03-21,06:26:00,0.98,57,399.79,Diesel,83.64,24.46,3052.95,2045.83,5098.78,0,False,Entregada,Entrega realizada en tiempo,1
1267,89,9,10,39,2026-03-16,15:16:00,2026-03-16,09:09:00,2026-03-17,09:39:00,0.23,30,455.78,Gasolina,37.27,23.45,3041.9,873.98,3915.88,30,True,Tardía,Distancia larga,1
1268,2,17,24,47,2026-05-11,19:25:00,2026-05-11,05:23:00,2026-05-12,05:23:00,6.34,62,313.6,Diesel,55.7,24.51,3198.0,1365.21,4563.21,0,False,Entregada,Entrega realizada en tiempo,1
1269,45,10,38,33,2026-03-22,19:23:00,2026-03-22,23:14:00,2026-03-22,23:14:00,0.58,49,107.02,Gasolina,10.73,24.46,1485.1,262.46,1747.56,0,False,Entregada,Entrega realizada en tiempo,0
1270,22,34,31,12,2026-05-04,15:00:00,2026-05-04,03:43:00,2026-05-05,04:21:00,14.69,9,426.62,Diesel,35.43,24.45,4174.1,866.26,5040.36,38,True,Tardía,"Distancia larga, Carga pesada",1
1271,78,8,42,13,2026-04-02,18:29:00,2026-04-02,01:40:00,2026-04-03,01:40:00,1.21,73,273.07,Diesel,29.17,26.72,2570.35,779.42,3349.77,0,False,Entregada,Entrega realizada en tiempo,0
1272,96,34,58,15,2026-07-09,09:23:00,2026-07-09,23:51:00,2026-07-09,23:51:00,6.06,5,418.78,Diesel,34.78,24.3,3239.9,845.15,4085.05,0,False,Entregada,Entrega realizada en tiempo,1
1273,43,33,5,18,2026-05-22,20:54:00,2026-05-22,12:09:00,2026-05-23,12:09:00,2.94,69,455.12,Diesel,58.05,26.91,3621.6,1562.13,5183.73,0,False,Entregada,Entrega realizada en tiempo,1
1274,8,29,37,34,2026-03-05,10:16:00,2026-03-05,13:50:00,2026-03-05,13:50:00,1.74,24,149.94,Diesel,15.67,25.95,1615.7,406.64,2022.34,0,False,Entregada,Entrega realizada en tiempo,0
1275,32,15,45,46,2026-04-27,09:02:00,2026-04-27,23:52:00,2026-04-28,00:28:00,1.6,78,439.98,Diesel,90.53,26.2,3483.9,2371.89,5855.79,36,True,Tardía,"Hora pico, Distancia larga",1
1276,9,9,34,20,2026-01-16,09:14:00,2026-01-16,23:30:00,2026-01-16,23:30:00,0.42,32,431.91,Gasolina,35.32,24.74,2957.55,873.82,3831.37,0,False,Entregada,Entrega realizada en tiempo,1
1277,60,7,35,4,2026-03-23,07:12:00,2026-03-23,08:30:00,2026-03-23,09:02:00,2.11,62,40.58,Diesel,6.65,24.59,1409.9,163.52,1573.42,32,True,Tardía,Hora pico,0
1278,70,38,14,39,2026-05-05,12:36:00,2026-05-05,06:29:00,2026-05-06,06:29:00,0.4,2,430.57,Gasolina,36.58,25.58,2708.85,935.72,3644.57,0,False,Entregada,Entrega realizada en tiempo,1
1279,15,29,50,42,2026-02-19,17:00:00,2026-02-19,20:11:00,2026-02-19,20:11:00,1.69,33,90.13,Diesel,9.42,25.8,1383.65,243.04,1626.69,0,False,Entregada,Entrega realizada en tiempo,0
1280,64,12,22,33,2026-05-04,19:18:00,2026-05-04,23:09:00,2026-05-04,23:48:00,0.63,39,103.34,Gasolina,14.78,24.02,1391.7,355.02,1746.72,39,True,Tardía,Hora pico,0
1281,87,36,33,20,2026-06-10,17:07:00,2026-06-10,07:23:00,2026-06-11,07:23:00,0.48,24,388.99,Diesel,45.87,24.96,2684.95,1144.92,3829.87,0,False,Entregada,Entrega realizada en tiempo,1
1282,66,31,32,11,2026-02-15,07:48:00,2026-02-15,12:30:00,2026-02-15,12:30:00,0.46,56,147.06,Diesel,20.89,24.28,1729.3,507.21,2236.51,0,False,Entregada,Entrega realizada en tiempo,0
1283,57,22,41,44,2026-05-18,09:12:00,2026-05-18,11:22:00,2026-05-18,11:22:00,2.88,14,70.45,Diesel,6.81,24.64,1252.25,167.8,1420.05,0,False,Entregada,Entrega realizada en tiempo,0
1284,65,20,21,50,2026-05-16,18:06:00,2026-05-16,03:07:00,2026-05-17,03:07:00,1.04,39,244.45,Gasolina,33.17,23.63,2138.25,783.81,2922.06,0,False,Entregada,Entrega realizada en tiempo,0
1285,87,10,21,11,2026-02-19,15:50:00,2026-02-19,20:32:00,2026-02-19,20:32:00,0.97,22,137.89,Gasolina,13.83,24.83,1462.45,343.4,1805.85,0,False,Entregada,Entrega realizada en tiempo,0
1286,21,21,34,31,2026-06-17,16:49:00,2026-06-17,03:57:00,2026-06-18,04:40:00,1.37,35,293.28,Diesel,41.02,26.8,2383.4,1099.34,3482.74,43,True,Tardía,Tráfico alto,1
1287,39,24,10,20,2026-03-27,14:53:00,2026-03-27,05:09:00,2026-03-28,05:09:00,0.97,41,458.73,Diesel,42.99,25.28,3218.65,1086.79,4305.44,0,False,Entregada,Entrega realizada en tiempo,1
1288,51,27,1,49,2026-04-14,06:26:00,2026-04-14,22:14:00,2026-04-14,22:14:00,25.73,46,443.32,Diesel,56.98,24.42,5657.6,1391.45,7049.05,0,False,Entregada,Entrega realizada en tiempo,1
1289,59,18,2,46,2026-02-21,09:42:00,2026-02-21,00:32:00,2026-02-22,01:13:00,1.83,33,439.41,Diesel,41.14,25.28,3144.05,1040.02,4184.07,41,True,Tardía,"Hora pico, Distancia larga",1
1290,49,21,36,36,2026-07-09,09:51:00,2026-07-09,03:12:00,2026-07-10,03:12:00,0.94,28,445.41,Diesel,62.3,25.32,3045.05,1577.44,4622.49,0,False,Entregada,Entrega realizada en tiempo,1
1291,36,7,5,16,2026-02-11,13:46:00,2026-02-11,18:52:00,2026-02-11,18:52:00,1.29,62,177.09,Diesel,29.03,25.78,2010.45,748.39,2758.84,0,False,Entregada,Entrega realizada en tiempo,0
1292,6,25,45,46,2026-05-05,10:17:00,2026-05-05,01:07:00,2026-05-06,01:07:00,2.22,78,403.75,Diesel,85.9,24.18,3364.75,2077.06,5441.81,0,False,Entregada,Entrega realizada en tiempo,1
1293,8,22,18,35,2026-04-05,17:59:00,2026-04-05,02:18:00,2026-04-06,02:49:00,8.3,37,295.0,Diesel,28.53,26.93,3101.0,768.31,3869.31,31,True,Tardía,"Hora pico, Carga pesada",1
1294,94,27,53,10,2026-08-12,08:37:00,2026-08-12,01:09:00,2026-08-13,01:09:00,2.12,39,402.5,Diesel,51.74,25.69,3036.5,1329.2,4365.7,0,False,Entregada,Entrega realizada en tiempo,1
1295,57,16,21,37,2026-05-20,11:35:00,2026-05-20,16:06:00,2026-05-20,16:06:00,1.15,68,188.38,Gasolina,16.93,25.07,2100.9,424.44,2525.34,0,False,Entregada,Entrega realizada en tiempo,0
1296,18,5,56,45,2026-07-02,13:54:00,2026-07-02,02:05:00,2026-07-03,02:05:00,4.06,47,495.72,Diesel,62.28,25.34,3760.6,1578.18,5338.78,0,False,Entregada,Entrega realizada en tiempo,1
1297,28,12,21,30,2026-02-28,17:23:00,2026-02-28,00:55:00,2026-03-01,01:40:00,0.91,43,192.14,Gasolina,27.49,25.24,1895.7,693.85,2589.55,45,True,Tardía,"Hora pico, Carga pesada",0
1298,3,9,8,42,2026-04-16,16:25:00,2026-04-16,19:36:00,2026-04-16,19:36:00,0.81,63,102.56,Gasolina,8.39,25.5,1597.8,213.95,1811.75,0,False,Entregada,Entrega realizada en tiempo,0
1299,8,33,24,2,2026-05-25,16:02:00,2026-05-25,22:40:00,2026-05-25,22:40:00,2.58,65,245.45,Diesel,31.31,24.98,2505.25,782.12,3287.37,0,False,Entregada,Entrega realizada en tiempo,0
1300,69,32,19,37,2026-03-27,07:47:00,2026-03-27,12:18:00,2026-03-27,12:18:00,0.92,10,189.53,Gasolina,17.17,25.92,1619.65,445.05,2064.7,0,False,Entregada,Entrega realizada en tiempo,0
1301,100,8,35,11,2026-07-24,19:54:00,2026-07-24,00:36:00,2026-07-25,00:36:00,6.55,12,135.5,Diesel,14.48,25.41,1928.5,367.94,2296.44,0,False,Entregada,Entrega realizada en tiempo,0
1302,84,13,49,5,2026-07-16,16:52:00,2026-07-16,00:44:00,2026-07-17,00:44:00,0.27,36,303.74,Gasolina,24.77,25.67,2333.7,635.85,2969.55,0,False,Entregada,Entrega realizada en tiempo,0
1303,95,10,42,22,2026-01-19,09:41:00,2026-01-19,10:17:00,2026-01-19,10:17:00,1.22,74,21.07,Gasolina,2.11,24.58,1319.35,51.86,1371.21,0,False,Entregada,Entrega realizada en tiempo,0
1304,89,28,57,2,2026-04-13,12:00:00,2026-04-13,18:38:00,2026-04-13,18:38:00,0.54,80,264.03,Diesel,38.71,24.06,2514.15,931.36,3445.51,0,False,Entregada,Entrega realizada en tiempo,0
1305,29,21,28,10,2026-03-08,10:37:00,2026-03-08,03:09:00,2026-03-09,03:09:00,0.28,42,478.01,Diesel,66.85,25.96,3254.05,1735.43,4989.48,0,False,Entregada,Entrega realizada en tiempo,1
1306,26,37,60,23,2026-08-14,08:12:00,2026-08-14,17:33:00,2026-08-14,17:56:00,1.26,19,258.73,Diesel,27.58,24.08,2071.65,664.13,2735.78,23,True,Tardía,Hora pico,0
1307,78,3,50,9,2026-05-19,14:04:00,2026-05-19,18:32:00,2026-05-19,18:32:00,7.07,42,166.01,Diesel,35.62,26.79,2373.05,954.26,3327.31,0,False,Entregada,Entrega realizada en tiempo,0
1308,85,14,13,20,2026-02-11,16:17:00,2026-02-11,06:33:00,2026-02-12,06:33:00,0.24,30,445.34,Diesel,47.99,24.65,2990.7,1182.95,4173.65,0,False,Entregada,Entrega realizada en tiempo,1
1309,46,2,9,29,2026-02-01,15:01:00,2026-02-01,20:09:00,2026-02-01,20:09:00,15.93,57,124.28,Diesel,25.06,26.56,3170.4,665.59,3835.99,0,False,Entregada,Entrega realizada en tiempo,0
1310,27,25,4,29,2026-04-23,15:12:00,2026-04-23,20:20:00,2026-04-23,20:20:00,7.41,27,137.21,Diesel,29.19,25.77,2143.05,752.23,2895.28,0,False,Entregada,Entrega realizada en tiempo,0
1311,16,6,12,33,2026-05-29,19:07:00,2026-05-29,22:58:00,2026-05-29,22:58:00,9.93,21,107.54,Diesel,15.72,24.36,2198.7,382.94,2581.64,0,False,Entregada,Entrega realizada en tiempo,0
1312,63,39,23,48,2026-03-23,16:12:00,2026-03-23,21:49:00,2026-03-23,21:49:00,0.51,27,148.44,Gasolina,11.98,25.4,1509.2,304.29,1813.49,0,False,Entregada,Entrega realizada en tiempo,0
1313,47,31,17,33,2026-01-29,17:01:00,2026-01-29,20:52:00,2026-01-29,20:52:00,1.26,1,115.73,Diesel,16.44,25.26,1212.65,415.27,1627.92,0,False,Entregada,Entrega realizada en tiempo,0
1314,13,23,24,20,2026-08-03,07:27:00,2026-08-03,21:43:00,2026-08-03,22:37:00,0.48,39,416.21,Gasolina,76.23,25.63,2941.05,1953.77,4894.82,54,True,Tardía,"Hora pico, Distancia larga",1
1315,3,18,47,42,2026-03-24,06:09:00,2026-03-24,09:20:00,2026-03-24,09:37:00,3.7,32,103.22,Diesel,9.66,25.56,1642.1,246.91,1889.01,17,True,Tardía,Carga pesada,0
1316,18,31,49,3,2026-01-16,09:55:00,2026-01-16,21:25:00,2026-01-16,22:23:00,1.66,38,417.42,Diesel,59.29,24.52,3057.1,1453.79,4510.89,58,True,Tardía,"Hora pico, Distancia larga, Carga pesada",1
1317,67,10,48,43,2026-02-16,14:56:00,2026-02-16,06:23:00,2026-02-17,06:23:00,0.72,15,451.34,Gasolina,45.27,23.09,2948.7,1045.28,3993.98,0,False,Entregada,Entrega realizada en tiempo,1
1318,27,20,26,41,2026-04-06,11:39:00,2026-04-06,23:20:00,2026-04-06,23:55:00,1.15,42,372.75,Gasolina,50.58,25.67,2814.75,1298.39,4113.14,35,True,Tardía,"Tráfico alto, Distancia larga",1
1319,5,10,59,27,2026-01-12,20:24:00,2026-01-12,06:50:00,2026-01-13,06:50:00,0.92,77,330.58,Gasolina,33.16,23.51,2860.9,779.59,3640.49,0,False,Entregada,Entrega realizada en tiempo,1
1320,13,1,23,15,2026-01-24,16:04:00,2026-01-24,06:32:00,2026-01-25,06:32:00,0.44,15,450.39,Gasolina,43.47,24.39,2915.95,1060.23,3976.18,0,False,Entregada,Entrega realizada en tiempo,1
1321,54,35,29,9,2026-08-08,05:19:00,2026-08-08,09:47:00,2026-08-08,09:47:00,0.87,61,190.07,Gasolina,25.65,25.71,2025.35,659.46,2684.81,0,False,Entregada,Entrega realizada en tiempo,0
1322,17,21,43,35,2026-04-04,08:30:00,2026-04-04,16:49:00,2026-04-04,16:49:00,0.27,64,298.46,Diesel,41.74,26.56,2531.3,1108.61,3639.91,0,False,Entregada,Entrega realizada en tiempo,1
1323,26,9,15,33,2026-02-03,08:14:00,2026-02-03,12:05:00,2026-02-03,12:05:00,0.73,11,104.92,Gasolina,8.58,25.15,1185.6,215.79,1401.39,0,False,Entregada,Entrega realizada en tiempo,0
1324,37,40,7,16,2026-02-27,11:11:00,2026-02-27,16:17:00,2026-02-27,16:17:00,8.68,39,182.66,Diesel,28.54,26.92,2593.3,768.3,3361.6,0,False,Entregada,Entrega realizada en tiempo,0
1325,86,38,34,34,2026-05-28,11:48:00,2026-05-28,15:22:00,2026-05-28,15:22:00,0.29,17,148.16,Gasolina,12.59,24.12,1405.8,303.67,1709.47,0,False,Entregada,Entrega realizada en tiempo,0
1326,19,38,48,3,2026-07-11,15:40:00,2026-07-11,03:10:00,2026-07-12,03:10:00,0.63,7,388.23,Gasolina,32.98,25.94,2560.15,855.5,3415.65,0,False,Entregada,Entrega realizada en tiempo,1
1327,2,10,41,3,2026-08-02,10:10:00,2026-08-02,21:40:00,2026-08-02,21:40:00,1.44,51,422.98,Gasolina,42.43,24.72,3166.9,1048.87,4215.77,0,False,Entregada,Entrega realizada en tiempo,1
1328,62,23,13,41,2026-08-11,15:28:00,2026-08-11,03:09:00,2026-08-12,03:09:00,1.29,28,421.84,Gasolina,77.26,23.79,2962.2,1838.02,4800.22,0,False,Entregada,Entrega realizada en tiempo,1
1329,57,8,48,18,2026-06-17,19:59:00,2026-06-17,11:14:00,2026-06-18,11:57:00,10.59,44,455.32,Diesel,48.65,26.42,4187.6,1285.33,5472.93,43,True,Tardía,"Hora pico, Distancia larga",1
1330,63,36,30,43,2026-01-25,13:48:00,2026-01-25,05:15:00,2026-01-26,05:15:00,5.24,67,463.03,Diesel,54.6,26.35,3875.15,1438.71,5313.86,0,False,Entregada,Entrega realizada en tiempo,1
1331,55,2,35,9,2026-01-25,10:29:00,2026-01-25,14:57:00,2026-01-25,15:23:00,14.22,15,167.46,Diesel,33.76,26.62,2879.3,898.69,3777.99,26,True,Tardía,Carga pesada,1
1332,40,29,28,36,2026-01-22,19:11:00,2026-01-22,12:32:00,2026-01-23,12:32:00,1.51,51,419.75,Diesel,43.86,26.66,3157.75,1169.31,4327.06,0,False,Entregada,Entrega realizada en tiempo,1
1333,66,13,10,44,2026-02-26,05:12:00,2026-02-26,07:22:00,2026-02-26,07:22:00,0.82,46,62.85,Gasolina,5.13,25.34,1264.25,129.99,1394.24,0,False,Entregada,Entrega realizada en tiempo,0
1334,73,34,34,4,2026-07-24,20:23:00,2026-07-24,21:41:00,2026-07-24,21:41:00,15.62,70,42.08,Diesel,3.5,26.84,2832.4,93.94,2926.34,0,False,Entregada,Entrega realizada en tiempo,0
1335,68,11,24,11,2026-01-26,09:40:00,2026-01-26,14:22:00,2026-01-26,14:58:00,5.95,80,143.4,Diesel,30.0,26.83,2452.0,804.9,3256.9,36,True,Tardía,Hora pico,0
1336,79,28,55,13,2026-03-13,06:25:00,2026-03-13,13:36:00,2026-03-13,13:36:00,0.66,38,282.29,Diesel,41.39,25.57,2281.45,1058.34,3339.79,0,False,Entregada,Entrega realizada en tiempo,0
1337,54,31,30,21,2026-02-04,12:00:00,2026-02-04,12:38:00,2026-02-04,12:38:00,0.94,10,24.58,Diesel,3.49,25.67,796.9,89.59,886.49,0,False,Entregada,Entrega realizada en tiempo,0
1338,40,14,60,47,2026-06-06,07:03:00,2026-06-06,17:01:00,2026-06-06,18:10:00,4.67,53,356.61,Diesel,38.43,26.36,3174.05,1013.01,4187.06,69,True,Tardía,"Tráfico alto, Hora pico, Distancia larga",1
1339,83,27,26,38,2026-02-19,10:53:00,2026-02-19,00:21:00,2026-02-20,01:10:00,20.01,45,430.44,Diesel,55.33,24.37,5013.2,1348.39,6361.59,49,True,Tardía,"Tráfico alto, Distancia larga",1
1340,95,38,44,10,2026-02-22,17:09:00,2026-02-22,09:41:00,2026-02-23,09:41:00,0.22,36,466.82,Gasolina,39.66,23.03,3144.1,913.37,4057.47,0,False,Entregada,Entrega realizada en tiempo,1
1341,16,34,20,34,2026-01-27,18:14:00,2026-01-27,21:48:00,2026-01-27,21:48:00,0.38,57,153.5,Diesel,12.75,24.37,1761.5,310.72,2072.22,0,False,Entregada,Entrega realizada en tiempo,0
1342,96,40,30,10,2026-01-19,13:56:00,2026-01-19,06:28:00,2026-01-20,06:28:00,11.71,35,433.29,Diesel,67.7,24.12,4117.45,1632.92,5750.37,0,False,Entregada,Entrega realizada en tiempo,1
1343,33,8,41,30,2026-04-20,09:56:00,2026-04-20,17:28:00,2026-04-20,17:28:00,5.49,63,206.23,Diesel,22.03,24.67,2584.15,543.48,3127.63,0,False,Entregada,Entrega realizada en tiempo,0
1344,14,6,47,39,2026-06-03,14:15:00,2026-06-03,08:08:00,2026-06-04,08:08:00,9.57,64,461.49,Diesel,67.47,26.89,4276.45,1814.27,6090.72,0,False,Entregada,Entrega realizada en tiempo,1
1345,54,4,41,7,2026-08-10,11:53:00,2026-08-10,20:10:00,2026-08-10,20:10:00,1.66,36,285.62,Gasolina,48.0,24.92,2382.1,1196.16,3578.26,0,False,Entregada,Entrega realizada en tiempo,1
1346,43,27,43,17,2026-04-02,07:00:00,2026-04-02,20:16:00,2026-04-02,20:16:00,13.82,13,363.28,Diesel,46.69,25.46,3802.4,1188.73,4991.13,0,False,Entregada,Entrega realizada en tiempo,1
1347,75,32,15,38,2026-04-22,11:06:00,2026-04-22,00:34:00,2026-04-23,00:34:00,0.9,63,413.25,Gasolina,37.43,25.51,3160.25,954.84,4115.09,0,False,Entregada,Entrega realizada en tiempo,1
1348,49,39,34,43,2026-04-08,06:38:00,2026-04-08,22:05:00,2026-04-08,22:05:00,1.02,14,448.13,Gasolina,36.17,25.38,2954.65,917.99,3872.64,0,False,Entregada,Entrega realizada en tiempo,1
1349,13,37,7,8,2026-07-15,10:23:00,2026-07-15,17:56:00,2026-07-15,17:56:00,2.06,75,181.89,Diesel,19.39,26.71,2215.45,517.91,2733.36,0,False,Entregada,Entrega realizada en tiempo,0
1350,54,26,46,48,2026-01-11,14:41:00,2026-01-11,20:18:00,2026-01-11,20:18:00,0.72,57,143.53,Gasolina,20.48,24.72,1745.65,506.27,2251.92,0,False,Entregada,Entrega realizada en tiempo,0
1351,67,3,26,41,2026-07-10,16:42:00,2026-07-10,04:23:00,2026-07-11,05:03:00,7.21,4,389.08,Diesel,83.49,24.3,3198.4,2028.81,5227.21,40,True,Tardía,"Tráfico alto, Distancia larga",1
1352,53,2,47,30,2026-08-06,11:22:00,2026-08-06,18:54:00,2026-08-06,18:54:00,14.38,45,205.01,Diesel,41.33,26.9,3323.05,1111.78,4434.83,0,False,Entregada,Entrega realizada en tiempo,1
1353,36,29,51,4,2026-03-25,17:44:00,2026-03-25,19:02:00,2026-03-25,19:02:00,1.49,34,37.53,Diesel,3.92,24.48,1108.65,95.96,1204.61,0,False,Entregada,Entrega realizada en tiempo,0
1354,72,36,42,21,2026-07-09,15:48:00,2026-07-09,16:26:00,2026-07-09,16:26:00,4.74,45,25.49,Diesel,3.01,24.52,1461.45,73.81,1535.26,0,False,Entregada,Entrega realizada en tiempo,0
1355,64,6,22,23,2026-06-07,20:47:00,2026-06-07,06:08:00,2026-06-08,06:08:00,9.75,30,289.55,Diesel,42.33,24.92,3162.75,1054.86,4217.61,0,False,Entregada,Entrega realizada en tiempo,1
1356,93,6,41,26,2026-03-22,18:40:00,2026-03-22,06:53:00,2026-03-23,06:53:00,0.34,24,369.91,Diesel,54.08,24.61,2575.55,1330.91,3906.46,0,False,Entregada,Entrega realizada en tiempo,1
1357,91,32,23,22,2026-07-26,17:57:00,2026-07-26,18:33:00,2026-07-26,18:33:00,0.24,47,23.51,Gasolina,2.13,25.88,1017.55,55.12,1072.67,0,False,Entregada,Entrega realizada en tiempo,0
1358,42,2,8,13,2026-05-29,12:58:00,2026-05-29,20:09:00,2026-05-29,20:09:00,4.88,65,250.56,Diesel,50.52,25.68,2760.8,1297.35,4058.15,0,False,Entregada,Entrega realizada en tiempo,1
1359,97,36,35,12,2026-04-12,07:12:00,2026-04-12,19:55:00,2026-04-12,20:54:00,2.76,12,398.99,Diesel,47.05,24.44,2866.95,1149.9,4016.85,59,True,Tardía,"Hora pico, Distancia larga",1
1360,44,35,23,26,2026-02-04,15:06:00,2026-02-04,03:19:00,2026-02-05,03:19:00,0.58,38,373.91,Gasolina,50.46,25.91,2731.55,1307.42,4038.97,0,False,Entregada,Entrega realizada en tiempo,1
1361,42,15,29,3,2026-03-04,20:09:00,2026-03-04,07:39:00,2026-03-05,08:08:00,1.79,36,365.4,Diesel,75.19,24.74,2794.0,1860.2,4654.2,29,True,Tardía,Distancia larga,1
1362,29,29,42,14,2026-02-07,05:18:00,2026-02-07,07:41:00,2026-02-07,07:41:00,1.47,32,60.46,Diesel,6.32,26.57,1205.3,167.92,1373.22,0,False,Entregada,Entrega realizada en tiempo,0
1363,62,29,27,36,2026-05-22,09:26:00,2026-05-22,02:47:00,2026-05-23,02:47:00,0.9,24,461.36,Diesel,48.21,25.74,3088.8,1240.93,4329.73,0,False,Entregada,Entrega realizada en tiempo,1
1364,81,37,57,25,2026-07-11,11:45:00,2026-07-11,21:11:00,2026-07-11,21:11:00,1.76,47,313.62,Diesel,33.43,24.79,2620.1,828.73,3448.83,0,False,Entregada,Entrega realizada en tiempo,0
1365,48,24,58,16,2026-03-23,20:22:00,2026-03-23,01:28:00,2026-03-24,01:28:00,1.02,10,188.81,Diesel,17.7,24.4,1626.05,431.88,2057.93,0,False,Entregada,Entrega realizada en tiempo,0
1366,90,16,51,35,2026-05-29,08:06:00,2026-05-29,16:25:00,2026-05-29,16:25:00,0.85,65,322.63,Gasolina,28.99,24.61,2718.15,713.44,3431.59,0,False,Entregada,Entrega realizada en tiempo,0
1367,14,39,15,47,2026-03-31,20:52:00,2026-03-31,06:50:00,2026-04-01,06:50:00,0.85,29,318.78,Gasolina,25.73,24.72,2410.9,636.05,3046.95,0,False,Entregada,Entrega realizada en tiempo,0
1368,7,30,40,29,2026-05-08,16:04:00,2026-05-08,21:12:00,2026-05-08,22:03:00,1.15,22,137.44,Diesel,11.81,25.95,1478.2,306.47,1784.67,51,True,Tardía,Tráfico alto,0
1369,45,31,56,46,2026-02-07,07:43:00,2026-02-07,22:33:00,2026-02-07,23:27:00,0.35,46,399.48,Diesel,56.74,26.84,2900.4,1522.9,4423.3,54,True,Tardía,"Hora pico, Distancia larga",1
1370,94,2,46,39,2026-05-06,16:45:00,2026-05-06,10:38:00,2026-05-07,10:38:00,4.7,18,451.52,Diesel,91.03,24.65,3371.6,2243.89,5615.49,0,False,Entregada,Entrega realizada en tiempo,1
1371,58,20,35,45,2026-06-22,12:21:00,2026-06-22,00:32:00,2026-06-23,00:32:00,1.62,30,429.45,Gasolina,58.27,25.63,3049.25,1493.46,4542.71,0,False,Entregada,Entrega realizada en tiempo,1
1372,53,10,50,35,2026-06-24,13:55:00,2026-06-24,22:14:00,2026-06-24,22:14:00,0.89,1,293.35,Gasolina,29.42,23.16,2063.75,681.37,2745.12,0,False,Entregada,Entrega realizada en tiempo,0
1373,97,23,38,8,2026-07-18,07:39:00,2026-07-18,15:12:00,2026-07-18,15:12:00,1.72,9,181.21,Gasolina,33.19,25.19,1650.05,836.06,2486.11,0,False,Entregada,Entrega realizada en tiempo,0
1374,94,13,16,39,2026-07-18,09:53:00,2026-07-18,03:46:00,2026-07-19,04:34:00,0.92,24,478.17,Gasolina,39.0,23.27,3174.85,907.53,4082.38,48,True,Tardía,"Hora pico, Distancia larga",1
1375,52,37,45,44,2026-04-10,16:24:00,2026-04-10,18:34:00,2026-04-10,18:54:00,3.5,61,63.92,Diesel,6.81,24.55,1657.6,167.19,1824.79,20,True,Tardía,Incidencia operativa,0
1376,40,23,12,46,2026-04-21,11:31:00,2026-04-21,02:21:00,2026-04-22,02:54:00,0.74,12,409.0,Gasolina,74.91,23.68,2715.0,1773.87,4488.87,33,True,Tardía,Distancia larga,1
1377,83,6,22,29,2026-07-12,08:33:00,2026-07-12,13:41:00,2026-07-12,14:43:00,3.23,33,123.8,Diesel,18.1,24.18,1706.0,437.66,2143.66,62,True,Tardía,"Tráfico alto, Hora pico",0
1378,48,7,11,1,2026-05-16,05:00:00,2026-05-16,11:19:00,2026-05-16,11:19:00,2.77,42,178.81,Diesel,29.31,24.08,2007.05,705.78,2712.83,0,False,Entregada,Entrega realizada en tiempo,0
1379,73,37,24,5,2026-02-14,09:40:00,2026-02-14,17:32:00,2026-02-14,17:32:00,1.55,80,336.68,Diesel,35.89,25.61,2978.4,919.14,3897.54,0,False,Entregada,Entrega realizada en tiempo,1
1380,45,7,56,44,2026-02-09,14:36:00,2026-02-09,16:46:00,2026-02-09,16:46:00,5.36,23,66.16,Diesel,10.85,26.12,1550.8,283.4,1834.2,0,False,Entregada,Entrega realizada en tiempo,0
1381,99,12,33,10,2026-07-28,17:01:00,2026-07-28,09:33:00,2026-07-29,10:41:00,0.27,80,403.05,Gasolina,57.66,23.32,3182.25,1344.63,4526.88,68,True,Tardía,"Tráfico alto, Hora pico, Distancia larga",1
1382,88,12,38,34,2026-02-12,08:31:00,2026-02-12,12:05:00,2026-02-12,12:05:00,1.01,25,142.06,Gasolina,20.32,25.99,1511.3,528.12,2039.42,0,False,Entregada,Entrega realizada en tiempo,0
1383,44,30,60,43,2026-05-21,15:50:00,2026-05-21,07:17:00,2026-05-22,07:17:00,0.41,58,452.05,Diesel,38.84,26.01,3265.25,1010.23,4275.48,0,False,Entregada,Entrega realizada en tiempo,1
1384,9,22,16,24,2026-02-06,10:52:00,2026-02-06,19:29:00,2026-02-06,19:57:00,6.11,63,324.28,Diesel,31.36,25.07,3236.4,786.2,4022.6,28,True,Tardía,Distancia larga,1
1385,62,38,7,34,2026-01-24,13:58:00,2026-01-24,17:32:00,2026-01-24,17:32:00,0.43,68,134.12,Gasolina,11.4,25.11,1757.6,286.25,2043.85,0,False,Entregada,Entrega realizada en tiempo,0
1386,67,26,49,35,2026-06-14,09:18:00,2026-06-14,17:37:00,2026-06-14,18:22:00,0.78,42,297.6,Gasolina,42.45,24.28,2402.0,1030.69,3432.69,45,True,Tardía,"Hora pico, Carga pesada",1
1387,56,25,6,32,2026-01-07,18:06:00,2026-01-07,02:16:00,2026-01-08,02:16:00,7.55,42,257.69,Diesel,54.83,25.83,2879.45,1416.26,4295.71,0,False,Entregada,Entrega realizada en tiempo,1
1388,40,32,51,50,2026-03-15,06:33:00,2026-03-15,15:34:00,2026-03-15,15:46:00,0.7,6,238.61,Gasolina,21.61,23.92,1811.05,516.91,2327.96,12,True,Tardía,Incidencia operativa,0
1389,76,37,35,12,2026-06-14,13:47:00,2026-06-14,02:30:00,2026-06-15,02:30:00,1.47,7,397.24,Diesel,42.35,24.14,2689.2,1022.33,3711.53,0,False,Entregada,Entrega realizada en tiempo,1
1390,39,25,13,23,2026-05-18,06:52:00,2026-05-18,16:13:00,2026-05-18,16:13:00,9.62,56,291.63,Diesel,62.05,25.57,3368.15,1586.62,4954.77,0,False,Entregada,Entrega realizada en tiempo,1
1391,23,33,24,44,2026-06-28,06:58:00,2026-06-28,09:08:00,2026-06-28,09:23:00,0.58,28,60.61,Diesel,7.73,26.68,1085.05,206.24,1291.29,15,True,Tardía,Incidencia operativa,0
1392,92,21,5,46,2026-02-22,18:13:00,2026-02-22,09:03:00,2026-02-23,09:03:00,1.66,74,435.93,Diesel,60.97,24.05,3437.65,1466.33,4903.98,0,False,Entregada,Entrega realizada en tiempo,1
1393,49,14,58,45,2026-01-30,12:00:00,2026-01-30,00:11:00,2026-01-31,00:11:00,24.43,31,441.5,Diesel,47.58,26.75,5398.5,1272.76,6671.26,0,False,Entregada,Entrega realizada en tiempo,1
1394,43,12,25,15,2026-04-06,15:02:00,2026-04-06,05:30:00,2026-04-07,06:00:00,0.7,20,443.92,Gasolina,63.51,25.65,2949.6,1629.03,4578.63,30,True,Tardía,Distancia larga,1
1395,55,37,46,41,2026-03-21,09:56:00,2026-03-21,21:37:00,2026-03-21,22:45:00,3.38,35,398.2,Diesel,42.45,24.83,3109.0,1054.03,4163.03,68,True,Tardía,"Tráfico alto, Hora pico, Distancia larga",1
1396,25,32,17,39,2026-01-03,15:02:00,2026-01-03,08:55:00,2026-01-04,09:19:00,0.21,58,464.67,Gasolina,42.09,24.91,3308.35,1048.46,4356.81,24,True,Tardía,Distancia larga,1
1397,15,11,58,32,2026-01-18,09:34:00,2026-01-18,17:44:00,2026-01-18,18:19:00,2.28,42,245.59,Diesel,51.38,24.85,2291.95,1276.79,3568.74,35,True,Tardía,Hora pico,1
1398,37,19,55,37,2026-03-08,08:48:00,2026-03-08,13:19:00,2026-03-08,13:19:00,7.32,16,184.51,Diesel,18.18,26.66,2282.55,484.68,2767.23,0,False,Entregada,Entrega realizada en tiempo,0
1399,26,6,36,32,2026-02-21,08:33:00,2026-02-21,16:43:00,2026-02-21,16:43:00,9.83,5,233.23,Diesel,34.1,24.33,2689.15,829.65,3518.8,0,False,Entregada,Entrega realizada en tiempo,0
1400,30,3,54,25,2026-02-17,07:48:00,2026-02-17,17:14:00,2026-02-17,18:18:00,15.41,9,373.68,Diesel,80.19,26.22,3981.4,2102.58,6083.98,64,True,Tardía,"Hora pico, Distancia larga",1
1401,57,39,50,3,2026-06-19,19:49:00,2026-06-19,07:19:00,2026-06-20,07:19:00,0.3,25,360.85,Gasolina,29.12,25.17,2534.25,732.95,3267.2,0,False,Entregada,Entrega realizada en tiempo,0
1402,6,37,1,10,2026-03-29,11:58:00,2026-03-29,04:30:00,2026-03-30,05:22:00,2.23,23,404.48,Diesel,43.12,25.17,2929.4,1085.33,4014.73,52,True,Tardía,"Tráfico alto, Distancia larga",1
1403,20,19,33,5,2026-02-27,09:40:00,2026-02-27,17:32:00,2026-02-27,18:20:00,5.77,25,352.73,Diesel,34.75,24.21,3040.65,841.3,3881.95,48,True,Tardía,"Hora pico, Distancia larga",1
1404,32,39,34,19,2026-05-23,09:09:00,2026-05-23,16:58:00,2026-05-23,16:58:00,0.65,71,296.59,Gasolina,23.94,23.17,2615.95,554.69,3170.64,0,False,Entregada,Entrega realizada en tiempo,0
1405,88,5,27,34,2026-05-17,05:39:00,2026-05-17,09:13:00,2026-05-17,09:13:00,4.29,22,154.06,Diesel,19.35,24.96,1875.3,482.98,2358.28,0,False,Entregada,Entrega realizada en tiempo,0
1406,5,10,58,7,2026-06-25,10:00:00,2026-06-25,18:17:00,2026-06-25,18:58:00,0.21,49,317.61,Gasolina,31.86,25.57,2501.05,814.66,3315.71,41,True,Tardía,"Tráfico alto, Distancia larga",1
1407,98,3,37,35,2026-01-19,05:41:00,2026-01-19,14:00:00,2026-01-19,14:00:00,14.07,61,320.62,Diesel,68.8,25.93,3998.1,1783.98,5782.08,0,False,Entregada,Entrega realizada en tiempo,1
1408,37,40,25,29,2026-07-11,10:43:00,2026-07-11,15:51:00,2026-07-11,15:51:00,3.07,63,136.51,Diesel,21.33,25.04,1993.55,534.1,2527.65,0,False,Entregada,Entrega realizada en tiempo,0
1409,82,30,31,10,2026-04-27,20:56:00,2026-04-27,13:28:00,2026-04-28,14:27:00,0.41,47,413.38,Diesel,35.51,26.89,2983.9,954.86,3938.76,59,True,Tardía,"Tráfico alto, Distancia larga",1
1410,50,17,57,11,2026-04-05,05:27:00,2026-04-05,10:09:00,2026-04-05,10:44:00,8.34,39,143.71,Diesel,25.53,26.13,2364.55,667.1,3031.65,35,True,Tardía,Carga pesada,0
1411,70,15,26,9,2026-08-04,14:13:00,2026-08-04,18:41:00,2026-08-04,18:41:00,0.25,52,166.61,Diesel,34.28,25.25,1774.05,865.57,2639.62,0,False,Entregada,Entrega realizada en tiempo,0
1412,94,29,29,25,2026-04-29,14:21:00,2026-04-29,23:47:00,2026-04-29,23:47:00,0.55,42,327.6,Diesel,34.23,24.4,2529.0,835.21,3364.21,0,False,Entregada,Entrega realizada en tiempo,0
1413,68,14,16,14,2026-07-02,09:36:00,2026-07-02,11:59:00,2026-07-02,11:59:00,6.99,25,57.78,Diesel,6.23,26.19,1687.9,163.16,1851.06,0,False,Entregada,Entrega realizada en tiempo,0
1414,80,24,58,30,2026-05-21,16:23:00,2026-05-21,23:55:00,2026-05-21,23:55:00,1.21,40,207.28,Diesel,19.43,24.42,1977.4,474.48,2451.88,0,False,Entregada,Entrega realizada en tiempo,0
1415,14,35,42,29,2026-03-18,16:03:00,2026-03-18,21:11:00,2026-03-18,21:53:00,0.9,26,135.49,Gasolina,18.28,24.98,1475.45,456.63,1932.08,42,True,Tardía,Tráfico alto,0
1416,67,28,12,29,2026-01-07,09:24:00,2026-01-07,14:32:00,2026-01-07,14:32:00,0.27,73,142.45,Diesel,20.89,24.82,1823.25,518.49,2341.74,0,False,Entregada,Entrega realizada en tiempo,0
1417,96,37,50,10,2026-06-14,15:36:00,2026-06-14,08:08:00,2026-06-15,09:11:00,4.13,26,463.98,Diesel,49.46,26.29,3440.9,1300.3,4741.2,63,True,Tardía,"Tráfico alto, Distancia larga, Carga pesada",1
1418,63,21,40,49,2026-06-06,19:47:00,2026-06-06,11:35:00,2026-06-07,11:35:00,1.47,5,446.48,Diesel,62.44,26.36,2919.4,1645.92,4565.32,0,False,Entregada,Entrega realizada en tiempo,1
1419,11,2,1,4,2026-03-26,07:20:00,2026-03-26,08:38:00,2026-03-26,09:03:00,9.06,46,37.16,Diesel,7.49,24.92,1959.8,186.65,2146.45,25,True,Tardía,Hora pico,0
1420,9,24,40,21,2026-05-30,17:30:00,2026-05-30,18:08:00,2026-05-30,18:08:00,1.55,44,26.31,Diesel,2.47,24.87,1138.55,61.43,1199.98,0,False,Entregada,Entrega realizada en tiempo,0
1421,13,36,11,10,2026-02-11,16:07:00,2026-02-11,08:39:00,2026-02-12,08:39:00,5.56,69,440.29,Diesel,51.92,25.23,3809.45,1309.94,5119.39,0,False,Entregada,Entrega realizada en tiempo,1
1422,72,36,41,31,2026-06-29,11:44:00,2026-06-29,22:52:00,2026-06-29,22:52:00,0.7,32,298.45,Diesel,35.19,25.99,2318.25,914.59,3232.84,0,False,Entregada,Entrega realizada en tiempo,0
1423,19,29,7,49,2026-01-11,08:56:00,2026-01-11,00:44:00,2026-01-12,01:38:00,1.7,49,419.12,Diesel,43.8,26.06,3157.6,1141.43,4299.03,54,True,Tardía,"Hora pico, Distancia larga, Carga pesada",1
1424,47,29,38,37,2026-02-16,17:57:00,2026-02-16,22:28:00,2026-02-16,22:28:00,1.07,3,179.85,Diesel,18.79,26.84,1530.25,504.32,2034.57,0,False,Entregada,Entrega realizada en tiempo,0
1425,73,23,57,22,2026-01-22,14:04:00,2026-01-22,14:40:00,2026-01-22,14:40:00,0.78,23,25.04,Gasolina,4.59,23.9,887.2,109.7,996.9,0,False,Entregada,Entrega realizada en tiempo,0
1426,51,10,8,43,2026-02-20,13:18:00,2026-02-20,04:45:00,2026-02-21,04:45:00,1.09,11,467.96,Gasolina,46.94,25.95,3036.8,1218.09,4254.89,0,False,Entregada,Entrega realizada en tiempo,1
1427,64,2,40,38,2026-04-17,09:23:00,2026-04-17,22:51:00,2026-04-18,00:00:00,7.59,33,451.06,Diesel,90.94,24.96,3778.3,2269.86,6048.16,69,True,Tardía,"Tráfico alto, Hora pico, Distancia larga",1
1428,22,4,42,16,2026-06-29,12:16:00,2026-06-29,17:22:00,2026-06-29,17:22:00,0.58,58,180.88,Gasolina,30.4,24.01,1926.4,729.9,2656.3,0,False,Entregada,Entrega realizada en tiempo,0
1429,35,30,43,6,2026-03-27,20:02:00,2026-03-27,02:56:00,2026-03-28,02:56:00,1.17,17,249.45,Diesel,21.43,26.78,2000.25,573.9,2574.15,0,False,Entregada,Entrega realizada en tiempo,0
1430,2,37,2,20,2026-04-08,09:57:00,2026-04-08,00:13:00,2026-04-09,00:13:00,3.24,61,462.16,Diesel,49.27,24.11,3622.8,1187.9,4810.7,0,False,Entregada,Entrega realizada en tiempo,1
1431,87,18,45,25,2026-03-27,14:51:00,2026-03-27,00:17:00,2026-03-28,00:17:00,0.45,66,363.74,Diesel,34.06,26.35,2891.7,897.48,3789.18,0,False,Entregada,Entrega realizada en tiempo,1
1432,53,22,9,23,2026-07-04,11:35:00,2026-07-04,20:56:00,2026-07-04,20:56:00,2.97,25,265.89,Diesel,25.71,24.8,2326.45,637.61,2964.06,0,False,Entregada,Entrega realizada en tiempo,0
1433,58,6,52,43,2026-03-23,19:57:00,2026-03-23,11:24:00,2026-03-24,11:58:00,0.45,15,426.86,Diesel,62.41,24.22,2799.3,1511.57,4310.87,34,True,Tardía,"Hora pico, Distancia larga",1
1434,48,5,10,37,2026-07-25,10:49:00,2026-07-25,15:20:00,2026-07-25,15:20:00,4.94,12,172.22,Diesel,21.64,24.03,1951.1,520.01,2471.11,0,False,Entregada,Entrega realizada en tiempo,0
1435,2,22,56,40,2026-01-19,08:37:00,2026-01-19,20:11:00,2026-01-19,20:11:00,4.85,59,439.17,Diesel,42.47,24.99,3652.85,1061.33,4714.18,0,False,Entregada,Entrega realizada en tiempo,1
1436,86,7,40,8,2026-01-15,08:12:00,2026-01-15,15:45:00,2026-01-15,16:02:00,0.76,11,205.47,Diesel,33.68,25.3,1691.35,852.1,2543.45,17,True,Tardía,Hora pico,0
1437,88,15,14,4,2026-07-03,07:24:00,2026-07-03,08:42:00,2026-07-03,08:42:00,1.81,42,40.57,Diesel,8.35,24.58,1219.85,205.24,1425.09,0,False,Entregada,Entrega realizada en tiempo,0
1438,26,32,39,46,2026-02-17,18:18:00,2026-02-17,09:08:00,2026-02-18,09:08:00,0.41,76,390.08,Gasolina,35.33,23.18,3099.4,818.95,3918.35,0,False,Entregada,Entrega realizada en tiempo,1
1439,24,33,1,6,2026-02-15,09:16:00,2026-02-15,16:10:00,2026-02-15,16:10:00,0.78,19,231.58,Diesel,29.54,25.73,1887.9,760.06,2647.96,0,False,Entregada,Entrega realizada en tiempo,0
1440,25,8,45,49,2026-01-20,09:11:00,2026-01-20,00:59:00,2026-01-21,00:59:00,4.38,42,425.38,Diesel,45.45,24.68,3400.9,1121.71,4522.61,0,False,Entregada,Entrega realizada en tiempo,1
1441,51,38,19,39,2026-04-16,19:40:00,2026-04-16,13:33:00,2026-04-17,14:32:00,0.95,37,484.81,Gasolina,41.19,23.02,3315.05,948.19,4263.24,59,True,Tardía,"Hora pico, Distancia larga, Carga pesada",1
1442,88,17,19,49,2026-02-11,07:03:00,2026-02-11,22:51:00,2026-02-11,22:51:00,6.55,9,381.87,Diesel,67.83,26.71,3136.35,1811.74,4948.09,0,False,Entregada,Entrega realizada en tiempo,1
1443,8,40,49,28,2026-01-21,17:00:00,2026-01-21,22:14:00,2026-01-21,22:14:00,3.63,12,180.25,Diesel,28.16,26.31,1860.25,740.89,2601.14,0,False,Entregada,Entrega realizada en tiempo,0
1444,47,39,44,5,2026-05-26,11:46:00,2026-05-26,19:38:00,2026-05-26,19:38:00,0.46,41,327.85,Gasolina,26.46,25.23,2513.25,667.59,3180.84,0,False,Entregada,Entrega realizada en tiempo,0
1445,62,24,32,20,2026-07-15,18:20:00,2026-07-15,08:36:00,2026-07-16,08:36:00,1.38,70,415.07,Diesel,38.9,24.57,3273.35,955.77,4229.12,0,False,Entregada,Entrega realizada en tiempo,1
1446,76,11,3,45,2026-04-01,16:29:00,2026-04-01,04:40:00,2026-04-02,04:40:00,3.1,60,497.29,Diesel,104.04,26.39,3776.45,2745.62,6522.07,0,False,Entregada,Entrega realizada en tiempo,1
1447,52,30,56,30,2026-04-26,08:09:00,2026-04-26,15:41:00,2026-04-26,15:41:00,2.0,50,191.22,Diesel,16.43,24.07,2056.1,395.47,2451.57,0,False,Entregada,Entrega realizada en tiempo,0
1448,18,21,25,41,2026-02-08,15:23:00,2026-02-08,03:04:00,2026-02-09,03:51:00,1.61,2,440.25,Diesel,61.57,24.28,2878.25,1494.92,4373.17,47,True,Tardía,"Tráfico alto, Distancia larga, Carga pesada",1
1449,51,31,10,18,2026-03-28,09:01:00,2026-03-28,00:16:00,2026-03-29,01:10:00,0.68,64,409.83,Diesel,58.21,24.68,3129.15,1436.62,4565.77,54,True,Tardía,"Hora pico, Distancia larga",1
1450,63,39,47,32,2026-04-21,16:54:00,2026-04-21,01:04:00,2026-04-22,01:04:00,0.72,21,268.77,Gasolina,21.69,25.0,2083.85,542.25,2626.1,0,False,Entregada,Entrega realizada en tiempo,0
1451,46,7,5,21,2026-06-30,18:38:00,2026-06-30,19:16:00,2026-06-30,20:10:00,4.87,38,23.24,Diesel,3.81,25.25,1407.2,96.2,1503.4,54,True,Tardía,"Hora pico, Carga pesada",0
1452,2,20,41,11,2026-03-28,12:43:00,2026-03-28,17:25:00,2026-03-28,17:25:00,0.77,80,138.85,Gasolina,18.84,23.37,1911.25,440.29,2351.54,0,False,Entregada,Entrega realizada en tiempo,0
1453,17,34,19,22,2026-07-05,14:51:00,2026-07-05,15:27:00,2026-07-05,15:27:00,8.13,17,21.93,Diesel,1.82,26.91,1558.65,48.98,1607.63,0,False,Entregada,Entrega realizada en tiempo,0
1454,9,2,29,24,2026-04-17,10:13:00,2026-04-17,18:50:00,2026-04-17,18:50:00,14.18,42,325.99,Diesel,65.72,26.73,3883.95,1756.7,5640.65,0,False,Entregada,Entrega realizada en tiempo,1
1455,41,31,51,18,2026-05-23,13:36:00,2026-05-23,04:51:00,2026-05-24,04:51:00,1.44,43,450.33,Diesel,63.97,26.71,3239.65,1708.64,4948.29,0,False,Entregada,Entrega realizada en tiempo,1
1456,42,37,59,15,2026-07-01,10:52:00,2026-07-01,01:20:00,2026-07-02,01:20:00,3.7,32,422.59,Diesel,45.05,25.41,3238.95,1144.72,4383.67,0,False,Entregada,Entrega realizada en tiempo,1
1457,3,21,33,7,2026-04-09,08:39:00,2026-04-09,16:56:00,2026-04-09,18:09:00,1.15,42,292.09,Diesel,40.85,26.7,2411.45,1090.69,3502.14,73,True,Tardía,"Tráfico alto, Hora pico",1
1458,94,18,5,29,2026-04-10,09:50:00,2026-04-10,14:58:00,2026-04-10,14:58:00,2.82,36,123.15,Diesel,11.53,25.09,1685.75,289.29,1975.04,0,False,Entregada,Entrega realizada en tiempo,0
1459,100,4,31,16,2026-02-27,05:20:00,2026-02-27,10:26:00,2026-02-27,10:26:00,1.25,46,165.1,Gasolina,27.75,24.45,1818.5,678.49,2496.99,0,False,Entregada,Entrega realizada en tiempo,0
1460,19,18,21,32,2026-03-22,20:12:00,2026-03-22,04:22:00,2026-03-23,04:22:00,0.66,25,232.13,Diesel,21.74,25.79,1926.65,560.67,2487.32,0,False,Entregada,Entrega realizada en tiempo,0
1461,16,19,47,4,2026-07-08,09:33:00,2026-07-08,10:51:00,2026-07-08,10:51:00,0.21,65,41.05,Diesel,4.04,26.37,1246.25,106.53,1352.78,0,False,Entregada,Entrega realizada en tiempo,0
1462,55,1,20,17,2026-02-22,08:18:00,2026-02-22,21:34:00,2026-02-22,22:29:00,1.27,4,349.76,Gasolina,33.76,24.11,2407.8,813.95,3221.75,55,True,Tardía,"Hora pico, Distancia larga",1
1463,100,10,29,41,2026-04-08,20:10:00,2026-04-08,07:51:00,2026-04-09,07:51:00,0.41,77,373.14,Gasolina,37.43,23.94,3022.7,896.07,3918.77,0,False,Entregada,Entrega realizada en tiempo,1
1464,36,30,18,13,2026-06-30,17:18:00,2026-06-30,00:29:00,2026-07-01,00:29:00,0.24,21,243.58,Diesel,20.93,24.97,1909.9,522.62,2432.52,0,False,Entregada,Entrega realizada en tiempo,0
1465,3,8,4,21,2026-05-22,18:23:00,2026-05-22,19:01:00,2026-05-22,19:50:00,20.24,19,23.91,Diesel,2.55,25.89,2795.55,66.02,2861.57,49,True,Tardía,"Hora pico, Carga pesada",0
1466,83,21,26,12,2026-03-25,06:41:00,2026-03-25,19:24:00,2026-03-25,19:24:00,0.75,37,360.66,Diesel,50.44,26.27,2674.3,1325.06,3999.36,0,False,Entregada,Entrega realizada en tiempo,1
1467,6,33,4,47,2026-07-03,08:31:00,2026-07-03,18:29:00,2026-07-03,18:29:00,1.01,9,339.41,Diesel,43.29,24.42,2370.05,1057.14,3427.19,0,False,Entregada,Entrega realizada en tiempo,1
1468,14,34,11,46,2026-03-02,07:48:00,2026-03-02,22:38:00,2026-03-02,22:38:00,9.78,47,396.9,Diesel,32.97,25.01,3838.5,824.58,4663.08,0,False,Entregada,Entrega realizada en tiempo,1
1469,53,22,49,5,2026-05-07,15:34:00,2026-05-07,23:26:00,2026-05-07,23:26:00,0.75,8,320.13,Diesel,30.96,25.93,2239.65,802.79,3042.44,0,False,Entregada,Entrega realizada en tiempo,0
1470,51,10,36,6,2026-07-28,09:28:00,2026-07-28,16:22:00,2026-07-28,17:09:00,0.51,21,238.74,Gasolina,23.95,23.17,1912.7,554.92,2467.62,47,True,Tardía,"Tráfico alto, Hora pico",0
1471,88,36,2,4,2026-06-14,10:30:00,2026-06-14,11:48:00,2026-06-14,12:12:00,7.17,6,40.28,Diesel,4.75,26.86,1466.4,127.58,1593.98,24,True,Tardía,Carga pesada,0
1472,18,33,21,21,2026-04-10,15:01:00,2026-04-10,15:39:00,2026-04-10,15:39:00,2.22,66,24.74,Diesel,3.16,25.48,1373.7,80.52,1454.22,0,False,Entregada,Entrega realizada en tiempo,0
1473,86,27,36,5,2026-01-11,09:37:00,2026-01-11,17:29:00,2026-01-11,18:22:00,11.77,5,329.46,Diesel,42.35,25.05,3364.3,1060.87,4425.17,53,True,Tardía,"Hora pico, Distancia larga",1
1474,11,38,57,24,2026-05-11,09:25:00,2026-05-11,18:02:00,2026-05-11,18:51:00,0.79,28,327.5,Gasolina,27.82,23.8,2440.5,662.12,3102.62,49,True,Tardía,"Hora pico, Distancia larga",0
1475,48,33,25,11,2026-08-02,09:48:00,2026-08-02,14:30:00,2026-08-02,15:01:00,0.82,78,137.46,Diesel,17.53,26.69,1893.3,467.88,2361.18,31,True,Tardía,Hora pico,0
1476,51,8,42,19,2026-04-26,05:28:00,2026-04-26,13:17:00,2026-04-26,13:17:00,9.47,78,332.81,Diesel,35.56,26.02,3735.05,925.27,4660.32,0,False,Entregada,Entrega realizada en tiempo,1
1477,99,26,14,12,2026-01-29,06:24:00,2026-01-29,19:07:00,2026-01-29,19:07:00,0.58,14,392.39,Gasolina,55.98,25.62,2631.95,1434.21,4066.16,0,False,Entregada,Entrega realizada en tiempo,1
1478,26,37,48,48,2026-03-18,09:56:00,2026-03-18,15:33:00,2026-03-18,15:33:00,0.74,76,156.64,Diesel,16.7,25.08,1965.2,418.84,2384.04,0,False,Entregada,Entrega realizada en tiempo,0
1479,7,15,37,17,2026-02-25,19:01:00,2026-02-25,08:17:00,2026-02-26,08:58:00,0.66,40,337.95,Diesel,69.54,25.5,2575.75,1773.27,4349.02,41,True,Tardía,"Hora pico, Distancia larga",1
1480,93,25,47,21,2026-04-28,15:38:00,2026-04-28,16:16:00,2026-04-28,16:16:00,1.75,22,26.07,Diesel,5.55,25.44,981.35,141.19,1122.54,0,False,Entregada,Entrega realizada en tiempo,0
1481,77,19,51,43,2026-08-08,10:04:00,2026-08-08,01:31:00,2026-08-09,01:46:00,1.73,79,434.54,Diesel,42.81,25.86,3477.7,1107.07,4584.77,15,True,Tardía,Distancia larga,1
1482,2,18,60,1,2026-03-19,17:24:00,2026-03-19,23:43:00,2026-03-19,23:43:00,3.68,73,176.52,Diesel,16.53,24.29,2334.6,401.51,2736.11,0,False,Entregada,Entrega realizada en tiempo,0
1483,48,14,42,13,2026-04-19,14:04:00,2026-04-19,21:15:00,2026-04-19,21:15:00,14.13,36,256.14,Diesel,27.6,24.07,3481.7,664.33,4146.03,0,False,Entregada,Entrega realizada en tiempo,1
1484,99,3,58,8,2026-03-19,08:16:00,2026-03-19,15:49:00,2026-03-19,15:49:00,0.61,59,206.52,Diesel,44.32,26.66,2065.6,1181.57,3247.17,0,False,Entregada,Entrega realizada en tiempo,0
1485,27,8,59,41,2026-07-10,05:56:00,2026-07-10,17:37:00,2026-07-10,18:14:00,1.75,61,403.3,Diesel,43.09,25.37,3179.5,1093.19,4272.69,37,True,Tardía,"Tráfico alto, Distancia larga",1
1486,75,36,18,18,2026-01-06,18:04:00,2026-01-06,09:19:00,2026-01-07,10:03:00,4.27,20,431.83,Diesel,50.92,24.11,3246.15,1227.68,4473.83,44,True,Tardía,"Hora pico, Distancia larga",1
1487,56,30,27,12,2026-01-04,06:42:00,2026-01-04,19:25:00,2026-01-04,19:25:00,1.77,9,371.65,Diesel,31.93,26.63,2607.25,850.3,3457.55,0,False,Entregada,Entrega realizada en tiempo,1
1488,91,19,47,31,2026-02-21,11:01:00,2026-02-21,22:09:00,2026-02-21,22:09:00,0.27,35,318.98,Diesel,31.43,24.56,2401.9,771.92,3173.82,0,False,Entregada,Entrega realizada en tiempo,0
1489,89,29,52,1,2026-06-16,06:55:00,2026-06-16,13:14:00,2026-06-16,13:14:00,1.07,73,199.03,Diesel,20.8,25.31,2186.15,526.45,2712.6,0,False,Entregada,Entrega realizada en tiempo,0
1490,90,32,51,15,2026-07-03,06:18:00,2026-07-03,20:46:00,2026-07-03,21:38:00,0.87,47,455.5,Gasolina,41.26,24.63,3240.5,1016.23,4256.73,52,True,Tardía,"Distancia larga, Carga pesada",1
1491,48,24,47,36,2026-05-19,08:20:00,2026-05-19,01:41:00,2026-05-20,02:42:00,1.26,45,431.5,Diesel,40.44,25.4,3143.5,1027.18,4170.68,61,True,Tardía,"Hora pico, Distancia larga",1
1492,45,19,10,44,2026-07-12,18:43:00,2026-07-12,20:53:00,2026-07-12,20:53:00,6.09,70,64.28,Diesel,6.33,26.88,1990.4,170.15,2160.55,0,False,Entregada,Entrega realizada en tiempo,0
1493,12,39,17,9,2026-03-27,14:41:00,2026-03-27,19:09:00,2026-03-27,19:09:00,0.39,60,186.82,Gasolina,15.08,24.62,1953.1,371.27,2324.37,0,False,Entregada,Entrega realizada en tiempo,0
1494,88,11,57,3,2026-03-29,19:58:00,2026-03-29,07:28:00,2026-03-30,07:28:00,7.44,19,395.58,Diesel,82.76,25.62,3373.9,2120.31,5494.21,0,False,Entregada,Entrega realizada en tiempo,1
1495,96,11,55,37,2026-02-05,09:52:00,2026-02-05,14:23:00,2026-02-05,14:54:00,0.82,51,184.11,Diesel,38.52,26.97,1910.55,1038.88,2949.43,31,True,Tardía,Hora pico,0
1496,70,3,34,7,2026-05-28,05:16:00,2026-05-28,13:33:00,2026-05-28,13:33:00,18.38,71,336.19,Diesel,72.14,24.49,4586.95,1766.71,6353.66,0,False,Entregada,Entrega realizada en tiempo,1
1497,30,22,32,8,2026-03-25,14:35:00,2026-03-25,22:08:00,2026-03-25,22:08:00,2.13,51,179.48,Diesel,17.36,26.46,2018.4,459.35,2477.75,0,False,Entregada,Entrega realizada en tiempo,0
1498,29,37,23,48,2026-04-15,08:14:00,2026-04-15,13:51:00,2026-04-15,14:44:00,4.31,59,150.32,Diesel,16.03,25.49,2154.6,408.6,2563.2,53,True,Tardía,"Tráfico alto, Hora pico, Carga pesada",0
1499,10,20,16,49,2026-04-14,12:52:00,2026-04-14,04:40:00,2026-04-15,04:40:00,0.98,27,449.26,Gasolina,60.96,23.29,3060.3,1419.76,4480.06,0,False,Entregada,Entrega realizada en tiempo,1
1500,25,2,2,2,2026-03-17,08:13:00,2026-03-17,14:51:00,2026-03-17,14:51:00,1.28,24,270.33,Diesel,54.5,26.04,2171.65,1419.18,3590.83,0,False,Entregada,Entrega realizada en tiempo,1
1501,9,17,29,8,2026-04-19,14:42:00,2026-04-19,22:15:00,2026-04-19,22:44:00,0.89,52,190.97,Diesel,33.92,24.9,1959.85,844.61,2804.46,29,True,Tardía,Incidencia operativa,0
1502,50,24,14,20,2026-04-20,18:40:00,2026-04-20,08:56:00,2026-04-21,08:56:00,1.96,79,421.29,Diesel,39.48,26.04,3434.45,1028.06,4462.51,0,False,Entregada,Entrega realizada en tiempo,1
1503,5,32,21,23,2026-01-08,11:44:00,2026-01-08,21:05:00,2026-01-08,21:05:00,1.01,61,271.78,Gasolina,24.62,24.15,2447.9,594.57,3042.47,0,False,Entregada,Entrega realizada en tiempo,0
1504,69,7,28,45,2026-05-31,14:43:00,2026-05-31,02:54:00,2026-06-01,02:54:00,1.91,63,443.06,Diesel,72.63,25.14,3410.3,1825.92,5236.22,0,False,Entregada,Entrega realizada en tiempo,1
1505,63,6,31,17,2026-05-20,07:05:00,2026-05-20,20:21:00,2026-05-20,20:21:00,4.22,32,340.3,Diesel,49.75,26.15,2879.5,1300.96,4180.46,0,False,Entregada,Entrega realizada en tiempo,1
1506,13,30,25,48,2026-03-28,10:38:00,2026-03-28,16:15:00,2026-03-28,17:01:00,0.36,61,149.74,Diesel,12.86,26.33,1772.7,338.6,2111.3,46,True,Tardía,Tráfico alto,0
1507,58,14,40,27,2026-01-25,05:43:00,2026-01-25,16:09:00,2026-01-25,16:09:00,12.94,17,331.4,Diesel,35.71,26.03,3587.0,929.53,4516.53,0,False,Entregada,Entrega realizada en tiempo,1
1508,4,33,29,5,2026-05-09,09:29:00,2026-05-09,17:21:00,2026-05-09,17:21:00,2.58,36,339.92,Diesel,43.36,25.16,2745.6,1090.94,3836.54,0,False,Entregada,Entrega realizada en tiempo,1
1509,69,4,17,38,2026-01-31,19:31:00,2026-01-31,08:59:00,2026-02-01,08:59:00,0.21,23,416.47,Gasolina,69.99,23.88,2787.35,1671.36,4458.71,0,False,Entregada,Entrega realizada en tiempo,1
1510,21,3,19,39,2026-03-26,16:07:00,2026-03-26,10:00:00,2026-03-27,10:00:00,15.17,20,456.05,Diesel,97.86,24.23,4457.25,2371.15,6828.4,0,False,Entregada,Entrega realizada en tiempo,1
1511,62,32,16,1,2026-04-10,09:49:00,2026-04-10,16:08:00,2026-04-10,16:35:00,0.2,49,197.91,Gasolina,17.93,24.02,1901.55,430.68,2332.23,27,True,Tardía,Hora pico,0
1512,88,38,55,32,2026-02-28,17:51:00,2026-02-28,02:01:00,2026-03-01,02:24:00,0.85,15,250.22,Gasolina,21.26,25.22,1956.1,536.18,2492.28,23,True,Tardía,Hora pico,0
1513,78,37,2,29,2026-05-08,14:50:00,2026-05-08,19:58:00,2026-05-08,20:45:00,0.51,56,137.82,Diesel,14.69,25.9,1688.1,380.47,2068.57,47,True,Tardía,Tráfico alto,0
1514,14,27,31,3,2026-03-13,16:35:00,2026-03-13,04:05:00,2026-03-14,04:30:00,15.95,55,419.52,Diesel,53.92,26.63,4632.6,1435.89,6068.49,25,True,Tardía,Distancia larga,1
1515,86,23,31,26,2026-05-10,10:58:00,2026-05-10,23:11:00,2026-05-10,23:33:00,1.38,18,378.7,Gasolina,69.36,24.71,2675.5,1713.89,4389.39,22,True,Tardía,Distancia larga,1
1516,86,13,29,43,2026-05-20,14:35:00,2026-05-20,06:02:00,2026-05-21,06:02:00,1.12,34,413.28,Gasolina,33.71,25.91,2950.4,873.43,3823.83,0,False,Entregada,Entrega realizada en tiempo,1
1517,85,12,38,27,2026-01-30,20:02:00,2026-01-30,06:28:00,2026-01-31,06:28:00,0.77,30,325.2,Gasolina,46.52,23.9,2443.0,1111.83,3554.83,0,False,Entregada,Entrega realizada en tiempo,1
1518,96,26,1,24,2026-01-16,19:50:00,2026-01-16,04:27:00,2026-01-17,05:08:00,0.64,2,295.53,Gasolina,42.16,24.59,2057.65,1036.71,3094.36,41,True,Tardía,Hora pico,0
1519,39,9,21,16,2026-08-09,18:51:00,2026-08-09,23:57:00,2026-08-10,00:42:00,0.37,28,187.01,Gasolina,15.29,24.44,1696.05,373.69,2069.74,45,True,Tardía,Hora pico,0
1520,13,12,25,36,2026-06-12,20:54:00,2026-06-12,14:15:00,2026-06-13,14:38:00,0.84,10,480.27,Gasolina,68.71,25.58,3065.35,1757.6,4822.95,23,True,Tardía,Distancia larga,1
1521,9,31,33,5,2026-05-25,09:15:00,2026-05-25,17:07:00,2026-05-25,17:07:00,1.32,53,332.97,Diesel,47.3,25.09,2720.85,1186.76,3907.61,0,False,Entregada,Entrega realizada en tiempo,1
1522,29,17,27,4,2026-07-12,16:02:00,2026-07-12,17:20:00,2026-07-12,17:20:00,6.26,42,42.33,Diesel,7.52,24.08,1673.65,181.08,1854.73,0,False,Entregada,Entrega realizada en tiempo,0
1523,86,24,26,29,2026-06-05,10:47:00,2026-06-05,15:55:00,2026-06-05,15:55:00,1.47,17,134.47,Diesel,12.6,26.85,1455.35,338.31,1793.66,0,False,Entregada,Entrega realizada en tiempo,0
1524,66,27,42,49,2026-06-12,09:15:00,2026-06-12,01:03:00,2026-06-13,01:03:00,4.42,77,410.43,Diesel,52.75,25.49,3610.15,1344.6,4954.75,0,False,Entregada,Entrega realizada en tiempo,1
1525,10,28,39,2,2026-04-17,07:35:00,2026-04-17,14:13:00,2026-04-17,14:13:00,0.78,11,251.43,Diesel,36.87,26.33,1923.15,970.79,2893.94,0,False,Entregada,Entrega realizada en tiempo,0
1526,99,3,24,18,2026-04-11,11:29:00,2026-04-11,02:44:00,2026-04-12,02:44:00,4.77,44,406.57,Diesel,87.25,25.61,3361.85,2234.47,5596.32,0,False,Entregada,Entrega realizada en tiempo,1
1527,42,20,55,31,2026-05-11,18:24:00,2026-05-11,05:32:00,2026-05-12,05:32:00,0.55,76,289.35,Gasolina,39.26,25.77,2609.75,1011.73,3621.48,0,False,Entregada,Entrega realizada en tiempo,1
1528,78,39,43,37,2026-02-05,18:21:00,2026-02-05,22:52:00,2026-02-05,22:52:00,0.64,12,202.74,Gasolina,16.36,25.93,1673.7,424.21,2097.91,0,False,Entregada,Entrega realizada en tiempo,0
1529,69,34,40,41,2026-01-17,11:40:00,2026-01-17,23:21:00,2026-01-17,23:21:00,8.19,35,381.2,Diesel,31.66,26.62,3505.0,842.79,4347.79,0,False,Entregada,Entrega realizada en tiempo,1
1530,77,33,15,21,2026-03-24,10:36:00,2026-03-24,11:14:00,2026-03-24,11:14:00,0.48,25,26.09,Diesel,3.33,24.92,878.45,82.98,961.43,0,False,Entregada,Entrega realizada en tiempo,0
1531,43,34,44,27,2026-03-13,11:38:00,2026-03-13,22:04:00,2026-03-13,22:04:00,6.23,55,337.4,Diesel,28.02,24.57,3250.0,688.45,3938.45,0,False,Entregada,Entrega realizada en tiempo,1
1532,79,9,52,50,2026-06-26,12:12:00,2026-06-26,21:13:00,2026-06-26,21:13:00,0.78,47,261.39,Gasolina,21.37,24.66,2260.95,526.98,2787.93,0,False,Entregada,Entrega realizada en tiempo,0
1533,27,30,38,34,2026-02-14,08:46:00,2026-02-14,12:20:00,2026-02-14,12:20:00,0.82,38,153.18,Diesel,13.16,24.62,1651.9,324.0,1975.9,0,False,Entregada,Entrega realizada en tiempo,0
1534,82,22,12,42,2026-07-27,18:23:00,2026-07-27,21:34:00,2026-07-27,21:34:00,2.7,32,105.68,Diesel,10.22,26.15,1554.4,267.25,1821.65,0,False,Entregada,Entrega realizada en tiempo,0
1535,73,30,35,22,2026-02-07,11:38:00,2026-02-07,12:14:00,2026-02-07,12:14:00,1.65,10,22.51,Diesel,1.93,26.9,857.55,51.92,909.47,0,False,Entregada,Entrega realizada en tiempo,0
1536,71,26,1,5,2026-02-18,11:59:00,2026-02-18,19:51:00,2026-02-18,19:51:00,0.36,64,307.67,Gasolina,43.89,25.97,2586.35,1139.82,3726.17,0,False,Entregada,Entrega realizada en tiempo,1
1537,75,18,33,37,2026-04-18,09:17:00,2026-04-18,13:48:00,2026-04-18,13:48:00,2.9,7,178.05,Diesel,16.67,25.88,1736.25,431.42,2167.67,0,False,Entregada,Entrega realizada en tiempo,0
1538,63,39,7,31,2026-04-22,15:20:00,2026-04-22,02:28:00,2026-04-23,03:02:00,0.81,16,292.24,Gasolina,23.59,25.28,2170.2,596.36,2766.56,34,True,Tardía,Tráfico alto,0
1539,7,3,55,5,2026-03-13,08:35:00,2026-03-13,16:27:00,2026-03-13,17:09:00,15.17,69,346.53,Diesel,74.36,24.12,4301.65,1793.56,6095.21,42,True,Tardía,"Hora pico, Distancia larga",1
1540,85,37,4,1,2026-01-29,13:39:00,2026-01-29,19:58:00,2026-01-29,19:58:00,3.84,36,196.35,Diesel,20.93,24.72,2153.75,517.39,2671.14,0,False,Entregada,Entrega realizada en tiempo,0
1541,29,40,39,37,2026-07-12,11:59:00,2026-07-12,16:30:00,2026-07-12,16:30:00,2.43,71,173.38,Diesel,27.09,24.71,2177.9,669.39,2847.29,0,False,Entregada,Entrega realizada en tiempo,0
1542,3,36,38,21,2026-07-15,10:10:00,2026-07-15,10:48:00,2026-07-15,10:48:00,5.27,50,24.52,Diesel,2.89,25.85,1549.6,74.71,1624.31,0,False,Entregada,Entrega realizada en tiempo,0
1543,21,6,37,48,2026-06-07,11:51:00,2026-06-07,17:28:00,2026-06-07,18:08:00,5.16,63,139.84,Diesel,20.44,24.66,2219.2,504.05,2723.25,40,True,Tardía,Tráfico alto,0
1544,59,40,11,12,2026-02-26,11:06:00,2026-02-26,23:49:00,2026-02-27,00:26:00,3.28,1,355.34,Diesel,55.52,25.74,2612.7,1429.08,4041.78,37,True,Tardía,Distancia larga,1
1545,77,25,29,14,2026-03-01,08:54:00,2026-03-01,11:17:00,2026-03-01,11:17:00,9.76,11,59.95,Diesel,12.76,25.33,1863.75,323.21,2186.96,0,False,Entregada,Entrega realizada en tiempo,0
1546,20,25,55,40,2026-07-12,15:01:00,2026-07-12,02:35:00,2026-07-13,02:35:00,6.26,70,370.47,Diesel,78.82,24.62,3538.35,1940.55,5478.9,0,False,Entregada,Entrega realizada en tiempo,1
1547,87,32,28,34,2026-03-29,13:01:00,2026-03-29,16:35:00,2026-03-29,16:35:00,0.74,64,142.79,Gasolina,12.93,24.16,1799.95,312.39,2112.34,0,False,Entregada,Entrega realizada en tiempo,0
1548,57,39,14,24,2026-02-06,07:38:00,2026-02-06,16:15:00,2026-02-06,17:09:00,1.12,49,338.67,Gasolina,27.33,24.06,2697.35,657.56,3354.91,54,True,Tardía,"Hora pico, Distancia larga, Carga pesada",1
1549,36,16,46,19,2026-03-01,15:38:00,2026-03-01,23:27:00,2026-03-01,23:27:00,0.53,61,334.62,Gasolina,30.06,25.06,2714.1,753.3,3467.4,0,False,Entregada,Entrega realizada en tiempo,0
1550,73,16,42,45,2026-01-17,17:45:00,2026-01-17,05:56:00,2026-01-18,06:55:00,1.2,3,497.01,Gasolina,44.65,24.47,3129.05,1092.59,4221.64,59,True,Tardía,"Hora pico, Distancia larga, Carga pesada",1
1551,93,29,59,28,2026-01-23,16:16:00,2026-01-23,21:30:00,2026-01-23,21:30:00,1.57,45,178.08,Diesel,18.61,25.1,1907.4,467.11,2374.51,0,False,Entregada,Entrega realizada en tiempo,0
1552,34,31,11,11,2026-02-26,19:38:00,2026-02-26,00:20:00,2026-02-27,00:20:00,1.05,68,126.13,Diesel,17.92,26.54,1779.65,475.6,2255.25,0,False,Entregada,Entrega realizada en tiempo,0
1553,49,24,4,49,2026-02-28,07:45:00,2026-02-28,23:33:00,2026-03-01,00:19:00,0.41,21,451.68,Diesel,42.33,24.24,2967.4,1026.08,3993.48,46,True,Tardía,"Hora pico, Distancia larga",1
1554,33,29,10,19,2026-02-06,16:17:00,2026-02-06,00:06:00,2026-02-07,00:35:00,0.73,24,325.57,Diesel,34.02,25.56,2392.85,869.55,3262.4,29,True,Tardía,Distancia larga,1
1555,30,6,40,4,2026-05-27,09:18:00,2026-05-27,10:36:00,2026-05-27,10:36:00,9.45,71,42.09,Diesel,6.15,25.27,2223.45,155.41,2378.86,0,False,Entregada,Entrega realizada en tiempo,0
1556,22,16,2,13,2026-06-04,07:04:00,2026-06-04,14:15:00,2026-06-04,14:58:00,1.2,13,247.33,Gasolina,22.22,25.34,1960.65,563.05,2523.7,43,True,Tardía,"Hora pico, Carga pesada",0
1557,71,24,47,12,2026-02-09,20:59:00,2026-02-09,09:42:00,2026-02-10,10:07:00,0.29,24,383.38,Diesel,35.93,26.57,2637.9,954.66,3592.56,25,True,Tardía,Distancia larga,1
1558,99,18,33,2,2026-05-09,19:57:00,2026-05-09,02:35:00,2026-05-10,02:35:00,0.71,8,238.98,Diesel,22.38,24.5,1829.9,548.31,2378.21,0,False,Entregada,Entrega realizada en tiempo,0
1559,61,10,55,9,2026-03-03,14:36:00,2026-03-03,19:04:00,2026-03-03,19:04:00,0.68,36,184.45,Gasolina,18.5,24.36,1778.25,450.66,2228.91,0,False,Entregada,Entrega realizada en tiempo,0
1560,91,8,46,16,2026-02-11,06:04:00,2026-02-11,11:10:00,2026-02-11,11:10:00,12.94,49,167.86,Diesel,17.93,24.86,3025.3,445.74,3471.04,0,False,Entregada,Entrega realizada en tiempo,0
1561,68,32,44,49,2026-04-12,20:34:00,2026-04-12,12:22:00,2026-04-13,12:22:00,0.73,52,391.43,Gasolina,35.46,24.4,2946.15,865.22,3811.37,0,False,Entregada,Entrega realizada en tiempo,1
1562,83,34,23,39,2026-05-28,15:48:00,2026-05-28,09:41:00,2026-05-29,09:41:00,0.43,33,480.48,Diesel,39.91,25.22,3209.4,1006.53,4215.93,0,False,Entregada,Entrega realizada en tiempo,1
1563,65,32,9,3,2026-02-22,07:38:00,2026-02-22,19:08:00,2026-02-22,19:08:00,0.71,48,418.03,Gasolina,37.87,23.35,3045.15,884.26,3929.41,0,False,Entregada,Entrega realizada en tiempo,1
1564,53,25,25,20,2026-04-06,05:20:00,2026-04-06,19:36:00,2026-04-06,19:57:00,0.62,63,454.1,Diesel,96.62,25.31,3336.5,2445.45,5781.95,21,True,Tardía,Distancia larga,1
1565,82,10,29,38,2026-07-22,08:41:00,2026-07-22,22:09:00,2026-07-22,23:04:00,1.02,39,445.45,Gasolina,44.68,23.76,3141.25,1061.6,4202.85,55,True,Tardía,"Tráfico alto, Hora pico, Distancia larga",1
1566,52,30,46,30,2026-04-06,09:29:00,2026-04-06,17:01:00,2026-04-06,17:01:00,1.62,17,212.26,Diesel,18.24,24.15,1859.3,440.5,2299.8,0,False,Entregada,Entrega realizada en tiempo,0
1567,19,7,19,24,2026-01-14,14:29:00,2026-01-14,23:06:00,2026-01-14,23:06:00,3.33,50,320.22,Diesel,52.5,26.62,2834.1,1397.55,4231.65,0,False,Entregada,Entrega realizada en tiempo,1
1568,10,39,19,23,2026-07-30,19:35:00,2026-07-30,04:56:00,2026-07-31,05:38:00,1.22,62,281.9,Gasolina,22.75,23.99,2527.5,545.77,3073.27,42,True,Tardía,"Hora pico, Carga pesada",0
1569,40,33,11,1,2026-01-26,08:47:00,2026-01-26,15:06:00,2026-01-26,15:37:00,1.8,72,194.45,Diesel,24.8,24.66,2228.25,611.57,2839.82,31,True,Tardía,Hora pico,0
1570,67,24,2,29,2026-04-14,13:51:00,2026-04-14,18:59:00,2026-04-14,18:59:00,1.05,79,124.39,Diesel,11.66,25.87,1858.95,301.64,2160.59,0,False,Entregada,Entrega realizada en tiempo,0
1571,37,24,4,34,2026-05-30,08:56:00,2026-05-30,12:30:00,2026-05-30,12:30:00,1.51,57,159.82,Diesel,14.98,25.3,1906.1,378.99,2285.09,0,False,Entregada,Entrega realizada en tiempo,0
1572,66,3,43,50,2026-05-21,19:04:00,2026-05-21,04:05:00,2026-05-22,04:05:00,21.22,20,239.98,Diesel,51.5,25.13,3981.9,1294.19,5276.09,0,False,Entregada,Entrega realizada en tiempo,1
1573,85,29,47,47,2026-06-12,11:09:00,2026-06-12,21:07:00,2026-06-12,21:07:00,1.06,19,319.6,Diesel,33.4,24.59,2356.0,821.31,3177.31,0,False,Entregada,Entrega realizada en tiempo,0
1574,79,25,18,26,2026-02-26,06:02:00,2026-02-26,18:15:00,2026-02-26,18:51:00,11.03,39,390.85,Diesel,83.16,25.71,3869.25,2138.04,6007.29,36,True,Tardía,"Distancia larga, Carga pesada",1
1575,54,10,28,36,2026-05-26,11:58:00,2026-05-26,05:19:00,2026-05-27,05:41:00,1.06,27,471.46,Gasolina,47.29,25.58,3179.3,1209.68,4388.98,22,True,Tardía,Distancia larga,1
1576,34,31,51,5,2026-02-26,17:58:00,2026-02-26,01:50:00,2026-02-27,01:50:00,1.26,22,332.72,Diesel,47.26,25.48,2465.6,1204.18,3669.78,0,False,Entregada,Entrega realizada en tiempo,1
1577,11,30,52,22,2026-06-07,14:54:00,2026-06-07,15:30:00,2026-06-07,15:30:00,0.32,61,23.09,Diesel,1.98,24.77,1135.45,49.04,1184.49,0,False,Entregada,Entrega realizada en tiempo,0
1578,72,36,57,48,2026-03-26,13:33:00,2026-03-26,19:10:00,2026-03-26,19:10:00,5.1,20,158.74,Diesel,18.72,26.51,1963.7,496.27,2459.97,0,False,Entregada,Entrega realizada en tiempo,0
1579,76,34,44,18,2026-07-26,10:14:00,2026-07-26,01:29:00,2026-07-27,01:29:00,6.08,3,456.99,Diesel,37.96,24.82,3416.95,942.17,4359.12,0,False,Entregada,Entrega realizada en tiempo,1
1580,66,20,32,47,2026-04-14,06:37:00,2026-04-14,16:35:00,2026-04-14,16:35:00,0.44,39,338.2,Gasolina,45.89,23.77,2547.0,1090.81,3637.81,0,False,Entregada,Entrega realizada en tiempo,1
1581,19,36,15,15,2026-08-14,10:29:00,2026-08-14,00:57:00,2026-08-15,00:57:00,5.21,20,443.59,Diesel,52.31,26.09,3398.95,1364.77,4763.72,0,False,Entregada,Entrega realizada en tiempo,1
1582,65,24,27,48,2026-04-13,16:36:00,2026-04-13,22:13:00,2026-04-13,22:45:00,1.62,43,146.98,Diesel,13.78,25.87,1740.9,356.49,2097.39,32,True,Tardía,Tráfico alto,0
1583,85,5,50,21,2026-01-15,16:25:00,2026-01-15,17:03:00,2026-01-15,17:28:00,1.67,56,25.8,Diesel,3.24,26.94,1244.0,87.29,1331.29,25,True,Tardía,Incidencia operativa,0
1584,43,24,8,20,2026-03-02,18:56:00,2026-03-02,09:12:00,2026-03-03,09:12:00,1.51,63,400.64,Diesel,37.55,25.19,3158.2,945.88,4104.08,0,False,Entregada,Entrega realizada en tiempo,1
1585,28,26,28,16,2026-03-15,10:39:00,2026-03-15,15:45:00,2026-03-15,15:45:00,0.62,22,172.58,Gasolina,24.62,24.79,1600.9,610.33,2211.23,0,False,Entregada,Entrega realizada en tiempo,0
1586,76,25,55,6,2026-01-26,07:05:00,2026-01-26,13:59:00,2026-01-26,14:54:00,7.46,2,268.42,Diesel,57.11,26.8,2604.1,1530.55,4134.65,55,True,Tardía,"Tráfico alto, Hora pico",1
1587,90,10,4,1,2026-05-01,09:02:00,2026-05-01,15:21:00,2026-05-01,15:58:00,0.43,18,169.92,Gasolina,17.04,25.0,1536.6,426.0,1962.6,37,True,Tardía,Hora pico,0
1588,12,3,11,20,2026-03-26,08:02:00,2026-03-26,22:18:00,2026-03-26,22:58:00,17.82,75,435.61,Diesel,93.48,26.46,5060.05,2473.48,7533.53,40,True,Tardía,"Hora pico, Distancia larga",1
1589,25,11,58,26,2026-07-30,18:06:00,2026-07-30,06:19:00,2026-07-31,06:19:00,5.94,35,381.1,Diesel,79.73,25.85,3279.5,2061.02,5340.52,0,False,Entregada,Entrega realizada en tiempo,1
1590,68,5,54,40,2026-03-14,08:04:00,2026-03-14,19:38:00,2026-03-14,19:38:00,7.77,60,441.79,Diesel,55.5,24.78,3965.95,1375.29,5341.24,0,False,Entregada,Entrega realizada en tiempo,1
1591,83,33,7,32,2026-06-05,10:44:00,2026-06-05,18:54:00,2026-06-05,19:14:00,2.14,37,247.39,Diesel,31.55,26.0,2246.95,820.3,3067.25,20,True,Tardía,Incidencia operativa,0
1592,89,31,52,29,2026-04-02,19:19:00,2026-04-02,00:27:00,2026-04-03,00:27:00,0.8,38,122.51,Diesel,17.4,26.44,1496.55,460.06,1956.61,0,False,Entregada,Entrega realizada en tiempo,0
1593,54,16,51,20,2026-06-20,13:13:00,2026-06-20,03:29:00,2026-06-21,03:29:00,0.78,31,408.58,Gasolina,36.71,25.11,2868.9,921.79,3790.69,0,False,Entregada,Entrega realizada en tiempo,1
1594,5,6,4,38,2026-08-13,08:09:00,2026-08-13,21:37:00,2026-08-13,21:37:00,10.76,14,447.11,Diesel,65.37,24.38,3923.55,1593.72,5517.27,0,False,Entregada,Entrega realizada en tiempo,1
1595,93,5,19,50,2026-03-27,13:37:00,2026-03-27,22:38:00,2026-03-27,22:38:00,5.79,31,240.6,Diesel,30.23,25.31,2530.0,765.12,3295.12,0,False,Entregada,Entrega realizada en tiempo,0
1596,16,36,47,38,2026-03-19,09:57:00,2026-03-19,23:25:00,2026-03-19,23:25:00,0.58,61,400.88,Diesel,47.27,25.09,3050.4,1186.0,4236.4,0,False,Entregada,Entrega realizada en tiempo,1
1597,51,13,23,5,2026-01-13,06:53:00,2026-01-13,14:45:00,2026-01-13,14:45:00,0.96,33,301.05,Gasolina,24.56,25.44,2365.25,624.81,2990.06,0,False,Entregada,Entrega realizada en tiempo,0
1598,60,26,51,46,2026-08-09,13:28:00,2026-08-09,04:18:00,2026-08-10,04:18:00,0.56,18,447.4,Gasolina,63.82,25.24,2937.0,1610.82,4547.82,0,False,Entregada,Entrega realizada en tiempo,1
1599,91,28,43,21,2026-07-12,09:00:00,2026-07-12,09:38:00,2026-07-12,09:38:00,0.92,22,25.91,Diesel,3.8,25.25,897.55,95.95,993.5,0,False,Entregada,Entrega realizada en tiempo,0
1600,63,22,10,3,2026-08-15,08:15:00,2026-08-15,19:45:00,2026-08-15,19:45:00,2.2,66,425.67,Diesel,41.17,26.87,3376.35,1106.24,4482.59,0,False,Entregada,Entrega realizada en tiempo,1
1601,26,12,27,3,2026-07-17,05:40:00,2026-07-17,17:10:00,2026-07-17,17:10:00,0.96,47,375.13,Gasolina,53.67,25.4,2847.65,1363.22,4210.87,0,False,Entregada,Entrega realizada en tiempo,1
1602,48,22,1,7,2026-05-04,19:12:00,2026-05-04,03:29:00,2026-05-05,04:34:00,7.18,28,299.59,Diesel,28.97,25.17,2939.95,729.17,3669.12,65,True,Tardía,"Tráfico alto, Hora pico",1
1603,68,38,40,40,2026-02-20,16:49:00,2026-02-20,04:23:00,2026-02-21,04:23:00,0.88,6,444.59,Gasolina,37.77,25.16,2858.95,950.29,3809.24,0,False,Entregada,Entrega realizada en tiempo,1
1604,71,19,35,49,2026-04-27,06:18:00,2026-04-27,22:06:00,2026-04-27,22:41:00,0.42,43,443.7,Diesel,43.71,25.42,3104.5,1111.11,4215.61,35,True,Tardía,Distancia larga,1
1605,54,30,59,39,2026-05-27,10:59:00,2026-05-27,04:52:00,2026-05-28,04:52:00,1.62,41,498.69,Diesel,42.84,24.67,3483.45,1056.86,4540.31,0,False,Entregada,Entrega realizada en tiempo,1
1606,34,20,58,42,2026-08-07,06:52:00,2026-08-07,10:03:00,2026-08-07,10:03:00,0.87,30,103.98,Gasolina,14.11,24.74,1346.9,349.08,1695.98,0,False,Entregada,Entrega realizada en tiempo,0
1607,51,17,1,34,2026-02-28,06:14:00,2026-02-28,09:48:00,2026-02-28,09:48:00,0.78,58,143.13,Diesel,25.42,24.01,1757.65,610.33,2367.98,0,False,Entregada,Entrega realizada en tiempo,0
1608,7,5,52,18,2026-05-18,20:26:00,2026-05-18,11:41:00,2026-05-19,11:41:00,0.83,3,459.69,Diesel,57.75,26.86,2905.45,1551.16,4456.61,0,False,Entregada,Entrega realizada en tiempo,1
1609,99,20,50,39,2026-06-19,06:31:00,2026-06-19,00:24:00,2026-06-20,00:24:00,1.38,75,488.16,Gasolina,66.24,24.98,3678.8,1654.68,5333.48,0,False,Entregada,Entrega realizada en tiempo,1
1610,37,8,55,16,2026-04-10,20:46:00,2026-04-10,01:52:00,2026-04-11,02:30:00,21.3,43,160.31,Diesel,17.13,24.04,3775.55,411.81,4187.36,38,True,Tardía,Carga pesada,1
1611,55,6,22,42,2026-03-04,18:01:00,2026-03-04,21:12:00,2026-03-04,21:40:00,4.62,13,89.56,Diesel,13.09,25.97,1513.8,339.95,1853.75,28,True,Tardía,Hora pico,0
1612,86,17,27,11,2026-04-20,09:46:00,2026-04-20,14:28:00,2026-04-20,14:28:00,2.15,21,130.37,Diesel,23.16,26.3,1534.85,609.11,2143.96,0,False,Entregada,Entrega realizada en tiempo,0
1613,37,20,35,45,2026-05-21,07:04:00,2026-05-21,19:15:00,2026-05-21,19:15:00,0.88,20,447.37,Gasolina,60.7,25.56,2984.85,1551.49,4536.34,0,False,Entregada,Entrega realizada en tiempo,1
1614,1,16,5,50,2026-07-17,11:11:00,2026-07-17,20:12:00,2026-07-17,20:12:00,0.3,15,231.76,Gasolina,20.82,24.01,1808.8,499.89,2308.69,0,False,Entregada,Entrega realizada en tiempo,0
1615,65,35,30,33,2026-02-01,18:42:00,2026-02-01,22:33:00,2026-02-01,23:01:00,0.37,79,118.98,Gasolina,16.06,25.37,1763.9,407.44,2171.34,28,True,Tardía,Hora pico,0
1616,46,12,25,13,2026-05-20,11:46:00,2026-05-20,18:57:00,2026-05-20,18:57:00,0.85,3,283.32,Gasolina,40.53,24.86,2025.6,1007.58,3033.18,0,False,Entregada,Entrega realizada en tiempo,0
1617,99,6,5,11,2026-02-07,13:10:00,2026-02-07,17:52:00,2026-02-07,17:52:00,5.24,67,131.65,Diesel,19.25,25.6,2218.25,492.8,2711.05,0,False,Entregada,Entrega realizada en tiempo,0
1618,62,23,2,22,2026-08-07,15:50:00,2026-08-07,16:26:00,2026-08-07,16:26:00,1.45,56,22.52,Gasolina,4.12,24.54,1205.6,101.1,1306.7,0,False,Entregada,Entrega realizada en tiempo,0
1619,52,14,11,13,2026-06-08,18:49:00,2026-06-08,02:00:00,2026-06-09,02:00:00,8.41,76,246.88,Diesel,26.6,24.2,3183.4,643.72,3827.12,0,False,Entregada,Entrega realizada en tiempo,1
1620,96,15,54,43,2026-07-19,18:35:00,2026-07-19,10:02:00,2026-07-20,10:02:00,0.71,59,423.1,Diesel,87.06,25.93,3158.5,2257.47,5415.97,0,False,Entregada,Entrega realizada en tiempo,1
1621,26,3,3,29,2026-02-18,05:36:00,2026-02-18,10:44:00,2026-02-18,11:35:00,8.24,46,135.51,Diesel,29.08,25.02,2369.55,727.58,3097.13,51,True,Tardía,Tráfico alto,0
1622,96,1,21,30,2026-01-22,08:53:00,2026-01-22,16:25:00,2026-01-22,16:25:00,0.29,13,187.54,Gasolina,18.1,24.68,1570.7,446.71,2017.41,0,False,Entregada,Entrega realizada en tiempo,0
1623,15,38,9,31,2026-05-07,20:35:00,2026-05-07,07:43:00,2026-05-08,08:24:00,0.88,44,285.38,Gasolina,24.25,23.95,2366.9,580.79,2947.69,41,True,Tardía,Tráfico alto,0
1624,40,35,53,28,2026-03-17,06:54:00,2026-03-17,12:08:00,2026-03-17,12:27:00,0.59,14,200.02,Gasolina,26.99,24.99,1671.1,674.48,2345.58,19,True,Tardía,Incidencia operativa,0
1625,18,17,53,25,2026-02-09,11:21:00,2026-02-09,20:47:00,2026-02-09,20:47:00,1.64,53,315.33,Diesel,56.01,26.93,2664.65,1508.35,4173.0,0,False,Entregada,Entrega realizada en tiempo,1
1626,47,5,32,20,2026-07-09,12:26:00,2026-07-09,02:42:00,2026-07-10,03:16:00,4.77,3,410.64,Diesel,51.59,24.55,3054.2,1266.53,4320.73,34,True,Tardía,Distancia larga,1
1627,12,9,60,34,2026-06-04,08:23:00,2026-06-04,11:57:00,2026-06-04,12:30:00,0.69,15,156.32,Gasolina,12.78,23.95,1470.6,306.08,1776.68,33,True,Tardía,Hora pico,0
1628,16,12,37,14,2026-05-30,07:14:00,2026-05-30,09:37:00,2026-05-30,10:26:00,0.32,7,64.0,Gasolina,9.16,25.74,908.0,235.78,1143.78,49,True,Tardía,Hora pico,0
1629,11,36,60,37,2026-08-11,20:19:00,2026-08-11,00:50:00,2026-08-12,00:50:00,3.87,71,175.37,Diesel,20.68,24.3,2331.85,502.52,2834.37,0,False,Entregada,Entrega realizada en tiempo,0
1630,52,3,20,27,2026-01-24,13:17:00,2026-01-24,23:43:00,2026-01-25,00:01:00,14.31,7,304.2,Diesel,65.28,24.32,3508.0,1587.61,5095.61,18,True,Tardía,Distancia larga,1
1631,62,3,31,24,2026-04-14,20:06:00,2026-04-14,04:43:00,2026-04-15,05:10:00,11.23,34,290.26,Diesel,62.29,26.69,3346.3,1662.52,5008.82,27,True,Tardía,Incidencia operativa,1
1632,32,6,22,11,2026-02-17,08:40:00,2026-02-17,13:22:00,2026-02-17,13:22:00,5.47,3,132.39,Diesel,19.36,26.19,1732.95,507.04,2239.99,0,False,Entregada,Entrega realizada en tiempo,0
1633,17,11,48,44,2026-05-11,10:26:00,2026-05-11,12:36:00,2026-05-11,12:36:00,6.95,1,59.4,Diesel,12.43,26.63,1500.0,331.01,1831.01,0,False,Entregada,Entrega realizada en tiempo,0
1634,74,13,32,36,2026-03-02,06:27:00,2026-03-02,23:48:00,2026-03-02,23:48:00,0.95,28,442.09,Gasolina,36.06,24.17,3029.45,871.57,3901.02,0,False,Entregada,Entrega realizada en tiempo,1
1635,68,19,23,9,2026-04-14,16:58:00,2026-04-14,21:26:00,2026-04-14,21:26:00,5.59,75,177.47,Diesel,17.48,24.75,2546.35,432.63,2978.98,0,False,Entregada,Entrega realizada en tiempo,0
1636,16,27,17,42,2026-06-04,18:00:00,2026-06-04,21:11:00,2026-06-04,21:11:00,18.2,15,102.67,Diesel,13.2,24.57,2953.35,324.32,3277.67,0,False,Entregada,Entrega realizada en tiempo,0
1637,33,9,37,12,2026-07-28,08:42:00,2026-07-28,21:25:00,2026-07-28,22:05:00,0.95,32,376.15,Gasolina,30.76,25.19,2731.75,774.84,3506.59,40,True,Tardía,"Hora pico, Distancia larga, Carga pesada",1
1638,88,26,9,14,2026-03-12,08:36:00,2026-03-12,10:59:00,2026-03-12,10:59:00,0.52,1,67.11,Gasolina,9.57,25.15,895.55,240.69,1136.24,0,False,Entregada,Entrega realizada en tiempo,0
1639,90,1,27,7,2026-03-29,09:28:00,2026-03-29,17:45:00,2026-03-29,19:10:00,1.65,19,335.46,Gasolina,32.38,24.14,2494.3,781.65,3275.95,85,True,Tardía,"Tráfico alto, Hora pico, Distancia larga, Carga pesada",1
1640,67,18,29,43,2026-02-21,08:13:00,2026-02-21,23:40:00,2026-02-21,23:40:00,1.64,50,417.92,Diesel,39.13,26.61,3153.6,1041.25,4194.85,0,False,Entregada,Entrega realizada en tiempo,1
1641,85,16,32,32,2026-03-12,16:03:00,2026-03-12,00:13:00,2026-03-13,00:37:00,0.69,33,259.35,Gasolina,23.3,23.48,2129.75,547.08,2676.83,24,True,Tardía,Incidencia operativa,0
1642,8,30,34,19,2026-02-22,16:07:00,2026-02-22,23:56:00,2026-02-23,00:24:00,1.32,37,309.88,Diesel,26.62,25.28,2477.4,672.95,3150.35,28,True,Tardía,Distancia larga,0
1643,2,31,51,49,2026-05-16,07:37:00,2026-05-16,23:25:00,2026-05-17,00:34:00,1.44,59,401.59,Diesel,57.04,26.07,3123.95,1487.03,4610.98,69,True,Tardía,"Hora pico, Distancia larga, Carga pesada",1
1644,36,31,25,18,2026-02-11,18:14:00,2026-02-11,09:29:00,2026-02-12,09:29:00,1.47,57,414.04,Diesel,58.81,24.05,3173.2,1414.38,4587.58,0,False,Entregada,Entrega realizada en tiempo,1
1645,31,32,25,15,2026-05-22,19:41:00,2026-05-22,10:09:00,2026-05-23,11:04:00,0.47,19,423.79,Gasolina,38.39,25.07,2817.95,962.44,3780.39,55,True,Tardía,"Hora pico, Distancia larga",1
1646,35,34,52,20,2026-07-11,15:01:00,2026-07-11,05:17:00,2026-07-12,05:17:00,12.22,9,396.3,Diesel,32.92,26.65,3775.5,877.32,4652.82,0,False,Entregada,Entrega realizada en tiempo,1
1647,31,19,17,16,2026-07-13,20:54:00,2026-07-13,02:00:00,2026-07-14,02:00:00,1.66,79,189.04,Diesel,18.62,26.77,2243.2,498.46,2741.66,0,False,Entregada,Entrega realizada en tiempo,0
1648,24,32,34,1,2026-02-08,05:20:00,2026-02-08,11:39:00,2026-02-08,11:39:00,0.34,71,189.47,Gasolina,17.16,24.02,2049.35,412.18,2461.53,0,False,Entregada,Entrega realizada en tiempo,0
1649,62,13,12,7,2026-07-07,12:46:00,2026-07-07,21:03:00,2026-07-07,22:00:00,1.23,55,311.67,Gasolina,25.42,24.89,2621.35,632.7,3254.05,57,True,Tardía,"Tráfico alto, Distancia larga",0
1650,86,39,37,37,2026-04-02,08:24:00,2026-04-02,12:55:00,2026-04-02,12:55:00,0.86,61,178.45,Gasolina,14.4,25.67,1966.25,369.65,2335.9,0,False,Entregada,Entrega realizada en tiempo,0
1651,42,3,55,22,2026-04-02,18:48:00,2026-04-02,19:24:00,2026-04-02,19:24:00,12.7,31,22.72,Diesel,4.88,25.48,2131.6,124.34,2255.94,0,False,Entregada,Entrega realizada en tiempo,0
1652,56,36,2,45,2026-01-20,08:36:00,2026-01-20,20:47:00,2026-01-20,21:28:00,5.0,18,436.02,Diesel,51.42,25.24,3324.1,1297.84,4621.94,41,True,Tardía,"Hora pico, Distancia larga",1
1653,95,5,7,44,2026-05-21,17:45:00,2026-05-21,19:55:00,2026-05-21,20:22:00,5.58,18,60.99,Diesel,7.66,25.11,1506.95,192.34,1699.29,27,True,Tardía,Hora pico,0
1654,5,17,1,38,2026-04-15,08:17:00,2026-04-15,21:45:00,2026-04-15,21:45:00,2.78,76,416.56,Diesel,73.99,26.68,3468.8,1974.05,5442.85,0,False,Entregada,Entrega realizada en tiempo,1
1655,12,22,60,16,2026-06-06,08:05:00,2026-06-06,13:11:00,2026-06-06,13:11:00,1.93,33,184.87,Diesel,17.88,25.61,1881.35,457.91,2339.26,0,False,Entregada,Entrega realizada en tiempo,0
1656,81,16,3,31,2026-06-26,11:34:00,2026-06-26,22:42:00,2026-06-26,22:42:00,0.49,22,330.85,Gasolina,29.73,25.09,2379.25,745.93,3125.18,0,False,Entregada,Entrega realizada en tiempo,0
1657,1,32,53,14,2026-07-23,16:56:00,2026-07-23,19:19:00,2026-07-23,19:59:00,0.99,43,63.89,Gasolina,5.79,23.69,1262.45,137.17,1399.62,40,True,Tardía,Carga pesada,0
1658,74,18,1,28,2026-06-28,14:59:00,2026-06-28,20:13:00,2026-06-28,20:13:00,0.76,46,182.56,Diesel,17.09,25.67,1856.8,438.7,2295.5,0,False,Entregada,Entrega realizada en tiempo,0
1659,22,2,48,7,2026-06-10,05:42:00,2026-06-10,13:59:00,2026-06-10,14:37:00,13.18,36,304.4,Diesel,61.37,26.2,3628.0,1607.89,5235.89,38,True,Tardía,"Tráfico alto, Distancia larga",1
1660,26,14,13,9,2026-03-17,17:03:00,2026-03-17,21:31:00,2026-03-17,21:51:00,2.59,58,176.89,Diesel,19.06,24.35,2107.45,464.11,2571.56,20,True,Tardía,Hora pico,0
1661,93,14,24,41,2026-07-13,12:53:00,2026-07-13,00:34:00,2026-07-14,01:32:00,23.39,56,428.13,Diesel,46.13,24.02,5427.65,1108.04,6535.69,58,True,Tardía,"Tráfico alto, Distancia larga, Carga pesada",1
1662,48,3,35,12,2026-06-25,16:06:00,2026-06-25,04:49:00,2026-06-26,04:49:00,4.16,11,402.81,Diesel,86.44,24.64,3018.05,2129.88,5147.93,0,False,Entregada,Entrega realizada en tiempo,1
1663,20,27,7,28,2026-02-28,09:17:00,2026-02-28,14:31:00,2026-02-28,14:31:00,6.15,67,176.99,Diesel,22.75,26.65,2535.95,606.29,3142.24,0,False,Entregada,Entrega realizada en tiempo,0
1664,68,38,58,38,2026-03-26,17:10:00,2026-03-26,06:38:00,2026-03-27,08:06:00,0.94,77,419.15,Gasolina,35.61,24.83,3305.75,884.2,4189.95,88,True,Tardía,"Tráfico alto, Hora pico, Distancia larga, Carga pesada",1
1665,57,18,21,17,2026-06-05,09:59:00,2026-06-05,23:15:00,2026-06-06,00:10:00,1.22,3,315.6,Diesel,29.55,26.78,2224.0,791.35,3015.35,55,True,Tardía,"Hora pico, Distancia larga",0
1666,75,8,51,45,2026-02-02,06:14:00,2026-02-02,18:25:00,2026-02-02,18:25:00,19.79,69,494.09,Diesel,52.79,24.34,5501.45,1284.91,6786.36,0,False,Entregada,Entrega realizada en tiempo,1
1667,62,26,59,42,2026-05-29,08:03:00,2026-05-29,11:14:00,2026-05-29,11:40:00,0.58,67,102.17,Gasolina,14.57,23.72,1604.85,345.6,1950.45,26,True,Tardía,Hora pico,0
1668,7,33,55,39,2026-05-20,07:15:00,2026-05-20,01:08:00,2026-05-21,01:08:00,0.75,69,453.81,Diesel,57.88,25.02,3396.05,1448.16,4844.21,0,False,Entregada,Entrega realizada en tiempo,1
1669,69,6,17,17,2026-03-27,20:08:00,2026-03-27,09:24:00,2026-03-28,10:00:00,4.23,23,321.78,Diesel,47.04,24.42,2715.9,1148.72,3864.62,36,True,Tardía,Distancia larga,1
1670,29,6,34,10,2026-06-09,17:04:00,2026-06-09,09:36:00,2026-06-10,09:36:00,5.77,55,473.64,Diesel,69.25,25.64,3885.2,1775.57,5660.77,0,False,Entregada,Entrega realizada en tiempo,1
1671,95,21,30,11,2026-06-24,11:54:00,2026-06-24,16:36:00,2026-06-24,16:46:00,0.26,44,132.0,Diesel,18.46,26.34,1538.0,486.24,2024.24,10,True,Tardía,Incidencia operativa,0
1672,100,2,56,47,2026-01-08,07:20:00,2026-01-08,17:18:00,2026-01-08,17:18:00,3.58,22,321.31,Diesel,64.78,26.42,2640.55,1711.49,4352.04,0,False,Entregada,Entrega realizada en tiempo,1
1673,75,6,6,45,2026-02-18,18:51:00,2026-02-18,07:02:00,2026-02-19,07:02:00,10.62,13,465.16,Diesel,68.01,26.68,3991.8,1814.51,5806.31,0,False,Entregada,Entrega realizada en tiempo,1
1674,83,24,4,41,2026-07-11,05:46:00,2026-07-11,17:27:00,2026-07-11,17:27:00,1.22,20,425.41,Diesel,39.87,24.94,2909.05,994.36,3903.41,0,False,Entregada,Entrega realizada en tiempo,1
1675,87,8,51,33,2026-06-15,12:48:00,2026-06-15,16:39:00,2026-06-15,16:39:00,3.68,38,108.88,Diesel,11.63,24.26,1716.4,282.14,1998.54,0,False,Entregada,Entrega realizada en tiempo,0
1676,19,39,43,37,2026-05-19,18:18:00,2026-05-19,22:49:00,2026-05-19,22:49:00,0.64,63,191.6,Gasolina,15.46,25.3,2026.0,391.14,2417.14,0,False,Entregada,Entrega realizada en tiempo,0
1677,20,12,53,49,2026-03-15,19:39:00,2026-03-15,11:27:00,2026-03-16,12:28:00,1.05,6,433.65,Gasolina,62.04,23.08,2821.25,1431.88,4253.13,61,True,Tardía,"Hora pico, Distancia larga, Carga pesada",1
1678,77,4,1,43,2026-03-08,10:24:00,2026-03-08,01:51:00,2026-03-09,01:51:00,0.8,45,471.36,Gasolina,79.22,23.27,3296.8,1843.45,5140.25,0,False,Entregada,Entrega realizada en tiempo,1
1679,93,34,18,34,2026-02-08,15:24:00,2026-02-08,18:58:00,2026-02-08,18:58:00,2.89,73,134.55,Diesel,11.18,25.24,2045.75,282.18,2327.93,0,False,Entregada,Entrega realizada en tiempo,0
1680,35,33,15,21,2026-04-05,06:23:00,2026-04-05,07:01:00,2026-04-05,07:01:00,0.94,40,24.38,Diesel,3.11,26.36,1035.9,81.98,1117.88,0,False,Entregada,Entrega realizada en tiempo,0
1681,49,3,36,46,2026-01-11,18:03:00,2026-01-11,08:53:00,2026-01-12,09:59:00,11.75,53,426.28,Diesel,91.48,25.85,4230.4,2364.76,6595.16,66,True,Tardía,"Hora pico, Distancia larga",1
1682,3,40,50,41,2026-08-08,19:11:00,2026-08-08,06:52:00,2026-08-09,07:55:00,11.0,17,406.05,Diesel,63.45,26.5,3766.25,1681.43,5447.68,63,True,Tardía,"Tráfico alto, Hora pico, Distancia larga, Carga pesada",1
1683,16,36,59,34,2026-07-09,05:16:00,2026-07-09,08:50:00,2026-07-09,08:50:00,3.84,34,135.11,Diesel,15.93,25.93,1831.55,413.06,2244.61,0,False,Entregada,Entrega realizada en tiempo,0
1684,71,31,32,16,2026-05-13,09:24:00,2026-05-13,14:30:00,2026-05-13,14:30:00,0.25,25,175.77,Diesel,24.97,24.19,1603.85,604.02,2207.87,0,False,Entregada,Entrega realizada en tiempo,0
1685,35,16,10,44,2026-01-17,08:44:00,2026-01-17,10:54:00,2026-01-17,10:54:00,0.64,52,69.07,Gasolina,6.21,23.89,1325.35,148.36,1473.71,0,False,Entregada,Entrega realizada en tiempo,0
1686,22,34,37,42,2026-06-21,12:26:00,2026-06-21,15:37:00,2026-06-21,15:54:00,2.73,39,88.7,Diesel,7.37,26.64,1528.5,196.34,1724.84,17,True,Tardía,Incidencia operativa,0
1687,97,9,24,47,2026-07-05,19:27:00,2026-07-05,05:25:00,2026-07-06,06:20:00,0.59,28,321.26,Gasolina,26.27,25.47,2389.3,669.1,3058.4,55,True,Tardía,"Tráfico alto, Hora pico, Distancia larga",0
1688,38,25,11,23,2026-07-12,14:48:00,2026-07-12,00:09:00,2026-07-13,00:09:00,0.74,38,280.26,Diesel,59.63,24.13,2279.3,1438.87,3718.17,0,False,Entregada,Entrega realizada en tiempo,1
1689,52,15,47,44,2026-04-05,13:34:00,2026-04-05,15:44:00,2026-04-05,15:44:00,0.64,24,66.22,Diesel,13.63,26.88,1087.1,366.37,1453.47,0,False,Entregada,Entrega realizada en tiempo,0
1690,94,2,43,6,2026-05-01,15:19:00,2026-05-01,22:13:00,2026-05-01,22:13:00,4.77,53,236.52,Diesel,47.69,26.59,2583.6,1268.08,3851.68,0,False,Entregada,Entrega realizada en tiempo,1
1691,66,37,53,34,2026-05-10,05:49:00,2026-05-10,09:23:00,2026-05-10,09:23:00,1.98,29,156.25,Diesel,16.66,25.11,1711.25,418.33,2129.58,0,False,Entregada,Entrega realizada en tiempo,0
1692,72,33,34,12,2026-08-01,11:21:00,2026-08-01,00:04:00,2026-08-02,00:04:00,1.62,18,408.61,Diesel,52.12,26.5,2849.05,1381.18,4230.23,0,False,Entregada,Entrega realizada en tiempo,1
1693,8,22,3,19,2026-06-25,06:54:00,2026-06-25,14:43:00,2026-06-25,15:10:00,1.39,38,327.03,Diesel,31.63,26.91,2578.15,851.16,3429.31,27,True,Tardía,Distancia larga,1
1694,46,13,54,34,2026-03-07,13:56:00,2026-03-07,17:30:00,2026-03-07,17:30:00,0.62,16,152.76,Gasolina,12.46,23.67,1453.8,294.93,1748.73,0,False,Entregada,Entrega realizada en tiempo,0
1695,19,7,6,7,2026-07-02,17:33:00,2026-07-02,01:50:00,2026-07-03,01:50:00,3.22,60,337.82,Diesel,55.38,26.36,2991.1,1459.82,4450.92,0,False,Entregada,Entrega realizada en tiempo,1
1696,70,4,39,13,2026-03-03,07:40:00,2026-03-03,14:51:00,2026-03-03,14:51:00,0.78,26,238.64,Gasolina,40.11,23.4,1979.2,938.57,2917.77,0,False,Entregada,Entrega realizada en tiempo,0
1697,83,21,15,3,2026-08-14,16:54:00,2026-08-14,04:24:00,2026-08-15,04:24:00,0.23,5,422.93,Diesel,59.15,26.87,2677.65,1589.36,4267.01,0,False,Entregada,Entrega realizada en tiempo,1
1698,97,40,49,33,2026-05-08,13:24:00,2026-05-08,17:15:00,2026-05-08,17:15:00,6.43,13,114.87,Diesel,17.95,25.5,1821.35,457.72,2279.07,0,False,Entregada,Entrega realizada en tiempo,0
1699,53,36,47,34,2026-01-03,05:58:00,2026-01-03,09:32:00,2026-01-03,09:32:00,1.9,24,143.41,Diesel,16.91,24.08,1599.05,407.19,2006.24,0,False,Entregada,Entrega realizada en tiempo,0
1700,4,38,7,22,2026-07-19,16:07:00,2026-07-19,16:43:00,2026-07-19,16:43:00,0.23,71,25.34,Gasolina,2.15,24.79,1217.7,53.3,1271.0,0,False,Entregada,Entrega realizada en tiempo,0
1701,2,16,45,25,2026-03-27,18:40:00,2026-03-27,04:06:00,2026-03-28,04:57:00,0.87,64,370.82,Gasolina,33.32,25.88,2953.1,862.32,3815.42,51,True,Tardía,"Hora pico, Distancia larga",1
1702,54,1,57,40,2026-06-24,09:25:00,2026-06-24,20:59:00,2026-06-24,20:59:00,0.59,48,414.75,Gasolina,40.03,24.04,3016.75,962.32,3979.07,0,False,Entregada,Entrega realizada en tiempo,1
1703,8,5,20,39,2026-01-19,08:55:00,2026-01-19,02:48:00,2026-01-20,02:48:00,6.59,68,441.55,Diesel,55.47,25.73,3910.75,1427.24,5337.99,0,False,Entregada,Entrega realizada en tiempo,1
1704,14,35,19,15,2026-03-01,15:33:00,2026-03-01,06:01:00,2026-03-02,06:01:00,1.17,62,463.95,Gasolina,62.61,23.08,3432.75,1445.04,4877.79,0,False,Entregada,Entrega realizada en tiempo,1
1705,18,27,13,11,2026-07-28,09:13:00,2026-07-28,13:55:00,2026-07-28,13:55:00,24.07,78,143.71,Diesel,18.47,24.44,4249.55,451.41,4700.96,0,False,Entregada,Entrega realizada en tiempo,1
1706,31,29,18,22,2026-03-28,16:04:00,2026-03-28,16:40:00,2026-03-28,16:40:00,0.65,12,22.32,Diesel,2.33,24.11,772.6,56.18,828.78,0,False,Entregada,Entrega realizada en tiempo,0
1707,96,19,9,34,2026-05-18,16:47:00,2026-05-18,20:21:00,2026-05-18,20:21:00,7.37,6,133.98,Diesel,13.2,25.89,1954.9,341.75,2296.65,0,False,Entregada,Entrega realizada en tiempo,0
1708,100,22,16,32,2026-04-12,16:27:00,2026-04-12,00:37:00,2026-04-13,00:37:00,6.98,6,257.68,Diesel,24.92,24.29,2534.4,605.31,3139.71,0,False,Entregada,Entrega realizada en tiempo,0
1709,96,9,28,50,2026-08-05,05:02:00,2026-08-05,14:03:00,2026-08-05,14:03:00,0.74,25,270.53,Gasolina,22.12,23.17,2126.65,512.52,2639.17,0,False,Entregada,Entrega realizada en tiempo,0
1710,27,24,25,26,2026-08-15,07:52:00,2026-08-15,20:05:00,2026-08-15,20:51:00,0.88,4,347.13,Diesel,32.53,26.82,2355.65,872.45,3228.1,46,True,Tardía,"Hora pico, Distancia larga",1
1711,28,7,12,50,2026-02-25,11:57:00,2026-02-25,20:58:00,2026-02-25,20:58:00,0.62,44,244.74,Diesel,40.12,26.45,2137.7,1061.17,3198.87,0,False,Entregada,Entrega realizada en tiempo,0
1712,66,36,12,28,2026-05-27,08:31:00,2026-05-27,13:45:00,2026-05-27,13:45:00,2.09,63,181.45,Diesel,21.4,25.68,2120.25,549.55,2669.8,0,False,Entregada,Entrega realizada en tiempo,0
1713,19,40,14,34,2026-08-01,11:18:00,2026-08-01,14:52:00,2026-08-01,14:52:00,10.1,6,160.02,Diesel,25.0,24.91,2358.1,622.75,2980.85,0,False,Entregada,Entrega realizada en tiempo,0
1714,71,1,51,34,2026-04-25,09:21:00,2026-04-25,12:55:00,2026-04-25,12:55:00,0.47,39,144.18,Gasolina,13.92,25.59,1579.9,356.21,1936.11,0,False,Entregada,Entrega realizada en tiempo,0
1715,71,34,9,27,2026-01-12,09:14:00,2026-01-12,19:40:00,2026-01-12,19:40:00,14.84,48,291.37,Diesel,24.2,24.37,3824.85,589.75,4414.6,0,False,Entregada,Entrega realizada en tiempo,1
1716,14,24,29,45,2026-06-27,05:38:00,2026-06-27,17:49:00,2026-06-27,17:49:00,0.4,7,437.95,Diesel,41.04,26.98,2785.75,1107.26,3893.01,0,False,Entregada,Entrega realizada en tiempo,1
1717,75,5,52,19,2026-03-15,09:59:00,2026-03-15,17:48:00,2026-03-15,17:48:00,5.81,3,290.18,Diesel,36.45,25.36,2555.9,924.37,3480.27,0,False,Entregada,Entrega realizada en tiempo,1
1718,33,38,52,11,2026-04-14,16:49:00,2026-04-14,21:31:00,2026-04-14,21:31:00,1.02,80,136.06,Gasolina,11.56,24.13,1922.3,278.94,2201.24,0,False,Entregada,Entrega realizada en tiempo,0
1719,100,19,54,36,2026-06-14,17:05:00,2026-06-14,10:26:00,2026-06-15,11:26:00,3.93,67,424.12,Diesel,41.79,25.91,3549.6,1082.78,4632.38,60,True,Tardía,"Hora pico, Distancia larga",1
1720,73,16,10,22,2026-05-25,08:18:00,2026-05-25,08:54:00,2026-05-25,08:54:00,0.67,3,24.01,Gasolina,2.16,25.66,711.05,55.43,766.48,0,False,Entregada,Entrega realizada en tiempo,0
1721,73,40,51,13,2026-02-14,09:06:00,2026-02-14,16:17:00,2026-02-14,16:17:00,9.11,24,272.72,Diesel,42.61,26.42,2966.6,1125.76,4092.36,0,False,Entregada,Entrega realizada en tiempo,1
1722,29,19,50,10,2026-07-18,16:25:00,2026-07-18,08:57:00,2026-07-19,08:57:00,4.5,73,472.27,Diesel,46.53,26.81,3895.35,1247.47,5142.82,0,False,Entregada,Entrega realizada en tiempo,1
1723,53,40,45,2,2026-05-23,18:09:00,2026-05-23,00:47:00,2026-05-24,00:47:00,9.9,51,275.77,Diesel,43.09,25.37,3276.85,1093.19,4370.04,0,False,Entregada,Entrega realizada en tiempo,1
1724,54,2,42,29,2026-02-14,09:19:00,2026-02-14,14:27:00,2026-02-14,14:27:00,1.1,72,118.85,Diesel,23.96,26.17,1780.25,627.03,2407.28,0,False,Entregada,Entrega realizada en tiempo,0
1725,67,39,15,21,2026-06-21,14:41:00,2026-06-21,15:19:00,2026-06-21,15:19:00,0.42,32,25.93,Gasolina,2.09,24.56,927.65,51.33,978.98,0,False,Entregada,Entrega realizada en tiempo,0
1726,85,36,49,2,2026-08-03,12:52:00,2026-08-03,19:30:00,2026-08-03,19:30:00,3.18,1,258.01,Diesel,30.43,26.88,2116.05,817.96,2934.01,0,False,Entregada,Entrega realizada en tiempo,0
1727,85,8,10,45,2026-05-25,16:21:00,2026-05-25,04:32:00,2026-05-26,04:32:00,20.1,4,503.27,Diesel,53.77,26.55,5058.35,1427.59,6485.94,0,False,Entregada,Entrega realizada en tiempo,1
1728,19,26,38,49,2026-04-02,20:43:00,2026-04-02,12:31:00,2026-04-03,12:31:00,0.74,19,397.86,Gasolina,56.76,23.8,2715.3,1350.89,4066.19,0,False,Entregada,Entrega realizada en tiempo,1
1729,71,25,37,25,2026-03-30,16:40:00,2026-03-30,02:06:00,2026-03-31,02:06:00,7.72,10,327.65,Diesel,69.71,24.65,2990.25,1718.35,4708.6,0,False,Entregada,Entrega realizada en tiempo,1
1730,72,31,52,28,2026-01-26,08:49:00,2026-01-26,14:03:00,2026-01-26,14:03:00,0.48,25,175.79,Diesel,24.97,24.94,1626.95,622.75,2249.7,0,False,Entregada,Entrega realizada en tiempo,0
1731,44,8,17,13,2026-07-18,11:25:00,2026-07-18,18:36:00,2026-07-18,19:04:00,7.9,70,256.67,Diesel,27.42,26.39,3133.35,723.61,3856.96,28,True,Tardía,Incidencia operativa,1
1732,40,33,18,41,2026-01-11,05:53:00,2026-01-11,17:34:00,2026-01-11,17:34:00,3.22,22,375.95,Diesel,47.95,24.67,2877.75,1182.93,4060.68,0,False,Entregada,Entrega realizada en tiempo,1
1733,1,33,28,39,2026-04-11,15:04:00,2026-04-11,08:57:00,2026-04-12,09:30:00,2.87,8,460.18,Diesel,58.7,24.23,3151.9,1422.3,4574.2,33,True,Tardía,Distancia larga,1
1734,86,13,53,40,2026-03-27,05:03:00,2026-03-27,16:37:00,2026-03-27,16:37:00,0.71,9,405.57,Gasolina,33.08,23.17,2670.85,766.46,3437.31,0,False,Entregada,Entrega realizada en tiempo,1
1735,83,18,6,19,2026-06-11,07:54:00,2026-06-11,15:43:00,2026-06-11,16:27:00,1.37,42,316.56,Diesel,29.64,26.62,2555.8,789.02,3344.82,44,True,Tardía,"Hora pico, Distancia larga",1
1736,57,27,41,10,2026-01-13,14:14:00,2026-01-13,06:46:00,2026-01-14,07:54:00,11.9,36,410.47,Diesel,52.76,25.8,4030.35,1361.21,5391.56,68,True,Tardía,"Tráfico alto, Distancia larga",1
1737,51,11,4,46,2026-04-25,08:46:00,2026-04-25,23:36:00,2026-04-25,23:36:00,1.16,52,420.84,Diesel,88.04,25.23,3136.2,2221.25,5357.45,0,False,Entregada,Entrega realizada en tiempo,1
1738,17,39,9,23,2026-01-05,20:51:00,2026-01-05,06:12:00,2026-01-06,06:12:00,1.13,12,260.77,Gasolina,21.05,24.48,2012.85,515.3,2528.15,0,False,Entregada,Entrega realizada en tiempo,0
1739,81,31,60,25,2026-01-13,09:36:00,2026-01-13,19:02:00,2026-01-13,19:42:00,1.29,78,352.9,Diesel,50.13,26.81,3017.5,1343.99,4361.49,40,True,Tardía,"Hora pico, Distancia larga",1
1740,87,35,17,5,2026-02-19,09:12:00,2026-02-19,17:04:00,2026-02-19,17:56:00,1.27,59,346.9,Gasolina,46.82,23.61,2833.5,1105.42,3938.92,52,True,Tardía,"Hora pico, Distancia larga, Carga pesada",1
1741,52,7,30,35,2026-01-21,17:00:00,2026-01-21,01:19:00,2026-01-22,01:19:00,3.22,27,321.77,Diesel,52.75,26.7,2646.85,1408.42,4055.27,0,False,Entregada,Entrega realizada en tiempo,1
1742,22,7,6,39,2026-02-11,05:24:00,2026-02-11,23:17:00,2026-02-12,00:05:00,4.99,15,448.69,Diesel,73.56,26.94,3362.45,1981.71,5344.16,48,True,Tardía,"Distancia larga, Carga pesada",1
1743,41,9,30,32,2026-05-20,14:24:00,2026-05-20,22:34:00,2026-05-20,22:34:00,0.49,16,224.83,Gasolina,18.38,24.34,1801.15,447.37,2248.52,0,False,Entregada,Entrega realizada en tiempo,0
1744,86,35,19,20,2026-03-09,06:46:00,2026-03-09,21:02:00,2026-03-09,21:02:00,1.15,22,451.16,Gasolina,60.89,23.97,3046.8,1459.53,4506.33,0,False,Entregada,Entrega realizada en tiempo,1
1745,19,26,19,33,2026-01-12,08:27:00,2026-01-12,12:18:00,2026-01-12,12:41:00,0.26,36,110.75,Gasolina,15.8,24.36,1367.75,384.89,1752.64,23,True,Tardía,Hora pico,0
1746,88,17,54,7,2026-04-12,18:34:00,2026-04-12,02:51:00,2026-04-13,02:51:00,4.5,14,289.61,Diesel,51.44,26.72,2510.05,1374.48,3884.53,0,False,Entregada,Entrega realizada en tiempo,1
1747,95,32,43,33,2026-02-13,09:04:00,2026-02-13,12:55:00,2026-02-13,12:55:00,1.0,2,103.22,Gasolina,9.35,24.92,1132.1,233.0,1365.1,0,False,Entregada,Entrega realizada en tiempo,0
1748,63,38,35,12,2026-01-27,09:16:00,2026-01-27,21:59:00,2026-01-27,21:59:00,0.26,67,397.03,Gasolina,33.73,24.26,3047.15,818.29,3865.44,0,False,Entregada,Entrega realizada en tiempo,1
1749,74,35,22,48,2026-08-01,18:50:00,2026-08-01,00:27:00,2026-08-02,00:27:00,1.05,78,139.88,Gasolina,18.88,25.27,1928.4,477.1,2405.5,0,False,Entregada,Entrega realizada en tiempo,0
1750,30,35,16,8,2026-08-06,19:11:00,2026-08-06,02:44:00,2026-08-07,02:44:00,0.96,70,196.82,Gasolina,26.56,23.96,2140.1,636.38,2776.48,0,False,Entregada,Entrega realizada en tiempo,0
1751,4,22,15,37,2026-07-12,17:47:00,2026-07-12,22:18:00,2026-07-12,22:18:00,1.18,3,176.39,Diesel,17.06,26.11,1523.95,445.44,1969.39,0,False,Entregada,Entrega realizada en tiempo,0
1752,70,28,26,44,2026-01-31,17:30:00,2026-01-31,19:40:00,2026-01-31,19:40:00,0.66,8,62.36,Diesel,9.14,26.81,941.8,245.04,1186.84,0,False,Entregada,Entrega realizada en tiempo,0
1753,31,26,34,50,2026-07-26,08:55:00,2026-07-26,17:56:00,2026-07-26,18:36:00,0.76,2,262.45,Gasolina,37.44,23.43,1904.25,877.22,2781.47,40,True,Tardía,"Hora pico, Carga pesada",0
1754,85,11,12,15,2026-06-11,14:20:00,2026-06-11,04:48:00,2026-06-12,05:31:00,8.27,21,407.97,Diesel,85.35,26.33,3534.85,2247.27,5782.12,43,True,Tardía,"Distancia larga, Carga pesada",1
1755,70,29,60,7,2026-06-25,11:25:00,2026-06-25,19:42:00,2026-06-25,20:36:00,1.77,73,308.2,Diesel,32.2,26.95,2802.0,867.79,3669.79,54,True,Tardía,"Tráfico alto, Distancia larga, Carga pesada",1
1756,18,21,37,26,2026-04-27,06:35:00,2026-04-27,18:48:00,2026-04-27,18:48:00,0.74,76,327.37,Diesel,45.79,26.05,2818.85,1192.83,4011.68,0,False,Entregada,Entrega realizada en tiempo,1
1757,31,28,40,39,2026-05-19,12:50:00,2026-05-19,06:43:00,2026-05-20,06:43:00,0.24,70,474.17,Diesel,69.53,26.86,3454.85,1867.58,5322.43,0,False,Entregada,Entrega realizada en tiempo,1
1758,17,3,55,22,2026-07-24,06:38:00,2026-07-24,07:14:00,2026-07-24,07:14:00,10.56,30,22.08,Diesel,4.74,25.63,1906.4,121.49,2027.89,0,False,Entregada,Entrega realizada en tiempo,0
1759,93,39,46,45,2026-03-06,19:18:00,2026-03-06,07:29:00,2026-03-07,08:20:00,0.83,17,445.97,Gasolina,35.99,24.94,2948.85,897.59,3846.44,51,True,Tardía,"Hora pico, Distancia larga",1
1760,37,23,29,41,2026-05-20,19:29:00,2026-05-20,07:10:00,2026-05-21,07:10:00,1.11,5,394.42,Gasolina,72.24,24.32,2623.1,1756.88,4379.98,0,False,Entregada,Entrega realizada en tiempo,1
1761,46,12,16,35,2026-04-13,17:24:00,2026-04-13,01:43:00,2026-04-14,02:31:00,0.9,62,331.51,Gasolina,47.43,24.14,2743.55,1144.96,3888.51,48,True,Tardía,"Hora pico, Distancia larga, Carga pesada",1
1762,10,40,5,47,2026-06-10,17:31:00,2026-06-10,03:29:00,2026-06-11,03:29:00,5.86,79,328.56,Diesel,51.34,25.15,3360.8,1291.2,4652.0,0,False,Entregada,Entrega realizada en tiempo,1
1763,20,40,37,28,2026-05-10,18:45:00,2026-05-10,23:59:00,2026-05-10,23:59:00,4.5,20,197.92,Diesel,30.92,24.39,2099.6,754.14,2853.74,0,False,Entregada,Entrega realizada en tiempo,0
1764,67,37,13,32,2026-07-11,06:50:00,2026-07-11,15:00:00,2026-07-11,15:00:00,1.74,69,234.2,Diesel,24.97,25.57,2397.0,638.48,3035.48,0,False,Entregada,Entrega realizada en tiempo,0
1765,52,12,44,41,2026-07-22,10:23:00,2026-07-22,22:04:00,2026-07-22,22:04:00,0.27,7,402.72,Gasolina,57.61,25.65,2596.6,1477.7,4074.3,0,False,Entregada,Entrega realizada en tiempo,1
1766,85,24,49,25,2026-04-08,13:43:00,2026-04-08,23:09:00,2026-04-08,23:09:00,1.26,59,364.8,Diesel,34.19,24.09,2922.0,823.64,3745.64,0,False,Entregada,Entrega realizada en tiempo,1
1767,16,11,18,35,2026-02-15,13:54:00,2026-02-15,22:13:00,2026-02-15,22:45:00,2.02,48,305.35,Diesel,63.88,25.38,2612.75,1621.27,4234.02,32,True,Tardía,Distancia larga,1
1768,51,13,9,23,2026-07-31,12:11:00,2026-07-31,21:32:00,2026-07-31,21:32:00,1.64,32,285.32,Gasolina,23.27,23.4,2346.6,544.52,2891.12,0,False,Entregada,Entrega realizada en tiempo,0
1769,69,37,55,18,2026-07-22,15:53:00,2026-07-22,07:08:00,2026-07-23,07:08:00,2.0,29,418.24,Diesel,44.59,24.58,3023.2,1096.02,4119.22,0,False,Entregada,Entrega realizada en tiempo,1
1770,74,7,22,26,2026-02-12,11:05:00,2026-02-12,23:18:00,2026-02-12,23:58:00,1.82,42,387.54,Diesel,63.53,24.53,2955.7,1558.39,4514.09,40,True,Tardía,Distancia larga,1
1771,44,25,11,37,2026-02-13,15:37:00,2026-02-13,20:08:00,2026-02-13,20:08:00,1.49,29,203.67,Diesel,43.33,24.67,1899.35,1068.95,2968.3,0,False,Entregada,Entrega realizada en tiempo,0
1772,68,39,51,44,2026-04-05,08:14:00,2026-04-05,10:24:00,2026-04-05,11:02:00,0.9,65,65.27,Gasolina,5.27,24.1,1436.35,127.01,1563.36,38,True,Tardía,Hora pico,0
1773,83,32,34,17,2026-04-09,20:20:00,2026-04-09,09:36:00,2026-04-10,09:36:00,0.23,3,347.15,Gasolina,31.44,25.27,2282.75,794.49,3077.24,0,False,Entregada,Entrega realizada en tiempo,0
1774,99,19,53,17,2026-02-27,05:12:00,2026-02-27,18:28:00,2026-02-27,18:28:00,3.23,40,326.26,Diesel,32.14,24.36,2774.3,782.93,3557.23,0,False,Entregada,Entrega realizada en tiempo,1
1775,87,33,53,37,2026-01-20,08:58:00,2026-01-20,13:29:00,2026-01-20,13:29:00,2.58,62,205.01,Diesel,26.15,24.49,2279.05,640.41,2919.46,0,False,Entregada,Entrega realizada en tiempo,0
1776,26,34,54,46,2026-03-27,10:17:00,2026-03-27,01:07:00,2026-03-28,01:39:00,9.06,5,434.2,Diesel,36.06,25.18,3617.0,907.99,4524.99,32,True,Tardía,Distancia larga,1
1777,12,21,19,30,2026-01-28,13:52:00,2026-01-28,21:24:00,2026-01-28,21:24:00,0.31,42,195.37,Diesel,27.32,24.65,1843.85,673.44,2517.29,0,False,Entregada,Entrega realizada en tiempo,0
1778,23,24,40,14,2026-07-29,16:30:00,2026-07-29,18:53:00,2026-07-29,19:16:00,0.46,68,64.39,Diesel,6.03,25.34,1411.95,152.8,1564.75,23,True,Tardía,Incidencia operativa,0
1779,41,3,2,40,2026-03-10,08:44:00,2026-03-10,20:18:00,2026-03-10,20:59:00,21.43,14,418.64,Diesel,89.84,25.37,4848.2,2279.24,7127.44,41,True,Tardía,"Hora pico, Distancia larga, Carga pesada",1
1780,79,34,8,45,2026-06-01,19:30:00,2026-06-01,07:41:00,2026-06-02,08:20:00,1.41,72,455.05,Diesel,37.79,24.82,3492.25,937.95,4430.2,39,True,Tardía,"Hora pico, Distancia larga",1
1781,17,16,55,33,2026-05-15,20:54:00,2026-05-15,00:45:00,2026-05-16,00:45:00,0.75,45,107.14,Gasolina,9.63,25.67,1470.7,247.2,1717.9,0,False,Entregada,Entrega realizada en tiempo,0
1782,43,36,52,50,2026-04-20,16:03:00,2026-04-20,01:04:00,2026-04-21,01:04:00,6.25,42,262.26,Diesel,30.93,25.75,2772.3,796.45,3568.75,0,False,Entregada,Entrega realizada en tiempo,0
1783,54,29,35,29,2026-03-13,12:55:00,2026-03-13,18:03:00,2026-03-13,18:49:00,1.19,22,128.0,Diesel,13.38,25.01,1435.0,334.63,1769.63,46,True,Tardía,Tráfico alto,0
1784,95,18,35,41,2026-03-28,16:23:00,2026-03-28,04:04:00,2026-03-29,04:04:00,1.19,41,374.86,Diesel,35.1,26.52,2821.3,930.85,3752.15,0,False,Entregada,Entrega realizada en tiempo,1
1785,37,12,33,9,2026-03-19,08:05:00,2026-03-19,12:33:00,2026-03-19,12:33:00,0.5,55,172.1,Gasolina,24.62,23.08,1850.5,568.23,2418.73,0,False,Entregada,Entrega realizada en tiempo,0
1786,1,3,3,10,2026-07-25,12:23:00,2026-07-25,04:55:00,2026-07-26,04:55:00,15.49,30,451.71,Diesel,96.93,26.64,4547.55,2582.22,7129.77,0,False,Entregada,Entrega realizada en tiempo,1
1787,10,16,9,42,2026-08-13,08:51:00,2026-08-13,12:02:00,2026-08-13,12:02:00,0.27,42,95.58,Gasolina,8.59,23.21,1340.9,199.37,1540.27,0,False,Entregada,Entrega realizada en tiempo,0
1788,1,21,22,31,2026-01-09,19:13:00,2026-01-09,06:21:00,2026-01-10,06:21:00,0.48,55,285.96,Diesel,39.99,24.55,2417.8,981.75,3399.55,0,False,Entregada,Entrega realizada en tiempo,1
1789,13,19,20,19,2026-08-06,19:33:00,2026-08-06,03:22:00,2026-08-07,03:22:00,6.35,79,283.75,Diesel,27.96,25.76,3185.75,720.25,3906.0,0,False,Entregada,Entrega realizada en tiempo,1
1790,92,32,10,32,2026-08-06,10:27:00,2026-08-06,18:37:00,2026-08-06,18:37:00,0.54,58,232.27,Gasolina,21.04,25.37,2179.35,533.78,2713.13,0,False,Entregada,Entrega realizada en tiempo,0
1791,93,19,42,27,2026-02-08,05:08:00,2026-02-08,15:34:00,2026-02-08,15:34:00,6.74,47,321.36,Diesel,31.66,26.95,3156.8,853.24,4010.04,0,False,Entregada,Entrega realizada en tiempo,1
1792,91,11,59,24,2026-03-15,09:04:00,2026-03-15,17:41:00,2026-03-15,18:26:00,2.1,68,315.5,Diesel,66.0,26.21,2831.5,1729.86,4561.36,45,True,Tardía,"Hora pico, Distancia larga",1
1793,25,5,9,13,2026-06-05,08:56:00,2026-06-05,16:07:00,2026-06-05,16:07:00,7.09,1,282.84,Diesel,35.53,25.87,2631.2,919.16,3550.36,0,False,Entregada,Entrega realizada en tiempo,1
1794,8,25,48,1,2026-08-15,07:33:00,2026-08-15,13:52:00,2026-08-15,13:52:00,2.6,32,200.82,Diesel,42.73,25.47,2020.1,1088.33,3108.43,0,False,Entregada,Entrega realizada en tiempo,0
1795,27,36,30,23,2026-01-07,20:10:00,2026-01-07,05:31:00,2026-01-08,05:31:00,6.98,61,290.08,Diesel,34.21,26.12,3136.4,893.57,4029.97,0,False,Entregada,Entrega realizada en tiempo,1
1796,86,30,12,12,2026-03-31,18:29:00,2026-03-31,07:12:00,2026-04-01,08:08:00,1.65,42,399.62,Diesel,34.33,25.45,2999.1,873.7,3872.8,56,True,Tardía,"Hora pico, Distancia larga",1
1797,49,10,56,37,2026-01-09,13:09:00,2026-01-09,17:40:00,2026-01-09,18:04:00,0.74,80,197.17,Gasolina,19.78,24.15,2199.85,477.69,2677.54,24,True,Tardía,Incidencia operativa,0
1798,85,36,16,47,2026-01-27,15:03:00,2026-01-27,01:01:00,2026-01-28,01:01:00,4.06,71,349.6,Diesel,41.23,26.15,3222.0,1078.16,4300.16,0,False,Entregada,Entrega realizada en tiempo,1
1799,16,31,12,5,2026-04-28,09:12:00,2026-04-28,17:04:00,2026-04-28,17:04:00,0.83,57,341.33,Diesel,48.48,26.18,2745.65,1269.21,4014.86,0,False,Entregada,Entrega realizada en tiempo,1
1800,73,38,12,2,2026-03-25,09:11:00,2026-03-25,15:49:00,2026-03-25,15:49:00,0.9,20,245.19,Gasolina,20.83,24.7,1975.95,514.5,2490.45,0,False,Entregada,Entrega realizada en tiempo,0
1801,79,14,48,27,2026-08-14,09:06:00,2026-08-14,19:32:00,2026-08-14,19:32:00,23.05,55,320.35,Diesel,34.52,25.97,4846.75,896.48,5743.23,0,False,Entregada,Entrega realizada en tiempo,1
1802,75,5,41,20,2026-03-02,20:35:00,2026-03-02,10:51:00,2026-03-03,11:36:00,8.16,19,421.12,Diesel,52.9,25.09,3573.6,1327.26,4900.86,45,True,Tardía,"Distancia larga, Carga pesada",1
1803,32,37,55,35,2026-02-22,13:35:00,2026-02-22,21:54:00,2026-02-22,22:27:00,1.98,40,337.13,Diesel,35.94,26.17,2703.65,940.55,3644.2,33,True,Tardía,Distancia larga,1
1804,60,32,15,11,2026-07-26,15:18:00,2026-07-26,20:00:00,2026-07-26,20:00:00,0.41,32,146.47,Gasolina,13.27,24.71,1529.35,327.9,1857.25,0,False,Entregada,Entrega realizada en tiempo,0
1805,34,17,37,50,2026-05-08,08:11:00,2026-05-08,17:12:00,2026-05-08,17:12:00,4.69,58,248.1,Diesel,44.07,26.54,2673.5,1169.62,3843.12,0,False,Entregada,Entrega realizada en tiempo,1
1806,75,29,1,12,2026-05-27,09:28:00,2026-05-27,22:11:00,2026-05-27,23:02:00,0.7,9,395.41,Diesel,41.32,26.28,2619.05,1085.89,3704.94,51,True,Tardía,"Hora pico, Distancia larga",1
1807,64,8,14,32,2026-07-01,13:08:00,2026-07-01,21:18:00,2026-07-01,21:18:00,7.52,75,226.18,Diesel,24.16,26.84,2982.9,648.45,3631.35,0,False,Entregada,Entrega realizada en tiempo,0
1808,67,16,9,10,2026-01-08,08:08:00,2026-01-08,00:40:00,2026-01-09,01:39:00,0.47,47,397.27,Gasolina,35.69,23.11,2909.35,824.8,3734.15,59,True,Tardía,"Tráfico alto, Hora pico, Distancia larga",1
1809,6,17,49,36,2026-05-06,17:33:00,2026-05-06,10:54:00,2026-05-07,10:54:00,9.27,65,485.15,Diesel,86.17,25.71,4372.75,2215.43,6588.18,0,False,Entregada,Entrega realizada en tiempo,1
1810,45,14,45,48,2026-07-04,14:42:00,2026-07-04,20:19:00,2026-07-04,20:19:00,11.04,66,160.23,Diesel,17.27,24.71,2933.15,426.74,3359.89,0,False,Entregada,Entrega realizada en tiempo,0
1811,69,26,60,4,2026-07-24,06:12:00,2026-07-24,07:30:00,2026-07-24,07:30:00,0.41,3,40.69,Gasolina,5.8,23.91,768.45,138.68,907.13,0,False,Entregada,Entrega realizada en tiempo,0
1812,50,6,53,37,2026-08-07,13:07:00,2026-08-07,17:38:00,2026-08-07,17:53:00,9.44,59,204.14,Diesel,29.85,26.86,2936.7,801.77,3738.47,15,True,Tardía,Incidencia operativa,1
1813,94,37,58,6,2026-01-06,08:41:00,2026-01-06,15:35:00,2026-01-06,16:29:00,2.07,74,265.82,Diesel,28.34,24.28,2628.1,688.1,3316.2,54,True,Tardía,"Tráfico alto, Hora pico",0
1814,26,31,18,42,2026-08-11,19:12:00,2026-08-11,22:23:00,2026-08-11,22:23:00,0.59,8,106.63,Diesel,15.15,24.59,1156.15,372.54,1528.69,0,False,Entregada,Entrega realizada en tiempo,0
1815,1,37,27,31,2026-01-22,09:43:00,2026-01-22,20:51:00,2026-01-22,21:59:00,0.32,76,311.99,Diesel,33.26,24.15,2699.95,803.23,3503.18,68,True,Tardía,"Tráfico alto, Hora pico, Distancia larga",1
1816,20,10,8,14,2026-02-10,08:55:00,2026-02-10,11:18:00,2026-02-10,11:18:00,1.08,59,65.29,Gasolina,6.55,25.26,1406.45,165.45,1571.9,0,False,Entregada,Entrega realizada en tiempo,0
1817,18,4,8,39,2026-07-17,07:07:00,2026-07-17,01:00:00,2026-07-18,01:00:00,0.38,15,495.65,Gasolina,83.3,23.31,3136.25,1941.72,5077.97,0,False,Entregada,Entrega realizada en tiempo,1
1818,24,3,8,40,2026-07-04,06:28:00,2026-07-04,18:02:00,2026-07-04,18:02:00,4.3,18,415.63,Diesel,89.19,25.99,3152.15,2318.05,5470.2,0,False,Entregada,Entrega realizada en tiempo,1
1819,68,29,60,16,2026-02-20,09:02:00,2026-02-20,14:08:00,2026-02-20,14:08:00,0.56,38,167.68,Diesel,17.52,25.29,1698.4,443.08,2141.48,0,False,Entregada,Entrega realizada en tiempo,0
1820,44,14,35,1,2026-06-19,09:29:00,2026-06-19,15:48:00,2026-06-19,15:48:00,15.19,39,184.11,Diesel,19.84,24.31,3251.55,482.31,3733.86,0,False,Entregada,Entrega realizada en tiempo,0
1821,98,19,12,7,2026-01-24,12:01:00,2026-01-24,20:18:00,2026-01-24,20:18:00,1.39,72,292.72,Diesel,28.84,25.88,2678.6,746.38,3424.98,0,False,Entregada,Entrega realizada en tiempo,0
1822,18,22,56,1,2026-05-28,13:08:00,2026-05-28,19:27:00,2026-05-28,19:27:00,4.16,20,196.22,Diesel,18.98,25.13,2057.1,476.97,2534.07,0,False,Entregada,Entrega realizada en tiempo,0
1823,3,38,13,45,2026-08-05,14:22:00,2026-08-05,02:33:00,2026-08-06,02:33:00,0.96,49,430.93,Gasolina,36.61,23.2,3142.65,849.35,3992.0,0,False,Entregada,Entrega realizada en tiempo,1
1824,95,1,52,14,2026-07-03,14:08:00,2026-07-03,16:31:00,2026-07-03,16:31:00,0.77,75,58.23,Gasolina,5.62,23.05,1468.15,129.54,1597.69,0,False,Entregada,Entrega realizada en tiempo,0
1825,13,15,30,8,2026-02-06,11:12:00,2026-02-06,18:45:00,2026-02-06,18:45:00,0.27,55,201.64,Diesel,41.49,25.65,1975.2,1064.22,3039.42,0,False,Entregada,Entrega realizada en tiempo,0
1826,70,24,25,20,2026-07-15,08:13:00,2026-07-15,22:29:00,2026-07-15,22:55:00,1.52,4,399.31,Diesel,37.42,24.42,2680.55,913.8,3594.35,26,True,Tardía,"Hora pico, Distancia larga",1
1827,62,4,28,8,2026-04-03,09:30:00,2026-04-03,17:03:00,2026-04-03,17:03:00,0.55,30,177.87,Gasolina,29.89,23.83,1684.35,712.28,2396.63,0,False,Entregada,Entrega realizada en tiempo,0
1828,22,39,40,4,2026-04-24,07:27:00,2026-04-24,08:45:00,2026-04-24,08:45:00,1.06,55,42.97,Gasolina,3.47,23.07,1260.85,80.05,1340.9,0,False,Entregada,Entrega realizada en tiempo,0
1829,30,9,9,19,2026-05-16,08:21:00,2026-05-16,16:10:00,2026-05-16,16:50:00,0.32,41,294.97,Gasolina,24.12,24.93,2334.85,601.31,2936.16,40,True,Tardía,Hora pico,0
1830,29,19,3,16,2026-01-16,08:01:00,2026-01-16,13:07:00,2026-01-16,13:07:00,6.66,79,188.21,Diesel,18.54,26.72,2739.05,495.39,3234.44,0,False,Entregada,Entrega realizada en tiempo,0
1831,64,37,59,50,2026-06-13,17:23:00,2026-06-13,02:24:00,2026-06-14,02:24:00,2.17,55,226.25,Diesel,24.12,24.92,2288.25,601.07,2889.32,0,False,Entregada,Entrega realizada en tiempo,0
1832,9,24,29,38,2026-06-23,14:23:00,2026-06-23,03:51:00,2026-06-24,03:51:00,0.29,37,446.34,Diesel,41.83,24.52,3056.7,1025.67,4082.37,0,False,Entregada,Entrega realizada en tiempo,1
1833,32,17,31,7,2026-02-05,11:29:00,2026-02-05,19:46:00,2026-02-05,20:24:00,3.84,56,284.25,Diesel,50.49,24.18,2753.25,1220.85,3974.1,38,True,Tardía,Tráfico alto,1
1834,16,33,8,3,2026-02-23,05:51:00,2026-02-23,17:21:00,2026-02-23,17:21:00,2.32,53,361.08,Diesel,46.06,24.3,2961.4,1119.26,4080.66,0,False,Entregada,Entrega realizada en tiempo,1
1835,52,18,49,6,2026-05-06,09:27:00,2026-05-06,16:21:00,2026-05-06,17:05:00,3.26,67,242.91,Diesel,22.74,26.44,2576.55,601.25,3177.8,44,True,Tardía,"Tráfico alto, Hora pico",0
1836,86,24,29,7,2026-02-07,05:55:00,2026-02-07,14:12:00,2026-02-07,14:12:00,0.29,14,317.55,Diesel,29.76,26.11,2228.75,777.03,3005.78,0,False,Entregada,Entrega realizada en tiempo,0
1837,60,6,13,33,2026-01-11,16:28:00,2026-01-11,20:19:00,2026-01-11,20:19:00,4.76,14,119.0,Diesel,17.4,25.39,1683.0,441.79,2124.79,0,False,Entregada,Entrega realizada en tiempo,0
1838,30,22,6,4,2026-07-28,12:23:00,2026-07-28,13:41:00,2026-07-28,13:41:00,5.35,68,37.72,Diesel,3.65,25.48,1767.6,93.0,1860.6,0,False,Entregada,Entrega realizada en tiempo,0
1839,26,26,12,8,2026-06-30,09:01:00,2026-06-30,16:34:00,2026-06-30,16:34:00,0.62,3,187.1,Gasolina,26.69,23.55,1521.5,628.55,2150.05,0,False,Entregada,Entrega realizada en tiempo,0
1840,69,34,44,23,2026-04-25,16:45:00,2026-04-25,02:06:00,2026-04-26,02:06:00,14.45,55,262.34,Diesel,21.79,25.49,3696.7,555.43,4252.13,0,False,Entregada,Entrega realizada en tiempo,1
1841,27,8,36,1,2026-03-27,09:42:00,2026-03-27,16:01:00,2026-03-27,16:01:00,12.57,26,171.04,Diesel,18.27,24.47,2820.2,447.07,3267.27,0,False,Entregada,Entrega realizada en tiempo,0
1842,57,17,54,28,2026-04-11,16:52:00,2026-04-11,22:06:00,2026-04-11,22:34:00,4.15,20,198.87,Diesel,35.32,24.19,2069.35,854.39,2923.74,28,True,Tardía,Incidencia operativa,0
1843,31,9,45,31,2026-01-05,06:03:00,2026-01-05,17:11:00,2026-01-05,17:11:00,0.9,35,289.89,Gasolina,23.7,24.28,2319.45,575.44,2894.89,0,False,Entregada,Entrega realizada en tiempo,0
1844,40,22,41,38,2026-01-07,07:50:00,2026-01-07,21:18:00,2026-01-07,22:38:00,2.34,15,466.74,Diesel,45.14,26.74,3187.7,1207.04,4394.74,80,True,Tardía,"Tráfico alto, Hora pico, Distancia larga",1
1845,5,2,48,42,2026-03-09,10:34:00,2026-03-09,13:45:00,2026-03-09,14:28:00,15.34,71,90.01,Diesel,18.15,26.09,3052.05,473.53,3525.58,43,True,Tardía,Carga pesada,0
1846,74,1,21,16,2026-06-20,07:20:00,2026-06-20,12:26:00,2026-06-20,13:19:00,0.86,23,168.68,Gasolina,16.28,24.51,1613.4,399.02,2012.42,53,True,Tardía,Hora pico,0
1847,76,20,42,39,2026-07-30,18:59:00,2026-07-30,12:52:00,2026-07-31,12:52:00,1.46,51,421.15,Gasolina,57.14,24.59,3159.75,1405.07,4564.82,0,False,Entregada,Entrega realizada en tiempo,1
1848,64,15,42,5,2026-02-20,17:37:00,2026-02-20,01:29:00,2026-02-21,01:29:00,1.03,57,342.64,Diesel,70.5,26.44,2772.2,1864.02,4636.22,0,False,Entregada,Entrega realizada en tiempo,1
1849,49,39,36,48,2026-03-16,08:26:00,2026-03-16,14:03:00,2026-03-16,14:03:00,0.25,49,153.33,Gasolina,12.38,23.45,1683.65,290.31,1973.96,0,False,Entregada,Entrega realizada en tiempo,0
1850,63,19,4,32,2026-05-03,11:15:00,2026-05-03,19:25:00,2026-05-03,19:25:00,3.49,30,240.12,Diesel,23.66,26.29,2289.6,622.02,2911.62,0,False,Entregada,Entrega realizada en tiempo,0
1851,56,12,14,48,2026-06-26,19:42:00,2026-06-26,01:19:00,2026-06-27,01:19:00,0.54,76,154.43,Gasolina,22.09,24.75,1934.15,546.73,2480.88,0,False,Entregada,Entrega realizada en tiempo,0
1852,15,40,29,1,2026-01-18,11:10:00,2026-01-18,17:29:00,2026-01-18,17:29:00,2.11,56,189.62,Diesel,29.63,26.87,2107.1,796.16,2903.26,0,False,Entregada,Entrega realizada en tiempo,0
1853,18,2,14,30,2026-01-14,19:29:00,2026-01-14,03:01:00,2026-01-15,03:01:00,13.31,70,208.32,Diesel,42.0,24.32,3432.6,1021.44,4454.04,0,False,Entregada,Entrega realizada en tiempo,1
1854,53,4,54,11,2026-06-19,05:40:00,2026-06-19,10:22:00,2026-06-19,10:49:00,0.43,34,128.27,Gasolina,21.56,25.83,1456.35,556.89,2013.24,27,True,Tardía,Incidencia operativa,0
1855,11,16,24,44,2026-06-29,19:38:00,2026-06-29,21:48:00,2026-06-29,21:48:00,0.47,65,63.16,Gasolina,5.67,25.34,1382.8,143.68,1526.48,0,False,Entregada,Entrega realizada en tiempo,0
1856,58,10,58,8,2026-01-22,17:01:00,2026-01-22,00:34:00,2026-01-23,00:34:00,0.74,69,202.31,Gasolina,20.29,24.76,2137.55,502.38,2639.93,0,False,Entregada,Entrega realizada en tiempo,0
1857,38,33,2,5,2026-05-20,15:57:00,2026-05-20,23:49:00,2026-05-20,23:49:00,0.41,34,297.94,Diesel,38.0,24.41,2302.7,927.58,3230.28,0,False,Entregada,Entrega realizada en tiempo,0
1858,98,8,29,23,2026-05-14,19:47:00,2026-05-14,05:08:00,2026-05-15,05:08:00,9.02,30,278.85,Diesel,29.79,25.32,3036.25,754.28,3790.53,0,False,Entregada,Entrega realizada en tiempo,1
1859,65,24,29,1,2026-05-19,09:03:00,2026-05-19,15:22:00,2026-05-19,15:51:00,0.62,4,192.1,Diesel,18.0,25.42,1554.5,457.56,2012.06,29,True,Tardía,Hora pico,0
1860,61,6,54,12,2026-08-04,09:24:00,2026-08-04,22:07:00,2026-08-04,23:00:00,3.18,73,418.66,Diesel,61.21,26.29,3495.3,1609.21,5104.51,53,True,Tardía,"Hora pico, Distancia larga",1
1861,86,6,60,11,2026-05-11,18:43:00,2026-05-11,23:25:00,2026-05-12,00:19:00,10.47,76,132.15,Diesel,19.32,25.27,2815.75,488.22,3303.97,54,True,Tardía,"Hora pico, Carga pesada",0
1862,65,10,30,47,2026-07-12,15:37:00,2026-07-12,01:35:00,2026-07-13,01:35:00,0.51,62,332.46,Gasolina,33.35,23.15,2709.3,772.05,3481.35,0,False,Entregada,Entrega realizada en tiempo,1
1863,6,38,23,15,2026-07-02,08:16:00,2026-07-02,22:44:00,2026-07-02,22:44:00,0.4,12,441.58,Gasolina,37.52,24.27,2843.9,910.61,3754.51,0,False,Entregada,Entrega realizada en tiempo,1
1864,46,28,3,32,2026-05-22,10:11:00,2026-05-22,18:21:00,2026-05-22,18:21:00,0.87,63,256.11,Diesel,37.55,26.68,2371.55,1001.83,3373.38,0,False,Entregada,Entrega realizada en tiempo,0
1865,89,36,36,15,2026-03-27,15:22:00,2026-03-27,05:50:00,2026-03-28,05:50:00,6.18,14,419.15,Diesel,49.43,25.38,3325.75,1254.53,4580.28,0,False,Entregada,Entrega realizada en tiempo,1
1866,85,26,12,19,2026-06-13,06:56:00,2026-06-13,14:45:00,2026-06-13,14:45:00,0.29,78,324.96,Gasolina,46.36,25.11,2777.8,1164.1,3941.9,0,False,Entregada,Entrega realizada en tiempo,1
1867,37,40,25,25,2026-05-20,10:46:00,2026-05-20,20:12:00,2026-05-20,20:12:00,4.48,34,353.73,Diesel,55.27,25.29,2988.65,1397.78,4386.43,0,False,Entregada,Entrega realizada en tiempo,1
1868,35,29,33,20,2026-02-08,07:28:00,2026-02-08,21:44:00,2026-02-08,22:29:00,0.64,2,392.66,Diesel,41.03,24.43,2543.3,1002.36,3545.66,45,True,Tardía,"Hora pico, Distancia larga",1
1869,46,38,49,16,2026-07-31,16:17:00,2026-07-31,21:23:00,2026-07-31,21:23:00,1.04,70,162.67,Gasolina,13.82,23.0,1977.35,317.86,2295.21,0,False,Entregada,Entrega realizada en tiempo,0
1870,74,15,18,35,2026-04-13,20:44:00,2026-04-13,05:03:00,2026-04-14,05:39:00,4.09,65,340.83,Diesel,70.13,26.96,3133.15,1890.7,5023.85,36,True,Tardía,"Distancia larga, Carga pesada",1
1871,51,31,10,49,2026-05-15,17:38:00,2026-05-15,09:26:00,2026-05-16,10:07:00,1.38,74,425.01,Diesel,60.37,24.27,3355.05,1465.18,4820.23,41,True,Tardía,"Hora pico, Distancia larga",1
1872,10,14,54,8,2026-05-31,10:22:00,2026-05-31,17:55:00,2026-05-31,17:55:00,16.05,77,209.26,Diesel,22.55,24.49,3767.3,552.25,4319.55,0,False,Entregada,Entrega realizada en tiempo,1
1873,27,27,7,15,2026-02-24,18:46:00,2026-02-24,09:14:00,2026-02-25,09:14:00,8.01,53,424.91,Diesel,54.62,25.03,3849.55,1367.14,5216.69,0,False,Entregada,Entrega realizada en tiempo,1
1874,32,3,59,17,2026-03-24,20:32:00,2026-03-24,09:48:00,2026-03-25,09:48:00,14.21,13,342.87,Diesel,73.58,26.34,3739.35,1938.1,5677.45,0,False,Entregada,Entrega realizada en tiempo,1
1875,90,2,59,11,2026-04-03,11:48:00,2026-04-03,16:30:00,2026-04-03,16:30:00,7.16,39,133.01,Diesel,26.82,24.79,2193.05,664.87,2857.92,0,False,Entregada,Entrega realizada en tiempo,0
1876,79,7,28,21,2026-06-16,06:55:00,2026-06-16,07:33:00,2026-06-16,07:33:00,3.21,25,26.83,Diesel,4.4,24.82,1155.15,109.21,1264.36,0,False,Entregada,Entrega realizada en tiempo,0
1877,73,27,26,5,2026-05-01,18:57:00,2026-05-01,02:49:00,2026-05-02,02:49:00,5.64,9,353.97,Diesel,45.5,24.38,2905.85,1109.29,4015.14,0,False,Entregada,Entrega realizada en tiempo,1
1878,34,39,35,37,2026-07-12,20:40:00,2026-07-12,01:11:00,2026-07-13,01:11:00,0.91,6,199.71,Gasolina,16.12,25.87,1637.55,417.02,2054.57,0,False,Entregada,Entrega realizada en tiempo,0
1879,94,1,56,26,2026-04-29,20:09:00,2026-04-29,08:22:00,2026-04-30,08:59:00,1.01,13,377.1,Gasolina,36.4,24.24,2590.5,882.34,3472.84,37,True,Tardía,Distancia larga,1
1880,14,15,54,21,2026-06-09,09:58:00,2026-06-09,10:36:00,2026-06-09,10:36:00,0.26,51,26.67,Diesel,5.49,26.84,1067.35,147.35,1214.7,0,False,Entregada,Entrega realizada en tiempo,0
1881,70,28,40,43,2026-05-18,10:44:00,2026-05-18,02:11:00,2026-05-19,02:11:00,0.23,75,476.63,Diesel,69.89,25.86,3506.15,1807.36,5313.51,0,False,Entregada,Entrega realizada en tiempo,1
1882,57,20,60,33,2026-04-08,12:44:00,2026-04-08,16:35:00,2026-04-08,16:35:00,1.63,12,104.87,Gasolina,14.23,24.77,1283.35,352.48,1635.83,0,False,Entregada,Entrega realizada en tiempo,0
1883,41,4,8,8,2026-06-07,08:46:00,2026-06-07,16:19:00,2026-06-07,16:19:00,0.52,77,205.5,Gasolina,34.54,23.18,2195.5,800.64,2996.14,0,False,Entregada,Entrega realizada en tiempo,0
1884,88,31,24,16,2026-06-28,15:56:00,2026-06-28,21:02:00,2026-06-28,21:02:00,0.57,6,186.19,Diesel,26.45,24.21,1535.95,640.35,2176.3,0,False,Entregada,Entrega realizada en tiempo,0
1885,11,28,44,47,2026-01-16,10:53:00,2026-01-16,20:51:00,2026-01-16,20:51:00,0.28,77,314.08,Diesel,46.05,26.31,2714.4,1211.58,3925.98,0,False,Entregada,Entrega realizada en tiempo,1
1886,51,14,27,21,2026-03-05,16:45:00,2026-03-05,17:23:00,2026-03-05,18:00:00,27.06,17,25.98,Diesel,2.8,24.98,3471.9,69.94,3541.84,37,True,Tardía,Carga pesada,0
1887,77,4,25,32,2026-01-02,06:01:00,2026-01-02,14:11:00,2026-01-02,14:11:00,1.48,77,239.64,Gasolina,40.28,24.72,2462.2,995.72,3457.92,0,False,Entregada,Entrega realizada en tiempo,0
1888,18,20,34,38,2026-03-06,09:03:00,2026-03-06,22:31:00,2026-03-06,22:31:00,1.18,38,448.04,Gasolina,60.79,26.0,3162.2,1580.54,4742.74,0,False,Entregada,Entrega realizada en tiempo,1
1889,88,18,51,48,2026-08-09,20:39:00,2026-08-09,02:16:00,2026-08-10,02:16:00,2.54,56,158.89,Diesel,14.88,25.23,1996.45,375.42,2371.87,0,False,Entregada,Entrega realizada en tiempo,0
1890,42,28,17,11,2026-01-04,12:20:00,2026-01-04,17:02:00,2026-01-04,17:02:00,0.67,55,135.6,Diesel,19.88,25.47,1685.0,506.34,2191.34,0,False,Entregada,Entrega realizada en tiempo,0
1891,57,22,35,2,2026-05-27,17:50:00,2026-05-27,00:28:00,2026-05-28,00:28:00,2.81,40,276.35,Diesel,26.73,26.89,2482.75,718.77,3201.52,0,False,Entregada,Entrega realizada en tiempo,0
1892,25,33,52,39,2026-01-08,16:08:00,2026-01-08,10:01:00,2026-01-09,10:01:00,1.02,32,474.2,Diesel,60.48,25.11,3229.0,1518.65,4747.65,0,False,Entregada,Entrega realizada en tiempo,1
1893,52,25,51,9,2026-08-07,09:49:00,2026-08-07,14:17:00,2026-08-07,14:17:00,2.74,54,179.17,Diesel,38.12,24.87,2101.85,948.04,3049.89,0,False,Entregada,Entrega realizada en tiempo,0
1894,14,26,41,22,2026-06-04,14:14:00,2026-06-04,14:50:00,2026-06-04,15:13:00,0.65,7,22.04,Gasolina,3.14,23.48,731.2,73.73,804.93,23,True,Tardía,Incidencia operativa,0
1895,24,8,12,10,2026-03-17,09:48:00,2026-03-17,02:20:00,2026-03-18,03:41:00,1.55,58,407.68,Diesel,43.56,24.4,3157.4,1062.86,4220.26,81,True,Tardía,"Tráfico alto, Hora pico, Distancia larga",1
1896,41,40,5,25,2026-01-08,08:05:00,2026-01-08,17:31:00,2026-01-08,18:07:00,7.39,23,365.35,Diesel,57.09,26.73,3249.75,1526.02,4775.77,36,True,Tardía,"Hora pico, Distancia larga",1
1897,65,17,35,34,2026-06-13,15:03:00,2026-06-13,18:37:00,2026-06-13,18:37:00,0.62,1,154.36,Diesel,27.42,26.94,1341.8,738.69,2080.49,0,False,Entregada,Entrega realizada en tiempo,0
1898,2,7,31,38,2026-05-13,15:30:00,2026-05-13,04:58:00,2026-05-14,04:58:00,2.02,64,438.34,Diesel,71.86,24.38,3405.7,1751.95,5157.65,0,False,Entregada,Entrega realizada en tiempo,1
1899,11,12,37,39,2026-08-14,14:28:00,2026-08-14,08:21:00,2026-08-15,08:21:00,0.99,2,442.8,Gasolina,63.35,23.82,2829.0,1509.0,4338.0,0,False,Entregada,Entrega realizada en tiempo,1
1900,18,27,51,17,2026-08-07,09:40:00,2026-08-07,22:56:00,2026-08-07,23:25:00,12.75,55,316.46,Diesel,40.68,24.61,3797.3,1001.13,4798.43,29,True,Tardía,"Hora pico, Distancia larga",1
1901,33,15,48,49,2026-08-15,18:21:00,2026-08-15,10:09:00,2026-08-16,10:09:00,0.52,30,393.52,Diesel,80.97,26.09,2759.6,2112.51,4872.11,0,False,Entregada,Entrega realizada en tiempo,1
1902,94,25,56,49,2026-05-17,06:29:00,2026-05-17,22:17:00,2026-05-17,22:17:00,0.5,71,422.8,Diesel,89.96,26.46,3232.0,2380.34,5612.34,0,False,Entregada,Entrega realizada en tiempo,1
1903,22,24,17,33,2026-02-14,12:08:00,2026-02-14,15:59:00,2026-02-14,15:59:00,1.14,16,110.15,Diesel,10.32,26.08,1292.75,269.15,1561.9,0,False,Entregada,Entrega realizada en tiempo,0
1904,30,33,21,17,2026-04-03,11:03:00,2026-04-03,00:19:00,2026-04-04,00:19:00,0.83,5,335.21,Diesel,42.76,25.29,2299.05,1081.4,3380.45,0,False,Entregada,Entrega realizada en tiempo,1
1905,40,24,19,42,2026-04-30,13:47:00,2026-04-30,16:58:00,2026-04-30,16:58:00,1.66,19,106.17,Diesel,9.95,26.54,1348.85,264.07,1612.92,0,False,Entregada,Entrega realizada en tiempo,0
1906,10,8,9,13,2026-02-09,17:18:00,2026-02-09,00:29:00,2026-02-10,00:29:00,1.33,69,279.48,Diesel,29.86,26.21,2582.4,782.63,3365.03,0,False,Entregada,Entrega realizada en tiempo,0
1907,63,40,47,6,2026-04-26,17:57:00,2026-04-26,00:51:00,2026-04-27,00:51:00,7.04,51,255.28,Diesel,39.89,24.73,2888.4,986.48,3874.88,0,False,Entregada,Entrega realizada en tiempo,1
1908,38,11,32,11,2026-01-08,09:55:00,2026-01-08,14:37:00,2026-01-08,14:37:00,4.31,72,126.18,Diesel,26.4,26.06,2137.9,687.98,2825.88,0,False,Entregada,Entrega realizada en tiempo,0
1909,10,31,23,46,2026-01-04,20:03:00,2026-01-04,10:53:00,2026-01-05,10:53:00,0.33,9,425.15,Diesel,60.39,25.16,2730.75,1519.41,4250.16,0,False,Entregada,Entrega realizada en tiempo,1
1910,32,3,17,22,2026-07-02,09:02:00,2026-07-02,09:38:00,2026-07-02,09:38:00,7.91,50,25.14,Diesel,5.39,26.38,1816.7,142.19,1958.89,0,False,Entregada,Entrega realizada en tiempo,0
1911,30,21,47,35,2026-05-09,08:17:00,2026-05-09,16:36:00,2026-05-09,16:36:00,0.83,80,291.2,Diesel,40.73,24.99,2679.0,1017.84,3696.84,0,False,Entregada,Entrega realizada en tiempo,1
1912,30,20,1,3,2026-08-08,08:32:00,2026-08-08,20:02:00,2026-08-08,20:02:00,1.23,9,382.47,Gasolina,51.9,24.19,2607.35,1255.46,3862.81,0,False,Entregada,Entrega realizada en tiempo,1
1913,61,33,19,33,2026-01-18,16:22:00,2026-01-18,20:13:00,2026-01-18,20:13:00,2.11,23,113.26,Diesel,14.45,24.76,1461.3,357.78,1819.08,0,False,Entregada,Entrega realizada en tiempo,0
1914,86,24,17,17,2026-04-20,06:52:00,2026-04-20,20:08:00,2026-04-20,20:57:00,2.18,69,368.18,Diesel,34.51,25.43,3110.9,877.59,3988.49,49,True,Tardía,"Distancia larga, Carga pesada",1
1915,80,14,29,46,2026-07-20,20:06:00,2026-07-20,10:56:00,2026-07-21,10:56:00,18.76,2,431.41,Diesel,46.49,25.95,4549.05,1206.42,5755.47,0,False,Entregada,Entrega realizada en tiempo,1
1916,93,21,16,42,2026-06-02,08:09:00,2026-06-02,11:20:00,2026-06-02,11:20:00,1.66,69,93.73,Diesel,13.11,25.51,1686.65,334.44,2021.09,0,False,Entregada,Entrega realizada en tiempo,0
1917,85,17,56,35,2026-07-08,15:51:00,2026-07-08,00:10:00,2026-07-09,00:10:00,0.21,80,298.86,Diesel,53.08,25.28,2655.3,1341.86,3997.16,0,False,Entregada,Entrega realizada en tiempo,1
1918,76,34,33,50,2026-02-09,06:19:00,2026-02-09,15:20:00,2026-02-09,15:20:00,3.63,41,255.06,Diesel,21.18,26.11,2466.3,553.01,3019.31,0,False,Entregada,Entrega realizada en tiempo,0
1919,62,7,18,29,2026-06-24,08:16:00,2026-06-24,13:24:00,2026-06-24,14:27:00,3.58,49,133.5,Diesel,21.89,26.24,1917.5,574.39,2491.89,63,True,Tardía,"Tráfico alto, Hora pico",0
1920,49,17,12,18,2026-02-03,09:53:00,2026-02-03,01:08:00,2026-02-04,01:08:00,0.35,72,439.89,Diesel,78.13,25.78,3310.45,2014.19,5324.64,0,False,Entregada,Entrega realizada en tiempo,1
1921,21,34,16,16,2026-05-26,08:09:00,2026-05-26,13:15:00,2026-05-26,13:15:00,5.3,15,179.54,Diesel,14.91,25.98,2047.7,387.36,2435.06,0,False,Entregada,Entrega realizada en tiempo,0
1922,64,2,26,11,2026-08-14,09:11:00,2026-08-14,13:53:00,2026-08-14,13:53:00,9.26,67,133.34,Diesel,26.88,26.77,2628.7,719.58,3348.28,0,False,Entregada,Entrega realizada en tiempo,0
1923,92,37,36,14,2026-02-12,08:07:00,2026-02-12,10:30:00,2026-02-12,10:30:00,0.83,6,58.16,Diesel,6.2,24.04,921.8,149.05,1070.85,0,False,Entregada,Entrega realizada en tiempo,0
1924,30,12,57,1,2026-01-05,07:44:00,2026-01-05,14:03:00,2026-01-05,14:49:00,0.91,67,201.97,Gasolina,28.89,23.14,2136.85,668.51,2805.36,46,True,Tardía,"Hora pico, Carga pesada",0
1925,4,33,54,41,2026-06-02,20:58:00,2026-06-02,08:39:00,2026-06-03,08:39:00,2.56,62,374.68,Diesel,47.79,24.37,3125.4,1164.64,4290.04,0,False,Entregada,Entrega realizada en tiempo,1
1926,71,6,53,19,2026-02-18,14:24:00,2026-02-18,22:13:00,2026-02-18,22:44:00,4.81,12,324.43,Diesel,47.43,26.79,2699.15,1270.65,3969.8,31,True,Tardía,Distancia larga,1
1927,84,16,42,6,2026-05-31,19:48:00,2026-05-31,02:42:00,2026-06-01,02:42:00,0.98,7,233.87,Gasolina,21.01,23.83,1823.35,500.67,2324.02,0,False,Entregada,Entrega realizada en tiempo,0
1928,97,36,42,9,2026-02-19,13:19:00,2026-02-19,17:47:00,2026-02-19,17:47:00,0.2,53,182.06,Diesel,21.47,25.77,1854.3,553.28,2407.58,0,False,Entregada,Entrega realizada en tiempo,0
1929,87,7,3,1,2026-02-20,05:29:00,2026-02-20,11:48:00,2026-02-20,11:48:00,2.1,52,178.31,Diesel,29.23,24.01,2017.55,701.81,2719.36,0,False,Entregada,Entrega realizada en tiempo,0
1930,36,22,48,38,2026-04-08,17:53:00,2026-04-08,07:21:00,2026-04-09,08:30:00,0.32,10,443.52,Diesel,42.89,25.27,2829.6,1083.83,3913.43,69,True,Tardía,"Tráfico alto, Hora pico, Distancia larga",1
1931,12,5,1,42,2026-04-11,14:19:00,2026-04-11,17:30:00,2026-04-11,17:30:00,8.22,12,106.02,Diesel,13.32,26.11,1948.1,347.79,2295.89,0,False,Entregada,Entrega realizada en tiempo,0
1932,29,19,1,29,2026-05-19,13:06:00,2026-05-19,18:14:00,2026-05-19,18:14:00,4.41,52,131.53,Diesel,12.96,26.77,2014.65,346.94,2361.59,0,False,Entregada,Entrega realizada en tiempo,0
1933,76,18,50,40,2026-05-01,06:33:00,2026-05-01,18:07:00,2026-05-01,18:45:00,0.53,79,409.91,Diesel,38.38,25.29,3234.55,970.63,4205.18,38,True,Tardía,Distancia larga,1
1934,71,13,19,36,2026-02-06,15:34:00,2026-02-06,08:55:00,2026-02-07,08:55:00,0.88,73,454.71,Gasolina,37.09,24.22,3445.55,898.32,4343.87,0,False,Entregada,Entrega realizada en tiempo,1
1935,50,39,30,1,2026-05-16,10:34:00,2026-05-16,16:53:00,2026-05-16,16:53:00,0.6,56,177.8,Gasolina,14.35,24.56,1897.0,352.44,2249.44,0,False,Entregada,Entrega realizada en tiempo,0
1936,82,37,8,31,2026-05-16,18:50:00,2026-05-16,05:58:00,2026-05-17,06:52:00,0.64,79,295.17,Diesel,31.47,25.29,2671.85,795.88,3467.73,54,True,Tardía,"Tráfico alto, Hora pico",1
1937,47,30,55,5,2026-05-26,17:57:00,2026-05-26,01:49:00,2026-05-27,02:39:00,0.42,49,306.8,Diesel,26.36,24.07,2468.0,634.49,3102.49,50,True,Tardía,"Hora pico, Distancia larga",0
1938,12,9,28,45,2026-07-15,14:29:00,2026-07-15,02:40:00,2026-07-16,02:40:00,1.06,67,463.02,Gasolina,37.86,25.49,3457.1,965.05,4422.15,0,False,Entregada,Entrega realizada en tiempo,1
1939,24,25,1,20,2026-01-21,20:54:00,2026-01-21,11:10:00,2026-01-22,11:10:00,5.99,1,457.07,Diesel,97.25,26.94,3392.35,2619.91,6012.26,0,False,Entregada,Entrega realizada en tiempo,1
1940,74,24,60,9,2026-01-19,17:23:00,2026-01-19,21:51:00,2026-01-19,21:51:00,2.38,43,177.75,Diesel,16.66,26.91,1970.75,448.32,2419.07,0,False,Entregada,Entrega realizada en tiempo,0
1941,16,30,32,30,2026-03-16,07:42:00,2026-03-16,15:14:00,2026-03-16,15:14:00,2.05,18,191.94,Diesel,16.49,25.16,1808.7,414.89,2223.59,0,False,Entregada,Entrega realizada en tiempo,0
1942,24,5,7,35,2026-06-22,20:09:00,2026-06-22,04:28:00,2026-06-23,05:13:00,3.08,36,306.64,Diesel,38.52,26.82,2629.2,1033.11,3662.31,45,True,Tardía,Distancia larga,1
1943,56,18,12,11,2026-02-06,18:21:00,2026-02-06,23:03:00,2026-02-06,23:03:00,2.81,66,142.23,Diesel,13.32,25.35,2020.15,337.66,2357.81,0,False,Entregada,Entrega realizada en tiempo,0
1944,91,17,47,47,2026-04-04,11:58:00,2026-04-04,21:56:00,2026-04-04,22:58:00,3.12,17,314.55,Diesel,55.87,25.12,2520.75,1403.45,3924.2,62,True,Tardía,"Tráfico alto, Distancia larga",1
1945,6,21,28,50,2026-05-10,08:00:00,2026-05-10,17:01:00,2026-05-10,17:42:00,1.18,74,229.92,Diesel,32.16,26.49,2359.6,851.92,3211.52,41,True,Tardía,Hora pico,0
1946,91,37,2,47,2026-01-13,07:40:00,2026-01-13,17:38:00,2026-01-13,18:40:00,2.91,52,350.63,Diesel,37.38,25.38,2960.15,948.7,3908.85,62,True,Tardía,"Tráfico alto, Hora pico, Distancia larga",1
1947,28,9,18,31,2026-02-15,19:10:00,2026-02-15,06:18:00,2026-02-16,06:18:00,0.81,72,320.73,Gasolina,26.22,25.66,2760.65,672.81,3433.46,0,False,Entregada,Entrega realizada en tiempo,0
1948,36,1,4,6,2026-05-05,19:41:00,2026-05-05,02:35:00,2026-05-06,03:35:00,1.48,67,252.21,Gasolina,24.34,23.41,2445.05,569.8,3014.85,60,True,Tardía,"Tráfico alto, Hora pico, Carga pesada",0
1949,54,5,25,35,2026-07-23,14:00:00,2026-07-23,22:19:00,2026-07-23,22:46:00,7.08,62,319.52,Diesel,40.14,24.27,3301.6,974.2,4275.8,27,True,Tardía,Distancia larga,1
1950,74,24,1,40,2026-02-15,17:56:00,2026-02-15,05:30:00,2026-02-16,05:30:00,0.61,14,369.44,Diesel,34.62,25.97,2520.2,899.08,3419.28,0,False,Entregada,Entrega realizada en tiempo,1
1951,41,12,28,6,2026-07-11,06:47:00,2026-07-11,13:41:00,2026-07-11,14:16:00,0.44,47,249.47,Gasolina,35.69,25.46,2167.35,908.67,3076.02,35,True,Tardía,Tráfico alto,0
1952,18,13,3,3,2026-04-29,07:51:00,2026-04-29,19:21:00,2026-04-29,19:21:00,1.3,56,424.68,Gasolina,34.64,25.04,3201.4,867.39,4068.79,0,False,Entregada,Entrega realizada en tiempo,1
1953,1,31,17,45,2026-08-01,07:56:00,2026-08-01,20:07:00,2026-08-01,20:07:00,0.49,65,434.63,Diesel,61.74,24.94,3242.15,1539.8,4781.95,0,False,Entregada,Entrega realizada en tiempo,1
1954,92,21,45,19,2026-02-28,08:51:00,2026-02-28,16:40:00,2026-02-28,16:40:00,1.69,73,287.66,Diesel,40.23,25.24,2691.3,1015.41,3706.71,0,False,Entregada,Entrega realizada en tiempo,1
1955,72,37,14,27,2026-03-30,08:38:00,2026-03-30,19:04:00,2026-03-30,19:55:00,2.44,33,323.09,Diesel,34.44,26.51,2623.45,913.0,3536.45,51,True,Tardía,"Hora pico, Distancia larga",1
1956,12,40,51,47,2026-05-12,08:30:00,2026-05-12,18:28:00,2026-05-12,18:28:00,6.62,26,311.51,Diesel,48.67,26.43,2927.55,1286.35,4213.9,0,False,Entregada,Entrega realizada en tiempo,1
1957,11,14,58,50,2026-07-05,07:02:00,2026-07-05,16:03:00,2026-07-05,16:03:00,1.76,34,228.84,Diesel,24.66,24.46,2092.2,603.18,2695.38,0,False,Entregada,Entrega realizada en tiempo,0
1958,100,36,43,40,2026-04-14,10:43:00,2026-04-14,22:17:00,2026-04-14,22:47:00,4.45,24,409.56,Diesel,48.3,26.91,3184.8,1299.75,4484.55,30,True,Tardía,Distancia larga,1
1959,94,24,29,17,2026-05-15,10:21:00,2026-05-15,23:37:00,2026-05-15,23:37:00,0.71,20,357.92,Diesel,33.54,24.18,2520.6,811.0,3331.6,0,False,Entregada,Entrega realizada en tiempo,0
1960,35,35,28,3,2026-07-10,16:28:00,2026-07-10,03:58:00,2026-07-11,03:58:00,1.14,25,363.37,Gasolina,49.04,23.66,2630.85,1160.29,3791.14,0,False,Entregada,Entrega realizada en tiempo,1
1961,92,17,58,20,2026-05-19,19:12:00,2026-05-19,09:28:00,2026-05-20,10:10:00,4.82,71,442.09,Diesel,78.52,25.15,3760.45,1974.78,5735.23,42,True,Tardía,"Hora pico, Distancia larga",1
1962,81,20,26,9,2026-05-19,06:21:00,2026-05-19,10:49:00,2026-05-19,11:13:00,0.56,43,168.59,Gasolina,22.88,25.78,1742.95,589.85,2332.8,24,True,Tardía,Incidencia operativa,0
1963,91,4,26,24,2026-04-25,13:22:00,2026-04-25,21:59:00,2026-04-25,21:59:00,1.13,11,339.26,Gasolina,57.02,24.19,2397.3,1379.31,3776.61,0,False,Entregada,Entrega realizada en tiempo,1
1964,27,37,12,47,2026-07-31,05:38:00,2026-07-31,15:36:00,2026-07-31,15:36:00,3.99,5,343.53,Diesel,36.62,25.0,2656.65,915.5,3572.15,0,False,Entregada,Entrega realizada en tiempo,1
1965,99,21,7,3,2026-05-07,12:46:00,2026-05-07,00:16:00,2026-05-08,00:16:00,1.33,4,387.89,Diesel,54.25,25.8,2604.45,1399.65,4004.1,0,False,Entregada,Entrega realizada en tiempo,1
1966,30,7,6,7,2026-04-29,19:24:00,2026-04-29,03:41:00,2026-04-30,03:41:00,3.62,13,310.28,Diesel,50.87,26.06,2517.4,1325.67,3843.07,0,False,Entregada,Entrega realizada en tiempo,1
1967,19,22,52,19,2026-06-30,17:43:00,2026-06-30,01:32:00,2026-07-01,02:02:00,2.0,50,322.82,Diesel,31.22,25.22,2714.1,787.37,3501.47,30,True,Tardía,"Hora pico, Distancia larga",1
1968,80,24,59,15,2026-03-22,11:44:00,2026-03-22,02:12:00,2026-03-23,02:12:00,1.42,11,416.03,Diesel,38.99,26.99,2810.15,1052.34,3862.49,0,False,Entregada,Entrega realizada en tiempo,1
1969,11,9,12,29,2026-03-22,14:55:00,2026-03-22,20:03:00,2026-03-22,20:43:00,1.0,8,119.2,Gasolina,9.75,23.96,1260.0,233.61,1493.61,40,True,Tardía,"Tráfico alto, Carga pesada",0
1970,44,14,56,47,2026-02-16,14:51:00,2026-02-16,00:49:00,2026-02-17,02:03:00,8.86,76,309.63,Diesel,33.37,24.1,3542.15,804.22,4346.37,74,True,Tardía,"Tráfico alto, Distancia larga",1
1971,37,3,54,32,2026-01-26,17:45:00,2026-01-26,01:55:00,2026-01-27,01:55:00,17.54,25,257.48,Diesel,55.25,25.39,3741.4,1402.8,5144.2,0,False,Entregada,Entrega realizada en tiempo,1
1972,71,4,60,23,2026-07-01,14:41:00,2026-07-01,00:02:00,2026-07-02,00:02:00,0.7,4,277.75,Gasolina,46.68,25.0,1990.75,1167.0,3157.75,0,False,Entregada,Entrega realizada en tiempo,0
1973,9,4,1,26,2026-03-15,09:19:00,2026-03-15,21:32:00,2026-03-15,22:13:00,0.8,2,375.52,Gasolina,63.11,23.83,2473.6,1503.91,3977.51,41,True,Tardía,"Hora pico, Distancia larga",1
1974,17,3,57,14,2026-04-20,06:32:00,2026-04-20,08:55:00,2026-04-20,08:55:00,10.47,79,61.98,Diesel,13.3,26.28,2488.9,349.52,2838.42,0,False,Entregada,Entrega realizada en tiempo,0
1975,9,5,35,20,2026-06-10,08:14:00,2026-06-10,22:30:00,2026-06-10,22:30:00,9.01,44,406.45,Diesel,51.06,25.85,3785.25,1319.9,5105.15,0,False,Entregada,Entrega realizada en tiempo,1
1976,23,35,23,23,2026-07-14,10:58:00,2026-07-14,20:19:00,2026-07-14,20:19:00,0.34,48,273.09,Gasolina,36.85,24.02,2283.45,885.14,3168.59,0,False,Entregada,Entrega realizada en tiempo,0
1977,6,24,25,5,2026-01-09,06:26:00,2026-01-09,14:18:00,2026-01-09,14:18:00,2.33,63,319.31,Diesel,29.93,25.73,2833.55,770.1,3603.65,0,False,Entregada,Entrega realizada en tiempo,1
1978,83,2,26,37,2026-04-20,20:03:00,2026-04-20,00:34:00,2026-04-21,00:34:00,1.21,10,182.37,Diesel,36.77,26.15,1612.85,961.54,2574.39,0,False,Entregada,Entrega realizada en tiempo,0
1979,62,17,3,50,2026-06-28,10:30:00,2026-06-28,19:31:00,2026-06-28,19:31:00,4.89,65,231.5,Diesel,41.12,26.04,2666.5,1070.76,3737.26,0,False,Entregada,Entrega realizada en tiempo,1
1980,92,14,43,13,2026-05-26,12:19:00,2026-05-26,19:30:00,2026-05-26,19:30:00,18.26,75,284.8,Diesel,30.69,26.96,4350.0,827.4,5177.4,0,False,Entregada,Entrega realizada en tiempo,1
1981,29,2,1,26,2026-05-06,17:24:00,2026-05-06,05:37:00,2026-05-07,06:08:00,7.55,21,348.13,Diesel,70.19,25.9,3163.65,1817.92,4981.57,31,True,Tardía,"Hora pico, Distancia larga",1
1982,2,5,32,14,2026-04-08,13:16:00,2026-04-08,15:39:00,2026-04-08,15:39:00,3.98,17,58.41,Diesel,7.34,24.55,1326.05,180.2,1506.25,0,False,Entregada,Entrega realizada en tiempo,0
1983,14,30,35,17,2026-02-17,06:40:00,2026-02-17,19:56:00,2026-02-17,19:56:00,2.21,24,343.11,Diesel,29.48,25.72,2628.55,758.23,3386.78,0,False,Entregada,Entrega realizada en tiempo,0
1984,100,10,15,15,2026-03-20,13:54:00,2026-03-20,04:22:00,2026-03-21,04:39:00,0.71,13,440.54,Gasolina,44.19,24.93,2877.7,1101.66,3979.36,17,True,Tardía,Distancia larga,1
1985,54,3,23,16,2026-01-02,20:35:00,2026-01-02,01:41:00,2026-01-03,01:41:00,10.2,53,178.98,Diesel,38.41,24.73,2838.9,949.88,3788.78,0,False,Entregada,Entrega realizada en tiempo,1
1986,20,8,6,25,2026-04-11,17:14:00,2026-04-11,02:40:00,2026-04-12,02:40:00,1.58,18,363.02,Diesel,38.78,24.02,2617.1,931.5,3548.6,0,False,Entregada,Entrega realizada en tiempo,1
1987,87,22,60,30,2026-03-27,20:50:00,2026-03-27,04:22:00,2026-03-28,04:22:00,9.11,70,204.11,Diesel,19.74,26.57,2991.55,524.49,3516.04,0,False,Entregada,Entrega realizada en tiempo,0
1988,24,6,11,38,2026-07-08,16:19:00,2026-07-08,05:47:00,2026-07-09,06:54:00,11.15,22,410.92,Diesel,60.08,26.41,3845.6,1586.71,5432.31,67,True,Tardía,"Tráfico alto, Distancia larga, Carga pesada",1
1989,23,1,57,45,2026-02-06,17:23:00,2026-02-06,05:34:00,2026-02-07,05:34:00,0.9,46,477.08,Gasolina,46.05,23.23,3343.4,1069.74,4413.14,0,False,Entregada,Entrega realizada en tiempo,1
1990,60,30,57,2,2026-06-27,08:00:00,2026-06-27,14:38:00,2026-06-27,15:09:00,1.53,57,257.96,Diesel,22.16,24.68,2398.8,546.91,2945.71,31,True,Tardía,Hora pico,0
1991,97,36,1,12,2026-02-18,16:44:00,2026-02-18,05:27:00,2026-02-19,06:06:00,2.65,22,362.26,Diesel,42.72,24.2,2752.3,1033.82,3786.12,39,True,Tardía,Distancia larga,1
1992,68,8,34,37,2026-05-06,05:43:00,2026-05-06,10:14:00,2026-05-06,10:14:00,9.01,47,176.04,Diesel,18.81,25.3,2657.2,475.89,3133.09,0,False,Entregada,Entrega realizada en tiempo,0
1993,99,8,33,28,2026-02-24,20:23:00,2026-02-24,01:37:00,2026-02-25,01:37:00,16.72,43,176.65,Diesel,18.87,24.24,3399.25,457.41,3856.66,0,False,Entregada,Entrega realizada en tiempo,0
1994,76,21,37,48,2026-04-29,18:10:00,2026-04-29,23:47:00,2026-04-30,00:30:00,0.29,13,155.08,Diesel,21.69,26.25,1408.4,569.36,1977.76,43,True,Tardía,"Tráfico alto, Hora pico",0
1995,99,22,59,16,2026-05-03,20:48:00,2026-05-03,01:54:00,2026-05-04,01:54:00,5.84,78,186.4,Diesel,18.03,24.2,2640.0,436.33,3076.33,0,False,Entregada,Entrega realizada en tiempo,0
1996,49,39,10,33,2026-05-29,18:57:00,2026-05-29,22:48:00,2026-05-29,22:48:00,0.79,23,105.94,Gasolina,8.55,23.83,1292.7,203.75,1496.45,0,False,Entregada,Entrega realizada en tiempo,0
1997,40,4,43,7,2026-05-12,08:10:00,2026-05-12,16:27:00,2026-05-12,17:26:00,1.41,62,314.69,Gasolina,52.89,24.85,2710.45,1314.32,4024.77,59,True,Tardía,"Tráfico alto, Hora pico, Distancia larga",1
1998,69,9,41,15,2026-02-04,08:03:00,2026-02-04,22:31:00,2026-02-04,23:22:00,0.27,33,432.9,Gasolina,35.4,24.96,2955.5,883.58,3839.08,51,True,Tardía,"Hora pico, Distancia larga",1
1999,94,9,60,48,2026-08-09,19:47:00,2026-08-09,01:24:00,2026-08-10,02:45:00,0.99,15,150.52,Gasolina,12.31,25.1,1471.6,308.98,1780.58,81,True,Tardía,"Tráfico alto, Hora pico, Carga pesada",0
2000,87,9,48,41,2026-07-08,05:08:00,2026-07-08,16:49:00,2026-07-08,16:49:00,0.46,5,377.77,Gasolina,30.89,25.94,2474.85,801.29,3276.14,0,False,Entregada,Entrega realizada en tiempo,0
2001,36,10,15,9,2026-02-03,17:31:00,2026-02-03,21:59:00,2026-02-03,21:59:00,0.4,46,172.75,Gasolina,17.33,23.38,1771.75,405.18,2176.93,0,False,Entregada,Entrega realizada en tiempo,0
2002,14,16,24,46,2026-02-19,06:57:00,2026-02-19,21:47:00,2026-02-19,21:47:00,0.8,17,383.81,Gasolina,34.48,24.25,2635.05,836.14,3471.19,0,False,Entregada,Entrega realizada en tiempo,1
2003,7,27,17,26,2026-02-20,05:43:00,2026-02-20,17:56:00,2026-02-20,18:49:00,25.55,8,375.44,Diesel,48.26,25.37,4996.2,1224.36,6220.56,53,True,Tardía,"Distancia larga, Carga pesada",1
2004,46,26,58,38,2026-01-25,20:14:00,2026-01-25,09:42:00,2026-01-26,09:42:00,0.55,17,467.67,Gasolina,66.71,25.05,3029.35,1671.09,4700.44,0,False,Entregada,Entrega realizada en tiempo,1
2005,84,11,39,6,2026-04-17,07:30:00,2026-04-17,14:24:00,2026-04-17,15:14:00,0.86,39,251.1,Diesel,52.53,25.75,2153.5,1352.65,3506.15,50,True,Tardía,"Tráfico alto, Hora pico",1
2006,68,14,8,2,2026-03-09,10:53:00,2026-03-09,17:31:00,2026-03-09,17:31:00,17.49,70,279.36,Diesel,30.1,24.2,4205.8,728.42,4934.22,0,False,Entregada,Entrega realizada en tiempo,1
2007,50,26,11,10,2026-05-26,07:51:00,2026-05-26,00:23:00,2026-05-27,00:23:00,0.67,26,419.88,Gasolina,59.9,24.26,2874.4,1453.17,4327.57,0,False,Entregada,Entrega realizada en tiempo,1
2008,2,33,4,24,2026-04-14,20:56:00,2026-04-14,05:33:00,2026-04-15,05:33:00,3.61,48,292.79,Diesel,37.35,25.25,2708.95,943.09,3652.04,0,False,Entregada,Entrega realizada en tiempo,1
2009,51,30,49,3,2026-04-09,10:44:00,2026-04-09,22:14:00,2026-04-09,22:14:00,2.19,51,433.85,Diesel,37.27,24.25,3296.25,903.8,4200.05,0,False,Entregada,Entrega realizada en tiempo,1
2010,66,26,24,24,2026-01-16,12:37:00,2026-01-16,21:14:00,2026-01-16,21:14:00,0.31,37,328.7,Gasolina,46.89,25.35,2470.5,1188.66,3659.16,0,False,Entregada,Entrega realizada en tiempo,1
2011,39,3,29,28,2026-04-11,09:43:00,2026-04-11,14:57:00,2026-04-11,14:57:00,1.11,40,183.66,Diesel,39.41,24.57,1849.3,968.3,2817.6,0,False,Entregada,Entrega realizada en tiempo,0
2012,29,37,27,23,2026-01-03,12:41:00,2026-01-03,22:02:00,2026-01-03,22:02:00,2.62,78,272.89,Diesel,29.09,25.36,2750.45,737.72,3488.17,0,False,Entregada,Entrega realizada en tiempo,0
2013,17,11,25,9,2026-04-22,08:05:00,2026-04-22,12:33:00,2026-04-22,12:33:00,7.88,38,180.73,Diesel,37.81,24.77,2495.65,936.55,3432.2,0,False,Entregada,Entrega realizada en tiempo,0
2014,53,9,59,48,2026-03-29,20:44:00,2026-03-29,02:21:00,2026-03-30,02:48:00,0.62,42,162.61,Gasolina,13.3,25.04,1711.05,333.03,2044.08,27,True,Tardía,Tráfico alto,0
2015,66,3,35,48,2026-05-07,08:47:00,2026-05-07,14:24:00,2026-05-07,14:24:00,21.7,80,139.57,Diesel,29.95,24.44,4007.85,731.98,4739.83,0,False,Entregada,Entrega realizada en tiempo,1
2016,31,20,59,46,2026-01-22,15:16:00,2026-01-22,06:06:00,2026-01-23,06:45:00,1.62,29,384.25,Gasolina,52.14,25.16,2815.25,1311.84,4127.09,39,True,Tardía,"Distancia larga, Carga pesada",1
2017,37,30,12,24,2026-06-20,06:23:00,2026-06-20,15:00:00,2026-06-20,15:30:00,2.06,69,302.16,Diesel,25.96,26.85,2768.8,697.03,3465.83,30,True,Tardía,Distancia larga,0
2018,5,16,5,6,2026-06-30,14:54:00,2026-06-30,21:48:00,2026-06-30,21:48:00,0.33,68,249.32,Gasolina,22.4,23.08,2323.6,516.99,2840.59,0,False,Entregada,Entrega realizada en tiempo,0
2019,93,18,24,30,2026-07-19,15:58:00,2026-07-19,23:30:00,2026-07-19,23:30:00,2.7,73,193.98,Diesel,18.16,25.5,2323.9,463.08,2786.98,0,False,Entregada,Entrega realizada en tiempo,0
2020,59,26,38,46,2026-07-04,11:46:00,2026-07-04,02:36:00,2026-07-05,02:36:00,0.23,43,425.04,Gasolina,60.63,24.08,2992.2,1459.97,4452.17,0,False,Entregada,Entrega realizada en tiempo,1
2021,31,28,24,37,2026-05-01,11:25:00,2026-05-01,15:56:00,2026-05-01,15:56:00,0.94,50,183.94,Diesel,26.97,25.78,1913.7,695.29,2608.99,0,False,Entregada,Entrega realizada en tiempo,0
2022,65,25,52,5,2026-04-21,09:57:00,2026-04-21,17:49:00,2026-04-21,18:33:00,2.55,36,323.34,Diesel,68.8,25.11,2659.7,1727.57,4387.27,44,True,Tardía,"Hora pico, Distancia larga",1
2023,69,1,37,22,2026-08-03,12:32:00,2026-08-03,13:08:00,2026-08-03,13:08:00,0.27,12,24.71,Gasolina,2.39,23.56,746.55,56.31,802.86,0,False,Entregada,Entrega realizada en tiempo,0
2024,52,39,10,21,2026-07-21,14:36:00,2026-07-21,15:14:00,2026-07-21,15:14:00,1.05,49,25.57,Gasolina,2.06,25.53,1124.85,52.59,1177.44,0,False,Entregada,Entrega realizada en tiempo,0
2025,24,8,55,16,2026-01-04,17:55:00,2026-01-04,23:01:00,2026-01-04,23:45:00,8.14,36,184.01,Diesel,19.66,26.96,2522.05,530.03,3052.08,44,True,Tardía,Hora pico,0
2026,35,12,25,8,2026-07-28,12:03:00,2026-07-28,19:36:00,2026-07-28,19:36:00,0.67,34,207.76,Gasolina,29.72,24.75,1877.8,735.57,2613.37,0,False,Entregada,Entrega realizada en tiempo,0
2027,32,11,27,8,2026-03-19,13:56:00,2026-03-19,21:29:00,2026-03-19,21:29:00,5.38,40,206.21,Diesel,43.14,26.43,2389.05,1140.19,3529.24,0,False,Entregada,Entrega realizada en tiempo,1
2028,58,37,27,15,2026-06-18,17:14:00,2026-06-18,07:42:00,2026-06-19,07:42:00,3.0,14,420.55,Diesel,44.83,26.04,3014.75,1167.37,4182.12,0,False,Entregada,Entrega realizada en tiempo,1
2029,3,2,35,42,2026-06-25,08:31:00,2026-06-25,11:42:00,2026-06-25,11:42:00,15.79,68,98.29,Diesel,19.82,26.76,3114.45,530.38,3644.83,0,False,Entregada,Entrega realizada en tiempo,0
2030,19,8,6,24,2026-07-06,20:28:00,2026-07-06,05:05:00,2026-07-07,05:05:00,13.81,12,298.57,Diesel,31.9,25.67,3469.85,818.87,4288.72,0,False,Entregada,Entrega realizada en tiempo,1
2031,41,11,14,24,2026-07-28,11:47:00,2026-07-28,20:24:00,2026-07-28,20:24:00,5.34,23,319.66,Diesel,66.87,26.72,2816.3,1786.77,4603.07,0,False,Entregada,Entrega realizada en tiempo,1
2032,59,17,18,44,2026-06-16,18:03:00,2026-06-16,20:13:00,2026-06-16,20:13:00,1.91,15,59.44,Diesel,10.56,25.93,1108.2,273.82,1382.02,0,False,Entregada,Entrega realizada en tiempo,0
2033,21,2,45,34,2026-04-16,13:56:00,2026-04-16,17:30:00,2026-04-16,17:30:00,10.03,19,155.19,Diesel,31.29,25.33,2430.95,792.58,3223.53,0,False,Entregada,Entrega realizada en tiempo,0
2034,58,9,37,28,2026-04-13,13:26:00,2026-04-13,18:40:00,2026-04-13,18:40:00,0.66,25,177.29,Gasolina,14.5,23.01,1652.45,333.65,1986.1,0,False,Entregada,Entrega realizada en tiempo,0
2035,36,4,42,3,2026-07-15,14:52:00,2026-07-15,02:22:00,2026-07-16,02:22:00,1.21,20,366.3,Gasolina,61.56,25.8,2612.5,1588.25,4200.75,0,False,Entregada,Entrega realizada en tiempo,1
2036,9,2,60,24,2026-03-25,19:42:00,2026-03-25,04:19:00,2026-03-26,04:53:00,7.39,6,295.14,Diesel,59.5,26.57,2762.7,1580.91,4343.61,34,True,Tardía,Hora pico,1
2037,23,9,5,20,2026-02-17,13:29:00,2026-02-17,03:45:00,2026-02-18,04:09:00,0.36,25,402.5,Gasolina,32.91,23.68,2748.5,779.31,3527.81,24,True,Tardía,Distancia larga,1
2038,74,8,50,14,2026-07-15,15:33:00,2026-07-15,17:56:00,2026-07-15,17:56:00,8.9,12,57.64,Diesel,6.16,24.49,1774.2,150.86,1925.06,0,False,Entregada,Entrega realizada en tiempo,0
2039,5,13,8,13,2026-04-07,14:22:00,2026-04-07,21:33:00,2026-04-07,21:33:00,0.91,20,260.72,Gasolina,21.27,24.17,2054.6,514.1,2568.7,0,False,Entregada,Entrega realizada en tiempo,0
2040,93,2,39,42,2026-02-17,18:50:00,2026-02-17,22:01:00,2026-02-17,22:01:00,8.06,32,95.35,Diesel,19.22,26.16,2038.75,502.8,2541.55,0,False,Entregada,Entrega realizada en tiempo,0
2041,79,23,53,43,2026-06-24,09:58:00,2026-06-24,01:25:00,2026-06-25,02:31:00,1.51,31,413.7,Gasolina,75.77,25.1,2967.5,1901.83,4869.33,66,True,Tardía,"Hora pico, Distancia larga, Carga pesada",1
2042,25,34,39,39,2026-02-14,05:18:00,2026-02-14,23:11:00,2026-02-14,23:11:00,8.17,47,419.28,Diesel,34.82,26.07,3789.4,907.76,4697.16,0,False,Entregada,Entrega realizada en tiempo,1
2043,29,23,15,9,2026-02-28,16:27:00,2026-02-28,20:55:00,2026-02-28,20:55:00,0.31,12,177.46,Gasolina,32.5,25.92,1514.3,842.4,2356.7,0,False,Entregada,Entrega realizada en tiempo,0
2044,61,26,6,4,2026-05-22,17:02:00,2026-05-22,18:20:00,2026-05-22,19:09:00,0.54,66,42.24,Gasolina,6.03,25.36,1293.2,152.92,1446.12,49,True,Tardía,Hora pico,0
2045,16,33,52,11,2026-08-01,09:24:00,2026-08-01,14:06:00,2026-08-01,14:39:00,2.22,5,149.49,Diesel,19.07,24.47,1509.45,466.64,1976.09,33,True,Tardía,Hora pico,0
2046,13,23,42,36,2026-02-26,20:43:00,2026-02-26,14:04:00,2026-02-27,14:04:00,0.28,72,411.5,Gasolina,75.37,23.55,3161.5,1774.96,4936.46,0,False,Entregada,Entrega realizada en tiempo,1
2047,12,32,43,41,2026-04-22,11:34:00,2026-04-22,23:15:00,2026-04-22,23:15:00,0.24,34,380.99,Gasolina,34.51,24.44,2700.95,843.42,3544.37,0,False,Entregada,Entrega realizada en tiempo,1
2048,42,29,49,17,2026-02-03,08:13:00,2026-02-03,21:29:00,2026-02-03,21:29:00,1.08,28,358.44,Diesel,37.45,26.95,2624.2,1009.28,3633.48,0,False,Entregada,Entrega realizada en tiempo,1
2049,19,11,59,46,2026-05-11,05:40:00,2026-05-11,20:30:00,2026-05-11,20:30:00,0.57,14,452.57,Diesel,94.68,24.88,2931.85,2355.64,5287.49,0,False,Entregada,Entrega realizada en tiempo,1
2050,20,23,36,43,2026-08-08,08:45:00,2026-08-08,00:12:00,2026-08-09,01:07:00,1.52,24,426.49,Gasolina,78.11,23.55,2976.45,1839.49,4815.94,55,True,Tardía,"Hora pico, Distancia larga, Carga pesada",1
2051,80,22,14,24,2026-06-17,06:57:00,2026-06-17,15:34:00,2026-06-17,15:34:00,0.93,50,295.53,Diesel,28.58,26.69,2470.65,762.8,3233.45,0,False,Entregada,Entrega realizada en tiempo,0
2052,93,31,56,16,2026-01-18,08:34:00,2026-01-18,13:40:00,2026-01-18,13:40:00,0.39,8,161.58,Diesel,22.95,26.05,1410.9,597.85,2008.75,0,False,Entregada,Entrega realizada en tiempo,0
2053,63,18,7,16,2026-01-02,18:42:00,2026-01-02,23:48:00,2026-01-02,23:48:00,2.21,41,165.64,Diesel,15.51,25.68,1877.2,398.3,2275.5,0,False,Entregada,Entrega realizada en tiempo,0
2054,40,8,42,36,2026-03-24,08:00:00,2026-03-24,01:21:00,2026-03-25,02:10:00,8.26,10,487.17,Diesel,52.05,25.98,3841.85,1352.26,5194.11,49,True,Tardía,"Hora pico, Distancia larga",1
2055,66,19,43,26,2026-02-28,18:42:00,2026-02-28,06:55:00,2026-03-01,07:48:00,5.29,47,388.66,Diesel,38.29,24.14,3348.3,924.32,4272.62,53,True,Tardía,"Hora pico, Distancia larga",1
2056,41,17,37,5,2026-07-24,09:59:00,2026-07-24,17:51:00,2026-07-24,18:34:00,1.52,9,319.58,Diesel,56.76,24.23,2321.9,1375.29,3697.19,43,True,Tardía,"Hora pico, Distancia larga",1
2057,99,22,22,28,2026-03-11,05:36:00,2026-03-11,10:50:00,2026-03-11,10:50:00,5.45,12,171.95,Diesel,16.63,25.13,2000.75,417.91,2418.66,0,False,Entregada,Entrega realizada en tiempo,0
2058,28,38,21,29,2026-05-21,18:22:00,2026-05-21,23:30:00,2026-05-21,23:59:00,0.2,24,135.42,Gasolina,11.51,23.76,1389.1,273.48,1662.58,29,True,Tardía,"Tráfico alto, Hora pico",0
2059,56,11,43,1,2026-01-19,18:06:00,2026-01-19,00:25:00,2026-01-20,00:25:00,5.47,18,183.88,Diesel,38.47,24.27,2110.4,933.67,3044.07,0,False,Entregada,Entrega realizada en tiempo,0
2060,40,5,13,37,2026-03-04,16:57:00,2026-03-04,21:28:00,2026-03-04,21:28:00,4.81,80,185.1,Diesel,23.25,25.6,2546.5,595.2,3141.7,0,False,Entregada,Entrega realizada en tiempo,0
2061,83,30,26,3,2026-05-25,19:30:00,2026-05-25,07:00:00,2026-05-26,08:03:00,0.25,28,385.65,Diesel,33.13,24.69,2677.25,817.98,3495.23,63,True,Tardía,"Hora pico, Distancia larga",1
2062,78,12,9,29,2026-06-16,15:43:00,2026-06-16,20:51:00,2026-06-16,20:51:00,0.35,4,121.13,Gasolina,17.33,24.02,1172.65,416.27,1588.92,0,False,Entregada,Entrega realizada en tiempo,0
2063,74,34,35,40,2026-05-02,20:26:00,2026-05-02,08:00:00,2026-05-03,08:56:00,15.28,46,413.82,Diesel,34.37,26.05,4465.1,895.34,5360.44,56,True,Tardía,"Distancia larga, Carga pesada",1
2064,90,20,13,8,2026-06-04,07:40:00,2026-06-04,15:13:00,2026-06-04,15:13:00,1.25,49,188.74,Gasolina,25.61,23.57,1960.7,603.63,2564.33,0,False,Entregada,Entrega realizada en tiempo,0
2065,66,38,41,22,2026-02-16,10:07:00,2026-02-16,10:43:00,2026-02-16,10:56:00,0.53,19,22.12,Gasolina,1.88,24.76,815.6,46.55,862.15,13,True,Tardía,Incidencia operativa,0
2066,46,2,50,23,2026-05-05,15:17:00,2026-05-05,00:38:00,2026-05-06,00:38:00,1.78,37,252.33,Diesel,50.87,25.37,2235.65,1290.57,3526.22,0,False,Entregada,Entrega realizada en tiempo,1
2067,37,31,1,46,2026-01-13,05:08:00,2026-01-13,19:58:00,2026-01-13,19:58:00,1.38,54,431.24,Diesel,61.26,25.39,3226.2,1555.39,4781.59,0,False,Entregada,Entrega realizada en tiempo,1
2068,40,20,35,43,2026-07-15,16:31:00,2026-07-15,07:58:00,2026-07-16,07:58:00,0.99,52,441.57,Gasolina,59.91,24.34,3222.85,1458.21,4681.06,0,False,Entregada,Entrega realizada en tiempo,1
2069,58,20,57,6,2026-04-18,09:24:00,2026-04-18,16:18:00,2026-04-18,17:07:00,1.53,45,231.68,Gasolina,31.44,23.07,2171.4,725.32,2896.72,49,True,Tardía,"Tráfico alto, Hora pico, Carga pesada",0
2070,32,23,21,45,2026-02-26,18:12:00,2026-02-26,06:23:00,2026-02-27,06:23:00,0.64,5,454.63,Gasolina,83.27,24.16,2877.15,2011.8,4888.95,0,False,Entregada,Entrega realizada en tiempo,1
2071,35,37,28,40,2026-02-17,17:28:00,2026-02-17,05:02:00,2026-02-18,06:11:00,3.86,11,444.23,Diesel,47.36,24.41,3195.15,1156.06,4351.21,69,True,Tardía,"Hora pico, Distancia larga",1
2072,90,25,15,21,2026-02-22,06:44:00,2026-02-22,07:22:00,2026-02-22,07:22:00,2.82,48,26.94,Diesel,5.73,26.16,1300.7,149.9,1450.6,0,False,Entregada,Entrega realizada en tiempo,0
2073,23,24,23,8,2026-02-11,19:10:00,2026-02-11,02:43:00,2026-02-12,02:43:00,2.02,60,185.36,Diesel,17.37,24.62,2108.8,427.65,2536.45,0,False,Entregada,Entrega realizada en tiempo,0
2074,39,16,6,21,2026-06-07,12:58:00,2026-06-07,13:36:00,2026-06-07,13:36:00,0.6,68,24.71,Gasolina,2.22,24.68,1227.55,54.79,1282.34,0,False,Entregada,Entrega realizada en tiempo,0
2075,73,22,40,26,2026-03-31,12:26:00,2026-03-31,00:39:00,2026-04-01,01:21:00,9.46,56,336.28,Diesel,32.52,26.24,3575.4,853.32,4428.72,42,True,Tardía,"Distancia larga, Carga pesada",1
2076,40,17,51,5,2026-07-22,12:39:00,2026-07-22,20:31:00,2026-07-22,20:31:00,7.61,16,316.59,Diesel,56.23,26.78,2971.95,1505.84,4477.79,0,False,Entregada,Entrega realizada en tiempo,1
2077,76,16,49,39,2026-03-04,11:17:00,2026-03-04,05:10:00,2026-03-05,05:10:00,0.94,75,450.47,Gasolina,40.47,23.68,3446.35,958.33,4404.68,0,False,Entregada,Entrega realizada en tiempo,1
2078,35,27,17,2,2026-05-15,20:10:00,2026-05-15,02:48:00,2026-05-16,02:48:00,15.8,19,279.55,Diesel,35.93,25.78,3629.75,926.28,4556.03,0,False,Entregada,Entrega realizada en tiempo,1
2079,65,27,9,39,2026-07-05,18:46:00,2026-07-05,12:39:00,2026-07-06,12:39:00,21.9,28,489.37,Diesel,62.9,26.01,5360.85,1636.03,6996.88,0,False,Entregada,Entrega realizada en tiempo,1
2080,69,34,38,18,2026-01-26,10:10:00,2026-01-26,01:25:00,2026-01-27,01:25:00,1.14,14,436.94,Diesel,36.29,26.99,2910.7,979.47,3890.17,0,False,Entregada,Entrega realizada en tiempo,1
2081,98,37,29,9,2026-01-16,09:07:00,2026-01-16,13:35:00,2026-01-16,13:35:00,0.86,62,172.19,Diesel,18.36,25.44,1942.95,467.08,2410.03,0,False,Entregada,Entrega realizada en tiempo,0
2082,39,34,23,13,2026-03-15,16:23:00,2026-03-15,23:34:00,2026-03-15,23:34:00,8.85,44,255.32,Diesel,21.21,25.76,3013.6,546.37,3559.97,0,False,Entregada,Entrega realizada en tiempo,0
2083,100,9,3,16,2026-01-03,06:19:00,2026-01-03,11:25:00,2026-01-03,11:25:00,0.65,36,190.53,Gasolina,15.58,25.54,1805.65,397.91,2203.56,0,False,Entregada,Entrega realizada en tiempo,0
2084,49,5,10,47,2026-06-06,10:36:00,2026-06-06,20:34:00,2026-06-06,20:34:00,1.47,7,349.48,Diesel,43.9,24.42,2450.4,1072.04,3522.44,0,False,Entregada,Entrega realizada en tiempo,1
2085,95,23,7,9,2026-07-19,08:13:00,2026-07-19,12:41:00,2026-07-19,12:41:00,0.82,60,162.76,Gasolina,29.81,24.18,1875.8,720.81,2596.61,0,False,Entregada,Entrega realizada en tiempo,0
2086,46,34,46,39,2026-04-11,09:21:00,2026-04-11,03:14:00,2026-04-12,03:14:00,2.7,75,496.59,Diesel,41.25,26.03,3852.95,1073.74,4926.69,0,False,Entregada,Entrega realizada en tiempo,1
2087,61,1,36,28,2026-07-26,07:59:00,2026-07-26,13:13:00,2026-07-26,13:13:00,1.49,74,201.53,Gasolina,19.45,25.83,2248.65,502.39,2751.04,0,False,Entregada,Entrega realizada en tiempo,0
2088,34,24,36,20,2026-02-18,11:44:00,2026-02-18,02:00:00,2026-02-19,02:00:00,2.38,42,402.99,Diesel,37.77,24.66,3088.95,931.41,4020.36,0,False,Entregada,Entrega realizada en tiempo,1
2089,10,15,60,35,2026-05-21,14:03:00,2026-05-21,22:22:00,2026-05-21,22:48:00,1.6,27,322.5,Diesel,66.36,26.49,2488.5,1757.88,4246.38,26,True,Tardía,Distancia larga,1
2090,21,9,3,16,2026-02-19,12:29:00,2026-02-19,17:35:00,2026-02-19,17:35:00,0.62,38,171.36,Gasolina,14.01,24.22,1722.8,339.32,2062.12,0,False,Entregada,Entrega realizada en tiempo,0
2091,84,7,2,20,2026-03-01,17:45:00,2026-03-01,08:01:00,2026-03-02,08:01:00,2.11,75,434.32,Diesel,71.2,26.22,3482.6,1866.86,5349.46,0,False,Entregada,Entrega realizada en tiempo,1
2092,87,26,51,35,2026-08-01,05:02:00,2026-08-01,13:21:00,2026-08-01,13:21:00,0.54,71,292.28,Gasolina,41.69,25.97,2583.4,1082.69,3666.09,0,False,Entregada,Entrega realizada en tiempo,1
2093,84,21,46,46,2026-02-06,11:24:00,2026-02-06,02:14:00,2026-02-07,02:14:00,0.93,75,421.38,Diesel,58.93,24.46,3299.9,1441.43,4741.33,0,False,Entregada,Entrega realizada en tiempo,1
2094,84,6,42,43,2026-05-05,17:56:00,2026-05-05,09:23:00,2026-05-06,09:58:00,6.74,37,419.18,Diesel,61.28,24.91,3565.9,1526.48,5092.38,35,True,Tardía,"Hora pico, Distancia larga",1
2095,41,4,10,15,2026-05-18,14:03:00,2026-05-18,04:31:00,2026-05-19,05:11:00,1.32,21,388.87,Gasolina,65.36,24.27,2744.35,1586.29,4330.64,40,True,Tardía,Distancia larga,1
2096,44,12,29,49,2026-03-28,09:12:00,2026-03-28,01:00:00,2026-03-29,01:50:00,0.5,26,434.5,Gasolina,62.16,23.03,2930.5,1431.54,4362.04,50,True,Tardía,"Hora pico, Distancia larga",1
2097,3,9,22,26,2026-05-27,08:13:00,2026-05-27,20:26:00,2026-05-27,20:26:00,0.69,27,341.75,Gasolina,27.94,23.69,2493.75,661.9,3155.65,0,False,Entregada,Entrega realizada en tiempo,0
2098,29,13,17,27,2026-04-30,17:04:00,2026-04-30,03:30:00,2026-05-01,03:30:00,1.44,16,321.99,Gasolina,26.26,24.28,2381.95,637.59,3019.54,0,False,Entregada,Entrega realizada en tiempo,0
2099,59,24,60,1,2026-04-23,16:09:00,2026-04-23,22:28:00,2026-04-23,22:28:00,1.95,62,195.43,Diesel,18.32,25.04,2168.15,458.73,2626.88,0,False,Entregada,Entrega realizada en tiempo,0
2100,41,16,58,48,2026-01-15,09:17:00,2026-01-15,14:54:00,2026-01-15,15:33:00,0.81,48,153.21,Gasolina,13.77,25.2,1731.05,347.0,2078.05,39,True,Tardía,"Tráfico alto, Hora pico",0
2101,72,17,53,32,2026-02-13,10:01:00,2026-02-13,18:11:00,2026-02-13,18:11:00,1.43,28,236.67,Diesel,42.04,26.75,2050.35,1124.57,3174.92,0,False,Entregada,Entrega realizada en tiempo,0
2102,17,3,9,35,2026-03-17,17:04:00,2026-03-17,01:23:00,2026-03-18,01:23:00,9.68,75,318.34,Diesel,68.31,26.39,3659.7,1802.7,5462.4,0,False,Entregada,Entrega realizada en tiempo,1
2103,99,2,6,30,2026-07-03,09:10:00,2026-07-03,16:42:00,2026-07-03,16:42:00,8.56,17,190.47,Diesel,38.4,26.64,2444.35,1022.98,3467.33,0,False,Entregada,Entrega realizada en tiempo,0
2104,8,29,53,47,2026-04-16,11:42:00,2026-04-16,21:40:00,2026-04-16,21:40:00,0.21,70,337.93,Diesel,35.31,26.33,2770.65,929.71,3700.36,0,False,Entregada,Entrega realizada en tiempo,1
2105,14,31,42,41,2026-06-26,18:20:00,2026-06-26,06:01:00,2026-06-27,07:22:00,0.62,34,423.4,Diesel,60.14,24.15,2951.0,1452.38,4403.38,81,True,Tardía,"Tráfico alto, Hora pico, Distancia larga",1
2106,47,35,15,35,2026-08-12,17:09:00,2026-08-12,01:28:00,2026-08-13,01:28:00,0.23,61,317.48,Gasolina,42.84,24.02,2598.4,1029.02,3627.42,0,False,Entregada,Entrega realizada en tiempo,1
2107,9,12,10,21,2026-06-03,06:51:00,2026-06-03,07:29:00,2026-06-03,07:29:00,1.0,75,23.59,Gasolina,3.37,24.03,1317.95,80.98,1398.93,0,False,Entregada,Entrega realizada en tiempo,0
2108,51,35,19,46,2026-03-07,19:46:00,2026-03-07,10:36:00,2026-03-08,10:36:00,0.74,19,384.67,Gasolina,51.91,24.46,2649.35,1269.72,3919.07,0,False,Entregada,Entrega realizada en tiempo,1
2109,81,13,29,37,2026-07-16,07:50:00,2026-07-16,12:21:00,2026-07-16,12:40:00,1.32,24,189.94,Gasolina,15.49,25.94,1773.7,401.81,2175.51,19,True,Tardía,Hora pico,0
2110,16,34,30,33,2026-01-11,10:44:00,2026-01-11,14:35:00,2026-01-11,14:35:00,6.62,45,109.59,Diesel,9.1,25.66,2069.95,233.51,2303.46,0,False,Entregada,Entrega realizada en tiempo,0
2111,96,40,4,43,2026-01-19,17:54:00,2026-01-19,09:21:00,2026-01-20,09:21:00,10.84,7,418.01,Diesel,65.31,25.45,3730.05,1662.14,5392.19,0,False,Entregada,Entrega realizada en tiempo,1
2112,89,3,52,41,2026-02-27,08:22:00,2026-02-27,20:03:00,2026-02-27,20:03:00,0.71,14,433.21,Diesel,92.96,25.86,2849.05,2403.95,5253.0,0,False,Entregada,Entrega realizada en tiempo,1
2113,33,23,12,39,2026-03-23,08:31:00,2026-03-23,02:24:00,2026-03-24,03:15:00,1.1,14,491.48,Gasolina,90.01,25.25,3179.4,2272.75,5452.15,51,True,Tardía,"Hora pico, Distancia larga",1
2114,32,15,36,30,2026-02-16,09:01:00,2026-02-16,16:33:00,2026-02-16,16:33:00,2.55,47,210.21,Diesel,43.25,24.45,2182.05,1057.46,3239.51,0,False,Entregada,Entrega realizada en tiempo,0
2115,15,25,12,25,2026-06-23,13:43:00,2026-06-23,23:09:00,2026-06-23,23:09:00,4.87,34,358.85,Diesel,76.35,25.94,3053.25,1980.52,5033.77,0,False,Entregada,Entrega realizada en tiempo,1
2116,25,13,48,48,2026-01-01,20:52:00,2026-01-01,02:29:00,2026-01-02,03:16:00,1.83,26,155.66,Gasolina,12.7,24.33,1669.3,308.99,1978.29,47,True,Tardía,"Tráfico alto, Carga pesada",0
2117,3,20,33,34,2026-05-08,19:38:00,2026-05-08,23:12:00,2026-05-08,23:12:00,0.46,75,141.26,Gasolina,19.17,23.04,1852.3,441.68,2293.98,0,False,Entregada,Entrega realizada en tiempo,0
2118,60,2,52,11,2026-01-03,14:39:00,2026-01-03,19:21:00,2026-01-03,19:21:00,3.43,49,130.83,Diesel,26.38,26.05,1889.15,687.2,2576.35,0,False,Entregada,Entrega realizada en tiempo,0
2119,10,40,50,21,2026-02-18,17:31:00,2026-02-18,18:09:00,2026-02-18,18:09:00,3.84,33,25.41,Diesel,3.97,26.71,1275.05,106.04,1381.09,0,False,Entregada,Entrega realizada en tiempo,0
2120,51,28,41,43,2026-02-23,09:56:00,2026-02-23,01:23:00,2026-02-24,01:23:00,0.68,77,437.47,Diesel,64.15,25.24,3371.35,1619.15,4990.5,0,False,Entregada,Entrega realizada en tiempo,1
2121,35,12,29,32,2026-05-02,13:50:00,2026-05-02,22:00:00,2026-05-02,22:00:00,0.73,22,228.18,Gasolina,32.64,24.08,1889.9,785.97,2675.87,0,False,Entregada,Entrega realizada en tiempo,0
2122,20,2,27,6,2026-08-15,15:22:00,2026-08-15,22:16:00,2026-08-15,22:59:00,1.63,70,236.44,Diesel,47.67,24.08,2405.2,1147.89,3553.09,43,True,Tardía,Tráfico alto,1
2123,48,37,47,11,2026-02-08,12:07:00,2026-02-08,16:49:00,2026-02-08,16:49:00,2.63,10,129.97,Diesel,13.86,26.59,1492.85,368.54,1861.39,0,False,Entregada,Entrega realizada en tiempo,0
2124,99,27,14,3,2026-02-08,13:20:00,2026-02-08,00:50:00,2026-02-09,00:50:00,7.84,75,390.58,Diesel,50.2,25.31,3836.9,1270.56,5107.46,0,False,Entregada,Entrega realizada en tiempo,1
2125,60,10,42,27,2026-02-14,12:42:00,2026-02-14,23:08:00,2026-02-14,23:30:00,1.28,24,288.47,Gasolina,28.93,23.23,2262.35,672.04,2934.39,22,True,Tardía,Incidencia operativa,0
2126,85,17,40,33,2026-01-07,20:21:00,2026-01-07,00:12:00,2026-01-08,00:25:00,6.22,13,112.66,Diesel,20.01,24.67,1789.3,493.65,2282.95,13,True,Tardía,Incidencia operativa,0
2127,69,3,3,18,2026-05-27,20:54:00,2026-05-27,12:09:00,2026-05-28,12:09:00,18.26,29,456.27,Diesel,97.91,24.47,4839.35,2395.86,7235.21,0,False,Entregada,Entrega realizada en tiempo,1
2128,83,6,12,10,2026-01-25,09:50:00,2026-01-25,02:22:00,2026-01-26,03:31:00,0.43,10,409.58,Diesel,59.88,25.61,2670.9,1533.53,4204.43,69,True,Tardía,"Tráfico alto, Hora pico, Distancia larga",1
2129,56,35,27,35,2026-05-08,15:19:00,2026-05-08,23:38:00,2026-05-09,00:27:00,1.22,2,309.96,Gasolina,41.83,23.98,2187.8,1003.08,3190.88,49,True,Tardía,"Distancia larga, Carga pesada",1
2130,72,35,4,25,2026-03-21,12:48:00,2026-03-21,22:14:00,2026-03-21,22:14:00,0.85,18,353.19,Gasolina,47.66,25.02,2494.95,1192.45,3687.4,0,False,Entregada,Entrega realizada en tiempo,1
2131,6,25,12,37,2026-05-09,18:28:00,2026-05-09,22:59:00,2026-05-09,22:59:00,7.59,68,203.6,Diesel,43.32,26.5,2821.0,1147.98,3968.98,0,False,Entregada,Entrega realizada en tiempo,1
2132,67,21,50,48,2026-04-10,15:18:00,2026-04-10,20:55:00,2026-04-10,20:55:00,1.74,52,159.99,Diesel,22.38,26.33,1889.95,589.27,2479.22,0,False,Entregada,Entrega realizada en tiempo,0
2133,16,39,28,47,2026-02-03,09:18:00,2026-02-03,19:16:00,2026-02-03,20:12:00,0.49,24,362.63,Gasolina,29.27,23.23,2554.15,679.94,3234.09,56,True,Tardía,"Tráfico alto, Hora pico, Distancia larga",1
2134,24,2,20,45,2026-01-17,06:18:00,2026-01-17,18:29:00,2026-01-17,18:29:00,1.0,21,444.03,Diesel,89.52,25.6,2988.15,2291.71,5279.86,0,False,Entregada,Entrega realizada en tiempo,1
2135,15,19,47,32,2026-05-11,08:05:00,2026-05-11,16:15:00,2026-05-11,16:15:00,6.87,61,236.42,Diesel,23.29,25.34,2857.1,590.17,3447.27,0,False,Entregada,Entrega realizada en tiempo,0
2136,98,27,38,40,2026-06-02,11:36:00,2026-06-02,23:10:00,2026-06-02,23:36:00,6.15,68,378.14,Diesel,48.6,24.33,3549.7,1182.44,4732.14,26,True,Tardía,Distancia larga,1
2137,71,2,4,15,2026-08-13,16:27:00,2026-08-13,06:55:00,2026-08-14,07:20:00,14.18,53,427.54,Diesel,86.2,24.02,4479.7,2070.52,6550.22,25,True,Tardía,"Distancia larga, Carga pesada",1
2138,26,11,35,22,2026-02-19,20:25:00,2026-02-19,21:01:00,2026-02-19,21:01:00,5.74,25,22.13,Diesel,4.63,24.01,1384.65,111.17,1495.82,0,False,Entregada,Entrega realizada en tiempo,0
2139,81,3,21,12,2026-03-11,10:56:00,2026-03-11,23:39:00,2026-03-11,23:39:00,17.35,68,409.29,Diesel,87.83,25.65,4825.45,2252.84,7078.29,0,False,Entregada,Entrega realizada en tiempo,1
2140,1,23,36,45,2026-02-11,16:53:00,2026-02-11,05:04:00,2026-02-12,05:38:00,0.69,79,460.04,Gasolina,84.26,23.18,3501.2,1953.15,5454.35,34,True,Tardía,Distancia larga,1
2141,51,35,45,28,2026-02-11,17:48:00,2026-02-11,23:02:00,2026-02-11,23:02:00,0.44,56,204.0,Gasolina,27.53,25.57,2012.0,703.94,2715.94,0,False,Entregada,Entrega realizada en tiempo,0
2142,23,36,57,14,2026-08-14,19:39:00,2026-08-14,22:02:00,2026-08-14,22:02:00,4.89,50,68.25,Diesel,8.05,26.65,1730.25,214.53,1944.78,0,False,Entregada,Entrega realizada en tiempo,0
2143,27,14,53,31,2026-04-15,07:32:00,2026-04-15,18:40:00,2026-04-15,18:40:00,8.52,44,322.39,Diesel,34.74,26.65,3315.95,925.82,4241.77,0,False,Entregada,Entrega realizada en tiempo,1
2144,70,26,12,26,2026-04-27,08:15:00,2026-04-27,20:28:00,2026-04-27,20:28:00,0.66,56,371.11,Gasolina,52.94,25.9,2869.55,1371.15,4240.7,0,False,Entregada,Entrega realizada en tiempo,1
2145,14,1,5,13,2026-02-09,19:50:00,2026-02-09,03:01:00,2026-02-10,03:49:00,1.61,21,254.86,Gasolina,24.6,23.3,2103.3,573.18,2676.48,48,True,Tardía,"Hora pico, Carga pesada",0
2146,70,33,47,15,2026-03-31,09:29:00,2026-03-31,23:57:00,2026-03-31,23:57:00,0.67,77,441.52,Diesel,56.32,24.19,3390.6,1362.38,4752.98,0,False,Entregada,Entrega realizada en tiempo,1
2147,62,21,46,49,2026-07-08,05:25:00,2026-07-08,21:13:00,2026-07-08,21:13:00,1.33,62,418.38,Diesel,58.51,24.28,3220.9,1420.62,4641.52,0,False,Entregada,Entrega realizada en tiempo,1
2148,6,28,49,41,2026-07-05,14:52:00,2026-07-05,02:33:00,2026-07-06,03:38:00,0.37,75,405.63,Diesel,59.48,26.57,3165.15,1580.38,4745.53,65,True,Tardía,"Tráfico alto, Distancia larga",1
2149,35,16,50,5,2026-06-09,08:29:00,2026-06-09,16:21:00,2026-06-09,16:21:00,0.51,78,322.4,Gasolina,28.97,24.23,2787.0,701.94,3488.94,0,False,Entregada,Entrega realizada en tiempo,0
2150,59,33,45,8,2026-04-01,16:37:00,2026-04-01,00:10:00,2026-04-02,00:10:00,2.54,69,204.75,Diesel,26.12,25.62,2329.75,669.19,2998.94,0,False,Entregada,Entrega realizada en tiempo,0
2151,39,23,43,32,2026-02-15,05:45:00,2026-02-15,13:55:00,2026-02-15,13:55:00,0.56,20,243.47,Gasolina,44.59,24.13,1933.35,1075.96,3009.31,0,False,Entregada,Entrega realizada en tiempo,0
2152,90,26,35,25,2026-07-15,09:39:00,2026-07-15,19:05:00,2026-07-15,19:05:00,0.36,46,322.89,Gasolina,46.06,23.28,2518.45,1072.28,3590.73,0,False,Entregada,Entrega realizada en tiempo,1
2153,42,29,14,20,2026-06-07,19:37:00,2026-06-07,09:53:00,2026-06-08,09:53:00,1.47,73,459.96,Diesel,48.06,24.49,3530.8,1176.99,4707.79,0,False,Entregada,Entrega realizada en tiempo,1
2154,42,15,39,18,2026-06-21,16:40:00,2026-06-21,07:55:00,2026-06-22,07:55:00,1.66,2,441.7,Diesel,90.88,26.21,2890.5,2381.96,5272.46,0,False,Entregada,Entrega realizada en tiempo,1
2155,18,38,56,39,2026-01-06,17:17:00,2026-01-06,11:10:00,2026-01-07,12:29:00,0.96,61,487.6,Gasolina,41.43,25.97,3522.0,1075.94,4597.94,79,True,Tardía,"Hora pico, Distancia larga, Carga pesada",1
2156,39,5,49,29,2026-05-27,15:31:00,2026-05-27,20:39:00,2026-05-27,20:39:00,1.92,3,142.57,Diesel,17.91,25.66,1428.85,459.57,1888.42,0,False,Entregada,Entrega realizada en tiempo,0
2157,77,30,20,44,2026-06-24,18:16:00,2026-06-24,20:26:00,2026-06-24,20:26:00,1.06,72,62.89,Diesel,5.4,25.85,1496.45,139.59,1636.04,0,False,Entregada,Entrega realizada en tiempo,0
2158,74,19,26,18,2026-01-20,19:12:00,2026-01-20,10:27:00,2026-01-21,10:27:00,0.66,78,420.41,Diesel,41.42,26.54,3292.05,1099.29,4391.34,0,False,Entregada,Entrega realizada en tiempo,1
2159,15,27,30,16,2026-03-15,17:33:00,2026-03-15,22:39:00,2026-03-15,23:29:00,3.14,44,165.73,Diesel,21.3,26.43,1994.65,562.96,2557.61,50,True,Tardía,Hora pico,0
2160,14,25,19,50,2026-05-30,20:01:00,2026-05-30,05:02:00,2026-05-31,05:02:00,3.65,34,261.99,Diesel,55.74,24.03,2446.95,1339.43,3786.38,0,False,Entregada,Entrega realizada en tiempo,1
2161,78,11,43,41,2026-05-12,15:56:00,2026-05-12,03:37:00,2026-05-13,04:18:00,7.39,2,390.04,Diesel,81.6,25.2,3205.2,2056.32,5261.52,41,True,Tardía,"Tráfico alto, Distancia larga, Carga pesada",1
2162,59,3,26,26,2026-03-16,20:38:00,2026-03-16,08:51:00,2026-03-17,09:37:00,19.62,8,382.4,Diesel,82.06,25.6,4438.0,2100.74,6538.74,46,True,Tardía,"Distancia larga, Carga pesada",1
2163,33,23,34,7,2026-07-17,10:00:00,2026-07-17,18:17:00,2026-07-17,18:17:00,1.4,72,291.28,Gasolina,53.35,24.72,2672.4,1318.81,3991.21,0,False,Entregada,Entrega realizada en tiempo,1
2164,25,3,22,31,2026-03-20,20:35:00,2026-03-20,07:43:00,2026-03-21,07:43:00,15.81,31,331.89,Diesel,71.22,26.21,3988.45,1866.68,5855.13,0,False,Entregada,Entrega realizada en tiempo,1
2165,34,7,36,23,2026-04-17,10:00:00,2026-04-17,19:21:00,2026-04-17,19:21:00,3.84,20,260.14,Diesel,42.65,25.34,2344.7,1080.75,3425.45,0,False,Entregada,Entrega realizada en tiempo,1
2166,48,1,4,1,2026-02-24,06:43:00,2026-02-24,13:02:00,2026-02-24,13:02:00,0.93,45,192.25,Gasolina,18.56,25.28,1914.25,469.2,2383.45,0,False,Entregada,Entrega realizada en tiempo,0
2167,52,7,38,50,2026-06-02,14:41:00,2026-06-02,23:42:00,2026-06-03,00:03:00,2.92,27,229.52,Diesel,37.63,25.16,2155.6,946.77,3102.37,21,True,Tardía,Incidencia operativa,0
2168,13,36,17,50,2026-05-25,09:52:00,2026-05-25,18:53:00,2026-05-25,18:53:00,2.46,57,261.68,Diesel,30.86,25.99,2510.4,802.05,3312.45,0,False,Entregada,Entrega realizada en tiempo,0
2169,38,28,29,37,2026-01-14,19:48:00,2026-01-14,00:19:00,2026-01-15,00:19:00,0.9,62,175.13,Diesel,25.68,26.74,1961.65,686.68,2648.33,0,False,Entregada,Entrega realizada en tiempo,0
2170,84,8,34,31,2026-02-11,16:56:00,2026-02-11,04:04:00,2026-02-12,05:01:00,21.62,5,295.98,Diesel,31.62,25.12,4181.9,794.29,4976.19,57,True,Tardía,"Tráfico alto, Carga pesada",1
2171,89,8,4,15,2026-03-11,12:19:00,2026-03-11,02:47:00,2026-03-12,03:22:00,15.1,33,448.05,Diesel,47.87,25.18,4514.25,1205.37,5719.62,35,True,Tardía,Distancia larga,1
2172,36,22,28,36,2026-04-13,14:10:00,2026-04-13,07:31:00,2026-04-14,07:31:00,7.89,39,483.46,Diesel,46.76,25.13,4018.3,1175.08,5193.38,0,False,Entregada,Entrega realizada en tiempo,1
2173,100,9,8,21,2026-03-30,16:55:00,2026-03-30,17:33:00,2026-03-30,17:56:00,0.47,62,26.86,Gasolina,2.2,25.3,1177.3,55.66,1232.96,23,True,Tardía,Incidencia operativa,0
2174,24,12,8,39,2026-01-03,13:15:00,2026-01-03,07:08:00,2026-01-04,07:08:00,0.31,28,475.31,Gasolina,68.0,24.94,3131.55,1695.92,4827.47,0,False,Entregada,Entrega realizada en tiempo,1
2175,38,29,51,2,2026-03-08,18:19:00,2026-03-08,00:57:00,2026-03-09,00:57:00,1.4,62,271.8,Diesel,28.4,24.91,2495.0,707.44,3202.44,0,False,Entregada,Entrega realizada en tiempo,0
2176,37,21,24,39,2026-02-27,16:20:00,2026-02-27,10:13:00,2026-02-28,10:42:00,0.59,22,489.95,Diesel,68.52,24.94,3184.75,1708.89,4893.64,29,True,Tardía,Distancia larga,1
2177,63,6,9,19,2026-03-27,14:13:00,2026-03-27,22:02:00,2026-03-27,22:31:00,2.14,14,284.44,Diesel,41.58,24.17,2248.2,1004.99,3253.19,29,True,Tardía,Incidencia operativa,1
2178,95,16,26,9,2026-06-18,09:05:00,2026-06-18,13:33:00,2026-06-18,13:33:00,0.92,9,174.18,Gasolina,15.65,25.34,1534.9,396.57,1931.47,0,False,Entregada,Entrega realizada en tiempo,0
2179,31,10,41,30,2026-05-07,09:27:00,2026-05-07,16:59:00,2026-05-07,16:59:00,1.33,35,194.07,Gasolina,19.47,24.64,1883.35,479.74,2363.09,0,False,Entregada,Entrega realizada en tiempo,0
2180,32,40,23,36,2026-03-24,13:35:00,2026-03-24,06:56:00,2026-03-25,07:38:00,2.2,42,474.18,Diesel,74.09,24.51,3426.9,1815.95,5242.85,42,True,Tardía,Distancia larga,1
2181,45,9,46,21,2026-01-26,15:07:00,2026-01-26,15:45:00,2026-01-26,15:45:00,0.68,65,23.66,Gasolina,1.93,24.1,1206.3,46.51,1252.81,0,False,Entregada,Entrega realizada en tiempo,0
2182,11,29,5,4,2026-03-28,06:33:00,2026-03-28,07:51:00,2026-03-28,07:51:00,1.37,7,39.49,Diesel,4.13,25.8,890.45,106.55,997.0,0,False,Entregada,Entrega realizada en tiempo,0
2183,34,29,30,20,2026-03-10,18:14:00,2026-03-10,08:30:00,2026-03-11,08:30:00,1.18,47,423.52,Diesel,44.25,25.07,3111.6,1109.35,4220.95,0,False,Entregada,Entrega realizada en tiempo,1
2184,19,20,29,34,2026-07-07,12:07:00,2026-07-07,15:41:00,2026-07-07,16:18:00,1.4,60,157.04,Gasolina,21.31,25.11,1905.2,535.09,2440.29,37,True,Tardía,Carga pesada,0
2185,74,30,13,17,2026-03-16,09:02:00,2026-03-16,22:18:00,2026-03-16,23:11:00,1.82,43,322.55,Diesel,27.71,24.67,2638.75,683.61,3322.36,53,True,Tardía,"Hora pico, Distancia larga",1
2186,16,34,14,27,2026-01-22,07:44:00,2026-01-22,18:10:00,2026-01-22,19:11:00,13.42,26,328.26,Diesel,27.26,25.28,3691.3,689.13,4380.43,61,True,Tardía,"Hora pico, Distancia larga",1
2187,5,33,31,33,2026-05-17,09:51:00,2026-05-17,13:42:00,2026-05-17,14:17:00,2.73,72,106.3,Diesel,13.56,25.63,1880.5,347.54,2228.04,35,True,Tardía,Hora pico,0
2188,26,1,19,36,2026-04-22,09:20:00,2026-04-22,02:41:00,2026-04-23,03:38:00,1.49,9,464.75,Gasolina,44.86,23.98,3044.75,1075.74,4120.49,57,True,Tardía,"Hora pico, Distancia larga, Carga pesada",1
2189,85,14,60,21,2026-07-06,10:30:00,2026-07-06,11:08:00,2026-07-06,11:34:00,3.29,66,24.71,Diesel,2.66,25.69,1480.55,68.34,1548.89,26,True,Tardía,Incidencia operativa,0
2190,14,23,28,44,2026-05-03,09:18:00,2026-05-03,11:28:00,2026-05-03,11:28:00,1.59,36,59.28,Gasolina,10.86,24.49,1243.4,265.96,1509.36,0,False,Entregada,Entrega realizada en tiempo,0
2191,95,31,29,48,2026-04-07,09:37:00,2026-04-07,15:14:00,2026-04-07,15:14:00,1.62,51,158.79,Diesel,22.56,24.2,1863.95,545.95,2409.9,0,False,Entregada,Entrega realizada en tiempo,0
2192,40,15,14,26,2026-02-04,11:56:00,2026-02-04,00:09:00,2026-02-05,00:09:00,2.68,49,342.39,Diesel,70.45,25.29,2871.95,1781.68,4653.63,0,False,Entregada,Entrega realizada en tiempo,1
2193,44,4,40,38,2026-05-28,05:44:00,2026-05-28,19:12:00,2026-05-28,20:23:00,0.58,5,477.2,Gasolina,80.2,24.44,2984.0,1960.09,4944.09,71,True,Tardía,"Tráfico alto, Distancia larga",1
2194,74,2,35,15,2026-08-02,13:10:00,2026-08-02,03:38:00,2026-08-03,03:38:00,5.05,13,449.98,Diesel,90.72,25.62,3358.9,2324.25,5683.15,0,False,Entregada,Entrega realizada en tiempo,1
2195,53,34,19,19,2026-02-13,12:24:00,2026-02-13,20:13:00,2026-02-13,20:13:00,6.4,36,289.51,Diesel,24.05,25.54,2875.55,614.24,3489.79,0,False,Entregada,Entrega realizada en tiempo,0
2196,67,20,40,49,2026-08-03,17:37:00,2026-08-03,09:25:00,2026-08-04,09:25:00,0.22,48,415.96,Gasolina,56.44,24.68,2985.8,1392.94,4378.74,0,False,Entregada,Entrega realizada en tiempo,1
2197,48,32,22,41,2026-07-01,14:48:00,2026-07-01,02:29:00,2026-07-02,03:21:00,1.0,67,395.19,Gasolina,35.8,23.43,3111.95,838.79,3950.74,52,True,Tardía,"Tráfico alto, Distancia larga, Carga pesada",1
2198,57,38,30,47,2026-05-18,07:52:00,2026-05-18,17:50:00,2026-05-18,19:17:00,0.5,18,328.13,Gasolina,27.88,25.7,2334.65,716.52,3051.17,87,True,Tardía,"Tráfico alto, Hora pico, Distancia larga",0
2199,60,1,60,22,2026-07-12,19:19:00,2026-07-12,19:55:00,2026-07-12,19:55:00,0.96,34,23.03,Gasolina,2.22,25.43,983.15,56.45,1039.6,0,False,Entregada,Entrega realizada en tiempo,0
2200,35,14,28,32,2026-07-14,09:33:00,2026-07-14,17:43:00,2026-07-14,17:43:00,24.34,51,248.2,Diesel,26.75,24.31,4583.0,650.29,5233.29,0,False,Entregada,Entrega realizada en tiempo,1
2201,24,14,41,2,2026-02-23,19:32:00,2026-02-23,02:10:00,2026-02-24,02:10:00,14.13,44,244.79,Diesel,26.38,26.55,3488.95,700.39,4189.34,0,False,Entregada,Entrega realizada en tiempo,1
2202,15,6,37,16,2026-06-06,18:53:00,2026-06-06,23:59:00,2026-06-07,00:47:00,11.47,69,165.78,Diesel,24.24,26.66,3027.9,646.24,3674.14,48,True,Tardía,"Hora pico, Carga pesada",0
2203,3,40,43,47,2026-05-27,09:53:00,2026-05-27,19:51:00,2026-05-27,21:01:00,1.07,14,348.68,Diesel,54.48,24.44,2462.4,1331.49,3793.89,70,True,Tardía,"Tráfico alto, Hora pico, Distancia larga",1
2204,55,28,38,14,2026-02-26,14:05:00,2026-02-26,16:28:00,2026-02-26,16:28:00,0.69,41,62.01,Diesel,9.09,25.62,1207.05,232.89,1439.94,0,False,Entregada,Entrega realizada en tiempo,0
2205,3,30,48,1,2026-07-16,13:12:00,2026-07-16,19:31:00,2026-07-16,19:31:00,1.16,17,197.21,Diesel,16.94,24.06,1738.05,407.58,2145.63,0,False,Entregada,Entrega realizada en tiempo,0
2206,96,8,8,37,2026-03-03,07:00:00,2026-03-03,11:31:00,2026-03-03,11:31:00,4.6,32,199.6,Diesel,21.32,25.6,2214.0,545.79,2759.79,0,False,Entregada,Entrega realizada en tiempo,0
2207,74,31,20,9,2026-06-15,13:22:00,2026-06-15,17:50:00,2026-06-15,17:50:00,1.16,16,172.29,Diesel,24.47,25.28,1605.45,618.6,2224.05,0,False,Entregada,Entrega realizada en tiempo,0
2208,74,4,45,34,2026-03-25,20:51:00,2026-03-25,00:25:00,2026-03-26,00:25:00,0.89,13,140.92,Gasolina,23.68,25.15,1397.6,595.55,1993.15,0,False,Entregada,Entrega realizada en tiempo,0
2209,6,19,21,4,2026-08-14,08:19:00,2026-08-14,09:37:00,2026-08-14,09:37:00,5.79,28,39.5,Diesel,3.89,24.62,1500.5,95.77,1596.27,0,False,Entregada,Entrega realizada en tiempo,0
2210,9,22,60,45,2026-07-23,19:31:00,2026-07-23,07:42:00,2026-07-24,07:42:00,3.24,27,476.57,Diesel,46.09,25.21,3422.85,1161.93,4584.78,0,False,Entregada,Entrega realizada en tiempo,1
2211,57,6,14,45,2026-03-31,19:46:00,2026-03-31,07:57:00,2026-04-01,07:57:00,11.62,77,462.24,Diesel,67.58,24.74,4589.2,1671.93,6261.13,0,False,Entregada,Entrega realizada en tiempo,1
2212,46,16,52,40,2026-01-16,05:40:00,2026-01-16,17:14:00,2026-01-16,17:14:00,1.13,43,394.14,Gasolina,35.41,25.93,2927.7,918.18,3845.88,0,False,Entregada,Entrega realizada en tiempo,1
2213,97,28,6,24,2026-06-12,12:28:00,2026-06-12,21:05:00,2026-06-12,21:25:00,0.24,32,297.59,Diesel,43.63,26.58,2267.95,1159.69,3427.64,20,True,Tardía,Incidencia operativa,1
2214,49,16,38,32,2026-05-26,09:22:00,2026-05-26,17:32:00,2026-05-26,17:32:00,0.62,45,234.7,Gasolina,21.09,23.35,2095.5,492.45,2587.95,0,False,Entregada,Entrega realizada en tiempo,0
2215,49,19,16,26,2026-06-23,06:42:00,2026-06-23,18:55:00,2026-06-23,18:55:00,0.2,18,386.34,Diesel,38.06,26.73,2595.7,1017.34,3613.04,0,False,Entregada,Entrega realizada en tiempo,1
2216,61,32,12,30,2026-01-08,09:34:00,2026-01-08,17:06:00,2026-01-08,17:06:00,0.89,77,207.64,Gasolina,18.81,25.3,2243.2,475.89,2719.09,0,False,Entregada,Entrega realizada en tiempo,0
2217,49,27,1,22,2026-03-05,12:11:00,2026-03-05,12:47:00,2026-03-05,13:05:00,4.73,67,21.6,Diesel,2.78,24.77,1617.0,68.86,1685.86,18,True,Tardía,Incidencia operativa,0
2218,91,27,5,3,2026-01-27,17:20:00,2026-01-27,04:50:00,2026-01-28,04:50:00,2.02,27,415.13,Diesel,53.36,26.62,2993.65,1420.44,4414.09,0,False,Entregada,Entrega realizada en tiempo,1
2219,82,20,27,17,2026-01-11,14:07:00,2026-01-11,03:23:00,2026-01-12,04:02:00,1.54,5,344.15,Gasolina,46.7,24.47,2414.75,1142.75,3557.5,39,True,Tardía,"Distancia larga, Carga pesada",1
2220,28,1,17,10,2026-05-05,16:13:00,2026-05-05,08:45:00,2026-05-06,09:37:00,0.37,55,439.54,Gasolina,42.43,24.9,3174.7,1056.51,4231.21,52,True,Tardía,"Tráfico alto, Distancia larga",1
2221,87,18,30,8,2026-05-16,10:37:00,2026-05-16,18:10:00,2026-05-16,18:10:00,1.56,41,190.95,Diesel,17.88,26.78,1938.75,478.83,2417.58,0,False,Entregada,Entrega realizada en tiempo,0
2222,74,27,37,3,2026-04-18,18:25:00,2026-04-18,05:55:00,2026-04-19,05:55:00,16.96,34,414.73,Diesel,53.31,26.58,4541.65,1416.98,5958.63,0,False,Entregada,Entrega realizada en tiempo,1
2223,85,39,41,45,2026-01-01,09:11:00,2026-01-01,21:22:00,2026-01-01,21:22:00,0.31,65,426.61,Gasolina,34.43,25.57,3184.05,880.38,4064.43,0,False,Entregada,Entrega realizada en tiempo,1
2224,79,33,30,49,2026-03-11,13:48:00,2026-03-11,05:36:00,2026-03-12,06:21:00,3.81,45,391.48,Diesel,49.93,26.25,3198.4,1310.66,4509.06,45,True,Tardía,"Distancia larga, Carga pesada",1
2225,59,9,55,32,2026-02-01,17:17:00,2026-02-01,01:27:00,2026-02-02,02:12:00,0.25,26,233.29,Gasolina,19.08,25.88,1899.45,493.79,2393.24,45,True,Tardía,Hora pico,0
2226,16,7,49,25,2026-08-03,11:49:00,2026-08-03,21:15:00,2026-08-03,21:15:00,0.41,5,335.49,Diesel,55.0,26.84,2258.45,1476.2,3734.65,0,False,Entregada,Entrega realizada en tiempo,1
2227,76,33,49,34,2026-01-17,19:31:00,2026-01-17,23:05:00,2026-01-17,23:05:00,3.11,27,143.3,Diesel,18.28,25.33,1743.5,463.03,2206.53,0,False,Entregada,Entrega realizada en tiempo,0
2228,96,23,33,15,2026-07-07,10:13:00,2026-07-07,00:41:00,2026-07-08,00:41:00,0.9,52,441.84,Gasolina,80.92,24.42,3215.2,1976.07,5191.27,0,False,Entregada,Entrega realizada en tiempo,1
2229,2,17,7,15,2026-07-03,05:38:00,2026-07-03,20:06:00,2026-07-03,20:06:00,4.92,2,456.97,Diesel,81.17,24.34,3292.85,1975.68,5268.53,0,False,Entregada,Entrega realizada en tiempo,1
2230,45,13,33,41,2026-08-12,16:01:00,2026-08-12,03:42:00,2026-08-13,03:42:00,1.75,24,367.46,Gasolina,29.97,24.19,2704.3,724.97,3429.27,0,False,Entregada,Entrega realizada en tiempo,1
2231,45,17,51,11,2026-01-11,11:04:00,2026-01-11,15:46:00,2026-01-11,15:46:00,7.41,22,136.43,Diesel,24.23,24.7,2099.15,598.48,2697.63,0,False,Entregada,Entrega realizada en tiempo,0
2232,11,40,3,47,2026-06-17,14:28:00,2026-06-17,00:26:00,2026-06-18,01:14:00,11.93,60,337.09,Diesel,52.67,24.17,3858.45,1273.03,5131.48,48,True,Tardía,"Tráfico alto, Distancia larga, Carga pesada",1
2233,89,32,45,38,2026-08-03,11:06:00,2026-08-03,00:34:00,2026-08-04,01:38:00,1.01,73,461.48,Gasolina,41.8,24.93,3492.4,1042.07,4534.47,64,True,Tardía,"Tráfico alto, Distancia larga, Carga pesada",1
2234,8,40,31,46,2026-06-07,12:06:00,2026-06-07,02:56:00,2026-06-08,03:33:00,3.15,19,420.18,Diesel,65.65,24.08,3067.9,1580.85,4648.75,37,True,Tardía,Distancia larga,1
2235,94,36,31,10,2026-07-10,15:16:00,2026-07-10,07:48:00,2026-07-11,08:40:00,7.4,74,468.36,Diesel,55.23,26.98,4173.8,1490.11,5663.91,52,True,Tardía,"Tráfico alto, Distancia larga, Carga pesada",1
2236,39,10,12,19,2026-01-04,11:53:00,2026-01-04,19:42:00,2026-01-04,20:03:00,0.33,28,323.09,Gasolina,32.41,24.6,2372.45,797.29,3169.74,21,True,Tardía,Distancia larga,0
2237,80,4,3,13,2026-03-20,15:33:00,2026-03-20,22:44:00,2026-03-20,23:06:00,0.72,56,235.71,Gasolina,39.62,23.65,2198.55,937.01,3135.56,22,True,Tardía,Incidencia operativa,0
2238,61,1,10,35,2026-04-13,17:44:00,2026-04-13,02:03:00,2026-04-14,02:23:00,0.79,22,296.64,Gasolina,28.63,23.1,2238.2,661.35,2899.55,20,True,Tardía,Hora pico,0
2239,43,16,26,27,2026-07-04,08:04:00,2026-07-04,18:30:00,2026-07-04,19:25:00,1.02,74,308.06,Gasolina,27.68,24.02,2734.3,664.87,3399.17,55,True,Tardía,"Hora pico, Distancia larga, Carga pesada",1
2240,61,39,21,2,2026-01-16,08:31:00,2026-01-16,15:09:00,2026-01-16,15:47:00,1.05,32,237.89,Gasolina,19.2,25.4,2050.45,487.68,2538.13,38,True,Tardía,"Hora pico, Carga pesada",0
2241,28,40,30,6,2026-02-18,06:41:00,2026-02-18,13:35:00,2026-02-18,14:00:00,3.85,58,239.78,Diesel,37.47,24.61,2547.9,922.14,3470.04,25,True,Tardía,Tráfico alto,1
2242,49,37,3,48,2026-05-11,18:56:00,2026-05-11,00:33:00,2026-05-12,00:33:00,1.29,10,140.92,Diesel,15.02,25.49,1413.6,382.86,1796.46,0,False,Entregada,Entrega realizada en tiempo,0
2243,24,8,2,17,2026-03-22,11:47:00,2026-03-22,01:03:00,2026-03-23,01:03:00,4.41,53,352.46,Diesel,37.66,27.0,3127.3,1016.82,4144.12,0,False,Entregada,Entrega realizada en tiempo,1
2244,15,37,11,36,2026-07-26,07:30:00,2026-07-26,00:51:00,2026-07-27,00:51:00,1.56,1,438.61,Diesel,46.76,24.92,2857.05,1165.26,4022.31,0,False,Entregada,Entrega realizada en tiempo,1
2245,53,4,10,15,2026-07-14,12:18:00,2026-07-14,02:46:00,2026-07-15,03:07:00,0.77,17,458.15,Gasolina,77.0,24.94,3003.75,1920.38,4924.13,21,True,Tardía,Distancia larga,1
2246,2,10,22,12,2026-02-24,11:48:00,2026-02-24,00:31:00,2026-02-25,01:03:00,1.4,11,389.46,Gasolina,39.06,25.23,2675.3,985.48,3660.78,32,True,Tardía,"Distancia larga, Carga pesada",1
2247,58,31,57,12,2026-04-07,05:13:00,2026-04-07,17:56:00,2026-04-07,17:56:00,0.69,24,360.77,Diesel,51.25,25.88,2564.85,1326.35,3891.2,0,False,Entregada,Entrega realizada en tiempo,1
2248,41,7,15,9,2026-05-01,16:05:00,2026-05-01,20:33:00,2026-05-01,20:33:00,5.28,60,160.33,Diesel,26.28,24.9,2309.65,654.37,2964.02,0,False,Entregada,Entrega realizada en tiempo,0
2249,72,2,44,9,2026-03-11,14:52:00,2026-03-11,19:20:00,2026-03-11,19:20:00,5.04,46,168.26,Diesel,33.92,25.05,2213.3,849.7,3063.0,0,False,Entregada,Entrega realizada en tiempo,0
2250,49,3,9,7,2026-01-28,08:20:00,2026-01-28,16:37:00,2026-01-28,16:37:00,7.45,69,292.32,Diesel,62.73,26.52,3258.6,1663.6,4922.2,0,False,Entregada,Entrega realizada en tiempo,1
2251,22,28,35,26,2026-07-13,12:46:00,2026-07-13,00:59:00,2026-07-14,00:59:00,0.84,78,332.29,Diesel,48.72,26.65,2869.45,1298.39,4167.84,0,False,Entregada,Entrega realizada en tiempo,1
2252,33,31,36,28,2026-07-22,19:43:00,2026-07-22,00:57:00,2026-07-23,01:38:00,1.14,54,173.63,Diesel,24.66,27.0,1914.15,665.82,2579.97,41,True,Tardía,Hora pico,0
2253,2,33,34,18,2026-03-21,17:16:00,2026-03-21,08:31:00,2026-03-22,08:31:00,0.46,4,454.4,Diesel,57.96,24.69,2850.0,1431.03,4281.03,0,False,Entregada,Entrega realizada en tiempo,1
2254,85,36,6,37,2026-01-29,06:31:00,2026-01-29,11:02:00,2026-01-29,11:02:00,1.58,38,199.64,Diesel,23.54,25.7,1960.2,604.98,2565.18,0,False,Entregada,Entrega realizada en tiempo,0
2255,11,28,20,3,2026-01-13,15:36:00,2026-01-13,03:06:00,2026-01-14,03:06:00,0.64,68,366.13,Diesel,53.68,26.31,2938.65,1412.32,4350.97,0,False,Entregada,Entrega realizada en tiempo,1
2256,26,26,39,47,2026-06-10,08:53:00,2026-06-10,18:51:00,2026-06-10,18:51:00,0.77,26,321.87,Gasolina,45.92,25.94,2394.35,1191.16,3585.51,0,False,Entregada,Entrega realizada en tiempo,1
2257,36,35,18,33,2026-04-22,11:28:00,2026-04-22,15:19:00,2026-04-22,15:19:00,1.19,6,102.26,Gasolina,13.8,23.35,1178.3,322.23,1500.53,0,False,Entregada,Entrega realizada en tiempo,0
2258,74,34,27,21,2026-03-12,16:11:00,2026-03-12,16:49:00,2026-03-12,16:49:00,13.66,19,22.82,Diesel,1.9,24.03,2132.1,45.66,2177.76,0,False,Entregada,Entrega realizada en tiempo,0
2259,9,11,13,48,2026-07-06,18:43:00,2026-07-06,00:20:00,2026-07-07,00:20:00,4.4,19,161.43,Diesel,33.77,25.08,1899.15,846.95,2746.1,0,False,Entregada,Entrega realizada en tiempo,0
2260,43,1,57,14,2026-07-14,09:00:00,2026-07-14,11:23:00,2026-07-14,12:22:00,1.57,8,67.94,Gasolina,6.56,23.75,1060.7,155.8,1216.5,59,True,Tardía,"Hora pico, Carga pesada",0
2261,38,26,30,16,2026-06-01,08:39:00,2026-06-01,13:45:00,2026-06-01,14:48:00,0.69,1,186.94,Gasolina,26.67,26.0,1511.7,693.42,2205.12,63,True,Tardía,"Hora pico, Carga pesada",0
2262,16,17,8,26,2026-07-24,05:01:00,2026-07-24,17:14:00,2026-07-24,17:14:00,2.05,75,343.32,Diesel,60.98,26.55,3021.6,1619.02,4640.62,0,False,Entregada,Entrega realizada en tiempo,1
2263,50,37,49,48,2026-06-10,08:52:00,2026-06-10,14:29:00,2026-06-10,15:29:00,1.55,31,149.96,Diesel,15.99,26.23,1652.8,419.42,2072.22,60,True,Tardía,"Tráfico alto, Hora pico",0
2264,75,35,50,37,2026-07-06,17:47:00,2026-07-06,22:18:00,2026-07-06,22:50:00,0.65,80,189.73,Gasolina,25.6,25.39,2153.65,649.98,2803.63,32,True,Tardía,Hora pico,0
2265,44,20,35,6,2026-08-07,20:27:00,2026-08-07,03:21:00,2026-08-08,03:21:00,0.43,62,261.4,Gasolina,35.47,24.17,2346.0,857.31,3203.31,0,False,Entregada,Entrega realizada en tiempo,0
2266,6,4,2,39,2026-07-28,19:17:00,2026-07-28,13:10:00,2026-07-29,13:43:00,0.45,29,440.91,Gasolina,74.1,25.86,2981.55,1916.23,4897.78,33,True,Tardía,"Hora pico, Distancia larga",1
2267,11,7,34,6,2026-03-23,07:42:00,2026-03-23,14:36:00,2026-03-23,14:36:00,2.88,78,266.45,Diesel,43.68,25.11,2744.25,1096.8,3841.05,0,False,Entregada,Entrega realizada en tiempo,1
2268,34,22,33,10,2026-07-14,12:09:00,2026-07-14,04:41:00,2026-07-15,05:16:00,7.2,3,450.66,Diesel,43.58,25.09,3497.3,1093.42,4590.72,35,True,Tardía,"Tráfico alto, Distancia larga",1
2269,42,16,18,27,2026-04-16,05:28:00,2026-04-16,15:54:00,2026-04-16,15:54:00,0.36,42,320.76,Gasolina,28.82,24.72,2475.8,712.43,3188.23,0,False,Entregada,Entrega realizada en tiempo,0
2270,77,17,19,38,2026-06-30,11:55:00,2026-06-30,01:23:00,2026-07-01,01:23:00,1.01,52,429.86,Diesel,76.35,24.44,3166.3,1865.99,5032.29,0,False,Entregada,Entrega realizada en tiempo,1
2271,7,7,4,36,2026-02-05,11:56:00,2026-02-05,05:17:00,2026-02-06,05:17:00,2.4,3,406.56,Diesel,66.65,26.12,2796.8,1740.9,4537.7,0,False,Entregada,Entrega realizada en tiempo,1
2272,70,6,45,33,2026-02-08,08:41:00,2026-02-08,12:32:00,2026-02-08,12:32:00,3.34,29,118.62,Diesel,17.34,25.79,1659.1,447.2,2106.3,0,False,Entregada,Entrega realizada en tiempo,0
2273,99,19,1,10,2026-04-11,08:02:00,2026-04-11,00:34:00,2026-04-12,01:46:00,7.29,68,426.17,Diesel,41.99,25.4,3903.85,1066.55,4970.4,72,True,Tardía,"Tráfico alto, Hora pico, Distancia larga, Carga pesada",1
2274,46,13,27,20,2026-02-10,10:22:00,2026-02-10,00:38:00,2026-02-11,01:04:00,0.28,59,400.62,Gasolina,32.68,23.48,3003.1,767.33,3770.43,26,True,Tardía,Distancia larga,1
2275,13,36,9,36,2026-06-29,13:06:00,2026-06-29,06:27:00,2026-06-30,06:57:00,3.05,71,483.63,Diesel,57.03,25.89,3791.15,1476.51,5267.66,30,True,Tardía,Distancia larga,1
2276,81,21,23,37,2026-01-05,12:42:00,2026-01-05,17:13:00,2026-01-05,17:13:00,0.42,51,197.57,Diesel,27.63,24.1,1937.85,665.88,2603.73,0,False,Entregada,Entrega realizada en tiempo,0
2277,60,39,12,15,2026-01-15,11:27:00,2026-01-15,01:55:00,2026-01-16,02:16:00,0.31,53,466.73,Gasolina,37.67,24.68,3288.65,929.7,4218.35,21,True,Tardía,Distancia larga,1
2278,67,10,30,6,2026-01-08,07:46:00,2026-01-08,14:40:00,2026-01-08,15:47:00,0.71,23,265.43,Gasolina,26.62,24.28,2082.15,646.33,2728.48,67,True,Tardía,"Tráfico alto, Hora pico",0
2279,45,6,9,2,2026-06-17,11:34:00,2026-06-17,18:12:00,2026-06-17,18:35:00,4.13,48,269.29,Diesel,39.37,25.31,2643.45,996.45,3639.9,23,True,Tardía,Incidencia operativa,1
2280,42,15,53,50,2026-07-07,11:19:00,2026-07-07,20:20:00,2026-07-07,20:20:00,0.96,49,230.75,Diesel,47.48,26.91,2141.75,1277.69,3419.44,0,False,Entregada,Entrega realizada en tiempo,1
2281,40,12,58,10,2026-04-23,16:14:00,2026-04-23,08:46:00,2026-04-24,09:26:00,1.0,39,473.38,Gasolina,67.72,23.71,3278.9,1605.64,4884.54,40,True,Tardía,"Tráfico alto, Distancia larga, Carga pesada",1
2282,47,32,47,48,2026-07-24,09:46:00,2026-07-24,15:23:00,2026-07-24,16:17:00,0.92,40,157.22,Gasolina,14.24,24.68,1698.1,351.44,2049.54,54,True,Tardía,"Tráfico alto, Hora pico, Carga pesada",0
2283,54,6,32,27,2026-05-17,09:10:00,2026-05-17,19:36:00,2026-05-17,19:36:00,9.47,41,291.81,Diesel,42.66,26.25,3234.05,1119.82,4353.87,0,False,Entregada,Entrega realizada en tiempo,1
2284,17,30,43,12,2026-04-11,17:00:00,2026-04-11,05:43:00,2026-04-12,06:39:00,0.96,66,376.14,Diesel,32.31,26.8,3004.7,865.91,3870.61,56,True,Tardía,"Hora pico, Distancia larga",1
2285,52,10,55,9,2026-03-12,07:59:00,2026-03-12,12:27:00,2026-03-12,12:27:00,1.05,80,170.19,Gasolina,17.07,25.65,2095.95,437.85,2533.8,0,False,Entregada,Entrega realizada en tiempo,0
2286,53,35,29,33,2026-08-08,11:50:00,2026-08-08,15:41:00,2026-08-08,15:41:00,0.37,80,111.15,Gasolina,15.0,24.4,1732.75,366.0,2098.75,0,False,Entregada,Entrega realizada en tiempo,0
2287,11,11,38,4,2026-06-13,09:23:00,2026-06-13,10:41:00,2026-06-13,11:15:00,6.88,2,38.52,Diesel,8.06,24.91,1396.6,200.77,1597.37,34,True,Tardía,Hora pico,0
2288,73,31,20,10,2026-02-02,10:20:00,2026-02-02,02:52:00,2026-02-03,02:52:00,0.4,35,413.17,Diesel,58.69,24.92,2885.85,1462.55,4348.4,0,False,Entregada,Entrega realizada en tiempo,1
2289,40,27,57,48,2026-07-12,15:35:00,2026-07-12,21:12:00,2026-07-12,21:12:00,6.61,20,147.7,Diesel,18.98,24.45,2059.5,464.06,2523.56,0,False,Entregada,Entrega realizada en tiempo,0
2290,44,28,54,17,2026-06-04,14:10:00,2026-06-04,03:26:00,2026-06-05,03:46:00,0.72,46,355.47,Diesel,52.12,26.91,2717.35,1402.55,4119.9,20,True,Tardía,Distancia larga,1
2291,85,18,52,19,2026-06-14,07:49:00,2026-06-14,15:38:00,2026-06-14,16:38:00,2.9,16,302.73,Diesel,28.35,25.64,2431.65,726.89,3158.54,60,True,Tardía,"Hora pico, Distancia larga",0
2292,11,34,10,30,2026-03-05,05:54:00,2026-03-05,13:26:00,2026-03-05,13:26:00,13.19,55,187.29,Diesel,15.56,24.68,3195.45,384.02,3579.47,0,False,Entregada,Entrega realizada en tiempo,0
2293,87,38,51,19,2026-05-09,19:51:00,2026-05-09,03:40:00,2026-05-10,03:40:00,0.6,23,328.69,Gasolina,27.93,24.58,2387.45,686.52,3073.97,0,False,Entregada,Entrega realizada en tiempo,0
2294,36,38,52,27,2026-05-18,05:25:00,2026-05-18,15:51:00,2026-05-18,15:51:00,0.35,52,294.28,Gasolina,25.0,25.32,2422.4,633.0,3055.4,0,False,Entregada,Entrega realizada en tiempo,0
2295,45,7,53,7,2026-01-12,09:05:00,2026-01-12,17:22:00,2026-01-12,17:22:00,4.91,21,302.95,Diesel,49.66,25.11,2673.75,1246.96,3920.71,0,False,Entregada,Entrega realizada en tiempo,1
2296,26,18,6,47,2026-02-17,10:55:00,2026-02-17,20:53:00,2026-02-17,21:40:00,2.86,4,307.6,Diesel,28.8,25.83,2356.0,743.9,3099.9,47,True,Tardía,"Tráfico alto, Distancia larga",0
2297,68,28,1,16,2026-05-08,08:06:00,2026-05-08,13:12:00,2026-05-08,13:12:00,0.76,65,167.97,Diesel,24.63,26.96,1935.85,664.02,2599.87,0,False,Entregada,Entrega realizada en tiempo,0
2298,26,11,4,45,2026-02-21,08:38:00,2026-02-21,20:49:00,2026-02-21,20:49:00,0.66,58,477.8,Diesel,99.96,25.78,3419.0,2576.97,5995.97,0,False,Entregada,Entrega realizada en tiempo,1
2299,78,4,6,6,2026-07-26,11:02:00,2026-07-26,17:56:00,2026-07-26,18:34:00,0.56,2,246.77,Gasolina,41.47,23.72,1805.85,983.67,2789.52,38,True,Tardía,Tráfico alto,0
2300,97,32,48,7,2026-05-31,17:48:00,2026-05-31,02:05:00,2026-06-01,03:05:00,0.27,72,291.3,Gasolina,26.39,25.65,2559.5,676.9,3236.4,60,True,Tardía,"Tráfico alto, Hora pico",0
2301,20,23,44,46,2026-06-07,06:46:00,2026-06-07,21:36:00,2026-06-07,22:18:00,0.67,65,384.54,Gasolina,70.43,25.54,3009.7,1798.78,4808.48,42,True,Tardía,Distancia larga,1
2302,82,30,53,34,2026-03-26,14:58:00,2026-03-26,18:32:00,2026-03-26,18:32:00,2.28,2,133.86,Diesel,11.5,24.23,1413.3,278.64,1691.94,0,False,Entregada,Entrega realizada en tiempo,0
2303,57,22,15,22,2026-05-16,09:45:00,2026-05-16,10:21:00,2026-05-16,10:58:00,4.78,16,21.62,Diesel,2.09,25.59,1214.1,53.48,1267.58,37,True,Tardía,Hora pico,0
2304,57,34,48,1,2026-05-01,08:49:00,2026-05-01,15:08:00,2026-05-01,15:08:00,5.05,60,202.24,Diesel,16.8,24.17,2496.2,406.06,2902.26,0,False,Entregada,Entrega realizada en tiempo,0
2305,30,30,8,27,2026-01-28,16:01:00,2026-01-28,02:27:00,2026-01-29,02:27:00,0.57,71,346.12,Diesel,29.74,24.33,2855.6,723.57,3579.17,0,False,Entregada,Entrega realizada en tiempo,1
2306,79,31,54,10,2026-02-03,09:43:00,2026-02-03,02:15:00,2026-02-04,02:15:00,0.5,77,458.68,Diesel,65.15,25.76,3459.4,1678.26,5137.66,0,False,Entregada,Entrega realizada en tiempo,1
2307,50,17,31,32,2026-07-18,08:34:00,2026-07-18,16:44:00,2026-07-18,16:44:00,5.27,26,266.09,Diesel,47.26,26.51,2565.45,1252.86,3818.31,0,False,Entregada,Entrega realizada en tiempo,1
2308,6,29,57,27,2026-05-24,08:57:00,2026-05-24,19:23:00,2026-05-24,20:09:00,1.1,1,320.0,Diesel,33.44,26.02,2218.0,870.11,3088.11,46,True,Tardía,"Hora pico, Distancia larga",0
2309,92,36,24,23,2026-04-30,19:02:00,2026-04-30,04:23:00,2026-05-01,04:55:00,1.62,2,251.67,Diesel,29.68,24.58,1936.35,729.53,2665.88,32,True,Tardía,Hora pico,0
2310,99,9,14,26,2026-02-17,09:52:00,2026-02-17,22:05:00,2026-02-17,23:03:00,1.0,16,346.3,Gasolina,28.32,24.06,2459.5,681.38,3140.88,58,True,Tardía,"Hora pico, Distancia larga, Carga pesada",0
2311,59,17,26,43,2026-05-01,05:24:00,2026-05-01,20:51:00,2026-05-01,20:51:00,3.65,57,465.64,Diesel,82.71,25.07,3649.2,2073.54,5722.74,0,False,Entregada,Entrega realizada en tiempo,1
2312,56,40,45,8,2026-03-04,14:44:00,2026-03-04,22:17:00,2026-03-04,22:28:00,4.22,19,212.46,Diesel,33.2,26.21,2136.3,870.17,3006.47,11,True,Tardía,Incidencia operativa,0
2313,53,20,53,10,2026-04-10,07:00:00,2026-04-10,23:32:00,2026-04-10,23:32:00,1.27,62,446.64,Gasolina,60.6,23.65,3356.2,1433.19,4789.39,0,False,Entregada,Entrega realizada en tiempo,1
2314,47,3,53,42,2026-05-14,11:57:00,2026-05-14,15:08:00,2026-05-14,15:08:00,20.12,21,89.16,Diesel,19.13,24.64,3125.8,471.36,3597.16,0,False,Entregada,Entrega realizada en tiempo,0
2315,96,8,40,35,2026-08-10,10:36:00,2026-08-10,18:55:00,2026-08-10,19:21:00,5.98,18,310.35,Diesel,33.16,24.66,2793.75,817.73,3611.48,26,True,Tardía,Distancia larga,1
2316,2,20,59,7,2026-07-09,16:38:00,2026-07-09,00:55:00,2026-07-10,00:55:00,0.53,10,326.8,Gasolina,44.34,23.95,2267.0,1061.94,3328.94,0,False,Entregada,Entrega realizada en tiempo,1
2317,30,3,10,7,2026-04-05,07:24:00,2026-04-05,15:41:00,2026-04-05,15:41:00,20.99,61,307.76,Diesel,66.04,26.29,4625.8,1736.19,6361.99,0,False,Entregada,Entrega realizada en tiempo,1
2318,92,36,25,45,2026-03-16,15:45:00,2026-03-16,03:56:00,2026-03-17,03:56:00,2.68,32,509.15,Diesel,60.04,26.6,3569.75,1597.06,5166.81,0,False,Entregada,Entrega realizada en tiempo,1
2319,79,22,15,20,2026-05-21,07:05:00,2026-05-21,21:21:00,2026-05-21,21:21:00,4.41,1,425.81,Diesel,41.18,26.46,3078.05,1089.62,4167.67,0,False,Entregada,Entrega realizada en tiempo,1
2320,98,18,59,32,2026-04-18,11:49:00,2026-04-18,19:59:00,2026-04-18,19:59:00,1.57,20,267.28,Diesel,25.03,26.46,2153.4,662.29,2815.69,0,False,Entregada,Entrega realizada en tiempo,0
2321,75,28,55,8,2026-03-23,18:15:00,2026-03-23,01:48:00,2026-03-24,01:48:00,0.66,71,205.38,Diesel,30.11,26.23,2160.9,789.79,2950.69,0,False,Entregada,Entrega realizada en tiempo,0
2322,15,9,35,50,2026-01-20,17:58:00,2026-01-20,02:59:00,2026-01-21,03:29:00,0.91,64,239.98,Gasolina,19.62,24.78,2302.9,486.18,2789.08,30,True,Tardía,"Hora pico, Carga pesada",0
2323,98,37,32,33,2026-01-26,13:23:00,2026-01-26,17:14:00,2026-01-26,17:44:00,2.23,34,116.39,Diesel,12.41,24.14,1576.95,299.58,1876.53,30,True,Tardía,Incidencia operativa,0
2324,86,39,30,11,2026-02-28,15:01:00,2026-02-28,19:43:00,2026-02-28,19:43:00,0.57,20,145.15,Gasolina,11.72,23.88,1442.75,279.87,1722.62,0,False,Entregada,Entrega realizada en tiempo,0
2325,98,24,50,18,2026-04-19,17:29:00,2026-04-19,08:44:00,2026-04-20,09:28:00,2.26,19,431.42,Diesel,40.43,25.38,3035.1,1026.11,4061.21,44,True,Tardía,"Hora pico, Distancia larga, Carga pesada",1
2326,8,33,30,8,2026-04-03,15:51:00,2026-04-03,23:24:00,2026-04-03,23:24:00,2.89,34,206.98,Diesel,26.4,25.44,2095.9,671.62,2767.52,0,False,Entregada,Entrega realizada en tiempo,0
2327,83,15,31,43,2026-07-05,06:13:00,2026-07-05,21:40:00,2026-07-05,21:40:00,3.52,13,434.81,Diesel,89.47,24.92,3130.05,2229.59,5359.64,0,False,Entregada,Entrega realizada en tiempo,1
2328,30,34,2,50,2026-02-17,17:18:00,2026-02-17,02:19:00,2026-02-18,02:19:00,1.01,10,242.81,Diesel,20.17,25.51,1895.05,514.54,2409.59,0,False,Entregada,Entrega realizada en tiempo,0
2329,42,30,43,12,2026-04-09,06:10:00,2026-04-09,18:53:00,2026-04-09,19:28:00,1.74,73,386.29,Diesel,33.19,26.06,3189.45,864.93,4054.38,35,True,Tardía,Distancia larga,1
2330,52,10,58,29,2026-02-17,20:33:00,2026-02-17,01:41:00,2026-02-18,01:41:00,1.2,39,127.59,Gasolina,12.8,24.35,1569.95,311.68,1881.63,0,False,Entregada,Entrega realizada en tiempo,0
2331,55,17,9,1,2026-04-25,15:43:00,2026-04-25,22:02:00,2026-04-25,22:14:00,6.09,27,175.88,Diesel,31.24,26.58,2204.4,830.36,3034.76,12,True,Tardía,Incidencia operativa,0
2332,91,14,22,14,2026-07-06,20:58:00,2026-07-06,23:21:00,2026-07-06,23:21:00,20.76,52,63.58,Diesel,6.85,26.07,3309.9,178.58,3488.48,0,False,Entregada,Entrega realizada en tiempo,0
2333,46,39,9,14,2026-05-16,16:46:00,2026-05-16,19:09:00,2026-05-16,19:09:00,0.41,65,60.53,Gasolina,4.89,24.82,1363.65,121.37,1485.02,0,False,Entregada,Entrega realizada en tiempo,0
2334,53,2,52,17,2026-05-13,19:25:00,2026-05-13,08:41:00,2026-05-14,08:41:00,12.38,76,347.61,Diesel,70.08,24.53,4084.05,1719.06,5803.11,0,False,Entregada,Entrega realizada en tiempo,1
2335,89,22,50,24,2026-07-19,10:16:00,2026-07-19,18:53:00,2026-07-19,18:53:00,2.25,1,343.43,Diesel,33.21,24.08,2450.15,799.7,3249.85,0,False,Entregada,Entrega realizada en tiempo,0
2336,68,39,50,10,2026-05-02,09:36:00,2026-05-02,02:08:00,2026-05-03,02:08:00,0.93,54,476.68,Gasolina,38.47,25.87,3408.4,995.22,4403.62,0,False,Entregada,Entrega realizada en tiempo,1
2337,42,39,55,29,2026-04-20,11:49:00,2026-04-20,16:57:00,2026-04-20,16:57:00,0.64,2,130.54,Gasolina,10.54,25.05,1232.7,264.03,1496.73,0,False,Entregada,Entrega realizada en tiempo,0
2338,95,21,27,29,2026-01-15,18:32:00,2026-01-15,23:40:00,2026-01-15,23:40:00,1.59,77,131.79,Diesel,18.43,25.5,1933.95,469.96,2403.91,0,False,Entregada,Entrega realizada en tiempo,0
2339,44,23,17,11,2026-04-22,07:37:00,2026-04-22,12:19:00,2026-04-22,12:58:00,1.31,4,130.97,Gasolina,23.99,23.44,1317.85,562.33,1880.18,39,True,Tardía,Hora pico,0
2340,24,31,14,26,2026-07-11,08:29:00,2026-07-11,20:42:00,2026-07-11,21:16:00,0.86,27,332.36,Diesel,47.21,25.45,2463.8,1201.49,3665.29,34,True,Tardía,"Hora pico, Distancia larga",1
2341,14,5,54,30,2026-08-01,14:41:00,2026-08-01,22:13:00,2026-08-01,22:13:00,2.14,63,179.61,Diesel,22.56,24.36,2116.05,549.56,2665.61,0,False,Entregada,Entrega realizada en tiempo,0
2342,63,7,28,11,2026-01-15,12:10:00,2026-01-15,16:52:00,2026-01-15,16:52:00,0.41,79,149.95,Diesel,24.58,25.12,1922.75,617.45,2540.2,0,False,Entregada,Entrega realizada en tiempo,0
2343,37,18,54,36,2026-04-14,20:14:00,2026-04-14,13:35:00,2026-04-15,13:35:00,1.14,5,459.48,Diesel,43.02,26.82,2951.4,1153.8,4105.2,0,False,Entregada,Entrega realizada en tiempo,1
2344,55,38,1,14,2026-05-30,09:11:00,2026-05-30,11:34:00,2026-05-30,11:34:00,0.91,4,63.64,Gasolina,5.41,25.24,941.2,136.55,1077.75,0,False,Entregada,Entrega realizada en tiempo,0
2345,73,36,1,7,2026-03-10,09:43:00,2026-03-10,18:00:00,2026-03-10,18:46:00,1.31,51,325.86,Diesel,38.43,26.61,2668.3,1022.62,3690.92,46,True,Tardía,"Tráfico alto, Hora pico, Distancia larga",1
2346,58,30,57,49,2026-01-05,09:51:00,2026-01-05,01:39:00,2026-01-06,02:20:00,1.57,11,430.65,Diesel,37.0,26.66,2898.25,986.42,3884.67,41,True,Tardía,"Hora pico, Distancia larga",1
2347,88,1,3,19,2026-05-30,09:13:00,2026-05-30,17:02:00,2026-05-30,17:49:00,1.33,24,339.02,Gasolina,32.72,25.75,2520.1,842.54,3362.64,47,True,Tardía,"Hora pico, Distancia larga",1
2348,49,37,15,8,2026-08-09,17:10:00,2026-08-09,00:43:00,2026-08-10,00:43:00,2.89,73,189.71,Diesel,20.22,25.33,2321.55,512.17,2833.72,0,False,Entregada,Entrega realizada en tiempo,0
2349,31,36,1,35,2026-02-26,06:47:00,2026-02-26,15:06:00,2026-02-26,15:06:00,4.91,51,286.75,Diesel,33.81,24.98,2832.75,844.57,3677.32,0,False,Entregada,Entrega realizada en tiempo,1
2350,8,11,57,23,2026-06-07,20:20:00,2026-06-07,05:41:00,2026-06-08,05:41:00,7.57,14,249.27,Diesel,52.15,24.66,2615.35,1286.02,3901.37,0,False,Entregada,Entrega realizada en tiempo,1
2351,78,15,9,30,2026-06-29,09:48:00,2026-06-29,17:20:00,2026-06-29,17:42:00,1.49,64,210.42,Diesel,43.3,26.68,2213.1,1155.24,3368.34,22,True,Tardía,Hora pico,0
2352,16,25,15,23,2026-06-16,06:19:00,2026-06-16,15:40:00,2026-06-16,15:40:00,6.7,73,263.31,Diesel,56.02,24.18,3070.55,1354.56,4425.11,0,False,Entregada,Entrega realizada en tiempo,1
2353,56,27,29,26,2026-06-15,13:52:00,2026-06-15,02:05:00,2026-06-16,02:05:00,12.97,22,382.22,Diesel,49.13,24.5,3884.1,1203.69,5087.79,0,False,Entregada,Entrega realizada en tiempo,1
2354,83,20,23,14,2026-05-31,18:16:00,2026-05-31,20:39:00,2026-05-31,20:39:00,0.69,80,67.47,Gasolina,9.15,24.76,1546.35,226.55,1772.9,0,False,Entregada,Entrega realizada en tiempo,0
2355,3,29,47,1,2026-05-10,20:27:00,2026-05-10,02:46:00,2026-05-11,02:46:00,0.34,39,196.92,Diesel,20.58,25.26,1830.6,519.85,2350.45,0,False,Entregada,Entrega realizada en tiempo,0
2356,64,24,49,27,2026-08-05,05:10:00,2026-08-05,15:36:00,2026-08-05,15:36:00,2.06,6,298.64,Diesel,27.99,26.0,2247.2,727.74,2974.94,0,False,Entregada,Entrega realizada en tiempo,0
2357,14,37,54,11,2026-06-02,06:10:00,2026-06-02,10:52:00,2026-06-02,10:52:00,2.22,24,128.7,Diesel,13.72,26.71,1557.5,366.46,1923.96,0,False,Entregada,Entrega realizada en tiempo,0
2358,100,20,57,16,2026-06-08,06:17:00,2026-06-08,11:23:00,2026-06-08,11:23:00,1.22,34,175.24,Gasolina,23.78,25.74,1770.2,612.1,2382.3,0,False,Entregada,Entrega realizada en tiempo,0
2359,75,15,12,11,2026-03-31,09:15:00,2026-03-31,13:57:00,2026-03-31,14:24:00,2.7,27,129.51,Diesel,26.65,25.07,1633.55,668.12,2301.67,27,True,Tardía,Hora pico,0
2360,6,10,52,24,2026-06-16,13:22:00,2026-06-16,21:59:00,2026-06-16,22:16:00,0.48,8,287.82,Gasolina,28.87,25.97,2051.1,749.75,2800.85,17,True,Tardía,Incidencia operativa,0
2361,37,22,51,46,2026-06-24,06:14:00,2026-06-24,21:04:00,2026-06-24,21:04:00,3.25,52,421.88,Diesel,40.8,26.44,3350.4,1078.75,4429.15,0,False,Entregada,Entrega realizada en tiempo,1
2362,72,19,45,14,2026-06-09,09:48:00,2026-06-09,12:11:00,2026-06-09,12:48:00,6.58,32,65.04,Diesel,6.41,25.18,1739.2,161.4,1900.6,37,True,Tardía,"Hora pico, Carga pesada",0
2363,21,38,28,9,2026-01-02,20:01:00,2026-01-02,00:29:00,2026-01-03,00:29:00,0.57,45,190.1,Gasolina,16.15,25.22,1867.5,407.3,2274.8,0,False,Entregada,Entrega realizada en tiempo,0
2364,83,15,8,9,2026-08-01,11:48:00,2026-08-01,16:16:00,2026-08-01,16:44:00,3.03,35,189.33,Diesel,38.96,24.17,2029.65,941.66,2971.31,28,True,Tardía,Incidencia operativa,0
2365,100,22,49,39,2026-04-11,13:58:00,2026-04-11,07:51:00,2026-04-12,07:51:00,5.2,79,436.44,Diesel,42.21,24.4,3834.2,1029.92,4864.12,0,False,Entregada,Entrega realizada en tiempo,1
2366,8,8,10,16,2026-05-08,15:12:00,2026-05-08,20:18:00,2026-05-08,20:18:00,1.39,10,181.57,Diesel,19.4,24.93,1626.85,483.64,2110.49,0,False,Entregada,Entrega realizada en tiempo,0
2367,48,18,11,5,2026-01-04,15:11:00,2026-01-04,23:03:00,2026-01-04,23:03:00,0.67,77,314.64,Diesel,29.46,24.8,2756.2,730.61,3486.81,0,False,Entregada,Entrega realizada en tiempo,0
2368,12,37,14,29,2026-03-29,08:37:00,2026-03-29,13:45:00,2026-03-29,14:33:00,2.69,17,132.78,Diesel,14.16,24.3,1568.9,344.09,1912.99,48,True,Tardía,"Tráfico alto, Hora pico",0
2369,48,15,47,26,2026-02-02,16:54:00,2026-02-02,05:07:00,2026-02-03,05:07:00,2.56,36,335.28,Diesel,68.99,24.45,2720.4,1686.81,4407.21,0,False,Entregada,Entrega realizada en tiempo,1
2370,66,26,17,25,2026-01-27,08:44:00,2026-01-27,18:10:00,2026-01-27,18:10:00,0.43,4,350.2,Gasolina,49.96,24.28,2326.0,1213.03,3539.03,0,False,Entregada,Entrega realizada en tiempo,1
2371,58,15,2,1,2026-05-27,09:42:00,2026-05-27,16:01:00,2026-05-27,16:01:00,4.01,69,195.17,Diesel,40.16,24.95,2428.85,1001.99,3430.84,0,False,Entregada,Entrega realizada en tiempo,0
2372,18,18,4,13,2026-02-12,08:04:00,2026-02-12,15:15:00,2026-02-12,15:15:00,3.78,46,273.13,Diesel,25.57,26.58,2611.65,679.65,3291.3,0,False,Entregada,Entrega realizada en tiempo,0
2373,46,1,21,7,2026-03-11,09:46:00,2026-03-11,18:03:00,2026-03-11,19:00:00,1.07,18,293.97,Gasolina,28.38,23.71,2220.85,672.89,2893.74,57,True,Tardía,"Tráfico alto, Hora pico",0
2374,7,34,55,29,2026-05-05,17:40:00,2026-05-05,22:48:00,2026-05-05,23:47:00,10.71,18,134.25,Diesel,11.15,26.08,2386.25,290.79,2677.04,59,True,Tardía,"Tráfico alto, Hora pico",0
2375,33,9,10,6,2026-05-09,20:15:00,2026-05-09,03:09:00,2026-05-10,03:09:00,0.73,33,251.72,Gasolina,20.58,25.03,2095.6,515.12,2610.72,0,False,Entregada,Entrega realizada en tiempo,0
2376,90,35,51,8,2026-06-01,09:47:00,2026-06-01,17:20:00,2026-06-01,17:20:00,0.81,1,189.45,Gasolina,25.57,24.63,1536.25,629.79,2166.04,0,False,Entregada,Entrega realizada en tiempo,0
2377,64,3,28,32,2026-06-12,15:53:00,2026-06-12,00:03:00,2026-06-13,00:03:00,11.95,74,233.65,Diesel,50.14,24.63,3455.25,1234.95,4690.2,0,False,Entregada,Entrega realizada en tiempo,1
2378,31,11,38,38,2026-05-23,16:22:00,2026-05-23,05:50:00,2026-05-24,06:40:00,6.81,13,413.8,Diesel,86.57,25.02,3354.0,2165.98,5519.98,50,True,Tardía,"Tráfico alto, Distancia larga",1
2379,92,35,43,19,2026-04-21,11:03:00,2026-04-21,18:52:00,2026-04-21,18:52:00,0.3,67,307.1,Gasolina,41.44,24.51,2601.5,1015.69,3617.19,0,False,Entregada,Entrega realizada en tiempo,1
2380,46,34,34,13,2026-08-01,20:10:00,2026-08-01,03:21:00,2026-08-02,03:21:00,10.57,42,257.05,Diesel,21.35,26.13,3178.25,557.88,3736.13,0,False,Entregada,Entrega realizada en tiempo,0
2381,62,9,26,12,2026-01-05,19:17:00,2026-01-05,08:00:00,2026-01-06,08:00:00,0.44,51,394.3,Gasolina,32.24,24.98,2923.5,805.36,3728.86,0,False,Entregada,Entrega realizada en tiempo,1
2382,100,11,24,20,2026-02-25,13:47:00,2026-02-25,04:03:00,2026-02-26,04:48:00,3.05,48,461.88,Diesel,96.63,24.51,3498.4,2368.4,5866.8,45,True,Tardía,Distancia larga,1
2383,21,12,12,23,2026-01-03,08:34:00,2026-01-03,17:55:00,2026-01-03,18:49:00,0.99,24,268.88,Gasolina,38.47,25.27,2135.4,972.14,3107.54,54,True,Tardía,"Hora pico, Carga pesada",0
2384,39,29,12,36,2026-04-16,09:37:00,2026-04-16,02:58:00,2026-04-17,02:58:00,0.73,33,465.75,Diesel,48.67,25.94,3165.75,1262.5,4428.25,0,False,Entregada,Entrega realizada en tiempo,1
2385,12,11,51,11,2026-03-04,11:05:00,2026-03-04,15:47:00,2026-03-04,15:47:00,0.5,37,136.79,Diesel,28.62,24.53,1529.95,702.05,2232.0,0,False,Entregada,Entrega realizada en tiempo,0
2386,2,1,39,45,2026-06-17,16:25:00,2026-06-17,04:36:00,2026-06-18,04:36:00,0.69,22,505.49,Gasolina,48.79,24.33,3272.45,1187.06,4459.51,0,False,Entregada,Entrega realizada en tiempo,1
2387,18,27,26,1,2026-03-09,13:52:00,2026-03-09,20:11:00,2026-03-09,20:11:00,0.52,7,188.94,Diesel,24.29,25.08,1552.7,609.19,2161.89,0,False,Entregada,Entrega realizada en tiempo,0
2388,25,12,5,31,2026-08-03,12:41:00,2026-08-03,23:49:00,2026-08-04,00:42:00,0.83,6,305.09,Gasolina,43.65,23.15,2156.45,1010.5,3166.95,53,True,Tardía,"Tráfico alto, Distancia larga",1
2389,98,6,37,15,2026-03-04,14:48:00,2026-03-04,05:16:00,2026-03-05,05:16:00,1.18,26,466.01,Diesel,68.13,24.53,3156.05,1671.23,4827.28,0,False,Entregada,Entrega realizada en tiempo,1
2390,21,20,54,30,2026-01-24,07:37:00,2026-01-24,15:09:00,2026-01-24,15:09:00,0.95,29,202.8,Gasolina,27.52,23.02,1841.0,633.51,2474.51,0,False,Entregada,Entrega realizada en tiempo,0
2391,6,27,2,34,2026-02-06,17:31:00,2026-02-06,21:05:00,2026-02-06,21:05:00,6.58,5,147.3,Diesel,18.93,24.84,1934.5,470.22,2404.72,0,False,Entregada,Entrega realizada en tiempo,0
2392,15,27,54,4,2026-05-02,16:55:00,2026-05-02,18:13:00,2026-05-02,18:13:00,11.78,17,36.22,Diesel,4.66,24.66,1995.1,114.92,2110.02,0,False,Entregada,Entrega realizada en tiempo,0
2393,68,23,1,1,2026-05-27,13:14:00,2026-05-27,19:33:00,2026-05-27,19:51:00,0.37,60,199.08,Gasolina,36.46,24.27,2012.4,884.88,2897.28,18,True,Tardía,Incidencia operativa,0
2394,57,28,43,10,2026-08-08,10:43:00,2026-08-08,03:15:00,2026-08-09,04:02:00,0.4,15,413.02,Diesel,60.56,24.04,2725.1,1455.86,4180.96,47,True,Tardía,"Tráfico alto, Distancia larga",1
2395,80,17,19,46,2026-01-24,16:19:00,2026-01-24,07:09:00,2026-01-25,07:09:00,4.88,18,438.49,Diesel,77.88,26.15,3324.45,2036.56,5361.01,0,False,Entregada,Entrega realizada en tiempo,1
2396,50,23,18,19,2026-01-30,09:29:00,2026-01-30,17:18:00,2026-01-30,17:18:00,0.3,23,315.42,Gasolina,57.77,24.98,2291.1,1443.09,3734.19,0,False,Entregada,Entrega realizada en tiempo,1
2397,50,34,24,31,2026-04-18,06:27:00,2026-04-18,17:35:00,2026-04-18,17:35:00,2.08,27,278.95,Diesel,23.17,25.81,2318.75,598.02,2916.77,0,False,Entregada,Entrega realizada en tiempo,0
2398,24,40,3,18,2026-08-14,16:51:00,2026-08-14,08:06:00,2026-08-15,08:06:00,0.83,9,448.35,Diesel,70.05,26.58,2896.75,1861.93,4758.68,0,False,Entregada,Entrega realizada en tiempo,1
2399,13,33,36,29,2026-01-06,07:53:00,2026-01-06,13:01:00,2026-01-06,13:01:00,0.63,64,119.8,Diesel,15.28,25.69,1674.0,392.54,2066.54,0,False,Entregada,Entrega realizada en tiempo,0
2400,23,20,45,12,2026-01-11,09:18:00,2026-01-11,22:01:00,2026-01-11,22:46:00,0.83,72,415.53,Gasolina,56.38,23.23,3236.65,1309.71,4546.36,45,True,Tardía,"Hora pico, Distancia larga",1
2401,64,11,15,18,2026-03-30,16:49:00,2026-03-30,08:04:00,2026-03-31,08:04:00,2.35,43,415.24,Diesel,86.87,25.5,3155.2,2215.18,5370.38,0,False,Entregada,Entrega realizada en tiempo,1
2402,50,37,17,29,2026-05-26,05:10:00,2026-05-26,10:18:00,2026-05-26,10:18:00,0.39,46,129.89,Diesel,13.85,26.32,1556.45,364.53,1920.98,0,False,Entregada,Entrega realizada en tiempo,0
2403,48,15,25,49,2026-02-05,16:35:00,2026-02-05,08:23:00,2026-02-06,08:57:00,2.47,73,418.05,Diesel,86.02,24.59,3421.25,2115.23,5536.48,34,True,Tardía,Distancia larga,1
2404,56,18,5,42,2026-01-04,05:38:00,2026-01-04,08:49:00,2026-01-04,08:49:00,1.49,44,94.1,Diesel,8.81,26.62,1471.5,234.52,1706.02,0,False,Entregada,Entrega realizada en tiempo,0
2405,81,21,31,48,2026-03-10,09:05:00,2026-03-10,14:42:00,2026-03-10,14:42:00,0.37,51,149.66,Diesel,20.93,24.7,1693.3,516.97,2210.27,0,False,Entregada,Entrega realizada en tiempo,0
2406,100,38,39,2,2026-08-02,06:37:00,2026-08-02,13:15:00,2026-08-02,13:15:00,0.28,29,276.25,Gasolina,23.47,23.23,2141.25,545.21,2686.46,0,False,Entregada,Entrega realizada en tiempo,0
2407,87,28,4,20,2026-05-06,16:47:00,2026-05-06,07:03:00,2026-05-07,07:03:00,0.99,13,464.9,Diesel,68.17,25.37,3027.5,1729.47,4756.97,0,False,Entregada,Entrega realizada en tiempo,1
2408,67,17,18,14,2026-04-28,06:25:00,2026-04-28,08:48:00,2026-04-28,09:27:00,8.22,49,64.24,Diesel,11.41,26.89,2035.2,306.81,2342.01,39,True,Tardía,Carga pesada,0
2409,45,27,17,27,2026-08-06,17:08:00,2026-08-06,03:34:00,2026-08-07,03:34:00,19.11,50,304.9,Diesel,39.19,25.21,4335.5,987.98,5323.48,0,False,Entregada,Entrega realizada en tiempo,1
2410,9,24,43,20,2026-08-14,07:33:00,2026-08-14,21:49:00,2026-08-14,21:49:00,1.58,48,423.09,Diesel,39.65,26.24,3157.45,1040.42,4197.87,0,False,Entregada,Entrega realizada en tiempo,1
2411,74,3,4,10,2026-04-26,18:59:00,2026-04-26,11:31:00,2026-04-27,11:31:00,11.1,22,460.03,Diesel,98.72,24.33,4086.15,2401.86,6488.01,0,False,Entregada,Entrega realizada en tiempo,1
2412,100,34,20,22,2026-01-11,17:41:00,2026-01-11,18:17:00,2026-01-11,18:17:00,4.64,72,22.48,Diesel,1.87,24.87,1652.4,46.51,1698.91,0,False,Entregada,Entrega realizada en tiempo,0
2413,31,24,27,49,2026-08-14,16:02:00,2026-08-14,07:50:00,2026-08-15,07:50:00,2.23,44,377.62,Diesel,35.39,24.68,2963.1,873.43,3836.53,0,False,Entregada,Entrega realizada en tiempo,1
2414,32,29,18,28,2026-06-01,19:15:00,2026-06-01,00:29:00,2026-06-02,01:19:00,0.99,28,201.73,Diesel,21.08,25.32,1831.65,533.75,2365.4,50,True,Tardía,Hora pico,0
2415,28,2,53,26,2026-05-01,08:35:00,2026-05-01,20:48:00,2026-05-01,21:39:00,10.13,18,361.2,Diesel,72.82,26.66,3463.0,1941.38,5404.38,51,True,Tardía,"Hora pico, Distancia larga",1
2416,61,37,42,18,2026-07-18,07:39:00,2026-07-18,22:54:00,2026-07-18,22:54:00,1.37,3,408.94,Diesel,43.6,25.36,2705.7,1105.7,3811.4,0,False,Entregada,Entrega realizada en tiempo,1
2417,83,33,28,22,2026-02-25,19:48:00,2026-02-25,20:24:00,2026-02-25,20:24:00,3.29,43,23.55,Diesel,3.0,26.43,1290.75,79.29,1370.04,0,False,Entregada,Entrega realizada en tiempo,0
2418,6,25,31,49,2026-02-22,16:13:00,2026-02-22,08:01:00,2026-02-23,08:01:00,5.8,39,381.02,Diesel,81.07,24.51,3297.1,1987.03,5284.13,0,False,Entregada,Entrega realizada en tiempo,1
2419,66,40,56,33,2026-07-13,18:25:00,2026-07-13,22:16:00,2026-07-13,22:16:00,0.39,4,118.79,Diesel,18.56,24.94,1164.95,462.89,1627.84,0,False,Entregada,Entrega realizada en tiempo,0
2420,82,21,55,2,2026-08-05,12:36:00,2026-08-05,19:14:00,2026-08-05,19:27:00,0.78,18,268.07,Diesel,37.49,26.08,2062.35,977.74,3040.09,13,True,Tardía,Incidencia operativa,0
2421,8,17,42,36,2026-04-19,07:34:00,2026-04-19,00:55:00,2026-04-20,00:55:00,0.94,52,461.16,Diesel,81.91,25.33,3315.8,2074.78,5390.58,0,False,Entregada,Entrega realizada en tiempo,1
2422,53,26,14,12,2026-08-03,06:48:00,2026-08-03,19:31:00,2026-08-03,19:31:00,0.76,9,395.6,Gasolina,56.43,23.49,2626.0,1325.54,3951.54,0,False,Entregada,Entrega realizada en tiempo,1
2423,87,1,31,13,2026-07-27,09:49:00,2026-07-27,17:00:00,2026-07-27,17:00:00,0.38,66,264.19,Gasolina,25.5,23.24,2386.95,592.62,2979.57,0,False,Entregada,Entrega realizada en tiempo,0
2424,73,35,60,11,2026-05-06,08:35:00,2026-05-06,13:17:00,2026-05-06,13:17:00,1.08,20,135.01,Gasolina,18.22,23.97,1443.05,436.73,1879.78,0,False,Entregada,Entrega realizada en tiempo,0
2425,99,14,50,15,2026-04-29,07:29:00,2026-04-29,21:57:00,2026-04-29,21:57:00,24.34,1,439.65,Diesel,47.38,26.47,5140.25,1254.15,6394.4,0,False,Entregada,Entrega realizada en tiempo,1
2426,40,40,17,11,2026-04-14,12:10:00,2026-04-14,16:52:00,2026-04-14,17:33:00,10.87,4,140.69,Diesel,21.98,26.06,2322.45,572.8,2895.25,41,True,Tardía,Carga pesada,0
2427,86,16,57,6,2026-06-22,10:20:00,2026-06-22,17:14:00,2026-06-22,17:14:00,0.33,39,243.07,Gasolina,21.84,24.92,2060.35,544.25,2604.6,0,False,Entregada,Entrega realizada en tiempo,0
2428,89,2,8,19,2026-04-02,16:28:00,2026-04-02,00:17:00,2026-04-03,00:17:00,3.48,4,335.08,Diesel,67.56,25.8,2555.4,1743.05,4298.45,0,False,Entregada,Entrega realizada en tiempo,1
2429,9,40,22,35,2026-04-23,09:00:00,2026-04-23,17:19:00,2026-04-23,18:19:00,9.22,48,322.92,Diesel,50.46,26.88,3420.6,1356.36,4776.96,60,True,Tardía,"Hora pico, Distancia larga",1
2430,35,15,36,33,2026-07-10,11:42:00,2026-07-10,15:33:00,2026-07-10,15:33:00,1.38,32,102.58,Diesel,21.11,26.09,1406.9,550.76,1957.66,0,False,Entregada,Entrega realizada en tiempo,0
2431,89,5,30,47,2026-05-18,08:26:00,2026-05-18,18:24:00,2026-05-18,19:38:00,7.33,61,336.51,Diesel,42.28,26.86,3403.55,1135.64,4539.19,74,True,Tardía,"Tráfico alto, Hora pico, Distancia larga",1
2432,35,15,44,8,2026-03-29,19:37:00,2026-03-29,03:10:00,2026-03-30,03:53:00,1.09,7,199.96,Diesel,41.14,26.65,1664.8,1096.38,2761.18,43,True,Tardía,Hora pico,0
2433,75,10,58,42,2026-05-11,07:21:00,2026-05-11,10:32:00,2026-05-11,11:02:00,0.25,1,94.29,Gasolina,9.46,23.34,1004.45,220.8,1225.25,30,True,Tardía,Hora pico,0
2434,7,39,10,27,2026-06-11,12:02:00,2026-06-11,22:28:00,2026-06-11,22:28:00,0.68,58,296.59,Gasolina,23.94,23.61,2514.95,565.22,3080.17,0,False,Entregada,Entrega realizada en tiempo,0
2435,66,35,3,34,2026-06-13,07:29:00,2026-06-13,11:03:00,2026-06-13,11:03:00,1.33,21,139.58,Gasolina,18.84,24.59,1498.9,463.28,1962.18,0,False,Entregada,Entrega realizada en tiempo,0
2436,77,27,36,12,2026-06-16,12:53:00,2026-06-16,01:36:00,2026-06-17,01:36:00,3.72,39,367.96,Diesel,47.3,24.98,3023.8,1181.55,4205.35,0,False,Entregada,Entrega realizada en tiempo,1
2437,4,2,30,10,2026-05-13,19:42:00,2026-05-13,12:14:00,2026-05-14,12:14:00,12.71,75,432.28,Diesel,87.15,26.85,4532.4,2339.98,6872.38,0,False,Entregada,Entrega realizada en tiempo,1
2438,24,30,41,18,2026-01-23,07:26:00,2026-01-23,22:41:00,2026-01-23,23:34:00,1.49,70,383.06,Diesel,32.91,26.58,3124.3,874.75,3999.05,53,True,Tardía,"Hora pico, Distancia larga",1
2439,22,31,26,26,2026-02-03,05:35:00,2026-02-03,17:48:00,2026-02-03,17:48:00,0.25,5,354.34,Diesel,50.33,26.52,2336.7,1334.75,3671.45,0,False,Entregada,Entrega realizada en tiempo,1
2440,31,40,8,30,2026-01-15,09:59:00,2026-01-15,17:31:00,2026-01-15,18:02:00,9.89,54,213.05,Diesel,33.29,24.81,2986.25,825.92,3812.17,31,True,Tardía,Hora pico,1
2441,42,39,25,41,2026-06-16,09:41:00,2026-06-16,21:22:00,2026-06-16,22:25:00,0.29,33,408.25,Gasolina,32.95,23.54,2834.25,775.64,3609.89,63,True,Tardía,"Tráfico alto, Hora pico, Distancia larga",1
2442,95,19,52,43,2026-06-18,08:19:00,2026-06-18,23:46:00,2026-06-18,23:46:00,6.99,21,434.21,Diesel,42.78,25.12,3538.05,1074.63,4612.68,0,False,Entregada,Entrega realizada en tiempo,1
2443,53,39,2,38,2026-01-24,08:14:00,2026-01-24,21:42:00,2026-01-24,22:56:00,1.05,59,409.43,Gasolina,33.05,24.35,3124.15,804.77,3928.92,74,True,Tardía,"Tráfico alto, Hora pico, Distancia larga, Carga pesada",1
2444,91,4,16,40,2026-04-07,17:00:00,2026-04-07,04:34:00,2026-04-08,04:34:00,1.61,17,425.58,Gasolina,71.53,23.88,2924.9,1708.14,4633.04,0,False,Entregada,Entrega realizada en tiempo,1
2445,49,21,9,49,2026-06-26,12:02:00,2026-06-26,03:50:00,2026-06-27,04:39:00,1.66,46,426.36,Diesel,59.63,26.26,3165.8,1565.88,4731.68,49,True,Tardía,"Distancia larga, Carga pesada",1
2446,90,35,53,29,2026-07-22,14:49:00,2026-07-22,19:57:00,2026-07-22,19:57:00,0.62,36,142.11,Gasolina,19.18,25.91,1560.55,496.95,2057.5,0,False,Entregada,Entrega realizada en tiempo,0
2447,52,18,54,33,2026-05-20,08:07:00,2026-05-20,11:58:00,2026-05-20,11:58:00,1.27,46,105.66,Diesel,9.89,25.71,1523.3,254.27,1777.57,0,False,Entregada,Entrega realizada en tiempo,0
2448,64,16,34,24,2026-03-12,15:26:00,2026-03-12,00:03:00,2026-03-13,00:03:00,0.91,20,331.29,Gasolina,29.77,25.88,2407.45,770.45,3177.9,0,False,Entregada,Entrega realizada en tiempo,0
2449,30,28,3,25,2026-04-14,17:38:00,2026-04-14,03:04:00,2026-04-15,03:04:00,0.96,80,323.29,Diesel,47.4,25.22,2852.45,1195.43,4047.88,0,False,Entregada,Entrega realizada en tiempo,1
2450,75,5,9,24,2026-05-29,12:36:00,2026-05-29,21:13:00,2026-05-29,21:13:00,7.72,63,329.69,Diesel,41.42,26.57,3424.45,1100.53,4524.98,0,False,Entregada,Entrega realizada en tiempo,1
2451,86,12,9,48,2026-01-13,11:11:00,2026-01-13,16:48:00,2026-01-13,16:48:00,0.25,78,150.25,Gasolina,21.49,23.55,1900.25,506.09,2406.34,0,False,Entregada,Entrega realizada en tiempo,0
2452,53,37,40,9,2026-01-03,15:26:00,2026-01-03,19:54:00,2026-01-03,20:18:00,1.52,51,168.48,Diesel,17.96,26.85,1902.4,482.23,2384.63,24,True,Tardía,Incidencia operativa,0
2453,73,38,27,12,2026-02-18,14:24:00,2026-02-18,03:07:00,2026-02-19,03:07:00,1.03,79,400.59,Gasolina,34.03,25.73,3237.95,875.59,4113.54,0,False,Entregada,Entrega realizada en tiempo,1
2454,77,10,38,48,2026-06-04,20:15:00,2026-06-04,01:52:00,2026-06-05,01:52:00,1.15,28,167.49,Gasolina,16.8,24.66,1676.45,414.29,2090.74,0,False,Entregada,Entrega realizada en tiempo,0
2455,62,26,36,33,2026-04-29,18:28:00,2026-04-29,22:19:00,2026-04-29,22:47:00,0.43,79,115.42,Gasolina,16.47,23.9,1752.1,393.63,2145.73,28,True,Tardía,Hora pico,0
2456,32,17,34,12,2026-01-13,19:55:00,2026-01-13,08:38:00,2026-01-14,08:38:00,4.23,33,417.43,Diesel,74.14,26.44,3274.15,1960.26,5234.41,0,False,Entregada,Entrega realizada en tiempo,1
2457,13,21,13,39,2026-05-16,09:48:00,2026-05-16,03:41:00,2026-05-17,04:17:00,0.48,77,496.45,Diesel,69.43,24.09,3646.25,1672.57,5318.82,36,True,Tardía,"Hora pico, Distancia larga",1
2458,9,19,20,4,2026-06-17,17:59:00,2026-06-17,19:17:00,2026-06-17,19:53:00,1.83,52,38.1,Diesel,3.75,26.87,1289.5,100.76,1390.26,36,True,Tardía,Hora pico,0
2459,40,15,55,3,2026-08-11,12:46:00,2026-08-11,00:16:00,2026-08-12,00:43:00,3.17,73,390.08,Diesel,80.26,24.05,3351.4,1930.25,5281.65,27,True,Tardía,Distancia larga,1
2460,67,37,32,21,2026-02-08,20:30:00,2026-02-08,21:08:00,2026-02-08,21:37:00,3.05,17,24.88,Diesel,2.65,25.62,1065.4,67.89,1133.29,29,True,Tardía,Incidencia operativa,0
2461,83,21,54,43,2026-04-09,12:10:00,2026-04-09,03:37:00,2026-04-10,03:37:00,1.35,18,420.72,Diesel,58.84,24.03,2882.6,1413.93,4296.53,0,False,Entregada,Entrega realizada en tiempo,1
2462,80,10,4,34,2026-02-16,10:21:00,2026-02-16,13:55:00,2026-02-16,14:20:00,0.28,30,142.14,Gasolina,14.26,25.98,1478.7,370.47,1849.17,25,True,Tardía,Incidencia operativa,0
2463,55,39,52,7,2026-06-09,11:35:00,2026-06-09,19:52:00,2026-06-09,19:52:00,0.69,80,292.54,Gasolina,23.61,25.75,2671.7,607.96,3279.66,0,False,Entregada,Entrega realizada en tiempo,0
2464,73,35,59,3,2026-06-16,14:25:00,2026-06-16,01:55:00,2026-06-17,02:12:00,0.61,69,390.55,Gasolina,52.71,24.42,3065.75,1287.18,4352.93,17,True,Tardía,Distancia larga,1
2465,47,16,41,1,2026-04-25,16:26:00,2026-04-25,22:45:00,2026-04-25,22:45:00,0.26,13,190.03,Gasolina,17.07,24.29,1580.15,414.63,1994.78,0,False,Entregada,Entrega realizada en tiempo,0
2466,43,31,10,49,2026-07-15,12:54:00,2026-07-15,04:42:00,2026-07-16,05:30:00,1.51,1,385.12,Diesel,54.7,24.36,2584.6,1332.49,3917.09,48,True,Tardía,"Distancia larga, Carga pesada",1
2467,21,21,15,5,2026-06-18,09:30:00,2026-06-18,17:22:00,2026-06-18,17:57:00,1.13,80,337.18,Diesel,47.16,24.16,2938.9,1139.39,4078.29,35,True,Tardía,"Hora pico, Distancia larga",1
2468,63,32,13,42,2026-02-13,07:31:00,2026-02-13,10:42:00,2026-02-13,11:12:00,0.54,45,101.26,Gasolina,9.17,25.27,1420.3,231.73,1652.03,30,True,Tardía,Hora pico,0
2469,98,12,3,10,2026-06-27,13:53:00,2026-06-27,06:25:00,2026-06-28,06:25:00,0.55,80,438.89,Gasolina,62.79,24.75,3389.45,1554.05,4943.5,0,False,Entregada,Entrega realizada en tiempo,1
2470,93,5,38,13,2026-05-13,18:12:00,2026-05-13,01:23:00,2026-05-14,01:23:00,0.27,27,269.64,Diesel,33.87,24.57,2091.2,832.19,2923.39,0,False,Entregada,Entrega realizada en tiempo,0
2471,94,12,52,19,2026-08-07,12:17:00,2026-08-07,20:06:00,2026-08-07,20:06:00,0.77,58,283.54,Gasolina,40.56,24.83,2458.7,1007.1,3465.8,0,False,Entregada,Entrega realizada en tiempo,1
2472,100,18,32,28,2026-01-07,17:47:00,2026-01-07,23:01:00,2026-01-07,23:01:00,1.63,69,204.09,Diesel,19.11,24.39,2235.45,466.09,2701.54,0,False,Entregada,Entrega realizada en tiempo,0
2473,29,21,5,1,2026-06-27,18:26:00,2026-06-27,00:45:00,2026-06-28,01:21:00,0.85,42,187.13,Diesel,26.17,26.36,1856.65,689.84,2546.49,36,True,Tardía,Hora pico,0
2474,81,3,59,45,2026-05-23,14:05:00,2026-05-23,02:16:00,2026-05-24,02:16:00,20.78,62,487.37,Diesel,104.59,26.88,5510.85,2811.38,8322.23,0,False,Entregada,Entrega realizada en tiempo,1
2475,22,35,38,23,2026-01-21,11:22:00,2026-01-21,20:43:00,2026-01-21,21:01:00,0.87,50,284.0,Gasolina,38.33,23.11,2407.0,885.81,3292.81,18,True,Tardía,Incidencia operativa,0
2476,10,36,51,23,2026-05-11,05:22:00,2026-05-11,14:43:00,2026-05-11,14:43:00,6.47,45,266.55,Diesel,31.43,24.24,2839.75,761.86,3601.61,0,False,Entregada,Entrega realizada en tiempo,1
2477,95,7,21,29,2026-03-08,11:45:00,2026-03-08,16:53:00,2026-03-08,16:53:00,2.73,80,128.32,Diesel,21.04,25.1,2054.6,528.1,2582.7,0,False,Entregada,Entrega realizada en tiempo,0
2478,78,8,59,26,2026-01-13,18:52:00,2026-01-13,07:05:00,2026-01-14,07:46:00,21.95,61,371.49,Diesel,39.69,26.15,5040.45,1037.89,6078.34,41,True,Tardía,"Hora pico, Distancia larga, Carga pesada",1
2479,41,20,8,35,2026-03-12,05:48:00,2026-03-12,14:07:00,2026-03-12,14:07:00,0.32,32,334.03,Gasolina,45.32,25.37,2458.15,1149.77,3607.92,0,False,Entregada,Entrega realizada en tiempo,1
2480,70,10,12,6,2026-07-25,20:01:00,2026-07-25,02:55:00,2026-07-26,02:55:00,0.84,27,231.49,Gasolina,23.22,24.18,1957.45,561.46,2518.91,0,False,Entregada,Entrega realizada en tiempo,0
2481,21,3,16,33,2026-04-06,20:35:00,2026-04-06,00:26:00,2026-04-07,00:26:00,12.63,52,107.43,Diesel,23.05,24.84,2716.15,572.56,3288.71,0,False,Entregada,Entrega realizada en tiempo,0
2482,89,2,43,29,2026-05-17,20:00:00,2026-05-17,01:08:00,2026-05-18,01:08:00,14.48,20,123.77,Diesel,24.95,24.47,2726.85,610.53,3337.38,0,False,Entregada,Entrega realizada en tiempo,0
2483,90,22,6,25,2026-03-14,16:45:00,2026-03-14,02:11:00,2026-03-15,02:11:00,8.03,77,346.32,Diesel,33.49,24.61,3650.6,824.19,4474.79,0,False,Entregada,Entrega realizada en tiempo,1
2484,31,22,47,27,2026-02-03,09:03:00,2026-02-03,19:29:00,2026-02-03,19:29:00,0.72,25,346.48,Diesel,33.51,25.41,2504.4,851.49,3355.89,0,False,Entregada,Entrega realizada en tiempo,0
2485,34,2,33,33,2026-01-14,16:31:00,2026-01-14,20:22:00,2026-01-14,20:22:00,8.54,6,104.8,Diesel,21.13,26.89,1926.0,568.19,2494.19,0,False,Entregada,Entrega realizada en tiempo,0
2486,72,31,3,39,2026-02-13,06:43:00,2026-02-13,00:36:00,2026-02-14,00:36:00,0.9,16,488.62,Diesel,69.41,25.85,3161.1,1794.25,4955.35,0,False,Entregada,Entrega realizada en tiempo,1
2487,70,19,56,15,2026-01-21,07:12:00,2026-01-21,21:40:00,2026-01-21,21:40:00,2.47,19,402.51,Diesel,39.66,25.14,2911.55,997.05,3908.6,0,False,Entregada,Entrega realizada en tiempo,1
2488,13,22,35,18,2026-05-22,13:35:00,2026-05-22,04:50:00,2026-05-23,04:50:00,1.42,7,405.29,Diesel,39.2,26.4,2724.45,1034.88,3759.33,0,False,Entregada,Entrega realizada en tiempo,1
2489,31,12,43,8,2026-01-29,15:02:00,2026-01-29,22:35:00,2026-01-29,22:35:00,0.87,38,194.56,Gasolina,27.83,25.4,1863.8,706.88,2570.68,0,False,Entregada,Entrega realizada en tiempo,0
2490,87,11,10,2,2026-03-22,10:38:00,2026-03-22,17:16:00,2026-03-22,17:16:00,2.07,61,246.18,Diesel,51.5,25.43,2425.9,1309.64,3735.54,0,False,Entregada,Entrega realizada en tiempo,1
2491,35,24,46,18,2026-03-17,18:46:00,2026-03-17,10:01:00,2026-03-18,10:01:00,0.93,8,456.84,Diesel,42.82,26.04,2941.2,1115.03,4056.23,0,False,Entregada,Entrega realizada en tiempo,1
2492,87,9,59,41,2026-02-20,07:28:00,2026-02-20,19:09:00,2026-02-20,20:28:00,0.5,9,442.97,Gasolina,36.22,25.19,2836.85,912.38,3749.23,79,True,Tardía,"Tráfico alto, Hora pico, Distancia larga",1
2493,74,18,27,32,2026-07-25,15:26:00,2026-07-25,23:36:00,2026-07-25,23:36:00,2.09,17,232.78,Diesel,21.8,24.54,2008.9,534.97,2543.87,0,False,Entregada,Entrega realizada en tiempo,0
2494,42,37,25,1,2026-04-04,10:00:00,2026-04-04,16:19:00,2026-04-04,16:19:00,4.37,18,185.64,Diesel,19.79,24.22,2009.2,479.31,2488.51,0,False,Entregada,Entrega realizada en tiempo,0
2495,69,20,2,9,2026-04-06,18:52:00,2026-04-06,23:20:00,2026-04-06,23:20:00,1.22,72,191.12,Gasolina,25.93,23.02,2153.6,596.91,2750.51,0,False,Entregada,Entrega realizada en tiempo,0
2496,50,34,26,4,2026-03-26,06:25:00,2026-03-26,07:43:00,2026-03-26,08:05:00,0.99,31,36.38,Diesel,3.02,24.72,1028.9,74.65,1103.55,22,True,Tardía,Incidencia operativa,0
2497,2,24,3,9,2026-07-07,19:56:00,2026-07-07,00:24:00,2026-07-08,00:24:00,1.78,12,167.72,Diesel,15.72,25.29,1612.6,397.56,2010.16,0,False,Entregada,Entrega realizada en tiempo,0
2498,2,40,35,38,2026-01-31,05:55:00,2026-01-31,19:23:00,2026-01-31,19:23:00,2.39,28,401.52,Diesel,62.74,25.78,2970.6,1617.44,4588.04,0,False,Entregada,Entrega realizada en tiempo,1
2499,22,4,52,48,2026-03-02,05:09:00,2026-03-02,10:46:00,2026-03-02,11:33:00,0.23,47,161.58,Gasolina,27.16,24.02,1706.9,652.38,2359.28,47,True,Tardía,Tráfico alto,0
2500,89,13,50,30,2026-07-13,14:36:00,2026-07-13,22:08:00,2026-07-13,22:08:00,0.44,60,197.26,Gasolina,16.09,24.1,2010.3,387.77,2398.07,0,False,Entregada,Entrega realizada en tiempo,0
2501,15,37,42,12,2026-04-11,06:03:00,2026-04-11,18:46:00,2026-04-11,18:46:00,3.04,80,384.66,Diesel,41.01,25.29,3367.3,1037.14,4404.44,0,False,Entregada,Entrega realizada en tiempo,1
2502,18,30,23,32,2026-03-17,13:16:00,2026-03-17,21:26:00,2026-03-17,21:26:00,0.26,35,261.33,Diesel,22.45,25.77,2112.65,578.54,2691.19,0,False,Entregada,Entrega realizada en tiempo,0
2503,18,3,21,19,2026-07-11,20:38:00,2026-07-11,04:27:00,2026-07-12,04:27:00,0.44,37,326.38,Diesel,70.04,26.78,2471.9,1875.67,4347.57,0,False,Entregada,Entrega realizada en tiempo,1
2504,29,33,6,8,2026-05-23,05:40:00,2026-05-23,13:13:00,2026-05-23,13:54:00,3.44,72,193.11,Diesel,24.63,25.17,2385.55,619.94,3005.49,41,True,Tardía,Carga pesada,0
2505,81,23,34,14,2026-03-14,12:48:00,2026-03-14,15:11:00,2026-03-14,15:11:00,1.04,43,62.76,Gasolina,11.49,24.22,1261.8,278.29,1540.09,0,False,Entregada,Entrega realizada en tiempo,0
2506,22,39,51,44,2026-04-05,08:07:00,2026-04-05,10:17:00,2026-04-05,10:17:00,0.6,64,69.67,Gasolina,5.62,23.16,1420.35,130.16,1550.51,0,False,Entregada,Entrega realizada en tiempo,0
2507,90,27,25,1,2026-03-02,16:06:00,2026-03-02,22:25:00,2026-03-02,22:25:00,24.32,54,181.21,Diesel,23.29,24.93,4270.05,580.62,4850.67,0,False,Entregada,Entrega realizada en tiempo,1
2508,55,2,29,1,2026-03-17,17:55:00,2026-03-17,00:14:00,2026-03-18,00:14:00,10.21,20,202.27,Diesel,40.78,26.71,2692.35,1089.23,3781.58,0,False,Entregada,Entrega realizada en tiempo,1
2509,52,2,9,13,2026-04-01,07:23:00,2026-04-01,14:34:00,2026-04-01,15:10:00,15.86,65,260.58,Diesel,52.54,26.04,3908.9,1368.14,5277.04,36,True,Tardía,"Hora pico, Carga pesada",1
2510,9,29,15,44,2026-07-05,07:27:00,2026-07-05,09:37:00,2026-07-05,09:37:00,0.94,64,62.14,Diesel,6.49,24.95,1416.7,161.93,1578.63,0,False,Entregada,Entrega realizada en tiempo,0
2511,7,23,34,29,2026-05-27,06:23:00,2026-05-27,11:31:00,2026-05-27,12:10:00,1.7,17,122.24,Gasolina,22.39,23.74,1417.2,531.54,1948.74,39,True,Tardía,"Tráfico alto, Carga pesada",0
2512,42,20,29,37,2026-03-09,06:45:00,2026-03-09,11:16:00,2026-03-09,11:16:00,1.04,49,180.34,Gasolina,24.47,25.2,1897.7,616.64,2514.34,0,False,Entregada,Entrega realizada en tiempo,0
2513,47,14,7,44,2026-07-27,13:44:00,2026-07-27,15:54:00,2026-07-27,15:54:00,7.85,60,63.71,Diesel,6.87,24.96,2083.55,171.48,2255.03,0,False,Entregada,Entrega realizada en tiempo,0
2514,59,8,37,48,2026-01-21,19:40:00,2026-01-21,01:17:00,2026-01-22,01:17:00,22.67,74,140.54,Diesel,15.01,25.3,4061.7,379.75,4441.45,0,False,Entregada,Entrega realizada en tiempo,1
2515,96,20,55,46,2026-04-14,09:27:00,2026-04-14,00:17:00,2026-04-15,01:04:00,1.04,43,383.97,Gasolina,52.1,23.58,2867.85,1228.52,4096.37,47,True,Tardía,"Hora pico, Distancia larga",1
2516,42,39,32,17,2026-06-10,20:29:00,2026-06-10,09:45:00,2026-06-11,09:45:00,0.36,51,344.75,Gasolina,27.82,23.02,2667.75,640.42,3308.17,0,False,Entregada,Entrega realizada en tiempo,0
2517,88,30,4,50,2026-02-17,10:47:00,2026-02-17,19:48:00,2026-02-17,19:48:00,1.36,62,236.06,Diesel,20.28,26.4,2312.3,535.39,2847.69,0,False,Entregada,Entrega realizada en tiempo,0
2518,12,35,17,16,2026-08-08,05:51:00,2026-08-08,10:57:00,2026-08-08,10:57:00,0.56,13,160.37,Gasolina,21.64,23.49,1461.85,508.32,1970.17,0,False,Entregada,Entrega realizada en tiempo,0
2519,78,24,28,32,2026-03-03,09:12:00,2026-03-03,17:22:00,2026-03-03,17:22:00,0.87,19,269.97,Diesel,25.3,25.81,2088.85,652.99,2741.84,0,False,Entregada,Entrega realizada en tiempo,0
2520,62,14,51,44,2026-02-04,09:36:00,2026-02-04,11:46:00,2026-02-04,12:20:00,26.12,52,62.84,Diesel,6.77,26.76,3842.2,181.17,4023.37,34,True,Tardía,"Hora pico, Carga pesada",0
2521,42,16,49,11,2026-07-28,15:59:00,2026-07-28,20:41:00,2026-07-28,20:41:00,0.77,59,148.18,Gasolina,13.31,25.58,1789.9,340.47,2130.37,0,False,Entregada,Entrega realizada en tiempo,0
2522,84,12,17,11,2026-04-23,18:58:00,2026-04-23,23:40:00,2026-04-23,23:40:00,0.21,31,145.59,Gasolina,20.83,25.13,1496.95,523.46,2020.41,0,False,Entregada,Entrega realizada en tiempo,0
2523,29,35,56,22,2026-06-16,08:02:00,2026-06-16,08:38:00,2026-06-16,09:12:00,1.29,18,21.48,Gasolina,2.9,23.28,880.4,67.51,947.91,34,True,Tardía,"Hora pico, Carga pesada",0
2524,89,1,5,28,2026-06-07,09:14:00,2026-06-07,14:28:00,2026-06-07,14:28:00,0.44,23,203.44,Gasolina,19.64,23.88,1745.2,469.0,2214.2,0,False,Entregada,Entrega realizada en tiempo,0
2525,28,20,32,43,2026-01-19,19:09:00,2026-01-19,10:36:00,2026-01-20,11:31:00,0.98,78,402.62,Gasolina,54.63,25.59,3235.1,1397.98,4633.08,55,True,Tardía,"Hora pico, Distancia larga",1
2526,43,18,45,22,2026-02-02,15:03:00,2026-02-02,15:39:00,2026-02-02,15:39:00,1.2,57,23.07,Diesel,2.16,25.71,1191.35,55.53,1246.88,0,False,Entregada,Entrega realizada en tiempo,0
2527,78,40,5,13,2026-05-22,10:07:00,2026-05-22,17:18:00,2026-05-22,17:40:00,8.42,4,271.69,Diesel,42.45,26.37,2732.45,1119.41,3851.86,22,True,Tardía,Incidencia operativa,1
2528,32,14,44,10,2026-02-17,16:40:00,2026-02-17,09:12:00,2026-02-18,09:12:00,27.51,20,420.75,Diesel,45.34,25.48,5514.75,1155.26,6670.01,0,False,Entregada,Entrega realizada en tiempo,1
2529,60,30,14,14,2026-01-20,16:56:00,2026-01-20,19:19:00,2026-01-20,19:19:00,1.43,65,63.43,Diesel,5.45,24.1,1480.15,131.34,1611.49,0,False,Entregada,Entrega realizada en tiempo,0
2530,51,26,60,20,2026-07-06,18:01:00,2026-07-06,08:17:00,2026-07-07,09:06:00,0.44,57,399.81,Gasolina,57.03,23.71,2999.05,1352.18,4351.23,49,True,Tardía,"Hora pico, Distancia larga",1
2531,5,22,40,21,2026-02-13,19:50:00,2026-02-13,20:28:00,2026-02-13,20:59:00,9.46,39,26.84,Diesel,2.6,25.92,1892.2,67.39,1959.59,31,True,Tardía,"Hora pico, Carga pesada",0
2532,91,20,47,4,2026-02-03,18:17:00,2026-02-03,19:35:00,2026-02-03,19:35:00,0.92,3,40.18,Gasolina,5.45,25.61,816.9,139.57,956.47,0,False,Entregada,Entrega realizada en tiempo,0
2533,61,24,33,11,2026-04-20,17:26:00,2026-04-20,22:08:00,2026-04-20,22:08:00,0.7,18,138.6,Diesel,12.99,26.78,1407.0,347.87,1754.87,0,False,Entregada,Entrega realizada en tiempo,0
2534,56,11,1,3,2026-03-04,15:12:00,2026-03-04,02:42:00,2026-03-05,02:42:00,5.9,66,399.29,Diesel,83.53,25.07,3614.45,2094.1,5708.55,0,False,Entregada,Entrega realizada en tiempo,1
2535,52,17,27,47,2026-01-19,12:36:00,2026-01-19,22:34:00,2026-01-19,23:45:00,9.38,58,345.35,Diesel,61.34,25.57,3628.75,1568.46,5197.21,71,True,Tardía,"Tráfico alto, Distancia larga, Carga pesada",1
2536,28,38,45,50,2026-05-27,18:47:00,2026-05-27,03:48:00,2026-05-28,03:48:00,0.51,74,260.26,Gasolina,22.11,25.12,2444.3,555.4,2999.7,0,False,Entregada,Entrega realizada en tiempo,0
2537,77,5,17,39,2026-06-30,19:27:00,2026-06-30,13:20:00,2026-07-01,13:20:00,1.81,5,447.38,Diesel,56.2,25.86,2957.9,1453.33,4411.23,0,False,Entregada,Entrega realizada en tiempo,1
2538,41,21,1,19,2026-06-02,09:09:00,2026-06-02,16:58:00,2026-06-02,16:58:00,0.74,54,306.84,Diesel,42.91,25.31,2540.2,1086.05,3626.25,0,False,Entregada,Entrega realizada en tiempo,1
2539,28,9,9,48,2026-02-26,11:57:00,2026-02-26,17:34:00,2026-02-26,18:02:00,0.88,49,153.09,Gasolina,12.52,25.16,1745.45,315.0,2060.45,28,True,Tardía,Tráfico alto,0
2540,75,35,52,42,2026-01-20,08:21:00,2026-01-20,11:32:00,2026-01-20,12:04:00,1.11,79,98.94,Gasolina,13.35,23.75,1737.7,317.06,2054.76,32,True,Tardía,Hora pico,0
2541,1,5,12,44,2026-04-26,16:47:00,2026-04-26,18:57:00,2026-04-26,19:13:00,3.42,21,68.71,Diesel,8.63,26.45,1353.55,228.26,1581.81,16,True,Tardía,Incidencia operativa,0
2542,68,20,32,20,2026-02-14,09:21:00,2026-02-14,23:37:00,2026-02-14,23:37:00,0.54,51,404.3,Gasolina,54.86,25.24,2983.5,1384.67,4368.17,0,False,Entregada,Entrega realizada en tiempo,1
2543,90,32,5,33,2026-07-18,19:33:00,2026-07-18,23:24:00,2026-07-18,23:24:00,0.61,19,104.18,Gasolina,9.44,23.39,1233.9,220.8,1454.7,0,False,Entregada,Entrega realizada en tiempo,0
2544,58,34,42,35,2026-06-16,18:03:00,2026-06-16,02:22:00,2026-06-17,02:22:00,0.34,43,321.25,Diesel,26.68,26.92,2484.25,718.23,3202.48,0,False,Entregada,Entrega realizada en tiempo,0
2545,38,5,25,34,2026-01-13,15:44:00,2026-01-13,19:18:00,2026-01-13,19:18:00,5.02,10,146.23,Diesel,18.37,24.6,1813.15,451.9,2265.05,0,False,Entregada,Entrega realizada en tiempo,0
2546,93,17,37,42,2026-04-05,15:19:00,2026-04-05,18:30:00,2026-04-05,18:30:00,9.17,60,98.85,Diesel,17.56,25.72,2391.25,451.64,2842.89,0,False,Entregada,Entrega realizada en tiempo,0
2547,69,18,26,2,2026-07-12,13:32:00,2026-07-12,20:10:00,2026-07-12,20:10:00,3.55,55,244.84,Diesel,22.93,25.87,2519.2,593.2,3112.4,0,False,Entregada,Entrega realizada en tiempo,0
2548,73,25,13,44,2026-05-19,10:00:00,2026-05-19,12:10:00,2026-05-19,12:10:00,6.39,80,69.43,Diesel,14.77,25.33,2126.15,374.12,2500.27,0,False,Entregada,Entrega realizada en tiempo,0
2549,26,26,52,8,2026-01-13,20:03:00,2026-01-13,03:36:00,2026-01-14,03:36:00,0.55,74,203.74,Gasolina,29.06,24.25,2165.7,704.7,2870.4,0,False,Entregada,Entrega realizada en tiempo,0
2550,50,26,9,1,2026-01-26,16:20:00,2026-01-26,22:39:00,2026-01-26,22:39:00,0.42,46,172.54,Gasolina,24.61,25.2,1772.7,620.17,2392.87,0,False,Entregada,Entrega realizada en tiempo,0
2551,88,33,27,18,2026-03-26,18:42:00,2026-03-26,09:57:00,2026-03-27,09:57:00,1.86,67,413.05,Diesel,52.68,24.97,3287.25,1315.42,4602.67,0,False,Entregada,Entrega realizada en tiempo,1
2552,97,23,57,32,2026-04-01,08:11:00,2026-04-01,16:21:00,2026-04-01,16:21:00,1.56,33,235.85,Gasolina,43.2,23.82,2099.25,1029.02,3128.27,0,False,Entregada,Entrega realizada en tiempo,0
2553,1,4,25,34,2026-04-25,13:33:00,2026-04-25,17:07:00,2026-04-25,17:07:00,1.66,54,160.66,Gasolina,27.0,25.57,1901.3,690.39,2591.69,0,False,Entregada,Entrega realizada en tiempo,0
2554,38,4,23,5,2026-04-17,15:22:00,2026-04-17,23:14:00,2026-04-17,23:14:00,0.57,33,317.46,Gasolina,53.35,23.46,2408.3,1251.59,3659.89,0,False,Entregada,Entrega realizada en tiempo,1
2555,33,20,17,5,2026-07-17,19:37:00,2026-07-17,03:29:00,2026-07-18,04:10:00,1.49,79,355.97,Gasolina,48.3,23.6,3060.85,1139.88,4200.73,41,True,Tardía,"Hora pico, Distancia larga, Carga pesada",1
2556,53,35,28,2,2026-05-12,10:53:00,2026-05-12,17:31:00,2026-05-12,17:31:00,0.71,41,253.94,Gasolina,34.27,25.6,2168.7,877.31,3046.01,0,False,Entregada,Entrega realizada en tiempo,0
2557,94,5,29,2,2026-03-04,16:12:00,2026-03-04,22:50:00,2026-03-04,22:50:00,5.16,6,272.3,Diesel,34.21,24.89,2425.5,851.49,3276.99,0,False,Entregada,Entrega realizada en tiempo,0
2558,35,10,59,14,2026-05-12,16:03:00,2026-05-12,18:26:00,2026-05-12,18:46:00,0.56,23,65.87,Gasolina,6.61,25.19,1069.35,166.51,1235.86,20,True,Tardía,Incidencia operativa,0
2559,70,40,48,35,2026-02-27,05:38:00,2026-02-27,13:57:00,2026-02-27,13:57:00,0.81,36,285.61,Diesel,44.63,24.64,2297.05,1099.68,3396.73,0,False,Entregada,Entrega realizada en tiempo,1
2560,86,38,1,38,2026-07-17,16:40:00,2026-07-17,06:08:00,2026-07-18,06:08:00,0.53,9,427.85,Gasolina,36.35,24.43,2764.25,888.03,3652.28,0,False,Entregada,Entrega realizada en tiempo,1
2561,63,37,57,32,2026-02-04,11:21:00,2026-02-04,19:31:00,2026-02-04,19:31:00,1.68,20,247.51,Diesel,26.39,24.33,2065.55,642.07,2707.62,0,False,Entregada,Entrega realizada en tiempo,0
2562,47,25,40,18,2026-05-15,05:19:00,2026-05-15,20:34:00,2026-05-15,20:34:00,3.69,41,396.81,Diesel,84.43,25.39,3181.05,2143.68,5324.73,0,False,Entregada,Entrega realizada en tiempo,1
2563,46,25,49,45,2026-05-06,12:32:00,2026-05-06,00:43:00,2026-05-07,00:43:00,3.57,2,510.34,Diesel,108.58,25.49,3424.7,2767.7,6192.4,0,False,Entregada,Entrega realizada en tiempo,1
2564,82,15,37,17,2026-06-23,05:56:00,2026-06-23,19:12:00,2026-06-23,19:12:00,1.82,44,345.1,Diesel,71.01,25.88,2759.5,1837.74,4597.24,0,False,Entregada,Entrega realizada en tiempo,1
2565,71,3,9,43,2026-04-21,05:10:00,2026-04-21,20:37:00,2026-04-21,20:37:00,13.24,79,484.52,Diesel,103.97,24.44,4878.6,2541.03,7419.63,0,False,Entregada,Entrega realizada en tiempo,1
2566,6,15,6,23,2026-05-16,08:21:00,2026-05-16,17:42:00,2026-05-16,18:11:00,1.15,67,278.04,Diesel,57.21,24.57,2541.2,1405.65,3946.85,29,True,Tardía,Hora pico,1
2567,40,10,3,15,2026-01-25,17:42:00,2026-01-25,08:10:00,2026-01-26,08:10:00,1.15,59,436.28,Gasolina,43.76,24.6,3268.4,1076.5,4344.9,0,False,Entregada,Entrega realizada en tiempo,1
2568,59,24,40,24,2026-01-30,12:04:00,2026-01-30,20:41:00,2026-01-30,20:41:00,0.39,66,325.98,Diesel,30.55,26.21,2696.9,800.72,3497.62,0,False,Entregada,Entrega realizada en tiempo,1
2569,88,34,47,11,2026-02-21,05:32:00,2026-02-21,10:14:00,2026-02-21,10:14:00,1.21,67,139.97,Diesel,11.63,24.39,1856.85,283.66,2140.51,0,False,Entregada,Entrega realizada en tiempo,0
2570,78,21,51,42,2026-05-14,15:44:00,2026-05-14,18:55:00,2026-05-14,18:55:00,1.34,66,92.15,Diesel,12.89,24.83,1622.75,320.06,1942.81,0,False,Entregada,Entrega realizada en tiempo,0
2571,74,27,11,16,2026-06-15,10:10:00,2026-06-15,15:16:00,2026-06-15,15:56:00,22.91,55,158.5,Diesel,20.37,26.17,4023.5,533.08,4556.58,40,True,Tardía,Carga pesada,1
2572,49,40,49,18,2026-02-12,17:26:00,2026-02-12,08:41:00,2026-02-13,09:38:00,10.21,62,418.34,Diesel,65.37,24.58,4108.7,1606.79,5715.49,57,True,Tardía,"Hora pico, Distancia larga, Carga pesada",1
2573,1,25,26,12,2026-08-04,09:42:00,2026-08-04,22:25:00,2026-08-04,23:17:00,2.57,12,362.78,Diesel,77.19,25.62,2666.9,1977.61,4644.51,52,True,Tardía,"Hora pico, Distancia larga",1
2574,20,19,50,10,2026-08-15,15:52:00,2026-08-15,08:24:00,2026-08-16,08:24:00,7.29,47,402.81,Diesel,39.69,25.69,3619.05,1019.64,4638.69,0,False,Entregada,Entrega realizada en tiempo,1
2575,54,40,36,38,2026-08-03,05:59:00,2026-08-03,19:27:00,2026-08-03,19:27:00,2.56,54,427.38,Diesel,66.78,24.71,3324.9,1650.13,4975.03,0,False,Entregada,Entrega realizada en tiempo,1
2576,59,10,15,42,2026-05-02,08:28:00,2026-05-02,11:39:00,2026-05-02,11:39:00,1.02,80,98.36,Gasolina,9.87,24.74,1733.8,244.18,1977.98,0,False,Entregada,Entrega realizada en tiempo,0
2577,20,11,15,31,2026-06-23,06:02:00,2026-06-23,17:10:00,2026-06-23,17:10:00,1.23,55,293.71,Diesel,61.45,24.82,2531.55,1525.19,4056.74,0,False,Entregada,Entrega realizada en tiempo,1
2578,92,35,41,41,2026-04-25,06:42:00,2026-04-25,18:23:00,2026-04-25,19:26:00,0.47,71,383.18,Gasolina,51.71,25.11,3030.9,1298.44,4329.34,63,True,Tardía,"Tráfico alto, Distancia larga",1
2579,10,29,27,32,2026-03-22,13:12:00,2026-03-22,21:22:00,2026-03-22,21:22:00,0.87,76,257.57,Diesel,26.91,26.97,2482.85,725.76,3208.61,0,False,Entregada,Entrega realizada en tiempo,0
2580,70,35,40,44,2026-01-11,17:47:00,2026-01-11,19:57:00,2026-01-11,19:57:00,0.45,27,63.23,Gasolina,8.53,23.2,1077.15,197.9,1275.05,0,False,Entregada,Entrega realizada en tiempo,0
2581,75,5,21,32,2026-06-04,06:35:00,2026-06-04,14:45:00,2026-06-04,14:45:00,3.88,75,270.44,Diesel,33.97,25.53,2840.2,867.25,3707.45,0,False,Entregada,Entrega realizada en tiempo,1
2582,78,25,11,26,2026-07-31,20:13:00,2026-07-31,08:26:00,2026-08-01,09:22:00,10.58,65,378.51,Diesel,80.53,24.62,3970.55,1982.65,5953.2,56,True,Tardía,"Distancia larga, Carga pesada",1
2583,3,10,2,44,2026-05-03,15:05:00,2026-05-03,17:15:00,2026-05-03,17:15:00,0.52,20,59.54,Gasolina,5.97,24.2,1009.7,144.47,1154.17,0,False,Entregada,Entrega realizada en tiempo,0
2584,14,12,8,41,2026-07-21,05:40:00,2026-07-21,17:21:00,2026-07-21,17:21:00,0.47,43,387.29,Gasolina,55.41,24.64,2827.45,1365.3,4192.75,0,False,Entregada,Entrega realizada en tiempo,1
2585,70,7,10,37,2026-06-15,20:33:00,2026-06-15,01:04:00,2026-06-16,01:04:00,2.9,50,198.08,Diesel,32.47,26.35,2180.4,855.58,3035.98,0,False,Entregada,Entrega realizada en tiempo,0
2586,13,33,50,9,2026-07-28,05:41:00,2026-07-28,10:09:00,2026-07-28,10:42:00,3.31,63,186.49,Diesel,23.79,26.15,2267.45,622.11,2889.56,33,True,Tardía,Carga pesada,0
2587,77,3,56,8,2026-01-13,17:37:00,2026-01-13,01:10:00,2026-01-14,01:47:00,8.34,17,202.59,Diesel,43.47,25.66,2482.95,1115.44,3598.39,37,True,Tardía,Hora pico,1
2588,50,36,39,15,2026-02-27,11:57:00,2026-02-27,02:25:00,2026-02-28,02:25:00,2.47,66,391.78,Diesel,46.2,26.55,3233.9,1226.61,4460.51,0,False,Entregada,Entrega realizada en tiempo,1
2589,85,20,39,30,2026-01-12,10:45:00,2026-01-12,18:17:00,2026-01-12,18:42:00,1.21,41,179.95,Gasolina,24.42,23.98,1848.75,585.59,2434.34,25,True,Tardía,Incidencia operativa,0
2590,66,40,27,34,2026-07-20,10:12:00,2026-07-20,13:46:00,2026-07-20,13:46:00,5.05,44,142.96,Diesel,22.34,25.34,2071.8,566.1,2637.9,0,False,Entregada,Entrega realizada en tiempo,0
2591,63,29,16,48,2026-01-26,09:53:00,2026-01-26,15:30:00,2026-01-26,16:35:00,1.33,28,161.34,Diesel,16.86,24.13,1663.7,406.83,2070.53,65,True,Tardía,"Tráfico alto, Hora pico",0
2592,99,21,29,44,2026-01-09,14:08:00,2026-01-09,16:18:00,2026-01-09,16:18:00,0.67,12,68.73,Diesel,9.61,25.85,1006.65,248.42,1255.07,0,False,Entregada,Entrega realizada en tiempo,0
2593,87,15,34,18,2026-07-01,11:16:00,2026-07-01,02:31:00,2026-07-02,02:31:00,1.36,6,417.21,Diesel,85.85,26.95,2770.05,2313.66,5083.71,0,False,Entregada,Entrega realizada en tiempo,1
2594,69,14,7,5,2026-03-21,07:19:00,2026-03-21,15:11:00,2026-03-21,15:11:00,20.15,62,338.93,Diesel,36.52,25.95,4705.65,947.69,5653.34,0,False,Entregada,Entrega realizada en tiempo,1
2595,90,7,49,10,2026-02-28,13:54:00,2026-02-28,06:26:00,2026-03-01,07:35:00,5.46,7,415.55,Diesel,68.12,25.88,3179.75,1762.95,4942.7,69,True,Tardía,"Tráfico alto, Distancia larga, Carga pesada",1
2596,51,35,39,5,2026-07-10,06:37:00,2026-07-10,14:29:00,2026-07-10,14:29:00,0.96,57,333.75,Gasolina,45.04,24.35,2720.75,1096.72,3817.47,0,False,Entregada,Entrega realizada en tiempo,1
2597,58,35,4,10,2026-03-01,12:51:00,2026-03-01,05:23:00,2026-03-02,06:32:00,1.25,35,409.8,Gasolina,55.3,25.93,2954.0,1433.93,4387.93,69,True,Tardía,"Tráfico alto, Distancia larga, Carga pesada",1
2598,74,19,2,49,2026-03-01,16:46:00,2026-03-01,08:34:00,2026-03-02,08:34:00,5.79,55,417.85,Diesel,41.17,26.44,3608.25,1088.53,4696.78,0,False,Entregada,Entrega realizada en tiempo,1
2599,9,28,14,9,2026-06-06,13:30:00,2026-06-06,17:58:00,2026-06-06,17:58:00,0.42,28,174.14,Diesel,25.53,25.52,1636.7,651.53,2288.23,0,False,Entregada,Entrega realizada en tiempo,0
2600,27,8,23,38,2026-05-08,14:28:00,2026-05-08,03:56:00,2026-05-09,03:56:00,7.71,21,446.79,Diesel,47.73,26.11,3672.95,1246.23,4919.18,0,False,Entregada,Entrega realizada en tiempo,1
2601,19,29,15,7,2026-05-11,15:35:00,2026-05-11,23:52:00,2026-05-11,23:52:00,1.64,27,316.41,Diesel,33.06,24.41,2462.05,806.99,3269.04,0,False,Entregada,Entrega realizada en tiempo,0
2602,12,22,36,24,2026-06-30,12:41:00,2026-06-30,21:18:00,2026-06-30,21:18:00,6.18,21,316.48,Diesel,30.61,24.68,2868.4,755.45,3623.85,0,False,Entregada,Entrega realizada en tiempo,1
2603,23,20,6,25,2026-08-07,14:04:00,2026-08-07,23:30:00,2026-08-07,23:30:00,0.27,71,325.12,Gasolina,44.11,25.22,2720.6,1112.45,3833.05,0,False,Entregada,Entrega realizada en tiempo,1
2604,69,16,38,28,2026-07-24,15:01:00,2026-07-24,20:15:00,2026-07-24,20:15:00,0.7,60,180.27,Gasolina,16.2,23.9,1951.35,387.18,2338.53,0,False,Entregada,Entrega realizada en tiempo,0
2605,50,31,46,17,2026-04-10,09:46:00,2026-04-10,23:02:00,2026-04-11,00:11:00,0.47,16,349.04,Diesel,49.58,25.63,2420.2,1270.74,3690.94,69,True,Tardía,"Hora pico, Distancia larga",1
2606,84,6,59,41,2026-05-05,11:47:00,2026-05-05,23:28:00,2026-05-06,00:09:00,3.9,79,386.62,Diesel,56.52,25.01,3455.1,1413.57,4868.67,41,True,Tardía,"Tráfico alto, Distancia larga",1
2607,21,11,5,33,2026-06-20,08:25:00,2026-06-20,12:16:00,2026-06-20,12:16:00,4.01,73,101.52,Diesel,21.24,25.94,1992.6,550.97,2543.57,0,False,Entregada,Entrega realizada en tiempo,0
2608,37,7,15,49,2026-03-18,11:42:00,2026-03-18,03:30:00,2026-03-19,03:30:00,5.14,62,441.37,Diesel,72.36,26.67,3716.85,1929.84,5646.69,0,False,Entregada,Entrega realizada en tiempo,1
2609,91,38,17,36,2026-02-22,18:51:00,2026-02-22,12:12:00,2026-02-23,12:58:00,0.8,58,412.2,Gasolina,35.02,24.61,3105.0,861.84,3966.84,46,True,Tardía,"Hora pico, Distancia larga",1
2610,37,16,13,50,2026-01-08,08:27:00,2026-01-08,17:28:00,2026-01-08,17:28:00,0.98,45,261.95,Gasolina,23.54,25.25,2267.75,594.38,2862.13,0,False,Entregada,Entrega realizada en tiempo,0
2611,74,38,25,46,2026-07-29,09:07:00,2026-07-29,23:57:00,2026-07-29,23:57:00,0.85,72,386.46,Gasolina,32.83,24.25,3093.3,796.13,3889.43,0,False,Entregada,Entrega realizada en tiempo,1
2612,58,30,8,39,2026-07-11,15:26:00,2026-07-11,09:19:00,2026-07-12,09:19:00,1.67,53,486.57,Diesel,41.8,24.23,3523.85,1012.81,4536.66,0,False,Entregada,Entrega realizada en tiempo,1
2613,18,21,48,26,2026-03-03,11:11:00,2026-03-03,23:24:00,2026-03-03,23:47:00,1.09,5,368.02,Diesel,51.47,26.04,2489.1,1340.28,3829.38,23,True,Tardía,Distancia larga,1
2614,29,18,40,38,2026-05-20,06:04:00,2026-05-20,19:32:00,2026-05-20,19:32:00,1.98,27,442.55,Diesel,41.44,26.92,3126.75,1115.56,4242.31,0,False,Entregada,Entrega realizada en tiempo,1
2615,71,15,58,27,2026-05-05,14:39:00,2026-05-05,01:05:00,2026-05-06,01:36:00,0.34,3,326.32,Diesel,67.14,24.98,2189.6,1677.16,3866.76,31,True,Tardía,Distancia larga,1
2616,82,20,18,26,2026-01-31,11:18:00,2026-01-31,23:31:00,2026-01-31,23:31:00,0.32,4,353.61,Gasolina,47.98,23.63,2332.05,1133.77,3465.82,0,False,Entregada,Entrega realizada en tiempo,1
2617,100,23,5,30,2026-03-19,15:58:00,2026-03-19,23:30:00,2026-03-19,23:30:00,0.66,47,200.2,Gasolina,36.67,23.92,1943.0,877.15,2820.15,0,False,Entregada,Entrega realizada en tiempo,0
2618,49,4,8,36,2026-04-09,10:31:00,2026-04-09,03:52:00,2026-04-10,03:52:00,0.4,17,461.89,Gasolina,77.63,23.2,2985.45,1801.02,4786.47,0,False,Entregada,Entrega realizada en tiempo,1
2619,75,23,48,42,2026-04-08,13:22:00,2026-04-08,16:33:00,2026-04-08,16:33:00,1.45,75,91.27,Gasolina,16.72,24.92,1701.35,416.66,2118.01,0,False,Entregada,Entrega realizada en tiempo,0
2620,63,29,25,17,2026-07-27,07:19:00,2026-07-27,20:35:00,2026-07-27,21:28:00,0.37,78,325.22,Diesel,33.98,24.01,2787.1,815.86,3602.96,53,True,Tardía,"Hora pico, Distancia larga",1
2621,23,22,22,5,2026-07-06,09:53:00,2026-07-06,17:45:00,2026-07-06,17:45:00,8.51,35,328.67,Diesel,31.79,26.78,3274.35,851.34,4125.69,0,False,Entregada,Entrega realizada en tiempo,1
2622,33,36,26,31,2026-02-06,09:34:00,2026-02-06,20:42:00,2026-02-06,21:31:00,3.59,69,283.04,Diesel,33.38,26.27,2826.2,876.89,3703.09,49,True,Tardía,"Tráfico alto, Hora pico",1
2623,30,5,17,24,2026-03-12,15:46:00,2026-03-12,00:23:00,2026-03-13,00:23:00,6.32,11,337.46,Diesel,42.39,25.45,2907.3,1078.83,3986.13,0,False,Entregada,Entrega realizada en tiempo,1
2624,75,13,10,23,2026-01-24,08:16:00,2026-01-24,17:37:00,2026-01-24,17:37:00,1.68,76,275.21,Gasolina,22.45,24.55,2652.05,551.15,3203.2,0,False,Entregada,Entrega realizada en tiempo,0
2625,76,21,14,5,2026-02-04,05:18:00,2026-02-04,13:10:00,2026-02-04,13:10:00,0.32,2,302.78,Diesel,42.35,24.86,2061.9,1052.82,3114.72,0,False,Entregada,Entrega realizada en tiempo,0
2626,57,32,42,28,2026-04-19,08:32:00,2026-04-19,13:46:00,2026-04-19,14:28:00,0.24,25,178.39,Gasolina,16.16,24.51,1615.95,396.08,2012.03,42,True,Tardía,Hora pico,0
2627,8,7,47,45,2026-05-18,18:15:00,2026-05-18,06:26:00,2026-05-19,07:16:00,0.92,11,446.62,Diesel,73.22,24.28,2913.1,1777.78,4690.88,50,True,Tardía,"Hora pico, Distancia larga",1
2628,9,17,15,28,2026-05-04,20:26:00,2026-05-04,01:40:00,2026-05-05,01:40:00,3.77,22,202.81,Diesel,36.02,26.84,2067.05,966.78,3033.83,0,False,Entregada,Entrega realizada en tiempo,0
2629,2,32,52,36,2026-01-20,20:29:00,2026-01-20,13:50:00,2026-01-21,14:27:00,0.7,13,474.05,Gasolina,42.94,24.27,3044.25,1042.15,4086.4,37,True,Tardía,Distancia larga,1
2630,17,22,49,30,2026-08-03,06:26:00,2026-08-03,13:58:00,2026-08-03,13:58:00,6.93,71,183.83,Diesel,17.78,24.01,2680.15,426.9,3107.05,0,False,Entregada,Entrega realizada en tiempo,0
2631,55,38,43,13,2026-03-04,07:23:00,2026-03-04,14:34:00,2026-03-04,14:55:00,0.82,34,248.99,Gasolina,21.15,24.21,2098.95,512.04,2610.99,21,True,Tardía,Hora pico,0
2632,7,12,13,4,2026-02-17,19:27:00,2026-02-17,20:45:00,2026-02-17,20:45:00,0.75,43,38.21,Gasolina,5.47,25.07,1110.05,137.13,1247.18,0,False,Entregada,Entrega realizada en tiempo,0
2633,43,2,44,21,2026-08-01,08:10:00,2026-08-01,08:48:00,2026-08-01,08:48:00,16.44,37,24.01,Diesel,4.84,24.29,2560.05,117.56,2677.61,0,False,Entregada,Entrega realizada en tiempo,0
2634,20,2,26,27,2026-05-03,06:06:00,2026-05-03,16:32:00,2026-05-03,17:01:00,4.74,41,343.99,Diesel,69.35,24.06,3021.95,1668.56,4690.51,29,True,Tardía,Distancia larga,1
2635,52,28,58,16,2026-02-22,19:09:00,2026-02-22,00:15:00,2026-02-23,00:42:00,0.22,17,180.59,Diesel,26.48,24.11,1560.95,638.43,2199.38,27,True,Tardía,Hora pico,0
2636,41,15,56,38,2026-02-03,09:42:00,2026-02-03,23:10:00,2026-02-04,00:16:00,3.05,23,468.34,Diesel,96.37,24.29,3330.7,2340.83,5671.53,66,True,Tardía,"Tráfico alto, Hora pico, Distancia larga",1
2637,85,40,49,3,2026-08-06,07:07:00,2026-08-06,18:37:00,2026-08-06,19:33:00,11.76,27,434.21,Diesel,67.85,24.3,4063.05,1648.75,5711.8,56,True,Tardía,"Hora pico, Distancia larga, Carga pesada",1
2638,30,12,24,12,2026-05-13,15:07:00,2026-05-13,03:50:00,2026-05-14,04:32:00,0.26,28,413.89,Gasolina,59.21,24.01,2819.45,1421.63,4241.08,42,True,Tardía,Distancia larga,1
2639,53,19,22,9,2026-02-25,12:11:00,2026-02-25,16:39:00,2026-02-25,16:39:00,5.01,65,179.9,Diesel,17.72,26.32,2420.5,466.39,2886.89,0,False,Entregada,Entrega realizada en tiempo,0
2640,39,40,29,28,2026-07-23,05:11:00,2026-07-23,10:25:00,2026-07-23,10:25:00,1.72,34,192.38,Diesel,30.06,25.29,1905.9,760.22,2666.12,0,False,Entregada,Entrega realizada en tiempo,0
2641,25,18,12,48,2026-01-14,14:15:00,2026-01-14,19:52:00,2026-01-14,19:52:00,4.02,56,165.6,Diesel,15.51,25.91,2178.0,401.86,2579.86,0,False,Entregada,Entrega realizada en tiempo,0
2642,61,16,18,43,2026-05-27,20:40:00,2026-05-27,12:07:00,2026-05-28,12:44:00,0.64,47,404.8,Gasolina,36.37,24.07,2964.0,875.43,3839.43,37,True,Tardía,Distancia larga,1
2643,100,6,22,45,2026-02-15,15:25:00,2026-02-15,03:36:00,2026-02-16,03:36:00,4.35,48,497.1,Diesel,72.68,25.69,3804.5,1867.15,5671.65,0,False,Entregada,Entrega realizada en tiempo,1
2644,9,18,32,49,2026-04-10,09:23:00,2026-04-10,01:11:00,2026-04-11,01:11:00,2.93,32,409.29,Diesel,38.32,25.53,3095.45,978.31,4073.76,0,False,Entregada,Entrega realizada en tiempo,1
2645,80,27,27,20,2026-01-27,11:30:00,2026-01-27,01:46:00,2026-01-28,01:46:00,1.69,48,420.76,Diesel,54.08,25.21,3156.8,1363.36,4520.16,0,False,Entregada,Entrega realizada en tiempo,1
2646,75,24,11,19,2026-08-13,17:49:00,2026-08-13,01:38:00,2026-08-14,01:38:00,1.23,35,336.25,Diesel,31.51,25.18,2584.25,793.42,3377.67,0,False,Entregada,Entrega realizada en tiempo,0
2647,93,21,43,15,2026-03-28,09:35:00,2026-03-28,00:03:00,2026-03-29,00:03:00,1.19,75,412.2,Diesel,57.65,26.1,3280.0,1504.66,4784.66,0,False,Entregada,Entrega realizada en tiempo,1
2648,53,9,49,41,2026-08-14,20:56:00,2026-08-14,08:37:00,2026-08-15,08:37:00,0.66,44,371.79,Gasolina,30.4,23.46,2776.95,713.18,3490.13,0,False,Entregada,Entrega realizada en tiempo,1
2649,26,25,32,38,2026-02-08,12:06:00,2026-02-08,01:34:00,2026-02-09,02:53:00,10.78,44,428.41,Diesel,91.15,26.09,4072.05,2378.1,6450.15,79,True,Tardía,"Tráfico alto, Distancia larga, Carga pesada",1
2650,54,13,48,41,2026-05-21,10:20:00,2026-05-21,22:01:00,2026-05-21,22:58:00,1.05,35,394.12,Gasolina,32.15,24.5,2855.6,787.67,3643.27,57,True,Tardía,"Tráfico alto, Distancia larga",1
2651,55,16,43,37,2026-01-07,16:50:00,2026-01-07,21:21:00,2026-01-07,21:21:00,0.89,13,193.94,Gasolina,17.42,24.62,1662.7,428.88,2091.58,0,False,Entregada,Entrega realizada en tiempo,0
2652,38,37,31,38,2026-06-13,10:39:00,2026-06-13,00:07:00,2026-06-14,00:07:00,3.55,78,420.7,Diesel,44.85,26.28,3582.5,1178.66,4761.16,0,False,Entregada,Entrega realizada en tiempo,1
2653,85,5,27,7,2026-04-01,10:43:00,2026-04-01,19:00:00,2026-04-01,19:48:00,3.17,65,290.0,Diesel,36.43,25.97,2787.0,946.09,3733.09,48,True,Tardía,Tráfico alto,1
2654,89,30,6,2,2026-03-04,05:31:00,2026-03-04,12:09:00,2026-03-04,12:09:00,1.69,27,239.85,Diesel,20.61,25.14,2084.25,518.14,2602.39,0,False,Entregada,Entrega realizada en tiempo,0
2655,61,11,50,50,2026-01-02,08:17:00,2026-01-02,17:18:00,2026-01-02,17:18:00,5.11,69,264.86,Diesel,55.41,26.44,2887.3,1465.04,4352.34,0,False,Entregada,Entrega realizada en tiempo,1
2656,71,2,36,9,2026-04-09,11:36:00,2026-04-09,16:04:00,2026-04-09,16:26:00,14.7,27,173.29,Diesel,34.94,25.19,3052.45,880.14,3932.59,22,True,Tardía,Carga pesada,1
2657,26,38,50,20,2026-07-20,17:25:00,2026-07-20,07:41:00,2026-07-21,07:41:00,0.59,24,392.32,Gasolina,33.33,23.83,2712.6,794.25,3506.85,0,False,Entregada,Entrega realizada en tiempo,1
2658,19,38,54,41,2026-02-12,15:53:00,2026-02-12,03:34:00,2026-02-13,04:23:00,0.77,38,430.09,Gasolina,36.54,24.79,3031.45,905.83,3937.28,49,True,Tardía,"Tráfico alto, Distancia larga",1
2659,59,9,48,38,2026-08-09,12:00:00,2026-08-09,01:28:00,2026-08-10,02:21:00,0.41,28,433.54,Gasolina,35.45,25.98,2932.7,920.99,3853.69,53,True,Tardía,"Tráfico alto, Distancia larga",1
2660,15,12,42,27,2026-06-29,15:45:00,2026-06-29,02:11:00,2026-06-30,02:11:00,0.92,38,340.74,Gasolina,48.75,23.27,2599.7,1134.41,3734.11,0,False,Entregada,Entrega realizada en tiempo,1
2661,53,29,44,2,2026-04-16,20:14:00,2026-04-16,02:52:00,2026-04-17,02:52:00,0.59,28,265.43,Diesel,27.74,25.8,2110.15,715.69,2825.84,0,False,Entregada,Entrega realizada en tiempo,0
2662,5,7,25,7,2026-02-13,14:50:00,2026-02-13,23:07:00,2026-02-13,23:46:00,1.23,74,288.61,Diesel,47.31,25.7,2658.05,1215.87,3873.92,39,True,Tardía,Tráfico alto,1
2663,35,38,3,49,2026-07-13,07:12:00,2026-07-13,23:00:00,2026-07-14,00:04:00,0.97,29,437.66,Gasolina,37.18,24.26,3017.3,901.99,3919.29,64,True,Tardía,"Hora pico, Distancia larga, Carga pesada",1
2664,62,14,44,18,2026-05-17,08:18:00,2026-05-17,23:33:00,2026-05-17,23:33:00,21.05,6,385.29,Diesel,41.52,25.64,4579.45,1064.57,5644.02,0,False,Entregada,Entrega realizada en tiempo,1
2665,89,17,6,47,2026-01-16,07:55:00,2026-01-16,17:53:00,2026-01-16,18:53:00,8.02,56,334.18,Diesel,59.36,24.27,3420.9,1440.67,4861.57,60,True,Tardía,"Tráfico alto, Hora pico, Distancia larga, Carga pesada",1
2666,52,1,19,38,2026-06-17,07:49:00,2026-06-17,21:17:00,2026-06-17,22:22:00,0.7,4,444.04,Gasolina,42.86,23.45,2822.2,1005.07,3827.27,65,True,Tardía,"Tráfico alto, Hora pico, Distancia larga",1
2667,72,27,55,27,2026-01-31,15:58:00,2026-01-31,02:24:00,2026-02-01,02:24:00,2.66,70,333.45,Diesel,42.86,26.24,2993.25,1124.65,4117.9,0,False,Entregada,Entrega realizada en tiempo,1
2668,10,40,39,3,2026-03-05,12:09:00,2026-03-05,23:39:00,2026-03-05,23:39:00,7.11,16,374.37,Diesel,58.5,26.31,3210.85,1539.13,4749.98,0,False,Entregada,Entrega realizada en tiempo,1
2669,34,33,58,48,2026-03-26,12:35:00,2026-03-26,18:12:00,2026-03-26,18:12:00,0.88,34,144.32,Diesel,18.41,26.99,1581.6,496.89,2078.49,0,False,Entregada,Entrega realizada en tiempo,0
2670,27,21,13,5,2026-04-19,06:44:00,2026-04-19,14:36:00,2026-04-19,14:36:00,0.29,62,332.38,Diesel,46.49,26.01,2686.9,1209.2,3896.1,0,False,Entregada,Entrega realizada en tiempo,1
2671,63,38,7,14,2026-05-20,15:03:00,2026-05-20,17:26:00,2026-05-20,17:26:00,0.91,11,57.24,Gasolina,4.86,24.44,965.2,118.78,1083.98,0,False,Entregada,Entrega realizada en tiempo,0
2672,90,6,51,32,2026-01-30,09:56:00,2026-01-30,18:06:00,2026-01-30,18:06:00,0.76,18,251.37,Diesel,36.75,24.29,1976.85,892.66,2869.51,0,False,Entregada,Entrega realizada en tiempo,0
2673,88,20,60,2,2026-02-04,12:57:00,2026-02-04,19:35:00,2026-02-04,19:35:00,1.38,60,254.22,Gasolina,34.49,23.01,2389.1,793.61,3182.71,0,False,Entregada,Entrega realizada en tiempo,0
2674,67,36,52,42,2026-01-23,12:05:00,2026-01-23,15:16:00,2026-01-23,15:43:00,2.74,16,99.31,Diesel,11.71,25.38,1398.55,297.2,1695.75,27,True,Tardía,Incidencia operativa,0
2675,81,20,21,9,2026-05-05,07:49:00,2026-05-05,12:17:00,2026-05-05,13:00:00,0.6,78,159.21,Gasolina,21.6,25.55,1980.05,551.88,2531.93,43,True,Tardía,Hora pico,0
2676,48,32,25,19,2026-08-09,16:12:00,2026-08-09,00:01:00,2026-08-10,00:35:00,0.8,78,318.31,Gasolina,28.83,23.11,2795.55,666.26,3461.81,34,True,Tardía,Distancia larga,1
2677,82,32,20,40,2026-01-29,15:07:00,2026-01-29,02:41:00,2026-01-30,02:41:00,0.67,74,424.83,Gasolina,38.48,23.51,3283.15,904.66,4187.81,0,False,Entregada,Entrega realizada en tiempo,1
2678,83,10,8,23,2026-03-14,06:04:00,2026-03-14,15:25:00,2026-03-14,15:45:00,1.1,31,253.7,Gasolina,25.45,23.65,2126.5,601.89,2728.39,20,True,Tardía,Incidencia operativa,0
2679,7,27,39,43,2026-04-21,09:24:00,2026-04-21,00:51:00,2026-04-22,00:51:00,9.71,9,412.08,Diesel,52.97,24.76,3603.4,1311.54,4914.94,0,False,Entregada,Entrega realizada en tiempo,1
2680,45,22,11,21,2026-02-14,18:47:00,2026-02-14,19:25:00,2026-02-14,19:25:00,1.43,40,25.99,Diesel,2.51,24.01,1092.95,60.27,1153.22,0,False,Entregada,Entrega realizada en tiempo,0
2681,82,24,19,32,2026-07-04,07:59:00,2026-07-04,16:09:00,2026-07-04,16:09:00,2.08,60,269.79,Diesel,25.28,25.79,2536.95,651.97,3188.92,0,False,Entregada,Entrega realizada en tiempo,0
2682,79,18,34,34,2026-04-02,16:24:00,2026-04-02,19:58:00,2026-04-02,19:58:00,2.64,78,138.88,Diesel,13.0,25.71,2082.4,334.23,2416.63,0,False,Entregada,Entrega realizada en tiempo,0
2683,77,15,4,2,2026-04-05,08:37:00,2026-04-05,15:15:00,2026-04-05,15:15:00,0.62,44,278.57,Diesel,57.32,25.04,2306.85,1435.29,3742.14,0,False,Entregada,Entrega realizada en tiempo,1
2684,85,26,14,24,2026-04-04,19:18:00,2026-04-04,03:55:00,2026-04-05,03:55:00,0.55,19,322.46,Gasolina,46.0,23.55,2319.3,1083.3,3402.6,0,False,Entregada,Entrega realizada en tiempo,1
2685,82,6,30,10,2026-04-10,15:08:00,2026-04-10,07:40:00,2026-04-11,07:40:00,9.16,47,455.48,Diesel,66.59,24.08,4069.4,1603.49,5672.89,0,False,Entregada,Entrega realizada en tiempo,1
2686,49,1,31,2,2026-06-19,06:05:00,2026-06-19,12:43:00,2026-06-19,12:43:00,1.42,38,240.68,Gasolina,23.23,24.96,2149.4,579.82,2729.22,0,False,Entregada,Entrega realizada en tiempo,0
2687,36,8,54,15,2026-01-02,15:32:00,2026-01-02,06:00:00,2026-01-03,06:00:00,17.02,54,456.11,Diesel,48.73,24.78,4914.55,1207.53,6122.08,0,False,Entregada,Entrega realizada en tiempo,1
2688,90,33,29,50,2026-07-26,08:56:00,2026-07-26,17:57:00,2026-07-26,18:45:00,1.24,1,254.05,Diesel,32.4,25.23,1902.25,817.45,2719.7,48,True,Tardía,Hora pico,0
2689,77,4,44,18,2026-07-25,08:31:00,2026-07-25,23:46:00,2026-07-25,23:46:00,0.67,18,458.29,Gasolina,77.02,23.02,3002.45,1773.0,4775.45,0,False,Entregada,Entrega realizada en tiempo,1
2690,53,11,13,33,2026-07-04,08:07:00,2026-07-04,11:58:00,2026-07-04,11:58:00,0.47,45,110.81,Diesel,23.18,25.98,1461.05,602.22,2063.27,0,False,Entregada,Entrega realizada en tiempo,0
2691,18,15,10,36,2026-02-07,09:11:00,2026-02-07,02:32:00,2026-02-08,03:17:00,0.85,72,463.63,Diesel,95.4,25.41,3479.15,2424.11,5903.26,45,True,Tardía,"Hora pico, Distancia larga",1
2692,20,34,13,23,2026-06-05,12:02:00,2026-06-05,21:23:00,2026-06-05,21:23:00,2.97,1,255.21,Diesel,21.2,24.12,2081.05,511.34,2592.39,0,False,Entregada,Entrega realizada en tiempo,0
2693,97,36,18,29,2026-06-04,08:14:00,2026-06-04,13:22:00,2026-06-04,13:22:00,3.79,48,141.53,Diesel,16.69,24.31,1970.65,405.73,2376.38,0,False,Entregada,Entrega realizada en tiempo,0
2694,15,16,23,43,2026-01-08,13:12:00,2026-01-08,04:39:00,2026-01-09,04:39:00,0.41,41,413.61,Gasolina,37.16,25.83,2937.05,959.84,3896.89,0,False,Entregada,Entrega realizada en tiempo,1
2695,19,11,50,42,2026-05-16,08:59:00,2026-05-16,12:10:00,2026-05-16,12:10:00,6.43,1,97.54,Diesel,20.41,25.31,1638.7,516.58,2155.28,0,False,Entregada,Entrega realizada en tiempo,0
2696,16,24,32,36,2026-01-11,17:33:00,2026-01-11,10:54:00,2026-01-12,11:38:00,2.2,31,415.62,Diesel,38.95,26.68,3046.1,1039.19,4085.29,44,True,Tardía,"Hora pico, Distancia larga, Carga pesada",1
2697,14,40,19,46,2026-03-26,10:19:00,2026-03-26,01:09:00,2026-03-27,01:09:00,7.86,10,395.91,Diesel,61.86,26.61,3345.55,1646.09,4991.64,0,False,Entregada,Entrega realizada en tiempo,1
2698,17,33,49,7,2026-06-17,11:18:00,2026-06-17,19:35:00,2026-06-17,19:35:00,0.77,61,323.2,Diesel,41.22,26.4,2681.0,1088.21,3769.21,0,False,Entregada,Entrega realizada en tiempo,1
2699,37,9,36,3,2026-02-14,07:41:00,2026-02-14,19:11:00,2026-02-14,19:11:00,0.72,66,417.46,Gasolina,34.13,25.78,3187.3,879.87,4067.17,0,False,Entregada,Entrega realizada en tiempo,1
2700,29,2,25,15,2026-07-13,14:31:00,2026-07-13,04:59:00,2026-07-14,04:59:00,5.24,72,423.3,Diesel,85.34,26.9,3716.5,2295.65,6012.15,0,False,Entregada,Entrega realizada en tiempo,1
2701,87,15,30,36,2026-05-30,08:42:00,2026-05-30,02:03:00,2026-05-31,03:04:00,1.79,19,486.71,Diesel,100.15,26.79,3264.55,2683.02,5947.57,61,True,Tardía,"Hora pico, Distancia larga",1
2702,31,26,39,37,2026-01-04,13:52:00,2026-01-04,18:23:00,2026-01-04,18:23:00,0.37,43,180.78,Gasolina,25.79,25.87,1784.9,667.19,2452.09,0,False,Entregada,Entrega realizada en tiempo,0
2703,64,24,38,37,2026-03-20,05:34:00,2026-03-20,10:05:00,2026-03-20,10:05:00,0.98,36,190.44,Diesel,17.85,26.68,1838.2,476.24,2314.44,0,False,Entregada,Entrega realizada en tiempo,0
2704,1,27,39,28,2026-05-26,06:44:00,2026-05-26,11:58:00,2026-05-26,11:58:00,7.01,39,201.82,Diesel,25.94,24.46,2522.1,634.49,3156.59,0,False,Entregada,Entrega realizada en tiempo,0
2705,78,35,28,1,2026-04-07,07:46:00,2026-04-07,14:05:00,2026-04-07,14:05:00,0.51,7,201.16,Gasolina,27.15,24.26,1612.8,658.66,2271.46,0,False,Entregada,Entrega realizada en tiempo,0
2706,31,15,29,49,2026-03-11,14:28:00,2026-03-11,06:16:00,2026-03-12,06:45:00,0.61,6,424.78,Diesel,87.4,25.33,2732.9,2213.84,4946.74,29,True,Tardía,Distancia larga,1
2707,12,15,27,43,2026-05-24,07:19:00,2026-05-24,22:46:00,2026-05-24,22:46:00,3.77,76,415.68,Diesel,85.53,24.18,3563.4,2068.12,5631.52,0,False,Entregada,Entrega realizada en tiempo,1
2708,46,15,41,2,2026-05-12,11:12:00,2026-05-12,17:50:00,2026-05-12,17:50:00,4.01,62,260.54,Diesel,53.61,25.85,2699.7,1385.82,4085.52,0,False,Entregada,Entrega realizada en tiempo,1
2709,21,40,55,26,2026-03-17,11:19:00,2026-03-17,23:32:00,2026-03-17,23:32:00,11.42,59,370.1,Diesel,57.83,25.5,3964.5,1474.66,5439.16,0,False,Entregada,Entrega realizada en tiempo,1
2710,24,21,52,1,2026-05-17,12:43:00,2026-05-17,19:02:00,2026-05-17,19:02:00,0.67,24,175.95,Diesel,24.61,24.42,1638.75,600.98,2239.73,0,False,Entregada,Entrega realizada en tiempo,0
2711,33,12,14,20,2026-05-12,05:49:00,2026-05-12,20:05:00,2026-05-12,20:05:00,0.46,5,393.62,Gasolina,56.31,24.36,2554.1,1371.71,3925.81,0,False,Entregada,Entrega realizada en tiempo,1
2712,17,20,8,47,2026-03-26,13:15:00,2026-03-26,23:13:00,2026-03-26,23:13:00,0.41,51,312.71,Gasolina,42.43,23.98,2512.55,1017.47,3530.02,0,False,Entregada,Entrega realizada en tiempo,1
2713,44,21,30,19,2026-08-05,05:24:00,2026-08-05,13:13:00,2026-08-05,13:13:00,0.85,23,328.38,Diesel,45.93,25.69,2410.9,1179.94,3590.84,0,False,Entregada,Entrega realizada en tiempo,1
2714,49,1,11,18,2026-02-12,14:28:00,2026-02-12,05:43:00,2026-02-13,06:11:00,0.41,8,391.84,Gasolina,37.82,24.97,2564.2,944.37,3508.57,28,True,Tardía,Distancia larga,1
2715,80,22,44,39,2026-03-16,14:11:00,2026-03-16,08:04:00,2026-03-17,08:04:00,6.29,29,431.06,Diesel,41.69,24.97,3516.3,1041.0,4557.3,0,False,Entregada,Entrega realizada en tiempo,1
2716,69,9,34,25,2026-02-27,06:17:00,2026-02-27,15:43:00,2026-02-27,15:43:00,0.29,3,320.81,Gasolina,26.23,23.42,2157.05,614.31,2771.36,0,False,Entregada,Entrega realizada en tiempo,0
2717,56,26,12,45,2026-06-08,07:28:00,2026-06-08,19:39:00,2026-06-08,20:24:00,0.75,21,496.66,Gasolina,70.85,23.08,3226.3,1635.22,4861.52,45,True,Tardía,"Hora pico, Distancia larga, Carga pesada",1
2718,12,27,30,35,2026-07-16,09:57:00,2026-07-16,18:16:00,2026-07-16,19:06:00,9.75,16,321.7,Diesel,41.35,26.7,3211.5,1104.05,4315.55,50,True,Tardía,"Hora pico, Distancia larga",1
2719,49,39,14,31,2026-08-08,05:25:00,2026-08-08,16:33:00,2026-08-08,16:33:00,0.75,29,316.28,Gasolina,25.53,25.46,2388.4,649.99,3038.39,0,False,Entregada,Entrega realizada en tiempo,0
2720,97,3,14,8,2026-08-03,10:37:00,2026-08-03,18:10:00,2026-08-03,18:10:00,15.64,21,200.41,Diesel,43.01,24.91,3234.05,1071.38,4305.43,0,False,Entregada,Entrega realizada en tiempo,1
2721,100,23,1,12,2026-02-08,06:26:00,2026-02-08,19:09:00,2026-02-08,19:09:00,0.62,13,355.74,Gasolina,65.15,23.15,2444.7,1508.22,3952.92,0,False,Entregada,Entrega realizada en tiempo,1
2722,74,16,42,16,2026-02-24,14:39:00,2026-02-24,19:45:00,2026-02-24,19:45:00,0.66,29,187.03,Gasolina,16.8,24.46,1733.15,410.93,2144.08,0,False,Entregada,Entrega realizada en tiempo,0
2723,78,4,1,4,2026-06-15,05:11:00,2026-06-15,06:29:00,2026-06-15,06:29:00,1.06,75,41.9,Gasolina,7.04,24.29,1415.5,171.0,1586.5,0,False,Entregada,Entrega realizada en tiempo,0
2724,49,10,12,22,2026-04-07,11:44:00,2026-04-07,12:20:00,2026-04-07,12:51:00,1.52,64,21.8,Gasolina,2.19,25.91,1273.0,56.74,1329.74,31,True,Tardía,Carga pesada,0
2725,40,1,47,29,2026-05-29,08:14:00,2026-05-29,13:22:00,2026-05-29,14:08:00,1.21,1,135.52,Gasolina,13.08,25.23,1306.6,330.01,1636.61,46,True,Tardía,"Tráfico alto, Hora pico",0
2726,11,25,42,41,2026-04-30,17:58:00,2026-04-30,05:39:00,2026-05-01,05:39:00,10.86,69,442.78,Diesel,94.21,24.85,4351.9,2341.12,6693.02,0,False,Entregada,Entrega realizada en tiempo,1
2727,49,19,29,47,2026-03-15,10:28:00,2026-03-15,20:26:00,2026-03-15,20:26:00,5.31,2,321.66,Diesel,31.69,24.35,2655.3,771.65,3426.95,0,False,Entregada,Entrega realizada en tiempo,0
2728,38,23,13,44,2026-06-07,08:58:00,2026-06-07,11:08:00,2026-06-07,11:08:00,1.45,11,60.02,Gasolina,10.99,25.92,1033.1,284.86,1317.96,0,False,Entregada,Entrega realizada en tiempo,0
2729,55,27,46,28,2026-03-29,06:22:00,2026-03-29,11:36:00,2026-03-29,11:36:00,21.26,23,201.64,Diesel,25.92,25.94,3818.2,672.36,4490.56,0,False,Entregada,Entrega realizada en tiempo,1
2730,98,27,5,9,2026-01-07,09:35:00,2026-01-07,14:03:00,2026-01-07,14:03:00,10.53,12,179.35,Diesel,23.05,25.94,2545.75,597.92,3143.67,0,False,Entregada,Entrega realizada en tiempo,0
2731,62,36,4,27,2026-06-19,07:51:00,2026-06-19,18:17:00,2026-06-19,18:50:00,3.32,80,314.14,Diesel,37.04,26.03,3042.7,964.15,4006.85,33,True,Tardía,"Hora pico, Distancia larga",1
2732,51,31,41,36,2026-06-24,17:01:00,2026-06-24,10:22:00,2026-06-25,10:22:00,0.66,50,467.87,Diesel,66.46,25.43,3305.35,1690.08,4995.43,0,False,Entregada,Entrega realizada en tiempo,1
2733,55,14,22,16,2026-02-04,08:12:00,2026-02-04,13:18:00,2026-02-04,14:09:00,25.88,63,188.68,Diesel,20.33,24.21,4535.4,492.19,5027.59,51,True,Tardía,"Hora pico, Carga pesada",1
2734,18,25,53,41,2026-05-13,12:41:00,2026-05-13,00:22:00,2026-05-14,01:11:00,2.1,66,434.22,Diesel,92.39,24.25,3409.1,2240.46,5649.56,49,True,Tardía,"Tráfico alto, Distancia larga",1
2735,20,39,20,13,2026-01-06,06:01:00,2026-01-06,13:12:00,2026-01-06,13:12:00,0.96,32,247.89,Gasolina,20.01,24.01,2091.45,480.44,2571.89,0,False,Entregada,Entrega realizada en tiempo,0
2736,32,37,49,35,2026-05-25,08:55:00,2026-05-25,17:14:00,2026-05-25,17:14:00,0.52,32,298.62,Diesel,31.84,24.22,2301.1,771.16,3072.26,0,False,Entregada,Entrega realizada en tiempo,0
2737,19,17,28,23,2026-06-03,19:54:00,2026-06-03,05:15:00,2026-06-04,05:52:00,8.66,49,275.58,Diesel,48.95,26.26,3135.9,1285.43,4421.33,37,True,Tardía,"Hora pico, Carga pesada",1
2738,69,17,7,32,2026-06-18,20:12:00,2026-06-18,04:22:00,2026-06-19,04:22:00,6.89,64,236.47,Diesel,42.0,25.71,2883.35,1079.82,3963.17,0,False,Entregada,Entrega realizada en tiempo,1
2739,44,14,59,34,2026-02-05,06:06:00,2026-02-05,09:40:00,2026-02-05,09:40:00,19.94,13,134.49,Diesel,14.49,26.0,3270.45,376.74,3647.19,0,False,Entregada,Entrega realizada en tiempo,0
2740,4,25,52,23,2026-02-11,16:25:00,2026-02-11,01:46:00,2026-02-12,02:10:00,4.28,38,275.25,Diesel,58.56,26.6,2608.25,1557.7,4165.95,24,True,Tardía,Incidencia operativa,1
2741,29,24,5,10,2026-05-05,09:17:00,2026-05-05,01:49:00,2026-05-06,01:49:00,0.52,41,465.48,Diesel,43.63,24.66,3207.4,1075.92,4283.32,0,False,Entregada,Entrega realizada en tiempo,1
2742,32,32,54,24,2026-06-22,15:20:00,2026-06-22,23:57:00,2026-06-22,23:57:00,0.39,50,324.5,Gasolina,29.39,25.93,2561.5,762.08,3323.58,0,False,Entregada,Entrega realizada en tiempo,0
2743,34,34,29,33,2026-03-17,16:10:00,2026-03-17,20:01:00,2026-03-17,20:01:00,6.59,22,111.14,Diesel,9.23,26.41,1890.7,243.76,2134.46,0,False,Entregada,Entrega realizada en tiempo,0
2744,37,24,54,8,2026-01-06,12:26:00,2026-01-06,19:59:00,2026-01-06,19:59:00,0.44,18,177.62,Diesel,16.65,26.88,1576.1,447.55,2023.65,0,False,Entregada,Entrega realizada en tiempo,0
2745,75,9,37,27,2026-03-25,15:34:00,2026-03-25,02:00:00,2026-03-26,02:00:00,0.99,43,303.96,Gasolina,24.85,23.43,2462.8,582.24,3045.04,0,False,Entregada,Entrega realizada en tiempo,0
2746,87,4,56,27,2026-07-16,08:48:00,2026-07-16,19:14:00,2026-07-16,19:14:00,1.44,58,348.15,Gasolina,58.51,25.13,2848.75,1470.36,4319.11,0,False,Entregada,Entrega realizada en tiempo,1
2747,23,39,15,48,2026-03-23,05:39:00,2026-03-23,11:16:00,2026-03-23,11:16:00,0.42,57,146.68,Gasolina,11.84,23.65,1731.4,280.02,2011.42,0,False,Entregada,Entrega realizada en tiempo,0
2748,88,18,56,9,2026-01-19,08:36:00,2026-01-19,13:04:00,2026-01-19,13:30:00,2.78,15,190.51,Diesel,17.84,24.56,1850.55,438.15,2288.7,26,True,Tardía,Hora pico,0
2749,26,19,58,32,2026-04-29,20:54:00,2026-04-29,05:04:00,2026-04-30,05:04:00,7.01,1,248.07,Diesel,24.44,25.03,2449.35,611.73,3061.08,0,False,Entregada,Entrega realizada en tiempo,0
2750,64,37,30,9,2026-04-06,08:55:00,2026-04-06,13:23:00,2026-04-06,13:59:00,3.92,67,162.85,Diesel,17.36,25.38,2242.25,440.6,2682.85,36,True,Tardía,Hora pico,0
2751,27,15,42,40,2026-05-16,08:05:00,2026-05-16,19:39:00,2026-05-16,20:28:00,4.04,38,442.05,Diesel,90.96,25.94,3418.25,2359.5,5777.75,49,True,Tardía,"Hora pico, Distancia larga, Carga pesada",1
2752,20,4,60,37,2026-06-28,11:20:00,2026-06-28,15:51:00,2026-06-28,15:51:00,0.45,9,180.94,Gasolina,30.41,24.18,1521.7,735.31,2257.01,0,False,Entregada,Entrega realizada en tiempo,0
2753,52,29,1,26,2026-02-20,16:40:00,2026-02-20,04:53:00,2026-02-21,04:53:00,0.36,29,342.47,Diesel,35.79,26.55,2480.35,950.22,3430.57,0,False,Entregada,Entrega realizada en tiempo,1
2754,67,28,13,1,2026-01-29,07:08:00,2026-01-29,13:27:00,2026-01-29,14:08:00,0.87,20,182.72,Diesel,26.79,25.51,1660.6,683.41,2344.01,41,True,Tardía,"Hora pico, Carga pesada",0
2755,35,9,25,17,2026-07-17,20:13:00,2026-07-17,09:29:00,2026-07-18,09:29:00,0.28,27,338.29,Gasolina,27.66,23.64,2435.45,653.88,3089.33,0,False,Entregada,Entrega realizada en tiempo,0
2756,58,37,25,2,2026-07-22,19:10:00,2026-07-22,01:48:00,2026-07-23,01:48:00,4.8,70,269.39,Diesel,28.72,25.5,2886.95,732.36,3619.31,0,False,Entregada,Entrega realizada en tiempo,0
2757,95,6,45,14,2026-04-08,05:54:00,2026-04-08,08:17:00,2026-04-08,08:17:00,4.97,43,59.03,Diesel,8.63,24.76,1636.15,213.68,1849.83,0,False,Entregada,Entrega realizada en tiempo,0
2758,37,28,57,39,2026-02-04,05:35:00,2026-02-04,23:28:00,2026-02-04,23:28:00,1.01,48,485.4,Diesel,71.17,24.84,3412.0,1767.86,5179.86,0,False,Entregada,Entrega realizada en tiempo,1
2759,92,4,8,13,2026-02-07,11:39:00,2026-02-07,18:50:00,2026-02-07,18:50:00,0.63,48,238.83,Gasolina,40.14,23.28,2141.15,934.46,3075.61,0,False,Entregada,Entrega realizada en tiempo,0
2760,73,14,24,4,2026-07-31,05:04:00,2026-07-31,06:22:00,2026-07-31,06:22:00,1.75,14,36.56,Diesel,3.94,24.88,969.8,98.03,1067.83,0,False,Entregada,Entrega realizada en tiempo,0
2761,15,31,23,34,2026-07-03,06:34:00,2026-07-03,10:08:00,2026-07-03,10:08:00,1.06,7,159.83,Diesel,22.7,25.57,1461.15,580.44,2041.59,0,False,Entregada,Entrega realizada en tiempo,0
2762,66,37,41,49,2026-07-06,06:18:00,2026-07-06,22:06:00,2026-07-06,22:06:00,2.53,33,439.43,Diesel,46.85,24.18,3214.15,1132.83,4346.98,0,False,Entregada,Entrega realizada en tiempo,1
2763,8,18,16,5,2026-03-31,15:24:00,2026-03-31,23:16:00,2026-03-31,23:16:00,1.93,66,339.91,Diesel,31.83,26.06,2920.55,829.49,3750.04,0,False,Entregada,Entrega realizada en tiempo,1
2764,43,13,34,41,2026-06-17,08:17:00,2026-06-17,19:58:00,2026-06-17,19:58:00,1.51,66,380.12,Gasolina,31.0,24.43,3079.6,757.33,3836.93,0,False,Entregada,Entrega realizada en tiempo,1
2765,59,21,23,33,2026-01-13,09:02:00,2026-01-13,12:53:00,2026-01-13,12:53:00,0.76,80,112.0,Diesel,15.66,24.31,1776.0,380.69,2156.69,0,False,Entregada,Entrega realizada en tiempo,0
2766,52,34,60,21,2026-04-08,12:28:00,2026-04-08,13:06:00,2026-04-08,13:06:00,1.31,15,24.48,Diesel,2.03,26.45,873.4,53.69,927.09,0,False,Entregada,Entrega realizada en tiempo,0
2767,71,17,3,6,2026-06-05,06:09:00,2026-06-05,13:03:00,2026-06-05,13:03:00,5.16,60,276.05,Diesel,49.03,25.97,2876.25,1273.31,4149.56,0,False,Entregada,Entrega realizada en tiempo,1
2768,52,39,34,45,2026-05-24,09:30:00,2026-05-24,21:41:00,2026-05-24,21:41:00,0.69,14,496.18,Gasolina,40.05,23.32,3161.9,933.97,4095.87,0,False,Entregada,Entrega realizada en tiempo,1
2769,67,25,28,34,2026-04-19,08:05:00,2026-04-19,11:39:00,2026-04-19,11:39:00,4.9,73,156.11,Diesel,33.21,26.48,2354.55,879.4,3233.95,0,False,Entregada,Entrega realizada en tiempo,0
2770,50,29,23,38,2026-07-08,19:12:00,2026-07-08,08:40:00,2026-07-09,09:38:00,1.17,26,472.55,Diesel,49.38,26.59,3187.75,1313.01,4500.76,58,True,Tardía,"Tráfico alto, Hora pico, Distancia larga",1
2771,43,35,14,24,2026-02-18,11:22:00,2026-02-18,19:59:00,2026-02-18,20:38:00,0.67,70,321.62,Gasolina,43.4,23.98,2735.1,1040.73,3775.83,39,True,Tardía,Distancia larga,1
2772,91,10,35,24,2026-03-05,14:15:00,2026-03-05,22:52:00,2026-03-05,22:52:00,1.04,32,310.39,Gasolina,31.13,24.78,2411.95,771.4,3183.35,0,False,Entregada,Entrega realizada en tiempo,0
2773,98,33,11,19,2026-02-10,15:25:00,2026-02-10,23:14:00,2026-02-10,23:39:00,0.72,19,286.81,Diesel,36.58,25.01,2158.05,914.87,3072.92,25,True,Tardía,Incidencia operativa,0
2774,6,5,44,22,2026-05-19,11:59:00,2026-05-19,12:35:00,2026-05-19,12:35:00,0.36,55,24.95,Diesel,3.13,25.45,1100.75,79.66,1180.41,0,False,Entregada,Entrega realizada en tiempo,0
2775,27,1,53,50,2026-02-21,05:09:00,2026-02-21,14:10:00,2026-02-21,14:10:00,0.55,66,233.84,Gasolina,22.57,23.47,2252.2,529.72,2781.92,0,False,Entregada,Entrega realizada en tiempo,0
2776,60,12,31,49,2026-04-09,16:37:00,2026-04-09,08:25:00,2026-04-10,08:25:00,0.83,72,398.34,Gasolina,56.99,23.67,3150.7,1348.95,4499.65,0,False,Entregada,Entrega realizada en tiempo,1
2777,41,5,41,24,2026-07-27,06:10:00,2026-07-27,14:47:00,2026-07-27,15:13:00,4.97,41,295.08,Diesel,37.07,25.11,2800.4,930.83,3731.23,26,True,Tardía,Incidencia operativa,1
2778,39,28,7,16,2026-01-02,20:29:00,2026-01-02,01:35:00,2026-01-03,01:35:00,0.98,25,185.73,Diesel,27.23,24.02,1726.65,654.06,2380.71,0,False,Entregada,Entrega realizada en tiempo,0
2779,73,31,9,47,2026-08-04,05:40:00,2026-08-04,15:38:00,2026-08-04,15:38:00,1.48,59,332.17,Diesel,47.18,24.67,2780.85,1163.93,3944.78,0,False,Entregada,Entrega realizada en tiempo,1
2780,92,11,31,31,2026-05-01,17:58:00,2026-05-01,05:06:00,2026-05-02,06:00:00,6.46,15,285.21,Diesel,59.67,24.96,2692.05,1489.36,4181.41,54,True,Tardía,"Tráfico alto, Hora pico",1
2781,89,31,42,33,2026-04-10,09:00:00,2026-04-10,12:51:00,2026-04-10,13:22:00,0.21,78,99.17,Diesel,14.09,24.44,1640.85,344.36,1985.21,31,True,Tardía,Hora pico,0
2782,7,10,46,18,2026-02-06,09:18:00,2026-02-06,00:33:00,2026-02-07,00:33:00,0.98,38,417.94,Gasolina,41.92,25.67,2991.7,1076.09,4067.79,0,False,Entregada,Entrega realizada en tiempo,1
2783,7,23,48,43,2026-05-04,17:30:00,2026-05-04,08:57:00,2026-05-05,08:57:00,1.01,13,402.05,Gasolina,73.64,25.5,2715.25,1877.82,4593.07,0,False,Entregada,Entrega realizada en tiempo,1
2784,92,28,60,8,2026-06-23,18:06:00,2026-06-23,01:39:00,2026-06-24,01:39:00,0.55,49,203.74,Diesel,29.87,25.83,1965.7,771.54,2737.24,0,False,Entregada,Entrega realizada en tiempo,0
2785,45,26,26,50,2026-04-27,16:18:00,2026-04-27,01:19:00,2026-04-28,01:19:00,0.46,6,258.38,Gasolina,36.86,25.17,1885.9,927.77,2813.67,0,False,Entregada,Entrega realizada en tiempo,0
2786,49,34,55,16,2026-02-19,12:49:00,2026-02-19,17:55:00,2026-02-19,18:24:00,3.87,35,184.45,Diesel,15.32,26.14,2089.25,400.46,2489.71,29,True,Tardía,Incidencia operativa,0
2787,20,11,60,19,2026-02-05,15:43:00,2026-02-05,23:32:00,2026-02-05,23:56:00,5.03,47,293.75,Diesel,61.45,25.87,2847.75,1589.71,4437.46,24,True,Tardía,Incidencia operativa,1
2788,89,12,9,6,2026-05-29,07:48:00,2026-05-29,14:42:00,2026-05-29,15:40:00,0.4,34,258.36,Gasolina,36.96,23.06,2103.8,852.3,2956.1,58,True,Tardía,"Tráfico alto, Hora pico",0
2789,89,19,31,43,2026-03-04,16:03:00,2026-03-04,07:30:00,2026-03-05,07:30:00,6.37,15,436.55,Diesel,43.01,26.37,3439.75,1134.17,4573.92,0,False,Entregada,Entrega realizada en tiempo,1
2790,76,8,6,22,2026-01-10,08:02:00,2026-01-10,08:38:00,2026-01-10,08:38:00,6.01,9,24.92,Diesel,2.66,26.49,1297.6,70.46,1368.06,0,False,Entregada,Entrega realizada en tiempo,0
2791,20,27,1,2,2026-05-10,06:08:00,2026-05-10,12:46:00,2026-05-10,12:46:00,18.26,52,260.3,Diesel,33.46,25.72,4043.5,860.59,4904.09,0,False,Entregada,Entrega realizada en tiempo,1
2792,27,17,55,30,2026-03-28,17:55:00,2026-03-28,01:27:00,2026-03-29,01:27:00,4.72,72,187.3,Diesel,33.27,24.61,2484.5,818.77,3303.27,0,False,Entregada,Entrega realizada en tiempo,0
2793,41,19,33,33,2026-07-02,09:22:00,2026-07-02,13:13:00,2026-07-02,13:13:00,4.86,63,106.21,Diesel,10.46,25.8,2021.05,269.87,2290.92,0,False,Entregada,Entrega realizada en tiempo,0
2794,14,19,37,26,2026-05-01,07:52:00,2026-05-01,20:05:00,2026-05-01,21:15:00,7.61,33,356.69,Diesel,35.14,26.04,3308.45,915.05,4223.5,70,True,Tardía,"Hora pico, Distancia larga, Carga pesada",1
2795,31,10,2,14,2026-01-24,18:44:00,2026-01-24,21:07:00,2026-01-24,21:07:00,0.85,18,63.82,Gasolina,6.4,24.22,1048.1,155.01,1203.11,0,False,Entregada,Entrega realizada en tiempo,0
2796,47,10,50,34,2026-02-06,12:25:00,2026-02-06,15:59:00,2026-02-06,15:59:00,1.42,69,156.23,Gasolina,15.67,25.57,1975.15,400.68,2375.83,0,False,Entregada,Entrega realizada en tiempo,0
2797,76,11,47,32,2026-06-21,08:18:00,2026-06-21,16:28:00,2026-06-21,16:48:00,3.9,1,258.26,Diesel,54.03,24.06,2189.3,1299.96,3489.26,20,True,Tardía,Hora pico,1
2798,51,4,6,20,2026-06-20,15:50:00,2026-06-20,06:06:00,2026-06-21,06:06:00,1.09,3,426.08,Gasolina,71.61,24.77,2763.4,1773.78,4537.18,0,False,Entregada,Entrega realizada en tiempo,1
2799,72,22,18,14,2026-07-30,08:31:00,2026-07-30,10:54:00,2026-07-30,10:54:00,2.02,15,62.6,Diesel,6.05,25.96,1135.0,157.06,1292.06,0,False,Entregada,Entrega realizada en tiempo,0
2800,94,4,57,42,2026-06-28,09:15:00,2026-06-28,12:26:00,2026-06-28,12:26:00,0.57,41,105.23,Gasolina,17.69,25.54,1411.15,451.8,1862.95,0,False,Entregada,Entrega realizada en tiempo,0
2801,28,25,39,46,2026-07-15,09:51:00,2026-07-15,00:41:00,2026-07-16,01:04:00,3.85,2,453.07,Diesel,96.4,25.77,3166.35,2484.23,5650.58,23,True,Tardía,"Hora pico, Distancia larga",1
2802,68,39,38,16,2026-01-17,20:28:00,2026-01-17,01:34:00,2026-01-18,01:34:00,0.75,67,178.43,Gasolina,14.4,23.01,2003.15,331.34,2334.49,0,False,Entregada,Entrega realizada en tiempo,0
2803,40,35,3,12,2026-05-15,10:21:00,2026-05-15,23:04:00,2026-05-15,23:41:00,0.82,36,362.45,Gasolina,48.91,24.87,2682.25,1216.39,3898.64,37,True,Tardía,Distancia larga,1
2804,7,40,48,15,2026-01-13,11:45:00,2026-01-13,02:13:00,2026-01-14,02:13:00,4.66,29,394.9,Diesel,61.7,25.25,3172.5,1557.93,4730.43,0,False,Entregada,Entrega realizada en tiempo,1
2805,12,16,50,27,2026-04-11,09:34:00,2026-04-11,20:00:00,2026-04-11,20:00:00,0.83,4,314.69,Gasolina,28.27,25.43,2188.45,718.91,2907.36,0,False,Entregada,Entrega realizada en tiempo,0
2806,18,9,44,41,2026-04-20,19:04:00,2026-04-20,06:45:00,2026-04-21,06:45:00,0.88,45,383.71,Gasolina,31.37,25.6,2866.55,803.07,3669.62,0,False,Entregada,Entrega realizada en tiempo,1
2807,74,20,50,30,2026-06-28,11:49:00,2026-06-28,19:21:00,2026-06-28,19:21:00,0.44,59,194.94,Gasolina,26.45,25.62,1990.7,677.65,2668.35,0,False,Entregada,Entrega realizada en tiempo,0
2808,92,15,5,6,2026-01-10,14:43:00,2026-01-10,21:37:00,2026-01-10,21:37:00,3.84,71,262.32,Diesel,53.98,26.02,2763.6,1404.56,4168.16,0,False,Entregada,Entrega realizada en tiempo,1
2809,95,16,1,40,2026-04-21,18:59:00,2026-04-21,06:33:00,2026-04-22,06:33:00,0.62,26,407.47,Gasolina,36.61,24.86,2807.35,910.12,3717.47,0,False,Entregada,Entrega realizada en tiempo,1
2810,38,9,7,36,2026-05-30,08:47:00,2026-05-30,02:08:00,2026-05-31,03:07:00,0.27,40,486.75,Gasolina,39.8,24.42,3280.75,971.92,4252.67,59,True,Tardía,"Hora pico, Distancia larga",1
2811,53,23,42,2,2026-07-13,08:25:00,2026-07-13,15:03:00,2026-07-13,15:03:00,1.24,63,252.15,Gasolina,46.18,25.07,2388.75,1157.73,3546.48,0,False,Entregada,Entrega realizada en tiempo,1
2812,13,33,32,31,2026-04-12,08:42:00,2026-04-12,19:50:00,2026-04-12,19:50:00,2.33,68,283.2,Diesel,36.12,26.87,2693.0,970.54,3663.54,0,False,Entregada,Entrega realizada en tiempo,1
2813,53,16,28,35,2026-05-15,14:01:00,2026-05-15,22:20:00,2026-05-15,22:20:00,1.17,12,293.07,Gasolina,26.33,24.19,2178.35,636.92,2815.27,0,False,Entregada,Entrega realizada en tiempo,0
2814,100,11,30,26,2026-02-14,09:11:00,2026-02-14,21:24:00,2026-02-14,21:24:00,5.52,55,340.68,Diesel,71.27,25.33,3195.4,1805.27,5000.67,0,False,Entregada,Entrega realizada en tiempo,1
2815,89,33,1,37,2026-06-29,09:28:00,2026-06-29,13:59:00,2026-06-29,14:36:00,2.8,51,198.05,Diesel,25.26,24.51,2178.25,619.12,2797.37,37,True,Tardía,Hora pico,0
2816,71,39,44,46,2026-05-18,05:29:00,2026-05-18,20:19:00,2026-05-18,20:19:00,0.89,38,426.23,Gasolina,34.4,23.73,3024.15,816.31,3840.46,0,False,Entregada,Entrega realizada en tiempo,1
2817,41,37,35,7,2026-02-04,13:21:00,2026-02-04,21:38:00,2026-02-04,21:38:00,4.38,80,287.23,Diesel,30.62,25.39,3014.15,777.44,3791.59,0,False,Entregada,Entrega realizada en tiempo,1
2818,56,21,39,32,2026-04-08,12:01:00,2026-04-08,20:11:00,2026-04-08,20:11:00,0.71,71,236.05,Diesel,33.01,26.74,2319.25,882.69,3201.94,0,False,Entregada,Entrega realizada en tiempo,0
2819,48,35,2,21,2026-01-08,07:58:00,2026-01-08,08:36:00,2026-01-08,09:19:00,1.34,38,24.62,Gasolina,3.32,23.99,1061.1,79.65,1140.75,43,True,Tardía,"Hora pico, Carga pesada",0
2820,71,38,13,37,2026-01-18,08:37:00,2026-01-18,13:08:00,2026-01-18,13:08:00,0.82,46,194.75,Gasolina,16.55,24.05,1923.75,398.03,2321.78,0,False,Entregada,Entrega realizada en tiempo,0
2821,12,35,35,29,2026-01-21,08:53:00,2026-01-21,14:01:00,2026-01-21,14:01:00,0.44,40,124.65,Gasolina,16.82,23.12,1487.25,388.88,1876.13,0,False,Entregada,Entrega realizada en tiempo,0
2822,84,24,50,3,2026-01-02,09:16:00,2026-01-02,20:46:00,2026-01-02,20:46:00,0.82,35,391.4,Diesel,36.68,25.92,2819.0,950.75,3769.75,0,False,Entregada,Entrega realizada en tiempo,1
2823,67,29,36,32,2026-03-31,17:03:00,2026-03-31,01:13:00,2026-04-01,01:13:00,0.58,30,225.25,Diesel,23.54,26.32,1924.25,619.57,2543.82,0,False,Entregada,Entrega realizada en tiempo,0
2824,76,13,2,8,2026-01-27,08:21:00,2026-01-27,15:54:00,2026-01-27,16:52:00,1.77,2,212.96,Gasolina,17.37,23.11,1757.8,401.42,2159.22,58,True,Tardía,"Hora pico, Carga pesada",0
2825,36,11,37,49,2026-01-06,15:42:00,2026-01-06,07:30:00,2026-01-07,07:30:00,3.0,77,399.79,Diesel,83.64,26.99,3414.95,2257.44,5672.39,0,False,Entregada,Entrega realizada en tiempo,1
2826,21,15,55,13,2026-04-15,09:52:00,2026-04-15,17:03:00,2026-04-15,17:03:00,0.23,16,269.07,Diesel,55.36,24.05,1996.35,1331.41,3327.76,0,False,Entregada,Entrega realizada en tiempo,1
2827,22,3,1,32,2026-06-13,09:01:00,2026-06-13,17:11:00,2026-06-13,17:11:00,18.87,18,231.25,Diesel,49.62,26.36,3687.25,1307.98,4995.23,0,False,Entregada,Entrega realizada en tiempo,1
2828,50,28,9,17,2026-06-29,17:23:00,2026-06-29,06:39:00,2026-06-30,06:39:00,0.33,31,368.04,Diesel,53.96,26.38,2621.2,1423.46,4044.66,0,False,Entregada,Entrega realizada en tiempo,1
2829,82,19,2,45,2026-07-27,13:31:00,2026-07-27,01:42:00,2026-07-28,01:42:00,4.78,12,427.43,Diesel,42.11,26.29,3211.15,1107.07,4318.22,0,False,Entregada,Entrega realizada en tiempo,1
2830,40,26,43,39,2026-04-05,16:43:00,2026-04-05,10:36:00,2026-04-06,10:36:00,0.57,64,440.79,Gasolina,62.88,25.16,3272.95,1582.06,4855.01,0,False,Entregada,Entrega realizada en tiempo,1
2831,70,32,51,14,2026-04-03,12:16:00,2026-04-03,14:39:00,2026-04-03,14:39:00,0.5,48,66.27,Gasolina,6.0,23.99,1265.35,143.94,1409.29,0,False,Entregada,Entrega realizada en tiempo,0
2832,9,18,25,42,2026-04-20,20:34:00,2026-04-20,23:45:00,2026-04-20,23:45:00,3.35,54,95.67,Diesel,8.96,26.62,1745.35,238.52,1983.87,0,False,Entregada,Entrega realizada en tiempo,0
2833,26,18,33,13,2026-07-21,12:35:00,2026-07-21,19:46:00,2026-07-21,19:46:00,3.88,30,255.5,Diesel,23.92,26.78,2405.5,640.58,3046.08,0,False,Entregada,Entrega realizada en tiempo,0
2834,84,36,28,41,2026-02-10,16:53:00,2026-02-10,04:34:00,2026-02-11,05:30:00,5.8,64,404.04,Diesel,47.65,24.72,3612.2,1177.91,4790.11,56,True,Tardía,"Tráfico alto, Distancia larga",1
2835,4,30,31,24,2026-05-15,18:00:00,2026-05-15,02:37:00,2026-05-16,02:37:00,2.25,66,339.85,Diesel,29.2,24.87,2952.25,726.2,3678.45,0,False,Entregada,Entrega realizada en tiempo,1
2836,21,27,50,40,2026-05-24,09:42:00,2026-05-24,21:16:00,2026-05-24,22:18:00,2.56,33,439.9,Diesel,56.54,26.6,3219.5,1503.96,4723.46,62,True,Tardía,"Hora pico, Distancia larga",1
2837,5,23,2,49,2026-07-05,12:20:00,2026-07-05,04:08:00,2026-07-06,04:42:00,1.49,8,435.37,Gasolina,79.74,23.81,2889.85,1898.61,4788.46,34,True,Tardía,"Distancia larga, Carga pesada",1
2838,60,11,47,1,2026-01-14,17:12:00,2026-01-14,23:31:00,2026-01-15,00:11:00,1.85,36,197.93,Diesel,41.41,25.7,1962.65,1064.24,3026.89,40,True,Tardía,Hora pico,0
2839,90,30,29,15,2026-07-09,18:58:00,2026-07-09,09:26:00,2026-07-10,09:26:00,2.14,19,410.37,Diesel,35.26,25.77,2917.85,908.65,3826.5,0,False,Entregada,Entrega realizada en tiempo,1
2840,35,23,43,41,2026-06-25,05:15:00,2026-06-25,16:56:00,2026-06-25,16:56:00,1.69,72,370.54,Gasolina,67.86,23.19,3097.7,1573.67,4671.37,0,False,Entregada,Entrega realizada en tiempo,1
2841,18,22,36,23,2026-01-29,14:02:00,2026-01-29,23:23:00,2026-01-29,23:23:00,1.62,17,270.68,Diesel,26.18,25.91,2151.4,678.32,2829.72,0,False,Entregada,Entrega realizada en tiempo,0
2842,39,22,2,43,2026-02-17,20:06:00,2026-02-17,11:33:00,2026-02-18,11:33:00,5.65,40,455.94,Diesel,44.09,24.68,3664.7,1088.14,4752.84,0,False,Entregada,Entrega realizada en tiempo,1
2843,9,9,59,30,2026-06-02,11:49:00,2026-06-02,19:21:00,2026-06-02,19:21:00,0.21,30,215.89,Gasolina,17.65,25.25,1840.45,445.66,2286.11,0,False,Entregada,Entrega realizada en tiempo,0
2844,80,22,13,6,2026-07-24,08:07:00,2026-07-24,15:01:00,2026-07-24,15:55:00,0.62,19,235.06,Diesel,22.73,24.82,1889.3,564.16,2453.46,54,True,Tardía,"Tráfico alto, Hora pico",0
2845,22,26,23,12,2026-08-15,17:52:00,2026-08-15,06:35:00,2026-08-16,07:25:00,0.21,34,394.95,Gasolina,56.34,25.42,2767.75,1432.16,4199.91,50,True,Tardía,"Hora pico, Distancia larga",1
2846,45,8,45,4,2026-05-15,14:31:00,2026-05-15,15:49:00,2026-05-15,15:49:00,21.17,29,40.65,Diesel,4.34,25.66,3052.25,111.36,3163.61,0,False,Entregada,Entrega realizada en tiempo,0
2847,87,23,23,19,2026-03-29,07:16:00,2026-03-29,15:05:00,2026-03-29,15:05:00,1.49,56,282.05,Gasolina,51.66,25.39,2507.25,1311.65,3818.9,0,False,Entregada,Entrega realizada en tiempo,1
2848,81,6,38,15,2026-03-24,08:05:00,2026-03-24,22:33:00,2026-03-24,22:33:00,6.41,62,424.25,Diesel,62.02,26.77,3758.25,1660.28,5418.53,0,False,Entregada,Entrega realizada en tiempo,1
2849,45,23,21,49,2026-06-25,10:44:00,2026-06-25,02:32:00,2026-06-26,02:32:00,0.98,59,378.87,Gasolina,69.39,25.77,2964.35,1788.18,4752.53,0,False,Entregada,Entrega realizada en tiempo,1
2850,54,9,31,12,2026-05-20,08:26:00,2026-05-20,21:09:00,2026-05-20,22:03:00,0.8,59,390.22,Gasolina,31.91,23.29,3003.1,743.18,3746.28,54,True,Tardía,"Hora pico, Distancia larga",1
2851,18,6,43,21,2026-08-01,18:23:00,2026-08-01,19:01:00,2026-08-01,19:01:00,8.97,55,25.08,Diesel,3.67,26.29,1962.4,96.48,2058.88,0,False,Entregada,Entrega realizada en tiempo,0
2852,96,11,49,28,2026-03-07,08:11:00,2026-03-07,13:25:00,2026-03-07,14:04:00,1.43,55,192.31,Diesel,40.23,24.36,2044.55,980.0,3024.55,39,True,Tardía,Hora pico,0
2853,84,29,26,11,2026-01-04,06:27:00,2026-01-04,11:09:00,2026-01-04,11:09:00,0.48,74,147.21,Diesel,15.38,25.81,1876.05,396.96,2273.01,0,False,Entregada,Entrega realizada en tiempo,0
2854,56,16,2,16,2026-06-08,13:04:00,2026-06-08,18:10:00,2026-06-08,18:10:00,0.82,56,162.7,Gasolina,14.62,25.82,1843.5,377.49,2220.99,0,False,Entregada,Entrega realizada en tiempo,0
2855,40,22,3,46,2026-03-26,20:09:00,2026-03-26,10:59:00,2026-03-27,10:59:00,9.31,17,418.59,Diesel,40.48,26.11,3659.95,1056.93,4716.88,0,False,Entregada,Entrega realizada en tiempo,1
2856,54,29,15,44,2026-07-25,08:11:00,2026-07-25,10:21:00,2026-07-25,10:59:00,0.32,28,66.45,Diesel,6.94,26.76,1088.25,185.71,1273.96,38,True,Tardía,Hora pico,0
2857,68,3,20,33,2026-03-30,07:42:00,2026-03-30,11:33:00,2026-03-30,11:33:00,5.93,38,115.46,Diesel,24.78,24.17,1974.3,598.93,2573.23,0,False,Entregada,Entrega realizada en tiempo,0
2858,48,39,53,16,2026-04-13,12:23:00,2026-04-13,17:29:00,2026-04-13,17:29:00,1.04,6,189.95,Gasolina,15.33,23.43,1601.75,359.18,1960.93,0,False,Entregada,Entrega realizada en tiempo,0
2859,23,16,7,16,2026-03-07,08:30:00,2026-03-07,13:36:00,2026-03-07,13:36:00,0.71,47,172.58,Gasolina,15.51,24.32,1809.9,377.2,2187.1,0,False,Entregada,Entrega realizada en tiempo,0
2860,60,12,39,40,2026-01-17,08:45:00,2026-01-17,20:19:00,2026-01-17,20:56:00,0.84,43,377.7,Gasolina,54.03,23.58,2816.5,1274.03,4090.53,37,True,Tardía,"Hora pico, Distancia larga",1
2861,11,34,55,46,2026-02-21,12:15:00,2026-02-21,03:05:00,2026-02-22,03:05:00,8.82,56,420.81,Diesel,34.95,25.12,3934.05,877.94,4811.99,0,False,Entregada,Entrega realizada en tiempo,1
2862,11,3,44,42,2026-08-08,09:42:00,2026-08-08,12:53:00,2026-08-08,12:53:00,2.22,75,96.0,Diesel,20.6,24.36,1802.0,501.82,2303.82,0,False,Entregada,Entrega realizada en tiempo,0
2863,83,7,21,2,2026-04-15,08:43:00,2026-04-15,15:21:00,2026-04-15,16:16:00,4.75,75,280.73,Diesel,46.02,25.17,2978.65,1158.32,4136.97,55,True,Tardía,"Hora pico, Carga pesada",1
2864,44,5,59,29,2026-02-24,09:32:00,2026-02-24,14:40:00,2026-02-24,14:40:00,1.14,15,120.94,Diesel,15.19,24.42,1338.7,370.94,1709.64,0,False,Entregada,Entrega realizada en tiempo,0
2865,79,6,48,4,2026-07-07,19:31:00,2026-07-07,20:49:00,2026-07-07,20:49:00,3.21,30,42.22,Diesel,6.17,24.47,1272.1,150.98,1423.08,0,False,Entregada,Entrega realizada en tiempo,0
2866,13,38,36,16,2026-04-12,07:50:00,2026-04-12,12:56:00,2026-04-12,12:56:00,0.31,42,181.36,Gasolina,15.41,25.04,1773.8,385.87,2159.67,0,False,Entregada,Entrega realizada en tiempo,0
2867,56,31,8,50,2026-01-07,14:08:00,2026-01-07,23:09:00,2026-01-07,23:09:00,0.35,73,253.24,Diesel,35.97,25.35,2385.2,911.84,3297.04,0,False,Entregada,Entrega realizada en tiempo,0
2868,1,29,42,19,2026-03-30,07:23:00,2026-03-30,15:12:00,2026-03-30,15:51:00,0.78,26,327.98,Diesel,34.27,24.03,2425.9,823.51,3249.41,39,True,Tardía,"Hora pico, Distancia larga",1
2869,23,1,9,50,2026-06-15,15:47:00,2026-06-15,00:48:00,2026-06-16,00:48:00,0.54,67,253.99,Gasolina,24.52,24.48,2359.95,600.25,2960.2,0,False,Entregada,Entrega realizada en tiempo,0
2870,79,3,57,14,2026-07-10,12:40:00,2026-07-10,15:03:00,2026-07-10,15:03:00,5.53,45,65.6,Diesel,14.08,24.51,1741.0,345.1,2086.1,0,False,Entregada,Entrega realizada en tiempo,0
2871,41,33,26,29,2026-07-14,15:03:00,2026-07-14,20:11:00,2026-07-14,20:11:00,3.37,31,121.84,Diesel,15.54,24.14,1694.2,375.14,2069.34,0,False,Entregada,Entrega realizada en tiempo,0
2872,2,39,50,47,2026-07-21,09:17:00,2026-07-21,19:15:00,2026-07-21,19:15:00,1.09,53,344.2,Gasolina,27.78,24.38,2754.0,677.28,3431.28,0,False,Entregada,Entrega realizada en tiempo,0
2873,45,20,41,5,2026-05-18,08:15:00,2026-05-18,16:07:00,2026-05-18,16:07:00,0.38,55,322.41,Gasolina,43.75,23.29,2590.05,1018.94,3608.99,0,False,Entregada,Entrega realizada en tiempo,1
2874,10,16,54,36,2026-06-20,08:28:00,2026-06-20,01:49:00,2026-06-21,02:29:00,0.36,23,462.63,Gasolina,41.57,23.73,3033.15,986.46,4019.61,40,True,Tardía,"Hora pico, Distancia larga",1
2875,49,4,7,35,2026-03-21,09:09:00,2026-03-21,17:28:00,2026-03-21,18:17:00,1.35,1,288.97,Gasolina,48.57,23.51,2087.85,1141.88,3229.73,49,True,Tardía,Hora pico,1
2876,31,12,3,50,2026-05-21,09:43:00,2026-05-21,18:44:00,2026-05-21,18:44:00,0.63,10,262.26,Gasolina,37.52,25.02,1954.3,938.75,2893.05,0,False,Entregada,Entrega realizada en tiempo,0
2877,67,8,47,50,2026-06-13,16:14:00,2026-06-13,01:15:00,2026-06-14,01:15:00,21.26,54,248.07,Diesel,26.5,24.71,4298.35,654.82,4953.17,0,False,Entregada,Entrega realizada en tiempo,1
2878,73,6,42,45,2026-05-03,10:47:00,2026-05-03,22:58:00,2026-05-03,22:58:00,11.1,49,471.19,Diesel,68.89,25.4,4357.95,1749.81,6107.76,0,False,Entregada,Entrega realizada en tiempo,1
2879,66,38,46,20,2026-06-15,18:27:00,2026-06-15,08:43:00,2026-06-16,09:15:00,0.53,62,455.0,Gasolina,38.66,23.39,3324.0,904.26,4228.26,32,True,Tardía,"Hora pico, Distancia larga",1
2880,33,7,50,4,2026-05-02,05:29:00,2026-05-02,06:47:00,2026-05-02,06:47:00,2.83,15,39.2,Diesel,6.43,24.81,1099.0,159.53,1258.53,0,False,Entregada,Entrega realizada en tiempo,0
2881,47,2,51,42,2026-06-21,20:53:00,2026-06-21,00:04:00,2026-06-22,00:04:00,8.18,78,103.97,Diesel,20.96,24.54,2461.85,514.36,2976.21,0,False,Entregada,Entrega realizada en tiempo,0
2882,59,1,34,24,2026-01-21,08:56:00,2026-01-21,17:33:00,2026-01-21,17:33:00,1.42,75,309.56,Gasolina,29.88,24.87,2789.8,743.12,3532.92,0,False,Entregada,Entrega realizada en tiempo,0
2883,83,20,24,17,2026-04-04,16:38:00,2026-04-04,05:54:00,2026-04-05,06:32:00,0.68,61,348.23,Gasolina,47.25,24.02,2797.15,1134.94,3932.09,38,True,Tardía,Distancia larga,1
2884,15,39,12,30,2026-04-20,18:05:00,2026-04-20,01:37:00,2026-04-21,01:37:00,0.79,31,188.59,Gasolina,15.22,25.2,1769.95,383.54,2153.49,0,False,Entregada,Entrega realizada en tiempo,0
2885,15,33,33,27,2026-07-12,08:54:00,2026-07-12,19:20:00,2026-07-12,20:06:00,3.08,55,317.09,Diesel,40.45,24.4,2833.45,986.98,3820.43,46,True,Tardía,"Hora pico, Distancia larga",1
2886,52,25,60,50,2026-04-23,20:14:00,2026-04-23,05:15:00,2026-04-24,05:15:00,3.83,4,228.9,Diesel,48.7,25.48,2059.5,1240.88,3300.38,0,False,Entregada,Entrega realizada en tiempo,0
2887,59,7,13,35,2026-08-05,19:30:00,2026-08-05,03:49:00,2026-08-06,03:49:00,1.47,37,339.16,Diesel,55.6,24.14,2638.8,1342.18,3980.98,0,False,Entregada,Entrega realizada en tiempo,1
2888,94,9,14,44,2026-06-17,12:42:00,2026-06-17,14:52:00,2026-06-17,14:52:00,0.47,49,60.79,Gasolina,4.97,23.91,1242.95,118.83,1361.78,0,False,Entregada,Entrega realizada en tiempo,0
2889,51,25,12,32,2026-04-19,09:46:00,2026-04-19,17:56:00,2026-04-19,18:16:00,5.21,28,238.83,Diesel,50.81,26.42,2439.15,1342.4,3781.55,20,True,Tardía,Hora pico,1
2890,54,7,44,20,2026-02-14,08:23:00,2026-02-14,22:39:00,2026-02-14,23:21:00,0.39,24,412.32,Diesel,67.59,26.97,2792.6,1822.9,4615.5,42,True,Tardía,"Hora pico, Distancia larga",1
2891,95,27,14,27,2026-03-09,18:01:00,2026-03-09,04:27:00,2026-03-10,04:27:00,14.88,33,321.04,Diesel,41.26,25.13,3857.2,1036.86,4894.06,0,False,Entregada,Entrega realizada en tiempo,1
2892,73,25,38,33,2026-05-04,05:13:00,2026-05-04,09:04:00,2026-05-04,09:04:00,4.08,49,108.05,Diesel,22.99,26.34,1840.25,605.56,2445.81,0,False,Entregada,Entrega realizada en tiempo,0
2893,30,1,2,18,2026-05-19,10:31:00,2026-05-19,01:46:00,2026-05-20,01:46:00,1.61,78,411.67,Gasolina,39.74,23.68,3343.35,941.04,4284.39,0,False,Entregada,Entrega realizada en tiempo,1
2894,94,15,45,6,2026-07-15,14:36:00,2026-07-15,21:30:00,2026-07-15,21:30:00,1.22,24,239.89,Diesel,49.36,24.43,2013.45,1205.86,3219.31,0,False,Entregada,Entrega realizada en tiempo,0
2895,91,39,8,43,2026-06-14,09:30:00,2026-06-14,00:57:00,2026-06-15,00:57:00,0.67,8,465.61,Gasolina,37.58,24.79,2959.05,931.61,3890.66,0,False,Entregada,Entrega realizada en tiempo,1
2896,36,5,3,17,2026-01-13,15:47:00,2026-01-13,05:03:00,2026-01-14,05:03:00,2.14,19,362.67,Diesel,45.56,24.25,2679.35,1104.83,3784.18,0,False,Entregada,Entrega realizada en tiempo,1
2897,58,11,9,33,2026-02-10,11:30:00,2026-02-10,15:21:00,2026-02-10,15:21:00,0.37,16,107.46,Diesel,22.48,24.06,1202.3,540.87,1743.17,0,False,Entregada,Entrega realizada en tiempo,0
2898,69,8,29,45,2026-05-30,15:41:00,2026-05-30,03:52:00,2026-05-31,03:52:00,17.65,7,453.63,Diesel,48.46,25.44,4589.15,1232.82,5821.97,0,False,Entregada,Entrega realizada en tiempo,1
2899,87,29,34,40,2026-07-06,19:41:00,2026-07-06,07:15:00,2026-07-07,07:15:00,1.12,33,383.31,Diesel,40.05,25.43,2792.55,1018.47,3811.02,0,False,Entregada,Entrega realizada en tiempo,1
2900,37,38,40,29,2026-06-09,06:20:00,2026-06-09,11:28:00,2026-06-09,11:28:00,0.83,21,119.98,Gasolina,10.19,23.4,1350.9,238.45,1589.35,0,False,Entregada,Entrega realizada en tiempo,0
2901,63,8,8,18,2026-05-20,16:50:00,2026-05-20,08:05:00,2026-05-21,08:05:00,19.38,43,397.29,Diesel,42.45,25.07,4768.45,1064.22,5832.67,0,False,Entregada,Entrega realizada en tiempo,1
2902,95,7,36,40,2026-05-17,08:57:00,2026-05-17,20:31:00,2026-05-17,21:33:00,4.86,2,394.72,Diesel,64.71,26.58,2975.6,1719.99,4695.59,62,True,Tardía,"Hora pico, Distancia larga, Carga pesada",1
2903,13,27,13,7,2026-02-13,17:23:00,2026-02-13,01:40:00,2026-02-14,02:44:00,19.7,46,301.54,Diesel,38.76,25.79,4345.7,999.62,5345.32,64,True,Tardía,"Tráfico alto, Hora pico, Distancia larga",1
2904,78,27,14,32,2026-05-24,19:04:00,2026-05-24,03:14:00,2026-05-25,03:14:00,24.64,12,230.3,Diesel,29.6,26.67,4211.5,789.43,5000.93,0,False,Entregada,Entrega realizada en tiempo,1
2905,68,38,42,38,2026-05-30,06:25:00,2026-05-30,19:53:00,2026-05-30,19:53:00,0.35,68,439.55,Gasolina,37.34,23.5,3276.75,877.49,4154.24,0,False,Entregada,Entrega realizada en tiempo,1
2906,7,8,49,14,2026-06-14,05:31:00,2026-06-14,07:54:00,2026-06-14,07:54:00,2.04,10,59.38,Diesel,6.34,25.48,1080.9,161.54,1242.44,0,False,Entregada,Entrega realizada en tiempo,0
2907,25,11,8,25,2026-02-26,09:26:00,2026-02-26,18:52:00,2026-02-26,18:52:00,7.95,16,373.64,Diesel,78.17,24.73,3291.2,1933.14,5224.34,0,False,Entregada,Entrega realizada en tiempo,1
2908,61,40,56,34,2026-03-26,11:37:00,2026-03-26,15:11:00,2026-03-26,15:11:00,4.66,5,159.68,Diesel,24.95,24.14,1804.4,602.29,2406.69,0,False,Entregada,Entrega realizada en tiempo,0
2909,89,39,54,4,2026-03-04,18:43:00,2026-03-04,20:01:00,2026-03-04,20:01:00,0.76,21,37.68,Gasolina,3.04,25.25,932.4,76.76,1009.16,0,False,Entregada,Entrega realizada en tiempo,0
2910,48,34,50,22,2026-05-09,10:21:00,2026-05-09,10:57:00,2026-05-09,10:57:00,11.27,54,23.99,Diesel,1.99,26.46,2178.95,52.66,2231.61,0,False,Entregada,Entrega realizada en tiempo,0
2911,31,39,59,38,2026-05-21,08:09:00,2026-05-21,21:37:00,2026-05-21,21:37:00,1.21,62,420.44,Gasolina,33.93,26.0,3219.2,882.18,4101.38,0,False,Entregada,Entrega realizada en tiempo,1
2912,28,39,41,10,2026-02-07,13:49:00,2026-02-07,06:21:00,2026-02-08,07:01:00,0.89,44,401.08,Gasolina,32.37,23.97,2946.4,775.91,3722.31,40,True,Tardía,"Tráfico alto, Distancia larga",1
2913,9,17,54,32,2026-08-11,16:57:00,2026-08-11,01:07:00,2026-08-12,01:07:00,1.25,23,224.51,Diesel,39.88,24.32,1931.55,969.88,2901.43,0,False,Entregada,Entrega realizada en tiempo,0
2914,91,12,46,13,2026-04-14,06:07:00,2026-04-14,13:18:00,2026-04-14,13:18:00,1.05,70,275.12,Gasolina,39.36,24.71,2540.6,972.59,3513.19,0,False,Entregada,Entrega realizada en tiempo,1
2915,34,23,17,7,2026-07-31,09:46:00,2026-07-31,18:03:00,2026-07-31,19:05:00,1.43,72,312.87,Gasolina,57.3,23.65,2783.35,1355.14,4138.49,62,True,Tardía,"Tráfico alto, Hora pico, Distancia larga",1
2916,7,39,16,1,2026-07-17,18:38:00,2026-07-17,00:57:00,2026-07-18,00:57:00,0.51,52,174.63,Gasolina,14.09,25.21,1840.15,355.21,2195.36,0,False,Entregada,Entrega realizada en tiempo,0
2917,100,40,3,42,2026-05-31,16:44:00,2026-05-31,19:55:00,2026-05-31,19:55:00,3.58,40,95.22,Diesel,14.88,26.36,1654.1,392.24,2046.34,0,False,Entregada,Entrega realizada en tiempo,0
2918,69,30,9,41,2026-03-13,06:35:00,2026-03-13,18:16:00,2026-03-13,18:16:00,1.92,79,408.35,Diesel,35.08,24.53,3365.75,860.51,4226.26,0,False,Entregada,Entrega realizada en tiempo,1
2919,14,30,31,41,2026-07-18,09:21:00,2026-07-18,21:02:00,2026-07-18,21:58:00,0.38,12,368.08,Diesel,31.62,24.65,2474.4,779.43,3253.83,56,True,Tardía,"Tráfico alto, Hora pico, Distancia larga",1
2920,80,31,13,28,2026-04-26,05:30:00,2026-04-26,10:44:00,2026-04-26,10:44:00,0.35,18,183.84,Diesel,26.11,25.97,1598.2,678.08,2276.28,0,False,Entregada,Entrega realizada en tiempo,0
2921,91,19,1,46,2026-02-16,12:08:00,2026-02-16,02:58:00,2026-02-17,02:58:00,7.14,22,428.05,Diesel,42.17,26.2,3530.25,1104.85,4635.1,0,False,Entregada,Entrega realizada en tiempo,1
2922,35,7,45,40,2026-05-15,10:51:00,2026-05-15,22:25:00,2026-05-15,22:25:00,4.47,8,403.53,Diesel,66.15,26.74,3028.65,1768.85,4797.5,0,False,Entregada,Entrega realizada en tiempo,1
2923,24,16,28,21,2026-03-20,05:06:00,2026-03-20,05:44:00,2026-03-20,06:03:00,0.56,70,23.27,Gasolina,2.09,23.87,1232.35,49.89,1282.24,19,True,Tardía,Incidencia operativa,0
2924,22,19,49,36,2026-08-12,11:09:00,2026-08-12,04:30:00,2026-08-13,05:10:00,6.72,4,469.65,Diesel,46.27,24.02,3552.25,1111.41,4663.66,40,True,Tardía,"Distancia larga, Carga pesada",1
2925,77,20,29,27,2026-03-31,07:07:00,2026-03-31,17:33:00,2026-03-31,17:33:00,0.44,66,318.65,Gasolina,43.24,23.2,2665.25,1003.17,3668.42,0,False,Entregada,Entrega realizada en tiempo,1
2926,44,27,18,1,2026-06-06,12:06:00,2026-06-06,18:25:00,2026-06-06,18:25:00,13.35,40,191.51,Diesel,24.62,24.58,3112.55,605.16,3717.71,0,False,Entregada,Entrega realizada en tiempo,0
2927,70,40,46,5,2026-02-19,17:02:00,2026-02-19,00:54:00,2026-02-20,01:57:00,11.43,41,331.88,Diesel,51.86,26.97,3630.4,1398.66,5029.06,63,True,Tardía,"Hora pico, Distancia larga, Carga pesada",1
2928,88,40,4,33,2026-07-31,09:24:00,2026-07-31,13:15:00,2026-07-31,13:15:00,6.61,10,99.8,Diesel,15.59,26.47,1740.0,412.67,2152.67,0,False,Entregada,Entrega realizada en tiempo,0
2929,10,2,42,13,2026-03-23,15:20:00,2026-03-23,22:31:00,2026-03-23,22:31:00,1.22,79,244.65,Diesel,49.32,26.25,2477.25,1294.65,3771.9,0,False,Entregada,Entrega realizada en tiempo,1
2930,76,12,3,41,2026-02-14,10:30:00,2026-02-14,22:11:00,2026-02-14,22:11:00,0.23,49,424.08,Gasolina,60.67,24.3,3035.4,1474.28,4509.68,0,False,Entregada,Entrega realizada en tiempo,1
2931,85,28,39,12,2026-07-18,09:36:00,2026-07-18,22:19:00,2026-07-18,23:10:00,0.79,45,362.95,Diesel,53.22,25.71,2753.75,1368.29,4122.04,51,True,Tardía,"Hora pico, Distancia larga",1
2932,12,5,41,35,2026-07-20,09:38:00,2026-07-20,17:57:00,2026-07-20,17:57:00,8.08,3,291.88,Diesel,36.67,26.38,2791.4,967.35,3758.75,0,False,Entregada,Entrega realizada en tiempo,1
2933,40,9,18,42,2026-06-11,08:18:00,2026-06-11,11:29:00,2026-06-11,11:29:00,0.46,1,92.86,Gasolina,7.59,25.02,1018.3,189.9,1208.2,0,False,Entregada,Entrega realizada en tiempo,0
2934,66,13,18,27,2026-02-18,09:51:00,2026-02-18,20:17:00,2026-02-18,20:17:00,0.86,39,303.05,Gasolina,24.72,24.62,2413.25,608.61,3021.86,0,False,Entregada,Entrega realizada en tiempo,0
2935,30,16,17,14,2026-05-01,14:06:00,2026-05-01,16:29:00,2026-05-01,16:29:00,0.69,68,61.92,Gasolina,5.56,25.71,1422.6,142.95,1565.55,0,False,Entregada,Entrega realizada en tiempo,0
2936,33,3,33,28,2026-07-18,14:51:00,2026-07-18,20:05:00,2026-07-18,20:35:00,22.52,37,171.21,Diesel,36.74,24.53,3904.05,901.23,4805.28,30,True,Tardía,Carga pesada,1
2937,80,9,36,22,2026-03-29,05:28:00,2026-03-29,06:04:00,2026-03-29,06:04:00,0.32,35,21.31,Gasolina,1.74,25.46,918.55,44.3,962.85,0,False,Entregada,Entrega realizada en tiempo,0
2938,3,37,56,23,2026-02-11,20:40:00,2026-02-11,06:01:00,2026-02-12,06:01:00,3.13,67,245.95,Diesel,26.22,26.97,2578.75,707.15,3285.9,0,False,Entregada,Entrega realizada en tiempo,0
2939,78,18,57,31,2026-08-04,05:15:00,2026-08-04,16:23:00,2026-08-04,17:39:00,3.45,73,306.66,Diesel,28.71,24.63,2962.3,707.13,3669.43,76,True,Tardía,"Tráfico alto, Distancia larga, Carga pesada",1
2940,77,7,54,31,2026-04-14,13:02:00,2026-04-14,00:10:00,2026-04-15,00:10:00,3.01,34,309.55,Diesel,50.75,26.41,2620.75,1340.31,3961.06,0,False,Entregada,Entrega realizada en tiempo,1
2941,67,13,1,3,2026-07-15,13:17:00,2026-07-15,00:47:00,2026-07-16,00:47:00,0.5,18,375.21,Gasolina,30.6,25.85,2570.05,791.01,3361.06,0,False,Entregada,Entrega realizada en tiempo,0
2942,28,18,19,48,2026-07-06,15:42:00,2026-07-06,21:19:00,2026-07-06,21:19:00,1.44,49,156.29,Diesel,14.63,25.3,1817.45,370.14,2187.59,0,False,Entregada,Entrega realizada en tiempo,0
2943,58,38,35,40,2026-05-29,11:29:00,2026-05-29,23:03:00,2026-05-29,23:03:00,0.38,3,376.45,Gasolina,31.98,23.32,2444.25,745.77,3190.02,0,False,Entregada,Entrega realizada en tiempo,0
2944,90,2,56,28,2026-05-30,06:05:00,2026-05-30,11:19:00,2026-05-30,11:19:00,15.99,34,170.0,Diesel,34.27,26.72,3221.0,915.69,4136.69,0,False,Entregada,Entrega realizada en tiempo,1
2945,11,2,49,14,2026-07-24,19:16:00,2026-07-24,21:39:00,2026-07-24,22:21:00,13.26,58,66.49,Diesel,13.41,26.49,2622.45,355.23,2977.68,42,True,Tardía,Hora pico,0
2946,54,28,47,21,2026-01-01,13:04:00,2026-01-01,13:42:00,2026-01-01,13:42:00,0.44,70,23.4,Diesel,3.43,25.27,1221.0,86.68,1307.68,0,False,Entregada,Entrega realizada en tiempo,0
2947,3,7,25,32,2026-06-19,12:16:00,2026-06-19,20:26:00,2026-06-19,20:26:00,0.98,73,257.26,Diesel,42.17,26.05,2468.3,1098.53,3566.83,0,False,Entregada,Entrega realizada en tiempo,1
2948,27,19,45,14,2026-04-05,16:36:00,2026-04-05,18:59:00,2026-04-05,18:59:00,4.98,67,66.43,Diesel,6.54,26.65,1866.15,174.29,2040.44,0,False,Entregada,Entrega realizada en tiempo,0
2949,36,21,49,2,2026-06-15,13:50:00,2026-06-15,20:28:00,2026-06-15,20:28:00,1.65,53,272.51,Diesel,38.11,26.12,2451.55,995.43,3446.98,0,False,Entregada,Entrega realizada en tiempo,0
2950,30,32,22,20,2026-01-12,08:52:00,2026-01-12,23:08:00,2026-01-12,23:08:00,0.33,34,405.85,Gasolina,36.76,25.39,2834.25,933.34,3767.59,0,False,Entregada,Entrega realizada en tiempo,1
2951,56,5,31,45,2026-05-18,09:57:00,2026-05-18,22:08:00,2026-05-18,22:08:00,8.14,43,442.09,Diesel,55.54,24.37,3868.45,1353.51,5221.96,0,False,Entregada,Entrega realizada en tiempo,1
2952,5,9,22,4,2026-08-09,10:34:00,2026-08-09,11:52:00,2026-08-09,11:52:00,0.26,42,40.93,Gasolina,3.35,26.0,1066.65,87.1,1153.75,0,False,Entregada,Entrega realizada en tiempo,0
2953,55,12,49,25,2026-08-12,12:32:00,2026-08-12,21:58:00,2026-08-12,21:58:00,0.54,10,369.96,Gasolina,52.93,25.28,2483.8,1338.07,3821.87,0,False,Entregada,Entrega realizada en tiempo,1
2954,32,34,42,19,2026-05-27,10:48:00,2026-05-27,18:37:00,2026-05-27,18:37:00,10.45,53,286.62,Diesel,23.81,26.6,3402.1,633.35,4035.45,0,False,Entregada,Entrega realizada en tiempo,1
2955,86,25,13,21,2026-05-12,14:14:00,2026-05-12,14:52:00,2026-05-12,14:52:00,10.51,3,23.99,Diesel,5.1,24.25,1694.95,123.67,1818.62,0,False,Entregada,Entrega realizada en tiempo,0
2956,99,6,55,49,2026-02-06,17:35:00,2026-02-06,09:23:00,2026-02-07,10:01:00,4.07,74,404.8,Diesel,59.18,24.0,3523.0,1420.32,4943.32,38,True,Tardía,"Hora pico, Distancia larga",1
2957,38,33,56,24,2026-02-07,18:29:00,2026-02-07,03:06:00,2026-02-08,03:06:00,0.39,45,315.15,Diesel,40.2,26.28,2474.75,1056.46,3531.21,0,False,Entregada,Entrega realizada en tiempo,1
2958,7,14,25,21,2026-04-17,08:03:00,2026-04-17,08:41:00,2026-04-17,08:41:00,3.58,25,24.67,Diesel,2.66,24.65,1181.35,65.57,1246.92,0,False,Entregada,Entrega realizada en tiempo,0
2959,39,19,14,41,2026-06-02,11:25:00,2026-06-02,23:06:00,2026-06-02,23:06:00,2.81,66,426.35,Diesel,42.0,25.13,3440.75,1055.46,4496.21,0,False,Entregada,Entrega realizada en tiempo,1
2960,95,16,15,7,2026-05-18,07:43:00,2026-05-18,16:00:00,2026-05-18,17:03:00,1.01,20,291.67,Gasolina,26.21,23.27,2219.35,609.91,2829.26,63,True,Tardía,"Tráfico alto, Hora pico",0
2961,92,4,29,15,2026-08-03,08:56:00,2026-08-03,23:24:00,2026-08-04,00:23:00,0.75,58,417.23,Gasolina,70.12,25.66,3125.15,1799.28,4924.43,59,True,Tardía,"Hora pico, Distancia larga",1
2962,23,27,57,9,2026-04-10,10:25:00,2026-04-10,14:53:00,2026-04-10,14:53:00,4.28,57,184.94,Diesel,23.77,26.09,2308.7,620.16,2928.86,0,False,Entregada,Entrega realizada en tiempo,0
2963,66,40,58,36,2026-08-15,18:52:00,2026-08-15,12:13:00,2026-08-16,13:07:00,8.59,64,419.34,Diesel,65.52,26.05,3967.7,1706.8,5674.5,54,True,Tardía,"Hora pico, Distancia larga",1
2964,84,16,19,33,2026-07-02,13:08:00,2026-07-02,16:59:00,2026-07-02,16:59:00,0.57,76,100.95,Gasolina,9.07,23.57,1669.75,213.78,1883.53,0,False,Entregada,Entrega realizada en tiempo,0
2965,96,30,51,17,2026-08-13,05:48:00,2026-08-13,19:04:00,2026-08-13,19:04:00,1.63,31,323.61,Diesel,27.8,25.4,2529.05,706.12,3235.17,0,False,Entregada,Entrega realizada en tiempo,0
2966,72,31,19,2,2026-03-09,08:01:00,2026-03-09,14:39:00,2026-03-09,14:39:00,1.66,62,276.95,Diesel,39.34,25.06,2546.75,985.86,3532.61,0,False,Entregada,Entrega realizada en tiempo,1
2967,40,39,29,23,2026-02-21,12:05:00,2026-02-21,21:26:00,2026-02-21,21:26:00,0.6,10,272.78,Gasolina,22.02,24.41,2003.9,537.51,2541.41,0,False,Entregada,Entrega realizada en tiempo,0
2968,27,14,4,40,2026-05-31,06:50:00,2026-05-31,18:24:00,2026-05-31,18:24:00,25.2,5,410.31,Diesel,44.21,24.14,5111.55,1067.23,6178.78,0,False,Entregada,Entrega realizada en tiempo,1
2969,36,3,51,27,2026-04-06,15:22:00,2026-04-06,01:48:00,2026-04-07,02:20:00,4.15,65,310.56,Diesel,66.64,25.03,2987.8,1668.0,4655.8,32,True,Tardía,Distancia larga,1
2970,68,22,42,43,2026-04-19,14:15:00,2026-04-19,05:42:00,2026-04-20,05:42:00,8.19,44,455.86,Diesel,44.09,26.74,3950.3,1178.97,5129.27,0,False,Entregada,Entrega realizada en tiempo,1
2971,87,9,27,28,2026-01-09,05:55:00,2026-01-09,11:09:00,2026-01-09,11:09:00,0.77,5,200.09,Gasolina,16.36,23.09,1617.45,377.75,1995.2,0,False,Entregada,Entrega realizada en tiempo,0
2972,74,6,5,4,2026-07-08,10:52:00,2026-07-08,12:10:00,2026-07-08,12:10:00,10.45,40,42.56,Diesel,6.22,26.26,2077.8,163.34,2241.14,0,False,Entregada,Entrega realizada en tiempo,0
2973,47,27,5,6,2026-06-03,19:36:00,2026-06-03,02:30:00,2026-06-04,02:30:00,2.76,76,254.33,Diesel,32.69,26.5,2655.65,866.28,3521.93,0,False,Entregada,Entrega realizada en tiempo,0
2974,11,6,36,7,2026-06-24,13:32:00,2026-06-24,21:49:00,2026-06-24,21:49:00,8.69,28,327.57,Diesel,47.89,25.34,3230.85,1213.53,4444.38,0,False,Entregada,Entrega realizada en tiempo,1
2975,36,26,28,5,2026-03-21,12:30:00,2026-03-21,20:22:00,2026-03-21,20:22:00,0.56,58,306.17,Gasolina,43.68,23.28,2550.85,1016.87,3567.72,0,False,Entregada,Entrega realizada en tiempo,1
2976,83,27,33,32,2026-06-21,05:17:00,2026-06-21,13:27:00,2026-06-21,13:27:00,21.71,60,258.33,Diesel,33.2,25.23,4442.65,837.64,5280.29,0,False,Entregada,Entrega realizada en tiempo,1
2977,86,25,36,10,2026-07-01,05:47:00,2026-07-01,22:19:00,2026-07-01,22:19:00,1.14,48,435.48,Diesel,92.66,25.11,3175.4,2326.69,5502.09,0,False,Entregada,Entrega realizada en tiempo,1
2978,44,39,38,24,2026-01-05,19:41:00,2026-01-05,04:18:00,2026-01-06,04:57:00,0.38,80,305.59,Gasolina,24.66,23.01,2705.95,567.43,3273.38,39,True,Tardía,"Hora pico, Distancia larga",0
2979,24,37,46,12,2026-05-08,16:58:00,2026-05-08,05:41:00,2026-05-09,05:41:00,0.28,37,382.58,Diesel,40.79,24.95,2736.9,1017.71,3754.61,0,False,Entregada,Entrega realizada en tiempo,1
2980,62,16,40,35,2026-04-19,09:58:00,2026-04-19,18:17:00,2026-04-19,18:51:00,0.75,20,319.54,Gasolina,28.71,23.65,2332.7,678.99,3011.69,34,True,Tardía,"Hora pico, Distancia larga",0
2981,12,35,25,25,2026-01-09,12:31:00,2026-01-09,21:57:00,2026-01-09,21:57:00,0.96,40,364.49,Gasolina,49.19,23.73,2738.45,1167.28,3905.73,0,False,Entregada,Entrega realizada en tiempo,1
2982,71,38,54,6,2026-03-06,17:46:00,2026-03-06,00:40:00,2026-03-07,01:36:00,0.38,65,233.98,Gasolina,19.88,25.59,2227.9,508.73,2736.63,56,True,Tardía,"Tráfico alto, Hora pico",0
2983,17,1,13,21,2026-06-05,11:18:00,2026-06-05,11:56:00,2026-06-05,12:19:00,1.45,14,23.5,Gasolina,2.27,25.35,874.5,57.54,932.04,23,True,Tardía,Carga pesada,0
2984,62,15,54,23,2026-01-22,20:58:00,2026-01-22,06:19:00,2026-01-23,06:19:00,4.03,53,286.29,Diesel,58.91,26.78,2758.45,1577.61,4336.06,0,False,Entregada,Entrega realizada en tiempo,1
2985,64,31,20,7,2026-02-22,07:13:00,2026-02-22,15:30:00,2026-02-22,16:21:00,0.94,47,340.93,Diesel,48.43,25.54,2674.65,1236.9,3911.55,51,True,Tardía,"Tráfico alto, Hora pico, Distancia larga",1
2986,26,18,58,27,2026-07-17,13:34:00,2026-07-17,00:00:00,2026-07-18,00:00:00,0.58,11,305.98,Diesel,28.65,26.85,2175.9,769.25,2945.15,0,False,Entregada,Entrega realizada en tiempo,0
2987,68,35,24,41,2026-02-12,08:31:00,2026-02-12,20:12:00,2026-02-12,20:12:00,0.93,71,393.71,Gasolina,53.13,24.03,3129.55,1276.71,4406.26,0,False,Entregada,Entrega realizada en tiempo,1
2988,80,40,4,37,2026-05-14,12:45:00,2026-05-14,17:16:00,2026-05-14,17:16:00,11.22,10,172.56,Diesel,26.96,26.91,2564.8,725.49,3290.29,0,False,Entregada,Entrega realizada en tiempo,0
2989,71,25,22,24,2026-07-26,19:53:00,2026-07-26,04:30:00,2026-07-27,05:25:00,6.18,15,320.82,Diesel,68.26,24.65,2842.1,1682.61,4524.71,55,True,Tardía,"Hora pico, Distancia larga",1
2990,27,7,38,15,2026-03-21,20:48:00,2026-03-21,11:16:00,2026-03-22,11:33:00,3.68,74,407.64,Diesel,66.83,26.98,3498.2,1803.07,5301.27,17,True,Tardía,Distancia larga,1
2991,69,5,53,17,2026-08-10,15:12:00,2026-08-10,04:28:00,2026-08-11,05:07:00,3.64,34,371.6,Diesel,46.68,24.94,2994.0,1164.2,4158.2,39,True,Tardía,Distancia larga,1
2992,21,7,45,39,2026-08-13,14:36:00,2026-08-13,08:29:00,2026-08-14,08:29:00,1.24,60,485.92,Diesel,79.66,24.73,3533.6,1969.99,5503.59,0,False,Entregada,Entrega realizada en tiempo,1
2993,98,4,54,38,2026-07-08,08:11:00,2026-07-08,21:39:00,2026-07-08,22:43:00,1.05,9,462.12,Gasolina,77.67,23.27,2987.6,1807.38,4794.98,64,True,Tardía,"Tráfico alto, Hora pico, Distancia larga",1
2994,12,19,47,26,2026-01-23,09:15:00,2026-01-23,21:28:00,2026-01-23,22:30:00,5.51,11,338.09,Diesel,33.31,24.59,2829.45,819.09,3648.54,62,True,Tardía,"Hora pico, Distancia larga",1
2995,7,5,21,15,2026-01-10,09:03:00,2026-01-10,23:31:00,2026-01-11,00:21:00,5.56,40,457.48,Diesel,57.47,26.02,3663.4,1495.37,5158.77,50,True,Tardía,"Hora pico, Distancia larga",1
2996,13,4,40,48,2026-04-15,14:39:00,2026-04-15,20:16:00,2026-04-15,20:16:00,0.85,71,167.2,Gasolina,28.1,25.3,1989.0,710.93,2699.93,0,False,Entregada,Entrega realizada en tiempo,0
2997,41,30,27,48,2026-08-03,16:15:00,2026-08-03,21:52:00,2026-08-03,21:52:00,1.23,40,143.1,Diesel,12.29,26.66,1658.5,327.65,1986.15,0,False,Entregada,Entrega realizada en tiempo,0
2998,16,36,48,12,2026-06-02,08:09:00,2026-06-02,20:52:00,2026-06-02,20:52:00,3.03,53,423.53,Diesel,49.94,26.57,3344.65,1326.91,4671.56,0,False,Entregada,Entrega realizada en tiempo,1
2999,77,18,22,10,2026-01-15,16:19:00,2026-01-15,08:51:00,2026-01-16,08:51:00,1.44,11,469.25,Diesel,43.94,26.75,3078.25,1175.39,4253.64,0,False,Entregada,Entrega realizada en tiempo,1
3000,14,2,27,7,2026-06-27,15:41:00,2026-06-27,23:58:00,2026-06-27,23:58:00,14.54,49,303.38,Diesel,61.17,24.28,3862.9,1485.21,5348.11,0,False,Entregada,Entrega realizada en tiempo,1
3001,8,34,41,9,2026-02-10,11:08:00,2026-02-10,15:36:00,2026-02-10,15:36:00,1.51,16,182.48,Diesel,15.16,24.42,1691.4,370.21,2061.61,0,False,Entregada,Entrega realizada en tiempo,0
3002,65,9,10,44,2026-01-22,18:22:00,2026-01-22,20:32:00,2026-01-22,21:18:00,0.47,52,68.38,Gasolina,5.59,24.71,1304.9,138.13,1443.03,46,True,Tardía,Hora pico,0
3003,49,10,2,34,2026-02-19,11:31:00,2026-02-19,15:05:00,2026-02-19,15:05:00,0.79,74,147.35,Gasolina,14.78,25.13,1907.75,371.42,2279.17,0,False,Entregada,Entrega realizada en tiempo,0
3004,96,1,1,23,2026-05-26,10:08:00,2026-05-26,19:29:00,2026-05-26,19:29:00,1.34,46,262.74,Gasolina,25.36,25.28,2315.7,641.1,2956.8,0,False,Entregada,Entrega realizada en tiempo,0
3005,71,30,4,46,2026-02-21,09:09:00,2026-02-21,23:59:00,2026-02-22,01:01:00,1.21,4,407.3,Diesel,34.99,25.68,2689.5,898.54,3588.04,62,True,Tardía,"Hora pico, Distancia larga",1
3006,79,32,48,9,2026-03-07,09:35:00,2026-03-07,14:03:00,2026-03-07,14:03:00,0.5,60,175.86,Gasolina,15.93,23.43,1909.3,373.24,2282.54,0,False,Entregada,Entrega realizada en tiempo,0
3007,45,6,19,22,2026-02-17,06:21:00,2026-02-17,06:57:00,2026-02-17,06:57:00,9.47,66,22.68,Diesel,3.32,26.41,2088.4,87.68,2176.08,0,False,Entregada,Entrega realizada en tiempo,0
3008,3,10,59,41,2026-05-13,15:01:00,2026-05-13,02:42:00,2026-05-14,03:29:00,0.9,49,418.47,Gasolina,41.97,25.37,3074.35,1064.78,4139.13,47,True,Tardía,"Tráfico alto, Distancia larga",1
3009,24,17,1,27,2026-07-20,14:54:00,2026-07-20,01:20:00,2026-07-21,01:20:00,2.7,39,304.44,Diesel,54.07,24.79,2604.2,1340.4,3944.6,0,False,Entregada,Entrega realizada en tiempo,1
3010,52,39,22,3,2026-07-03,05:16:00,2026-07-03,16:46:00,2026-07-03,16:46:00,1.16,11,415.09,Gasolina,33.5,25.92,2779.45,868.32,3647.77,0,False,Entregada,Entrega realizada en tiempo,1
3011,75,33,22,28,2026-04-11,11:13:00,2026-04-11,16:27:00,2026-04-11,16:49:00,2.29,5,192.29,Diesel,24.53,24.99,1730.45,613.0,2343.45,22,True,Tardía,Incidencia operativa,0
3012,46,28,52,9,2026-02-26,19:35:00,2026-02-26,00:03:00,2026-02-27,00:03:00,0.22,63,178.93,Diesel,26.24,26.78,1920.65,702.71,2623.36,0,False,Entregada,Entrega realizada en tiempo,0
3013,57,25,23,28,2026-06-28,10:04:00,2026-06-28,15:18:00,2026-06-28,15:18:00,5.74,27,188.66,Diesel,40.14,26.88,2233.3,1078.96,3312.26,0,False,Entregada,Entrega realizada en tiempo,0
3014,54,9,57,9,2026-08-04,05:56:00,2026-08-04,10:24:00,2026-08-04,10:24:00,0.51,12,161.04,Gasolina,13.17,25.4,1452.2,334.52,1786.72,0,False,Entregada,Entrega realizada en tiempo,0
3015,25,36,25,1,2026-03-13,18:53:00,2026-03-13,01:12:00,2026-03-14,01:43:00,1.6,76,203.12,Diesel,23.95,26.26,2283.6,628.93,2912.53,31,True,Tardía,Hora pico,0
3016,79,1,14,33,2026-01-05,09:21:00,2026-01-05,13:12:00,2026-01-05,13:12:00,0.8,16,108.45,Gasolina,10.47,25.19,1250.25,263.74,1513.99,0,False,Entregada,Entrega realizada en tiempo,0
3017,67,38,52,49,2026-03-24,10:35:00,2026-03-24,02:23:00,2026-03-25,02:23:00,0.24,22,376.15,Gasolina,31.96,24.71,2580.75,789.73,3370.48,0,False,Entregada,Entrega realizada en tiempo,1
3018,40,5,38,46,2026-07-12,08:16:00,2026-07-12,23:06:00,2026-07-12,23:06:00,6.96,59,420.16,Diesel,52.78,26.19,3768.8,1382.31,5151.11,0,False,Entregada,Entrega realizada en tiempo,1
3019,47,15,20,29,2026-02-02,20:15:00,2026-02-02,01:23:00,2026-02-03,01:23:00,2.2,76,124.75,Diesel,25.67,24.28,1951.75,623.27,2575.02,0,False,Entregada,Entrega realizada en tiempo,0
3020,95,27,31,14,2026-06-13,06:52:00,2026-06-13,09:15:00,2026-06-13,09:15:00,20.29,73,59.05,Diesel,7.59,24.66,3408.25,187.17,3595.42,0,False,Entregada,Entrega realizada en tiempo,0
3021,85,26,32,1,2026-07-26,20:16:00,2026-07-26,02:35:00,2026-07-27,02:35:00,0.31,66,185.66,Gasolina,26.49,24.21,1987.3,641.32,2628.62,0,False,Entregada,Entrega realizada en tiempo,0
3022,81,34,48,50,2026-04-16,13:24:00,2026-04-16,22:25:00,2026-04-16,22:25:00,4.71,20,235.53,Diesel,19.56,24.5,2308.65,479.22,2787.87,0,False,Entregada,Entrega realizada en tiempo,0
3023,100,35,43,12,2026-08-12,09:33:00,2026-08-12,22:16:00,2026-08-12,22:16:00,0.94,22,401.19,Gasolina,54.14,25.7,2775.95,1391.4,4167.35,0,False,Entregada,Entrega realizada en tiempo,1
3024,98,8,34,14,2026-02-09,10:23:00,2026-02-09,12:46:00,2026-02-09,13:12:00,18.75,27,62.04,Diesel,6.63,25.54,2901.2,169.33,3070.53,26,True,Tardía,Incidencia operativa,0
3025,55,35,47,20,2026-06-24,16:31:00,2026-06-24,06:47:00,2026-06-25,06:47:00,0.28,53,408.3,Gasolina,55.1,24.51,2993.5,1350.5,4344.0,0,False,Entregada,Entrega realizada en tiempo,1
3026,79,26,18,21,2026-07-25,20:14:00,2026-07-25,20:52:00,2026-07-25,20:52:00,0.79,62,25.61,Gasolina,3.65,25.2,1203.05,91.98,1295.03,0,False,Entregada,Entrega realizada en tiempo,0
3027,74,21,54,37,2026-05-02,13:09:00,2026-05-02,17:40:00,2026-05-02,17:40:00,1.3,11,170.48,Diesel,23.84,25.91,1570.4,617.69,2188.09,0,False,Entregada,Entrega realizada en tiempo,0
3028,11,31,21,23,2026-06-25,13:38:00,2026-06-25,22:59:00,2026-06-25,22:59:00,0.97,21,245.08,Diesel,34.81,26.1,1990.4,908.54,2898.94,0,False,Entregada,Entrega realizada en tiempo,0
3029,63,18,35,46,2026-04-28,11:05:00,2026-04-28,01:55:00,2026-04-29,01:55:00,2.41,9,450.57,Diesel,42.19,24.87,3065.85,1049.27,4115.12,0,False,Entregada,Entrega realizada en tiempo,1
3030,68,25,44,11,2026-04-20,17:20:00,2026-04-20,22:02:00,2026-04-20,22:02:00,10.73,16,138.52,Diesel,29.47,25.96,2393.6,765.04,3158.64,0,False,Entregada,Entrega realizada en tiempo,0
3031,79,40,32,28,2026-03-07,13:14:00,2026-03-07,18:28:00,2026-03-07,18:28:00,5.64,35,202.88,Diesel,31.7,25.07,2358.4,794.72,3153.12,0,False,Entregada,Entrega realizada en tiempo,0
3032,41,5,50,23,2026-07-19,16:19:00,2026-07-19,01:40:00,2026-07-20,01:40:00,6.55,15,246.48,Diesel,30.96,25.32,2507.4,783.91,3291.31,0,False,Entregada,Entrega realizada en tiempo,0
3033,77,28,16,47,2026-01-03,06:36:00,2026-01-03,16:34:00,2026-01-03,17:21:00,0.58,27,321.44,Diesel,47.13,26.51,2381.2,1249.42,3630.62,47,True,Tardía,"Tráfico alto, Distancia larga",1
3034,51,13,54,3,2026-01-22,13:36:00,2026-01-22,01:06:00,2026-01-23,01:06:00,1.04,61,394.76,Gasolina,32.2,23.47,3065.8,755.73,3821.53,0,False,Entregada,Entrega realizada en tiempo,1
3035,36,10,9,34,2026-03-13,20:50:00,2026-03-13,00:24:00,2026-03-14,00:24:00,0.97,28,143.74,Gasolina,14.42,24.99,1539.7,360.36,1900.06,0,False,Entregada,Entrega realizada en tiempo,0
3036,22,31,25,27,2026-05-22,06:36:00,2026-05-22,17:02:00,2026-05-22,17:02:00,0.44,67,318.13,Diesel,45.19,25.31,2670.65,1143.76,3814.41,0,False,Entregada,Entrega realizada en tiempo,1
3037,89,4,6,41,2026-08-12,19:02:00,2026-08-12,06:43:00,2026-08-13,07:40:00,1.45,36,417.95,Gasolina,70.24,25.52,3022.75,1792.52,4815.27,57,True,Tardía,"Tráfico alto, Hora pico, Distancia larga, Carga pesada",1
3038,43,15,29,48,2026-03-03,14:50:00,2026-03-03,20:27:00,2026-03-03,20:27:00,1.53,68,166.29,Diesel,34.22,26.96,2028.45,922.57,2951.02,0,False,Entregada,Entrega realizada en tiempo,0
3039,63,7,60,23,2026-03-25,11:17:00,2026-03-25,20:38:00,2026-03-25,20:38:00,5.06,54,253.88,Diesel,41.62,25.04,2707.4,1042.16,3749.56,0,False,Entregada,Entrega realizada en tiempo,1
3040,75,10,58,26,2026-01-11,16:31:00,2026-01-11,04:44:00,2026-01-12,04:44:00,0.25,35,374.5,Gasolina,37.56,25.47,2677.5,956.65,3634.15,0,False,Entregada,Entrega realizada en tiempo,1
3041,52,9,32,9,2026-01-13,13:47:00,2026-01-13,18:15:00,2026-01-13,18:15:00,0.92,27,190.59,Gasolina,15.58,25.09,1760.95,390.9,2151.85,0,False,Entregada,Entrega realizada en tiempo,0
3042,39,40,37,5,2026-01-28,08:45:00,2026-01-28,16:37:00,2026-01-28,16:37:00,10.76,68,333.18,Diesel,52.06,25.05,3785.9,1304.1,5090.0,0,False,Entregada,Entrega realizada en tiempo,1
3043,57,10,52,33,2026-04-04,06:10:00,2026-04-04,10:01:00,2026-04-04,10:01:00,0.9,11,99.33,Gasolina,9.96,25.85,1174.65,257.47,1432.12,0,False,Entregada,Entrega realizada en tiempo,0
3044,42,14,36,16,2026-08-09,05:43:00,2026-08-09,10:49:00,2026-08-09,10:49:00,6.97,64,172.73,Diesel,18.61,26.62,2572.65,495.4,3068.05,0,False,Entregada,Entrega realizada en tiempo,0
3045,71,9,6,11,2026-04-09,09:26:00,2026-04-09,14:08:00,2026-04-09,14:53:00,0.75,34,138.95,Gasolina,11.36,24.19,1541.75,274.8,1816.55,45,True,Tardía,Hora pico,0
3046,83,33,18,19,2026-07-11,15:00:00,2026-07-11,22:49:00,2026-07-11,22:49:00,2.89,58,297.83,Diesel,37.99,26.33,2742.15,1000.28,3742.43,0,False,Entregada,Entrega realizada en tiempo,1
3047,3,31,54,22,2026-01-22,08:38:00,2026-01-22,09:14:00,2026-01-22,09:55:00,1.04,65,21.46,Diesel,3.05,25.11,1231.3,76.59,1307.89,41,True,Tardía,Hora pico,0
3048,20,37,44,45,2026-03-12,12:06:00,2026-03-12,00:17:00,2026-03-13,00:17:00,2.14,40,490.31,Diesel,52.27,24.5,3485.55,1280.62,4766.17,0,False,Entregada,Entrega realizada en tiempo,1
3049,27,7,28,18,2026-06-08,20:11:00,2026-06-08,11:26:00,2026-06-09,11:26:00,3.9,67,460.92,Diesel,75.56,26.28,3730.6,1985.72,5716.32,0,False,Entregada,Entrega realizada en tiempo,1
3050,67,22,43,37,2026-05-02,11:28:00,2026-05-02,15:59:00,2026-05-02,15:59:00,2.83,57,188.06,Diesel,18.19,25.14,2179.3,457.3,2636.6,0,False,Entregada,Entrega realizada en tiempo,0
3051,41,38,58,3,2026-05-04,05:23:00,2026-05-04,16:53:00,2026-05-04,16:53:00,0.48,42,393.63,Gasolina,33.44,24.84,2852.15,830.65,3682.8,0,False,Entregada,Entrega realizada en tiempo,1
3052,84,14,41,20,2026-02-26,16:34:00,2026-02-26,06:50:00,2026-02-27,06:50:00,23.71,61,441.67,Diesel,47.59,24.31,5567.35,1156.91,6724.26,0,False,Entregada,Entrega realizada en tiempo,1
3053,53,37,12,10,2026-07-05,05:53:00,2026-07-05,22:25:00,2026-07-05,23:36:00,4.33,75,413.74,Diesel,44.11,26.84,3601.7,1183.91,4785.61,71,True,Tardía,"Tráfico alto, Distancia larga, Carga pesada",1
3054,89,16,20,8,2026-03-30,09:23:00,2026-03-30,16:56:00,2026-03-30,16:56:00,1.08,76,179.21,Gasolina,16.1,23.37,2112.05,376.26,2488.31,0,False,Entregada,Entrega realizada en tiempo,0
3055,7,4,8,8,2026-03-27,11:29:00,2026-03-27,19:02:00,2026-03-27,19:02:00,1.54,59,189.25,Gasolina,31.81,25.3,2072.25,804.79,2877.04,0,False,Entregada,Entrega realizada en tiempo,0
3056,79,17,16,43,2026-01-19,11:44:00,2026-01-19,03:11:00,2026-01-20,03:11:00,3.12,69,444.7,Diesel,78.99,24.52,3587.5,1936.83,5524.33,0,False,Entregada,Entrega realizada en tiempo,1
3057,47,30,33,22,2026-04-13,11:06:00,2026-04-13,11:42:00,2026-04-13,11:42:00,2.34,29,21.28,Diesel,1.83,25.94,1072.4,47.47,1119.87,0,False,Entregada,Entrega realizada en tiempo,0
3058,94,32,20,7,2026-04-11,20:21:00,2026-04-11,04:38:00,2026-04-12,04:38:00,0.49,48,333.5,Gasolina,30.21,24.86,2600.5,751.02,3351.52,0,False,Entregada,Entrega realizada en tiempo,0
3059,41,10,16,10,2026-05-18,14:23:00,2026-05-18,06:55:00,2026-05-19,06:55:00,0.73,45,413.37,Gasolina,41.46,25.5,2999.85,1057.23,4057.08,0,False,Entregada,Entrega realizada en tiempo,1
3060,87,38,51,23,2026-05-05,12:53:00,2026-05-05,22:14:00,2026-05-05,22:14:00,0.56,63,262.9,Gasolina,22.34,24.5,2374.5,547.33,2921.83,0,False,Entregada,Entrega realizada en tiempo,0
3061,84,27,26,3,2026-02-09,19:49:00,2026-02-09,07:19:00,2026-02-10,07:19:00,24.9,34,418.0,Diesel,53.73,24.35,5352.0,1308.33,6660.33,0,False,Entregada,Entrega realizada en tiempo,1
3062,25,27,11,16,2026-02-24,12:28:00,2026-02-24,17:34:00,2026-02-24,17:34:00,13.83,1,190.26,Diesel,24.46,25.4,2842.3,621.28,3463.58,0,False,Entregada,Entrega realizada en tiempo,0
3063,33,26,52,38,2026-04-24,08:16:00,2026-04-24,21:44:00,2026-04-24,21:44:00,0.48,64,403.1,Gasolina,57.5,24.47,3075.5,1407.02,4482.52,0,False,Entregada,Entrega realizada en tiempo,1
3064,89,16,19,8,2026-05-23,14:45:00,2026-05-23,22:18:00,2026-05-23,22:18:00,0.46,41,193.23,Gasolina,17.36,25.98,1840.15,451.01,2291.16,0,False,Entregada,Entrega realizada en tiempo,0
3065,67,14,32,19,2026-04-06,15:02:00,2026-04-06,22:51:00,2026-04-06,22:51:00,4.5,16,337.38,Diesel,36.36,24.57,2764.9,893.37,3658.27,0,False,Entregada,Entrega realizada en tiempo,1
3066,50,7,2,5,2026-04-28,14:39:00,2026-04-28,22:31:00,2026-04-28,22:31:00,4.29,4,312.49,Diesel,51.23,24.12,2523.45,1235.67,3759.12,0,False,Entregada,Entrega realizada en tiempo,1
3067,14,29,48,3,2026-04-09,17:36:00,2026-04-09,05:06:00,2026-04-10,05:06:00,1.16,35,414.93,Diesel,43.36,25.47,2970.65,1104.38,4075.03,0,False,Entregada,Entrega realizada en tiempo,1
3068,56,39,12,34,2026-03-22,13:43:00,2026-03-22,17:17:00,2026-03-22,17:17:00,1.17,13,158.51,Gasolina,12.79,25.11,1513.55,321.16,1834.71,0,False,Entregada,Entrega realizada en tiempo,0
3069,15,24,38,50,2026-03-02,20:49:00,2026-03-02,05:50:00,2026-03-03,05:50:00,1.33,75,260.38,Diesel,24.4,25.21,2534.9,615.12,3150.02,0,False,Entregada,Entrega realizada en tiempo,0
3070,32,23,13,28,2026-05-05,10:23:00,2026-05-05,15:37:00,2026-05-05,15:37:00,1.08,46,188.9,Gasolina,34.6,24.78,1920.5,857.39,2777.89,0,False,Entregada,Entrega realizada en tiempo,0
3071,6,32,4,30,2026-02-02,08:34:00,2026-02-02,16:06:00,2026-02-02,16:29:00,0.29,69,184.35,Gasolina,16.7,23.69,2002.75,395.62,2398.37,23,True,Tardía,Hora pico,0
3072,45,7,49,13,2026-06-06,05:04:00,2026-06-06,12:15:00,2026-06-06,12:44:00,3.02,35,248.68,Diesel,40.77,25.4,2325.4,1035.56,3360.96,29,True,Tardía,Incidencia operativa,1
3073,40,11,32,41,2026-03-21,10:27:00,2026-03-21,22:08:00,2026-03-21,22:08:00,0.37,52,422.49,Diesel,88.39,26.77,3065.45,2366.2,5431.65,0,False,Entregada,Entrega realizada en tiempo,1
3074,41,31,46,50,2026-07-06,16:28:00,2026-07-06,01:29:00,2026-07-07,01:29:00,0.25,9,251.92,Diesel,35.78,24.8,1856.6,887.34,2743.94,0,False,Entregada,Entrega realizada en tiempo,0
3075,3,13,46,50,2026-08-07,05:42:00,2026-08-07,14:43:00,2026-08-07,14:43:00,1.16,7,269.53,Gasolina,21.98,25.02,2019.65,549.94,2569.59,0,False,Entregada,Entrega realizada en tiempo,0
3076,30,24,50,41,2026-04-22,14:35:00,2026-04-22,02:16:00,2026-04-23,03:02:00,1.26,20,371.6,Diesel,34.83,26.92,2644.0,937.62,3581.62,46,True,Tardía,"Tráfico alto, Distancia larga",1
3077,44,12,43,27,2026-03-02,18:51:00,2026-03-02,05:17:00,2026-03-03,05:17:00,0.67,76,338.56,Gasolina,48.43,25.12,2867.8,1216.56,4084.36,0,False,Entregada,Entrega realizada en tiempo,1
3078,9,10,57,33,2026-08-10,19:24:00,2026-08-10,23:15:00,2026-08-10,23:15:00,1.53,55,107.7,Gasolina,10.8,23.31,1631.5,251.75,1883.25,0,False,Entregada,Entrega realizada en tiempo,0
3079,17,9,13,11,2026-01-20,11:40:00,2026-01-20,16:22:00,2026-01-20,16:22:00,0.48,22,148.1,Gasolina,12.11,23.48,1464.5,284.34,1748.84,0,False,Entregada,Entrega realizada en tiempo,0
3080,49,6,60,7,2026-05-30,18:50:00,2026-05-30,03:07:00,2026-05-31,03:07:00,2.39,70,319.16,Diesel,46.66,26.94,2894.8,1257.02,4151.82,0,False,Entregada,Entrega realizada en tiempo,1
3081,43,40,56,20,2026-04-11,13:28:00,2026-04-11,03:44:00,2026-04-12,03:44:00,5.01,34,389.4,Diesel,60.84,24.82,3220.0,1510.05,4730.05,0,False,Entregada,Entrega realizada en tiempo,1
3082,48,14,12,24,2026-06-25,13:17:00,2026-06-25,21:54:00,2026-06-25,21:54:00,9.73,37,301.25,Diesel,32.46,24.33,3275.25,789.75,4065.0,0,False,Entregada,Entrega realizada en tiempo,1
3083,13,35,43,49,2026-06-28,13:05:00,2026-06-28,04:53:00,2026-06-29,04:53:00,0.99,28,447.74,Gasolina,60.42,24.35,3061.7,1471.23,4532.93,0,False,Entregada,Entrega realizada en tiempo,1
3084,66,2,44,22,2026-02-06,06:13:00,2026-02-06,06:49:00,2026-02-06,06:49:00,4.56,71,24.67,Diesel,4.97,25.93,1647.35,128.87,1776.22,0,False,Entregada,Entrega realizada en tiempo,0
3085,13,38,14,29,2026-08-03,16:32:00,2026-08-03,21:40:00,2026-08-03,21:40:00,0.25,39,132.12,Gasolina,11.23,24.61,1497.6,276.37,1773.97,0,False,Entregada,Entrega realizada en tiempo,0
3086,36,32,6,17,2026-04-08,08:10:00,2026-04-08,21:26:00,2026-04-08,21:26:00,0.26,4,377.6,Gasolina,34.2,23.78,2446.0,813.28,3259.28,0,False,Entregada,Entrega realizada en tiempo,0
3087,67,16,13,16,2026-03-24,11:03:00,2026-03-24,16:09:00,2026-03-24,16:09:00,0.97,13,179.31,Gasolina,16.11,24.33,1597.55,391.96,1989.51,0,False,Entregada,Entrega realizada en tiempo,0
3088,70,14,59,25,2026-01-03,09:00:00,2026-01-03,18:26:00,2026-01-03,18:26:00,22.8,66,352.18,Diesel,37.95,26.33,5068.9,999.22,6068.12,0,False,Entregada,Entrega realizada en tiempo,1
3089,38,30,59,31,2026-01-12,05:26:00,2026-01-12,16:34:00,2026-01-12,17:48:00,2.41,62,318.43,Diesel,27.36,24.43,2829.15,668.4,3497.55,74,True,Tardía,"Tráfico alto, Distancia larga, Carga pesada",1
3090,78,24,1,31,2026-04-18,18:44:00,2026-04-18,05:52:00,2026-04-19,05:52:00,2.23,9,306.96,Diesel,28.77,24.56,2329.8,706.59,3036.39,0,False,Entregada,Entrega realizada en tiempo,0
3091,13,32,10,3,2026-03-14,20:33:00,2026-03-14,08:03:00,2026-03-15,08:03:00,0.3,67,400.28,Gasolina,36.26,23.15,3067.4,839.42,3906.82,0,False,Entregada,Entrega realizada en tiempo,1
3092,39,7,33,25,2026-07-28,10:02:00,2026-07-28,19:28:00,2026-07-28,19:28:00,0.88,29,348.59,Diesel,57.15,26.01,2562.95,1486.47,4049.42,0,False,Entregada,Entrega realizada en tiempo,1
3093,50,20,42,22,2026-07-23,15:16:00,2026-07-23,15:52:00,2026-07-23,15:52:00,0.9,79,23.83,Gasolina,3.23,23.9,1341.15,77.2,1418.35,0,False,Entregada,Entrega realizada en tiempo,0
3094,76,40,6,26,2026-01-10,13:45:00,2026-01-10,01:58:00,2026-01-11,01:58:00,0.32,30,337.23,Diesel,52.69,24.06,2458.15,1267.72,3725.87,0,False,Entregada,Entrega realizada en tiempo,1
3095,33,37,3,37,2026-07-04,18:41:00,2026-07-04,23:12:00,2026-07-04,23:12:00,2.5,2,204.27,Diesel,21.78,24.39,1787.35,531.21,2318.56,0,False,Entregada,Entrega realizada en tiempo,0
3096,85,8,46,39,2026-04-26,06:07:00,2026-04-26,00:00:00,2026-04-27,00:29:00,8.83,71,450.85,Diesel,48.17,24.56,4205.25,1183.06,5388.31,29,True,Tardía,Distancia larga,1
3097,70,10,38,26,2026-04-29,05:29:00,2026-04-29,17:42:00,2026-04-29,18:14:00,1.15,36,365.12,Gasolina,36.62,23.2,2728.6,849.58,3578.18,32,True,Tardía,Distancia larga,1
3098,32,26,47,9,2026-07-19,13:10:00,2026-07-19,17:38:00,2026-07-19,17:38:00,0.38,52,172.02,Gasolina,24.54,23.42,1814.1,574.73,2388.83,0,False,Entregada,Entrega realizada en tiempo,0
3099,15,28,37,48,2026-07-13,05:35:00,2026-07-13,11:12:00,2026-07-13,11:12:00,0.38,66,167.18,Diesel,24.51,26.38,1901.9,646.57,2548.47,0,False,Entregada,Entrega realizada en tiempo,0
3100,66,1,10,39,2026-03-01,09:49:00,2026-03-01,03:42:00,2026-03-02,03:42:00,0.39,48,446.28,Gasolina,43.08,25.27,3154.4,1088.63,4243.03,0,False,Entregada,Entrega realizada en tiempo,1
3101,39,13,44,40,2026-06-13,07:00:00,2026-06-13,18:34:00,2026-06-13,19:13:00,0.25,53,384.61,Gasolina,31.37,24.44,2872.05,766.68,3638.73,39,True,Tardía,"Hora pico, Distancia larga",1
3102,44,17,25,37,2026-02-25,14:07:00,2026-02-25,18:38:00,2026-02-25,18:38:00,7.44,4,177.42,Diesel,31.51,26.2,2163.1,825.56,2988.66,0,False,Entregada,Entrega realizada en tiempo,0
3103,39,4,59,49,2026-01-23,08:58:00,2026-01-23,00:46:00,2026-01-24,01:36:00,0.32,70,410.47,Gasolina,68.99,24.1,3144.35,1662.66,4807.01,50,True,Tardía,"Hora pico, Distancia larga",1
3104,82,38,46,31,2026-05-25,05:59:00,2026-05-25,17:07:00,2026-05-25,17:07:00,0.21,29,281.76,Gasolina,23.94,25.28,2161.8,605.2,2767.0,0,False,Entregada,Entrega realizada en tiempo,0
3105,78,30,7,32,2026-05-07,07:54:00,2026-05-07,16:04:00,2026-05-07,16:04:00,2.04,63,260.76,Diesel,22.4,24.58,2511.8,550.59,3062.39,0,False,Entregada,Entrega realizada en tiempo,0
3106,45,27,33,29,2026-01-15,12:04:00,2026-01-15,17:12:00,2026-01-15,17:54:00,24.89,17,140.02,Diesel,18.0,24.28,3825.1,437.04,4262.14,42,True,Tardía,"Tráfico alto, Carga pesada",1
3107,51,17,35,15,2026-07-14,20:37:00,2026-07-14,11:05:00,2026-07-15,11:05:00,6.53,42,391.08,Diesel,69.46,25.34,3444.4,1760.12,5204.52,0,False,Entregada,Entrega realizada en tiempo,1
3108,72,17,8,49,2026-05-23,17:48:00,2026-05-23,09:36:00,2026-05-24,09:36:00,7.46,52,439.63,Diesel,78.09,26.6,3860.15,2077.19,5937.34,0,False,Entregada,Entrega realizada en tiempo,1
3109,56,4,1,25,2026-03-13,10:19:00,2026-03-13,19:45:00,2026-03-13,19:45:00,1.41,42,343.11,Gasolina,57.67,24.97,2692.55,1440.02,4132.57,0,False,Entregada,Entrega realizada en tiempo,1
3110,92,38,52,46,2026-04-27,10:53:00,2026-04-27,01:43:00,2026-04-28,01:43:00,0.4,11,444.57,Gasolina,37.77,24.42,2850.85,922.34,3773.19,0,False,Entregada,Entrega realizada en tiempo,1
3111,31,3,15,15,2026-02-15,11:37:00,2026-02-15,02:05:00,2026-02-16,02:05:00,16.65,54,466.69,Diesel,100.15,26.17,4930.45,2620.93,7551.38,0,False,Entregada,Entrega realizada en tiempo,1
3112,58,22,59,49,2026-05-08,11:55:00,2026-05-08,03:43:00,2026-05-09,04:07:00,1.67,44,390.93,Diesel,37.81,25.63,2973.65,969.07,3942.72,24,True,Tardía,Distancia larga,1
3113,69,3,38,20,2026-06-29,17:46:00,2026-06-29,08:02:00,2026-06-30,08:02:00,4.99,28,450.48,Diesel,96.67,25.62,3475.4,2476.69,5952.09,0,False,Entregada,Entrega realizada en tiempo,1
3114,45,25,2,22,2026-08-05,12:10:00,2026-08-05,12:46:00,2026-08-05,13:15:00,2.23,62,21.37,Diesel,4.55,26.34,1325.85,119.85,1445.7,29,True,Tardía,Incidencia operativa,0
3115,75,24,53,38,2026-07-03,12:51:00,2026-07-03,02:19:00,2026-07-04,02:58:00,2.39,62,400.3,Diesel,37.52,25.45,3236.5,954.88,4191.38,39,True,Tardía,"Tráfico alto, Distancia larga, Carga pesada",1
3116,74,31,26,20,2026-08-14,17:23:00,2026-08-14,07:39:00,2026-08-15,07:39:00,1.44,38,415.76,Diesel,59.06,25.05,3026.8,1479.45,4506.25,0,False,Entregada,Entrega realizada en tiempo,1
3117,44,30,10,33,2026-05-25,17:09:00,2026-05-25,21:00:00,2026-05-25,21:48:00,2.12,22,110.28,Diesel,9.47,25.52,1439.4,241.67,1681.07,48,True,Tardía,"Hora pico, Carga pesada",0
3118,35,2,49,14,2026-05-29,05:38:00,2026-05-29,08:01:00,2026-05-29,08:36:00,14.87,65,68.15,Diesel,13.74,26.57,2847.75,365.07,3212.82,35,True,Tardía,Carga pesada,0
3119,95,27,1,28,2026-04-08,09:59:00,2026-04-08,15:13:00,2026-04-08,15:48:00,0.45,53,171.9,Diesel,22.1,26.79,1828.5,592.06,2420.56,35,True,Tardía,Hora pico,0
3120,71,31,3,40,2026-07-16,17:56:00,2026-07-16,05:30:00,2026-07-17,05:30:00,0.57,57,419.23,Diesel,59.55,25.32,3109.15,1507.81,4616.96,0,False,Entregada,Entrega realizada en tiempo,1
3121,48,30,3,49,2026-06-17,09:36:00,2026-06-17,01:24:00,2026-06-18,01:24:00,2.22,73,409.33,Diesel,35.17,25.22,3352.65,886.99,4239.64,0,False,Entregada,Entrega realizada en tiempo,1
3122,49,15,32,30,2026-05-31,09:56:00,2026-05-31,17:28:00,2026-05-31,17:46:00,2.59,57,186.7,Diesel,38.42,26.84,2148.5,1031.19,3179.69,18,True,Tardía,Hora pico,0
3123,98,16,23,8,2026-02-03,20:38:00,2026-02-03,04:11:00,2026-02-04,04:11:00,1.01,54,213.03,Gasolina,19.14,24.98,2098.15,478.12,2576.27,0,False,Entregada,Entrega realizada en tiempo,0
3124,5,27,35,42,2026-02-12,12:12:00,2026-02-12,15:23:00,2026-02-12,15:23:00,7.45,21,97.43,Diesel,12.52,26.05,1900.15,326.15,2226.3,0,False,Entregada,Entrega realizada en tiempo,0
3125,100,16,4,10,2026-02-25,10:16:00,2026-02-25,02:48:00,2026-02-26,03:37:00,0.29,36,443.44,Gasolina,39.84,24.7,3034.2,984.05,4018.25,49,True,Tardía,"Tráfico alto, Distancia larga",1
3126,34,15,44,1,2026-04-13,14:41:00,2026-04-13,21:00:00,2026-04-13,21:24:00,2.18,17,174.39,Diesel,35.88,25.61,1725.95,918.89,2644.84,24,True,Tardía,Incidencia operativa,0
3127,51,21,50,9,2026-06-03,12:05:00,2026-06-03,16:33:00,2026-06-03,16:33:00,0.88,18,169.46,Diesel,23.7,24.73,1579.3,586.1,2165.4,0,False,Entregada,Entrega realizada en tiempo,0
3128,92,4,3,25,2026-08-09,11:16:00,2026-08-09,20:42:00,2026-08-09,20:42:00,0.99,68,348.14,Gasolina,58.51,24.67,2883.7,1443.44,4327.14,0,False,Entregada,Entrega realizada en tiempo,1
3129,37,35,31,50,2026-03-29,10:06:00,2026-03-29,19:07:00,2026-03-29,19:07:00,0.21,15,259.73,Gasolina,35.05,24.9,1939.65,872.74,2812.39,0,False,Entregada,Entrega realizada en tiempo,0
3130,98,34,51,1,2026-03-07,09:23:00,2026-03-07,15:42:00,2026-03-07,15:42:00,11.44,45,182.29,Diesel,15.14,26.71,2915.45,404.39,3319.84,0,False,Entregada,Entrega realizada en tiempo,0
3131,68,1,21,16,2026-04-24,16:48:00,2026-04-24,21:54:00,2026-04-24,21:54:00,0.28,39,182.52,Gasolina,17.62,24.1,1752.6,424.64,2177.24,0,False,Entregada,Entrega realizada en tiempo,0
3132,4,31,36,28,2026-05-21,19:40:00,2026-05-21,00:54:00,2026-05-22,00:54:00,1.62,58,177.77,Diesel,25.25,24.08,2014.85,608.02,2622.87,0,False,Entregada,Entrega realizada en tiempo,0
3133,24,3,15,47,2026-06-01,08:10:00,2026-06-01,18:08:00,2026-06-01,18:58:00,7.52,16,317.81,Diesel,68.2,25.86,2969.05,1763.65,4732.7,50,True,Tardía,"Tráfico alto, Hora pico, Distancia larga",1
3134,92,21,36,26,2026-04-17,09:37:00,2026-04-17,21:50:00,2026-04-17,21:50:00,1.09,74,334.5,Diesel,46.78,25.62,2873.5,1198.5,4072.0,0,False,Entregada,Entrega realizada en tiempo,1
3135,61,37,34,50,2026-05-04,09:58:00,2026-05-04,18:59:00,2026-05-04,18:59:00,1.87,67,256.72,Diesel,27.37,26.48,2506.6,724.76,3231.36,0,False,Entregada,Entrega realizada en tiempo,0
3136,90,5,17,11,2026-07-26,12:36:00,2026-07-26,17:18:00,2026-07-26,17:18:00,5.48,47,134.48,Diesel,16.89,24.52,2096.4,414.14,2510.54,0,False,Entregada,Entrega realizada en tiempo,0
3137,15,31,59,43,2026-05-28,15:19:00,2026-05-28,06:46:00,2026-05-29,07:08:00,0.82,39,448.93,Diesel,63.77,24.58,3138.65,1567.47,4706.12,22,True,Tardía,Distancia larga,1
3138,24,35,36,33,2026-01-02,18:00:00,2026-01-02,21:51:00,2026-01-02,21:51:00,0.21,3,100.38,Gasolina,13.55,25.1,1046.9,340.11,1387.01,0,False,Entregada,Entrega realizada en tiempo,0
3139,23,34,32,20,2026-03-28,07:09:00,2026-03-28,21:25:00,2026-03-28,22:16:00,14.09,3,392.39,Diesel,32.59,26.17,3894.95,852.88,4747.83,51,True,Tardía,"Hora pico, Distancia larga, Carga pesada",1
3140,63,24,20,24,2026-03-11,07:25:00,2026-03-11,16:02:00,2026-03-11,16:02:00,1.75,36,340.59,Diesel,31.92,25.86,2665.95,825.45,3491.4,0,False,Entregada,Entrega realizada en tiempo,1
3141,85,5,4,18,2026-04-14,16:08:00,2026-04-14,07:23:00,2026-04-15,07:23:00,2.75,60,411.12,Diesel,51.65,26.22,3310.6,1354.26,4664.86,0,False,Entregada,Entrega realizada en tiempo,1
3142,100,7,23,11,2026-04-14,17:16:00,2026-04-14,21:58:00,2026-04-14,22:21:00,3.23,36,147.45,Diesel,24.17,26.6,1848.25,642.92,2491.17,23,True,Tardía,Hora pico,0
3143,51,4,31,35,2026-07-16,13:18:00,2026-07-16,21:37:00,2026-07-16,21:37:00,1.62,70,326.68,Gasolina,54.9,25.42,2855.4,1395.56,4250.96,0,False,Entregada,Entrega realizada en tiempo,1
3144,26,1,37,24,2026-05-10,18:09:00,2026-05-10,02:46:00,2026-05-11,02:46:00,0.33,31,325.52,Gasolina,31.42,23.65,2408.6,743.08,3151.68,0,False,Entregada,Entrega realizada en tiempo,0
3145,69,1,28,4,2026-07-23,07:55:00,2026-07-23,09:13:00,2026-07-23,09:13:00,0.8,34,39.19,Gasolina,3.78,25.93,1047.95,98.02,1145.97,0,False,Entregada,Entrega realizada en tiempo,0
3146,20,15,9,26,2026-05-05,07:17:00,2026-05-05,19:30:00,2026-05-05,20:26:00,0.39,69,336.97,Diesel,69.34,24.02,2775.85,1665.55,4441.4,56,True,Tardía,"Hora pico, Distancia larga",1
3147,47,3,47,7,2026-05-25,16:31:00,2026-05-25,00:48:00,2026-05-26,00:48:00,18.08,78,309.55,Diesel,66.43,26.93,4479.75,1788.96,6268.71,0,False,Entregada,Entrega realizada en tiempo,1
3148,86,9,2,40,2026-02-03,14:04:00,2026-02-03,01:38:00,2026-02-04,02:00:00,0.46,74,397.16,Gasolina,32.47,24.65,3123.8,800.39,3924.19,22,True,Tardía,Distancia larga,1
3149,93,23,9,16,2026-02-28,08:36:00,2026-02-28,13:42:00,2026-02-28,13:42:00,1.54,58,182.32,Gasolina,33.39,25.49,2029.6,851.11,2880.71,0,False,Entregada,Entrega realizada en tiempo,0
3150,74,13,49,31,2026-05-30,13:32:00,2026-05-30,00:40:00,2026-05-31,00:40:00,0.69,21,283.67,Gasolina,23.14,23.31,2155.35,539.39,2694.74,0,False,Entregada,Entrega realizada en tiempo,0
3151,69,24,59,21,2026-07-27,08:04:00,2026-07-27,08:42:00,2026-07-27,08:42:00,0.75,55,27.16,Diesel,2.55,26.41,1150.8,67.35,1218.15,0,False,Entregada,Entrega realizada en tiempo,0
3152,83,29,6,19,2026-06-03,09:01:00,2026-06-03,16:50:00,2026-06-03,17:36:00,1.14,60,312.86,Diesel,32.69,26.98,2658.3,881.98,3540.28,46,True,Tardía,"Hora pico, Distancia larga",1
3153,40,12,20,36,2026-07-27,17:52:00,2026-07-27,11:13:00,2026-07-28,11:13:00,0.71,31,434.25,Gasolina,62.12,23.48,2990.25,1458.58,4448.83,0,False,Entregada,Entrega realizada en tiempo,1
3154,17,23,39,6,2026-05-13,20:15:00,2026-05-13,03:09:00,2026-05-14,04:07:00,1.46,9,253.33,Gasolina,46.4,25.86,1984.65,1199.9,3184.55,58,True,Tardía,Tráfico alto,1
3155,61,29,16,49,2026-06-15,16:45:00,2026-06-15,08:33:00,2026-06-16,08:33:00,0.39,60,383.34,Diesel,40.06,26.65,2935.7,1067.6,4003.3,0,False,Entregada,Entrega realizada en tiempo,1
3156,34,20,13,41,2026-03-20,09:40:00,2026-03-20,21:21:00,2026-03-20,21:21:00,0.97,44,438.99,Gasolina,59.56,24.87,3143.95,1481.26,4625.21,0,False,Entregada,Entrega realizada en tiempo,1
3157,60,34,32,11,2026-06-04,15:23:00,2026-06-04,20:05:00,2026-06-04,20:27:00,5.06,61,147.13,Diesel,12.22,26.26,2229.65,320.9,2550.55,22,True,Tardía,Incidencia operativa,0
3158,40,15,58,34,2026-08-10,06:53:00,2026-08-10,10:27:00,2026-08-10,10:27:00,3.2,21,140.67,Diesel,28.94,25.71,1691.35,744.05,2435.4,0,False,Entregada,Entrega realizada en tiempo,0
3159,98,15,18,35,2026-06-15,05:41:00,2026-06-15,14:00:00,2026-06-15,14:25:00,0.34,38,288.73,Diesel,59.41,25.74,2281.65,1529.21,3810.86,25,True,Tardía,Incidencia operativa,1
3160,54,4,41,2,2026-07-04,06:36:00,2026-07-04,13:14:00,2026-07-04,13:26:00,1.3,37,247.86,Gasolina,41.66,24.26,2165.3,1010.67,3175.97,12,True,Tardía,Incidencia operativa,0
3161,46,31,15,31,2026-04-17,08:18:00,2026-04-17,19:26:00,2026-04-17,20:23:00,0.75,22,306.06,Diesel,43.47,25.78,2281.3,1120.66,3401.96,57,True,Tardía,"Tráfico alto, Hora pico, Distancia larga",1
3162,5,15,27,39,2026-03-01,06:38:00,2026-03-01,00:31:00,2026-03-02,00:31:00,3.05,11,423.74,Diesel,87.19,24.81,3011.7,2163.18,5174.88,0,False,Entregada,Entrega realizada en tiempo,1
3163,81,4,59,7,2026-06-23,13:09:00,2026-06-23,21:26:00,2026-06-23,22:13:00,0.81,60,311.4,Gasolina,52.34,25.46,2618.0,1332.58,3950.58,47,True,Tardía,"Tráfico alto, Distancia larga",1
3164,51,20,59,5,2026-03-08,18:55:00,2026-03-08,02:47:00,2026-03-09,02:47:00,0.98,43,346.74,Gasolina,47.05,25.91,2675.7,1219.07,3894.77,0,False,Entregada,Entrega realizada en tiempo,1
3165,2,1,41,5,2026-05-14,11:08:00,2026-05-14,19:00:00,2026-05-14,19:00:00,0.45,79,346.09,Gasolina,33.41,23.65,2907.45,790.15,3697.6,0,False,Entregada,Entrega realizada en tiempo,1
3166,43,40,34,48,2026-03-11,17:51:00,2026-03-11,23:28:00,2026-03-12,00:48:00,8.42,40,155.19,Diesel,24.25,24.73,2437.95,599.7,3037.65,80,True,Tardía,"Tráfico alto, Hora pico",0
3167,98,21,40,27,2026-06-25,16:58:00,2026-06-25,03:24:00,2026-06-26,03:24:00,1.28,62,312.58,Diesel,43.72,26.39,2686.9,1153.77,3840.67,0,False,Entregada,Entrega realizada en tiempo,1
3168,11,23,16,39,2026-01-06,09:10:00,2026-01-06,03:03:00,2026-01-07,03:03:00,0.42,56,471.89,Gasolina,86.43,23.49,3349.45,2030.24,5379.69,0,False,Entregada,Entrega realizada en tiempo,1
3169,39,30,47,50,2026-03-02,15:20:00,2026-03-02,00:21:00,2026-03-03,00:37:00,1.4,2,254.0,Diesel,21.82,24.43,1926.0,533.06,2459.06,16,True,Tardía,Incidencia operativa,0
3170,73,2,37,3,2026-06-30,06:27:00,2026-06-30,17:57:00,2026-06-30,17:57:00,5.7,39,428.99,Diesel,86.49,25.22,3526.95,2181.28,5708.23,0,False,Entregada,Entrega realizada en tiempo,1
3171,83,20,20,10,2026-04-26,19:31:00,2026-04-26,12:03:00,2026-04-27,12:03:00,1.05,32,403.87,Gasolina,54.8,25.12,2880.35,1376.58,4256.93,0,False,Entregada,Entrega realizada en tiempo,1
3172,41,17,43,4,2026-07-02,12:11:00,2026-07-02,13:29:00,2026-07-02,13:29:00,4.37,32,41.33,Diesel,7.34,25.86,1399.65,189.81,1589.46,0,False,Entregada,Entrega realizada en tiempo,0
3173,77,10,47,46,2026-07-11,06:47:00,2026-07-11,21:37:00,2026-07-11,21:37:00,1.26,56,416.7,Gasolina,41.8,24.09,3157.5,1006.96,4164.46,0,False,Entregada,Entrega realizada en tiempo,1
3174,35,37,15,40,2026-02-20,12:14:00,2026-02-20,23:48:00,2026-02-20,23:48:00,4.39,74,388.16,Diesel,41.38,24.06,3471.8,995.6,4467.4,0,False,Entregada,Entrega realizada en tiempo,1
3175,41,14,48,50,2026-06-21,09:50:00,2026-06-21,18:51:00,2026-06-21,19:38:00,11.46,45,266.22,Diesel,28.69,26.08,3337.1,748.24,4085.34,47,True,Tardía,Hora pico,1
3176,43,30,13,16,2026-07-31,19:06:00,2026-07-31,00:12:00,2026-08-01,00:58:00,2.24,29,180.23,Diesel,15.48,25.02,1857.15,387.31,2244.46,46,True,Tardía,"Hora pico, Carga pesada",0
3177,81,14,4,12,2026-02-28,16:19:00,2026-02-28,05:02:00,2026-03-01,05:02:00,23.77,13,359.43,Diesel,38.73,24.46,4778.15,947.34,5725.49,0,False,Entregada,Entrega realizada en tiempo,1
3178,98,31,60,17,2026-01-06,20:23:00,2026-01-06,09:39:00,2026-01-07,09:39:00,1.48,25,336.85,Diesel,47.85,25.38,2532.25,1214.43,3746.68,0,False,Entregada,Entrega realizada en tiempo,1
3179,8,16,15,23,2026-01-12,13:58:00,2026-01-12,23:19:00,2026-01-12,23:19:00,0.38,10,255.42,Gasolina,22.95,23.38,1895.1,536.57,2431.67,0,False,Entregada,Entrega realizada en tiempo,0
3180,17,21,7,2,2026-05-05,07:23:00,2026-05-05,14:01:00,2026-05-05,14:01:00,0.85,46,250.44,Diesel,35.03,26.58,2205.2,931.1,3136.3,0,False,Entregada,Entrega realizada en tiempo,0
3181,7,38,18,41,2026-06-28,06:17:00,2026-06-28,17:58:00,2026-06-28,19:02:00,0.47,20,377.11,Gasolina,32.04,24.18,2592.55,774.73,3367.28,64,True,Tardía,"Tráfico alto, Distancia larga",1
3182,10,6,38,40,2026-02-10,14:52:00,2026-02-10,02:26:00,2026-02-11,02:26:00,3.6,48,411.72,Diesel,60.19,24.39,3302.6,1468.03,4770.63,0,False,Entregada,Entrega realizada en tiempo,1
3183,30,33,52,3,2026-05-05,19:04:00,2026-05-05,06:34:00,2026-05-06,07:12:00,1.8,76,386.51,Diesel,49.3,25.05,3220.55,1234.96,4455.51,38,True,Tardía,"Hora pico, Distancia larga",1
3184,96,15,47,45,2026-03-21,11:59:00,2026-03-21,00:10:00,2026-03-22,00:10:00,3.14,9,503.09,Diesel,103.52,26.62,3401.45,2755.7,6157.15,0,False,Entregada,Entrega realizada en tiempo,1
3185,15,22,45,32,2026-08-08,13:22:00,2026-08-08,21:32:00,2026-08-08,21:32:00,7.37,64,240.0,Diesel,23.21,26.68,2949.0,619.24,3568.24,0,False,Entregada,Entrega realizada en tiempo,0
3186,51,28,52,15,2026-02-14,19:40:00,2026-02-14,10:08:00,2026-02-15,10:08:00,0.81,17,399.2,Diesel,58.53,25.23,2713.0,1476.71,4189.71,0,False,Entregada,Entrega realizada en tiempo,1
3187,3,28,8,48,2026-04-16,08:54:00,2026-04-16,14:31:00,2026-04-16,14:31:00,0.31,10,149.04,Diesel,21.85,26.62,1356.2,581.65,1937.85,0,False,Entregada,Entrega realizada en tiempo,0
3188,85,24,58,46,2026-04-21,10:20:00,2026-04-21,01:10:00,2026-04-22,01:39:00,1.97,17,396.98,Diesel,37.21,25.31,2817.9,941.79,3759.69,29,True,Tardía,Distancia larga,1
3189,10,21,3,19,2026-02-09,06:20:00,2026-02-09,14:09:00,2026-02-09,14:09:00,0.3,78,289.07,Diesel,40.43,25.16,2599.35,1017.22,3616.57,0,False,Entregada,Entrega realizada en tiempo,1
3190,46,27,39,29,2026-04-28,07:19:00,2026-04-28,12:27:00,2026-04-28,12:27:00,23.37,25,134.51,Diesel,17.29,26.08,3709.55,450.92,4160.47,0,False,Entregada,Entrega realizada en tiempo,1
3191,55,2,59,33,2026-01-11,06:06:00,2026-01-11,09:57:00,2026-01-11,10:16:00,4.32,6,110.3,Diesel,22.24,26.3,1531.5,584.91,2116.41,19,True,Tardía,Incidencia operativa,0
3192,54,7,55,4,2026-07-07,09:38:00,2026-07-07,10:56:00,2026-07-07,10:56:00,3.01,20,40.57,Diesel,6.65,25.54,1163.85,169.84,1333.69,0,False,Entregada,Entrega realizada en tiempo,0
3193,65,36,7,35,2026-06-02,09:02:00,2026-06-02,17:21:00,2026-06-02,17:21:00,1.89,36,334.11,Diesel,39.4,26.69,2647.55,1051.59,3699.14,0,False,Entregada,Entrega realizada en tiempo,1
3194,85,8,25,16,2026-05-23,19:07:00,2026-05-23,00:13:00,2026-05-24,00:13:00,7.16,53,180.51,Diesel,19.29,25.42,2542.55,490.35,3032.9,0,False,Entregada,Entrega realizada en tiempo,0
3195,69,23,6,34,2026-07-29,14:59:00,2026-07-29,18:33:00,2026-07-29,18:33:00,0.23,54,144.18,Gasolina,26.41,23.14,1675.9,611.13,2287.03,0,False,Entregada,Entrega realizada en tiempo,0
3196,45,3,43,38,2026-04-08,13:25:00,2026-04-08,02:53:00,2026-04-09,02:53:00,8.16,72,443.78,Diesel,95.23,24.48,4110.9,2331.23,6442.13,0,False,Entregada,Entrega realizada en tiempo,1
3197,62,12,34,3,2026-01-04,18:09:00,2026-01-04,05:39:00,2026-01-05,06:22:00,0.26,63,420.14,Gasolina,60.11,25.02,3130.7,1503.95,4634.65,43,True,Tardía,"Hora pico, Distancia larga",1
3198,38,29,10,41,2026-02-19,17:13:00,2026-02-19,04:54:00,2026-02-20,06:01:00,0.55,46,418.96,Diesel,43.78,26.18,3017.8,1146.16,4163.96,67,True,Tardía,"Tráfico alto, Hora pico, Distancia larga",1
3199,92,2,35,15,2026-01-13,15:38:00,2026-01-13,06:06:00,2026-01-14,06:06:00,13.27,57,432.58,Diesel,87.21,25.56,4445.9,2229.09,6674.99,0,False,Entregada,Entrega realizada en tiempo,1
3200,77,38,41,37,2026-04-06,08:41:00,2026-04-06,13:12:00,2026-04-06,13:12:00,0.83,33,193.93,Gasolina,16.48,23.85,1816.65,393.05,2209.7,0,False,Entregada,Entrega realizada en tiempo,0
3201,71,14,27,30,2026-01-21,11:24:00,2026-01-21,18:56:00,2026-01-21,18:56:00,9.95,62,210.16,Diesel,22.65,24.11,3041.8,546.09,3587.89,0,False,Entregada,Entrega realizada en tiempo,0
3202,56,25,34,33,2026-07-05,16:28:00,2026-07-05,20:19:00,2026-07-05,20:46:00,3.41,48,110.63,Diesel,23.54,25.01,1778.15,588.74,2366.89,27,True,Tardía,Incidencia operativa,0
3203,63,7,6,28,2026-03-19,14:27:00,2026-03-19,19:41:00,2026-03-19,19:41:00,4.17,6,182.71,Diesel,29.95,25.82,1878.55,773.31,2651.86,0,False,Entregada,Entrega realizada en tiempo,0
3204,47,26,14,20,2026-03-05,07:32:00,2026-03-05,21:48:00,2026-03-05,21:48:00,0.38,7,423.39,Gasolina,60.4,24.97,2710.95,1508.19,4219.14,0,False,Entregada,Entrega realizada en tiempo,1
3205,27,38,60,10,2026-01-05,06:08:00,2026-01-05,22:40:00,2026-01-05,22:40:00,0.89,45,474.41,Gasolina,40.31,25.88,3321.05,1043.22,4364.27,0,False,Entregada,Entrega realizada en tiempo,1
3206,55,22,49,14,2026-03-03,18:45:00,2026-03-03,21:08:00,2026-03-03,21:08:00,5.36,62,64.97,Diesel,6.28,24.73,1856.85,155.3,2012.15,0,False,Entregada,Entrega realizada en tiempo,0
3207,87,13,7,25,2026-05-07,20:30:00,2026-05-07,05:56:00,2026-05-08,05:56:00,1.81,14,316.36,Gasolina,25.8,23.48,2374.8,605.78,2980.58,0,False,Entregada,Entrega realizada en tiempo,0
3208,54,7,24,19,2026-05-21,18:43:00,2026-05-21,02:32:00,2026-05-22,03:07:00,1.44,20,323.24,Diesel,52.99,25.99,2420.2,1377.21,3797.41,35,True,Tardía,"Hora pico, Distancia larga",1
3209,18,24,53,19,2026-03-28,13:01:00,2026-03-28,20:50:00,2026-03-28,20:50:00,2.01,8,332.01,Diesel,31.12,24.89,2425.05,774.58,3199.63,0,False,Entregada,Entrega realizada en tiempo,0
3210,5,33,48,47,2026-01-10,20:53:00,2026-01-10,06:51:00,2026-01-11,06:51:00,1.71,27,311.72,Diesel,39.76,25.49,2445.6,1013.48,3459.08,0,False,Entregada,Entrega realizada en tiempo,1
3211,81,30,16,34,2026-05-11,18:08:00,2026-05-11,21:42:00,2026-05-11,21:42:00,1.2,40,140.19,Diesel,12.04,25.18,1640.95,303.17,1944.12,0,False,Entregada,Entrega realizada en tiempo,0
3212,2,13,52,50,2026-03-14,10:33:00,2026-03-14,19:34:00,2026-03-14,19:34:00,0.72,29,260.26,Gasolina,21.23,23.18,2105.3,492.11,2597.41,0,False,Entregada,Entrega realizada en tiempo,0
3213,4,38,6,19,2026-02-27,13:10:00,2026-02-27,20:59:00,2026-02-27,20:59:00,0.26,79,330.27,Gasolina,28.06,25.81,2809.35,724.23,3533.58,0,False,Entregada,Entrega realizada en tiempo,0
3214,3,32,45,46,2026-03-13,08:28:00,2026-03-13,23:18:00,2026-03-13,23:18:00,0.55,73,424.77,Gasolina,38.48,24.93,3262.85,959.31,4222.16,0,False,Entregada,Entrega realizada en tiempo,1
3215,41,18,27,49,2026-04-10,08:32:00,2026-04-10,00:20:00,2026-04-11,00:20:00,0.55,80,399.7,Diesel,37.43,24.58,3193.5,920.03,4113.53,0,False,Entregada,Entrega realizada en tiempo,1
3216,13,34,39,25,2026-02-10,08:21:00,2026-02-10,17:47:00,2026-02-10,17:47:00,1.61,20,372.67,Diesel,30.95,24.98,2684.35,773.13,3457.48,0,False,Entregada,Entrega realizada en tiempo,1
3217,52,4,1,11,2026-02-02,10:02:00,2026-02-02,14:44:00,2026-02-02,14:44:00,1.42,17,136.4,Gasolina,22.92,25.86,1460.0,592.71,2052.71,0,False,Entregada,Entrega realizada en tiempo,0
3218,5,24,25,48,2026-04-30,17:54:00,2026-04-30,23:31:00,2026-05-01,00:25:00,0.69,14,166.23,Diesel,15.58,25.69,1512.15,400.25,1912.4,54,True,Tardía,"Tráfico alto, Hora pico",0
3219,6,17,7,34,2026-08-06,09:49:00,2026-08-06,13:23:00,2026-08-06,13:23:00,3.39,65,138.22,Diesel,24.55,24.04,2050.1,590.18,2640.28,0,False,Entregada,Entrega realizada en tiempo,0
3220,9,27,26,28,2026-01-12,20:51:00,2026-01-12,02:05:00,2026-01-13,02:05:00,15.39,15,202.84,Diesel,26.07,24.65,3173.2,642.63,3815.83,0,False,Entregada,Entrega realizada en tiempo,1
3221,17,32,34,36,2026-03-17,11:31:00,2026-03-17,04:52:00,2026-03-18,05:36:00,0.2,79,423.39,Gasolina,38.35,25.4,3268.95,974.09,4243.04,44,True,Tardía,Distancia larga,1
3222,54,6,21,9,2026-05-02,15:39:00,2026-05-02,20:07:00,2026-05-02,20:07:00,10.96,42,164.03,Diesel,23.98,26.43,2752.15,633.79,3385.94,0,False,Entregada,Entrega realizada en tiempo,0
3223,37,20,20,10,2026-01-04,08:10:00,2026-01-04,00:42:00,2026-01-05,00:42:00,0.36,34,444.36,Gasolina,60.29,23.45,3029.8,1413.8,4443.6,0,False,Entregada,Entrega realizada en tiempo,1
3224,69,35,54,26,2026-02-18,07:15:00,2026-02-18,19:28:00,2026-02-18,20:15:00,1.19,60,356.48,Gasolina,48.11,23.68,2881.4,1139.24,4020.64,47,True,Tardía,"Hora pico, Distancia larga, Carga pesada",1
3225,10,8,59,35,2026-01-09,08:24:00,2026-01-09,16:43:00,2026-01-09,16:43:00,22.57,49,323.09,Diesel,34.52,26.44,4764.45,912.71,5677.16,0,False,Entregada,Entrega realizada en tiempo,1
3226,34,8,39,49,2026-03-05,16:00:00,2026-03-05,07:48:00,2026-03-06,08:25:00,1.87,50,451.2,Diesel,48.21,26.79,3343.0,1291.55,4634.55,37,True,Tardía,Distancia larga,1
3227,12,33,37,48,2026-02-01,08:52:00,2026-02-01,14:29:00,2026-02-01,14:29:00,1.68,75,147.33,Diesel,18.79,25.85,2004.65,485.72,2490.37,0,False,Entregada,Entrega realizada en tiempo,0
3228,94,21,55,25,2026-06-18,08:56:00,2026-06-18,18:22:00,2026-06-18,18:22:00,1.06,39,329.78,Diesel,46.12,25.23,2566.9,1163.61,3730.51,0,False,Entregada,Entrega realizada en tiempo,1
3229,71,14,19,5,2026-01-12,10:16:00,2026-01-12,18:08:00,2026-01-12,18:08:00,2.57,11,295.87,Diesel,31.88,24.59,2324.35,783.93,3108.28,0,False,Entregada,Entrega realizada en tiempo,0
3230,9,34,7,8,2026-08-08,20:40:00,2026-08-08,04:13:00,2026-08-09,04:13:00,7.29,14,208.17,Diesel,17.29,26.85,2381.85,464.24,2846.09,0,False,Entregada,Entrega realizada en tiempo,0
3231,44,6,45,46,2026-03-01,09:20:00,2026-03-01,00:10:00,2026-03-02,00:10:00,6.76,15,456.8,Diesel,66.78,25.76,3580.0,1720.25,5300.25,0,False,Entregada,Entrega realizada en tiempo,1
3232,1,20,20,29,2026-01-10,19:23:00,2026-01-10,00:31:00,2026-01-11,01:17:00,0.61,54,125.68,Gasolina,17.05,24.36,1621.4,415.34,2036.74,46,True,Tardía,"Tráfico alto, Hora pico",0
3233,38,33,30,34,2026-02-24,07:01:00,2026-02-24,10:35:00,2026-02-24,11:13:00,0.78,26,138.31,Diesel,17.64,24.82,1477.55,437.82,1915.37,38,True,Tardía,Hora pico,0
3234,61,9,49,10,2026-04-28,13:42:00,2026-04-28,06:14:00,2026-04-29,06:14:00,0.45,61,462.96,Gasolina,37.85,25.37,3347.8,960.25,4308.05,0,False,Entregada,Entrega realizada en tiempo,1
3235,59,18,2,15,2026-02-24,17:16:00,2026-02-24,07:44:00,2026-02-25,07:44:00,3.72,34,466.23,Diesel,43.65,25.74,3475.15,1123.55,4598.7,0,False,Entregada,Entrega realizada en tiempo,1
3236,68,29,1,39,2026-02-28,10:38:00,2026-02-28,04:31:00,2026-03-01,04:31:00,0.58,14,490.67,Diesel,51.27,25.18,3123.35,1290.98,4414.33,0,False,Entregada,Entrega realizada en tiempo,1
3237,79,19,6,12,2026-07-28,15:19:00,2026-07-28,04:02:00,2026-07-29,04:29:00,2.64,10,361.22,Diesel,35.59,24.67,2650.1,878.01,3528.11,27,True,Tardía,Distancia larga,1
3238,55,29,23,15,2026-01-17,20:02:00,2026-01-17,10:30:00,2026-01-18,10:30:00,1.61,45,438.62,Diesel,45.83,26.84,3214.1,1230.08,4444.18,0,False,Entregada,Entrega realizada en tiempo,1
3239,31,6,44,3,2026-01-21,05:34:00,2026-01-21,17:04:00,2026-01-21,17:04:00,2.09,78,392.82,Diesel,57.43,25.0,3297.1,1435.75,4732.85,0,False,Entregada,Entrega realizada en tiempo,1
3240,53,7,11,21,2026-02-27,15:02:00,2026-02-27,15:40:00,2026-02-27,15:40:00,1.73,50,26.28,Diesel,4.31,24.06,1204.4,103.7,1308.1,0,False,Entregada,Entrega realizada en tiempo,0
3241,36,29,19,34,2026-04-13,17:38:00,2026-04-13,21:12:00,2026-04-13,21:12:00,0.94,39,161.54,Diesel,16.88,25.14,1713.7,424.36,2138.06,0,False,Entregada,Entrega realizada en tiempo,0
3242,82,38,53,34,2026-06-01,11:32:00,2026-06-01,15:06:00,2026-06-01,15:06:00,0.25,33,143.69,Gasolina,12.21,24.4,1507.45,297.92,1805.37,0,False,Entregada,Entrega realizada en tiempo,0
3243,84,16,26,7,2026-01-07,06:58:00,2026-01-07,15:15:00,2026-01-07,15:15:00,0.69,59,312.48,Gasolina,28.08,23.01,2603.4,646.12,3249.52,0,False,Entregada,Entrega realizada en tiempo,0
3244,10,29,32,49,2026-08-09,10:41:00,2026-08-09,02:29:00,2026-08-10,02:29:00,0.71,62,430.49,Diesel,44.98,26.72,3219.45,1201.87,4421.32,0,False,Entregada,Entrega realizada en tiempo,1
3245,77,13,52,13,2026-07-28,06:28:00,2026-07-28,13:39:00,2026-07-28,14:03:00,1.76,68,281.88,Gasolina,22.99,23.32,2629.4,536.13,3165.53,24,True,Tardía,Carga pesada,0
3246,91,28,54,4,2026-01-10,11:39:00,2026-01-10,12:57:00,2026-01-10,13:18:00,0.86,4,42.04,Diesel,6.16,24.86,828.2,153.14,981.34,21,True,Tardía,Carga pesada,0
3247,12,23,22,38,2026-04-19,17:17:00,2026-04-19,06:45:00,2026-04-20,08:11:00,1.06,30,467.46,Gasolina,85.62,25.95,3183.3,2221.84,5405.14,86,True,Tardía,"Tráfico alto, Hora pico, Distancia larga",1
3248,44,24,11,15,2026-05-26,08:30:00,2026-05-26,22:58:00,2026-05-26,22:58:00,0.87,4,419.27,Diesel,39.29,26.18,2715.35,1028.61,3743.96,0,False,Entregada,Entrega realizada en tiempo,1
3249,47,16,59,1,2026-08-13,06:19:00,2026-08-13,12:38:00,2026-08-13,12:38:00,0.52,80,185.9,Gasolina,16.7,24.76,2121.5,413.49,2534.99,0,False,Entregada,Entrega realizada en tiempo,0
3250,24,25,41,26,2026-03-31,09:46:00,2026-03-31,21:59:00,2026-03-31,21:59:00,3.31,50,389.52,Diesel,82.88,26.87,3178.6,2226.99,5405.59,0,False,Entregada,Entrega realizada en tiempo,1
3251,79,31,42,30,2026-03-02,08:29:00,2026-03-02,16:01:00,2026-03-02,16:01:00,0.66,28,183.29,Diesel,26.04,26.61,1706.45,692.92,2399.37,0,False,Entregada,Entrega realizada en tiempo,0
3252,98,28,45,10,2026-03-11,19:31:00,2026-03-11,12:03:00,2026-03-12,12:03:00,0.63,20,401.51,Diesel,58.87,24.59,2730.55,1447.61,4178.16,0,False,Entregada,Entrega realizada en tiempo,1
3253,96,36,53,23,2026-08-05,19:24:00,2026-08-05,04:45:00,2026-08-06,04:45:00,1.0,43,254.39,Diesel,30.0,24.73,2215.95,741.9,2957.85,0,False,Entregada,Entrega realizada en tiempo,0
3254,80,10,56,31,2026-06-18,15:35:00,2026-06-18,02:43:00,2026-06-19,02:43:00,0.82,59,302.07,Gasolina,30.3,23.78,2564.35,720.53,3284.88,0,False,Entregada,Entrega realizada en tiempo,0
3255,11,16,18,37,2026-02-21,08:57:00,2026-02-21,13:28:00,2026-02-21,13:28:00,1.0,62,196.71,Gasolina,17.67,24.17,2079.55,427.08,2506.63,0,False,Entregada,Entrega realizada en tiempo,0
3256,5,28,1,24,2026-04-04,20:41:00,2026-04-04,05:18:00,2026-04-05,05:18:00,0.55,13,305.37,Diesel,44.78,24.69,2185.85,1105.62,3291.47,0,False,Entregada,Entrega realizada en tiempo,1
3257,41,30,39,9,2026-01-31,08:24:00,2026-01-31,12:52:00,2026-01-31,12:52:00,0.92,18,184.13,Diesel,15.82,25.18,1656.65,398.35,2055.0,0,False,Entregada,Entrega realizada en tiempo,0
3258,76,36,40,13,2026-08-13,14:48:00,2026-08-13,21:59:00,2026-08-13,21:59:00,0.58,34,236.0,Diesel,27.83,25.2,2010.0,701.32,2711.32,0,False,Entregada,Entrega realizada en tiempo,0
3259,76,35,45,39,2026-04-25,05:06:00,2026-04-25,22:59:00,2026-04-25,22:59:00,1.11,38,455.45,Gasolina,61.46,24.89,3192.25,1529.74,4721.99,0,False,Entregada,Entrega realizada en tiempo,1
3260,42,24,32,1,2026-08-05,10:38:00,2026-08-05,16:57:00,2026-08-05,16:57:00,0.49,31,177.64,Diesel,16.65,24.4,1685.2,406.26,2091.46,0,False,Entregada,Entrega realizada en tiempo,0
3261,90,7,47,35,2026-04-12,15:47:00,2026-04-12,00:06:00,2026-04-13,00:06:00,5.17,75,333.82,Diesel,54.72,25.09,3286.1,1372.92,4659.02,0,False,Entregada,Entrega realizada en tiempo,1
3262,17,39,54,42,2026-01-15,13:01:00,2026-01-15,16:12:00,2026-01-15,16:12:00,0.93,80,97.19,Gasolina,7.84,24.17,1718.95,189.49,1908.44,0,False,Entregada,Entrega realizada en tiempo,0
3263,7,1,4,43,2026-01-21,08:42:00,2026-01-21,00:09:00,2026-01-22,00:54:00,0.96,8,483.84,Gasolina,46.7,24.25,3079.2,1132.48,4211.68,45,True,Tardía,"Hora pico, Distancia larga",1
3264,75,30,13,36,2026-03-08,11:49:00,2026-03-08,05:10:00,2026-03-09,05:10:00,2.4,80,421.45,Diesel,36.21,24.25,3487.25,878.09,4365.34,0,False,Entregada,Entrega realizada en tiempo,1
3265,12,15,1,4,2026-06-22,20:32:00,2026-06-22,21:50:00,2026-06-22,21:50:00,3.39,18,37.13,Diesel,7.64,24.58,1168.65,187.79,1356.44,0,False,Entregada,Entrega realizada en tiempo,0
3266,39,25,54,37,2026-06-09,06:48:00,2026-06-09,11:19:00,2026-06-09,11:19:00,2.52,72,194.44,Diesel,41.37,25.43,2300.2,1052.04,3352.24,0,False,Entregada,Entrega realizada en tiempo,0
3267,26,14,5,4,2026-03-09,11:33:00,2026-03-09,12:51:00,2026-03-09,12:51:00,11.31,16,42.65,Diesel,4.6,26.67,1972.25,122.68,2094.93,0,False,Entregada,Entrega realizada en tiempo,0
3268,60,16,41,27,2026-08-08,14:20:00,2026-08-08,00:46:00,2026-08-09,01:09:00,0.29,54,318.61,Gasolina,28.63,25.96,2554.05,743.23,3297.28,23,True,Tardía,Distancia larga,0
3269,99,34,36,9,2026-08-13,08:01:00,2026-08-13,12:29:00,2026-08-13,13:13:00,14.68,53,188.46,Diesel,15.65,26.47,3334.3,414.26,3748.56,44,True,Tardía,"Hora pico, Carga pesada",0
3270,16,31,25,5,2026-06-13,10:53:00,2026-06-13,18:45:00,2026-06-13,19:21:00,0.43,4,318.61,Diesel,45.26,26.29,2168.05,1189.89,3357.94,36,True,Tardía,Distancia larga,1
3271,89,28,39,16,2026-04-19,19:12:00,2026-04-19,00:18:00,2026-04-20,00:18:00,0.71,41,162.78,Diesel,23.87,25.83,1712.9,616.56,2329.46,0,False,Entregada,Entrega realizada en tiempo,0
3272,9,27,55,30,2026-04-22,11:00:00,2026-04-22,18:32:00,2026-04-22,19:15:00,26.32,32,214.16,Diesel,27.53,24.2,4458.8,666.23,5125.03,43,True,Tardía,Carga pesada,1
3273,74,15,43,12,2026-03-29,08:50:00,2026-03-29,21:33:00,2026-03-29,22:39:00,0.86,69,361.84,Diesel,74.45,26.73,2947.2,1990.05,4937.25,66,True,Tardía,"Hora pico, Distancia larga",1
3274,23,25,57,39,2026-03-03,17:37:00,2026-03-03,11:30:00,2026-03-04,11:30:00,1.13,34,493.12,Diesel,104.92,25.87,3350.6,2714.28,6064.88,0,False,Entregada,Entrega realizada en tiempo,1
3275,42,11,60,12,2026-03-22,09:58:00,2026-03-22,22:41:00,2026-03-22,23:26:00,1.79,79,383.76,Diesel,80.28,26.05,3229.8,2091.29,5321.09,45,True,Tardía,"Hora pico, Distancia larga",1
3276,36,16,52,48,2026-06-11,16:49:00,2026-06-11,22:26:00,2026-06-11,22:26:00,0.65,70,156.45,Gasolina,14.06,23.34,1907.25,328.16,2235.41,0,False,Entregada,Entrega realizada en tiempo,0
3277,15,5,20,15,2026-02-26,06:27:00,2026-02-26,20:55:00,2026-02-26,21:26:00,0.88,33,405.29,Diesel,50.92,24.96,2878.45,1270.96,4149.41,31,True,Tardía,Distancia larga,1
3278,64,31,6,22,2026-03-23,14:38:00,2026-03-23,15:14:00,2026-03-23,15:14:00,1.58,8,25.1,Diesel,3.57,26.73,847.5,95.43,942.93,0,False,Entregada,Entrega realizada en tiempo,0
3279,90,11,50,31,2026-05-16,18:59:00,2026-05-16,06:07:00,2026-05-17,07:04:00,6.61,79,277.95,Diesel,58.15,26.06,3182.75,1515.39,4698.14,57,True,Tardía,"Tráfico alto, Hora pico",1
3280,3,18,25,16,2026-04-30,09:07:00,2026-04-30,14:13:00,2026-04-30,14:52:00,1.47,53,178.31,Diesel,16.7,26.17,1962.55,437.04,2399.59,39,True,Tardía,Hora pico,0
3281,28,10,13,21,2026-05-11,12:04:00,2026-05-11,12:42:00,2026-05-11,12:42:00,0.57,69,27.11,Gasolina,2.72,23.53,1244.55,64.0,1308.55,0,False,Entregada,Entrega realizada en tiempo,0
3282,41,23,43,40,2026-05-31,18:29:00,2026-05-31,06:03:00,2026-06-01,06:03:00,1.19,30,373.01,Gasolina,68.32,25.91,2724.05,1770.17,4494.22,0,False,Entregada,Entrega realizada en tiempo,1
3283,74,13,39,23,2026-05-06,13:48:00,2026-05-06,23:09:00,2026-05-06,23:46:00,1.82,45,292.19,Gasolina,23.83,23.76,2502.95,566.2,3069.15,37,True,Tardía,Carga pesada,0
3284,58,18,44,6,2026-01-19,07:30:00,2026-01-19,14:24:00,2026-01-19,14:24:00,0.5,28,253.76,Diesel,23.76,26.89,2042.8,638.91,2681.71,0,False,Entregada,Entrega realizada en tiempo,0
3285,59,1,14,46,2026-05-16,16:09:00,2026-05-16,06:59:00,2026-05-17,06:59:00,0.64,46,408.62,Gasolina,39.44,24.96,2975.1,984.42,3959.52,0,False,Entregada,Entrega realizada en tiempo,1
3286,56,7,7,11,2026-04-04,20:18:00,2026-04-04,01:00:00,2026-04-05,01:00:00,1.16,21,139.5,Diesel,22.87,24.09,1481.5,550.94,2032.44,0,False,Entregada,Entrega realizada en tiempo,0
3287,2,35,3,24,2026-04-12,10:02:00,2026-04-12,18:39:00,2026-04-12,18:39:00,1.3,66,315.54,Gasolina,42.58,24.73,2735.7,1053.0,3788.7,0,False,Entregada,Entrega realizada en tiempo,1
3288,22,17,41,36,2026-02-05,19:29:00,2026-02-05,12:50:00,2026-02-06,12:50:00,0.97,29,455.81,Diesel,80.96,26.52,3108.05,2147.06,5255.11,0,False,Entregada,Entrega realizada en tiempo,1
3289,22,8,3,31,2026-06-24,19:33:00,2026-06-24,06:41:00,2026-06-25,08:05:00,7.85,26,326.7,Diesel,34.9,26.94,3126.5,940.21,4066.71,84,True,Tardía,"Tráfico alto, Hora pico, Distancia larga",1
3290,98,19,35,23,2026-02-08,09:00:00,2026-02-08,18:21:00,2026-02-08,18:57:00,3.43,61,253.03,Diesel,24.93,25.35,2596.15,631.98,3228.13,36,True,Tardía,Hora pico,0
3291,3,36,19,9,2026-05-20,18:16:00,2026-05-20,22:44:00,2026-05-20,22:44:00,1.59,9,183.95,Diesel,21.69,26.15,1650.75,567.19,2217.94,0,False,Entregada,Entrega realizada en tiempo,0
3292,63,40,45,28,2026-07-15,09:40:00,2026-07-15,14:54:00,2026-07-15,14:54:00,3.35,51,196.55,Diesel,30.71,24.47,2225.75,751.47,2977.22,0,False,Entregada,Entrega realizada en tiempo,0
3293,94,21,23,22,2026-01-24,05:01:00,2026-01-24,05:37:00,2026-01-24,05:37:00,0.52,47,22.5,Diesel,3.15,24.1,1040.5,75.92,1116.42,0,False,Entregada,Entrega realizada en tiempo,0
3294,15,40,20,45,2026-05-18,11:45:00,2026-05-18,23:56:00,2026-05-19,00:22:00,5.72,17,507.51,Diesel,79.3,26.07,3745.55,2067.35,5812.9,26,True,Tardía,Distancia larga,1
3295,2,14,27,1,2026-04-26,08:08:00,2026-04-26,14:27:00,2026-04-26,15:19:00,25.76,31,176.61,Diesel,19.03,24.69,4207.05,469.85,4676.9,52,True,Tardía,"Hora pico, Carga pesada",1
3296,91,13,43,18,2026-06-24,08:56:00,2026-06-24,00:11:00,2026-06-25,01:01:00,0.84,36,393.37,Gasolina,32.09,24.72,2838.85,793.26,3632.11,50,True,Tardía,"Hora pico, Distancia larga",1
3297,56,37,10,36,2026-01-08,08:55:00,2026-01-08,02:16:00,2026-01-09,02:16:00,2.59,54,442.27,Diesel,47.15,24.66,3402.35,1162.72,4565.07,0,False,Entregada,Entrega realizada en tiempo,1
3298,55,28,40,25,2026-08-03,20:30:00,2026-08-03,05:56:00,2026-08-04,06:26:00,0.94,40,370.61,Diesel,54.34,25.12,2767.05,1365.02,4132.07,30,True,Tardía,"Distancia larga, Carga pesada",1
3299,33,5,2,25,2026-01-26,16:25:00,2026-01-26,01:51:00,2026-01-27,01:51:00,3.81,34,342.01,Diesel,42.97,24.01,2863.05,1031.71,3894.76,0,False,Entregada,Entrega realizada en tiempo,1
3300,88,35,19,19,2026-07-21,13:35:00,2026-07-21,21:24:00,2026-07-21,22:14:00,1.23,4,329.03,Gasolina,44.4,24.22,2300.15,1075.37,3375.52,50,True,Tardía,"Distancia larga, Carga pesada",1
3301,19,38,27,45,2026-02-13,19:00:00,2026-02-13,07:11:00,2026-02-14,07:48:00,0.2,76,451.97,Gasolina,38.4,23.02,3387.85,883.97,4271.82,37,True,Tardía,"Hora pico, Distancia larga",1
3302,3,40,52,27,2026-06-07,16:06:00,2026-06-07,02:32:00,2026-06-08,03:02:00,5.2,25,301.54,Diesel,47.12,25.12,2727.7,1183.65,3911.35,30,True,Tardía,Distancia larga,1
3303,90,16,45,11,2026-02-04,20:59:00,2026-02-04,01:41:00,2026-02-05,01:41:00,0.4,7,125.35,Gasolina,11.26,25.51,1222.75,287.24,1509.99,0,False,Entregada,Entrega realizada en tiempo,0
3304,25,30,42,29,2026-06-12,12:15:00,2026-06-12,17:23:00,2026-06-12,17:23:00,1.67,45,125.23,Diesel,10.76,26.22,1653.15,282.13,1935.28,0,False,Entregada,Entrega realizada en tiempo,0
3305,90,20,32,26,2026-02-14,13:47:00,2026-02-14,02:00:00,2026-02-15,02:00:00,0.28,26,339.69,Gasolina,46.09,23.14,2434.45,1066.52,3500.97,0,False,Entregada,Entrega realizada en tiempo,1
3306,14,6,8,22,2026-07-18,09:52:00,2026-07-18,10:28:00,2026-07-18,10:28:00,9.39,42,24.85,Diesel,3.63,26.06,1899.25,94.6,1993.85,0,False,Entregada,Entrega realizada en tiempo,0
3307,24,30,29,46,2026-05-20,20:34:00,2026-05-20,11:24:00,2026-05-21,11:24:00,1.3,23,410.46,Diesel,35.26,24.66,2866.3,869.51,3735.81,0,False,Entregada,Entrega realizada en tiempo,1
3308,57,18,35,38,2026-01-05,10:01:00,2026-01-05,23:29:00,2026-01-05,23:29:00,4.0,33,415.04,Diesel,38.86,25.08,3239.2,974.61,4213.81,0,False,Entregada,Entrega realizada en tiempo,1
3309,69,33,1,46,2026-07-14,18:07:00,2026-07-14,08:57:00,2026-07-15,08:57:00,0.98,70,400.6,Diesel,51.1,26.4,3161.0,1349.04,4510.04,0,False,Entregada,Entrega realizada en tiempo,1
3310,40,9,12,39,2026-02-26,14:44:00,2026-02-26,08:37:00,2026-02-27,08:37:00,0.35,43,446.93,Gasolina,36.54,25.3,3113.65,924.46,4038.11,0,False,Entregada,Entrega realizada en tiempo,1
3311,85,24,39,12,2026-01-12,13:47:00,2026-01-12,02:30:00,2026-01-13,02:30:00,2.2,46,398.55,Diesel,37.35,25.33,3080.75,946.08,4026.83,0,False,Entregada,Entrega realizada en tiempo,1
3312,57,32,39,39,2026-08-07,07:06:00,2026-08-07,00:59:00,2026-08-08,00:59:00,0.54,25,495.29,Gasolina,44.86,25.97,3230.45,1165.01,4395.46,0,False,Entregada,Entrega realizada en tiempo,1
3313,71,15,2,46,2026-03-20,13:29:00,2026-03-20,04:19:00,2026-03-21,04:19:00,0.39,53,394.11,Diesel,81.09,25.33,2933.55,2054.01,4987.56,0,False,Entregada,Entrega realizada en tiempo,1
3314,33,21,50,44,2026-01-27,07:24:00,2026-01-27,09:34:00,2026-01-27,09:34:00,1.08,1,66.31,Diesel,9.27,26.94,947.55,249.73,1197.28,0,False,Entregada,Entrega realizada en tiempo,0
3315,46,34,37,30,2026-01-10,08:56:00,2026-01-10,16:28:00,2026-01-10,16:28:00,0.82,45,194.82,Diesel,16.18,26.89,1916.1,435.08,2351.18,0,False,Entregada,Entrega realizada en tiempo,0
3316,24,8,50,14,2026-02-21,15:45:00,2026-02-21,18:08:00,2026-02-21,18:08:00,14.8,67,65.41,Diesel,6.99,25.13,2843.05,175.66,3018.71,0,False,Entregada,Entrega realizada en tiempo,0
3317,1,33,13,18,2026-04-28,16:43:00,2026-04-28,07:58:00,2026-04-29,08:36:00,2.52,10,407.12,Diesel,51.93,24.02,2867.6,1247.36,4114.96,38,True,Tardía,Distancia larga,1
3318,64,18,25,7,2026-07-09,08:47:00,2026-07-09,17:04:00,2026-07-09,17:04:00,0.56,32,307.96,Diesel,28.84,25.72,2351.8,741.76,3093.56,0,False,Entregada,Entrega realizada en tiempo,0
3319,97,31,37,39,2026-02-02,17:06:00,2026-02-02,10:59:00,2026-02-03,10:59:00,0.39,43,496.45,Diesel,70.52,26.81,3365.25,1890.64,5255.89,0,False,Entregada,Entrega realizada en tiempo,1
3320,29,14,34,44,2026-05-05,20:56:00,2026-05-05,23:06:00,2026-05-05,23:06:00,13.24,67,62.62,Diesel,6.75,26.65,2673.1,179.89,2852.99,0,False,Entregada,Entrega realizada en tiempo,0
3321,19,33,24,47,2026-06-14,20:55:00,2026-06-14,06:53:00,2026-06-15,06:53:00,2.98,79,338.04,Diesel,43.12,25.54,3120.2,1101.28,4221.48,0,False,Entregada,Entrega realizada en tiempo,1
3322,14,35,50,50,2026-03-08,10:36:00,2026-03-08,19:37:00,2026-03-08,19:37:00,0.56,60,262.14,Gasolina,35.38,23.73,2346.7,839.57,3186.27,0,False,Entregada,Entrega realizada en tiempo,0
3323,92,37,1,42,2026-01-02,18:15:00,2026-01-02,21:26:00,2026-01-02,21:26:00,4.26,64,100.74,Diesel,10.74,25.85,1941.7,277.63,2219.33,0,False,Entregada,Entrega realizada en tiempo,0
3324,79,20,51,18,2026-03-22,17:43:00,2026-03-22,08:58:00,2026-03-23,08:58:00,0.27,33,426.85,Gasolina,57.92,23.93,2925.25,1386.03,4311.28,0,False,Entregada,Entrega realizada en tiempo,1
3325,15,3,29,26,2026-05-29,09:47:00,2026-05-29,22:00:00,2026-05-29,22:59:00,17.46,55,333.25,Diesel,71.51,25.96,4352.25,1856.4,6208.65,59,True,Tardía,"Hora pico, Distancia larga",1
3326,39,29,54,23,2026-05-26,08:44:00,2026-05-26,18:05:00,2026-05-26,18:35:00,0.57,51,288.34,Diesel,30.13,25.02,2406.7,753.85,3160.55,30,True,Tardía,Hora pico,0
3327,84,33,14,40,2026-05-13,13:40:00,2026-05-13,01:14:00,2026-05-14,01:14:00,0.27,73,425.68,Diesel,54.3,25.39,3239.4,1378.68,4618.08,0,False,Entregada,Entrega realizada en tiempo,1
3328,78,37,28,24,2026-05-10,13:28:00,2026-05-10,22:05:00,2026-05-10,22:05:00,2.42,65,312.16,Diesel,33.28,26.77,2822.8,890.91,3713.71,0,False,Entregada,Entrega realizada en tiempo,1
3329,64,22,27,43,2026-07-24,20:04:00,2026-07-24,11:31:00,2026-07-25,11:31:00,0.27,49,470.67,Diesel,45.52,24.93,3272.35,1134.81,4407.16,0,False,Entregada,Entrega realizada en tiempo,1
3330,28,20,44,3,2026-05-06,09:03:00,2026-05-06,20:33:00,2026-05-06,20:33:00,0.72,57,401.23,Gasolina,54.44,23.29,3034.15,1267.91,4302.06,0,False,Entregada,Entrega realizada en tiempo,1
3331,88,30,30,25,2026-01-25,09:20:00,2026-01-25,18:46:00,2026-01-25,18:46:00,1.74,4,355.77,Diesel,30.56,24.01,2484.85,733.75,3218.6,0,False,Entregada,Entrega realizada en tiempo,0
3332,66,35,14,25,2026-05-30,09:09:00,2026-05-30,18:35:00,2026-05-30,19:35:00,1.3,25,344.6,Gasolina,46.5,23.71,2553.0,1102.52,3655.52,60,True,Tardía,"Hora pico, Distancia larga, Carga pesada",1
3333,25,27,38,38,2026-06-04,13:08:00,2026-06-04,02:36:00,2026-06-05,03:14:00,10.98,71,478.18,Diesel,61.46,24.26,4556.9,1491.02,6047.92,38,True,Tardía,"Tráfico alto, Distancia larga",1
3334,18,26,21,13,2026-02-10,17:15:00,2026-02-10,00:26:00,2026-02-11,00:26:00,0.58,41,250.14,Gasolina,35.68,25.13,2136.7,896.64,3033.34,0,False,Entregada,Entrega realizada en tiempo,0
3335,16,19,40,29,2026-02-09,11:38:00,2026-02-09,16:46:00,2026-02-09,17:17:00,1.14,7,139.72,Diesel,13.77,24.8,1368.6,341.5,1710.1,31,True,Tardía,Tráfico alto,0
3336,63,5,19,28,2026-07-22,13:56:00,2026-07-22,19:10:00,2026-07-22,19:10:00,3.61,5,192.74,Diesel,24.21,26.13,1864.7,632.61,2497.31,0,False,Entregada,Entrega realizada en tiempo,0
3337,41,24,23,45,2026-04-26,06:58:00,2026-04-26,19:09:00,2026-04-26,19:40:00,1.23,20,441.17,Diesel,41.35,25.41,2988.85,1050.7,4039.55,31,True,Tardía,Distancia larga,1
3338,10,13,27,20,2026-03-09,14:36:00,2026-03-09,04:52:00,2026-03-10,04:52:00,1.27,36,390.99,Gasolina,31.89,25.4,2869.95,810.01,3679.96,0,False,Entregada,Entrega realizada en tiempo,1
3339,15,11,7,36,2026-05-25,10:59:00,2026-05-25,04:20:00,2026-05-26,04:59:00,3.59,77,449.58,Diesel,94.05,25.43,3722.9,2391.69,6114.59,39,True,Tardía,Distancia larga,1
3340,94,1,54,27,2026-03-25,05:28:00,2026-03-25,15:54:00,2026-03-25,16:18:00,0.84,52,332.97,Gasolina,32.14,25.61,2664.85,823.11,3487.96,24,True,Tardía,Distancia larga,1
3341,70,16,42,46,2026-06-11,05:23:00,2026-06-11,20:13:00,2026-06-11,21:00:00,1.03,50,438.68,Gasolina,39.41,25.01,3196.4,985.64,4182.04,47,True,Tardía,"Distancia larga, Carga pesada",1
3342,33,24,24,21,2026-07-27,13:37:00,2026-07-27,14:15:00,2026-07-27,14:38:00,0.29,43,23.68,Diesel,2.22,24.64,991.4,54.7,1046.1,23,True,Tardía,Incidencia operativa,0
3343,43,28,1,32,2026-05-08,18:49:00,2026-05-08,02:59:00,2026-05-09,02:59:00,0.64,69,268.47,Diesel,39.37,26.02,2458.35,1024.41,3482.76,0,False,Entregada,Entrega realizada en tiempo,1
3344,28,15,42,9,2026-05-05,16:54:00,2026-05-05,21:22:00,2026-05-05,21:22:00,3.48,25,186.41,Diesel,38.36,25.8,1980.05,989.69,2969.74,0,False,Entregada,Entrega realizada en tiempo,0
3345,34,27,3,2,2026-05-14,09:44:00,2026-05-14,16:22:00,2026-05-14,16:22:00,8.38,32,259.37,Diesel,33.34,25.13,2890.85,837.83,3728.68,0,False,Entregada,Entrega realizada en tiempo,1
3346,85,10,28,37,2026-01-05,09:43:00,2026-01-05,14:14:00,2026-01-05,15:01:00,0.83,24,175.85,Gasolina,17.64,24.12,1654.25,425.48,2079.73,47,True,Tardía,Hora pico,0
3347,44,2,26,7,2026-04-28,06:27:00,2026-04-28,14:44:00,2026-04-28,15:24:00,0.71,60,338.87,Diesel,68.32,24.52,2745.35,1675.21,4420.56,40,True,Tardía,"Tráfico alto, Distancia larga",1
3348,8,14,38,14,2026-03-06,12:39:00,2026-03-06,15:02:00,2026-03-06,15:02:00,6.8,5,59.91,Diesel,6.46,25.8,1519.55,166.67,1686.22,0,False,Entregada,Entrega realizada en tiempo,0
3349,21,8,25,12,2026-07-06,07:35:00,2026-07-06,20:18:00,2026-07-06,20:18:00,2.08,25,421.81,Diesel,45.07,26.26,3017.05,1183.54,4200.59,0,False,Entregada,Entrega realizada en tiempo,1
3350,30,38,48,41,2026-08-07,07:47:00,2026-08-07,19:28:00,2026-08-07,20:53:00,0.69,77,418.18,Gasolina,35.53,23.34,3275.9,829.27,4105.17,85,True,Tardía,"Tráfico alto, Hora pico, Distancia larga",1
3351,44,15,2,31,2026-01-22,09:11:00,2026-01-22,20:19:00,2026-01-22,21:13:00,3.78,54,296.96,Diesel,61.1,25.53,2794.8,1559.88,4354.68,54,True,Tardía,"Tráfico alto, Hora pico, Carga pesada",1
3352,84,30,29,48,2026-03-13,09:29:00,2026-03-13,15:06:00,2026-03-13,16:17:00,1.62,7,140.06,Diesel,12.03,25.47,1418.3,306.4,1724.7,71,True,Tardía,"Tráfico alto, Hora pico",0
3353,70,35,57,29,2026-07-22,09:57:00,2026-07-22,15:05:00,2026-07-22,15:05:00,0.41,71,139.44,Gasolina,18.82,23.19,1806.2,436.44,2242.64,0,False,Entregada,Entrega realizada en tiempo,0
3354,25,10,11,45,2026-06-19,19:53:00,2026-06-19,08:04:00,2026-06-20,08:04:00,1.22,4,454.69,Gasolina,45.61,25.94,2927.45,1183.12,4110.57,0,False,Entregada,Entrega realizada en tiempo,1
3355,22,27,37,36,2026-01-14,12:16:00,2026-01-14,05:37:00,2026-01-15,05:37:00,10.37,54,448.47,Diesel,57.64,25.1,4211.35,1446.76,5658.11,0,False,Entregada,Entrega realizada en tiempo,1
3356,75,21,9,48,2026-08-14,11:31:00,2026-08-14,17:08:00,2026-08-14,17:59:00,0.2,53,145.98,Diesel,20.42,26.46,1673.9,540.31,2214.21,51,True,Tardía,Tráfico alto,0
3357,3,28,57,17,2026-04-23,08:44:00,2026-04-23,22:00:00,2026-04-23,22:00:00,0.37,33,332.19,Diesel,48.71,27.0,2461.95,1315.17,3777.12,0,False,Entregada,Entrega realizada en tiempo,1
3358,23,24,30,14,2026-04-26,20:29:00,2026-04-26,22:52:00,2026-04-26,22:52:00,1.97,33,60.39,Diesel,5.66,25.64,1262.95,145.12,1408.07,0,False,Entregada,Entrega realizada en tiempo,0
3359,69,17,1,29,2026-01-01,11:26:00,2026-01-01,16:34:00,2026-01-01,16:34:00,1.98,41,131.27,Diesel,23.32,25.37,1682.35,591.63,2273.98,0,False,Entregada,Entrega realizada en tiempo,0
3360,7,28,6,10,2026-06-07,19:32:00,2026-06-07,12:04:00,2026-06-08,13:19:00,0.91,78,416.9,Diesel,61.13,25.57,3299.5,1563.09,4862.59,75,True,Tardía,"Tráfico alto, Hora pico, Distancia larga, Carga pesada",1
3361,77,9,33,10,2026-04-13,07:45:00,2026-04-13,00:17:00,2026-04-14,01:11:00,0.27,49,426.51,Gasolina,34.87,23.59,3051.55,822.58,3874.13,54,True,Tardía,"Tráfico alto, Hora pico, Distancia larga",1
3362,64,5,42,34,2026-04-19,06:21:00,2026-04-19,09:55:00,2026-04-19,09:55:00,7.25,50,149.19,Diesel,18.74,25.19,2370.95,472.06,2843.01,0,False,Entregada,Entrega realizada en tiempo,0
3363,66,1,51,13,2026-01-20,15:24:00,2026-01-20,22:35:00,2026-01-20,22:35:00,1.39,40,282.91,Gasolina,27.31,25.91,2373.55,707.6,3081.15,0,False,Entregada,Entrega realizada en tiempo,0
3364,74,24,41,5,2026-02-06,17:37:00,2026-02-06,01:29:00,2026-02-07,02:05:00,1.94,68,333.38,Diesel,31.24,24.4,2904.9,762.26,3667.16,36,True,Tardía,"Hora pico, Distancia larga",1
3365,88,24,16,24,2026-06-22,11:05:00,2026-06-22,19:42:00,2026-06-22,19:42:00,1.28,52,287.73,Diesel,26.97,24.25,2482.65,654.02,3136.67,0,False,Entregada,Entrega realizada en tiempo,0
3366,78,6,40,36,2026-06-24,11:35:00,2026-06-24,04:56:00,2026-06-25,04:56:00,11.49,3,435.73,Diesel,63.7,24.01,3851.65,1529.44,5381.09,0,False,Entregada,Entrega realizada en tiempo,1
3367,90,8,31,1,2026-06-27,19:49:00,2026-06-27,02:08:00,2026-06-28,02:08:00,3.62,52,193.0,Diesel,20.62,26.7,2243.0,550.55,2793.55,0,False,Entregada,Entrega realizada en tiempo,0
3368,47,11,3,31,2026-04-30,08:46:00,2026-04-30,19:54:00,2026-04-30,20:50:00,2.53,8,310.96,Diesel,65.05,24.67,2371.8,1604.78,3976.58,56,True,Tardía,"Tráfico alto, Hora pico, Distancia larga",1
3369,71,38,24,47,2026-04-24,15:28:00,2026-04-24,01:26:00,2026-04-25,01:26:00,0.7,20,334.68,Gasolina,28.44,23.88,2403.4,679.15,3082.55,0,False,Entregada,Entrega realizada en tiempo,0
3370,11,4,21,5,2026-01-24,06:59:00,2026-01-24,14:51:00,2026-01-24,14:51:00,1.46,74,312.28,Gasolina,52.48,23.15,2799.4,1214.91,4014.31,0,False,Entregada,Entrega realizada en tiempo,1
3371,61,4,53,7,2026-05-08,20:47:00,2026-05-08,05:04:00,2026-05-09,05:45:00,0.88,47,314.53,Gasolina,52.86,23.14,2536.65,1223.18,3759.83,41,True,Tardía,"Tráfico alto, Distancia larga",1
3372,45,19,37,31,2026-02-11,10:45:00,2026-02-11,21:53:00,2026-02-11,22:25:00,5.14,80,322.51,Diesel,31.77,25.86,3266.55,821.57,4088.12,32,True,Tardía,"Tráfico alto, Distancia larga",1
3373,61,24,58,40,2026-07-22,18:17:00,2026-07-22,05:51:00,2026-07-23,05:51:00,1.07,59,417.43,Diesel,39.12,25.96,3166.15,1015.56,4181.71,0,False,Entregada,Entrega realizada en tiempo,1
3374,43,15,56,39,2026-04-19,13:38:00,2026-04-19,07:31:00,2026-04-20,07:31:00,0.79,58,495.14,Diesel,101.88,24.76,3518.7,2522.55,6041.25,0,False,Entregada,Entrega realizada en tiempo,1
3375,98,11,23,10,2026-04-09,11:42:00,2026-04-09,04:14:00,2026-04-10,05:02:00,3.34,22,457.67,Diesel,95.75,24.34,3298.35,2330.55,5628.9,48,True,Tardía,"Tráfico alto, Distancia larga",1
3376,100,14,29,19,2026-01-11,14:05:00,2026-01-11,21:54:00,2026-01-11,21:54:00,0.76,25,293.42,Diesel,31.62,26.81,2243.1,847.73,3090.83,0,False,Entregada,Entrega realizada en tiempo,0
3377,79,15,56,29,2026-07-22,16:50:00,2026-07-22,21:58:00,2026-07-22,21:58:00,2.12,51,140.62,Diesel,28.93,26.31,1823.1,761.15,2584.25,0,False,Entregada,Entrega realizada en tiempo,0
3378,88,39,29,25,2026-05-17,08:47:00,2026-05-17,18:13:00,2026-05-17,18:13:00,0.74,49,370.6,Gasolina,29.91,23.01,2819.0,688.23,3507.23,0,False,Entregada,Entrega realizada en tiempo,1
3379,68,21,22,32,2026-07-16,07:51:00,2026-07-16,16:01:00,2026-07-16,16:01:00,0.95,59,247.49,Diesel,34.61,25.97,2304.45,898.82,3203.27,0,False,Entregada,Entrega realizada en tiempo,0
3380,47,34,20,40,2026-07-05,15:33:00,2026-07-05,03:07:00,2026-07-06,03:31:00,2.09,66,429.54,Diesel,35.68,25.55,3384.7,911.62,4296.32,24,True,Tardía,Distancia larga,1
3381,28,22,33,26,2026-02-13,12:47:00,2026-02-13,01:00:00,2026-02-14,01:00:00,2.54,6,385.29,Diesel,37.26,25.33,2728.45,943.8,3672.25,0,False,Entregada,Entrega realizada en tiempo,1
3382,34,22,2,37,2026-06-08,20:27:00,2026-06-08,00:58:00,2026-06-09,00:58:00,8.83,27,204.01,Diesel,19.73,25.12,2619.05,495.62,3114.67,0,False,Entregada,Entrega realizada en tiempo,0
3383,32,21,10,29,2026-07-08,08:06:00,2026-07-08,13:14:00,2026-07-08,14:07:00,1.01,15,135.59,Diesel,18.96,26.4,1398.95,500.54,1899.49,53,True,Tardía,"Tráfico alto, Hora pico",0
3384,10,35,17,27,2026-06-23,16:57:00,2026-06-23,03:23:00,2026-06-24,03:23:00,1.09,66,295.56,Gasolina,39.89,25.0,2614.8,997.25,3612.05,0,False,Entregada,Entrega realizada en tiempo,1
3385,94,21,39,15,2026-07-29,09:04:00,2026-07-29,23:32:00,2026-07-29,23:32:00,1.13,32,389.61,Diesel,54.49,25.73,2817.05,1402.03,4219.08,0,False,Entregada,Entrega realizada en tiempo,1
3386,16,33,43,14,2026-01-14,17:46:00,2026-01-14,20:09:00,2026-01-14,20:09:00,2.01,26,58.89,Diesel,7.51,26.08,1203.45,195.86,1399.31,0,False,Entregada,Entrega realizada en tiempo,0
3387,69,1,57,49,2026-01-11,08:09:00,2026-01-11,23:57:00,2026-01-12,01:02:00,0.47,54,401.88,Gasolina,38.79,24.99,2988.4,969.36,3957.76,65,True,Tardía,"Hora pico, Distancia larga",1
3388,18,1,22,22,2026-03-17,20:52:00,2026-03-17,21:28:00,2026-03-17,21:28:00,0.83,21,23.84,Gasolina,2.3,24.55,870.2,56.46,926.66,0,False,Entregada,Entrega realizada en tiempo,0
3389,62,36,56,7,2026-07-03,08:04:00,2026-07-03,16:21:00,2026-07-03,17:43:00,0.74,37,312.51,Diesel,36.85,25.34,2432.55,933.78,3366.33,82,True,Tardía,"Tráfico alto, Hora pico, Distancia larga",1
3390,50,1,19,12,2026-05-30,10:59:00,2026-05-30,23:42:00,2026-05-30,23:42:00,0.47,59,395.48,Gasolina,38.17,24.45,2996.4,933.26,3929.66,0,False,Entregada,Entrega realizada en tiempo,1
3391,71,17,44,31,2026-07-23,09:05:00,2026-07-23,20:13:00,2026-07-23,21:27:00,6.11,34,309.26,Diesel,54.93,25.61,2929.3,1406.76,4336.06,74,True,Tardía,"Tráfico alto, Hora pico, Distancia larga",1
3392,35,23,52,10,2026-06-09,09:27:00,2026-06-09,01:59:00,2026-06-10,01:59:00,1.36,58,424.77,Gasolina,77.8,25.52,3223.85,1985.46,5209.31,0,False,Entregada,Entrega realizada en tiempo,1
3393,80,33,34,42,2026-06-08,17:37:00,2026-06-08,20:48:00,2026-06-08,20:48:00,2.98,70,96.28,Diesel,12.28,26.82,1839.4,329.35,2168.75,0,False,Entregada,Entrega realizada en tiempo,0
3394,43,19,18,22,2026-05-12,11:56:00,2026-05-12,12:32:00,2026-05-12,12:32:00,3.8,58,23.95,Diesel,2.36,26.9,1463.75,63.48,1527.23,0,False,Entregada,Entrega realizada en tiempo,0
3395,31,18,1,8,2026-06-06,08:46:00,2026-06-06,16:19:00,2026-06-06,16:19:00,0.27,75,201.35,Diesel,18.85,26.95,2133.75,508.01,2641.76,0,False,Entregada,Entrega realizada en tiempo,0
3396,54,1,45,22,2026-06-04,16:11:00,2026-06-04,16:47:00,2026-06-04,16:47:00,1.1,59,22.45,Gasolina,2.17,25.97,1194.25,56.35,1250.6,0,False,Entregada,Entrega realizada en tiempo,0
3397,90,38,14,17,2026-04-07,10:33:00,2026-04-07,23:49:00,2026-04-08,00:16:00,0.27,78,321.59,Gasolina,27.32,25.52,2758.95,697.21,3456.16,27,True,Tardía,Distancia larga,1
3398,68,19,51,19,2026-05-03,10:27:00,2026-05-03,18:16:00,2026-05-03,18:16:00,7.07,45,322.08,Diesel,31.73,26.76,3177.4,849.09,4026.49,0,False,Entregada,Entrega realizada en tiempo,1
3399,9,24,27,36,2026-07-25,15:08:00,2026-07-25,08:29:00,2026-07-26,08:29:00,0.48,17,433.46,Diesel,40.62,24.72,2851.3,1004.13,3855.43,0,False,Entregada,Entrega realizada en tiempo,1
3400,8,30,2,43,2026-04-18,13:39:00,2026-04-18,05:06:00,2026-04-19,05:06:00,1.55,33,472.04,Diesel,40.55,26.6,3279.2,1078.63,4357.83,0,False,Entregada,Entrega realizada en tiempo,1
3401,30,7,25,3,2026-02-03,08:28:00,2026-02-03,19:58:00,2026-02-03,20:39:00,0.43,39,378.17,Diesel,62.0,26.88,2745.85,1666.56,4412.41,41,True,Tardía,"Hora pico, Distancia larga",1
3402,23,32,5,35,2026-04-16,09:18:00,2026-04-16,17:37:00,2026-04-16,17:37:00,0.93,39,283.22,Gasolina,25.65,25.62,2321.1,657.15,2978.25,0,False,Entregada,Entrega realizada en tiempo,0
3403,54,13,56,5,2026-07-24,08:08:00,2026-07-24,16:00:00,2026-07-24,16:40:00,0.56,10,355.5,Gasolina,29.0,24.67,2413.5,715.43,3128.93,40,True,Tardía,"Hora pico, Distancia larga",0
3404,63,35,49,4,2026-04-12,16:04:00,2026-04-12,17:22:00,2026-04-12,17:22:00,0.9,41,37.62,Gasolina,5.08,23.9,1106.1,121.41,1227.51,0,False,Entregada,Entrega realizada en tiempo,0
3405,80,33,22,33,2026-04-13,15:14:00,2026-04-13,19:05:00,2026-04-13,19:05:00,0.44,46,99.34,Diesel,12.67,26.13,1408.7,331.07,1739.77,0,False,Entregada,Entrega realizada en tiempo,0
3406,38,6,34,2,2026-02-12,20:43:00,2026-02-12,03:21:00,2026-02-13,03:35:00,3.01,67,282.0,Diesel,41.23,24.23,2747.0,999.0,3746.0,14,True,Tardía,Incidencia operativa,1
3407,22,34,46,35,2026-04-08,16:37:00,2026-04-08,00:56:00,2026-04-09,00:56:00,6.75,6,325.54,Diesel,27.04,24.95,2850.7,674.65,3525.35,0,False,Entregada,Entrega realizada en tiempo,0
3408,79,18,25,38,2026-07-02,19:48:00,2026-07-02,09:16:00,2026-07-03,10:45:00,3.77,40,432.43,Diesel,40.49,26.65,3359.15,1079.06,4438.21,89,True,Tardía,"Tráfico alto, Hora pico, Distancia larga, Carga pesada",1
3409,43,10,3,16,2026-01-21,10:53:00,2026-01-21,15:59:00,2026-01-21,15:59:00,0.45,22,174.64,Gasolina,17.52,24.62,1594.2,431.34,2025.54,0,False,Entregada,Entrega realizada en tiempo,0
3410,59,6,51,47,2026-07-13,09:13:00,2026-07-13,19:11:00,2026-07-13,19:11:00,10.61,21,357.78,Diesel,52.31,24.62,3517.9,1287.87,4805.77,0,False,Entregada,Entrega realizada en tiempo,1
3411,56,25,34,28,2026-03-17,08:50:00,2026-03-17,14:04:00,2026-03-17,14:04:00,0.92,57,193.89,Diesel,41.25,26.25,2017.45,1082.81,3100.26,0,False,Entregada,Entrega realizada en tiempo,0
3412,70,25,9,28,2026-05-19,13:11:00,2026-05-19,18:25:00,2026-05-19,18:25:00,6.42,61,201.54,Diesel,42.88,25.39,2637.7,1088.72,3726.42,0,False,Entregada,Entrega realizada en tiempo,1
3413,49,2,47,16,2026-02-08,05:32:00,2026-02-08,10:38:00,2026-02-08,10:38:00,2.19,62,175.2,Diesel,35.32,24.68,2091.0,871.7,2962.7,0,False,Entregada,Entrega realizada en tiempo,0
3414,35,29,6,48,2026-01-02,16:11:00,2026-01-02,21:48:00,2026-01-02,22:38:00,1.63,69,150.92,Diesel,15.77,25.9,1969.6,408.44,2378.04,50,True,Tardía,"Tráfico alto, Carga pesada",0
3415,97,24,31,16,2026-03-29,16:11:00,2026-03-29,21:17:00,2026-03-29,21:17:00,1.26,25,159.83,Diesel,14.98,24.39,1625.15,365.36,1990.51,0,False,Entregada,Entrega realizada en tiempo,0
3416,58,32,42,46,2026-07-16,06:03:00,2026-07-16,20:53:00,2026-07-16,20:53:00,0.43,33,403.19,Gasolina,36.52,24.02,2822.95,877.21,3700.16,0,False,Entregada,Entrega realizada en tiempo,1
3417,46,38,31,14,2026-01-16,08:49:00,2026-01-16,11:12:00,2026-01-16,11:58:00,1.0,60,60.42,Gasolina,5.13,24.65,1382.1,126.45,1508.55,46,True,Tardía,"Hora pico, Carga pesada",0
3418,58,2,20,46,2026-02-11,11:02:00,2026-02-11,01:52:00,2026-02-12,01:52:00,7.7,20,430.74,Diesel,86.84,25.01,3583.7,2171.87,5755.57,0,False,Entregada,Entrega realizada en tiempo,1
3419,53,34,39,47,2026-07-22,10:37:00,2026-07-22,20:35:00,2026-07-22,20:35:00,2.76,58,337.3,Diesel,28.01,26.95,2926.5,754.87,3681.37,0,False,Entregada,Entrega realizada en tiempo,1
3420,84,3,19,7,2026-01-27,16:30:00,2026-01-27,00:47:00,2026-01-28,00:47:00,16.91,72,334.11,Diesel,71.7,26.86,4437.55,1925.86,6363.41,0,False,Entregada,Entrega realizada en tiempo,1
3421,47,38,27,41,2026-07-20,12:25:00,2026-07-20,00:06:00,2026-07-21,01:05:00,0.73,59,418.34,Gasolina,35.54,24.83,3136.7,882.46,4019.16,59,True,Tardía,"Tráfico alto, Distancia larga",1
3422,39,18,33,43,2026-03-09,16:31:00,2026-03-09,07:58:00,2026-03-10,07:58:00,0.69,30,481.35,Diesel,45.07,26.14,3215.75,1178.13,4393.88,0,False,Entregada,Entrega realizada en tiempo,1
3423,80,5,45,11,2026-03-14,20:38:00,2026-03-14,01:20:00,2026-03-15,01:20:00,1.45,43,144.65,Diesel,18.17,25.4,1712.25,461.52,2173.77,0,False,Entregada,Entrega realizada en tiempo,0
3424,89,29,2,1,2026-06-18,16:57:00,2026-06-18,23:16:00,2026-06-18,23:16:00,0.63,21,202.51,Diesel,21.16,25.84,1743.55,546.77,2290.32,0,False,Entregada,Entrega realizada en tiempo,0
3425,41,38,54,38,2026-06-23,11:10:00,2026-06-23,00:38:00,2026-06-24,01:31:00,0.81,54,461.42,Gasolina,39.2,24.91,3320.1,976.47,4296.57,53,True,Tardía,"Tráfico alto, Distancia larga",1
3426,77,21,14,4,2026-01-22,08:45:00,2026-01-22,10:03:00,2026-01-22,10:03:00,0.54,7,38.98,Diesel,5.45,26.87,804.9,146.44,951.34,0,False,Entregada,Entrega realizada en tiempo,0
3427,74,33,2,45,2026-01-31,10:46:00,2026-01-31,22:57:00,2026-01-31,22:57:00,2.44,65,492.07,Diesel,62.76,26.6,3724.35,1669.42,5393.77,0,False,Entregada,Entrega realizada en tiempo,1
3428,49,10,35,15,2026-03-05,14:27:00,2026-03-05,04:55:00,2026-03-06,04:55:00,0.34,71,465.19,Gasolina,46.66,23.96,3427.95,1117.97,4545.92,0,False,Entregada,Entrega realizada en tiempo,1
3429,71,5,3,35,2026-06-22,05:07:00,2026-06-22,13:26:00,2026-06-22,13:26:00,8.59,47,298.76,Diesel,37.53,24.62,3228.8,923.99,4152.79,0,False,Entregada,Entrega realizada en tiempo,1
3430,36,13,21,26,2026-04-28,05:08:00,2026-04-28,17:21:00,2026-04-28,17:21:00,1.67,58,359.29,Gasolina,29.31,24.53,2927.45,718.97,3646.42,0,False,Entregada,Entrega realizada en tiempo,1
3431,59,5,21,25,2026-04-04,16:42:00,2026-04-04,02:08:00,2026-04-05,02:08:00,4.55,80,330.44,Diesel,41.51,26.09,3247.2,1083.0,4330.2,0,False,Entregada,Entrega realizada en tiempo,1
3432,75,19,23,32,2026-03-29,13:39:00,2026-03-29,21:49:00,2026-03-29,21:49:00,4.52,73,258.79,Diesel,25.5,25.1,2829.95,640.05,3470.0,0,False,Entregada,Entrega realizada en tiempo,0
3433,44,21,58,42,2026-03-03,15:08:00,2026-03-03,18:19:00,2026-03-03,18:19:00,0.84,73,99.92,Diesel,13.97,24.25,1667.6,338.77,2006.37,0,False,Entregada,Entrega realizada en tiempo,0
3434,15,20,33,24,2026-08-13,12:57:00,2026-08-13,21:34:00,2026-08-13,21:34:00,1.21,10,328.04,Gasolina,44.51,24.87,2341.2,1106.96,3448.16,0,False,Entregada,Entrega realizada en tiempo,1
3435,21,21,9,48,2026-08-07,14:09:00,2026-08-07,19:46:00,2026-08-07,19:46:00,0.28,8,164.07,Diesel,22.95,26.68,1412.35,612.31,2024.66,0,False,Entregada,Entrega realizada en tiempo,0
3436,100,34,42,33,2026-02-11,07:25:00,2026-02-11,11:16:00,2026-02-11,11:52:00,7.42,41,104.21,Diesel,8.66,25.89,2091.05,224.21,2315.26,36,True,Tardía,Hora pico,0
3437,24,6,20,24,2026-05-06,12:45:00,2026-05-06,21:22:00,2026-05-06,21:22:00,2.97,38,314.34,Diesel,45.96,24.18,2672.7,1111.31,3784.01,0,False,Entregada,Entrega realizada en tiempo,1
3438,27,3,51,43,2026-02-04,18:40:00,2026-02-04,10:07:00,2026-02-05,10:07:00,20.26,50,433.4,Diesel,93.0,26.65,5093.0,2478.45,7571.45,0,False,Entregada,Entrega realizada en tiempo,1
3439,60,13,2,33,2026-07-07,20:09:00,2026-07-07,00:00:00,2026-07-08,00:00:00,1.54,39,100.77,Gasolina,8.22,23.57,1469.85,193.75,1663.6,0,False,Entregada,Entrega realizada en tiempo,0
3440,94,24,44,16,2026-02-14,07:50:00,2026-02-14,12:56:00,2026-02-14,12:56:00,1.24,22,190.37,Diesel,17.84,24.85,1751.85,443.32,2195.17,0,False,Entregada,Entrega realizada en tiempo,0
3441,37,1,48,45,2026-02-14,09:49:00,2026-02-14,22:00:00,2026-02-14,22:48:00,1.33,56,442.2,Gasolina,42.68,23.27,3292.0,993.16,4285.16,48,True,Tardía,"Hora pico, Distancia larga",1
3442,92,6,53,36,2026-01-10,14:45:00,2026-01-10,08:06:00,2026-01-11,08:06:00,5.95,22,423.01,Diesel,61.84,25.72,3386.05,1590.52,4976.57,0,False,Entregada,Entrega realizada en tiempo,1
3443,75,37,4,46,2026-01-07,12:59:00,2026-01-07,03:49:00,2026-01-08,03:49:00,2.12,62,439.39,Diesel,46.84,24.76,3404.95,1159.76,4564.71,0,False,Entregada,Entrega realizada en tiempo,1
3444,18,16,58,10,2026-03-25,12:26:00,2026-03-25,04:58:00,2026-03-26,05:47:00,0.98,2,415.79,Gasolina,37.36,23.61,2692.95,882.07,3575.02,49,True,Tardía,"Tráfico alto, Distancia larga",1
3445,39,15,17,33,2026-07-01,14:30:00,2026-07-01,18:21:00,2026-07-01,19:05:00,3.83,9,111.07,Diesel,22.85,25.87,1510.35,591.13,2101.48,44,True,Tardía,Carga pesada,0
3446,89,12,58,30,2026-04-20,20:26:00,2026-04-20,03:58:00,2026-04-21,03:58:00,0.52,12,198.55,Gasolina,28.4,23.72,1640.75,673.65,2314.4,0,False,Entregada,Entrega realizada en tiempo,0
3447,17,8,50,8,2026-02-08,05:49:00,2026-02-08,13:22:00,2026-02-08,13:22:00,13.81,22,197.85,Diesel,21.14,26.65,3046.25,563.38,3609.63,0,False,Entregada,Entrega realizada en tiempo,0
3448,91,14,33,6,2026-02-27,06:05:00,2026-02-27,12:59:00,2026-02-27,12:59:00,13.54,38,252.45,Diesel,27.2,24.92,3420.25,677.82,4098.07,0,False,Entregada,Entrega realizada en tiempo,1
3449,5,11,40,34,2026-06-04,06:35:00,2026-06-04,10:09:00,2026-06-04,10:09:00,1.65,70,156.57,Diesel,32.76,26.13,2007.85,856.02,2863.87,0,False,Entregada,Entrega realizada en tiempo,0
3450,75,25,44,27,2026-03-19,14:10:00,2026-03-19,00:36:00,2026-03-20,00:36:00,6.09,25,295.57,Diesel,62.89,25.72,2786.85,1617.53,4404.38,0,False,Entregada,Entrega realizada en tiempo,1
3451,87,37,56,38,2026-01-10,19:09:00,2026-01-10,08:37:00,2026-01-11,08:37:00,3.79,9,476.39,Diesel,50.79,24.58,3332.95,1248.42,4581.37,0,False,Entregada,Entrega realizada en tiempo,1
3452,51,36,47,45,2026-02-22,08:28:00,2026-02-22,20:39:00,2026-02-22,21:56:00,7.08,20,456.33,Diesel,53.81,24.16,3649.65,1300.05,4949.7,77,True,Tardía,"Hora pico, Distancia larga, Carga pesada",1
3453,39,5,59,31,2026-01-22,05:54:00,2026-01-22,17:02:00,2026-01-22,17:02:00,1.48,28,307.03,Diesel,38.57,26.71,2407.15,1030.2,3437.35,0,False,Entregada,Entrega realizada en tiempo,1
3454,12,40,8,33,2026-07-23,18:18:00,2026-07-23,22:09:00,2026-07-23,22:09:00,1.54,5,118.17,Diesel,18.46,26.6,1284.85,491.04,1775.89,0,False,Entregada,Entrega realizada en tiempo,0
3455,15,16,47,14,2026-07-20,09:01:00,2026-07-20,11:24:00,2026-07-20,12:05:00,0.38,32,60.06,Gasolina,5.4,24.1,1094.3,130.14,1224.44,41,True,Tardía,Hora pico,0
3456,4,32,5,17,2026-05-13,18:49:00,2026-05-13,08:05:00,2026-05-14,09:05:00,0.53,51,341.01,Gasolina,30.89,25.25,2666.05,779.97,3446.02,60,True,Tardía,"Hora pico, Distancia larga",1
3457,20,23,46,42,2026-04-28,08:14:00,2026-04-28,11:25:00,2026-04-28,11:25:00,1.45,10,96.71,Gasolina,17.71,25.27,1208.55,447.53,1656.08,0,False,Entregada,Entrega realizada en tiempo,0
3458,27,8,26,2,2026-08-02,09:42:00,2026-08-02,16:20:00,2026-08-02,16:20:00,4.04,64,251.24,Diesel,26.84,25.51,2672.2,684.69,3356.89,0,False,Entregada,Entrega realizada en tiempo,0
3459,10,6,42,43,2026-07-10,06:20:00,2026-07-10,21:47:00,2026-07-10,21:47:00,6.04,57,413.88,Diesel,60.51,26.91,3629.4,1628.32,5257.72,0,False,Entregada,Entrega realizada en tiempo,1
3460,25,37,40,25,2026-08-09,09:03:00,2026-08-09,18:29:00,2026-08-09,18:29:00,3.06,55,346.84,Diesel,36.98,25.38,2980.2,938.55,3918.75,0,False,Entregada,Entrega realizada en tiempo,1
3461,2,23,39,39,2026-03-13,15:58:00,2026-03-13,09:51:00,2026-03-14,09:51:00,1.32,77,495.58,Gasolina,90.77,25.9,3725.9,2350.94,6076.84,0,False,Entregada,Entrega realizada en tiempo,1
3462,51,39,16,46,2026-02-05,10:13:00,2026-02-05,01:03:00,2026-02-06,01:51:00,1.14,60,452.58,Gasolina,36.53,23.95,3356.9,874.89,4231.79,48,True,Tardía,"Distancia larga, Carga pesada",1
3463,2,2,38,32,2026-08-10,07:17:00,2026-08-10,15:27:00,2026-08-10,15:27:00,4.18,7,230.54,Diesel,46.48,24.59,2126.7,1142.94,3269.64,0,False,Entregada,Entrega realizada en tiempo,0
3464,24,14,20,14,2026-08-05,05:51:00,2026-08-05,08:14:00,2026-08-05,08:14:00,8.49,52,67.77,Diesel,7.3,25.6,2103.85,186.88,2290.73,0,False,Entregada,Entrega realizada en tiempo,0
3465,63,19,19,45,2026-05-19,19:35:00,2026-05-19,07:46:00,2026-05-20,07:46:00,7.43,25,500.04,Diesel,49.27,25.95,3943.2,1278.56,5221.76,0,False,Entregada,Entrega realizada en tiempo,1
3466,32,30,22,39,2026-07-07,05:53:00,2026-07-07,23:46:00,2026-07-07,23:46:00,0.45,74,496.43,Diesel,42.65,24.43,3619.15,1041.94,4661.09,0,False,Entregada,Entrega realizada en tiempo,1
3467,42,35,54,45,2026-02-06,14:35:00,2026-02-06,02:46:00,2026-02-07,02:46:00,0.69,44,424.26,Gasolina,57.26,24.07,3042.3,1378.25,4420.55,0,False,Entregada,Entrega realizada en tiempo,1
3468,15,14,40,50,2026-01-30,16:50:00,2026-01-30,01:51:00,2026-01-31,01:51:00,12.34,4,226.04,Diesel,24.36,26.76,2896.2,651.87,3548.07,0,False,Entregada,Entrega realizada en tiempo,0
3469,67,11,50,49,2026-03-02,16:31:00,2026-03-02,08:19:00,2026-03-03,08:19:00,4.66,70,399.8,Diesel,83.64,24.62,3525.0,2059.22,5584.22,0,False,Entregada,Entrega realizada en tiempo,1
3470,91,32,13,26,2026-08-13,09:09:00,2026-08-13,21:22:00,2026-08-13,21:22:00,0.59,31,365.76,Gasolina,33.13,23.1,2635.8,765.3,3401.1,0,False,Entregada,Entrega realizada en tiempo,1
3471,89,16,27,17,2026-04-23,14:33:00,2026-04-23,03:49:00,2026-04-24,03:49:00,1.07,40,359.52,Gasolina,32.3,25.7,2724.6,830.11,3554.71,0,False,Entregada,Entrega realizada en tiempo,1
3472,36,34,28,48,2026-05-03,11:06:00,2026-05-03,16:43:00,2026-05-03,17:09:00,7.04,51,162.89,Diesel,13.53,24.12,2426.45,326.34,2752.79,26,True,Tardía,Tráfico alto,0
3473,30,7,30,22,2026-03-30,09:36:00,2026-03-30,10:12:00,2026-03-30,10:12:00,5.03,57,21.6,Diesel,3.54,24.11,1567.0,85.35,1652.35,0,False,Entregada,Entrega realizada en tiempo,0
3474,34,23,33,20,2026-01-02,19:06:00,2026-01-02,09:22:00,2026-01-03,09:22:00,1.03,15,409.18,Gasolina,74.94,23.81,2768.9,1784.32,4553.22,0,False,Entregada,Entrega realizada en tiempo,1
3475,11,24,29,12,2026-05-20,08:45:00,2026-05-20,21:28:00,2026-05-20,21:28:00,0.3,40,402.5,Diesel,37.72,26.11,2862.5,984.87,3847.37,0,False,Entregada,Entrega realizada en tiempo,1
3476,9,5,27,35,2026-04-08,08:06:00,2026-04-08,16:25:00,2026-04-08,16:57:00,8.33,40,292.37,Diesel,36.73,24.23,3114.85,889.97,4004.82,32,True,Tardía,"Hora pico, Carga pesada",1
3477,67,39,11,26,2026-07-11,05:50:00,2026-07-11,18:03:00,2026-07-11,18:03:00,1.03,43,382.14,Gasolina,30.84,25.13,2857.7,775.01,3632.71,0,False,Entregada,Entrega realizada en tiempo,1
3478,35,25,23,17,2026-02-14,15:32:00,2026-02-14,04:48:00,2026-02-15,05:30:00,10.15,32,333.18,Diesel,70.89,25.36,3436.9,1797.77,5234.67,42,True,Tardía,"Distancia larga, Carga pesada",1
3479,35,2,13,19,2026-08-13,11:40:00,2026-08-13,19:29:00,2026-08-13,20:20:00,14.91,41,300.25,Diesel,60.53,25.23,3820.25,1527.17,5347.42,51,True,Tardía,"Distancia larga, Carga pesada",1
3480,55,2,1,15,2026-01-02,07:05:00,2026-01-02,21:33:00,2026-01-02,21:33:00,9.19,77,390.93,Diesel,78.82,25.93,3989.65,2043.8,6033.45,0,False,Entregada,Entrega realizada en tiempo,1
3481,18,10,32,50,2026-02-08,10:33:00,2026-02-08,19:34:00,2026-02-08,19:34:00,0.26,49,257.82,Gasolina,25.86,24.41,2207.1,631.24,2838.34,0,False,Entregada,Entrega realizada en tiempo,0
3482,35,9,45,7,2026-06-16,17:47:00,2026-06-16,02:04:00,2026-06-17,03:09:00,0.59,27,297.79,Gasolina,24.35,24.1,2263.95,586.84,2850.79,65,True,Tardía,"Tráfico alto, Hora pico",0
3483,8,38,21,44,2026-06-11,17:01:00,2026-06-11,19:11:00,2026-06-11,19:45:00,0.36,75,66.98,Gasolina,5.69,24.72,1470.9,140.66,1611.56,34,True,Tardía,Hora pico,0
3484,53,24,3,35,2026-01-30,07:12:00,2026-01-30,15:31:00,2026-01-30,15:31:00,0.2,53,330.63,Diesel,30.99,26.37,2597.15,817.21,3414.36,0,False,Entregada,Entrega realizada en tiempo,0
3485,97,2,16,18,2026-07-28,19:40:00,2026-07-28,10:55:00,2026-07-29,10:55:00,1.49,33,396.75,Diesel,79.99,24.57,2896.75,1965.35,4862.1,0,False,Entregada,Entrega realizada en tiempo,1
3486,96,31,53,30,2026-01-09,05:44:00,2026-01-09,13:16:00,2026-01-09,13:16:00,0.77,54,197.91,Diesel,28.11,25.46,1998.55,715.68,2714.23,0,False,Entregada,Entrega realizada en tiempo,0
3487,74,22,46,43,2026-05-28,13:56:00,2026-05-28,05:23:00,2026-05-29,05:23:00,3.56,16,428.53,Diesel,41.44,24.54,3126.65,1016.94,4143.59,0,False,Entregada,Entrega realizada en tiempo,1
3488,46,17,19,40,2026-07-11,15:27:00,2026-07-11,03:01:00,2026-07-12,03:34:00,9.14,74,417.08,Diesel,74.08,26.53,4091.4,1965.34,6056.74,33,True,Tardía,"Distancia larga, Carga pesada",1
3489,90,23,55,28,2026-02-03,18:21:00,2026-02-03,23:35:00,2026-02-03,23:35:00,0.24,22,184.54,Gasolina,33.8,25.9,1622.7,875.42,2498.12,0,False,Entregada,Entrega realizada en tiempo,0
3490,15,27,60,48,2026-07-03,07:41:00,2026-07-03,13:18:00,2026-07-03,14:39:00,23.81,58,147.74,Diesel,18.99,26.35,4083.7,500.39,4584.09,81,True,Tardía,"Tráfico alto, Hora pico, Carga pesada",1
3491,90,21,38,12,2026-03-01,13:43:00,2026-03-01,02:26:00,2026-03-02,02:26:00,0.35,16,409.17,Diesel,57.23,26.13,2708.85,1495.42,4204.27,0,False,Entregada,Entrega realizada en tiempo,1
3492,71,15,53,11,2026-04-19,11:58:00,2026-04-19,16:40:00,2026-04-19,16:40:00,2.58,66,139.3,Diesel,28.66,26.16,1982.5,749.75,2732.25,0,False,Entregada,Entrega realizada en tiempo,0
3493,88,3,4,6,2026-04-24,05:29:00,2026-04-24,12:23:00,2026-04-24,12:23:00,1.41,72,234.94,Diesel,50.42,24.31,2391.7,1225.71,3617.41,0,False,Entregada,Entrega realizada en tiempo,1
3494,88,40,19,41,2026-06-17,13:28:00,2026-06-17,01:09:00,2026-06-18,01:09:00,7.59,52,382.73,Diesel,59.8,26.21,3588.65,1567.36,5156.01,0,False,Entregada,Entrega realizada en tiempo,1
3495,31,3,55,18,2026-08-12,12:35:00,2026-08-12,03:50:00,2026-08-13,04:19:00,11.6,37,425.13,Diesel,91.23,25.88,4081.65,2361.03,6442.68,29,True,Tardía,Distancia larga,1
3496,82,16,21,46,2026-03-31,08:50:00,2026-03-31,23:40:00,2026-04-01,00:26:00,0.49,70,452.76,Gasolina,40.68,25.02,3372.8,1017.81,4390.61,46,True,Tardía,"Hora pico, Distancia larga",1
3497,61,23,56,26,2026-06-18,18:36:00,2026-06-18,06:49:00,2026-06-19,07:31:00,1.52,72,373.2,Gasolina,68.35,25.66,3094.0,1753.86,4847.86,42,True,Tardía,"Hora pico, Distancia larga, Carga pesada",1
3498,49,18,41,30,2026-07-02,18:06:00,2026-07-02,01:38:00,2026-07-03,01:38:00,0.5,11,183.59,Diesel,17.19,25.68,1555.95,441.44,1997.39,0,False,Entregada,Entrega realizada en tiempo,0
3499,94,5,54,34,2026-08-10,17:02:00,2026-08-10,20:36:00,2026-08-10,20:36:00,4.84,67,138.22,Diesel,17.36,24.83,2211.1,431.05,2642.15,0,False,Entregada,Entrega realizada en tiempo,0
3500,93,1,32,47,2026-05-28,08:07:00,2026-05-28,18:05:00,2026-05-28,19:23:00,1.63,54,316.18,Gasolina,30.52,25.14,2675.9,767.27,3443.17,78,True,Tardía,"Tráfico alto, Hora pico, Distancia larga, Carga pesada",1
3501,11,7,38,33,2026-03-03,06:48:00,2026-03-03,10:39:00,2026-03-03,10:39:00,2.8,74,106.32,Diesel,17.43,26.4,1903.6,460.15,2363.75,0,False,Entregada,Entrega realizada en tiempo,0
3502,23,20,56,32,2026-02-24,19:58:00,2026-02-24,04:08:00,2026-02-25,04:08:00,1.12,70,230.42,Gasolina,31.26,25.3,2324.1,790.88,3114.98,0,False,Entregada,Entrega realizada en tiempo,0
3503,91,12,16,32,2026-07-04,18:18:00,2026-07-04,02:28:00,2026-07-05,02:28:00,0.57,72,237.3,Gasolina,33.95,25.91,2319.5,879.64,3199.14,0,False,Entregada,Entrega realizada en tiempo,0
3504,64,30,1,4,2026-05-01,20:35:00,2026-05-01,21:53:00,2026-05-01,21:53:00,2.22,16,35.96,Diesel,3.09,25.02,1029.8,77.31,1107.11,0,False,Entregada,Entrega realizada en tiempo,0
3505,23,22,60,7,2026-02-10,07:48:00,2026-02-10,16:05:00,2026-02-10,16:05:00,8.85,72,332.1,Diesel,32.12,25.65,3621.5,823.88,4445.38,0,False,Entregada,Entrega realizada en tiempo,1
3506,21,11,26,31,2026-05-27,06:39:00,2026-05-27,17:47:00,2026-05-27,17:47:00,2.64,53,322.82,Diesel,67.54,25.24,2802.1,1704.71,4506.81,0,False,Entregada,Entrega realizada en tiempo,1
3507,3,10,35,28,2026-04-03,09:35:00,2026-04-03,14:49:00,2026-04-03,14:49:00,0.24,28,203.66,Gasolina,20.43,24.94,1766.3,509.52,2275.82,0,False,Entregada,Entrega realizada en tiempo,0
3508,47,30,5,27,2026-03-20,15:48:00,2026-03-20,02:14:00,2026-03-21,02:32:00,1.4,68,306.0,Diesel,26.29,26.49,2714.0,696.42,3410.42,18,True,Tardía,Distancia larga,0
3509,25,31,1,49,2026-07-11,05:28:00,2026-07-11,21:16:00,2026-07-11,21:16:00,0.74,6,378.42,Diesel,53.75,25.46,2514.1,1368.48,3882.58,0,False,Entregada,Entrega realizada en tiempo,1
3510,100,4,34,41,2026-05-12,16:58:00,2026-05-12,04:39:00,2026-05-13,04:39:00,1.69,56,369.72,Gasolina,62.14,25.82,2965.6,1604.45,4570.05,0,False,Entregada,Entrega realizada en tiempo,1
3511,29,11,3,32,2026-07-24,06:36:00,2026-07-24,14:46:00,2026-07-24,14:46:00,5.58,66,245.23,Diesel,51.3,25.51,2812.15,1308.66,4120.81,0,False,Entregada,Entrega realizada en tiempo,1
3512,77,10,44,45,2026-06-27,16:31:00,2026-06-27,04:42:00,2026-06-28,04:42:00,1.46,39,445.36,Gasolina,44.67,25.6,3184.8,1143.55,4328.35,0,False,Entregada,Entrega realizada en tiempo,1
3513,88,12,40,27,2026-03-30,06:54:00,2026-03-30,17:20:00,2026-03-30,17:20:00,0.65,61,316.84,Gasolina,45.33,25.02,2637.2,1134.16,3771.36,0,False,Entregada,Entrega realizada en tiempo,1
3514,35,22,26,21,2026-04-24,08:27:00,2026-04-24,09:05:00,2026-04-24,09:05:00,6.86,61,23.08,Diesel,2.23,26.03,1789.4,58.05,1847.45,0,False,Entregada,Entrega realizada en tiempo,0
3515,12,39,33,11,2026-05-09,08:28:00,2026-05-09,13:10:00,2026-05-09,13:58:00,0.4,76,129.98,Gasolina,10.49,24.05,1797.9,252.28,2050.18,48,True,Tardía,Hora pico,0
3516,6,13,20,22,2026-07-15,08:48:00,2026-07-15,09:24:00,2026-07-15,09:57:00,1.52,20,21.91,Gasolina,1.79,24.19,921.55,43.3,964.85,33,True,Tardía,Hora pico,0
3517,29,4,14,9,2026-08-05,15:42:00,2026-08-05,20:10:00,2026-08-05,20:10:00,1.07,33,165.5,Gasolina,27.82,25.86,1698.5,719.43,2417.93,0,False,Entregada,Entrega realizada en tiempo,0
3518,48,29,15,16,2026-01-03,06:29:00,2026-01-03,11:35:00,2026-01-03,11:35:00,1.6,34,188.73,Diesel,19.72,24.12,1875.65,475.65,2351.3,0,False,Entregada,Entrega realizada en tiempo,0
3519,49,15,22,6,2026-04-21,19:21:00,2026-04-21,02:15:00,2026-04-22,02:15:00,2.24,19,245.11,Diesel,50.43,24.82,2101.55,1251.67,3353.22,0,False,Entregada,Entrega realizada en tiempo,1
3520,52,31,24,8,2026-02-02,13:45:00,2026-02-02,21:18:00,2026-02-02,21:18:00,0.55,72,178.84,Diesel,25.4,26.28,2025.2,667.51,2692.71,0,False,Entregada,Entrega realizada en tiempo,0
3521,74,38,2,4,2026-07-04,14:53:00,2026-07-04,16:11:00,2026-07-04,16:11:00,0.43,27,40.56,Gasolina,3.45,25.77,961.8,88.91,1050.71,0,False,Entregada,Entrega realizada en tiempo,0
3522,53,39,60,14,2026-02-19,08:31:00,2026-02-19,10:54:00,2026-02-19,11:21:00,0.75,56,68.36,Gasolina,5.52,23.45,1364.8,129.44,1494.24,27,True,Tardía,Hora pico,0
3523,46,26,11,50,2026-07-17,19:14:00,2026-07-17,04:15:00,2026-07-18,04:52:00,0.44,60,256.57,Gasolina,36.6,25.02,2306.85,915.73,3222.58,37,True,Tardía,Hora pico,0
3524,24,22,49,38,2026-02-23,08:02:00,2026-02-23,21:30:00,2026-02-23,21:30:00,4.83,30,441.19,Diesel,42.67,26.15,3428.95,1115.82,4544.77,0,False,Entregada,Entrega realizada en tiempo,1
3525,99,4,1,35,2026-06-27,12:09:00,2026-06-27,20:28:00,2026-06-27,20:50:00,0.6,27,309.75,Gasolina,52.06,25.23,2324.75,1313.47,3638.22,22,True,Tardía,Distancia larga,1
3526,2,18,13,13,2026-03-01,09:43:00,2026-03-01,16:54:00,2026-03-01,16:54:00,2.03,16,270.38,Diesel,25.32,25.61,2182.9,648.45,2831.35,0,False,Entregada,Entrega realizada en tiempo,0
3527,66,14,35,18,2026-04-04,15:40:00,2026-04-04,06:55:00,2026-04-05,07:58:00,26.01,11,407.82,Diesel,43.95,25.88,5228.1,1137.43,6365.53,63,True,Tardía,"Distancia larga, Carga pesada",1
3528,2,18,30,15,2026-04-23,08:37:00,2026-04-23,23:05:00,2026-04-23,23:05:00,0.36,68,427.24,Diesel,40.0,25.93,3216.2,1037.2,4253.4,0,False,Entregada,Entrega realizada en tiempo,1
3529,48,8,31,27,2026-05-27,15:34:00,2026-05-27,02:00:00,2026-05-28,02:00:00,12.45,3,297.83,Diesel,31.82,25.96,3258.15,826.05,4084.2,0,False,Entregada,Entrega realizada en tiempo,1
3530,50,19,24,46,2026-04-02,12:19:00,2026-04-02,03:09:00,2026-04-03,03:46:00,5.86,19,455.66,Diesel,44.89,25.39,3516.3,1139.76,4656.06,37,True,Tardía,Distancia larga,1
3531,86,11,28,19,2026-01-08,13:13:00,2026-01-08,21:02:00,2026-01-08,21:02:00,7.96,19,292.94,Diesel,61.28,25.35,2912.7,1553.45,4466.15,0,False,Entregada,Entrega realizada en tiempo,1
3532,83,39,28,34,2026-05-16,14:39:00,2026-05-16,18:13:00,2026-05-16,18:13:00,1.1,27,153.52,Gasolina,12.39,25.88,1593.6,320.65,1914.25,0,False,Entregada,Entrega realizada en tiempo,0
3533,68,36,14,41,2026-07-25,06:14:00,2026-07-25,17:55:00,2026-07-25,17:55:00,3.49,78,408.42,Diesel,48.16,26.73,3515.1,1287.32,4802.42,0,False,Entregada,Entrega realizada en tiempo,1
3534,60,34,56,14,2026-06-23,09:05:00,2026-06-23,11:28:00,2026-06-23,12:05:00,13.59,48,62.79,Diesel,5.22,25.53,2556.95,133.27,2690.22,37,True,Tardía,"Hora pico, Carga pesada",0
3535,97,38,53,44,2026-04-18,14:51:00,2026-04-18,17:01:00,2026-04-18,17:01:00,0.52,47,64.8,Gasolina,5.51,25.04,1252.0,137.97,1389.97,0,False,Entregada,Entrega realizada en tiempo,0
3536,94,2,9,22,2026-01-03,15:27:00,2026-01-03,16:03:00,2026-01-03,16:03:00,9.62,56,21.91,Diesel,4.42,26.21,2019.55,115.85,2135.4,0,False,Entregada,Entrega realizada en tiempo,0
3537,68,26,41,43,2026-07-16,06:25:00,2026-07-16,21:52:00,2026-07-16,22:42:00,0.74,59,458.4,Gasolina,65.39,24.41,3338.0,1596.17,4934.17,50,True,Tardía,"Distancia larga, Carga pesada",1
3538,39,37,37,44,2026-05-17,16:15:00,2026-05-17,18:25:00,2026-05-17,18:25:00,3.17,19,59.93,Diesel,6.39,25.08,1268.65,160.26,1428.91,0,False,Entregada,Entrega realizada en tiempo,0
3539,79,6,57,47,2026-01-01,10:33:00,2026-01-01,20:31:00,2026-01-01,21:27:00,7.13,43,313.76,Diesel,45.87,24.51,3125.8,1124.27,4250.07,56,True,Tardía,"Tráfico alto, Distancia larga",1
3540,14,21,23,37,2026-07-14,15:15:00,2026-07-14,19:46:00,2026-07-14,19:46:00,0.32,57,189.11,Diesel,26.45,25.72,1933.55,680.29,2613.84,0,False,Entregada,Entrega realizada en tiempo,0
3541,54,15,39,39,2026-03-07,13:58:00,2026-03-07,07:51:00,2026-03-08,07:51:00,1.78,77,465.18,Diesel,95.72,24.6,3619.9,2354.71,5974.61,0,False,Entregada,Entrega realizada en tiempo,1
3542,73,23,21,48,2026-03-15,16:23:00,2026-03-15,22:00:00,2026-03-15,22:00:00,0.34,56,151.53,Gasolina,27.75,24.96,1739.65,692.64,2432.29,0,False,Entregada,Entrega realizada en tiempo,0
3543,26,5,31,4,2026-05-12,18:13:00,2026-05-12,19:31:00,2026-05-12,19:48:00,1.85,5,43.06,Diesel,5.41,25.99,940.3,140.61,1080.91,17,True,Tardía,Hora pico,0
3544,95,30,14,25,2026-06-21,15:14:00,2026-06-21,00:40:00,2026-06-22,00:40:00,1.48,22,354.78,Diesel,30.48,25.17,2597.9,767.18,3365.08,0,False,Entregada,Entrega realizada en tiempo,0
3545,60,14,47,46,2026-07-31,09:10:00,2026-07-31,00:00:00,2026-08-01,00:58:00,9.13,27,384.93,Diesel,41.48,25.69,3553.65,1065.62,4619.27,58,True,Tardía,"Hora pico, Distancia larga",1
3546,77,5,28,43,2026-04-11,05:51:00,2026-04-11,21:18:00,2026-04-11,21:18:00,9.4,13,425.61,Diesel,53.47,24.1,3672.05,1288.63,4960.68,0,False,Entregada,Entrega realizada en tiempo,1
3547,2,20,36,34,2026-04-21,15:46:00,2026-04-21,19:20:00,2026-04-21,19:20:00,0.81,3,151.98,Gasolina,20.62,23.62,1364.9,487.04,1851.94,0,False,Entregada,Entrega realizada en tiempo,0
3548,96,10,27,20,2026-03-19,17:49:00,2026-03-19,08:05:00,2026-03-20,08:05:00,0.23,72,451.92,Gasolina,45.33,24.88,3358.6,1127.81,4486.41,0,False,Entregada,Entrega realizada en tiempo,1
3549,26,31,33,23,2026-06-07,14:40:00,2026-06-07,00:01:00,2026-06-08,00:24:00,0.99,36,257.4,Diesel,36.56,26.38,2174.0,964.45,3138.45,23,True,Tardía,Incidencia operativa,0
3550,79,2,39,13,2026-05-07,08:58:00,2026-05-07,16:09:00,2026-05-07,16:55:00,1.2,54,243.41,Diesel,49.07,26.85,2269.05,1317.53,3586.58,46,True,Tardía,Hora pico,1
3551,14,1,19,23,2026-07-12,18:52:00,2026-07-12,04:13:00,2026-07-13,04:13:00,1.51,32,278.28,Gasolina,26.86,24.26,2298.4,651.62,2950.02,0,False,Entregada,Entrega realizada en tiempo,0
3552,74,20,17,32,2026-07-22,09:44:00,2026-07-22,17:54:00,2026-07-22,17:54:00,0.56,30,227.42,Gasolina,30.86,25.3,1933.1,780.76,2713.86,0,False,Entregada,Entrega realizada en tiempo,0
3553,8,21,9,33,2026-05-27,05:42:00,2026-05-27,09:33:00,2026-05-27,09:33:00,1.27,43,110.65,Diesel,15.48,25.03,1524.25,387.46,1911.71,0,False,Entregada,Entrega realizada en tiempo,0
3554,12,36,13,29,2026-05-19,12:47:00,2026-05-19,17:55:00,2026-05-19,17:55:00,3.14,58,127.76,Diesel,15.07,25.78,1916.8,388.5,2305.3,0,False,Entregada,Entrega realizada en tiempo,0
3555,97,35,33,16,2026-04-24,11:15:00,2026-04-24,16:21:00,2026-04-24,16:21:00,0.45,34,179.69,Gasolina,24.25,24.82,1715.45,601.88,2317.33,0,False,Entregada,Entrega realizada en tiempo,0
3556,52,33,21,40,2026-02-24,19:02:00,2026-02-24,06:36:00,2026-02-25,07:19:00,3.72,51,381.04,Diesel,48.6,24.14,3185.2,1173.2,4358.4,43,True,Tardía,"Hora pico, Distancia larga, Carga pesada",1
3557,74,38,54,44,2026-04-10,11:25:00,2026-04-10,13:35:00,2026-04-10,13:35:00,0.7,78,63.94,Gasolina,5.43,23.5,1513.7,127.6,1641.3,0,False,Entregada,Entrega realizada en tiempo,0
3558,29,20,50,15,2026-04-02,11:33:00,2026-04-02,02:01:00,2026-04-03,02:01:00,0.84,52,407.52,Gasolina,55.29,23.53,3037.6,1300.97,4338.57,0,False,Entregada,Entrega realizada en tiempo,1
3559,15,12,53,7,2026-06-25,14:24:00,2026-06-25,22:41:00,2026-06-25,22:41:00,0.91,5,311.41,Gasolina,44.55,24.51,2188.05,1091.92,3279.97,0,False,Entregada,Entrega realizada en tiempo,1
3560,9,1,34,35,2026-01-12,09:21:00,2026-01-12,17:40:00,2026-01-12,18:34:00,0.99,40,300.81,Gasolina,29.04,23.0,2423.05,667.92,3090.97,54,True,Tardía,"Hora pico, Distancia larga",0
3561,39,38,52,4,2026-02-24,18:25:00,2026-02-24,19:43:00,2026-02-24,19:43:00,0.35,34,36.3,Gasolina,3.08,24.38,988.5,75.09,1063.59,0,False,Entregada,Entrega realizada en tiempo,0
3562,95,38,8,43,2026-07-09,07:27:00,2026-07-09,22:54:00,2026-07-09,23:28:00,0.8,11,418.01,Gasolina,35.51,25.96,2758.05,921.84,3679.89,34,True,Tardía,"Hora pico, Distancia larga",1
3563,31,37,53,44,2026-04-14,13:22:00,2026-04-14,15:32:00,2026-04-14,15:32:00,3.43,71,63.52,Diesel,6.77,26.13,1728.6,176.9,1905.5,0,False,Entregada,Entrega realizada en tiempo,0
3564,92,5,41,37,2026-06-13,06:02:00,2026-06-13,10:33:00,2026-06-13,10:33:00,4.12,39,187.02,Diesel,23.49,25.56,2159.1,600.4,2759.5,0,False,Entregada,Entrega realizada en tiempo,0
3565,29,14,14,24,2026-02-03,20:26:00,2026-02-03,05:03:00,2026-02-04,05:20:00,10.29,52,291.37,Diesel,31.4,25.55,3401.85,802.27,4204.12,17,True,Tardía,Incidencia operativa,1
3566,41,1,50,2,2026-02-12,13:50:00,2026-02-12,20:28:00,2026-02-12,20:54:00,0.65,62,271.1,Gasolina,26.17,23.03,2416.5,602.7,3019.2,26,True,Tardía,Incidencia operativa,0
3567,4,5,12,19,2026-07-27,14:54:00,2026-07-27,22:43:00,2026-07-27,23:10:00,6.47,60,298.21,Diesel,37.46,24.28,3118.05,909.53,4027.58,27,True,Tardía,Incidencia operativa,1
3568,48,36,4,25,2026-07-11,07:38:00,2026-07-11,17:04:00,2026-07-11,17:04:00,3.54,38,322.55,Diesel,38.04,26.31,2770.75,1000.83,3771.58,0,False,Entregada,Entrega realizada en tiempo,1
3569,15,13,59,26,2026-06-10,14:02:00,2026-06-10,02:15:00,2026-06-11,02:15:00,0.58,46,325.51,Gasolina,26.55,24.73,2553.55,656.58,3210.13,0,False,Entregada,Entrega realizada en tiempo,0
3570,86,38,15,37,2026-04-16,20:28:00,2026-04-16,00:59:00,2026-04-17,00:59:00,0.96,11,177.76,Gasolina,15.1,25.38,1572.8,383.24,1956.04,0,False,Entregada,Entrega realizada en tiempo,0
3571,64,5,31,1,2026-05-18,05:41:00,2026-05-18,12:00:00,2026-05-18,12:00:00,2.34,40,179.2,Diesel,22.51,24.44,1950.0,550.14,2500.14,0,False,Entregada,Entrega realizada en tiempo,0
3572,27,11,49,36,2026-07-03,14:01:00,2026-07-03,07:22:00,2026-07-04,07:22:00,1.25,63,457.44,Diesel,95.7,26.11,3416.2,2498.73,5914.93,0,False,Entregada,Entrega realizada en tiempo,1
3573,77,28,6,10,2026-06-01,10:13:00,2026-06-01,02:45:00,2026-06-02,03:35:00,0.26,18,407.95,Diesel,59.82,24.49,2709.75,1464.99,4174.74,50,True,Tardía,"Tráfico alto, Distancia larga",1
3574,18,3,37,50,2026-07-26,11:02:00,2026-07-26,20:03:00,2026-07-26,20:03:00,14.78,7,239.88,Diesel,51.48,26.48,3233.4,1363.19,4596.59,0,False,Entregada,Entrega realizada en tiempo,1
3575,62,5,60,31,2026-05-07,14:33:00,2026-05-07,01:41:00,2026-05-08,02:32:00,6.87,72,309.31,Diesel,38.86,25.62,3309.55,995.59,4305.14,51,True,Tardía,"Tráfico alto, Distancia larga",1
3576,50,26,7,5,2026-06-26,09:57:00,2026-06-26,17:49:00,2026-06-26,17:49:00,0.35,54,336.31,Gasolina,47.98,25.22,2648.55,1210.06,3858.61,0,False,Entregada,Entrega realizada en tiempo,1
3577,93,3,42,15,2026-01-16,15:37:00,2026-01-16,06:05:00,2026-01-17,06:05:00,2.83,48,430.5,Diesel,92.38,25.29,3319.5,2336.29,5655.79,0,False,Entregada,Entrega realizada en tiempo,1
3578,63,6,11,8,2026-01-31,20:27:00,2026-01-31,04:00:00,2026-02-01,04:00:00,5.21,7,186.97,Diesel,27.33,24.19,2011.85,661.11,2672.96,0,False,Entregada,Entrega realizada en tiempo,0
3579,11,8,43,47,2026-02-03,10:55:00,2026-02-03,20:53:00,2026-02-03,20:53:00,13.79,79,362.09,Diesel,38.68,26.78,4321.45,1035.85,5357.3,0,False,Entregada,Entrega realizada en tiempo,1
3580,26,4,12,21,2026-04-02,19:49:00,2026-04-02,20:27:00,2026-04-02,20:27:00,1.71,64,25.66,Gasolina,4.31,25.75,1311.3,110.98,1422.28,0,False,Entregada,Entrega realizada en tiempo,0
3581,8,28,51,10,2026-02-26,08:50:00,2026-02-26,01:22:00,2026-02-27,01:22:00,0.53,37,415.55,Diesel,60.93,25.02,2926.75,1524.47,4451.22,0,False,Entregada,Entrega realizada en tiempo,1
3582,56,36,43,45,2026-05-10,08:54:00,2026-05-10,21:05:00,2026-05-10,21:05:00,2.07,3,466.17,Diesel,54.97,26.11,3061.85,1435.27,4497.12,0,False,Entregada,Entrega realizada en tiempo,1
3583,82,7,37,49,2026-04-14,20:03:00,2026-04-14,11:51:00,2026-04-15,11:51:00,2.16,37,444.99,Diesel,72.95,25.03,3236.95,1825.94,5062.89,0,False,Entregada,Entrega realizada en tiempo,1
3584,12,5,10,49,2026-01-13,09:50:00,2026-01-13,01:38:00,2026-01-14,02:21:00,3.67,55,402.54,Diesel,50.57,26.33,3319.7,1331.51,4651.21,43,True,Tardía,"Hora pico, Distancia larga",1
3585,89,36,50,1,2026-03-06,11:47:00,2026-03-06,18:06:00,2026-03-06,18:06:00,2.98,53,199.05,Diesel,23.47,26.63,2217.25,625.01,2842.26,0,False,Entregada,Entrega realizada en tiempo,0
3586,90,5,45,40,2026-05-08,08:16:00,2026-05-08,19:50:00,2026-05-08,19:50:00,6.33,5,414.96,Diesel,52.13,25.66,3247.8,1337.66,4585.46,0,False,Entregada,Entrega realizada en tiempo,1
3587,31,18,28,37,2026-03-25,11:17:00,2026-03-25,15:48:00,2026-03-25,15:48:00,1.5,73,199.52,Diesel,18.68,24.09,2231.6,450.0,2681.6,0,False,Entregada,Entrega realizada en tiempo,0
3588,52,1,38,44,2026-07-27,13:53:00,2026-07-27,16:03:00,2026-07-27,16:17:00,0.26,65,69.46,Gasolina,6.7,25.08,1393.3,168.04,1561.34,14,True,Tardía,Incidencia operativa,0
3589,59,17,22,26,2026-04-21,20:14:00,2026-04-21,08:27:00,2026-04-22,08:27:00,4.95,80,351.1,Diesel,62.36,26.74,3390.5,1667.51,5058.01,0,False,Entregada,Entrega realizada en tiempo,1
3590,45,37,42,3,2026-05-05,11:09:00,2026-05-05,22:39:00,2026-05-05,22:39:00,2.53,78,410.84,Diesel,43.8,24.23,3431.2,1061.27,4492.47,0,False,Entregada,Entrega realizada en tiempo,1
3591,19,40,43,2,2026-03-16,14:29:00,2026-03-16,21:07:00,2026-03-16,21:07:00,0.35,57,281.5,Diesel,43.98,24.54,2398.5,1079.27,3477.77,0,False,Entregada,Entrega realizada en tiempo,1
3592,25,35,19,30,2026-04-14,15:38:00,2026-04-14,23:10:00,2026-04-14,23:10:00,0.71,11,192.54,Gasolina,25.98,25.42,1621.7,660.41,2282.11,0,False,Entregada,Entrega realizada en tiempo,0
3593,25,3,7,26,2026-08-08,12:31:00,2026-08-08,00:44:00,2026-08-09,00:44:00,3.33,18,353.91,Diesel,75.95,25.89,2746.55,1966.35,4712.9,0,False,Entregada,Entrega realizada en tiempo,1
3594,16,31,19,44,2026-07-02,15:56:00,2026-07-02,18:06:00,2026-07-02,18:06:00,0.94,67,63.69,Diesel,9.05,26.72,1448.45,241.82,1690.27,0,False,Entregada,Entrega realizada en tiempo,0
3595,18,25,9,39,2026-07-26,17:24:00,2026-07-26,11:17:00,2026-07-27,12:05:00,7.58,11,450.55,Diesel,95.86,26.31,3598.75,2522.08,6120.83,48,True,Tardía,"Hora pico, Distancia larga",1
3596,70,26,28,1,2026-07-16,09:19:00,2026-07-16,15:38:00,2026-07-16,15:38:00,0.77,77,190.59,Gasolina,27.19,23.81,2145.95,647.39,2793.34,0,False,Entregada,Entrega realizada en tiempo,0
3597,52,36,39,41,2026-07-21,16:30:00,2026-07-21,04:11:00,2026-07-22,05:04:00,6.06,6,375.13,Diesel,44.24,26.52,3029.65,1173.24,4202.89,53,True,Tardía,"Tráfico alto, Distancia larga",1
3598,96,32,53,44,2026-03-17,06:10:00,2026-03-17,08:20:00,2026-03-17,08:20:00,0.52,9,62.86,Gasolina,5.69,25.47,938.3,144.92,1083.22,0,False,Entregada,Entrega realizada en tiempo,0
3599,64,9,14,6,2026-07-03,08:20:00,2026-07-03,15:14:00,2026-07-03,15:59:00,0.7,19,269.56,Gasolina,22.04,24.02,2069.8,529.4,2599.2,45,True,Tardía,"Tráfico alto, Hora pico",0
3600,96,25,54,3,2026-01-01,19:20:00,2026-01-01,06:50:00,2026-01-02,06:50:00,1.05,67,365.72,Diesel,77.81,24.93,2969.6,1939.8,4909.4,0,False,Entregada,Entrega realizada en tiempo,1
3601,50,5,29,12,2026-01-28,14:54:00,2026-01-28,03:37:00,2026-01-29,04:11:00,8.21,8,368.65,Diesel,46.31,25.08,3228.25,1161.45,4389.7,34,True,Tardía,"Distancia larga, Carga pesada",1
3602,94,15,22,13,2026-07-16,07:12:00,2026-07-16,14:23:00,2026-07-16,14:23:00,2.83,16,262.26,Diesel,53.96,25.11,2222.3,1354.94,3577.24,0,False,Entregada,Entrega realizada en tiempo,1
3603,53,2,22,40,2026-08-01,10:18:00,2026-08-01,21:52:00,2026-08-01,22:14:00,13.75,20,377.13,Diesel,76.03,24.02,3920.65,1826.24,5746.89,22,True,Tardía,Distancia larga,1
3604,11,10,59,38,2026-03-11,11:56:00,2026-03-11,01:24:00,2026-03-12,01:24:00,0.37,29,444.9,Gasolina,44.62,25.38,2993.5,1132.46,4125.96,0,False,Entregada,Entrega realizada en tiempo,1
3605,36,5,18,2,2026-07-26,20:59:00,2026-07-26,03:37:00,2026-07-27,03:37:00,9.12,63,258.64,Diesel,32.49,24.8,3209.2,805.75,4014.95,0,False,Entregada,Entrega realizada en tiempo,1
3606,26,30,57,31,2026-06-01,20:09:00,2026-06-01,07:17:00,2026-06-02,07:52:00,0.95,39,312.18,Diesel,26.82,25.28,2467.9,678.01,3145.91,35,True,Tardía,"Tráfico alto, Distancia larga",0
3607,68,10,15,6,2026-02-25,18:39:00,2026-02-25,01:33:00,2026-02-26,01:33:00,1.44,73,268.4,Gasolina,26.92,25.7,2570.0,691.84,3261.84,0,False,Entregada,Entrega realizada en tiempo,0
3608,67,6,33,7,2026-06-17,05:02:00,2026-06-17,13:19:00,2026-06-17,13:19:00,11.61,73,283.89,Diesel,41.5,26.58,3664.45,1103.07,4767.52,0,False,Entregada,Entrega realizada en tiempo,1
3609,21,27,23,30,2026-05-13,16:51:00,2026-05-13,00:23:00,2026-05-14,00:23:00,3.24,28,202.62,Diesel,26.04,25.08,2061.1,653.08,2714.18,0,False,Entregada,Entrega realizada en tiempo,0
3610,61,29,19,50,2026-08-11,14:55:00,2026-08-11,23:56:00,2026-08-11,23:56:00,1.53,17,237.31,Diesel,24.8,26.3,1975.55,652.24,2627.79,0,False,Entregada,Entrega realizada en tiempo,0
3611,39,33,34,35,2026-02-06,09:47:00,2026-02-06,18:06:00,2026-02-06,18:06:00,1.07,64,329.51,Diesel,42.03,24.45,2766.55,1027.63,3794.18,0,False,Entregada,Entrega realizada en tiempo,1
3612,40,19,48,12,2026-02-02,13:12:00,2026-02-02,01:55:00,2026-02-03,02:29:00,0.62,42,380.28,Diesel,37.47,25.66,2799.4,961.48,3760.88,34,True,Tardía,Distancia larga,1
3613,43,3,16,17,2026-03-28,14:14:00,2026-03-28,03:30:00,2026-03-29,03:30:00,11.64,71,352.78,Diesel,75.7,24.56,3995.9,1859.19,5855.09,0,False,Entregada,Entrega realizada en tiempo,1
3614,61,11,1,17,2026-04-23,15:30:00,2026-04-23,04:46:00,2026-04-24,04:46:00,6.18,56,339.13,Diesel,70.95,25.14,3261.65,1783.68,5045.33,0,False,Entregada,Entrega realizada en tiempo,1
3615,6,35,9,35,2026-05-20,18:19:00,2026-05-20,02:38:00,2026-05-21,02:38:00,0.9,42,317.51,Gasolina,42.85,25.48,2513.55,1091.82,3605.37,0,False,Entregada,Entrega realizada en tiempo,1
3616,58,6,47,43,2026-02-03,06:40:00,2026-02-03,22:07:00,2026-02-03,22:07:00,6.48,61,455.55,Diesel,66.6,24.22,3913.75,1613.05,5526.8,0,False,Entregada,Entrega realizada en tiempo,1
3617,28,25,36,24,2026-06-04,09:06:00,2026-06-04,17:43:00,2026-06-04,17:43:00,3.02,48,290.41,Diesel,61.79,26.13,2638.05,1614.57,4252.62,0,False,Entregada,Entrega realizada en tiempo,1
3618,51,9,7,43,2026-06-17,06:30:00,2026-06-17,21:57:00,2026-06-17,21:57:00,0.3,38,420.4,Gasolina,34.37,25.82,2936.0,887.43,3823.43,0,False,Entregada,Entrega realizada en tiempo,1
3619,33,17,15,1,2026-06-12,08:00:00,2026-06-12,14:19:00,2026-06-12,14:54:00,4.84,50,199.19,Diesel,35.38,24.43,2379.95,864.33,3244.28,35,True,Tardía,Hora pico,0
3620,77,25,60,20,2026-04-01,17:19:00,2026-04-01,07:35:00,2026-04-02,07:35:00,7.83,35,450.19,Diesel,95.79,24.64,3813.95,2360.27,6174.22,0,False,Entregada,Entrega realizada en tiempo,1
3621,77,40,55,31,2026-01-25,08:43:00,2026-01-25,19:51:00,2026-01-25,21:08:00,4.36,47,300.4,Diesel,46.94,24.49,2814.0,1149.56,3963.56,77,True,Tardía,"Tráfico alto, Hora pico, Distancia larga",1
3622,56,40,30,2,2026-01-24,05:48:00,2026-01-24,12:26:00,2026-01-24,12:26:00,4.87,6,247.47,Diesel,38.67,26.38,2272.35,1020.11,3292.46,0,False,Entregada,Entrega realizada en tiempo,0
3623,39,15,19,20,2026-06-03,18:23:00,2026-06-03,08:39:00,2026-06-04,08:39:00,0.44,70,434.09,Diesel,89.32,26.44,3274.45,2361.62,5636.07,0,False,Entregada,Entrega realizada en tiempo,1
3624,92,27,41,5,2026-07-07,19:33:00,2026-07-07,03:25:00,2026-07-08,04:33:00,26.89,65,306.17,Diesel,39.35,26.84,5239.85,1056.15,6296.0,68,True,Tardía,"Hora pico, Distancia larga, Carga pesada",1
3625,17,8,24,37,2026-06-01,08:31:00,2026-06-01,13:02:00,2026-06-01,13:02:00,1.25,78,198.15,Diesel,21.17,25.37,2239.75,537.08,2776.83,0,False,Entregada,Entrega realizada en tiempo,0
3626,29,33,9,32,2026-03-15,06:58:00,2026-03-15,15:08:00,2026-03-15,15:08:00,1.12,27,263.5,Diesel,33.61,24.48,2145.5,822.77,2968.27,0,False,Entregada,Entrega realizada en tiempo,0
3627,24,15,56,39,2026-03-24,11:35:00,2026-03-24,05:28:00,2026-03-25,05:28:00,2.97,6,496.28,Diesel,102.12,25.32,3326.4,2585.68,5912.08,0,False,Entregada,Entrega realizada en tiempo,1
3628,38,29,14,44,2026-01-31,12:46:00,2026-01-31,14:56:00,2026-01-31,14:56:00,0.86,68,66.88,Diesel,6.99,25.19,1464.4,176.08,1640.48,0,False,Entregada,Entrega realizada en tiempo,0
3629,60,20,30,31,2026-07-05,18:16:00,2026-07-05,05:24:00,2026-07-06,06:38:00,0.87,1,313.57,Gasolina,42.55,25.58,2162.85,1088.43,3251.28,74,True,Tardía,"Tráfico alto, Hora pico, Distancia larga",1
3630,98,23,26,1,2026-01-01,17:24:00,2026-01-01,23:43:00,2026-01-02,00:19:00,0.9,18,175.96,Gasolina,32.23,23.36,1613.8,752.89,2366.69,36,True,Tardía,Hora pico,0
3631,24,35,9,8,2026-05-29,09:54:00,2026-05-29,17:27:00,2026-05-29,17:27:00,0.78,65,196.68,Gasolina,26.54,25.88,2081.4,686.86,2768.26,0,False,Entregada,Entrega realizada en tiempo,0
3632,22,31,36,17,2026-07-15,17:08:00,2026-07-15,06:24:00,2026-07-16,07:15:00,1.4,55,364.41,Diesel,51.76,24.59,2902.05,1272.78,4174.83,51,True,Tardía,"Hora pico, Distancia larga",1
3633,2,20,47,50,2026-04-03,16:36:00,2026-04-03,01:37:00,2026-04-04,01:37:00,1.16,22,229.21,Gasolina,31.1,23.11,1938.05,718.72,2656.77,0,False,Entregada,Entrega realizada en tiempo,0
3634,52,26,43,26,2026-01-09,11:34:00,2026-01-09,23:47:00,2026-01-09,23:47:00,0.63,46,358.06,Gasolina,51.08,23.28,2721.3,1189.14,3910.44,0,False,Entregada,Entrega realizada en tiempo,1
3635,26,17,42,17,2026-02-22,13:33:00,2026-02-22,02:49:00,2026-02-23,02:49:00,8.49,36,376.66,Diesel,66.9,27.0,3520.3,1806.3,5326.6,0,False,Entregada,Entrega realizada en tiempo,1
3636,12,8,34,43,2026-03-21,16:22:00,2026-03-21,07:49:00,2026-03-22,08:17:00,1.44,13,470.77,Diesel,50.3,24.36,3101.85,1225.31,4327.16,28,True,Tardía,Distancia larga,1
3637,50,16,30,36,2026-06-24,07:30:00,2026-06-24,00:51:00,2026-06-25,01:38:00,0.24,3,434.35,Gasolina,39.03,24.88,2719.75,971.07,3690.82,47,True,Tardía,"Hora pico, Distancia larga",1
3638,68,7,6,45,2026-04-16,13:37:00,2026-04-16,01:48:00,2026-04-17,01:48:00,3.09,45,436.64,Diesel,71.58,26.21,3352.2,1876.11,5228.31,0,False,Entregada,Entrega realizada en tiempo,1
3639,71,24,37,17,2026-02-12,07:39:00,2026-02-12,20:55:00,2026-02-12,20:55:00,1.84,32,316.11,Diesel,29.63,26.26,2520.55,778.08,3298.63,0,False,Entregada,Entrega realizada en tiempo,0
3640,14,14,49,27,2026-02-19,15:21:00,2026-02-19,01:47:00,2026-02-20,01:47:00,4.83,74,322.8,Diesel,34.78,25.47,3189.0,885.85,4074.85,0,False,Entregada,Entrega realizada en tiempo,1
3641,60,28,34,32,2026-05-02,18:23:00,2026-05-02,02:33:00,2026-05-03,03:18:00,0.78,73,267.61,Diesel,39.24,24.22,2500.05,950.39,3450.44,45,True,Tardía,Hora pico,1
3642,100,20,6,32,2026-03-07,07:37:00,2026-03-07,15:47:00,2026-03-07,15:47:00,1.22,45,256.05,Gasolina,34.74,25.44,2262.25,883.79,3146.04,0,False,Entregada,Entrega realizada en tiempo,0
3643,72,2,36,42,2026-05-20,12:11:00,2026-05-20,15:22:00,2026-05-20,15:22:00,6.62,56,88.26,Diesel,17.79,26.56,2051.3,472.5,2523.8,0,False,Entregada,Entrega realizada en tiempo,0
3644,25,13,39,39,2026-01-04,18:54:00,2026-01-04,12:47:00,2026-01-05,13:11:00,0.41,52,460.45,Gasolina,37.56,23.22,3259.25,872.14,4131.39,24,True,Tardía,"Hora pico, Distancia larga",1
3645,29,40,7,22,2026-03-20,19:00:00,2026-03-20,19:36:00,2026-03-20,19:36:00,8.21,40,22.92,Diesel,3.58,26.25,1755.6,93.98,1849.58,0,False,Entregada,Entrega realizada en tiempo,0
3646,53,17,32,40,2026-02-10,07:16:00,2026-02-10,18:50:00,2026-02-10,18:50:00,6.97,75,407.82,Diesel,72.44,24.26,3836.1,1757.39,5593.49,0,False,Entregada,Entrega realizada en tiempo,1
3647,93,34,26,7,2026-07-24,15:49:00,2026-07-24,00:06:00,2026-07-25,00:06:00,1.37,33,293.97,Diesel,24.42,26.11,2370.85,637.61,3008.46,0,False,Entregada,Entrega realizada en tiempo,0
3648,3,20,54,41,2026-07-24,07:21:00,2026-07-24,19:02:00,2026-07-24,20:22:00,1.41,62,422.65,Gasolina,57.35,25.0,3250.25,1433.75,4684.0,80,True,Tardía,"Tráfico alto, Hora pico, Distancia larga, Carga pesada",1
3649,50,29,12,3,2026-05-30,15:07:00,2026-05-30,02:37:00,2026-05-31,02:37:00,1.65,6,369.14,Diesel,38.57,26.29,2558.7,1014.01,3572.71,0,False,Entregada,Entrega realizada en tiempo,1
3650,59,12,28,20,2026-02-27,09:03:00,2026-02-27,23:19:00,2026-02-27,23:19:00,1.05,47,403.08,Gasolina,57.67,24.16,2996.4,1393.31,4389.71,0,False,Entregada,Entrega realizada en tiempo,1
3651,73,29,11,18,2026-04-03,18:06:00,2026-04-03,09:21:00,2026-04-04,10:20:00,0.22,47,461.46,Diesel,48.22,24.47,3205.3,1179.94,4385.24,59,True,Tardía,"Hora pico, Distancia larga",1
3652,63,30,1,8,2026-01-30,13:19:00,2026-01-30,20:52:00,2026-01-30,21:16:00,0.84,80,201.88,Diesel,17.34,26.03,2233.4,451.36,2684.76,24,True,Tardía,Incidencia operativa,0
3653,27,12,47,27,2026-01-02,16:32:00,2026-01-02,02:58:00,2026-01-03,02:58:00,0.35,44,322.77,Gasolina,46.18,24.66,2500.85,1138.8,3639.65,0,False,Entregada,Entrega realizada en tiempo,1
3654,69,36,27,49,2026-01-17,06:59:00,2026-01-17,22:47:00,2026-01-17,23:44:00,6.76,68,398.35,Diesel,46.98,26.83,3711.75,1260.47,4972.22,57,True,Tardía,"Distancia larga, Carga pesada",1
3655,65,25,31,38,2026-03-17,09:44:00,2026-03-17,23:12:00,2026-03-17,23:12:00,7.49,25,413.97,Diesel,88.08,25.23,3518.85,2222.26,5741.11,0,False,Entregada,Entrega realizada en tiempo,1
3656,35,32,4,11,2026-04-08,09:09:00,2026-04-08,13:51:00,2026-04-08,13:51:00,0.71,63,133.17,Gasolina,12.06,24.48,1740.85,295.23,2036.08,0,False,Entregada,Entrega realizada en tiempo,0
3657,55,23,39,26,2026-07-26,11:47:00,2026-07-26,00:00:00,2026-07-27,00:00:00,0.53,43,345.3,Gasolina,63.24,24.97,2623.5,1579.1,4202.6,0,False,Entregada,Entrega realizada en tiempo,1
3658,50,25,40,17,2026-07-29,11:28:00,2026-07-29,00:44:00,2026-07-30,00:44:00,2.15,11,375.47,Diesel,79.89,26.53,2680.35,2119.48,4799.83,0,False,Entregada,Entrega realizada en tiempo,1
3659,95,16,18,29,2026-03-06,13:41:00,2026-03-06,18:49:00,2026-03-06,18:49:00,0.6,5,124.8,Gasolina,11.21,23.39,1224.0,262.2,1486.2,0,False,Entregada,Entrega realizada en tiempo,0
3660,4,24,16,29,2026-05-07,09:38:00,2026-05-07,14:46:00,2026-05-07,14:46:00,1.18,1,126.68,Diesel,11.87,24.82,1259.4,294.61,1554.01,0,False,Entregada,Entrega realizada en tiempo,0
3661,96,34,40,26,2026-03-22,10:41:00,2026-03-22,22:54:00,2026-03-22,23:16:00,11.93,80,390.18,Diesel,32.41,25.32,4283.9,820.62,5104.52,22,True,Tardía,Distancia larga,1
3662,45,18,36,3,2026-07-17,18:33:00,2026-07-17,06:03:00,2026-07-18,06:03:00,1.9,1,425.52,Diesel,39.84,25.6,2825.6,1019.9,3845.5,0,False,Entregada,Entrega realizada en tiempo,1
3663,26,35,24,26,2026-05-29,09:11:00,2026-05-29,21:24:00,2026-05-29,22:28:00,0.85,78,334.66,Gasolina,45.16,23.91,2882.3,1079.78,3962.08,64,True,Tardía,"Hora pico, Distancia larga",1
3664,95,34,3,45,2026-03-12,05:30:00,2026-03-12,17:41:00,2026-03-12,17:41:00,11.08,29,469.2,Diesel,38.97,24.17,4186.0,941.9,5127.9,0,False,Entregada,Entrega realizada en tiempo,1
3665,36,6,23,1,2026-07-04,15:13:00,2026-07-04,21:32:00,2026-07-04,21:32:00,7.66,23,200.94,Diesel,29.38,26.12,2454.7,767.41,3222.11,0,False,Entregada,Entrega realizada en tiempo,0
3666,4,21,7,3,2026-07-25,08:26:00,2026-07-25,19:56:00,2026-07-25,19:56:00,0.88,47,428.56,Diesel,59.94,26.61,3106.8,1595.0,4701.8,0,False,Entregada,Entrega realizada en tiempo,1
3667,58,38,28,14,2026-02-21,12:59:00,2026-02-21,15:22:00,2026-02-21,15:22:00,0.83,51,62.89,Gasolina,5.34,24.94,1305.45,133.18,1438.63,0,False,Entregada,Entrega realizada en tiempo,0
3668,35,26,56,28,2026-07-10,06:15:00,2026-07-10,11:29:00,2026-07-10,11:29:00,0.56,28,180.81,Gasolina,25.79,25.85,1684.05,666.67,2350.72,0,False,Entregada,Entrega realizada en tiempo,0
3669,63,13,53,37,2026-06-08,18:16:00,2026-06-08,22:47:00,2026-06-08,22:47:00,1.96,15,194.13,Gasolina,15.83,23.44,1786.65,371.06,2157.71,0,False,Entregada,Entrega realizada en tiempo,0
3670,7,37,19,5,2026-01-14,07:01:00,2026-01-14,14:53:00,2026-01-14,14:53:00,0.41,23,316.12,Diesel,33.7,25.31,2305.6,852.95,3158.55,0,False,Entregada,Entrega realizada en tiempo,0
3671,62,35,8,44,2026-08-12,13:07:00,2026-08-12,15:17:00,2026-08-12,15:17:00,0.92,51,59.4,Gasolina,8.02,24.55,1297.0,196.89,1493.89,0,False,Entregada,Entrega realizada en tiempo,0
3672,76,30,31,37,2026-06-12,18:12:00,2026-06-12,22:43:00,2026-06-12,23:05:00,0.25,67,186.34,Diesel,16.01,25.28,1992.7,404.73,2397.43,22,True,Tardía,Hora pico,0
3673,34,17,14,21,2026-04-25,14:17:00,2026-04-25,14:55:00,2026-04-25,14:55:00,3.28,61,24.85,Diesel,4.41,24.63,1440.25,108.62,1548.87,0,False,Entregada,Entrega realizada en tiempo,0
3674,44,2,52,23,2026-06-21,09:26:00,2026-06-21,18:47:00,2026-06-21,19:16:00,4.47,5,251.59,Diesel,50.72,26.18,2244.95,1327.85,3572.8,29,True,Tardía,Hora pico,1
3675,68,31,22,28,2026-07-13,18:03:00,2026-07-13,23:17:00,2026-07-13,23:52:00,1.22,62,187.55,Diesel,26.64,26.82,2055.75,714.48,2770.23,35,True,Tardía,Hora pico,0
3676,77,12,16,47,2026-04-13,08:55:00,2026-04-13,18:53:00,2026-04-13,18:53:00,0.37,28,326.55,Gasolina,46.72,23.38,2393.75,1092.31,3486.06,0,False,Entregada,Entrega realizada en tiempo,1
3677,63,30,17,24,2026-06-03,19:19:00,2026-06-03,03:56:00,2026-06-04,03:56:00,1.55,14,289.66,Diesel,24.88,26.9,2215.3,669.27,2884.57,0,False,Entregada,Entrega realizada en tiempo,0
3678,32,32,27,33,2026-04-25,05:21:00,2026-04-25,09:12:00,2026-04-25,09:12:00,0.32,65,100.28,Gasolina,9.08,23.04,1553.4,209.2,1762.6,0,False,Entregada,Entrega realizada en tiempo,0
3679,75,5,49,3,2026-06-10,15:54:00,2026-06-10,03:24:00,2026-06-11,03:52:00,7.85,47,417.28,Diesel,52.42,24.8,3747.4,1300.02,5047.42,28,True,Tardía,Distancia larga,1
3680,64,3,30,34,2026-02-22,20:43:00,2026-02-22,00:17:00,2026-02-23,00:17:00,17.24,39,153.86,Diesel,33.02,26.19,3305.3,864.79,4170.09,0,False,Entregada,Entrega realizada en tiempo,1
3681,66,13,52,1,2026-02-28,11:33:00,2026-02-28,17:52:00,2026-02-28,17:52:00,1.4,45,186.24,Gasolina,15.19,24.3,1931.2,369.12,2300.32,0,False,Entregada,Entrega realizada en tiempo,0
3682,43,19,45,44,2026-01-02,12:56:00,2026-01-02,15:06:00,2026-01-02,15:06:00,4.98,34,59.17,Diesel,5.83,25.44,1565.85,148.32,1714.17,0,False,Entregada,Entrega realizada en tiempo,0
3683,66,4,40,1,2026-02-18,08:55:00,2026-02-18,15:14:00,2026-02-18,15:14:00,1.14,58,196.96,Gasolina,33.1,25.46,2062.8,842.73,2905.53,0,False,Entregada,Entrega realizada en tiempo,0
3684,32,25,52,17,2026-03-04,07:27:00,2026-03-04,20:43:00,2026-03-04,20:43:00,5.64,64,339.3,Diesel,72.19,24.98,3272.5,1803.31,5075.81,0,False,Entregada,Entrega realizada en tiempo,1
3685,80,33,54,18,2026-03-08,11:56:00,2026-03-08,03:11:00,2026-03-09,03:11:00,1.21,6,432.99,Diesel,55.23,25.98,2833.95,1434.88,4268.83,0,False,Entregada,Entrega realizada en tiempo,1
3686,41,38,14,2,2026-02-21,09:40:00,2026-02-21,16:18:00,2026-02-21,16:18:00,0.79,5,281.48,Gasolina,23.92,25.66,2026.4,613.79,2640.19,0,False,Entregada,Entrega realizada en tiempo,0
3687,56,1,55,46,2026-07-31,13:09:00,2026-07-31,03:59:00,2026-08-01,03:59:00,0.7,55,438.57,Gasolina,42.33,25.34,3202.85,1072.64,4275.49,0,False,Entregada,Entrega realizada en tiempo,1
3688,16,24,11,14,2026-08-02,06:57:00,2026-08-02,09:20:00,2026-08-02,09:20:00,1.43,17,67.63,Diesel,6.34,25.79,1117.15,163.51,1280.66,0,False,Entregada,Entrega realizada en tiempo,0
3689,80,26,25,13,2026-02-26,05:38:00,2026-02-26,12:49:00,2026-02-26,12:49:00,0.52,22,261.01,Gasolina,37.23,24.07,2033.05,896.13,2929.18,0,False,Entregada,Entrega realizada en tiempo,0
3690,52,23,17,1,2026-03-04,05:28:00,2026-03-04,11:47:00,2026-03-04,11:47:00,1.11,77,195.94,Gasolina,35.89,23.35,2206.7,838.03,3044.73,0,False,Entregada,Entrega realizada en tiempo,0
3691,46,18,52,4,2026-07-25,09:43:00,2026-07-25,11:01:00,2026-07-25,11:27:00,3.95,60,36.21,Diesel,3.39,24.44,1556.05,82.85,1638.9,26,True,Tardía,"Hora pico, Carga pesada",0
3692,81,39,23,14,2026-01-24,20:58:00,2026-01-24,23:21:00,2026-01-24,23:40:00,0.25,42,68.28,Gasolina,5.51,23.38,1202.4,128.82,1331.22,19,True,Tardía,Incidencia operativa,0
3693,11,35,9,45,2026-01-10,15:59:00,2026-01-10,04:10:00,2026-01-11,04:35:00,0.81,67,478.25,Gasolina,64.54,24.59,3508.25,1587.04,5095.29,25,True,Tardía,Distancia larga,1
3694,16,3,37,16,2026-01-15,14:19:00,2026-01-15,19:25:00,2026-01-15,19:25:00,11.11,68,160.6,Diesel,34.46,25.34,2958.0,873.22,3831.22,0,False,Entregada,Entrega realizada en tiempo,1
3695,67,23,29,49,2026-07-31,18:38:00,2026-07-31,10:26:00,2026-08-01,10:26:00,1.4,58,431.91,Gasolina,79.1,24.76,3263.55,1958.52,5222.07,0,False,Entregada,Entrega realizada en tiempo,1
3696,68,10,18,46,2026-03-26,13:15:00,2026-03-26,04:05:00,2026-03-27,04:05:00,0.61,68,401.74,Gasolina,40.29,24.12,3113.7,971.79,4085.49,0,False,Entregada,Entrega realizada en tiempo,1
3697,11,35,11,32,2026-02-07,09:48:00,2026-02-07,17:58:00,2026-02-07,17:58:00,1.16,66,227.74,Gasolina,30.73,24.31,2282.7,747.05,3029.75,0,False,Entregada,Entrega realizada en tiempo,0
3698,36,9,38,23,2026-08-11,08:32:00,2026-08-11,17:53:00,2026-08-11,18:45:00,0.97,44,256.3,Gasolina,20.96,24.4,2230.5,511.42,2741.92,52,True,Tardía,"Hora pico, Carga pesada",0
3699,54,34,51,34,2026-06-19,07:21:00,2026-06-19,10:55:00,2026-06-19,10:55:00,9.55,44,160.04,Diesel,13.29,24.73,2607.2,328.66,2935.86,0,False,Entregada,Entrega realizada en tiempo,0
3700,66,8,37,28,2026-07-06,13:54:00,2026-07-06,19:08:00,2026-07-06,19:08:00,15.45,39,183.98,Diesel,19.66,25.51,3276.9,501.53,3778.43,0,False,Entregada,Entrega realizada en tiempo,0
3701,50,7,44,22,2026-01-04,12:32:00,2026-01-04,13:08:00,2026-01-04,13:08:00,3.87,71,22.6,Diesel,3.7,26.22,1568.0,97.01,1665.01,0,False,Entregada,Entrega realizada en tiempo,0
3702,92,21,48,2,2026-05-11,08:41:00,2026-05-11,15:19:00,2026-05-11,15:44:00,0.63,33,287.77,Diesel,40.25,24.71,2265.85,994.58,3260.43,25,True,Tardía,Hora pico,1
3703,43,2,29,27,2026-06-02,14:22:00,2026-06-02,00:48:00,2026-06-03,00:48:00,12.42,46,326.67,Diesel,65.86,26.4,3743.35,1738.7,5482.05,0,False,Entregada,Entrega realizada en tiempo,1
3704,27,24,56,22,2026-05-11,19:04:00,2026-05-11,19:40:00,2026-05-11,19:40:00,0.98,8,21.29,Diesel,2.0,26.14,768.45,52.28,820.73,0,False,Entregada,Entrega realizada en tiempo,0
3705,85,10,29,29,2026-07-18,13:19:00,2026-07-18,18:27:00,2026-07-18,18:27:00,0.24,58,132.52,Gasolina,13.29,24.36,1650.6,323.74,1974.34,0,False,Entregada,Entrega realizada en tiempo,0
3706,64,32,18,24,2026-05-28,09:23:00,2026-05-28,18:00:00,2026-05-28,18:00:00,0.82,37,317.6,Gasolina,28.77,23.35,2466.0,671.78,3137.78,0,False,Entregada,Entrega realizada en tiempo,0
3707,28,33,29,10,2026-08-06,12:47:00,2026-08-06,05:19:00,2026-08-07,05:19:00,3.25,76,399.53,Diesel,50.96,24.74,3430.65,1260.75,4691.4,0,False,Entregada,Entrega realizada en tiempo,1
3708,77,31,40,3,2026-01-05,18:03:00,2026-01-05,05:33:00,2026-01-06,05:33:00,0.74,37,378.2,Diesel,53.72,26.68,2761.0,1433.25,4194.25,0,False,Entregada,Entrega realizada en tiempo,1
3709,77,19,36,20,2026-05-26,16:29:00,2026-05-26,06:45:00,2026-05-27,06:45:00,3.53,34,391.94,Diesel,38.61,26.54,3084.7,1024.71,4109.41,0,False,Entregada,Entrega realizada en tiempo,1
3710,14,28,28,9,2026-02-20,13:50:00,2026-02-20,18:18:00,2026-02-20,18:18:00,0.98,54,165.77,Diesel,24.31,25.47,1858.85,619.18,2478.03,0,False,Entregada,Entrega realizada en tiempo,0
3711,20,22,24,38,2026-02-26,13:57:00,2026-02-26,03:25:00,2026-02-27,03:25:00,8.94,4,433.93,Diesel,41.97,26.33,3595.65,1105.07,4700.72,0,False,Entregada,Entrega realizada en tiempo,1
3712,56,29,17,40,2026-07-07,05:24:00,2026-07-07,16:58:00,2026-07-07,17:33:00,1.8,39,410.31,Diesel,42.87,24.44,3043.55,1047.74,4091.29,35,True,Tardía,"Distancia larga, Carga pesada",1
3713,62,26,24,13,2026-07-26,07:18:00,2026-07-26,14:29:00,2026-07-26,14:29:00,0.76,48,235.63,Gasolina,33.61,25.08,2138.15,842.94,2981.09,0,False,Entregada,Entrega realizada en tiempo,0
3714,26,18,7,32,2026-06-13,06:03:00,2026-06-13,14:13:00,2026-06-13,14:13:00,3.11,44,266.97,Diesel,25.0,25.09,2497.85,627.25,3125.1,0,False,Entregada,Entrega realizada en tiempo,0
3715,72,16,51,19,2026-04-01,14:39:00,2026-04-01,22:28:00,2026-04-01,22:28:00,0.34,44,286.96,Gasolina,25.78,24.09,2320.8,621.04,2941.84,0,False,Entregada,Entrega realizada en tiempo,0
3716,56,12,8,28,2026-05-23,09:13:00,2026-05-23,14:27:00,2026-05-23,14:27:00,0.56,48,202.48,Gasolina,28.97,25.78,1952.4,746.85,2699.25,0,False,Entregada,Entrega realizada en tiempo,0
3717,62,27,27,33,2026-01-14,20:52:00,2026-01-14,00:43:00,2026-01-15,00:43:00,14.83,79,109.72,Diesel,14.1,24.02,3163.6,338.68,3502.28,0,False,Entregada,Entrega realizada en tiempo,0
3718,96,38,6,2,2026-05-09,16:48:00,2026-05-09,23:26:00,2026-05-09,23:26:00,0.32,7,237.9,Gasolina,20.21,23.24,1777.5,469.68,2247.18,0,False,Entregada,Entrega realizada en tiempo,0
3719,12,24,59,22,2026-06-24,18:35:00,2026-06-24,19:11:00,2026-06-24,19:11:00,1.98,42,21.46,Diesel,2.01,24.28,1141.3,48.8,1190.1,0,False,Entregada,Entrega realizada en tiempo,0
3720,92,38,30,38,2026-03-01,10:25:00,2026-03-01,23:53:00,2026-03-02,00:45:00,0.74,72,474.9,Gasolina,40.35,25.61,3524.5,1033.36,4557.86,52,True,Tardía,"Tráfico alto, Distancia larga",1
3721,86,27,3,34,2026-05-28,19:32:00,2026-05-28,23:06:00,2026-05-28,23:06:00,5.83,70,152.42,Diesel,19.59,26.04,2405.1,510.12,2915.22,0,False,Entregada,Entrega realizada en tiempo,0
3722,12,3,24,24,2026-07-22,20:12:00,2026-07-22,04:49:00,2026-07-23,05:18:00,1.98,77,321.59,Diesel,69.01,26.52,2921.95,1830.15,4752.1,29,True,Tardía,Distancia larga,1
3723,23,3,11,26,2026-03-14,06:02:00,2026-03-14,18:15:00,2026-03-14,18:15:00,3.91,79,374.13,Diesel,80.29,26.06,3393.65,2092.36,5486.01,0,False,Entregada,Entrega realizada en tiempo,1
3724,94,16,46,14,2026-05-27,16:15:00,2026-05-27,18:38:00,2026-05-27,18:38:00,0.5,64,62.59,Gasolina,5.62,23.55,1374.95,132.35,1507.3,0,False,Entregada,Entrega realizada en tiempo,0
3725,1,16,35,36,2026-06-12,17:33:00,2026-06-12,10:54:00,2026-06-13,10:54:00,0.8,22,417.72,Gasolina,37.53,25.98,2844.6,975.03,3819.63,0,False,Entregada,Entrega realizada en tiempo,1
3726,9,36,35,40,2026-02-24,19:19:00,2026-02-24,06:53:00,2026-02-25,06:53:00,5.58,37,390.86,Diesel,46.09,25.35,3308.3,1168.38,4476.68,0,False,Entregada,Entrega realizada en tiempo,1
3727,13,27,50,29,2026-04-21,15:15:00,2026-04-21,20:23:00,2026-04-21,20:23:00,18.07,35,122.63,Diesel,15.76,26.41,3200.15,416.22,3616.37,0,False,Entregada,Entrega realizada en tiempo,0
3728,95,1,35,15,2026-03-18,19:44:00,2026-03-18,10:12:00,2026-03-19,11:02:00,1.21,12,397.26,Gasolina,38.35,23.88,2703.3,915.8,3619.1,50,True,Tardía,"Hora pico, Distancia larga",1
3729,36,10,47,27,2026-03-20,11:54:00,2026-03-20,22:20:00,2026-03-20,22:20:00,0.77,4,302.6,Gasolina,30.35,24.94,2122.0,756.93,2878.93,0,False,Entregada,Entrega realizada en tiempo,0
3730,25,11,49,32,2026-06-03,16:26:00,2026-06-03,00:36:00,2026-06-04,00:36:00,6.34,31,236.7,Diesel,49.52,26.35,2565.5,1304.85,3870.35,0,False,Entregada,Entrega realizada en tiempo,1
3731,42,34,6,44,2026-06-27,20:30:00,2026-06-27,22:40:00,2026-06-27,22:40:00,14.1,57,69.72,Diesel,5.79,24.91,2714.6,144.23,2858.83,0,False,Entregada,Entrega realizada en tiempo,0
3732,79,37,11,20,2026-04-10,19:28:00,2026-04-10,09:44:00,2026-04-11,10:30:00,1.12,12,435.95,Diesel,46.48,26.95,2887.75,1252.64,4140.39,46,True,Tardía,"Hora pico, Distancia larga",1
3733,73,40,46,22,2026-03-05,07:51:00,2026-03-05,08:27:00,2026-03-05,08:27:00,1.24,42,22.81,Diesel,3.56,25.31,1074.05,90.1,1164.15,0,False,Entregada,Entrega realizada en tiempo,0
3734,40,10,13,40,2026-03-13,05:09:00,2026-03-13,16:43:00,2026-03-13,16:43:00,1.15,49,418.46,Gasolina,41.97,24.75,3099.3,1038.76,4138.06,0,False,Entregada,Entrega realizada en tiempo,1
3735,2,36,37,25,2026-03-10,15:24:00,2026-03-10,00:50:00,2026-03-11,00:50:00,4.73,54,328.36,Diesel,38.72,26.42,3046.8,1022.98,4069.78,0,False,Entregada,Entrega realizada en tiempo,1
3736,9,8,43,35,2026-02-16,08:36:00,2026-02-16,16:55:00,2026-02-16,17:50:00,8.7,19,288.8,Diesel,30.85,26.92,2966.0,830.48,3796.48,55,True,Tardía,Hora pico,1
3737,83,9,18,25,2026-05-24,18:08:00,2026-05-24,03:34:00,2026-05-25,03:34:00,0.83,24,342.81,Gasolina,28.03,23.68,2489.05,663.75,3152.8,0,False,Entregada,Entrega realizada en tiempo,0
3738,27,15,32,46,2026-05-23,11:03:00,2026-05-23,01:53:00,2026-05-24,01:53:00,2.99,50,397.19,Diesel,81.73,24.19,3184.95,1977.05,5162.0,0,False,Entregada,Entrega realizada en tiempo,1
3739,66,27,32,20,2026-06-30,19:20:00,2026-06-30,09:36:00,2026-07-01,09:36:00,8.95,64,413.22,Diesel,53.11,24.15,3973.1,1282.61,5255.71,0,False,Entregada,Entrega realizada en tiempo,1
3740,34,22,21,38,2026-04-09,13:43:00,2026-04-09,03:11:00,2026-04-10,03:11:00,0.44,58,426.81,Diesel,41.28,25.96,3142.05,1071.63,4213.68,0,False,Entregada,Entrega realizada en tiempo,1
3741,86,24,53,30,2026-05-09,15:35:00,2026-05-09,23:07:00,2026-05-09,23:28:00,1.96,1,213.5,Diesel,20.01,25.01,1771.5,500.45,2271.95,21,True,Tardía,Incidencia operativa,0
3742,95,9,59,26,2026-06-13,18:41:00,2026-06-13,06:54:00,2026-06-14,07:49:00,0.65,55,355.0,Gasolina,29.03,23.64,2780.0,686.27,3466.27,55,True,Tardía,"Hora pico, Distancia larga",1
3743,54,15,11,30,2026-01-10,14:26:00,2026-01-10,21:58:00,2026-01-10,21:58:00,0.32,14,212.82,Diesel,43.79,25.3,1708.1,1107.89,2815.99,0,False,Entregada,Entrega realizada en tiempo,0
3744,25,17,52,17,2026-02-15,06:03:00,2026-02-15,19:19:00,2026-02-15,20:03:00,0.32,38,378.31,Diesel,67.2,25.33,2727.55,1702.18,4429.73,44,True,Tardía,Distancia larga,1
3745,59,7,56,24,2026-02-05,06:15:00,2026-02-05,14:52:00,2026-02-05,15:27:00,2.81,42,305.86,Diesel,50.14,25.71,2646.3,1289.1,3935.4,35,True,Tardía,Distancia larga,1
3746,68,23,43,43,2026-01-06,13:26:00,2026-01-06,04:53:00,2026-01-07,04:53:00,1.65,48,403.48,Gasolina,73.9,23.71,3066.4,1752.17,4818.57,0,False,Entregada,Entrega realizada en tiempo,1
3747,41,36,21,4,2026-05-20,07:40:00,2026-05-20,08:58:00,2026-05-20,08:58:00,4.42,34,39.77,Diesel,4.69,26.74,1412.85,125.41,1538.26,0,False,Entregada,Entrega realizada en tiempo,0
3748,24,37,33,31,2026-04-19,16:45:00,2026-04-19,03:53:00,2026-04-20,04:52:00,1.23,27,301.82,Diesel,32.18,26.34,2348.1,847.62,3195.72,59,True,Tardía,"Tráfico alto, Distancia larga",1
3749,17,14,14,36,2026-01-25,05:25:00,2026-01-25,22:46:00,2026-01-25,22:46:00,18.1,6,464.9,Diesel,50.1,26.23,4682.5,1314.12,5996.62,0,False,Entregada,Entrega realizada en tiempo,1
3750,65,40,5,48,2026-07-30,18:02:00,2026-07-30,23:39:00,2026-07-31,00:29:00,0.21,5,166.33,Diesel,25.99,25.59,1392.65,665.08,2057.73,50,True,Tardía,"Tráfico alto, Hora pico",0
3751,45,30,58,42,2026-07-19,12:37:00,2026-07-19,15:48:00,2026-07-19,15:48:00,0.58,53,92.57,Diesel,7.95,25.8,1444.85,205.11,1649.96,0,False,Entregada,Entrega realizada en tiempo,0
3752,43,9,31,2,2026-06-30,09:22:00,2026-06-30,16:00:00,2026-06-30,16:00:00,0.43,79,239.75,Gasolina,19.6,23.29,2373.75,456.48,2830.23,0,False,Entregada,Entrega realizada en tiempo,0
3753,15,19,14,21,2026-05-09,09:02:00,2026-05-09,09:40:00,2026-05-09,09:40:00,1.12,40,27.48,Diesel,2.71,24.02,1069.4,65.09,1134.49,0,False,Entregada,Entrega realizada en tiempo,0
3754,62,31,47,48,2026-07-04,14:07:00,2026-07-04,19:44:00,2026-07-04,20:06:00,0.67,29,142.3,Diesel,20.21,25.79,1510.5,521.22,2031.72,22,True,Tardía,Tráfico alto,0
3755,20,9,7,26,2026-05-21,17:18:00,2026-05-21,05:31:00,2026-05-22,05:31:00,0.29,44,373.01,Gasolina,30.5,23.6,2746.05,719.8,3465.85,0,False,Entregada,Entrega realizada en tiempo,1
3756,59,8,19,29,2026-03-03,08:02:00,2026-03-03,13:10:00,2026-03-03,14:21:00,19.42,37,125.09,Diesel,13.36,24.75,3363.45,330.66,3694.11,71,True,Tardía,"Tráfico alto, Hora pico, Carga pesada",0
3757,12,12,27,28,2026-04-16,14:25:00,2026-04-16,19:39:00,2026-04-16,19:39:00,0.22,6,177.16,Gasolina,25.34,23.6,1455.8,598.02,2053.82,0,False,Entregada,Entrega realizada en tiempo,0
3758,12,27,23,22,2026-05-11,05:26:00,2026-05-11,06:02:00,2026-05-11,06:02:00,1.72,19,21.53,Diesel,2.77,24.98,931.65,69.19,1000.84,0,False,Entregada,Entrega realizada en tiempo,0
3759,44,10,27,30,2026-02-05,06:43:00,2026-02-05,14:15:00,2026-02-05,14:15:00,0.77,31,188.27,Gasolina,18.88,25.67,1766.35,484.65,2251.0,0,False,Entregada,Entrega realizada en tiempo,0
3760,96,4,10,30,2026-07-05,13:07:00,2026-07-05,20:39:00,2026-07-05,21:00:00,0.98,1,189.16,Gasolina,31.79,25.71,1551.8,817.32,2369.12,21,True,Tardía,Incidencia operativa,0
3761,88,28,36,32,2026-01-11,16:37:00,2026-01-11,00:47:00,2026-01-12,00:47:00,0.97,1,267.11,Diesel,39.17,26.87,1940.55,1052.5,2993.05,0,False,Entregada,Entrega realizada en tiempo,0
3762,99,5,12,6,2026-06-28,19:05:00,2026-06-28,01:59:00,2026-06-29,01:59:00,5.54,50,245.22,Diesel,30.81,26.06,2680.1,802.91,3483.01,0,False,Entregada,Entrega realizada en tiempo,0
3763,26,12,16,24,2026-07-24,09:36:00,2026-07-24,18:13:00,2026-07-24,18:13:00,0.53,30,310.06,Gasolina,44.36,25.76,2343.3,1142.71,3486.01,0,False,Entregada,Entrega realizada en tiempo,1
3764,3,24,18,34,2026-03-14,13:05:00,2026-03-14,16:39:00,2026-03-14,16:39:00,1.8,54,146.41,Diesel,13.72,26.45,1844.05,362.89,2206.94,0,False,Entregada,Entrega realizada en tiempo,0
3765,57,38,19,13,2026-02-07,08:45:00,2026-02-07,15:56:00,2026-02-07,16:30:00,0.92,68,282.14,Gasolina,23.97,24.19,2546.7,579.83,3126.53,34,True,Tardía,"Hora pico, Carga pesada",0
3766,34,27,48,34,2026-07-20,13:40:00,2026-07-20,17:14:00,2026-07-20,17:14:00,9.26,43,149.47,Diesel,19.21,25.72,2517.35,494.08,3011.43,0,False,Entregada,Entrega realizada en tiempo,0
3767,19,3,20,5,2026-08-08,07:20:00,2026-08-08,15:12:00,2026-08-08,15:12:00,2.35,40,308.27,Diesel,66.15,24.1,2596.35,1594.22,4190.57,0,False,Entregada,Entrega realizada en tiempo,1
3768,41,7,4,39,2026-02-26,09:18:00,2026-02-26,03:11:00,2026-02-27,03:11:00,2.4,51,431.84,Diesel,70.79,26.17,3307.2,1852.57,5159.77,0,False,Entregada,Entrega realizada en tiempo,1
3769,29,27,13,49,2026-03-02,05:20:00,2026-03-02,21:08:00,2026-03-02,21:08:00,23.85,62,385.63,Diesel,49.57,25.1,5309.15,1244.21,6553.36,0,False,Entregada,Entrega realizada en tiempo,1
3770,39,13,30,45,2026-08-11,06:00:00,2026-08-11,18:11:00,2026-08-11,18:11:00,1.01,74,477.43,Gasolina,38.94,25.7,3580.15,1000.76,4580.91,0,False,Entregada,Entrega realizada en tiempo,1
3771,16,26,50,17,2026-03-01,17:59:00,2026-03-01,07:15:00,2026-03-02,08:02:00,0.61,58,341.0,Gasolina,48.64,25.36,2730.0,1233.51,3963.51,47,True,Tardía,"Hora pico, Distancia larga",1
3772,2,18,29,4,2026-01-29,09:21:00,2026-01-29,10:39:00,2026-01-29,11:22:00,3.58,80,39.92,Diesel,3.74,26.46,1697.6,98.96,1796.56,43,True,Tardía,"Hora pico, Carga pesada",0
3773,96,31,6,29,2026-06-14,20:23:00,2026-06-14,01:31:00,2026-06-15,01:31:00,0.85,49,120.35,Diesel,17.1,25.36,1578.75,433.66,2012.41,0,False,Entregada,Entrega realizada en tiempo,0
3774,78,29,24,3,2026-04-01,08:31:00,2026-04-01,20:01:00,2026-04-01,20:01:00,0.95,31,422.46,Diesel,44.14,26.32,2955.3,1161.76,4117.06,0,False,Entregada,Entrega realizada en tiempo,1
3775,31,2,49,45,2026-01-18,06:43:00,2026-01-18,18:54:00,2026-01-18,18:54:00,10.2,45,497.62,Diesel,100.33,26.68,4368.1,2676.8,7044.9,0,False,Entregada,Entrega realizada en tiempo,1
3776,76,6,50,25,2026-06-05,20:12:00,2026-06-05,05:38:00,2026-06-06,05:38:00,5.86,32,317.66,Diesel,46.44,24.22,2930.3,1124.78,4055.08,0,False,Entregada,Entrega realizada en tiempo,1
3777,76,14,57,25,2026-03-15,18:01:00,2026-03-15,03:27:00,2026-03-16,03:27:00,0.57,67,329.71,Diesel,35.53,26.45,2741.55,939.77,3681.32,0,False,Entregada,Entrega realizada en tiempo,1
3778,93,20,3,25,2026-03-31,12:59:00,2026-03-31,22:25:00,2026-03-31,22:25:00,1.21,46,361.49,Gasolina,49.05,25.94,2796.45,1272.36,4068.81,0,False,Entregada,Entrega realizada en tiempo,1
3779,43,37,13,24,2026-04-30,05:42:00,2026-04-30,14:19:00,2026-04-30,14:19:00,1.59,64,315.1,Diesel,33.59,26.97,2746.5,905.92,3652.42,0,False,Entregada,Entrega realizada en tiempo,1
3780,48,1,37,17,2026-04-11,09:55:00,2026-04-11,23:11:00,2026-04-11,23:11:00,0.82,2,342.82,Gasolina,33.09,25.64,2312.1,848.43,3160.53,0,False,Entregada,Entrega realizada en tiempo,0
3781,42,28,10,42,2026-07-04,09:28:00,2026-07-04,12:39:00,2026-07-04,12:39:00,0.39,15,90.77,Diesel,13.31,26.46,1112.85,352.18,1465.03,0,False,Entregada,Entrega realizada en tiempo,0
3782,53,2,49,9,2026-08-01,15:50:00,2026-08-01,20:18:00,2026-08-01,20:41:00,3.4,9,160.17,Diesel,32.29,25.54,1712.85,824.69,2537.54,23,True,Tardía,Incidencia operativa,0
3783,3,8,2,39,2026-08-15,10:27:00,2026-08-15,04:20:00,2026-08-16,04:20:00,4.66,1,414.68,Diesel,44.3,24.2,3047.4,1072.06,4119.46,0,False,Entregada,Entrega realizada en tiempo,1
3784,36,37,1,36,2026-01-18,17:03:00,2026-01-18,10:24:00,2026-01-19,10:24:00,3.14,7,430.03,Diesel,45.85,26.98,3020.15,1237.03,4257.18,0,False,Entregada,Entrega realizada en tiempo,1
3785,64,26,43,11,2026-05-16,05:22:00,2026-05-16,10:04:00,2026-05-16,10:04:00,0.78,68,129.44,Gasolina,18.47,25.47,1769.2,470.43,2239.63,0,False,Entregada,Entrega realizada en tiempo,0
3786,64,4,6,18,2026-06-21,17:08:00,2026-06-21,08:23:00,2026-06-22,08:23:00,0.72,50,410.11,Gasolina,68.93,25.64,3022.55,1767.37,4789.92,0,False,Entregada,Entrega realizada en tiempo,1
3787,13,7,37,22,2026-04-20,15:19:00,2026-04-20,15:55:00,2026-04-20,16:20:00,0.25,56,24.79,Diesel,4.06,25.35,1096.95,102.92,1199.87,25,True,Tardía,Incidencia operativa,0
3788,82,21,39,24,2026-04-10,08:37:00,2026-04-10,17:14:00,2026-04-10,17:54:00,0.25,22,341.8,Diesel,47.8,25.11,2410.0,1200.26,3610.26,40,True,Tardía,"Hora pico, Distancia larga",1
3789,31,37,60,48,2026-06-19,17:51:00,2026-06-19,23:28:00,2026-06-19,23:28:00,4.38,37,154.59,Diesel,16.48,26.35,2006.95,434.25,2441.2,0,False,Entregada,Entrega realizada en tiempo,0
3790,79,12,23,3,2026-01-13,18:22:00,2026-01-13,05:52:00,2026-01-14,05:52:00,0.66,14,409.8,Gasolina,58.63,25.24,2727.0,1479.82,4206.82,0,False,Entregada,Entrega realizada en tiempo,1
3791,93,34,27,41,2026-05-02,09:23:00,2026-05-02,21:04:00,2026-05-02,22:11:00,6.3,70,416.65,Diesel,34.61,24.79,3773.25,857.98,4631.23,67,True,Tardía,"Tráfico alto, Hora pico, Distancia larga",1
3792,58,19,32,29,2026-06-05,10:23:00,2026-06-05,15:31:00,2026-06-05,15:31:00,0.53,79,120.02,Diesel,11.82,26.0,1785.1,307.32,2092.42,0,False,Entregada,Entrega realizada en tiempo,0
3793,43,36,20,14,2026-05-18,10:23:00,2026-05-18,12:46:00,2026-05-18,12:46:00,3.52,50,63.63,Diesel,7.5,25.77,1570.15,193.28,1763.43,0,False,Entregada,Entrega realizada en tiempo,0
3794,97,8,12,23,2026-02-07,06:53:00,2026-02-07,16:14:00,2026-02-07,16:14:00,20.17,11,248.52,Diesel,26.55,24.18,3847.6,641.98,4489.58,0,False,Entregada,Entrega realizada en tiempo,1
3795,49,17,28,41,2026-05-28,08:09:00,2026-05-28,19:50:00,2026-05-28,19:50:00,7.83,49,382.91,Diesel,68.01,24.34,3589.55,1655.36,5244.91,0,False,Entregada,Entrega realizada en tiempo,1
3796,12,37,27,38,2026-05-28,09:13:00,2026-05-28,22:41:00,2026-05-28,23:40:00,2.05,48,424.76,Diesel,45.28,24.74,3212.8,1120.23,4333.03,59,True,Tardía,"Tráfico alto, Hora pico, Distancia larga",1
3797,72,31,36,14,2026-01-11,13:41:00,2026-01-11,16:04:00,2026-01-11,16:04:00,0.79,51,58.84,Diesel,8.36,25.55,1281.2,213.6,1494.8,0,False,Entregada,Entrega realizada en tiempo,0
3798,95,31,24,15,2026-03-02,13:53:00,2026-03-02,04:21:00,2026-03-03,04:42:00,0.95,43,452.1,Diesel,64.22,24.41,3199.5,1567.61,4767.11,21,True,Tardía,Distancia larga,1
3799,87,18,50,36,2026-05-06,11:30:00,2026-05-06,04:51:00,2026-05-07,05:16:00,1.92,65,444.82,Diesel,41.65,25.21,3436.1,1050.0,4486.1,25,True,Tardía,Distancia larga,1
3800,86,38,13,19,2026-07-10,14:07:00,2026-07-10,21:56:00,2026-07-10,22:27:00,0.92,58,323.08,Gasolina,27.45,24.74,2671.4,679.11,3350.51,31,True,Tardía,"Distancia larga, Carga pesada",0
3801,11,29,42,30,2026-05-11,16:21:00,2026-05-11,23:53:00,2026-05-11,23:53:00,1.0,2,189.32,Diesel,19.78,25.7,1562.6,508.35,2070.95,0,False,Entregada,Entrega realizada en tiempo,0
3802,36,29,24,49,2026-06-14,06:20:00,2026-06-14,22:08:00,2026-06-14,22:08:00,1.64,42,418.53,Diesel,43.73,26.08,3092.65,1140.48,4233.13,0,False,Entregada,Entrega realizada en tiempo,1
3803,64,31,50,37,2026-01-21,17:19:00,2026-01-21,21:50:00,2026-01-21,22:18:00,0.53,27,179.86,Diesel,25.55,24.64,1668.3,629.55,2297.85,28,True,Tardía,Hora pico,0
3804,83,21,14,23,2026-03-05,19:59:00,2026-03-05,05:20:00,2026-03-06,06:00:00,1.44,10,245.42,Diesel,34.32,25.06,1951.1,860.06,2811.16,40,True,Tardía,Hora pico,0
3805,76,10,58,30,2026-02-10,06:39:00,2026-02-10,14:11:00,2026-02-10,14:11:00,1.52,35,184.51,Gasolina,18.51,25.2,1854.55,466.45,2321.0,0,False,Entregada,Entrega realizada en tiempo,0
3806,25,25,38,45,2026-08-07,14:28:00,2026-08-07,02:39:00,2026-08-08,02:39:00,8.86,46,458.63,Diesel,97.58,24.56,4047.15,2396.56,6443.71,0,False,Entregada,Entrega realizada en tiempo,1
3807,79,17,13,13,2026-05-28,08:26:00,2026-05-28,15:37:00,2026-05-28,15:37:00,4.76,69,279.0,Diesel,49.56,26.48,2923.0,1312.35,4235.35,0,False,Entregada,Entrega realizada en tiempo,1
3808,59,1,52,34,2026-05-18,13:20:00,2026-05-18,16:54:00,2026-05-18,16:54:00,0.8,3,148.82,Gasolina,14.36,25.28,1348.1,363.02,1711.12,0,False,Entregada,Entrega realizada en tiempo,0
3809,30,38,42,18,2026-03-10,08:03:00,2026-03-10,23:18:00,2026-03-11,00:12:00,0.24,9,381.57,Gasolina,32.42,23.78,2503.85,770.95,3274.8,54,True,Tardía,"Hora pico, Distancia larga",1
3810,25,23,18,38,2026-02-08,08:58:00,2026-02-08,22:26:00,2026-02-08,23:43:00,0.58,1,455.28,Gasolina,83.38,24.83,2842.4,2070.33,4912.73,77,True,Tardía,"Tráfico alto, Hora pico, Distancia larga",1
3811,80,8,14,10,2026-07-15,10:23:00,2026-07-15,02:55:00,2026-07-16,02:55:00,2.93,58,406.24,Diesel,43.4,24.96,3288.2,1083.26,4371.46,0,False,Entregada,Entrega realizada en tiempo,1
3812,68,20,51,33,2026-06-12,07:06:00,2026-06-12,10:57:00,2026-06-12,10:57:00,0.79,12,112.22,Gasolina,15.23,24.5,1236.1,373.13,1609.23,0,False,Entregada,Entrega realizada en tiempo,0
3813,25,20,30,24,2026-04-12,06:41:00,2026-04-12,15:18:00,2026-04-12,15:18:00,1.23,12,296.04,Gasolina,40.17,25.51,2199.2,1024.74,3223.94,0,False,Entregada,Entrega realizada en tiempo,0
3814,37,11,25,12,2026-03-19,13:58:00,2026-03-19,02:41:00,2026-03-20,03:01:00,0.85,42,422.69,Diesel,88.43,26.74,3034.45,2364.62,5399.07,20,True,Tardía,Distancia larga,1
3815,16,15,22,46,2026-03-06,15:39:00,2026-03-06,06:29:00,2026-03-07,07:00:00,1.23,22,445.21,Diesel,91.61,24.01,3025.05,2199.56,5224.61,31,True,Tardía,Distancia larga,1
3816,11,29,16,43,2026-03-17,10:17:00,2026-03-17,01:44:00,2026-03-18,01:44:00,1.6,50,466.71,Diesel,48.77,24.19,3393.55,1179.75,4573.3,0,False,Entregada,Entrega realizada en tiempo,1
3817,80,22,54,17,2026-05-01,06:46:00,2026-05-01,20:02:00,2026-05-01,20:02:00,1.8,7,370.15,Diesel,35.8,26.39,2586.75,944.76,3531.51,0,False,Entregada,Entrega realizada en tiempo,1
3818,32,37,34,5,2026-01-14,17:36:00,2026-01-14,01:28:00,2026-01-15,02:08:00,3.8,46,332.94,Diesel,35.49,24.22,2912.7,859.57,3772.27,40,True,Tardía,"Hora pico, Distancia larga",1
3819,81,6,48,12,2026-01-01,09:10:00,2026-01-01,21:53:00,2026-01-01,21:53:00,4.07,38,372.34,Diesel,54.44,25.46,3072.7,1386.04,4458.74,0,False,Entregada,Entrega realizada en tiempo,1
3820,52,5,25,33,2026-01-11,13:27:00,2026-01-11,17:18:00,2026-01-11,17:18:00,1.35,33,109.35,Diesel,13.74,24.26,1445.75,333.33,1779.08,0,False,Entregada,Entrega realizada en tiempo,0
3821,94,22,18,8,2026-02-19,09:43:00,2026-02-19,17:16:00,2026-02-19,17:16:00,5.74,26,190.37,Diesel,18.41,25.08,2233.85,461.72,2695.57,0,False,Entregada,Entrega realizada en tiempo,0
3822,2,9,34,22,2026-06-02,07:21:00,2026-06-02,07:57:00,2026-06-02,07:57:00,0.62,56,22.68,Gasolina,1.85,25.64,1123.4,47.43,1170.83,0,False,Entregada,Entrega realizada en tiempo,0
3823,71,8,29,42,2026-06-06,08:42:00,2026-06-06,11:53:00,2026-06-06,11:53:00,14.62,48,104.98,Diesel,11.22,25.65,2870.9,287.79,3158.69,0,False,Entregada,Entrega realizada en tiempo,0
3824,73,4,46,22,2026-02-15,12:37:00,2026-02-15,13:13:00,2026-02-15,13:13:00,0.45,23,22.76,Gasolina,3.83,25.44,842.8,97.44,940.24,0,False,Entregada,Entrega realizada en tiempo,0
3825,15,7,42,19,2026-02-10,11:32:00,2026-02-10,19:21:00,2026-02-10,19:45:00,0.95,15,318.27,Diesel,52.18,26.25,2306.35,1369.72,3676.07,24,True,Tardía,Distancia larga,1
3826,28,33,24,45,2026-06-30,15:57:00,2026-06-30,04:08:00,2026-07-01,04:08:00,2.84,74,506.51,Diesel,64.61,25.74,3908.55,1663.06,5571.61,0,False,Entregada,Entrega realizada en tiempo,1
3827,37,11,27,21,2026-02-09,05:57:00,2026-02-09,06:35:00,2026-02-09,06:35:00,2.49,16,27.3,Diesel,5.71,26.46,1013.5,151.09,1164.59,0,False,Entregada,Entrega realizada en tiempo,0
3828,4,7,29,20,2026-01-11,08:03:00,2026-01-11,22:19:00,2026-01-11,22:19:00,0.54,80,435.07,Diesel,71.32,25.94,3369.35,1850.04,5219.39,0,False,Entregada,Entrega realizada en tiempo,1
3829,90,20,28,40,2026-05-09,19:33:00,2026-05-09,07:07:00,2026-05-10,07:57:00,0.28,51,436.59,Gasolina,59.24,25.07,3118.95,1485.15,4604.1,50,True,Tardía,"Hora pico, Distancia larga",1
3830,19,30,12,39,2026-02-01,10:42:00,2026-02-01,04:35:00,2026-02-02,04:35:00,1.41,50,472.2,Diesel,40.57,26.0,3402.0,1054.82,4456.82,0,False,Entregada,Entrega realizada en tiempo,1
3831,78,7,59,27,2026-03-21,11:44:00,2026-03-21,22:10:00,2026-03-21,22:10:00,4.63,74,296.73,Diesel,48.64,26.73,3038.65,1300.15,4338.8,0,False,Entregada,Entrega realizada en tiempo,1
3832,41,13,51,10,2026-07-04,08:35:00,2026-07-04,01:07:00,2026-07-05,01:07:00,0.27,4,470.15,Gasolina,38.35,23.3,2909.75,893.56,3803.31,0,False,Entregada,Entrega realizada en tiempo,1
3833,8,34,21,9,2026-02-25,08:22:00,2026-02-25,12:50:00,2026-02-25,12:50:00,5.16,52,162.63,Diesel,13.51,25.6,2245.15,345.86,2591.01,0,False,Entregada,Entrega realizada en tiempo,0
3834,22,16,19,12,2026-05-20,11:59:00,2026-05-20,00:42:00,2026-05-21,00:42:00,0.67,2,397.28,Gasolina,35.69,23.44,2569.4,836.57,3405.97,0,False,Entregada,Entrega realizada en tiempo,1
3835,93,17,26,12,2026-04-11,18:53:00,2026-04-11,07:36:00,2026-04-12,07:36:00,0.49,11,373.26,Diesel,66.3,27.0,2503.3,1790.1,4293.4,0,False,Entregada,Entrega realizada en tiempo,1
3836,21,1,9,21,2026-03-05,11:10:00,2026-03-05,11:48:00,2026-03-05,11:48:00,0.25,31,24.77,Gasolina,2.39,24.32,896.85,58.12,954.97,0,False,Entregada,Entrega realizada en tiempo,0
3837,6,29,31,25,2026-01-08,12:49:00,2026-01-08,22:15:00,2026-01-08,22:15:00,1.65,18,374.04,Diesel,39.08,26.2,2679.2,1023.9,3703.1,0,False,Entregada,Entrega realizada en tiempo,1
3838,84,38,49,35,2026-05-07,16:45:00,2026-05-07,01:04:00,2026-05-08,01:04:00,0.74,51,292.29,Gasolina,24.83,23.91,2443.45,593.69,3037.14,0,False,Entregada,Entrega realizada en tiempo,0
3839,70,32,32,9,2026-01-20,06:28:00,2026-01-20,10:56:00,2026-01-20,11:20:00,0.94,44,175.53,Gasolina,15.9,23.06,1823.65,366.65,2190.3,24,True,Tardía,Carga pesada,0
3840,28,3,57,24,2026-08-07,07:01:00,2026-08-07,15:38:00,2026-08-07,15:38:00,3.68,77,340.69,Diesel,73.11,25.48,3187.45,1862.84,5050.29,0,False,Entregada,Entrega realizada en tiempo,1
3841,19,19,52,30,2026-07-25,08:22:00,2026-07-25,15:54:00,2026-07-25,16:29:00,5.83,36,207.24,Diesel,20.42,26.66,2407.2,544.4,2951.6,35,True,Tardía,Hora pico,0
3842,56,35,38,43,2026-02-23,09:31:00,2026-02-23,00:58:00,2026-02-24,00:58:00,1.01,56,418.35,Gasolina,56.46,25.86,3140.75,1460.06,4600.81,0,False,Entregada,Entrega realizada en tiempo,1
3843,91,15,38,36,2026-03-23,09:14:00,2026-03-23,02:35:00,2026-03-24,02:35:00,1.03,72,461.6,Diesel,94.98,26.41,3487.0,2508.42,5995.42,0,False,Entregada,Entrega realizada en tiempo,1
3844,22,33,37,13,2026-04-08,09:42:00,2026-04-08,16:53:00,2026-04-08,16:53:00,1.0,22,257.1,Diesel,32.79,25.38,2061.5,832.21,2893.71,0,False,Entregada,Entrega realizada en tiempo,0
3845,84,28,34,2,2026-05-03,06:17:00,2026-05-03,12:55:00,2026-05-03,12:55:00,0.84,24,277.12,Diesel,40.63,24.7,2161.6,1003.56,3165.16,0,False,Entregada,Entrega realizada en tiempo,0
3846,59,15,6,34,2026-06-07,14:37:00,2026-06-07,18:11:00,2026-06-07,18:23:00,1.98,31,155.99,Diesel,32.1,26.18,1725.95,840.38,2566.33,12,True,Tardía,Incidencia operativa,0
3847,88,38,38,12,2026-06-22,07:41:00,2026-06-22,20:24:00,2026-06-22,21:18:00,0.91,25,401.48,Gasolina,34.11,23.02,2798.4,785.21,3583.61,54,True,Tardía,"Hora pico, Distancia larga, Carga pesada",1
3848,61,1,32,31,2026-04-06,05:46:00,2026-04-06,16:54:00,2026-04-06,16:54:00,0.53,72,292.79,Gasolina,28.26,25.32,2592.95,715.54,3308.49,0,False,Entregada,Entrega realizada en tiempo,0
3849,39,37,19,43,2026-05-28,15:12:00,2026-05-28,06:39:00,2026-05-29,06:39:00,1.67,45,411.29,Diesel,43.85,25.51,3083.45,1118.61,4202.06,0,False,Entregada,Entrega realizada en tiempo,1
3850,91,27,9,50,2026-01-19,10:34:00,2026-01-19,19:35:00,2026-01-19,19:35:00,7.57,2,233.74,Diesel,30.04,26.74,2441.7,803.27,3244.97,0,False,Entregada,Entrega realizada en tiempo,0
3851,46,5,40,50,2026-07-30,11:35:00,2026-07-30,20:36:00,2026-07-30,20:36:00,4.49,36,266.68,Diesel,33.5,24.83,2570.4,831.8,3402.2,0,False,Entregada,Entrega realizada en tiempo,0
3852,22,11,58,24,2026-05-30,13:21:00,2026-05-30,21:58:00,2026-05-30,22:20:00,1.06,13,328.59,Diesel,68.74,26.23,2352.95,1803.05,4156.0,22,True,Tardía,Distancia larga,1
3853,79,5,23,19,2026-01-25,16:13:00,2026-01-25,00:02:00,2026-01-26,00:15:00,6.68,46,286.94,Diesel,36.05,24.08,2970.7,868.08,3838.78,13,True,Tardía,Incidencia operativa,1
3854,53,32,20,22,2026-01-28,10:55:00,2026-01-28,11:31:00,2026-01-28,11:31:00,0.95,55,23.59,Gasolina,2.14,25.27,1152.95,54.08,1207.03,0,False,Entregada,Entrega realizada en tiempo,0
3855,94,39,1,22,2026-07-07,05:16:00,2026-07-07,05:52:00,2026-07-07,05:52:00,0.57,9,24.43,Gasolina,1.97,24.49,751.15,48.25,799.4,0,False,Entregada,Entrega realizada en tiempo,0
3856,19,10,16,17,2026-02-04,16:55:00,2026-02-04,06:11:00,2026-02-05,06:11:00,0.54,63,361.62,Gasolina,36.27,25.36,2866.1,919.81,3785.91,0,False,Entregada,Entrega realizada en tiempo,1
3857,60,3,46,13,2026-08-15,09:13:00,2026-08-15,16:24:00,2026-08-15,16:57:00,1.1,70,276.96,Diesel,59.43,25.32,2554.8,1504.77,4059.57,33,True,Tardía,Hora pico,1
3858,68,40,42,47,2026-05-26,10:22:00,2026-05-26,20:20:00,2026-05-26,20:20:00,5.52,40,346.98,Diesel,54.22,26.23,3106.9,1422.19,4529.09,0,False,Entregada,Entrega realizada en tiempo,1
3859,96,21,57,9,2026-07-30,08:04:00,2026-07-30,12:32:00,2026-07-30,12:32:00,0.54,21,180.9,Diesel,25.3,24.95,1626.5,631.24,2257.74,0,False,Entregada,Entrega realizada en tiempo,0
3860,75,28,16,49,2026-08-08,18:57:00,2026-08-08,10:45:00,2026-08-09,11:39:00,0.83,28,410.38,Diesel,60.17,24.72,2858.9,1487.4,4346.3,54,True,Tardía,"Hora pico, Distancia larga",1
3861,14,2,35,33,2026-04-14,09:15:00,2026-04-14,13:06:00,2026-04-14,13:06:00,10.25,7,108.24,Diesel,21.82,26.2,2122.2,571.68,2693.88,0,False,Entregada,Entrega realizada en tiempo,0
3862,43,38,57,17,2026-06-22,05:01:00,2026-06-22,18:17:00,2026-06-22,18:17:00,0.96,31,348.63,Gasolina,29.62,24.6,2587.15,728.65,3315.8,0,False,Entregada,Entrega realizada en tiempo,0
3863,66,2,16,46,2026-04-17,12:35:00,2026-04-17,03:25:00,2026-04-18,03:25:00,13.9,48,441.08,Diesel,88.93,26.03,4479.4,2314.85,6794.25,0,False,Entregada,Entrega realizada en tiempo,1
3864,6,9,5,33,2026-02-09,12:04:00,2026-02-09,15:55:00,2026-02-09,16:07:00,0.56,33,103.54,Gasolina,8.47,24.34,1337.7,206.16,1543.86,12,True,Tardía,Incidencia operativa,0
3865,18,34,17,28,2026-01-17,16:40:00,2026-01-17,21:54:00,2026-01-17,21:54:00,6.6,71,198.65,Diesel,16.5,25.34,2721.25,418.11,3139.36,0,False,Entregada,Entrega realizada en tiempo,0
3866,81,13,12,49,2026-01-17,12:36:00,2026-01-17,04:24:00,2026-01-18,04:24:00,0.61,78,414.4,Gasolina,33.8,25.59,3257.0,864.94,4121.94,0,False,Entregada,Entrega realizada en tiempo,1
3867,2,14,43,9,2026-01-06,11:12:00,2026-01-06,15:40:00,2026-01-06,15:40:00,22.32,40,170.11,Diesel,18.33,24.77,3902.55,454.03,4356.58,0,False,Entregada,Entrega realizada en tiempo,1
3868,93,14,20,20,2026-02-03,08:02:00,2026-02-03,22:18:00,2026-02-03,22:18:00,17.82,53,406.02,Diesel,43.75,26.61,4736.1,1164.19,5900.29,0,False,Entregada,Entrega realizada en tiempo,1
3869,3,19,54,26,2026-01-01,07:00:00,2026-01-01,19:13:00,2026-01-01,19:53:00,1.01,38,378.12,Diesel,37.25,25.1,2795.6,934.98,3730.58,40,True,Tardía,"Hora pico, Distancia larga",1
3870,96,30,37,20,2026-02-04,06:46:00,2026-02-04,21:02:00,2026-02-04,21:02:00,0.43,61,408.12,Diesel,35.06,27.0,3071.6,946.62,4018.22,0,False,Entregada,Entrega realizada en tiempo,1
3871,88,9,44,15,2026-06-02,14:27:00,2026-06-02,04:55:00,2026-06-03,05:38:00,0.95,60,415.04,Gasolina,33.94,25.38,3150.2,861.4,4011.6,43,True,Tardía,"Distancia larga, Carga pesada",1
3872,10,34,52,49,2026-06-03,20:37:00,2026-06-03,12:25:00,2026-06-04,12:25:00,15.54,71,450.17,Diesel,37.39,25.66,4872.85,959.43,5832.28,0,False,Entregada,Entrega realizada en tiempo,1
3873,59,32,28,31,2026-07-08,17:58:00,2026-07-08,05:06:00,2026-07-09,05:06:00,0.42,48,279.21,Gasolina,25.29,23.65,2322.05,598.11,2920.16,0,False,Entregada,Entrega realizada en tiempo,0
3874,62,30,43,5,2026-02-02,09:38:00,2026-02-02,17:30:00,2026-02-02,18:29:00,1.81,69,323.87,Diesel,27.82,25.93,2852.35,721.37,3573.72,59,True,Tardía,"Hora pico, Distancia larga",1
3875,21,3,18,33,2026-05-02,10:02:00,2026-05-02,13:53:00,2026-05-02,13:53:00,2.48,36,113.46,Diesel,24.35,25.76,1603.3,627.26,2230.56,0,False,Entregada,Entrega realizada en tiempo,0
3876,41,22,48,33,2026-04-15,19:51:00,2026-04-15,23:42:00,2026-04-15,23:42:00,0.5,11,116.84,Diesel,11.3,26.37,1222.2,297.98,1520.18,0,False,Entregada,Entrega realizada en tiempo,0
3877,93,15,18,8,2026-05-18,20:57:00,2026-05-18,04:30:00,2026-05-19,04:30:00,0.75,4,181.73,Diesel,37.39,26.92,1515.65,1006.54,2522.19,0,False,Entregada,Entrega realizada en tiempo,0
3878,85,26,50,20,2026-07-06,06:15:00,2026-07-06,20:31:00,2026-07-06,20:31:00,0.31,14,464.11,Gasolina,66.21,24.45,2963.55,1618.83,4582.38,0,False,Entregada,Entrega realizada en tiempo,1
3879,41,33,22,40,2026-02-19,08:49:00,2026-02-19,20:23:00,2026-02-19,20:23:00,2.72,70,429.44,Diesel,54.78,24.72,3479.2,1354.16,4833.36,0,False,Entregada,Entrega realizada en tiempo,1
3880,51,9,3,24,2026-03-13,12:38:00,2026-03-13,21:15:00,2026-03-13,21:15:00,0.55,25,305.52,Gasolina,24.98,24.75,2282.6,618.25,2900.85,0,False,Entregada,Entrega realizada en tiempo,0
3881,58,6,44,37,2026-03-22,11:01:00,2026-03-22,15:32:00,2026-03-22,15:32:00,2.89,53,187.44,Diesel,27.4,24.94,2150.2,683.36,2833.56,0,False,Entregada,Entrega realizada en tiempo,0
3882,54,30,1,9,2026-01-14,17:40:00,2026-01-14,22:08:00,2026-01-14,22:08:00,1.46,10,179.39,Diesel,15.41,24.59,1622.95,378.93,2001.88,0,False,Entregada,Entrega realizada en tiempo,0
3883,72,18,12,4,2026-06-25,14:22:00,2026-06-25,15:40:00,2026-06-25,15:40:00,1.2,45,42.77,Diesel,4.0,26.27,1193.85,105.08,1298.93,0,False,Entregada,Entrega realizada en tiempo,0
3884,87,21,18,19,2026-07-14,06:28:00,2026-07-14,14:17:00,2026-07-14,14:17:00,0.46,67,338.45,Diesel,47.34,26.03,2774.25,1232.26,4006.51,0,False,Entregada,Entrega realizada en tiempo,1
3885,59,30,45,33,2026-08-12,19:34:00,2026-08-12,23:25:00,2026-08-12,23:25:00,0.23,76,108.76,Diesel,9.34,24.49,1674.8,228.74,1903.54,0,False,Entregada,Entrega realizada en tiempo,0
3886,92,9,52,7,2026-07-15,06:47:00,2026-07-15,15:04:00,2026-07-15,15:04:00,0.49,5,309.26,Gasolina,25.29,23.42,2135.3,592.29,2727.59,0,False,Entregada,Entrega realizada en tiempo,0
3887,86,1,60,18,2026-01-06,12:31:00,2026-01-06,03:46:00,2026-01-07,03:46:00,1.03,9,416.35,Gasolina,40.19,25.35,2756.75,1018.82,3775.57,0,False,Entregada,Entrega realizada en tiempo,1
3888,38,26,7,45,2026-04-24,14:42:00,2026-04-24,02:53:00,2026-04-25,02:53:00,0.45,63,488.75,Gasolina,69.72,23.05,3492.75,1607.05,5099.8,0,False,Entregada,Entrega realizada en tiempo,1
3889,36,7,57,2,2026-06-27,12:35:00,2026-06-27,19:13:00,2026-06-27,19:13:00,3.86,55,279.59,Diesel,45.83,24.25,2723.95,1111.38,3835.33,0,False,Entregada,Entrega realizada en tiempo,1
3890,54,17,18,10,2026-04-21,08:49:00,2026-04-21,01:21:00,2026-04-22,02:28:00,2.52,38,447.65,Diesel,79.51,25.41,3294.25,2020.35,5314.6,67,True,Tardía,"Tráfico alto, Hora pico, Distancia larga",1
3891,15,2,8,33,2026-04-29,17:49:00,2026-04-29,21:40:00,2026-04-29,22:10:00,9.72,2,106.44,Diesel,21.46,25.39,2020.2,544.87,2565.07,30,True,Tardía,Hora pico,0
3892,7,19,43,19,2026-02-27,05:29:00,2026-02-27,13:18:00,2026-02-27,13:40:00,3.82,32,299.85,Diesel,29.54,25.98,2637.25,767.45,3404.7,22,True,Tardía,Incidencia operativa,0
3893,99,34,37,40,2026-08-12,18:42:00,2026-08-12,06:16:00,2026-08-13,06:16:00,2.44,33,383.99,Diesel,31.89,26.43,2927.95,842.85,3770.8,0,False,Entregada,Entrega realizada en tiempo,1
3894,8,14,41,50,2026-01-15,11:51:00,2026-01-15,20:52:00,2026-01-15,20:52:00,3.09,30,256.06,Diesel,27.59,24.3,2329.3,670.44,2999.74,0,False,Entregada,Entrega realizada en tiempo,0
3895,60,29,40,39,2026-08-13,19:59:00,2026-08-13,13:52:00,2026-08-14,13:52:00,1.27,76,496.71,Diesel,51.9,24.78,3718.55,1286.08,5004.63,0,False,Entregada,Entrega realizada en tiempo,1
3896,74,11,19,30,2026-01-06,12:54:00,2026-01-06,20:26:00,2026-01-06,20:26:00,6.19,68,181.55,Diesel,37.98,26.79,2570.75,1017.48,3588.23,0,False,Entregada,Entrega realizada en tiempo,0
3897,88,13,4,6,2026-05-11,16:49:00,2026-05-11,23:43:00,2026-05-12,00:21:00,1.78,37,269.63,Gasolina,21.99,25.77,2322.15,566.68,2888.83,38,True,Tardía,"Tráfico alto, Carga pesada",0
3898,89,25,53,24,2026-01-25,19:50:00,2026-01-25,04:27:00,2026-01-26,05:19:00,5.02,16,320.51,Diesel,68.19,26.69,2732.55,1819.99,4552.54,52,True,Tardía,"Hora pico, Distancia larga",1
3899,61,4,2,16,2026-03-11,10:57:00,2026-03-11,16:03:00,2026-03-11,16:03:00,1.67,59,175.14,Gasolina,29.44,25.19,2014.7,741.59,2756.29,0,False,Entregada,Entrega realizada en tiempo,0
3900,20,23,57,25,2026-07-26,18:18:00,2026-07-26,03:44:00,2026-07-27,03:44:00,1.62,4,315.35,Gasolina,57.76,25.38,2270.75,1465.95,3736.7,0,False,Entregada,Entrega realizada en tiempo,1
3901,89,22,14,25,2026-02-05,13:05:00,2026-02-05,22:31:00,2026-02-05,22:31:00,2.01,20,338.69,Diesel,32.76,24.22,2554.45,793.45,3347.9,0,False,Entregada,Entrega realizada en tiempo,0
3902,44,17,7,41,2026-01-18,08:37:00,2026-01-18,20:18:00,2026-01-18,20:18:00,5.62,4,429.7,Diesel,76.32,24.08,3242.5,1837.79,5080.29,0,False,Entregada,Entrega realizada en tiempo,1
3903,2,32,7,16,2026-07-08,15:41:00,2026-07-08,20:47:00,2026-07-08,20:47:00,1.01,75,170.38,Gasolina,15.43,25.35,2052.9,391.15,2444.05,0,False,Entregada,Entrega realizada en tiempo,0
3904,47,9,12,5,2026-06-22,12:16:00,2026-06-22,20:08:00,2026-06-22,20:08:00,0.24,21,345.67,Gasolina,28.26,24.27,2420.35,685.87,3106.22,0,False,Entregada,Entrega realizada en tiempo,0
3905,57,16,48,49,2026-04-04,09:35:00,2026-04-04,01:23:00,2026-04-05,01:23:00,0.81,34,388.8,Gasolina,34.93,23.95,2797.0,836.57,3633.57,0,False,Entregada,Entrega realizada en tiempo,1
3906,55,8,8,27,2026-01-28,13:42:00,2026-01-28,00:08:00,2026-01-29,00:08:00,11.33,80,332.58,Diesel,35.53,25.83,3935.9,917.74,4853.64,0,False,Entregada,Entrega realizada en tiempo,1
3907,35,10,27,45,2026-01-22,20:17:00,2026-01-22,08:28:00,2026-01-23,08:28:00,1.22,43,467.97,Gasolina,46.94,24.32,3305.85,1141.58,4447.43,0,False,Entregada,Entrega realizada en tiempo,1
3908,100,21,35,10,2026-04-13,19:08:00,2026-04-13,11:40:00,2026-04-14,12:47:00,0.67,80,478.07,Diesel,66.86,26.9,3597.35,1798.53,5395.88,67,True,Tardía,"Tráfico alto, Hora pico, Distancia larga",1
3909,24,13,9,13,2026-03-30,20:23:00,2026-03-30,03:34:00,2026-03-31,03:34:00,1.38,76,255.59,Gasolina,20.85,24.04,2523.95,501.23,3025.18,0,False,Entregada,Entrega realizada en tiempo,0
3910,8,14,43,48,2026-06-10,13:56:00,2026-06-10,19:33:00,2026-06-10,19:33:00,7.89,22,160.31,Diesel,17.27,24.09,2266.55,416.03,2682.58,0,False,Entregada,Entrega realizada en tiempo,0
3911,4,32,21,3,2026-08-12,18:45:00,2026-08-12,06:15:00,2026-08-13,07:15:00,0.4,66,373.24,Gasolina,33.81,24.08,2934.2,814.14,3748.34,60,True,Tardía,"Hora pico, Distancia larga",1
3912,38,9,23,12,2026-03-13,18:31:00,2026-03-13,07:14:00,2026-03-14,07:14:00,0.66,63,374.38,Gasolina,30.61,23.86,2941.9,730.35,3672.25,0,False,Entregada,Entrega realizada en tiempo,1
3913,36,37,25,17,2026-07-23,10:02:00,2026-07-23,23:18:00,2026-07-23,23:18:00,3.15,40,323.39,Diesel,34.48,26.42,2751.95,910.96,3662.91,0,False,Entregada,Entrega realizada en tiempo,1
3914,7,28,1,25,2026-05-26,20:55:00,2026-05-26,06:21:00,2026-05-27,06:21:00,0.73,66,328.41,Diesel,48.15,25.17,2743.05,1211.94,3954.99,0,False,Entregada,Entrega realizada en tiempo,1
3915,70,28,9,48,2026-06-21,17:23:00,2026-06-21,23:00:00,2026-06-21,23:00:00,0.2,47,142.64,Diesel,20.91,25.49,1609.2,533.0,2142.2,0,False,Entregada,Entrega realizada en tiempo,0
3916,76,15,51,36,2026-04-01,12:41:00,2026-04-01,06:02:00,2026-04-02,06:30:00,3.87,49,476.8,Diesel,98.11,24.07,3663.0,2361.51,6024.51,28,True,Tardía,"Distancia larga, Carga pesada",1
3917,33,2,30,11,2026-08-09,14:16:00,2026-08-09,18:58:00,2026-08-09,18:58:00,4.0,46,144.74,Diesel,29.18,25.81,1991.7,753.14,2744.84,0,False,Entregada,Entrega realizada en tiempo,0
3918,6,6,49,28,2026-01-16,10:09:00,2026-01-16,15:23:00,2026-01-16,15:23:00,7.18,33,203.8,Diesel,29.8,25.32,2501.0,754.54,3255.54,0,False,Entregada,Entrega realizada en tiempo,0
3919,19,26,9,24,2026-06-21,08:45:00,2026-06-21,17:22:00,2026-06-21,17:58:00,0.42,62,326.26,Gasolina,46.54,23.65,2669.3,1100.67,3769.97,36,True,Tardía,"Hora pico, Distancia larga",1
3920,48,4,42,15,2026-07-11,12:15:00,2026-07-11,02:43:00,2026-07-12,02:43:00,0.3,77,419.09,Gasolina,70.44,24.59,3241.45,1732.12,4973.57,0,False,Entregada,Entrega realizada en tiempo,1
3921,35,10,30,36,2026-05-27,14:09:00,2026-05-27,07:30:00,2026-05-28,07:30:00,1.48,32,448.93,Gasolina,45.03,25.36,3148.65,1141.96,4290.61,0,False,Entregada,Entrega realizada en tiempo,1
3922,64,38,59,17,2026-05-26,16:46:00,2026-05-26,06:02:00,2026-05-27,06:02:00,0.44,34,323.54,Gasolina,27.49,25.4,2433.7,698.25,3131.95,0,False,Entregada,Entrega realizada en tiempo,0
3923,78,23,46,40,2026-04-01,17:46:00,2026-04-01,05:20:00,2026-04-02,05:20:00,1.3,65,417.34,Gasolina,76.44,23.52,3236.7,1797.87,5034.57,0,False,Entregada,Entrega realizada en tiempo,1
3924,93,13,47,7,2026-05-07,12:43:00,2026-05-07,21:00:00,2026-05-07,21:00:00,0.87,19,339.11,Gasolina,27.66,23.32,2434.55,645.03,3079.58,0,False,Entregada,Entrega realizada en tiempo,0
3925,30,9,55,10,2026-06-24,11:57:00,2026-06-24,04:29:00,2026-06-25,05:31:00,0.22,4,422.11,Gasolina,34.51,25.59,2664.55,883.11,3547.66,62,True,Tardía,"Tráfico alto, Distancia larga",1
3926,17,31,25,7,2026-04-29,16:58:00,2026-04-29,01:15:00,2026-04-30,01:15:00,1.56,35,301.64,Diesel,42.85,26.3,2444.2,1126.96,3571.16,0,False,Entregada,Entrega realizada en tiempo,1
3927,36,3,18,47,2026-04-10,13:42:00,2026-04-10,23:40:00,2026-04-11,00:39:00,5.91,47,340.38,Diesel,73.04,24.69,3168.9,1803.36,4972.26,59,True,Tardía,"Tráfico alto, Distancia larga",1
3928,11,8,2,23,2026-01-02,08:45:00,2026-01-02,18:06:00,2026-01-02,18:06:00,18.73,17,248.44,Diesel,26.54,25.81,3751.2,685.0,4436.2,0,False,Entregada,Entrega realizada en tiempo,1
3929,5,31,50,42,2026-03-16,13:37:00,2026-03-16,16:48:00,2026-03-16,17:21:00,1.6,46,103.01,Diesel,14.63,25.33,1543.05,370.58,1913.63,33,True,Tardía,Carga pesada,0
3930,54,32,31,18,2026-02-16,09:39:00,2026-02-16,00:54:00,2026-02-17,01:35:00,0.35,27,438.54,Gasolina,39.72,25.46,2943.7,1011.27,3954.97,41,True,Tardía,"Hora pico, Distancia larga",1
3931,59,13,47,9,2026-07-03,17:33:00,2026-07-03,22:01:00,2026-07-03,22:01:00,0.89,28,171.74,Gasolina,14.01,25.31,1671.7,354.59,2026.29,0,False,Entregada,Entrega realizada en tiempo,0
3932,75,12,6,23,2026-01-31,06:00:00,2026-01-31,15:21:00,2026-01-31,15:21:00,0.87,18,292.45,Gasolina,41.84,24.47,2193.25,1023.82,3217.07,0,False,Entregada,Entrega realizada en tiempo,0
3933,97,11,5,17,2026-02-19,11:44:00,2026-02-19,01:00:00,2026-02-20,01:00:00,1.24,67,343.5,Diesel,71.86,26.63,2877.5,1913.63,4791.13,0,False,Entregada,Entrega realizada en tiempo,1
3934,86,25,51,22,2026-02-25,18:04:00,2026-02-25,18:40:00,2026-02-25,18:40:00,5.43,47,22.74,Diesel,4.84,25.43,1532.7,123.08,1655.78,0,False,Entregada,Entrega realizada en tiempo,0
3935,15,2,23,12,2026-01-02,20:36:00,2026-01-02,09:19:00,2026-01-03,10:05:00,6.11,72,356.72,Diesel,71.92,24.67,3470.6,1774.27,5244.87,46,True,Tardía,Distancia larga,1
3936,86,37,24,4,2026-05-02,09:53:00,2026-05-02,11:11:00,2026-05-02,11:11:00,3.41,30,38.93,Diesel,4.15,26.55,1275.65,110.18,1385.83,0,False,Entregada,Entrega realizada en tiempo,0
3937,30,7,9,40,2026-05-02,09:56:00,2026-05-02,21:30:00,2026-05-02,21:30:00,1.24,36,430.58,Diesel,70.59,26.23,3064.9,1851.58,4916.48,0,False,Entregada,Entrega realizada en tiempo,1
3938,67,22,4,50,2026-02-10,17:42:00,2026-02-10,02:43:00,2026-02-11,02:43:00,7.8,48,246.79,Diesel,23.87,26.49,2897.95,632.32,3530.27,0,False,Entregada,Entrega realizada en tiempo,0
3939,90,2,34,10,2026-04-16,20:45:00,2026-04-16,13:17:00,2026-04-17,14:02:00,5.06,3,450.04,Diesel,90.73,24.52,3280.2,2224.7,5504.9,45,True,Tardía,"Tráfico alto, Distancia larga",1
3940,72,31,6,11,2026-07-12,08:33:00,2026-07-12,13:15:00,2026-07-12,13:15:00,0.63,75,130.54,Diesel,18.54,26.93,1815.7,499.28,2314.98,0,False,Entregada,Entrega realizada en tiempo,0
3941,45,12,16,39,2026-06-14,13:36:00,2026-06-14,07:29:00,2026-06-15,07:29:00,0.82,53,417.39,Gasolina,59.71,23.39,3092.95,1396.62,4489.57,0,False,Entregada,Entrega realizada en tiempo,1
3942,27,5,53,21,2026-07-27,19:46:00,2026-07-27,20:24:00,2026-07-27,20:24:00,1.09,60,22.79,Diesel,2.86,24.34,1202.95,69.61,1272.56,0,False,Entregada,Entrega realizada en tiempo,0
3943,47,29,51,40,2026-01-08,09:10:00,2026-01-08,20:44:00,2026-01-08,21:38:00,0.45,26,372.79,Diesel,38.95,26.38,2616.95,1027.5,3644.45,54,True,Tardía,"Hora pico, Distancia larga",1
3944,1,39,19,5,2026-04-30,13:00:00,2026-04-30,20:52:00,2026-04-30,20:52:00,1.22,22,313.77,Gasolina,25.32,25.2,2366.85,638.06,3004.91,0,False,Entregada,Entrega realizada en tiempo,0
3945,16,15,60,2,2026-01-13,17:32:00,2026-01-13,00:10:00,2026-01-14,00:10:00,0.79,70,249.93,Diesel,51.43,25.95,2388.65,1334.61,3723.26,0,False,Entregada,Entrega realizada en tiempo,1
3946,67,32,21,22,2026-06-24,20:21:00,2026-06-24,20:57:00,2026-06-24,20:57:00,0.96,1,23.38,Gasolina,2.12,24.73,720.9,52.43,773.33,0,False,Entregada,Entrega realizada en tiempo,0
3947,13,20,22,3,2026-03-17,17:11:00,2026-03-17,04:41:00,2026-03-18,04:41:00,0.73,32,426.46,Gasolina,57.86,24.87,2961.3,1438.98,4400.28,0,False,Entregada,Entrega realizada en tiempo,1
3948,87,26,9,29,2026-02-15,19:27:00,2026-02-15,00:35:00,2026-02-16,01:16:00,0.44,44,127.04,Gasolina,18.12,23.12,1531.2,418.93,1950.13,41,True,Tardía,"Tráfico alto, Hora pico",0
3949,29,36,18,49,2026-06-19,13:58:00,2026-06-19,05:46:00,2026-06-20,05:46:00,1.7,6,402.88,Diesel,47.51,26.07,2732.4,1238.59,3970.99,0,False,Entregada,Entrega realizada en tiempo,1
3950,52,10,7,32,2026-08-13,15:16:00,2026-08-13,23:26:00,2026-08-13,23:26:00,0.62,25,256.31,Gasolina,25.71,24.81,2043.55,637.87,2681.42,0,False,Entregada,Entrega realizada en tiempo,0
3951,26,37,58,19,2026-01-28,16:50:00,2026-01-28,00:39:00,2026-01-29,00:39:00,1.56,49,315.44,Diesel,33.63,26.91,2625.2,904.98,3530.18,0,False,Entregada,Entrega realizada en tiempo,1
3952,57,36,58,44,2026-05-24,16:36:00,2026-05-24,18:46:00,2026-05-24,18:46:00,0.68,66,61.06,Diesel,7.2,26.59,1401.3,191.45,1592.75,0,False,Entregada,Entrega realizada en tiempo,0
3953,90,24,35,21,2026-04-25,11:39:00,2026-04-25,12:17:00,2026-04-25,12:17:00,1.09,10,27.24,Diesel,2.55,24.26,825.2,61.86,887.06,0,False,Entregada,Entrega realizada en tiempo,0
3954,51,28,30,42,2026-02-08,16:18:00,2026-02-08,19:29:00,2026-02-08,19:29:00,0.51,12,100.57,Diesel,14.75,25.87,1149.85,381.58,1531.43,0,False,Entregada,Entrega realizada en tiempo,0
3955,84,38,29,35,2026-06-06,13:13:00,2026-06-06,21:32:00,2026-06-06,21:32:00,0.42,59,290.23,Gasolina,24.66,23.22,2465.15,572.61,3037.76,0,False,Entregada,Entrega realizada en tiempo,0
3956,21,18,37,14,2026-08-13,08:27:00,2026-08-13,10:50:00,2026-08-13,10:50:00,0.43,35,60.7,Diesel,5.68,26.01,1126.5,147.74,1274.24,0,False,Entregada,Entrega realizada en tiempo,0
3957,67,10,60,17,2026-03-05,17:34:00,2026-03-05,06:50:00,2026-03-06,07:20:00,0.41,2,327.11,Gasolina,32.81,24.45,2192.55,802.2,2994.75,30,True,Tardía,"Hora pico, Distancia larga",0
3958,76,13,25,23,2026-01-18,19:53:00,2026-01-18,05:14:00,2026-01-19,05:14:00,1.56,58,243.97,Gasolina,19.9,25.36,2339.85,504.66,2844.51,0,False,Entregada,Entrega realizada en tiempo,0
3959,23,28,58,45,2026-05-31,08:48:00,2026-05-31,20:59:00,2026-05-31,20:59:00,0.66,7,457.26,Diesel,67.05,26.32,2908.3,1764.76,4673.06,0,False,Entregada,Entrega realizada en tiempo,1
3960,29,11,31,14,2026-03-29,18:07:00,2026-03-29,20:30:00,2026-03-29,20:30:00,4.36,19,63.79,Diesel,13.35,26.67,1406.95,356.04,1762.99,0,False,Entregada,Entrega realizada en tiempo,0
3961,24,5,10,16,2026-01-02,05:35:00,2026-01-02,10:41:00,2026-01-02,10:41:00,3.15,44,167.28,Diesel,21.02,25.52,2003.4,536.43,2539.83,0,False,Entregada,Entrega realizada en tiempo,0
3962,74,23,51,38,2026-01-30,14:14:00,2026-01-30,03:42:00,2026-01-31,03:42:00,1.35,19,471.27,Gasolina,86.31,23.54,3143.35,2031.74,5175.09,0,False,Entregada,Entrega realizada en tiempo,1
3963,100,25,25,2,2026-01-02,20:50:00,2026-01-02,03:28:00,2026-01-03,03:28:00,2.29,1,242.75,Diesel,51.65,25.0,1950.75,1291.25,3242.0,0,False,Entregada,Entrega realizada en tiempo,1
3964,63,35,14,27,2026-06-17,06:44:00,2026-06-17,17:10:00,2026-06-17,17:43:00,1.23,27,308.82,Gasolina,41.68,25.47,2383.1,1061.59,3444.69,33,True,Tardía,"Distancia larga, Carga pesada",1
3965,52,22,42,13,2026-02-02,19:20:00,2026-02-02,02:31:00,2026-02-03,02:31:00,5.42,56,253.18,Diesel,24.49,25.61,2755.9,627.19,3383.09,0,False,Entregada,Entrega realizada en tiempo,0
3966,79,39,55,29,2026-08-10,17:52:00,2026-08-10,23:00:00,2026-08-10,23:00:00,0.33,4,133.4,Gasolina,10.77,25.4,1232.0,273.56,1505.56,0,False,Entregada,Entrega realizada en tiempo,0
3967,55,3,2,32,2026-03-11,15:06:00,2026-03-11,23:16:00,2026-03-11,23:16:00,12.08,36,233.91,Diesel,50.2,24.74,3165.55,1241.95,4407.5,0,False,Entregada,Entrega realizada en tiempo,1
3968,57,3,4,18,2026-07-07,07:46:00,2026-07-07,23:01:00,2026-07-07,23:01:00,10.42,63,445.36,Diesel,95.57,26.68,4272.8,2549.81,6822.61,0,False,Entregada,Entrega realizada en tiempo,1
3969,37,13,25,36,2026-04-23,07:42:00,2026-04-23,01:03:00,2026-04-24,01:55:00,1.25,49,411.41,Gasolina,33.56,25.62,3074.05,859.81,3933.86,52,True,Tardía,"Hora pico, Distancia larga",1
3970,46,31,46,32,2026-07-24,12:53:00,2026-07-24,21:03:00,2026-07-24,21:03:00,1.01,1,257.51,Diesel,36.58,24.76,1896.55,905.72,2802.27,0,False,Entregada,Entrega realizada en tiempo,0
3971,48,33,28,28,2026-02-01,19:09:00,2026-02-01,00:23:00,2026-02-02,00:23:00,3.08,38,191.63,Diesel,24.44,26.17,2070.15,639.59,2709.74,0,False,Entregada,Entrega realizada en tiempo,0
3972,40,5,18,11,2026-05-06,19:23:00,2026-05-06,00:05:00,2026-05-07,00:05:00,1.64,30,142.96,Diesel,17.96,24.75,1618.8,444.51,2063.31,0,False,Entregada,Entrega realizada en tiempo,0
3973,93,39,33,33,2026-05-01,09:26:00,2026-05-01,13:17:00,2026-05-01,13:17:00,0.89,27,99.26,Gasolina,8.01,25.06,1301.3,200.73,1502.03,0,False,Entregada,Entrega realizada en tiempo,0
3974,23,6,41,11,2026-02-04,09:45:00,2026-02-04,14:27:00,2026-02-04,14:27:00,4.92,29,133.08,Diesel,19.46,25.76,1889.4,501.29,2390.69,0,False,Entregada,Entrega realizada en tiempo,0
3975,68,11,8,21,2026-05-25,05:00:00,2026-05-25,05:38:00,2026-05-25,05:38:00,5.69,60,23.79,Diesel,4.98,24.37,1667.95,121.36,1789.31,0,False,Entregada,Entrega realizada en tiempo,0
3976,18,1,19,46,2026-03-11,19:16:00,2026-03-11,10:06:00,2026-03-12,10:54:00,1.06,45,449.96,Gasolina,43.43,25.49,3215.8,1107.03,4322.83,48,True,Tardía,"Hora pico, Distancia larga",1
3977,86,18,8,47,2026-04-29,15:24:00,2026-04-29,01:22:00,2026-04-30,02:24:00,3.3,1,365.32,Diesel,34.21,25.73,2664.6,880.22,3544.82,62,True,Tardía,"Tráfico alto, Distancia larga",1
3978,13,26,44,48,2026-03-21,14:28:00,2026-03-21,20:05:00,2026-03-21,20:05:00,0.79,52,139.24,Gasolina,19.86,25.36,1691.2,503.65,2194.85,0,False,Entregada,Entrega realizada en tiempo,0
3979,86,29,49,26,2026-04-06,18:46:00,2026-04-06,06:59:00,2026-04-07,07:54:00,1.21,56,352.1,Diesel,36.79,24.14,2829.5,888.11,3717.61,55,True,Tardía,"Hora pico, Distancia larga",1
3980,46,9,1,33,2026-06-21,13:54:00,2026-06-21,17:45:00,2026-06-21,17:45:00,0.95,18,103.99,Gasolina,8.5,23.93,1258.95,203.41,1462.36,0,False,Entregada,Entrega realizada en tiempo,0
3981,42,12,5,32,2026-04-04,06:18:00,2026-04-04,14:28:00,2026-04-04,14:28:00,1.04,74,253.31,Gasolina,36.24,24.56,2462.55,890.05,3352.6,0,False,Entregada,Entrega realizada en tiempo,0
3982,68,9,38,36,2026-05-09,18:09:00,2026-05-09,11:30:00,2026-05-10,12:07:00,0.89,60,410.45,Gasolina,33.56,23.01,3121.25,772.22,3893.47,37,True,Tardía,"Hora pico, Distancia larga",1
3983,10,36,24,45,2026-01-11,16:56:00,2026-01-11,05:07:00,2026-01-12,05:53:00,1.53,78,491.04,Diesel,57.91,26.35,3732.2,1525.93,5258.13,46,True,Tardía,Distancia larga,1
3984,30,34,28,44,2026-03-12,06:03:00,2026-03-12,08:13:00,2026-03-12,08:13:00,0.55,49,68.8,Diesel,5.71,24.42,1291.0,139.44,1430.44,0,False,Entregada,Entrega realizada en tiempo,0
3985,54,28,13,38,2026-01-10,10:10:00,2026-01-10,23:38:00,2026-01-11,00:12:00,0.21,12,453.31,Diesel,66.47,25.63,2883.55,1703.63,4587.18,34,True,Tardía,"Tráfico alto, Distancia larga",1
3986,25,37,53,16,2026-03-03,05:57:00,2026-03-03,11:03:00,2026-03-03,11:03:00,1.91,11,177.77,Diesel,18.95,24.34,1667.85,461.24,2129.09,0,False,Entregada,Entrega realizada en tiempo,0
3987,66,17,43,2,2026-04-13,14:16:00,2026-04-13,20:54:00,2026-04-13,20:54:00,6.65,65,255.01,Diesel,45.29,25.03,2960.05,1133.61,4093.66,0,False,Entregada,Entrega realizada en tiempo,1
3988,64,21,24,9,2026-06-28,12:22:00,2026-06-28,16:50:00,2026-06-28,16:50:00,0.37,20,160.65,Diesel,22.47,24.31,1500.25,546.25,2046.5,0,False,Entregada,Entrega realizada en tiempo,0
3989,10,18,13,27,2026-06-05,17:59:00,2026-06-05,04:25:00,2026-06-06,04:25:00,2.49,33,319.16,Diesel,29.88,26.12,2608.8,780.47,3389.27,0,False,Entregada,Entrega realizada en tiempo,0
3990,67,14,21,5,2026-04-26,20:12:00,2026-04-26,04:04:00,2026-04-27,04:04:00,20.56,65,327.52,Diesel,35.29,26.78,4713.6,945.07,5658.67,0,False,Entregada,Entrega realizada en tiempo,1
3991,85,16,22,23,2026-04-12,16:58:00,2026-04-12,02:19:00,2026-04-13,02:19:00,0.63,80,263.54,Gasolina,23.68,25.63,2520.7,606.92,3127.62,0,False,Entregada,Entrega realizada en tiempo,0
3992,85,14,52,35,2026-07-02,14:45:00,2026-07-02,23:04:00,2026-07-02,23:04:00,0.93,69,302.64,Diesel,32.61,24.75,2658.2,807.1,3465.3,0,False,Entregada,Entrega realizada en tiempo,0
3993,60,35,60,10,2026-03-25,15:57:00,2026-03-25,08:29:00,2026-03-26,08:29:00,1.32,6,469.7,Gasolina,63.39,24.8,3028.5,1572.07,4600.57,0,False,Entregada,Entrega realizada en tiempo,1
3994,96,38,8,50,2026-07-30,16:08:00,2026-07-30,01:09:00,2026-07-31,01:09:00,0.48,34,251.57,Gasolina,21.37,25.8,2077.85,551.35,2629.2,0,False,Entregada,Entrega realizada en tiempo,0
3995,40,31,27,46,2026-02-13,09:25:00,2026-02-13,00:15:00,2026-02-14,01:21:00,1.46,69,412.47,Diesel,58.59,25.46,3260.35,1491.7,4752.05,66,True,Tardía,"Hora pico, Distancia larga, Carga pesada",1
3996,76,30,13,28,2026-05-04,06:05:00,2026-05-04,11:19:00,2026-05-04,11:19:00,0.24,1,171.87,Diesel,14.77,26.96,1391.35,398.2,1789.55,0,False,Entregada,Entrega realizada en tiempo,0
3997,64,5,39,49,2026-01-15,13:54:00,2026-01-15,05:42:00,2026-01-16,05:42:00,5.01,17,449.36,Diesel,56.45,24.56,3383.8,1386.41,4770.21,0,False,Entregada,Entrega realizada en tiempo,1
3998,85,30,11,7,2026-02-02,08:49:00,2026-02-02,17:06:00,2026-02-02,17:06:00,1.78,47,286.77,Diesel,24.64,25.72,2487.85,633.74,3121.59,0,False,Entregada,Entrega realizada en tiempo,0
3999,82,18,58,23,2026-07-07,15:10:00,2026-07-07,00:31:00,2026-07-08,00:31:00,0.94,40,282.65,Diesel,26.47,26.17,2327.25,692.72,3019.97,0,False,Entregada,Entrega realizada en tiempo,0
4000,54,12,10,3,2026-01-25,15:21:00,2026-01-25,02:51:00,2026-01-26,02:51:00,0.92,55,407.06,Gasolina,58.23,24.9,3067.3,1449.93,4517.23,0,False,Entregada,Entrega realizada en tiempo,1
4001,31,39,14,44,2026-04-01,06:33:00,2026-04-01,08:43:00,2026-04-01,08:43:00,0.86,20,59.05,Gasolina,4.77,25.2,1041.25,120.2,1161.45,0,False,Entregada,Entrega realizada en tiempo,0
4002,50,9,21,16,2026-06-22,20:05:00,2026-06-22,01:11:00,2026-06-23,01:37:00,0.92,36,183.63,Gasolina,15.01,24.48,1798.15,367.44,2165.59,26,True,Tardía,Carga pesada,0
4003,41,39,49,34,2026-08-03,12:04:00,2026-08-03,15:38:00,2026-08-03,15:38:00,0.47,36,153.64,Gasolina,12.4,23.18,1603.2,287.43,1890.63,0,False,Entregada,Entrega realizada en tiempo,0
4004,37,34,20,13,2026-07-12,14:03:00,2026-07-12,21:14:00,2026-07-12,21:14:00,3.59,63,237.36,Diesel,19.71,24.04,2549.8,473.83,3023.63,0,False,Entregada,Entrega realizada en tiempo,0
4005,96,39,14,48,2026-08-10,10:11:00,2026-08-10,15:48:00,2026-08-10,16:46:00,0.41,66,144.15,Gasolina,11.63,25.82,1789.75,300.29,2090.04,58,True,Tardía,Tráfico alto,0
4006,73,39,51,30,2026-01-07,08:16:00,2026-01-07,15:48:00,2026-01-07,16:11:00,0.55,35,195.4,Gasolina,15.77,23.07,1812.0,363.81,2175.81,23,True,Tardía,Hora pico,0
4007,80,1,30,31,2026-01-25,20:11:00,2026-01-25,07:19:00,2026-01-26,07:19:00,0.94,31,304.6,Gasolina,29.4,25.11,2365.0,738.23,3103.23,0,False,Entregada,Entrega realizada en tiempo,0
4008,31,9,49,32,2026-05-02,10:31:00,2026-05-02,18:41:00,2026-05-02,18:41:00,0.44,56,225.7,Gasolina,18.45,23.77,2120.5,438.56,2559.06,0,False,Entregada,Entrega realizada en tiempo,0
4009,51,5,29,9,2026-04-24,14:30:00,2026-04-24,18:58:00,2026-04-24,18:58:00,5.9,29,171.52,Diesel,21.55,24.93,2179.6,537.24,2716.84,0,False,Entregada,Entrega realizada en tiempo,0
4010,14,19,30,7,2026-02-16,15:26:00,2026-02-16,23:43:00,2026-02-17,00:39:00,2.42,55,334.12,Diesel,32.92,26.4,2852.6,869.09,3721.69,56,True,Tardía,"Tráfico alto, Distancia larga",1
4011,74,9,39,18,2026-02-15,17:45:00,2026-02-15,09:00:00,2026-02-16,09:00:00,0.85,7,450.25,Gasolina,36.82,25.89,2892.25,953.27,3845.52,0,False,Entregada,Entrega realizada en tiempo,1
4012,45,4,60,42,2026-01-26,09:56:00,2026-01-26,13:07:00,2026-01-26,13:07:00,0.95,33,90.67,Gasolina,15.24,23.67,1312.35,360.73,1673.08,0,False,Entregada,Entrega realizada en tiempo,0
4013,32,37,4,28,2026-02-10,18:39:00,2026-02-10,23:53:00,2026-02-10,23:53:00,3.46,70,176.56,Diesel,18.82,25.93,2288.8,488.0,2776.8,0,False,Entregada,Entrega realizada en tiempo,0
4014,43,33,12,19,2026-07-27,17:30:00,2026-07-27,01:19:00,2026-07-28,01:54:00,1.8,25,285.12,Diesel,36.37,26.49,2305.6,963.44,3269.04,35,True,Tardía,Hora pico,1
4015,78,39,56,3,2026-02-26,17:58:00,2026-02-26,05:28:00,2026-02-27,05:28:00,1.05,15,369.77,Gasolina,29.84,23.33,2573.85,696.17,3270.02,0,False,Entregada,Entrega realizada en tiempo,0
4016,57,23,39,16,2026-05-26,14:20:00,2026-05-26,19:26:00,2026-05-26,19:26:00,1.62,60,186.15,Gasolina,34.09,23.26,2072.75,792.93,2865.68,0,False,Entregada,Entrega realizada en tiempo,0
4017,37,12,6,48,2026-01-23,16:43:00,2026-01-23,22:20:00,2026-01-23,22:20:00,0.6,24,160.7,Gasolina,22.99,23.1,1555.5,531.07,2086.57,0,False,Entregada,Entrega realizada en tiempo,0
4018,91,26,55,42,2026-07-04,13:38:00,2026-07-04,16:49:00,2026-07-04,17:07:00,0.57,12,103.15,Gasolina,14.71,25.5,1168.75,375.11,1543.86,18,True,Tardía,Incidencia operativa,0
4019,25,26,17,14,2026-04-11,11:18:00,2026-04-11,13:41:00,2026-04-11,13:41:00,0.46,33,66.46,Gasolina,9.48,23.48,1142.3,222.59,1364.89,0,False,Entregada,Entrega realizada en tiempo,0
4020,100,37,52,27,2026-05-31,07:16:00,2026-05-31,17:42:00,2026-05-31,18:23:00,2.37,19,344.61,Diesel,36.74,25.39,2612.05,932.83,3544.88,41,True,Tardía,"Hora pico, Distancia larga",1
4021,20,11,59,29,2026-04-12,19:15:00,2026-04-12,00:23:00,2026-04-13,01:25:00,4.19,41,130.23,Diesel,27.24,25.52,1898.15,695.16,2593.31,62,True,Tardía,"Tráfico alto, Hora pico",0
4022,58,35,21,43,2026-05-04,08:03:00,2026-05-04,23:30:00,2026-05-04,23:30:00,1.1,78,470.85,Gasolina,63.54,23.57,3588.25,1497.64,5085.89,0,False,Entregada,Entrega realizada en tiempo,1
4023,97,24,14,3,2026-01-04,06:37:00,2026-01-04,18:07:00,2026-01-04,18:07:00,1.42,6,373.86,Diesel,35.04,26.0,2559.3,911.04,3470.34,0,False,Entregada,Entrega realizada en tiempo,1
4024,28,9,22,33,2026-07-07,16:41:00,2026-07-07,20:32:00,2026-07-07,20:32:00,0.61,61,118.88,Gasolina,9.72,25.65,1643.4,249.32,1892.72,0,False,Entregada,Entrega realizada en tiempo,0
4025,37,26,24,36,2026-04-16,08:30:00,2026-04-16,01:51:00,2026-04-17,01:51:00,0.65,22,472.03,Gasolina,67.34,23.93,3101.15,1611.45,4712.6,0,False,Entregada,Entrega realizada en tiempo,1
4026,60,2,16,19,2026-03-12,16:40:00,2026-03-12,00:29:00,2026-03-13,01:05:00,0.73,28,308.97,Diesel,62.29,25.06,2341.85,1560.99,3902.84,36,True,Tardía,Distancia larga,1
4027,98,27,55,34,2026-03-14,07:21:00,2026-03-14,10:55:00,2026-03-14,10:55:00,17.65,38,157.06,Diesel,20.19,26.2,3354.3,528.98,3883.28,0,False,Entregada,Entrega realizada en tiempo,0
4028,43,8,30,21,2026-05-07,09:20:00,2026-05-07,09:58:00,2026-05-07,09:58:00,1.31,9,26.84,Diesel,2.87,25.54,837.2,73.3,910.5,0,False,Entregada,Entrega realizada en tiempo,0
4029,14,32,26,37,2026-06-22,15:22:00,2026-06-22,19:53:00,2026-06-22,19:53:00,0.65,73,177.28,Gasolina,16.06,24.74,2035.4,397.32,2432.72,0,False,Entregada,Entrega realizada en tiempo,0
4030,42,27,1,3,2026-07-21,10:45:00,2026-07-21,22:15:00,2026-07-21,22:15:00,8.76,29,381.6,Diesel,49.05,24.94,3516.0,1223.31,4739.31,0,False,Entregada,Entrega realizada en tiempo,1
4031,24,37,54,26,2026-07-08,11:33:00,2026-07-08,23:46:00,2026-07-08,23:46:00,2.69,33,327.47,Diesel,34.91,24.26,2670.35,846.92,3517.27,0,False,Entregada,Entrega realizada en tiempo,1
4032,73,11,12,9,2026-03-25,07:46:00,2026-03-25,12:14:00,2026-03-25,12:14:00,1.5,34,185.42,Diesel,38.79,25.44,1849.1,986.82,2835.92,0,False,Entregada,Entrega realizada en tiempo,0
4033,76,24,54,47,2026-02-20,17:41:00,2026-02-20,03:39:00,2026-02-21,04:43:00,0.49,17,321.0,Diesel,30.08,24.21,2290.0,728.24,3018.24,64,True,Tardía,"Tráfico alto, Hora pico, Distancia larga",0
4034,19,28,20,14,2026-01-15,09:39:00,2026-01-15,12:02:00,2026-01-15,12:26:00,0.57,61,63.24,Diesel,9.27,26.37,1361.2,244.45,1605.65,24,True,Tardía,Hora pico,0
4035,20,12,38,36,2026-02-06,08:01:00,2026-02-06,01:22:00,2026-02-07,01:22:00,0.85,80,441.15,Gasolina,63.11,24.09,3430.75,1520.32,4951.07,0,False,Entregada,Entrega realizada en tiempo,1
4036,97,10,20,43,2026-02-18,08:10:00,2026-02-18,23:37:00,2026-02-18,23:37:00,1.25,78,453.68,Gasolina,45.5,23.1,3517.4,1051.05,4568.45,0,False,Entregada,Entrega realizada en tiempo,1
4037,92,20,37,26,2026-02-04,20:16:00,2026-02-04,08:29:00,2026-02-05,08:29:00,0.36,4,334.6,Gasolina,45.4,24.3,2241.0,1103.22,3344.22,0,False,Entregada,Entrega realizada en tiempo,1
4038,83,38,52,22,2026-02-20,06:58:00,2026-02-20,07:34:00,2026-02-20,07:34:00,0.57,70,22.83,Gasolina,1.94,25.8,1231.15,50.05,1281.2,0,False,Entregada,Entrega realizada en tiempo,0
4039,85,19,49,32,2026-04-14,17:43:00,2026-04-14,01:53:00,2026-04-15,02:38:00,5.73,80,251.75,Diesel,24.8,24.47,2971.75,606.86,3578.61,45,True,Tardía,Hora pico,1
4040,39,26,28,26,2026-04-07,12:44:00,2026-04-07,00:57:00,2026-04-08,01:21:00,0.43,72,335.59,Gasolina,47.87,23.63,2796.95,1131.17,3928.12,24,True,Tardía,Distancia larga,1
4041,53,33,11,44,2026-07-10,14:57:00,2026-07-10,17:07:00,2026-07-10,17:07:00,1.02,3,65.81,Diesel,8.39,25.01,955.05,209.83,1164.88,0,False,Entregada,Entrega realizada en tiempo,0
4042,24,22,51,41,2026-04-20,09:36:00,2026-04-20,21:17:00,2026-04-20,21:17:00,4.21,62,406.44,Diesel,39.31,25.13,3449.2,987.86,4437.06,0,False,Entregada,Entrega realizada en tiempo,1
4043,73,10,14,50,2026-02-06,13:28:00,2026-02-06,22:29:00,2026-02-06,22:29:00,0.43,21,255.11,Gasolina,25.59,24.9,1986.55,637.19,2623.74,0,False,Entregada,Entrega realizada en tiempo,0
4044,39,27,59,35,2026-07-29,09:30:00,2026-07-29,17:49:00,2026-07-29,17:49:00,23.2,8,298.02,Diesel,38.31,24.81,4374.1,950.47,5324.57,0,False,Entregada,Entrega realizada en tiempo,1
4045,23,13,50,44,2026-06-24,10:16:00,2026-06-24,12:26:00,2026-06-24,12:26:00,1.08,33,70.76,Gasolina,5.77,25.93,1225.8,149.62,1375.42,0,False,Entregada,Entrega realizada en tiempo,0
4046,54,26,7,3,2026-04-01,08:59:00,2026-04-01,20:29:00,2026-04-01,20:29:00,0.4,39,405.35,Gasolina,57.82,25.23,2878.75,1458.8,4337.55,0,False,Entregada,Entrega realizada en tiempo,1
4047,12,35,4,25,2026-08-11,19:25:00,2026-08-11,04:51:00,2026-08-12,04:51:00,0.3,22,349.47,Gasolina,47.16,24.65,2453.35,1162.49,3615.84,0,False,Entregada,Entrega realizada en tiempo,1
4048,97,34,45,34,2026-05-01,09:17:00,2026-05-01,12:51:00,2026-05-01,12:51:00,1.61,33,160.69,Diesel,13.35,26.95,1728.45,359.78,2088.23,0,False,Entregada,Entrega realizada en tiempo,0
4049,3,16,44,49,2026-06-16,14:05:00,2026-06-16,05:53:00,2026-06-17,05:53:00,0.92,67,435.12,Gasolina,39.09,24.86,3303.6,971.78,4275.38,0,False,Entregada,Entrega realizada en tiempo,1
4050,42,27,52,6,2026-02-28,12:17:00,2026-02-28,19:11:00,2026-02-28,19:11:00,19.2,7,256.52,Diesel,32.97,26.93,3758.6,887.88,4646.48,0,False,Entregada,Entrega realizada en tiempo,1
4051,30,16,56,7,2026-05-20,10:34:00,2026-05-20,18:51:00,2026-05-20,19:48:00,0.65,4,333.61,Gasolina,29.97,24.41,2265.05,731.57,2996.62,57,True,Tardía,"Tráfico alto, Distancia larga",0
4052,75,5,52,9,2026-06-15,09:31:00,2026-06-15,13:59:00,2026-06-15,13:59:00,9.22,64,174.96,Diesel,21.98,26.36,2808.8,579.39,3388.19,0,False,Entregada,Entrega realizada en tiempo,0
4053,81,40,36,1,2026-01-24,09:10:00,2026-01-24,15:29:00,2026-01-24,16:06:00,11.25,4,190.03,Diesel,29.69,26.29,2607.15,780.55,3387.7,37,True,Tardía,"Hora pico, Carga pesada",0
4054,24,2,1,41,2026-02-09,10:37:00,2026-02-09,22:18:00,2026-02-09,22:57:00,8.96,13,401.78,Diesel,81.0,24.73,3508.9,2003.13,5512.03,39,True,Tardía,"Tráfico alto, Distancia larga",1
4055,51,14,44,5,2026-03-16,05:37:00,2026-03-16,13:29:00,2026-03-16,13:44:00,5.94,71,296.01,Diesel,31.9,25.46,3142.05,812.17,3954.22,15,True,Tardía,Incidencia operativa,1
4056,24,16,8,36,2026-06-02,16:30:00,2026-06-02,09:51:00,2026-06-03,10:14:00,0.44,24,446.45,Gasolina,40.11,24.87,2968.25,997.54,3965.79,23,True,Tardía,Distancia larga,1
4057,78,2,58,16,2026-01-26,17:31:00,2026-01-26,22:37:00,2026-01-26,22:37:00,6.38,41,172.36,Diesel,34.75,25.73,2327.8,894.12,3221.92,0,False,Entregada,Entrega realizada en tiempo,0
4058,89,1,1,45,2026-01-02,08:41:00,2026-01-02,20:52:00,2026-01-02,20:52:00,1.63,75,454.66,Gasolina,43.89,25.26,3536.3,1108.66,4644.96,0,False,Entregada,Entrega realizada en tiempo,1
4059,11,30,25,22,2026-08-04,09:52:00,2026-08-04,10:28:00,2026-08-04,10:28:00,1.23,23,21.66,Diesel,1.86,26.55,915.3,49.38,964.68,0,False,Entregada,Entrega realizada en tiempo,0
4060,68,16,17,14,2026-07-20,19:58:00,2026-07-20,22:21:00,2026-07-20,22:48:00,0.25,62,66.34,Gasolina,5.96,23.85,1352.7,142.15,1494.85,27,True,Tardía,Hora pico,0
4061,64,20,28,40,2026-01-30,08:29:00,2026-01-30,20:03:00,2026-01-30,20:03:00,1.02,8,426.3,Gasolina,57.84,25.07,2797.5,1450.05,4247.55,0,False,Entregada,Entrega realizada en tiempo,1
4062,58,1,9,31,2026-02-06,20:11:00,2026-02-06,07:19:00,2026-02-07,07:19:00,0.42,5,310.15,Gasolina,29.94,23.16,2132.75,693.41,2826.16,0,False,Entregada,Entrega realizada en tiempo,0
4063,80,16,43,47,2026-07-04,19:00:00,2026-07-04,04:58:00,2026-07-05,04:58:00,0.46,70,320.66,Gasolina,28.81,23.61,2709.3,680.2,3389.5,0,False,Entregada,Entrega realizada en tiempo,0
4064,81,37,42,8,2026-02-15,09:10:00,2026-02-15,16:43:00,2026-02-15,16:43:00,0.25,15,181.84,Diesel,19.39,26.04,1554.2,504.92,2059.12,0,False,Entregada,Entrega realizada en tiempo,0
4065,4,24,56,39,2026-08-11,09:11:00,2026-08-11,03:04:00,2026-08-12,03:04:00,0.88,34,424.06,Diesel,39.74,25.64,2980.3,1018.93,3999.23,0,False,Entregada,Entrega realizada en tiempo,1
4066,18,23,12,46,2026-04-26,15:10:00,2026-04-26,06:00:00,2026-04-27,06:27:00,1.74,47,401.93,Gasolina,73.61,23.66,3059.65,1741.61,4801.26,27,True,Tardía,"Distancia larga, Carga pesada",1
4067,13,28,30,37,2026-03-30,12:10:00,2026-03-30,16:41:00,2026-03-30,16:41:00,0.31,68,177.35,Diesel,26.0,26.24,1961.75,682.24,2643.99,0,False,Entregada,Entrega realizada en tiempo,0
4068,22,25,32,44,2026-01-07,08:47:00,2026-01-07,10:57:00,2026-01-07,10:57:00,6.59,11,59.49,Diesel,12.66,25.52,1544.45,323.08,1867.53,0,False,Entregada,Entrega realizada en tiempo,0
4069,15,28,60,30,2026-07-23,20:26:00,2026-07-23,03:58:00,2026-07-24,03:58:00,0.9,18,215.93,Diesel,31.66,24.02,1813.65,760.47,2574.12,0,False,Entregada,Entrega realizada en tiempo,0
4070,41,7,22,13,2026-05-10,15:55:00,2026-05-10,23:06:00,2026-05-10,23:06:00,1.51,33,257.66,Diesel,42.24,25.3,2203.3,1068.67,3271.97,0,False,Entregada,Entrega realizada en tiempo,0
4071,30,2,11,11,2026-01-11,12:05:00,2026-01-11,16:47:00,2026-01-11,16:47:00,0.56,62,141.14,Diesel,28.46,26.79,1757.7,762.44,2520.14,0,False,Entregada,Entrega realizada en tiempo,0
4072,44,14,42,2,2026-03-14,05:23:00,2026-03-14,12:01:00,2026-03-14,12:27:00,11.56,26,251.38,Diesel,27.09,24.84,3120.9,672.92,3793.82,26,True,Tardía,Incidencia operativa,1
4073,10,4,43,22,2026-01-08,17:20:00,2026-01-08,17:56:00,2026-01-08,18:35:00,0.51,41,23.97,Gasolina,4.03,23.96,998.85,96.56,1095.41,39,True,Tardía,Hora pico,0
4074,71,19,27,32,2026-04-25,06:14:00,2026-04-25,14:24:00,2026-04-25,14:24:00,3.3,64,232.81,Diesel,22.94,25.31,2506.05,580.61,3086.66,0,False,Entregada,Entrega realizada en tiempo,0
4075,79,32,4,47,2026-01-02,20:41:00,2026-01-02,06:39:00,2026-01-03,06:39:00,0.76,30,342.37,Gasolina,31.01,24.95,2527.85,773.7,3301.55,0,False,Entregada,Entrega realizada en tiempo,0
4076,51,18,43,19,2026-08-01,06:21:00,2026-08-01,14:10:00,2026-08-01,14:35:00,3.54,66,288.22,Diesel,26.99,24.25,2823.1,654.51,3477.61,25,True,Tardía,Carga pesada,0
4077,21,29,11,30,2026-06-14,17:15:00,2026-06-14,00:47:00,2026-06-15,00:47:00,1.48,18,205.04,Diesel,21.43,25.69,1817.2,550.54,2367.74,0,False,Entregada,Entrega realizada en tiempo,0
4078,16,36,59,16,2026-02-03,05:23:00,2026-02-03,10:29:00,2026-02-03,10:44:00,1.03,14,180.53,Diesel,21.29,24.19,1617.65,515.01,2132.66,15,True,Tardía,Incidencia operativa,0
4079,25,17,2,28,2026-02-20,15:34:00,2026-02-20,20:48:00,2026-02-20,21:17:00,4.29,4,202.88,Diesel,36.04,25.79,1975.4,929.47,2904.87,29,True,Tardía,Incidencia operativa,0
4080,47,2,12,20,2026-01-11,15:20:00,2026-01-11,05:36:00,2026-01-12,06:14:00,2.5,9,438.31,Diesel,88.37,26.57,3013.55,2347.99,5361.54,38,True,Tardía,Distancia larga,1
4081,61,5,47,6,2026-04-28,06:42:00,2026-04-28,13:36:00,2026-04-28,14:21:00,3.8,51,274.16,Diesel,34.44,25.7,2658.8,885.11,3543.91,45,True,Tardía,Tráfico alto,1
4082,66,36,26,13,2026-06-11,07:10:00,2026-06-11,14:21:00,2026-06-11,14:21:00,2.59,33,283.04,Diesel,33.38,25.34,2438.2,845.85,3284.05,0,False,Entregada,Entrega realizada en tiempo,0
4083,85,39,2,20,2026-06-12,12:34:00,2026-06-12,02:50:00,2026-06-13,02:50:00,1.12,11,408.04,Gasolina,32.93,24.63,2740.2,811.07,3551.27,0,False,Entregada,Entrega realizada en tiempo,1
4084,85,34,8,37,2026-01-16,08:06:00,2026-01-16,12:37:00,2026-01-16,12:37:00,12.86,36,205.89,Diesel,17.1,25.01,3103.45,427.67,3531.12,0,False,Entregada,Entrega realizada en tiempo,0
4085,53,32,51,45,2026-04-13,17:28:00,2026-04-13,05:39:00,2026-04-14,05:39:00,0.41,54,462.37,Gasolina,41.88,24.75,3284.85,1036.53,4321.38,0,False,Entregada,Entrega realizada en tiempo,1
4086,44,9,18,37,2026-04-13,05:06:00,2026-04-13,09:37:00,2026-04-13,09:51:00,0.65,62,180.78,Gasolina,14.78,25.37,1964.9,374.97,2339.87,14,True,Tardía,Incidencia operativa,0
4087,58,28,20,22,2026-01-20,18:55:00,2026-01-20,19:31:00,2026-01-20,19:31:00,0.21,60,22.05,Diesel,3.23,24.12,1111.25,77.91,1189.16,0,False,Entregada,Entrega realizada en tiempo,0
4088,20,14,36,1,2026-03-06,14:14:00,2026-03-06,20:33:00,2026-03-06,20:33:00,7.94,40,185.05,Diesel,19.94,26.62,2539.25,530.8,3070.05,0,False,Entregada,Entrega realizada en tiempo,0
4089,57,30,43,9,2026-03-24,09:46:00,2026-03-24,14:14:00,2026-03-24,15:00:00,0.59,20,187.43,Diesel,16.1,25.76,1656.15,414.74,2070.89,46,True,Tardía,Hora pico,0
4090,89,12,35,18,2026-05-15,20:30:00,2026-05-15,11:45:00,2026-05-16,11:45:00,0.8,31,388.22,Gasolina,55.54,24.51,2769.1,1361.29,4130.39,0,False,Entregada,Entrega realizada en tiempo,1
4091,23,30,11,40,2026-06-05,09:13:00,2026-06-05,20:47:00,2026-06-05,20:47:00,1.68,44,418.02,Diesel,35.91,26.68,3110.1,958.08,4068.18,0,False,Entregada,Entrega realizada en tiempo,1
4092,81,2,11,45,2026-03-07,05:57:00,2026-03-07,18:08:00,2026-03-07,19:06:00,15.76,79,423.7,Diesel,85.42,25.27,4826.5,2158.56,6985.06,58,True,Tardía,"Distancia larga, Carga pesada",1
4093,92,39,52,34,2026-03-20,15:18:00,2026-03-20,18:52:00,2026-03-20,18:52:00,0.45,69,159.81,Gasolina,12.9,23.41,1896.05,301.99,2198.04,0,False,Entregada,Entrega realizada en tiempo,0
4094,59,16,38,36,2026-03-01,13:46:00,2026-03-01,07:07:00,2026-03-02,07:07:00,1.14,51,464.34,Gasolina,41.72,24.04,3343.7,1002.95,4346.65,0,False,Entregada,Entrega realizada en tiempo,1
4095,91,16,39,5,2026-05-22,20:26:00,2026-05-22,04:18:00,2026-05-23,04:18:00,0.97,59,301.48,Gasolina,27.09,25.37,2576.4,687.27,3263.67,0,False,Entregada,Entrega realizada en tiempo,0
4096,20,31,16,22,2026-08-10,10:53:00,2026-08-10,11:29:00,2026-08-10,11:29:00,0.96,31,22.1,Diesel,3.14,26.68,954.5,83.78,1038.28,0,False,Entregada,Entrega realizada en tiempo,0
4097,50,11,4,7,2026-04-16,16:12:00,2026-04-16,00:29:00,2026-04-17,01:06:00,1.69,32,330.75,Diesel,69.19,26.07,2578.75,1803.78,4382.53,37,True,Tardía,"Tráfico alto, Distancia larga",1
4098,18,6,24,26,2026-06-26,09:16:00,2026-06-26,21:29:00,2026-06-26,22:20:00,1.75,44,355.9,Diesel,52.03,24.51,2806.5,1275.26,4081.76,51,True,Tardía,"Hora pico, Distancia larga",1
4099,68,36,27,12,2026-02-25,09:23:00,2026-02-25,22:06:00,2026-02-25,23:03:00,7.01,59,366.64,Diesel,43.24,26.4,3506.2,1141.54,4647.74,57,True,Tardía,"Hora pico, Distancia larga, Carga pesada",1
4100,16,20,14,18,2026-08-12,12:59:00,2026-08-12,04:14:00,2026-08-13,04:56:00,1.61,19,461.21,Gasolina,62.58,23.8,3119.05,1489.4,4608.45,42,True,Tardía,"Distancia larga, Carga pesada",1
4101,74,17,19,37,2026-03-27,18:41:00,2026-03-27,23:12:00,2026-03-27,23:49:00,5.35,37,176.31,Diesel,31.32,25.66,2212.55,803.67,3016.22,37,True,Tardía,Hora pico,0
4102,92,20,12,41,2026-07-16,12:24:00,2026-07-16,00:05:00,2026-07-17,00:05:00,0.66,31,399.46,Gasolina,54.2,25.7,2811.3,1392.94,4204.24,0,False,Entregada,Entrega realizada en tiempo,1
4103,10,11,40,8,2026-02-01,16:17:00,2026-02-01,23:50:00,2026-02-01,23:50:00,2.74,63,187.44,Diesel,39.21,24.52,2215.2,961.43,3176.63,0,False,Entregada,Entrega realizada en tiempo,0
4104,33,25,19,12,2026-05-31,19:28:00,2026-05-31,08:11:00,2026-06-01,09:08:00,10.77,23,364.23,Diesel,77.5,26.72,3582.15,2070.8,5652.95,57,True,Tardía,"Hora pico, Distancia larga, Carga pesada",1
4105,80,34,57,32,2026-04-06,08:23:00,2026-04-06,16:33:00,2026-04-06,16:33:00,11.76,31,224.34,Diesel,18.63,24.18,3045.7,450.47,3496.17,0,False,Entregada,Entrega realizada en tiempo,0
4106,41,8,17,24,2026-06-16,07:51:00,2026-06-16,16:28:00,2026-06-16,17:16:00,13.61,68,340.34,Diesel,36.36,26.75,4106.7,972.63,5079.33,48,True,Tardía,"Hora pico, Distancia larga",1
4107,31,4,22,30,2026-07-28,20:10:00,2026-07-28,03:42:00,2026-07-29,03:42:00,0.63,34,186.59,Gasolina,31.36,23.59,1767.95,739.78,2507.73,0,False,Entregada,Entrega realizada en tiempo,0
4108,10,2,47,33,2026-01-24,08:16:00,2026-01-24,12:07:00,2026-01-24,12:07:00,10.8,52,113.57,Diesel,22.9,26.71,2563.85,611.66,3175.51,0,False,Entregada,Entrega realizada en tiempo,0
4109,31,31,35,41,2026-06-24,15:10:00,2026-06-24,02:51:00,2026-06-25,03:39:00,1.22,40,391.34,Diesel,55.59,26.76,2898.7,1487.59,4386.29,48,True,Tardía,"Tráfico alto, Distancia larga",1
4110,81,27,1,28,2026-04-18,15:07:00,2026-04-18,20:21:00,2026-04-18,20:21:00,7.0,4,203.27,Diesel,26.13,26.59,2248.35,694.8,2943.15,0,False,Entregada,Entrega realizada en tiempo,0
4111,81,27,16,48,2026-04-25,12:38:00,2026-04-25,18:15:00,2026-04-25,18:15:00,25.11,14,152.3,Diesel,19.58,24.44,3884.5,478.54,4363.04,0,False,Entregada,Entrega realizada en tiempo,1
4112,9,34,59,32,2026-06-03,06:24:00,2026-06-03,14:34:00,2026-06-03,14:55:00,13.54,44,245.68,Diesel,20.41,25.31,3434.4,516.58,3950.98,21,True,Tardía,Carga pesada,1
4113,45,38,1,7,2026-01-28,09:20:00,2026-01-28,17:37:00,2026-01-28,18:23:00,0.56,1,291.87,Gasolina,24.8,23.13,2023.35,573.62,2596.97,46,True,Tardía,"Tráfico alto, Hora pico",0
4114,33,4,12,31,2026-02-12,20:59:00,2026-02-12,08:07:00,2026-02-13,08:07:00,0.84,80,308.14,Gasolina,51.79,25.37,2764.7,1313.91,4078.61,0,False,Entregada,Entrega realizada en tiempo,1
4115,66,15,41,9,2026-01-29,09:03:00,2026-01-29,13:31:00,2026-01-29,13:31:00,0.29,71,173.13,Diesel,35.62,24.24,1962.65,863.43,2826.08,0,False,Entregada,Entrega realizada en tiempo,0
4116,96,40,36,19,2026-02-06,14:02:00,2026-02-06,21:51:00,2026-02-06,21:51:00,9.47,60,321.53,Diesel,50.24,26.29,3534.65,1320.81,4855.46,0,False,Entregada,Entrega realizada en tiempo,1
4117,80,39,53,41,2026-07-12,17:32:00,2026-07-12,05:13:00,2026-07-13,06:15:00,0.85,34,436.91,Gasolina,35.26,23.25,3041.55,819.79,3861.34,62,True,Tardía,"Tráfico alto, Hora pico, Distancia larga",1
4118,35,9,17,26,2026-01-04,18:14:00,2026-01-04,06:27:00,2026-01-05,07:19:00,0.22,63,361.93,Gasolina,29.59,25.16,2835.65,744.48,3580.13,52,True,Tardía,"Hora pico, Distancia larga",1
4119,46,38,24,11,2026-05-13,13:47:00,2026-05-13,18:29:00,2026-05-13,18:29:00,0.87,77,138.54,Gasolina,11.77,24.8,1895.7,291.9,2187.6,0,False,Entregada,Entrega realizada en tiempo,0
4120,59,21,43,31,2026-06-28,16:13:00,2026-06-28,03:21:00,2026-06-29,03:21:00,0.7,63,284.76,Diesel,39.83,25.83,2497.8,1028.81,3526.61,0,False,Entregada,Entrega realizada en tiempo,1
4121,22,38,15,2,2026-03-29,13:31:00,2026-03-29,20:09:00,2026-03-29,20:09:00,0.95,62,261.43,Gasolina,22.21,24.98,2398.15,554.81,2952.96,0,False,Entregada,Entrega realizada en tiempo,0
4122,77,35,55,14,2026-04-10,17:27:00,2026-04-10,19:50:00,2026-04-10,19:50:00,1.21,3,64.06,Gasolina,8.65,25.16,965.3,217.63,1182.93,0,False,Entregada,Entrega realizada en tiempo,0
4123,13,3,24,38,2026-02-25,11:46:00,2026-02-25,01:14:00,2026-02-26,01:54:00,15.45,69,465.65,Diesel,99.92,25.71,4925.25,2568.94,7494.19,40,True,Tardía,"Tráfico alto, Distancia larga",1
4124,31,22,52,28,2026-07-09,05:55:00,2026-07-09,11:09:00,2026-07-09,11:09:00,6.44,18,183.39,Diesel,17.74,26.3,2204.95,466.56,2671.51,0,False,Entregada,Entrega realizada en tiempo,0
4125,81,27,40,41,2026-04-09,16:45:00,2026-04-09,04:26:00,2026-04-10,04:26:00,14.06,2,428.68,Diesel,55.1,25.26,4065.4,1391.83,5457.23,0,False,Entregada,Entrega realizada en tiempo,1
4126,46,20,44,30,2026-04-11,05:58:00,2026-04-11,13:30:00,2026-04-11,13:30:00,0.74,63,194.25,Gasolina,26.36,23.25,2049.25,612.87,2662.12,0,False,Entregada,Entrega realizada en tiempo,0
4127,22,6,4,6,2026-05-09,12:08:00,2026-05-09,19:02:00,2026-05-09,19:38:00,1.3,50,272.13,Diesel,39.79,24.93,2390.65,991.96,3382.61,36,True,Tardía,Tráfico alto,1
4128,84,19,59,7,2026-05-15,05:56:00,2026-05-15,14:13:00,2026-05-15,14:13:00,0.88,17,321.11,Diesel,31.64,25.04,2329.55,792.27,3121.82,0,False,Entregada,Entrega realizada en tiempo,0
4129,38,4,33,23,2026-07-21,10:20:00,2026-07-21,19:41:00,2026-07-21,19:41:00,0.82,52,263.93,Gasolina,44.36,24.01,2317.65,1065.08,3382.73,0,False,Entregada,Entrega realizada en tiempo,1
4130,36,16,31,50,2026-04-27,13:02:00,2026-04-27,22:03:00,2026-04-27,22:03:00,0.88,58,227.03,Gasolina,20.4,24.25,2187.15,494.7,2681.85,0,False,Entregada,Entrega realizada en tiempo,0
4131,88,24,50,50,2026-03-24,17:57:00,2026-03-24,02:58:00,2026-03-25,02:58:00,1.5,29,260.25,Diesel,24.39,26.58,2183.25,648.29,2831.54,0,False,Entregada,Entrega realizada en tiempo,0
4132,72,23,47,48,2026-02-09,13:04:00,2026-02-09,18:41:00,2026-02-09,19:37:00,1.5,22,143.92,Gasolina,26.36,24.26,1545.6,639.49,2185.09,56,True,Tardía,"Tráfico alto, Carga pesada",0
4133,76,4,6,43,2026-05-06,13:49:00,2026-05-06,05:16:00,2026-05-07,05:16:00,1.56,22,456.87,Gasolina,76.78,25.56,3116.35,1962.5,5078.85,0,False,Entregada,Entrega realizada en tiempo,1
4134,76,12,40,18,2026-05-25,16:20:00,2026-05-25,07:35:00,2026-05-26,08:33:00,0.95,21,420.34,Gasolina,60.13,23.76,2864.7,1428.69,4293.39,58,True,Tardía,"Distancia larga, Carga pesada",1
4135,75,37,40,4,2026-02-06,06:52:00,2026-02-06,08:10:00,2026-02-06,08:10:00,2.74,29,42.55,Diesel,4.54,25.02,1218.75,113.59,1332.34,0,False,Entregada,Entrega realizada en tiempo,0
4136,5,29,1,4,2026-05-24,11:48:00,2026-05-24,13:06:00,2026-05-24,13:06:00,1.66,12,39.02,Diesel,4.08,26.14,957.1,106.65,1063.75,0,False,Entregada,Entrega realizada en tiempo,0
4137,17,19,10,27,2026-05-25,13:30:00,2026-05-25,23:56:00,2026-05-25,23:56:00,2.24,41,311.44,Diesel,30.68,26.08,2609.2,800.13,3409.33,0,False,Entregada,Entrega realizada en tiempo,0
4138,44,5,46,13,2026-06-22,18:24:00,2026-06-22,01:35:00,2026-06-23,01:35:00,3.85,32,249.58,Diesel,31.35,25.85,2388.9,810.4,3199.3,0,False,Entregada,Entrega realizada en tiempo,0
4139,54,5,20,9,2026-07-05,16:47:00,2026-07-05,21:15:00,2026-07-05,21:26:00,2.73,22,187.03,Diesel,23.5,25.53,1884.15,599.96,2484.11,11,True,Tardía,Incidencia operativa,0
4140,19,2,26,16,2026-02-22,11:56:00,2026-02-22,17:02:00,2026-02-22,17:28:00,1.34,53,179.96,Diesel,36.28,25.8,1957.8,936.02,2893.82,26,True,Tardía,Incidencia operativa,0
4141,68,32,13,29,2026-02-06,19:11:00,2026-02-06,00:19:00,2026-02-07,00:19:00,0.34,49,127.28,Gasolina,11.53,25.99,1562.4,299.66,1862.06,0,False,Entregada,Entrega realizada en tiempo,0
4142,25,14,45,33,2026-01-11,12:06:00,2026-01-11,15:57:00,2026-01-11,16:09:00,1.89,79,104.37,Diesel,11.25,26.41,1842.85,297.11,2139.96,12,True,Tardía,Incidencia operativa,0
4143,50,4,16,13,2026-08-01,10:03:00,2026-08-01,17:14:00,2026-08-01,17:14:00,1.36,65,279.22,Gasolina,46.93,23.88,2552.1,1120.69,3672.79,0,False,Entregada,Entrega realizada en tiempo,1
4144,12,34,42,20,2026-03-05,16:41:00,2026-03-05,06:57:00,2026-03-06,07:17:00,3.69,56,423.74,Diesel,35.19,25.89,3435.7,911.07,4346.77,20,True,Tardía,Distancia larga,1
4145,26,6,15,31,2026-05-22,20:03:00,2026-05-22,07:11:00,2026-05-23,07:11:00,5.59,21,327.73,Diesel,47.91,24.2,2865.65,1159.42,4025.07,0,False,Entregada,Entrega realizada en tiempo,1
4146,75,16,60,27,2026-05-05,16:31:00,2026-05-05,02:57:00,2026-05-06,02:57:00,0.97,59,318.7,Gasolina,28.63,24.36,2662.5,697.43,3359.93,0,False,Entregada,Entrega realizada en tiempo,0
4147,54,22,49,30,2026-04-07,12:22:00,2026-04-07,19:54:00,2026-04-07,19:54:00,6.55,45,211.61,Diesel,20.47,25.85,2573.05,529.15,3102.2,0,False,Entregada,Entrega realizada en tiempo,0
4148,8,14,17,33,2026-01-29,13:51:00,2026-01-29,17:42:00,2026-01-29,17:42:00,0.46,33,107.13,Diesel,11.54,26.31,1345.65,303.62,1649.27,0,False,Entregada,Entrega realizada en tiempo,0
4149,93,8,7,4,2026-02-05,15:39:00,2026-02-05,16:57:00,2026-02-05,16:57:00,20.61,27,41.21,Diesel,4.4,25.11,2983.05,110.48,3093.53,0,False,Entregada,Entrega realizada en tiempo,0
4150,31,4,35,40,2026-07-07,08:12:00,2026-07-07,19:46:00,2026-07-07,20:25:00,1.02,32,408.42,Gasolina,68.64,25.04,2900.1,1718.75,4618.85,39,True,Tardía,"Hora pico, Distancia larga",1
4151,9,20,42,34,2026-03-22,13:47:00,2026-03-22,17:21:00,2026-03-22,17:21:00,0.7,4,148.34,Gasolina,20.13,23.43,1343.7,471.65,1815.35,0,False,Entregada,Entrega realizada en tiempo,0
4152,33,2,28,9,2026-07-24,16:00:00,2026-07-24,20:28:00,2026-07-24,20:28:00,10.87,50,172.27,Diesel,34.73,26.15,2848.35,908.19,3756.54,0,False,Entregada,Entrega realizada en tiempo,1
4153,41,8,48,20,2026-03-20,19:30:00,2026-03-20,09:46:00,2026-03-21,10:35:00,16.27,56,456.06,Diesel,48.72,26.2,4855.3,1276.46,6131.76,49,True,Tardía,"Hora pico, Distancia larga",1
4154,33,9,30,45,2026-08-13,17:15:00,2026-08-13,05:26:00,2026-08-14,06:09:00,0.34,7,463.69,Gasolina,37.91,24.7,2908.45,936.38,3844.83,43,True,Tardía,"Hora pico, Distancia larga",1
4155,62,11,23,11,2026-06-20,06:10:00,2026-06-20,10:52:00,2026-06-20,10:52:00,3.55,30,142.36,Diesel,29.78,26.32,1806.8,783.81,2590.61,0,False,Entregada,Entrega realizada en tiempo,0
4156,47,33,40,14,2026-04-27,17:49:00,2026-04-27,20:12:00,2026-04-27,20:49:00,1.11,15,64.72,Diesel,8.26,25.61,1054.6,211.54,1266.14,37,True,Tardía,Hora pico,0
4157,68,36,39,6,2026-06-01,12:53:00,2026-06-01,19:47:00,2026-06-01,20:36:00,6.57,78,248.28,Diesel,29.28,26.18,3022.4,766.55,3788.95,49,True,Tardía,"Tráfico alto, Carga pesada",1
4158,80,38,5,48,2026-06-30,11:20:00,2026-06-30,16:57:00,2026-06-30,16:57:00,0.97,51,167.98,Gasolina,14.27,23.88,1844.9,340.77,2185.67,0,False,Entregada,Entrega realizada en tiempo,0
4159,39,28,17,50,2026-03-24,08:15:00,2026-03-24,17:16:00,2026-03-24,17:41:00,0.29,75,234.85,Diesel,34.44,26.91,2303.25,926.78,3230.03,25,True,Tardía,Hora pico,0
4160,22,20,56,10,2026-08-13,19:24:00,2026-08-13,11:56:00,2026-08-14,13:05:00,1.57,64,476.78,Gasolina,64.69,24.51,3552.9,1585.55,5138.45,69,True,Tardía,"Tráfico alto, Hora pico, Distancia larga, Carga pesada",1
4161,61,32,39,44,2026-03-30,06:07:00,2026-03-30,08:17:00,2026-03-30,08:17:00,0.28,39,58.89,Gasolina,5.33,25.82,1134.45,137.62,1272.07,0,False,Entregada,Entrega realizada en tiempo,0
4162,96,40,44,49,2026-02-28,16:31:00,2026-02-28,08:19:00,2026-03-01,08:19:00,2.11,19,451.45,Diesel,70.54,26.86,3120.25,1894.7,5014.95,0,False,Entregada,Entrega realizada en tiempo,1
4163,6,9,59,33,2026-06-28,05:03:00,2026-06-28,08:54:00,2026-06-28,08:54:00,0.36,40,109.2,Gasolina,8.93,24.38,1402.0,217.71,1619.71,0,False,Entregada,Entrega realizada en tiempo,0
4164,92,3,54,41,2026-05-07,10:17:00,2026-05-07,21:58:00,2026-05-07,22:52:00,19.39,55,368.27,Diesel,79.03,24.66,4720.35,1948.88,6669.23,54,True,Tardía,"Tráfico alto, Distancia larga, Carga pesada",1
4165,39,1,48,32,2026-05-31,08:51:00,2026-05-31,17:01:00,2026-05-31,17:01:00,1.08,12,237.41,Gasolina,22.92,23.8,1891.05,545.5,2436.55,0,False,Entregada,Entrega realizada en tiempo,0
4166,62,21,54,12,2026-05-05,14:18:00,2026-05-05,03:01:00,2026-05-06,03:01:00,1.53,23,373.9,Diesel,52.29,26.13,2706.5,1366.34,4072.84,0,False,Entregada,Entrega realizada en tiempo,1
4167,86,13,56,9,2026-07-14,20:48:00,2026-07-14,01:16:00,2026-07-15,01:16:00,1.43,52,180.8,Gasolina,14.75,25.7,1963.0,379.07,2342.07,0,False,Entregada,Entrega realizada en tiempo,0
4168,44,6,23,44,2026-01-14,16:58:00,2026-01-14,19:08:00,2026-01-14,19:08:00,2.74,51,59.13,Diesel,8.64,25.52,1477.65,220.49,1698.14,0,False,Entregada,Entrega realizada en tiempo,0
4169,45,23,48,30,2026-01-29,13:23:00,2026-01-29,20:55:00,2026-01-29,20:55:00,0.84,54,190.51,Gasolina,34.89,23.24,1968.55,810.84,2779.39,0,False,Entregada,Entrega realizada en tiempo,0
4170,54,27,36,38,2026-03-19,06:36:00,2026-03-19,20:04:00,2026-03-19,20:04:00,22.03,31,465.32,Diesel,59.81,26.24,5277.6,1569.41,6847.01,0,False,Entregada,Entrega realizada en tiempo,1
4171,50,17,27,41,2026-01-04,13:36:00,2026-01-04,01:17:00,2026-01-05,02:00:00,4.44,48,413.51,Diesel,73.45,24.66,3395.55,1811.28,5206.83,43,True,Tardía,"Tráfico alto, Distancia larga",1
4172,76,22,27,13,2026-02-17,08:16:00,2026-02-17,15:27:00,2026-02-17,15:27:00,5.92,48,276.35,Diesel,26.73,25.53,2857.75,682.42,3540.17,0,False,Entregada,Entrega realizada en tiempo,0
4173,48,26,39,26,2026-01-18,08:05:00,2026-01-18,20:18:00,2026-01-18,20:18:00,0.45,19,342.73,Gasolina,48.89,24.29,2410.65,1187.54,3598.19,0,False,Entregada,Entrega realizada en tiempo,1
4174,73,29,55,48,2026-03-21,20:53:00,2026-03-21,02:30:00,2026-03-22,02:30:00,0.63,50,154.61,Diesel,16.16,25.66,1736.05,414.67,2150.72,0,False,Entregada,Entrega realizada en tiempo,0
4175,68,31,37,49,2026-07-31,19:40:00,2026-07-31,11:28:00,2026-08-01,11:28:00,0.87,78,407.78,Diesel,57.92,26.22,3249.9,1518.66,4768.56,0,False,Entregada,Entrega realizada en tiempo,1
4176,11,37,28,15,2026-01-15,14:10:00,2026-01-15,04:38:00,2026-01-16,04:38:00,0.63,64,445.34,Diesel,47.48,24.78,3301.7,1176.55,4478.25,0,False,Entregada,Entrega realizada en tiempo,1
4177,27,25,37,12,2026-02-16,14:52:00,2026-02-16,03:35:00,2026-02-17,03:35:00,2.52,73,367.47,Diesel,78.19,25.27,3173.35,1975.86,5149.21,0,False,Entregada,Entrega realizada en tiempo,1
4178,18,16,1,8,2026-02-04,18:18:00,2026-02-04,01:51:00,2026-02-05,01:51:00,0.62,52,185.47,Gasolina,16.66,25.16,1905.35,419.17,2324.52,0,False,Entregada,Entrega realizada en tiempo,0
4179,2,8,32,25,2026-02-22,08:48:00,2026-02-22,18:14:00,2026-02-22,19:10:00,13.33,78,334.17,Diesel,35.7,25.4,4127.85,906.78,5034.63,56,True,Tardía,"Hora pico, Distancia larga",1
4180,88,2,54,34,2026-04-03,14:14:00,2026-04-03,17:48:00,2026-04-03,18:02:00,7.51,50,148.81,Diesel,30.0,24.52,2395.05,735.6,3130.65,14,True,Tardía,Incidencia operativa,0
4181,2,27,13,23,2026-04-17,18:13:00,2026-04-17,03:34:00,2026-04-18,03:34:00,5.69,46,251.14,Diesel,32.28,25.12,2692.7,810.87,3503.57,0,False,Entregada,Entrega realizada en tiempo,0
4182,80,19,11,50,2026-06-05,19:19:00,2026-06-05,04:20:00,2026-06-06,04:49:00,6.75,9,244.31,Diesel,24.07,24.65,2468.55,593.33,3061.88,29,True,Tardía,"Hora pico, Carga pesada",0
4183,96,11,31,14,2026-01-05,09:48:00,2026-01-05,12:11:00,2026-01-05,12:47:00,3.58,17,57.46,Diesel,12.02,26.13,1281.3,314.08,1595.38,36,True,Tardía,Hora pico,0
4184,39,25,14,48,2026-07-23,13:08:00,2026-07-23,18:45:00,2026-07-23,18:45:00,5.62,30,155.14,Diesel,33.01,26.52,2077.7,875.43,2953.13,0,False,Entregada,Entrega realizada en tiempo,0
4185,11,8,36,33,2026-06-26,08:00:00,2026-06-26,11:51:00,2026-06-26,11:51:00,12.77,32,113.45,Diesel,12.12,25.62,2600.25,310.51,2910.76,0,False,Entregada,Entrega realizada en tiempo,0
4186,88,28,55,44,2026-06-30,13:32:00,2026-06-30,15:42:00,2026-06-30,15:42:00,0.34,53,61.82,Diesel,9.06,25.98,1267.1,235.38,1502.48,0,False,Entregada,Entrega realizada en tiempo,0
4187,72,22,13,42,2026-06-20,07:45:00,2026-06-20,10:56:00,2026-06-20,11:32:00,7.88,14,105.83,Diesel,10.24,26.29,1929.15,269.21,2198.36,36,True,Tardía,Hora pico,0
4188,60,32,51,39,2026-01-08,09:40:00,2026-01-08,03:33:00,2026-01-09,03:33:00,0.31,51,457.24,Gasolina,41.42,24.18,3225.2,1001.54,4226.74,0,False,Entregada,Entrega realizada en tiempo,1
4189,51,40,20,31,2026-02-14,19:04:00,2026-02-14,06:12:00,2026-02-15,07:21:00,2.74,32,280.32,Diesel,43.8,24.84,2431.6,1087.99,3519.59,69,True,Tardía,"Tráfico alto, Hora pico",1
4190,2,13,13,44,2026-05-06,06:45:00,2026-05-06,08:55:00,2026-05-06,08:55:00,0.78,23,60.48,Gasolina,4.93,24.8,1064.4,122.26,1186.66,0,False,Entregada,Entrega realizada en tiempo,0
4191,4,15,32,24,2026-02-25,14:40:00,2026-02-25,23:17:00,2026-02-25,23:17:00,2.99,26,317.38,Diesel,65.3,24.32,2593.9,1588.1,4182.0,0,False,Entregada,Entrega realizada en tiempo,1
4192,26,10,46,17,2026-07-09,13:08:00,2026-07-09,02:24:00,2026-07-10,02:24:00,0.39,58,316.17,Gasolina,31.71,23.99,2583.85,760.72,3344.57,0,False,Entregada,Entrega realizada en tiempo,0
4193,58,7,38,41,2026-03-29,06:52:00,2026-03-29,18:33:00,2026-03-29,19:40:00,4.51,32,380.29,Diesel,62.34,25.67,3108.45,1600.27,4708.72,67,True,Tardía,"Tráfico alto, Distancia larga",1
4194,59,5,9,45,2026-08-08,15:21:00,2026-08-08,03:32:00,2026-08-09,03:32:00,5.91,20,453.47,Diesel,56.97,26.56,3518.35,1513.12,5031.47,0,False,Entregada,Entrega realizada en tiempo,1
4195,38,35,39,5,2026-05-09,14:10:00,2026-05-09,22:02:00,2026-05-09,22:02:00,0.87,77,315.44,Gasolina,42.57,23.71,2780.2,1009.33,3789.53,0,False,Entregada,Entrega realizada en tiempo,1
4196,65,11,59,1,2026-07-02,07:20:00,2026-07-02,13:39:00,2026-07-02,14:22:00,0.91,16,177.19,Diesel,37.07,25.49,1604.95,944.91,2549.86,43,True,Tardía,Hora pico,0
4197,35,37,6,16,2026-04-13,07:26:00,2026-04-13,12:32:00,2026-04-13,12:32:00,1.08,46,171.68,Diesel,18.3,26.52,1834.4,485.32,2319.72,0,False,Entregada,Entrega realizada en tiempo,0
4198,18,33,58,11,2026-02-04,15:06:00,2026-02-04,19:48:00,2026-02-04,19:48:00,2.59,73,131.27,Diesel,16.74,25.97,1999.35,434.74,2434.09,0,False,Entregada,Entrega realizada en tiempo,0
4199,91,37,43,2,2026-08-08,08:36:00,2026-08-08,15:14:00,2026-08-08,15:14:00,0.26,40,263.85,Diesel,28.13,24.79,2165.25,697.34,2862.59,0,False,Entregada,Entrega realizada en tiempo,0
4200,100,19,13,43,2026-08-07,11:47:00,2026-08-07,03:14:00,2026-08-08,03:14:00,4.71,41,482.79,Diesel,47.57,26.5,3712.95,1260.61,4973.56,0,False,Entregada,Entrega realizada en tiempo,1
4201,53,26,5,47,2026-08-14,10:58:00,2026-08-14,20:56:00,2026-08-14,20:56:00,0.55,70,336.32,Gasolina,47.98,24.31,2796.6,1166.39,3962.99,0,False,Entregada,Entrega realizada en tiempo,1
4202,81,22,2,50,2026-07-08,06:45:00,2026-07-08,15:46:00,2026-07-08,15:46:00,5.63,75,267.6,Diesel,25.88,26.09,3001.0,675.21,3676.21,0,False,Entregada,Entrega realizada en tiempo,0
4203,77,23,47,26,2026-07-10,17:32:00,2026-07-10,05:45:00,2026-07-11,06:54:00,1.5,25,345.97,Gasolina,63.36,25.27,2579.85,1601.11,4180.96,69,True,Tardía,"Hora pico, Distancia larga, Carga pesada",1
4204,50,1,60,8,2026-05-29,12:05:00,2026-05-29,19:38:00,2026-05-29,19:38:00,0.55,20,186.77,Gasolina,18.03,23.09,1648.85,416.31,2065.16,0,False,Entregada,Entrega realizada en tiempo,0
4205,50,7,36,50,2026-03-25,10:26:00,2026-03-25,19:27:00,2026-03-25,19:27:00,2.89,5,258.93,Diesel,42.45,25.48,2123.65,1081.63,3205.28,0,False,Entregada,Entrega realizada en tiempo,0
4206,6,29,9,1,2026-06-21,08:01:00,2026-06-21,14:20:00,2026-06-21,14:20:00,1.02,29,171.66,Diesel,17.94,26.14,1692.3,468.95,2161.25,0,False,Entregada,Entrega realizada en tiempo,0
4207,71,36,7,5,2026-02-10,05:48:00,2026-02-10,13:40:00,2026-02-10,13:40:00,5.45,74,345.97,Diesel,40.8,25.19,3366.85,1027.75,4394.6,0,False,Entregada,Entrega realizada en tiempo,1
4208,62,28,15,29,2026-02-11,05:12:00,2026-02-11,10:20:00,2026-02-11,11:04:00,0.44,57,135.27,Diesel,19.83,24.67,1676.35,489.21,2165.56,44,True,Tardía,Tráfico alto,0
4209,49,24,27,31,2026-01-01,17:40:00,2026-01-01,04:48:00,2026-01-02,04:48:00,1.14,13,328.64,Diesel,30.8,26.09,2361.2,803.57,3164.77,0,False,Entregada,Entrega realizada en tiempo,0
4210,45,26,43,21,2026-05-06,12:53:00,2026-05-06,13:31:00,2026-05-06,13:31:00,0.71,25,25.27,Gasolina,3.6,24.47,897.35,88.09,985.44,0,False,Entregada,Entrega realizada en tiempo,0
4211,5,21,17,26,2026-07-29,17:12:00,2026-07-29,05:25:00,2026-07-30,06:05:00,1.27,77,384.18,Diesel,53.73,25.77,3163.9,1384.62,4548.52,40,True,Tardía,"Hora pico, Distancia larga",1
4212,96,22,18,28,2026-05-21,20:31:00,2026-05-21,01:45:00,2026-05-22,01:45:00,4.89,31,180.37,Diesel,17.44,24.15,2138.85,421.18,2560.03,0,False,Entregada,Entrega realizada en tiempo,0
4213,46,34,33,28,2026-05-17,08:03:00,2026-05-17,13:17:00,2026-05-17,13:17:00,12.08,21,177.05,Diesel,14.71,26.94,2761.25,396.29,3157.54,0,False,Entregada,Entrega realizada en tiempo,0
4214,18,38,52,12,2026-04-19,16:08:00,2026-04-19,04:51:00,2026-04-20,05:22:00,0.53,41,417.15,Gasolina,35.44,25.06,2966.75,888.13,3854.88,31,True,Tardía,Distancia larga,1
4215,73,21,34,4,2026-03-20,05:54:00,2026-03-20,07:12:00,2026-03-20,07:12:00,1.32,12,38.68,Diesel,5.41,25.16,921.4,136.12,1057.52,0,False,Entregada,Entrega realizada en tiempo,0
4216,41,39,51,30,2026-07-16,05:02:00,2026-07-16,12:34:00,2026-07-16,13:02:00,0.42,4,193.04,Gasolina,15.58,25.01,1539.2,389.66,1928.86,28,True,Tardía,Incidencia operativa,0
4217,5,29,14,34,2026-05-10,13:16:00,2026-05-10,16:50:00,2026-05-10,16:50:00,0.66,51,138.65,Diesel,14.49,26.27,1667.25,380.65,2047.9,0,False,Entregada,Entrega realizada en tiempo,0
4218,30,20,47,32,2026-03-14,10:54:00,2026-03-14,19:04:00,2026-03-14,19:04:00,1.27,52,236.23,Gasolina,32.05,23.7,2224.15,759.58,2983.73,0,False,Entregada,Entrega realizada en tiempo,0
4219,74,3,36,39,2026-03-12,08:13:00,2026-03-12,02:06:00,2026-03-13,02:06:00,10.47,14,447.5,Diesel,96.03,24.95,3896.5,2395.95,6292.45,0,False,Entregada,Entrega realizada en tiempo,1
4220,74,25,32,5,2026-05-15,10:09:00,2026-05-15,18:01:00,2026-05-15,18:36:00,10.88,14,320.14,Diesel,68.11,24.38,3300.7,1660.52,4961.22,35,True,Tardía,"Distancia larga, Carga pesada",1
4221,85,35,41,17,2026-06-17,09:22:00,2026-06-17,22:38:00,2026-06-17,23:37:00,0.29,9,321.52,Gasolina,43.39,23.59,2208.6,1023.57,3232.17,59,True,Tardía,"Hora pico, Distancia larga",1
4222,46,39,20,48,2026-01-04,12:10:00,2026-01-04,17:47:00,2026-01-04,18:22:00,0.81,74,156.46,Gasolina,12.63,24.69,1955.3,311.83,2267.13,35,True,Tardía,Tráfico alto,0
4223,80,40,48,38,2026-01-10,10:48:00,2026-01-10,00:16:00,2026-01-11,01:25:00,5.17,18,434.43,Diesel,67.88,26.96,3333.15,1830.04,5163.19,69,True,Tardía,"Tráfico alto, Distancia larga",1
4224,50,28,3,41,2026-04-10,09:53:00,2026-04-10,21:34:00,2026-04-10,21:34:00,0.24,68,406.57,Diesel,59.61,24.96,3100.85,1487.87,4588.72,0,False,Entregada,Entrega realizada en tiempo,1
4225,10,13,50,20,2026-01-05,09:36:00,2026-01-05,23:52:00,2026-01-05,23:52:00,1.1,79,398.22,Gasolina,32.48,24.41,3233.1,792.84,4025.94,0,False,Entregada,Entrega realizada en tiempo,1
4226,28,35,30,19,2026-03-16,09:01:00,2026-03-16,16:50:00,2026-03-16,17:24:00,0.32,68,288.58,Gasolina,38.94,23.72,2518.9,923.66,3442.56,34,True,Tardía,Hora pico,1
4227,89,37,43,14,2026-06-12,17:45:00,2026-06-12,20:08:00,2026-06-12,20:42:00,0.67,2,64.35,Diesel,6.86,25.53,904.75,175.14,1079.89,34,True,Tardía,Hora pico,0
4228,1,31,8,23,2026-03-21,20:05:00,2026-03-21,05:26:00,2026-03-22,05:26:00,0.49,71,256.03,Diesel,36.37,24.67,2397.15,897.25,3294.4,0,False,Entregada,Entrega realizada en tiempo,0
4229,14,5,53,31,2026-05-11,16:03:00,2026-05-11,03:11:00,2026-05-12,03:11:00,1.84,44,332.64,Diesel,41.79,25.35,2699.2,1059.38,3758.58,0,False,Entregada,Entrega realizada en tiempo,1
4230,58,32,5,38,2026-02-04,20:35:00,2026-02-04,10:03:00,2026-02-05,10:44:00,0.9,78,417.54,Gasolina,37.82,24.59,3301.7,929.99,4231.69,41,True,Tardía,"Tráfico alto, Distancia larga, Carga pesada",1
4231,57,21,52,29,2026-03-11,06:22:00,2026-03-11,11:30:00,2026-03-11,11:30:00,0.71,65,123.92,Diesel,17.33,26.72,1710.6,463.06,2173.66,0,False,Entregada,Entrega realizada en tiempo,0
4232,31,1,14,27,2026-01-04,15:28:00,2026-01-04,01:54:00,2026-01-05,01:54:00,0.92,63,288.82,Gasolina,27.88,23.33,2540.1,650.44,3190.54,0,False,Entregada,Entrega realizada en tiempo,0
4233,83,11,18,49,2026-06-02,18:42:00,2026-06-02,10:30:00,2026-06-03,11:16:00,5.71,23,414.3,Diesel,86.67,24.57,3326.5,2129.48,5455.98,46,True,Tardía,"Hora pico, Distancia larga",1
4234,52,19,37,27,2026-05-03,11:44:00,2026-05-03,22:10:00,2026-05-03,22:39:00,6.88,47,297.59,Diesel,29.32,24.69,3051.95,723.91,3775.86,29,True,Tardía,Carga pesada,1
4235,46,12,23,29,2026-07-04,12:51:00,2026-07-04,17:59:00,2026-07-04,17:59:00,0.89,39,138.46,Gasolina,19.81,25.85,1593.3,512.09,2105.39,0,False,Entregada,Entrega realizada en tiempo,0
4236,67,35,10,21,2026-02-05,16:41:00,2026-02-05,17:19:00,2026-02-05,17:19:00,0.35,78,24.66,Gasolina,3.33,23.15,1282.3,77.09,1359.39,0,False,Entregada,Entrega realizada en tiempo,0
4237,15,34,24,7,2026-07-15,08:52:00,2026-07-15,17:09:00,2026-07-15,18:09:00,2.88,15,297.7,Diesel,24.73,26.36,2396.5,651.88,3048.38,60,True,Tardía,"Tráfico alto, Hora pico",0
4238,70,23,5,21,2026-04-28,16:18:00,2026-04-28,16:56:00,2026-04-28,16:56:00,0.61,54,25.42,Gasolina,4.66,23.11,1120.1,107.69,1227.79,0,False,Entregada,Entrega realizada en tiempo,0
4239,48,4,43,27,2026-07-12,20:00:00,2026-07-12,06:26:00,2026-07-13,06:26:00,0.82,78,345.02,Gasolina,57.99,24.51,2931.1,1421.33,4352.43,0,False,Entregada,Entrega realizada en tiempo,1
4240,27,5,56,38,2026-02-27,11:27:00,2026-02-27,00:55:00,2026-02-28,00:55:00,1.39,42,479.85,Diesel,60.28,24.53,3374.25,1478.67,4852.92,0,False,Entregada,Entrega realizada en tiempo,1
4241,63,21,33,28,2026-01-14,10:58:00,2026-01-14,16:12:00,2026-01-14,16:12:00,0.56,39,196.75,Diesel,27.52,26.7,1851.75,734.78,2586.53,0,False,Entregada,Entrega realizada en tiempo,0
4242,49,13,45,16,2026-08-07,09:49:00,2026-08-07,14:55:00,2026-08-07,14:55:00,0.81,70,162.24,Gasolina,13.23,23.73,1952.2,313.95,2266.15,0,False,Entregada,Entrega realizada en tiempo,0
4243,80,24,9,18,2026-07-16,13:28:00,2026-07-16,04:43:00,2026-07-17,05:30:00,2.08,7,406.18,Diesel,38.07,26.56,2794.9,1011.14,3806.04,47,True,Tardía,"Distancia larga, Carga pesada",1
4244,82,9,26,13,2026-05-18,20:00:00,2026-05-18,03:11:00,2026-05-19,03:11:00,0.78,26,263.43,Gasolina,21.54,25.88,2103.15,557.46,2660.61,0,False,Entregada,Entrega realizada en tiempo,0
4245,87,10,30,6,2026-04-07,08:42:00,2026-04-07,15:36:00,2026-04-07,15:36:00,0.83,68,252.01,Gasolina,25.28,24.17,2387.05,611.02,2998.07,0,False,Entregada,Entrega realizada en tiempo,0
4246,21,33,59,41,2026-04-07,17:47:00,2026-04-07,05:28:00,2026-04-08,06:44:00,2.86,33,373.47,Diesel,47.64,24.07,2917.35,1146.69,4064.04,76,True,Tardía,"Tráfico alto, Hora pico, Distancia larga",1
4247,88,36,23,42,2026-03-13,18:35:00,2026-03-13,21:46:00,2026-03-13,21:46:00,5.05,57,104.88,Diesel,12.37,26.09,1985.4,322.73,2308.13,0,False,Entregada,Entrega realizada en tiempo,0
4248,53,34,7,37,2026-08-11,09:58:00,2026-08-11,14:29:00,2026-08-11,14:29:00,1.11,16,175.25,Diesel,14.56,24.47,1615.25,356.28,1971.53,0,False,Entregada,Entrega realizada en tiempo,0
4249,93,37,18,6,2026-07-17,09:59:00,2026-07-17,16:53:00,2026-07-17,17:35:00,3.56,29,249.2,Diesel,26.57,25.05,2334.0,665.58,2999.58,42,True,Tardía,"Tráfico alto, Hora pico",0
4250,88,38,17,47,2026-01-25,19:23:00,2026-01-25,05:21:00,2026-01-26,06:23:00,0.54,36,314.79,Gasolina,26.75,23.95,2415.95,640.66,3056.61,62,True,Tardía,"Tráfico alto, Hora pico, Distancia larga",0
4251,68,16,6,17,2026-07-16,05:03:00,2026-07-16,18:19:00,2026-07-16,18:19:00,0.71,30,323.96,Gasolina,29.11,23.67,2430.8,689.03,3119.83,0,False,Entregada,Entrega realizada en tiempo,0
4252,26,11,33,10,2026-04-21,18:12:00,2026-04-21,10:44:00,2026-04-22,10:44:00,4.11,42,460.52,Diesel,96.34,26.61,3549.6,2563.61,6113.21,0,False,Entregada,Entrega realizada en tiempo,1
4253,2,20,29,38,2026-07-28,20:24:00,2026-07-28,09:52:00,2026-07-29,09:52:00,0.57,47,438.53,Gasolina,59.5,24.28,3125.65,1444.66,4570.31,0,False,Entregada,Entrega realizada en tiempo,1
4254,65,38,46,28,2026-06-17,08:05:00,2026-06-17,13:19:00,2026-06-17,13:59:00,1.04,25,193.68,Gasolina,16.46,24.25,1772.4,399.16,2171.56,40,True,Tardía,"Hora pico, Carga pesada",0
4255,70,27,59,35,2026-03-22,15:18:00,2026-03-22,23:37:00,2026-03-23,00:20:00,22.9,27,307.36,Diesel,39.51,26.04,4542.8,1028.84,5571.64,43,True,Tardía,"Distancia larga, Carga pesada",1
4256,69,12,14,2,2026-05-28,09:54:00,2026-05-28,16:32:00,2026-05-28,16:32:00,0.86,47,239.89,Gasolina,34.32,23.53,2161.45,807.55,2969.0,0,False,Entregada,Entrega realizada en tiempo,0
4257,77,19,26,30,2026-08-13,09:25:00,2026-08-13,16:57:00,2026-08-13,17:25:00,1.11,27,187.26,Diesel,18.45,24.05,1763.3,443.72,2207.02,28,True,Tardía,Hora pico,0
4258,71,19,25,3,2026-01-27,18:10:00,2026-01-27,05:40:00,2026-01-28,05:40:00,3.19,51,424.36,Diesel,41.81,24.46,3348.8,1022.67,4371.47,0,False,Entregada,Entrega realizada en tiempo,1
4259,99,1,16,14,2026-06-29,15:19:00,2026-06-29,17:42:00,2026-06-29,18:01:00,0.71,78,64.89,Gasolina,6.26,25.35,1519.45,158.69,1678.14,19,True,Tardía,Incidencia operativa,0
4260,86,32,19,37,2026-01-21,07:27:00,2026-01-21,11:58:00,2026-01-21,11:58:00,0.78,31,191.22,Gasolina,17.32,24.96,1782.1,432.31,2214.41,0,False,Entregada,Entrega realizada en tiempo,0
4261,29,3,15,7,2026-01-16,08:24:00,2026-01-16,16:41:00,2026-01-16,17:45:00,8.28,53,316.87,Diesel,68.0,25.57,3336.35,1738.76,5075.11,64,True,Tardía,"Tráfico alto, Hora pico, Distancia larga",1
4262,47,21,20,5,2026-03-16,05:34:00,2026-03-16,13:26:00,2026-03-16,13:26:00,0.73,43,301.01,Diesel,42.1,26.74,2422.05,1125.75,3547.8,0,False,Entregada,Entrega realizada en tiempo,1
4263,49,10,11,37,2026-04-01,07:48:00,2026-04-01,12:19:00,2026-04-01,12:19:00,1.52,14,174.77,Gasolina,17.53,24.53,1637.85,430.01,2067.86,0,False,Entregada,Entrega realizada en tiempo,0
4264,68,28,6,3,2026-04-08,16:47:00,2026-04-08,04:17:00,2026-04-09,04:17:00,0.26,6,426.85,Diesel,62.59,26.37,2708.25,1650.5,4358.75,0,False,Entregada,Entrega realizada en tiempo,1
4265,24,25,58,1,2026-03-17,16:37:00,2026-03-17,22:56:00,2026-03-17,22:56:00,3.48,3,192.41,Diesel,40.94,25.33,1834.05,1037.01,2871.06,0,False,Entregada,Entrega realizada en tiempo,0
4266,79,22,13,33,2026-08-01,08:58:00,2026-08-01,12:49:00,2026-08-01,12:49:00,3.32,49,106.89,Diesel,10.34,24.4,1758.45,252.3,2010.75,0,False,Entregada,Entrega realizada en tiempo,0
4267,40,18,5,2,2026-04-17,15:40:00,2026-04-17,22:18:00,2026-04-17,22:18:00,1.22,63,255.04,Diesel,23.88,24.86,2401.2,593.66,2994.86,0,False,Entregada,Entrega realizada en tiempo,0
4268,61,15,55,10,2026-01-20,16:22:00,2026-01-20,08:54:00,2026-01-21,08:54:00,1.82,8,456.91,Diesel,94.01,26.73,3030.55,2512.89,5543.44,0,False,Entregada,Entrega realizada en tiempo,1
4269,36,10,58,14,2026-07-18,19:36:00,2026-07-18,21:59:00,2026-07-18,21:59:00,0.88,25,68.36,Gasolina,6.86,25.23,1129.8,173.08,1302.88,0,False,Entregada,Entrega realizada en tiempo,0
4270,2,30,5,5,2026-06-14,05:43:00,2026-06-14,13:35:00,2026-06-14,13:35:00,0.3,60,327.11,Diesel,28.1,25.85,2645.55,726.39,3371.94,0,False,Entregada,Entrega realizada en tiempo,0
4271,48,2,11,16,2026-06-19,05:22:00,2026-06-19,10:28:00,2026-06-19,10:28:00,9.71,4,188.0,Diesel,37.9,25.3,2443.0,958.87,3401.87,0,False,Entregada,Entrega realizada en tiempo,0
4272,13,17,35,22,2026-03-01,10:42:00,2026-03-01,11:18:00,2026-03-01,11:18:00,0.66,26,23.62,Diesel,4.2,25.5,892.1,107.1,999.2,0,False,Entregada,Entrega realizada en tiempo,0
4273,11,17,30,37,2026-07-14,13:22:00,2026-07-14,17:53:00,2026-07-14,17:53:00,8.11,33,178.88,Diesel,31.77,24.2,2469.4,768.83,3238.23,0,False,Entregada,Entrega realizada en tiempo,0
4274,73,36,45,11,2026-03-16,09:10:00,2026-03-16,13:52:00,2026-03-16,13:52:00,6.56,1,124.86,Diesel,14.72,24.54,1788.3,361.23,2149.53,0,False,Entregada,Entrega realizada en tiempo,0
4275,86,36,5,23,2026-07-21,09:03:00,2026-07-21,18:24:00,2026-07-21,18:24:00,5.52,66,290.93,Diesel,34.31,27.0,3034.65,926.37,3961.02,0,False,Entregada,Entrega realizada en tiempo,1
4276,46,9,8,29,2026-08-12,15:35:00,2026-08-12,20:43:00,2026-08-12,21:21:00,0.77,1,129.64,Gasolina,10.6,24.82,1233.2,263.09,1496.29,38,True,Tardía,Tráfico alto,0
4277,22,22,3,21,2026-07-14,06:30:00,2026-07-14,07:08:00,2026-07-14,07:08:00,0.63,30,27.16,Diesel,2.63,24.41,938.8,64.2,1003.0,0,False,Entregada,Entrega realizada en tiempo,0
4278,96,39,5,15,2026-06-03,12:15:00,2026-06-03,02:43:00,2026-06-04,02:43:00,0.68,7,389.18,Gasolina,31.41,25.89,2569.9,813.2,3383.1,0,False,Entregada,Entrega realizada en tiempo,1
4279,97,11,24,3,2026-07-09,09:31:00,2026-07-09,21:01:00,2026-07-09,21:01:00,5.86,33,396.76,Diesel,83.0,26.44,3333.8,2194.52,5528.32,0,False,Entregada,Entrega realizada en tiempo,1
4280,31,36,15,33,2026-03-14,12:03:00,2026-03-14,15:54:00,2026-03-14,15:54:00,1.1,30,103.21,Diesel,12.17,25.18,1366.05,306.44,1672.49,0,False,Entregada,Entrega realizada en tiempo,0
4281,33,14,39,38,2026-06-01,11:09:00,2026-06-01,00:37:00,2026-06-02,00:37:00,1.97,72,446.37,Diesel,48.1,26.21,3504.85,1260.7,4765.55,0,False,Entregada,Entrega realizada en tiempo,1
4282,3,13,15,2,2026-05-14,16:40:00,2026-05-14,23:18:00,2026-05-14,23:18:00,1.31,33,263.19,Gasolina,21.47,23.86,2210.95,512.27,2723.22,0,False,Entregada,Entrega realizada en tiempo,0
4283,53,16,54,9,2026-06-01,06:32:00,2026-06-01,11:00:00,2026-06-01,11:00:00,1.02,41,187.03,Gasolina,16.8,24.0,1865.15,403.2,2268.35,0,False,Entregada,Entrega realizada en tiempo,0
4284,8,18,60,43,2026-05-11,18:42:00,2026-05-11,10:09:00,2026-05-12,10:09:00,2.59,14,402.5,Diesel,37.69,24.08,2883.5,907.58,3791.08,0,False,Entregada,Entrega realizada en tiempo,1
4285,41,8,36,9,2026-02-24,17:31:00,2026-02-24,21:59:00,2026-02-24,22:34:00,15.84,22,172.26,Diesel,18.4,25.45,3121.3,468.28,3589.58,35,True,Tardía,Hora pico,0
4286,37,17,31,37,2026-06-26,10:36:00,2026-06-26,15:07:00,2026-06-26,15:07:00,5.44,14,193.47,Diesel,34.36,25.41,2123.35,873.09,2996.44,0,False,Entregada,Entrega realizada en tiempo,0
4287,63,17,55,46,2026-01-03,05:12:00,2026-01-03,20:02:00,2026-01-03,20:02:00,3.45,33,450.27,Diesel,79.98,25.58,3360.35,2045.89,5406.24,0,False,Entregada,Entrega realizada en tiempo,1
4288,65,18,59,34,2026-04-12,13:43:00,2026-04-12,17:17:00,2026-04-12,17:17:00,0.72,63,152.59,Diesel,14.29,25.44,1838.95,363.54,2202.49,0,False,Entregada,Entrega realizada en tiempo,0
4289,100,18,39,25,2026-04-14,15:00:00,2026-04-14,00:26:00,2026-04-15,01:05:00,0.22,57,370.26,Diesel,34.67,26.19,2829.3,908.01,3737.31,39,True,Tardía,Distancia larga,1
4290,99,19,55,31,2026-03-09,08:09:00,2026-03-09,19:17:00,2026-03-09,19:17:00,1.04,1,282.35,Diesel,27.82,25.63,2023.75,713.03,2736.78,0,False,Entregada,Entrega realizada en tiempo,0
4291,25,28,34,39,2026-02-23,19:40:00,2026-02-23,13:33:00,2026-02-24,13:33:00,0.47,20,446.43,Diesel,65.46,26.57,2939.15,1739.27,4678.42,0,False,Entregada,Entrega realizada en tiempo,1
4292,69,38,41,19,2026-01-02,12:13:00,2026-01-02,20:02:00,2026-01-02,20:31:00,0.38,75,315.91,Gasolina,26.84,24.21,2717.55,649.8,3367.35,29,True,Tardía,Distancia larga,0
4293,18,26,39,50,2026-07-01,13:30:00,2026-07-01,22:31:00,2026-07-01,22:31:00,0.46,57,225.48,Gasolina,32.17,25.07,2129.4,806.5,2935.9,0,False,Entregada,Entrega realizada en tiempo,0
4294,56,27,36,19,2026-05-24,06:13:00,2026-05-24,14:02:00,2026-05-24,14:02:00,8.82,13,329.26,Diesel,42.32,25.2,3132.3,1066.46,4198.76,0,False,Entregada,Entrega realizada en tiempo,1
4295,67,5,30,21,2026-02-08,11:53:00,2026-02-08,12:31:00,2026-02-08,12:51:00,6.7,71,26.22,Diesel,3.29,24.73,1869.1,81.36,1950.46,20,True,Tardía,Incidencia operativa,0
4296,50,18,11,40,2026-08-01,19:14:00,2026-08-01,06:48:00,2026-08-02,07:44:00,2.91,79,391.51,Diesel,36.66,24.72,3380.55,906.24,4286.79,56,True,Tardía,"Hora pico, Distancia larga",1
4297,47,9,48,45,2026-08-14,15:02:00,2026-08-14,03:13:00,2026-08-15,03:13:00,0.29,67,447.72,Gasolina,36.61,25.95,3303.6,950.03,4253.63,0,False,Entregada,Entrega realizada en tiempo,1
4298,25,12,39,36,2026-08-03,17:56:00,2026-08-03,11:17:00,2026-08-04,11:50:00,0.91,31,486.4,Gasolina,69.59,24.86,3271.0,1730.01,5001.01,33,True,Tardía,"Hora pico, Distancia larga, Carga pesada",1
4299,78,32,54,47,2026-03-19,17:21:00,2026-03-19,03:19:00,2026-03-20,03:19:00,0.6,35,306.59,Gasolina,27.77,23.61,2372.95,655.65,3028.6,0,False,Entregada,Entrega realizada en tiempo,0
4300,84,29,55,30,2026-01-10,11:48:00,2026-01-10,19:20:00,2026-01-10,19:20:00,0.43,76,191.76,Diesel,20.04,24.12,2109.8,483.36,2593.16,0,False,Entregada,Entrega realizada en tiempo,0
4301,54,30,35,5,2026-06-04,12:23:00,2026-06-04,20:15:00,2026-06-04,20:15:00,1.52,50,300.46,Diesel,25.81,25.01,2554.3,645.51,3199.81,0,False,Entregada,Entrega realizada en tiempo,0
4302,62,29,15,40,2026-04-09,08:49:00,2026-04-09,20:23:00,2026-04-09,20:23:00,1.73,5,395.69,Diesel,41.35,26.32,2691.45,1088.33,3779.78,0,False,Entregada,Entrega realizada en tiempo,1
4303,33,2,22,31,2026-02-22,15:34:00,2026-02-22,02:42:00,2026-02-23,03:33:00,15.05,75,322.31,Diesel,64.98,26.43,4216.55,1717.42,5933.97,51,True,Tardía,"Tráfico alto, Distancia larga, Carga pesada",1
4304,91,32,57,21,2026-04-20,11:56:00,2026-04-20,12:34:00,2026-04-20,12:49:00,0.82,28,25.66,Gasolina,2.32,25.42,934.3,58.97,993.27,15,True,Tardía,Incidencia operativa,0
4305,88,33,43,33,2026-04-27,17:51:00,2026-04-27,21:42:00,2026-04-27,21:42:00,2.47,9,112.02,Diesel,14.29,25.27,1379.1,361.11,1740.21,0,False,Entregada,Entrega realizada en tiempo,0
4306,74,38,7,25,2026-03-23,19:29:00,2026-03-23,04:55:00,2026-03-24,05:33:00,0.73,24,346.06,Gasolina,29.4,23.36,2495.3,686.78,3182.08,38,True,Tardía,"Hora pico, Distancia larga",0
4307,34,35,55,22,2026-04-23,20:58:00,2026-04-23,21:34:00,2026-04-23,21:34:00,1.33,54,24.32,Gasolina,3.28,25.74,1186.6,84.43,1271.03,0,False,Entregada,Entrega realizada en tiempo,0
4308,19,25,21,31,2026-06-27,09:35:00,2026-06-27,20:43:00,2026-06-27,20:43:00,8.65,9,327.67,Diesel,69.72,24.43,3075.35,1703.26,4778.61,0,False,Entregada,Entrega realizada en tiempo,1
4309,99,38,54,8,2026-02-12,18:48:00,2026-02-12,02:21:00,2026-02-13,02:21:00,0.38,72,180.11,Gasolina,15.3,25.54,2014.55,390.76,2405.31,0,False,Entregada,Entrega realizada en tiempo,0
4310,66,24,59,42,2026-02-12,11:36:00,2026-02-12,14:47:00,2026-02-12,15:09:00,1.26,75,97.79,Diesel,9.16,24.08,1714.95,220.57,1935.52,22,True,Tardía,Incidencia operativa,0
4311,68,19,7,47,2026-06-28,14:43:00,2026-06-28,00:41:00,2026-06-29,00:41:00,6.37,72,334.55,Diesel,32.96,26.63,3385.75,877.72,4263.47,0,False,Entregada,Entrega realizada en tiempo,1
4312,25,30,46,15,2026-01-16,11:13:00,2026-01-16,01:41:00,2026-01-17,01:41:00,1.5,59,429.74,Diesel,36.92,24.61,3270.7,908.6,4179.3,0,False,Entregada,Entrega realizada en tiempo,1
4313,68,21,24,37,2026-04-14,18:01:00,2026-04-14,22:32:00,2026-04-14,22:32:00,0.26,64,192.26,Diesel,26.89,25.31,1999.3,680.59,2679.89,0,False,Entregada,Entrega realizada en tiempo,0
4314,80,17,17,36,2026-07-01,08:17:00,2026-07-01,01:38:00,2026-07-02,02:08:00,7.88,40,416.55,Diesel,73.99,26.35,3690.75,1949.64,5640.39,30,True,Tardía,"Hora pico, Distancia larga",1
4315,48,27,3,10,2026-03-03,08:03:00,2026-03-03,00:35:00,2026-03-04,01:54:00,16.23,55,446.32,Diesel,57.37,24.48,4794.6,1404.42,6199.02,79,True,Tardía,"Tráfico alto, Hora pico, Distancia larga",1
4316,53,34,48,11,2026-02-15,20:32:00,2026-02-15,01:14:00,2026-02-16,01:14:00,2.79,43,127.6,Diesel,10.6,24.92,1761.0,264.15,2025.15,0,False,Entregada,Entrega realizada en tiempo,0
4317,59,14,48,18,2026-03-08,18:36:00,2026-03-08,09:51:00,2026-03-09,10:48:00,27.09,77,412.99,Diesel,44.5,26.44,5889.95,1176.58,7066.53,57,True,Tardía,"Hora pico, Distancia larga, Carga pesada",1
4318,53,21,18,29,2026-07-07,14:32:00,2026-07-07,19:40:00,2026-07-07,19:40:00,0.55,60,122.95,Diesel,17.2,26.11,1649.75,449.09,2098.84,0,False,Entregada,Entrega realizada en tiempo,0
4319,86,16,43,31,2026-01-18,06:53:00,2026-01-18,18:01:00,2026-01-18,18:59:00,0.87,42,312.34,Gasolina,28.06,24.94,2484.7,699.82,3184.52,58,True,Tardía,"Tráfico alto, Distancia larga",0
4320,76,4,51,28,2026-06-27,18:29:00,2026-06-27,23:43:00,2026-06-27,23:43:00,1.17,16,172.35,Gasolina,28.97,23.59,1606.75,683.4,2290.15,0,False,Entregada,Entrega realizada en tiempo,0
4321,52,1,50,41,2026-01-28,18:18:00,2026-01-28,05:59:00,2026-01-29,05:59:00,1.51,29,396.74,Gasolina,38.3,23.77,2866.7,910.39,3777.09,0,False,Entregada,Entrega realizada en tiempo,1
4322,21,23,25,4,2026-01-12,12:07:00,2026-01-12,13:25:00,2026-01-12,13:25:00,0.69,26,39.12,Gasolina,7.16,24.23,972.6,173.49,1146.09,0,False,Entregada,Entrega realizada en tiempo,0
4323,51,32,30,23,2026-02-07,18:49:00,2026-02-07,04:10:00,2026-02-08,04:10:00,0.52,1,287.37,Gasolina,26.03,25.97,1996.85,676.0,2672.85,0,False,Entregada,Entrega realizada en tiempo,0
4324,58,37,46,48,2026-06-26,17:06:00,2026-06-26,22:43:00,2026-06-26,23:40:00,4.55,57,147.8,Diesel,15.76,24.54,2150.0,386.75,2536.75,57,True,Tardía,"Tráfico alto, Hora pico, Carga pesada",0
4325,90,30,11,37,2026-07-04,05:44:00,2026-07-04,10:15:00,2026-07-04,10:15:00,2.17,38,198.22,Diesel,17.03,25.64,2012.1,436.65,2448.75,0,False,Entregada,Entrega realizada en tiempo,0
4326,13,32,59,47,2026-04-15,17:25:00,2026-04-15,03:23:00,2026-04-16,03:23:00,0.96,18,321.8,Gasolina,29.15,23.5,2349.0,685.02,3034.02,0,False,Entregada,Entrega realizada en tiempo,0
4327,57,3,10,48,2026-03-31,12:15:00,2026-03-31,17:52:00,2026-03-31,17:52:00,13.25,10,146.96,Diesel,31.54,26.95,2639.8,850.0,3489.8,0,False,Entregada,Entrega realizada en tiempo,0
4328,30,37,5,21,2026-05-11,12:26:00,2026-05-11,13:04:00,2026-05-11,13:04:00,4.06,35,22.78,Diesel,2.43,24.38,1299.9,59.24,1359.14,0,False,Entregada,Entrega realizada en tiempo,0
4329,54,4,53,19,2026-04-09,17:57:00,2026-04-09,01:46:00,2026-04-10,02:33:00,1.05,66,301.35,Gasolina,50.65,24.31,2639.75,1231.3,3871.05,47,True,Tardía,"Hora pico, Distancia larga",1
4330,3,26,45,7,2026-03-23,14:02:00,2026-03-23,22:19:00,2026-03-23,23:01:00,0.39,24,320.91,Gasolina,45.78,23.09,2335.55,1057.06,3392.61,42,True,Tardía,"Tráfico alto, Distancia larga",1
4331,80,31,15,6,2026-08-10,08:09:00,2026-08-10,15:03:00,2026-08-10,15:03:00,1.46,8,257.46,Diesel,36.57,26.14,1997.3,955.94,2953.24,0,False,Entregada,Entrega realizada en tiempo,0
4332,50,29,28,26,2026-03-24,12:41:00,2026-03-24,00:54:00,2026-03-25,01:43:00,1.59,1,341.99,Diesel,35.74,24.47,2376.95,874.56,3251.51,49,True,Tardía,"Distancia larga, Carga pesada",1
4333,84,8,45,27,2026-05-25,11:14:00,2026-05-25,21:40:00,2026-05-25,21:40:00,11.89,43,314.91,Diesel,33.64,24.5,3607.55,824.18,4431.73,0,False,Entregada,Entrega realizada en tiempo,1
4334,65,28,59,5,2026-04-30,20:42:00,2026-04-30,04:34:00,2026-05-01,04:34:00,0.21,2,330.46,Diesel,48.45,26.67,2189.3,1292.16,3481.46,0,False,Entregada,Entrega realizada en tiempo,1
4335,31,34,3,22,2026-04-26,10:11:00,2026-04-26,10:47:00,2026-04-26,10:47:00,10.63,15,23.7,Diesel,1.97,26.33,1801.5,51.87,1853.37,0,False,Entregada,Entrega realizada en tiempo,0
4336,57,36,49,42,2026-05-24,15:18:00,2026-05-24,18:29:00,2026-05-24,18:29:00,5.54,46,98.85,Diesel,11.66,25.12,1916.25,292.9,2209.15,0,False,Entregada,Entrega realizada en tiempo,0
4337,53,8,21,8,2026-01-08,17:00:00,2026-01-08,00:33:00,2026-01-09,00:33:00,1.7,45,181.32,Diesel,19.37,26.95,1936.6,522.02,2458.62,0,False,Entregada,Entrega realizada en tiempo,0
4338,2,24,11,40,2026-04-06,06:35:00,2026-04-06,18:09:00,2026-04-06,18:09:00,1.51,52,388.72,Diesel,36.43,26.67,3010.6,971.59,3982.19,0,False,Entregada,Entrega realizada en tiempo,1
4339,35,19,6,9,2026-07-17,09:21:00,2026-07-17,13:49:00,2026-07-17,13:49:00,0.79,76,172.65,Diesel,17.01,26.55,2050.25,451.62,2501.87,0,False,Entregada,Entrega realizada en tiempo,0
4340,90,35,38,28,2026-06-17,09:59:00,2026-06-17,15:13:00,2026-06-17,15:13:00,0.84,41,180.93,Gasolina,24.42,24.79,1816.65,605.37,2422.02,0,False,Entregada,Entrega realizada en tiempo,0
4341,52,16,21,28,2026-01-07,06:24:00,2026-01-07,11:38:00,2026-01-07,11:38:00,0.93,24,192.15,Gasolina,17.26,24.04,1745.75,414.93,2160.68,0,False,Entregada,Entrega realizada en tiempo,0
4342,47,6,31,49,2026-05-31,17:44:00,2026-05-31,09:32:00,2026-06-01,10:31:00,4.02,47,432.51,Diesel,63.23,26.63,3440.55,1683.81,5124.36,59,True,Tardía,"Hora pico, Distancia larga",1
4343,33,38,22,14,2026-01-18,09:29:00,2026-01-18,11:52:00,2026-01-18,12:25:00,0.75,26,64.68,Gasolina,5.5,24.59,1106.4,135.25,1241.65,33,True,Tardía,Hora pico,0
4344,3,5,40,32,2026-04-19,09:07:00,2026-04-19,17:17:00,2026-04-19,17:17:00,5.42,26,224.86,Diesel,28.25,25.25,2374.3,713.31,3087.61,0,False,Entregada,Entrega realizada en tiempo,0
4345,12,26,18,44,2026-04-07,07:20:00,2026-04-07,09:30:00,2026-04-07,09:30:00,0.62,20,63.35,Gasolina,9.04,25.41,1038.75,229.71,1268.46,0,False,Entregada,Entrega realizada en tiempo,0
4346,56,22,16,10,2026-07-27,08:08:00,2026-07-27,00:40:00,2026-07-28,00:40:00,9.13,34,465.06,Diesel,44.98,26.32,4010.3,1183.87,5194.17,0,False,Entregada,Entrega realizada en tiempo,1
4347,6,33,7,1,2026-01-28,11:33:00,2026-01-28,17:52:00,2026-01-28,18:16:00,2.33,14,178.23,Diesel,22.73,24.22,1736.15,550.52,2286.67,24,True,Tardía,Incidencia operativa,0
4348,72,35,18,3,2026-07-18,20:38:00,2026-07-18,08:08:00,2026-07-19,08:08:00,0.43,33,386.03,Gasolina,52.1,25.3,2737.15,1318.13,4055.28,0,False,Entregada,Entrega realizada en tiempo,1
4349,39,36,43,49,2026-08-10,08:51:00,2026-08-10,00:39:00,2026-08-11,00:39:00,3.66,18,396.46,Diesel,46.75,25.55,2992.3,1194.46,4186.76,0,False,Entregada,Entrega realizada en tiempo,1
4350,63,39,16,1,2026-07-06,05:33:00,2026-07-06,11:52:00,2026-07-06,11:52:00,0.73,3,175.13,Gasolina,14.13,24.63,1472.65,348.02,1820.67,0,False,Entregada,Entrega realizada en tiempo,0
4351,76,39,56,1,2026-03-26,19:02:00,2026-03-26,01:21:00,2026-03-27,01:50:00,1.2,70,173.09,Gasolina,13.97,23.85,2045.45,333.18,2378.63,29,True,Tardía,"Hora pico, Carga pesada",0
4352,4,22,3,36,2026-08-03,08:44:00,2026-08-03,02:05:00,2026-08-04,03:09:00,9.03,7,480.72,Diesel,46.49,25.77,3862.6,1198.05,5060.65,64,True,Tardía,"Hora pico, Distancia larga, Carga pesada",1
4353,82,12,7,50,2026-03-02,07:06:00,2026-03-02,16:07:00,2026-03-02,16:07:00,0.65,53,258.03,Gasolina,36.91,24.71,2279.15,912.05,3191.2,0,False,Entregada,Entrega realizada en tiempo,0
4354,54,2,57,9,2026-06-12,07:10:00,2026-06-12,11:38:00,2026-06-12,11:38:00,7.3,38,179.33,Diesel,36.16,26.89,2430.65,972.34,3402.99,0,False,Entregada,Entrega realizada en tiempo,0
4355,55,17,10,33,2026-01-30,08:45:00,2026-01-30,12:36:00,2026-01-30,12:36:00,3.36,45,105.01,Diesel,18.65,26.59,1721.05,495.9,2216.95,0,False,Entregada,Entrega realizada en tiempo,0
4356,51,11,4,30,2026-07-29,11:39:00,2026-07-29,19:11:00,2026-07-29,19:11:00,4.95,66,198.41,Diesel,41.51,26.35,2515.05,1093.79,3608.84,0,False,Entregada,Entrega realizada en tiempo,1
4357,34,38,58,45,2026-07-05,13:38:00,2026-07-05,01:49:00,2026-07-06,01:49:00,0.69,10,448.99,Gasolina,38.15,24.17,2893.95,922.09,3816.04,0,False,Entregada,Entrega realizada en tiempo,1
4358,75,10,1,16,2026-02-27,07:46:00,2026-02-27,12:52:00,2026-02-27,12:52:00,0.69,34,160.27,Gasolina,16.08,24.11,1642.35,387.69,2030.04,0,False,Entregada,Entrega realizada en tiempo,0
4359,88,23,32,46,2026-08-12,08:48:00,2026-08-12,23:38:00,2026-08-13,00:32:00,0.28,54,397.54,Gasolina,72.81,23.63,2947.7,1720.5,4668.2,54,True,Tardía,"Hora pico, Distancia larga",1
4360,37,37,40,23,2026-08-06,06:19:00,2026-08-06,15:40:00,2026-08-06,15:40:00,0.55,31,248.47,Diesel,26.49,25.71,2045.35,681.06,2726.41,0,False,Entregada,Entrega realizada en tiempo,0
4361,97,26,19,42,2026-01-26,15:17:00,2026-01-26,18:28:00,2026-01-26,18:57:00,0.69,46,88.96,Gasolina,12.69,25.63,1381.8,325.24,1707.04,29,True,Tardía,Carga pesada,0
4362,91,37,57,21,2026-02-18,08:49:00,2026-02-18,09:27:00,2026-02-18,09:27:00,3.29,17,24.06,Diesel,2.57,24.07,1085.3,61.86,1147.16,0,False,Entregada,Entrega realizada en tiempo,0
4363,19,18,58,47,2026-05-22,18:24:00,2026-05-22,04:22:00,2026-05-23,05:34:00,3.59,33,337.21,Diesel,31.57,26.6,2809.05,839.76,3648.81,72,True,Tardía,"Tráfico alto, Hora pico, Distancia larga, Carga pesada",1
4364,47,24,32,17,2026-03-24,20:25:00,2026-03-24,09:41:00,2026-03-25,09:41:00,0.87,16,349.94,Diesel,32.8,24.04,2464.7,788.51,3253.21,0,False,Entregada,Entrega realizada en tiempo,0
4365,42,33,13,37,2026-03-04,12:56:00,2026-03-04,17:27:00,2026-03-04,17:27:00,1.59,5,190.43,Diesel,24.29,25.11,1651.15,609.92,2261.07,0,False,Entregada,Entrega realizada en tiempo,0
4366,82,18,54,10,2026-06-22,18:32:00,2026-06-22,11:04:00,2026-06-23,12:15:00,0.64,68,480.01,Diesel,44.94,24.05,3508.05,1080.81,4588.86,71,True,Tardía,"Tráfico alto, Hora pico, Distancia larga",1
4367,79,25,24,25,2026-06-06,09:11:00,2026-06-06,18:37:00,2026-06-06,18:37:00,4.83,48,332.65,Diesel,70.78,25.79,3030.25,1825.42,4855.67,0,False,Entregada,Entrega realizada en tiempo,1
4368,19,30,28,45,2026-02-11,08:15:00,2026-02-11,20:26:00,2026-02-11,20:26:00,1.82,54,455.87,Diesel,39.16,24.25,3393.35,949.63,4342.98,0,False,Entregada,Entrega realizada en tiempo,1
4369,23,31,22,15,2026-03-07,08:34:00,2026-03-07,23:02:00,2026-03-07,23:02:00,1.43,27,423.81,Diesel,60.2,25.82,2978.05,1554.36,4532.41,0,False,Entregada,Entrega realizada en tiempo,1
4370,97,23,22,41,2026-05-01,20:52:00,2026-05-01,08:33:00,2026-05-02,09:18:00,1.33,5,374.99,Gasolina,68.68,23.26,2547.95,1597.5,4145.45,45,True,Tardía,"Tráfico alto, Distancia larga",1
4371,59,32,6,44,2026-01-07,16:08:00,2026-01-07,18:18:00,2026-01-07,18:18:00,0.89,73,67.79,Gasolina,6.14,25.6,1511.95,157.18,1669.13,0,False,Entregada,Entrega realizada en tiempo,0
4372,3,9,48,25,2026-06-19,12:17:00,2026-06-19,21:43:00,2026-06-19,21:43:00,0.38,59,319.41,Gasolina,26.12,24.09,2607.05,629.23,3236.28,0,False,Entregada,Entrega realizada en tiempo,0
4373,28,18,7,42,2026-03-14,10:39:00,2026-03-14,13:50:00,2026-03-14,14:06:00,1.43,10,106.37,Diesel,9.96,24.56,1254.85,244.62,1499.47,16,True,Tardía,Incidencia operativa,0
4374,31,8,53,34,2026-04-21,16:29:00,2026-04-21,20:03:00,2026-04-21,20:03:00,5.98,74,146.53,Diesel,15.65,26.67,2422.65,417.39,2840.04,0,False,Entregada,Entrega realizada en tiempo,0
4375,55,32,48,17,2026-05-01,18:41:00,2026-05-01,07:57:00,2026-05-02,07:57:00,0.22,18,341.94,Gasolina,30.97,25.14,2375.7,778.59,3154.29,0,False,Entregada,Entrega realizada en tiempo,0
4376,13,6,43,4,2026-03-17,05:35:00,2026-03-17,06:53:00,2026-03-17,06:53:00,6.75,30,42.81,Diesel,6.26,24.74,1629.05,154.87,1783.92,0,False,Entregada,Entrega realizada en tiempo,0
4377,60,36,12,26,2026-01-05,07:41:00,2026-01-05,19:54:00,2026-01-05,19:54:00,3.95,70,379.8,Diesel,44.79,26.13,3354.0,1170.36,4524.36,0,False,Entregada,Entrega realizada en tiempo,1
4378,80,23,42,15,2026-02-18,12:09:00,2026-02-18,02:37:00,2026-02-19,02:37:00,1.06,18,390.14,Gasolina,71.45,24.77,2700.7,1769.82,4470.52,0,False,Entregada,Entrega realizada en tiempo,1
4379,79,9,9,17,2026-02-02,14:56:00,2026-02-02,04:12:00,2026-02-03,04:12:00,0.48,64,353.79,Gasolina,28.93,25.31,2828.95,732.22,3561.17,0,False,Entregada,Entrega realizada en tiempo,1
4380,59,30,17,24,2026-04-25,13:03:00,2026-04-25,21:40:00,2026-04-25,21:40:00,2.37,22,336.93,Diesel,28.95,25.98,2597.65,752.12,3349.77,0,False,Entregada,Entrega realizada en tiempo,0
4381,67,34,57,23,2026-02-17,07:06:00,2026-02-17,16:27:00,2026-02-17,16:27:00,3.8,37,254.43,Diesel,21.13,25.3,2448.15,534.59,2982.74,0,False,Entregada,Entrega realizada en tiempo,0
4382,5,15,46,25,2026-02-18,19:14:00,2026-02-18,04:40:00,2026-02-19,04:40:00,0.99,75,370.12,Diesel,76.16,26.13,3049.6,1990.06,5039.66,0,False,Entregada,Entrega realizada en tiempo,1
4383,69,32,35,33,2026-08-12,12:11:00,2026-08-12,16:02:00,2026-08-12,16:02:00,0.9,3,114.86,Gasolina,10.4,25.39,1188.3,264.06,1452.36,0,False,Entregada,Entrega realizada en tiempo,0
4384,37,30,22,45,2026-06-10,20:15:00,2026-06-10,08:26:00,2026-06-11,08:26:00,1.1,48,468.4,Diesel,40.24,26.37,3336.0,1061.13,4397.13,0,False,Entregada,Entrega realizada en tiempo,1
4385,40,29,49,31,2026-01-15,15:36:00,2026-01-15,02:44:00,2026-01-16,02:44:00,0.95,32,291.59,Diesel,30.47,24.53,2308.95,747.43,3056.38,0,False,Entregada,Entrega realizada en tiempo,0
4386,44,16,9,42,2026-06-13,06:09:00,2026-06-13,09:20:00,2026-06-13,09:20:00,0.71,41,88.8,Gasolina,7.98,23.24,1343.0,185.46,1528.46,0,False,Entregada,Entrega realizada en tiempo,0
4387,54,31,38,19,2026-04-16,17:41:00,2026-04-16,01:30:00,2026-04-17,01:30:00,0.4,58,333.77,Diesel,47.41,26.38,2672.85,1250.68,3923.53,0,False,Entregada,Entrega realizada en tiempo,1
4388,67,37,34,28,2026-02-25,16:47:00,2026-02-25,22:01:00,2026-02-25,22:01:00,3.72,11,184.28,Diesel,19.65,26.61,1881.4,522.89,2404.29,0,False,Entregada,Entrega realizada en tiempo,0
4389,42,40,46,19,2026-07-19,13:50:00,2026-07-19,21:39:00,2026-07-19,21:59:00,6.34,75,303.18,Diesel,47.37,26.14,3249.9,1238.25,4488.15,20,True,Tardía,Distancia larga,1
4390,43,29,12,15,2026-06-11,13:40:00,2026-06-11,04:08:00,2026-06-12,04:45:00,1.4,7,450.68,Diesel,47.09,24.64,2949.4,1160.3,4109.7,37,True,Tardía,Distancia larga,1
4391,63,37,28,9,2026-04-13,09:32:00,2026-04-13,14:00:00,2026-04-13,14:00:00,3.77,75,182.41,Diesel,19.45,26.49,2389.05,515.23,2904.28,0,False,Entregada,Entrega realizada en tiempo,0
4392,38,37,40,32,2026-06-23,17:36:00,2026-06-23,01:46:00,2026-06-24,01:46:00,1.16,11,240.28,Diesel,25.62,25.66,1905.4,657.41,2562.81,0,False,Entregada,Entrega realizada en tiempo,0
4393,81,10,52,9,2026-01-06,06:35:00,2026-01-06,11:03:00,2026-01-06,11:13:00,0.82,16,169.35,Gasolina,16.99,23.29,1556.75,395.7,1952.45,10,True,Tardía,Incidencia operativa,0
4394,33,12,33,27,2026-06-20,16:38:00,2026-06-20,03:04:00,2026-06-21,03:04:00,0.85,8,307.58,Gasolina,44.0,23.96,2186.9,1054.24,3241.14,0,False,Entregada,Entrega realizada en tiempo,0
4395,42,32,21,38,2026-03-29,08:16:00,2026-03-29,21:44:00,2026-03-29,21:44:00,0.31,75,431.67,Gasolina,39.1,25.28,3289.35,988.45,4277.8,0,False,Entregada,Entrega realizada en tiempo,1
4396,73,26,29,7,2026-06-11,05:42:00,2026-06-11,13:59:00,2026-06-11,14:57:00,0.79,66,295.99,Gasolina,42.22,24.54,2586.95,1036.08,3623.03,58,True,Tardía,"Tráfico alto, Carga pesada",1
4397,62,12,18,11,2026-06-18,09:30:00,2026-06-18,14:12:00,2026-06-18,14:12:00,0.72,38,135.7,Gasolina,19.41,25.16,1554.5,488.36,2042.86,0,False,Entregada,Entrega realizada en tiempo,0
4398,76,26,28,23,2026-06-30,08:39:00,2026-06-30,18:00:00,2026-06-30,18:00:00,0.24,39,268.14,Gasolina,38.25,23.6,2176.7,902.7,3079.4,0,False,Entregada,Entrega realizada en tiempo,0
4399,6,23,8,30,2026-02-01,17:09:00,2026-02-01,00:41:00,2026-02-02,01:22:00,1.3,43,198.98,Gasolina,36.44,25.59,1968.9,932.5,2901.4,41,True,Tardía,Hora pico,0
4400,33,14,49,16,2026-03-25,10:27:00,2026-03-25,15:33:00,2026-03-25,15:33:00,24.13,60,167.07,Diesel,18.0,25.34,4228.35,456.12,4684.47,0,False,Entregada,Entrega realizada en tiempo,1
4401,62,32,29,14,2026-03-06,08:24:00,2026-03-06,10:47:00,2026-03-06,10:47:00,0.27,43,68.27,Gasolina,6.18,24.45,1212.35,151.1,1363.45,0,False,Entregada,Entrega realizada en tiempo,0
4402,7,14,43,5,2026-01-03,12:45:00,2026-01-03,20:37:00,2026-01-03,20:37:00,10.58,76,331.68,Diesel,35.74,24.28,3824.4,867.77,4692.17,0,False,Entregada,Entrega realizada en tiempo,1
4403,1,31,59,31,2026-01-20,09:55:00,2026-01-20,21:03:00,2026-01-20,22:01:00,1.37,66,295.72,Diesel,42.01,25.79,2643.6,1083.44,3727.04,58,True,Tardía,"Tráfico alto, Hora pico",1
4404,62,17,26,26,2026-07-01,16:38:00,2026-07-01,04:51:00,2026-07-02,04:51:00,6.84,64,333.18,Diesel,59.18,24.82,3361.9,1468.85,4830.75,0,False,Entregada,Entrega realizada en tiempo,1
4405,20,6,30,8,2026-07-12,09:18:00,2026-07-12,16:51:00,2026-07-12,16:51:00,3.54,30,182.38,Diesel,26.66,25.27,2005.9,673.7,2679.6,0,False,Entregada,Entrega realizada en tiempo,0
4406,85,16,51,48,2026-01-13,09:09:00,2026-01-13,14:46:00,2026-01-13,14:46:00,1.02,45,145.44,Gasolina,13.07,24.16,1689.2,315.77,2004.97,0,False,Entregada,Entrega realizada en tiempo,0
4407,74,24,46,10,2026-08-15,14:20:00,2026-08-15,06:52:00,2026-08-16,06:52:00,1.77,69,475.53,Diesel,44.57,26.21,3606.65,1168.18,4774.83,0,False,Entregada,Entrega realizada en tiempo,1
4408,49,32,14,21,2026-07-06,05:30:00,2026-07-06,06:08:00,2026-07-06,06:08:00,0.63,72,25.34,Gasolina,2.3,25.24,1265.7,58.05,1323.75,0,False,Entregada,Entrega realizada en tiempo,0
4409,85,32,12,34,2026-06-26,10:41:00,2026-06-26,14:15:00,2026-06-26,14:15:00,0.58,77,142.87,Gasolina,12.94,24.38,1888.35,315.48,2203.83,0,False,Entregada,Entrega realizada en tiempo,0
4410,50,18,47,27,2026-07-11,07:11:00,2026-07-11,17:37:00,2026-07-11,18:42:00,2.05,49,324.13,Diesel,30.35,25.97,2717.65,788.19,3505.84,65,True,Tardía,"Hora pico, Distancia larga",1
4411,86,16,7,50,2026-05-27,15:11:00,2026-05-27,00:12:00,2026-05-28,00:12:00,1.19,57,268.06,Gasolina,24.08,25.09,2415.3,604.17,3019.47,0,False,Entregada,Entrega realizada en tiempo,0
4412,33,15,38,49,2026-01-10,13:04:00,2026-01-10,04:52:00,2026-01-11,04:52:00,3.59,78,443.06,Diesel,91.16,25.18,3698.3,2295.41,5993.71,0,False,Entregada,Entrega realizada en tiempo,1
4413,52,14,2,4,2026-06-16,15:12:00,2026-06-16,16:30:00,2026-06-16,16:30:00,13.04,50,40.59,Diesel,4.37,26.78,2406.95,117.03,2523.98,0,False,Entregada,Entrega realizada en tiempo,0
4414,7,23,44,5,2026-04-10,11:03:00,2026-04-10,18:55:00,2026-04-10,18:55:00,1.6,58,320.25,Gasolina,58.65,25.61,2725.25,1502.03,4227.28,0,False,Entregada,Entrega realizada en tiempo,1
4415,92,4,56,20,2026-08-03,19:06:00,2026-08-03,09:22:00,2026-08-04,10:31:00,1.65,12,419.85,Gasolina,70.56,25.25,2860.25,1781.64,4641.89,69,True,Tardía,"Hora pico, Distancia larga, Carga pesada",1
4416,86,16,39,27,2026-04-04,09:30:00,2026-04-04,19:56:00,2026-04-04,19:56:00,0.8,21,330.61,Gasolina,29.7,24.79,2401.05,736.26,3137.31,0,False,Entregada,Entrega realizada en tiempo,0
4417,75,35,26,29,2026-04-28,18:44:00,2026-04-28,23:52:00,2026-04-29,01:14:00,1.29,8,124.79,Gasolina,16.84,25.14,1316.95,423.36,1740.31,82,True,Tardía,"Tráfico alto, Hora pico, Carga pesada",0
4418,5,31,6,12,2026-06-27,15:38:00,2026-06-27,04:21:00,2026-06-28,04:21:00,1.31,77,391.53,Diesel,55.62,24.98,3204.65,1389.39,4594.04,0,False,Entregada,Entrega realizada en tiempo,1
4419,91,36,12,31,2026-01-03,06:42:00,2026-01-03,17:50:00,2026-01-03,17:50:00,2.15,17,322.08,Diesel,37.98,24.65,2461.4,936.21,3397.61,0,False,Entregada,Entrega realizada en tiempo,1
4420,90,7,14,9,2026-04-11,19:36:00,2026-04-11,00:04:00,2026-04-12,00:04:00,3.14,25,180.36,Diesel,29.57,24.79,1915.8,733.04,2648.84,0,False,Entregada,Entrega realizada en tiempo,0
4421,3,11,5,16,2026-04-22,20:54:00,2026-04-22,02:00:00,2026-04-23,02:00:00,2.85,69,173.45,Diesel,36.29,25.08,2204.25,910.15,3114.4,0,False,Entregada,Entrega realizada en tiempo,0
4422,62,6,45,9,2026-07-09,07:33:00,2026-07-09,12:01:00,2026-07-09,12:56:00,7.28,35,171.82,Diesel,25.12,25.12,2367.1,631.01,2998.11,55,True,Tardía,Hora pico,0
4423,93,38,23,27,2026-07-12,07:30:00,2026-07-12,17:56:00,2026-07-12,17:56:00,0.37,56,345.86,Gasolina,29.38,25.72,2714.3,755.65,3469.95,0,False,Entregada,Entrega realizada en tiempo,1
4424,44,36,39,11,2026-02-09,10:44:00,2026-02-09,15:26:00,2026-02-09,15:26:00,3.91,48,143.58,Diesel,16.93,24.39,1992.9,412.92,2405.82,0,False,Entregada,Entrega realizada en tiempo,0
4425,70,21,36,32,2026-06-21,05:55:00,2026-06-21,14:05:00,2026-06-21,14:05:00,0.84,56,241.09,Diesel,33.72,26.35,2237.45,888.52,3125.97,0,False,Entregada,Entrega realizada en tiempo,0
4426,20,10,36,50,2026-08-11,09:38:00,2026-08-11,18:39:00,2026-08-11,18:39:00,0.74,29,243.15,Gasolina,24.39,24.07,2021.75,587.07,2608.82,0,False,Entregada,Entrega realizada en tiempo,0
4427,19,35,55,29,2026-05-15,18:06:00,2026-05-15,23:14:00,2026-05-15,23:14:00,0.83,48,132.25,Gasolina,17.85,23.58,1628.25,420.9,2049.15,0,False,Entregada,Entrega realizada en tiempo,0
4428,77,27,20,32,2026-02-10,16:33:00,2026-02-10,00:43:00,2026-02-11,00:43:00,13.61,40,230.69,Diesel,29.65,25.5,3334.45,756.07,4090.52,0,False,Entregada,Entrega realizada en tiempo,1
4429,53,18,44,24,2026-03-24,06:29:00,2026-03-24,15:06:00,2026-03-24,15:06:00,2.13,20,295.48,Diesel,27.67,24.74,2350.4,684.56,3034.96,0,False,Entregada,Entrega realizada en tiempo,0
4430,98,1,60,8,2026-05-21,14:46:00,2026-05-21,22:19:00,2026-05-21,22:19:00,0.38,7,211.74,Gasolina,20.44,23.15,1652.7,473.19,2125.89,0,False,Entregada,Entrega realizada en tiempo,0
4431,70,31,21,26,2026-07-09,12:52:00,2026-07-09,01:05:00,2026-07-10,01:05:00,1.1,45,368.92,Diesel,52.4,26.24,2814.6,1374.98,4189.58,0,False,Entregada,Entrega realizada en tiempo,1
4432,44,35,8,42,2026-01-04,13:33:00,2026-01-04,16:44:00,2026-01-04,17:11:00,0.66,2,105.12,Gasolina,14.19,25.71,1107.6,364.82,1472.42,27,True,Tardía,Incidencia operativa,0
4433,72,27,32,39,2026-05-06,11:16:00,2026-05-06,05:09:00,2026-05-07,05:09:00,17.41,64,480.9,Diesel,61.81,25.76,5157.5,1592.23,6749.73,0,False,Entregada,Entrega realizada en tiempo,1
4434,58,35,52,50,2026-07-06,20:27:00,2026-07-06,05:28:00,2026-07-07,05:50:00,0.62,49,269.11,Gasolina,36.32,25.36,2299.55,921.08,3220.63,22,True,Tardía,Incidencia operativa,0
4435,38,25,49,22,2026-03-04,10:14:00,2026-03-04,10:50:00,2026-03-04,10:50:00,9.12,39,24.86,Diesel,5.29,25.33,1848.3,134.0,1982.3,0,False,Entregada,Entrega realizada en tiempo,0
4436,96,37,27,15,2026-02-20,18:36:00,2026-02-20,09:04:00,2026-02-21,09:45:00,1.01,19,408.89,Diesel,43.59,25.85,2797.45,1126.8,3924.25,41,True,Tardía,"Hora pico, Distancia larga",1
4437,10,23,1,12,2026-02-25,18:18:00,2026-02-25,07:01:00,2026-02-26,07:01:00,0.65,27,372.96,Gasolina,68.31,24.92,2645.8,1702.29,4348.09,0,False,Entregada,Entrega realizada en tiempo,1
4438,32,19,21,4,2026-03-24,09:07:00,2026-03-24,10:25:00,2026-03-24,11:15:00,6.56,77,35.89,Diesel,3.54,24.76,1951.45,87.65,2039.1,50,True,Tardía,"Hora pico, Carga pesada",0
4439,17,27,2,40,2026-05-03,16:10:00,2026-05-03,03:44:00,2026-05-04,04:25:00,2.25,77,388.64,Diesel,49.95,25.35,3284.2,1266.23,4550.43,41,True,Tardía,Distancia larga,1
4440,53,25,2,37,2026-05-17,13:37:00,2026-05-17,18:08:00,2026-05-17,18:08:00,2.37,15,178.52,Diesel,37.98,24.28,1749.6,922.15,2671.75,0,False,Entregada,Entrega realizada en tiempo,0
4441,97,20,32,47,2026-03-01,15:27:00,2026-03-01,01:25:00,2026-03-02,02:35:00,1.35,47,342.24,Gasolina,46.44,24.57,2722.2,1141.03,3863.23,70,True,Tardía,"Tráfico alto, Distancia larga",1
4442,39,33,48,39,2026-06-24,14:57:00,2026-06-24,08:50:00,2026-06-25,08:50:00,0.22,47,451.28,Diesel,57.56,24.73,3154.4,1423.46,4577.86,0,False,Entregada,Entrega realizada en tiempo,1
4443,81,40,35,17,2026-03-09,11:50:00,2026-03-09,01:06:00,2026-03-10,01:06:00,5.04,77,323.12,Diesel,50.49,24.19,3235.6,1221.35,4456.95,0,False,Entregada,Entrega realizada en tiempo,1
4444,56,16,55,37,2026-03-23,09:21:00,2026-03-23,13:52:00,2026-03-23,13:52:00,0.88,62,195.37,Gasolina,17.55,24.43,2060.85,428.75,2489.6,0,False,Entregada,Entrega realizada en tiempo,0
4445,36,16,29,41,2026-02-10,07:09:00,2026-02-10,18:50:00,2026-02-10,20:15:00,0.93,29,422.93,Gasolina,38.0,24.15,2939.65,917.7,3857.35,85,True,Tardía,"Tráfico alto, Hora pico, Distancia larga",1
4446,10,40,6,36,2026-07-13,19:30:00,2026-07-13,12:51:00,2026-07-14,13:53:00,0.2,43,484.15,Diesel,75.65,24.38,3284.75,1844.35,5129.1,62,True,Tardía,"Hora pico, Distancia larga",1
4447,24,39,3,41,2026-07-19,05:58:00,2026-07-19,17:39:00,2026-07-19,18:23:00,1.03,8,436.48,Gasolina,35.23,24.05,2849.4,847.28,3696.68,44,True,Tardía,"Tráfico alto, Distancia larga",1
4448,15,29,15,25,2026-03-24,20:23:00,2026-03-24,05:49:00,2026-03-25,06:24:00,0.23,37,370.86,Diesel,38.75,25.71,2673.3,996.26,3669.56,35,True,Tardía,Distancia larga,1
4449,36,20,60,12,2026-03-16,16:08:00,2026-03-16,04:51:00,2026-03-17,05:16:00,1.37,61,415.03,Gasolina,56.31,24.83,3200.15,1398.18,4598.33,25,True,Tardía,Distancia larga,1
4450,32,4,50,49,2026-04-15,13:15:00,2026-04-15,05:03:00,2026-04-16,05:03:00,0.34,26,431.24,Gasolina,72.48,25.37,2898.2,1838.82,4737.02,0,False,Entregada,Entrega realizada en tiempo,1
4451,92,24,40,31,2026-03-22,20:01:00,2026-03-22,07:09:00,2026-03-23,08:06:00,2.31,74,316.36,Diesel,29.65,25.78,2904.8,764.38,3669.18,57,True,Tardía,"Tráfico alto, Distancia larga, Carga pesada",1
4452,1,34,32,36,2026-05-06,13:40:00,2026-05-06,07:01:00,2026-05-07,07:01:00,9.19,61,483.45,Diesel,40.15,26.58,4324.25,1067.19,5391.44,0,False,Entregada,Entrega realizada en tiempo,1
4453,19,31,13,30,2026-08-07,16:15:00,2026-08-07,23:47:00,2026-08-07,23:47:00,0.86,7,202.24,Diesel,28.73,25.41,1653.2,730.03,2383.23,0,False,Entregada,Entrega realizada en tiempo,0
4454,29,38,42,33,2026-07-05,10:55:00,2026-07-05,14:46:00,2026-07-05,14:46:00,0.6,56,118.15,Gasolina,10.04,24.24,1598.75,243.37,1842.12,0,False,Entregada,Entrega realizada en tiempo,0
4455,73,32,43,37,2026-05-08,19:51:00,2026-05-08,00:22:00,2026-05-09,00:22:00,0.26,42,188.17,Gasolina,17.04,25.93,1802.85,441.85,2244.7,0,False,Entregada,Entrega realizada en tiempo,0
4456,97,4,44,42,2026-03-16,11:23:00,2026-03-16,14:34:00,2026-03-16,14:34:00,1.24,6,102.95,Gasolina,17.3,23.42,1186.75,405.17,1591.92,0,False,Entregada,Entrega realizada en tiempo,0
4457,52,11,40,47,2026-07-17,05:43:00,2026-07-17,15:41:00,2026-07-17,16:46:00,4.99,11,364.51,Diesel,76.26,26.13,2909.55,1992.67,4902.22,65,True,Tardía,"Tráfico alto, Distancia larga",1
4458,89,10,26,23,2026-02-07,17:33:00,2026-02-07,02:54:00,2026-02-08,03:33:00,1.45,21,246.45,Gasolina,24.72,24.0,2045.25,593.28,2638.53,39,True,Tardía,"Hora pico, Carga pesada",0
4459,39,6,48,23,2026-04-19,18:07:00,2026-04-19,03:28:00,2026-04-20,03:28:00,4.81,9,244.36,Diesel,35.73,24.96,2274.8,891.82,3166.62,0,False,Entregada,Entrega realizada en tiempo,0
4460,75,36,54,50,2026-07-05,17:10:00,2026-07-05,02:11:00,2026-07-06,02:11:00,2.59,36,249.17,Diesel,29.38,24.95,2292.85,733.03,3025.88,0,False,Entregada,Entrega realizada en tiempo,0
4461,12,38,51,36,2026-04-28,06:32:00,2026-04-28,23:53:00,2026-04-29,00:43:00,0.97,65,475.04,Gasolina,40.36,25.29,3492.2,1020.7,4512.9,50,True,Tardía,"Distancia larga, Carga pesada",1
4462,89,36,52,1,2026-04-04,09:47:00,2026-04-04,16:06:00,2026-04-04,16:06:00,1.13,51,172.56,Diesel,20.35,25.88,1883.8,526.66,2410.46,0,False,Entregada,Entrega realizada en tiempo,0
4463,19,28,34,14,2026-08-11,14:02:00,2026-08-11,16:25:00,2026-08-11,16:25:00,0.68,59,63.42,Diesel,9.3,26.92,1357.1,250.36,1607.46,0,False,Entregada,Entrega realizada en tiempo,0
4464,45,6,52,13,2026-08-07,06:26:00,2026-08-07,13:37:00,2026-08-07,13:37:00,3.25,78,279.93,Diesel,40.93,24.55,2848.65,1004.83,3853.48,0,False,Entregada,Entrega realizada en tiempo,1
4465,100,9,35,7,2026-03-23,15:35:00,2026-03-23,23:52:00,2026-03-23,23:52:00,1.01,32,306.5,Gasolina,25.06,25.34,2389.5,635.02,3024.52,0,False,Entregada,Entrega realizada en tiempo,0
4466,24,31,56,34,2026-03-27,10:28:00,2026-03-27,14:02:00,2026-03-27,14:02:00,1.52,73,144.5,Diesel,20.53,25.67,1958.5,527.01,2485.51,0,False,Entregada,Entrega realizada en tiempo,0
4467,20,8,19,47,2026-05-27,09:19:00,2026-05-27,19:17:00,2026-05-27,20:12:00,16.78,11,336.62,Diesel,35.96,26.61,3949.1,956.9,4906.0,55,True,Tardía,"Tráfico alto, Hora pico, Distancia larga",1
4468,55,13,37,3,2026-08-01,19:23:00,2026-08-01,06:53:00,2026-08-02,07:51:00,0.42,68,430.59,Gasolina,35.12,25.05,3238.95,879.76,4118.71,58,True,Tardía,"Hora pico, Distancia larga",1
4469,65,14,56,28,2026-07-19,19:59:00,2026-07-19,01:13:00,2026-07-20,01:13:00,12.66,16,195.38,Diesel,21.05,24.49,2870.9,515.51,3386.41,0,False,Entregada,Entrega realizada en tiempo,0
4470,69,26,28,22,2026-06-20,16:02:00,2026-06-20,16:38:00,2026-06-20,16:38:00,0.42,52,21.15,Gasolina,3.02,24.11,1063.75,72.81,1136.56,0,False,Entregada,Entrega realizada en tiempo,0
4471,45,37,23,29,2026-07-20,10:47:00,2026-07-20,15:55:00,2026-07-20,16:25:00,0.67,42,131.07,Diesel,13.97,26.83,1558.35,374.82,1933.17,30,True,Tardía,Tráfico alto,0
4472,97,29,31,43,2026-02-03,14:00:00,2026-02-03,05:27:00,2026-02-04,05:54:00,1.32,38,429.71,Diesel,44.9,24.08,3084.55,1081.19,4165.74,27,True,Tardía,Distancia larga,1
4473,70,21,52,21,2026-05-16,17:09:00,2026-05-16,17:47:00,2026-05-16,17:47:00,1.28,28,26.1,Diesel,3.65,25.51,982.5,93.11,1075.61,0,False,Entregada,Entrega realizada en tiempo,0
4474,97,24,51,31,2026-06-11,08:02:00,2026-06-11,19:10:00,2026-06-11,20:01:00,1.74,68,305.52,Diesel,28.63,24.26,2745.6,694.56,3440.16,51,True,Tardía,"Tráfico alto, Hora pico, Distancia larga",1
4475,8,30,48,49,2026-03-19,10:07:00,2026-03-19,01:55:00,2026-03-20,02:40:00,2.29,52,411.63,Diesel,35.36,26.3,3203.15,929.97,4133.12,45,True,Tardía,"Distancia larga, Carga pesada",1
4476,15,6,22,41,2026-04-04,15:27:00,2026-04-04,03:08:00,2026-04-05,03:50:00,5.36,12,382.08,Diesel,55.86,25.32,3042.4,1414.38,4456.78,42,True,Tardía,"Tráfico alto, Distancia larga",1
4477,84,23,3,3,2026-01-11,12:21:00,2026-01-11,23:51:00,2026-01-11,23:51:00,0.68,71,363.43,Gasolina,66.56,25.85,2953.15,1720.58,4673.73,0,False,Entregada,Entrega realizada en tiempo,1
4478,71,38,9,9,2026-06-10,18:01:00,2026-06-10,22:29:00,2026-06-10,22:29:00,0.74,52,166.61,Gasolina,14.16,24.71,1823.05,349.89,2172.94,0,False,Entregada,Entrega realizada en tiempo,0
4479,88,3,60,42,2026-04-09,12:38:00,2026-04-09,15:49:00,2026-04-09,15:49:00,7.08,40,102.55,Diesel,22.01,25.0,2040.75,550.25,2591.0,0,False,Entregada,Entrega realizada en tiempo,0
4480,84,23,48,45,2026-08-07,19:02:00,2026-08-07,07:13:00,2026-08-08,07:13:00,0.71,29,445.02,Gasolina,81.51,24.18,3028.1,1970.91,4999.01,0,False,Entregada,Entrega realizada en tiempo,1
4481,72,14,26,19,2026-05-05,08:55:00,2026-05-05,16:44:00,2026-05-05,17:33:00,4.84,22,327.15,Diesel,35.25,25.45,2795.75,897.11,3692.86,49,True,Tardía,"Hora pico, Distancia larga",1
4482,68,15,16,23,2026-01-17,12:55:00,2026-01-17,22:16:00,2026-01-17,22:16:00,0.71,24,266.39,Diesel,54.81,25.94,2094.95,1421.77,3516.72,0,False,Entregada,Entrega realizada en tiempo,1
4483,79,27,26,45,2026-03-05,06:49:00,2026-03-05,19:00:00,2026-03-05,19:00:00,13.88,6,484.71,Diesel,62.3,24.78,4359.55,1543.79,5903.34,0,False,Entregada,Entrega realizada en tiempo,1
4484,28,38,59,46,2026-05-21,05:17:00,2026-05-21,20:07:00,2026-05-21,20:07:00,0.74,71,441.82,Gasolina,37.54,24.63,3351.1,924.61,4275.71,0,False,Entregada,Entrega realizada en tiempo,1
4485,95,27,32,41,2026-02-12,13:06:00,2026-02-12,00:47:00,2026-02-13,01:45:00,1.41,39,389.58,Diesel,50.07,26.22,2900.9,1312.84,4213.74,58,True,Tardía,"Tráfico alto, Distancia larga",1
4486,7,37,38,33,2026-04-25,09:04:00,2026-04-25,12:55:00,2026-04-25,12:55:00,1.51,64,101.79,Diesel,10.85,26.86,1671.95,291.43,1963.38,0,False,Entregada,Entrega realizada en tiempo,0
4487,65,8,57,26,2026-04-15,20:58:00,2026-04-15,09:11:00,2026-04-16,09:33:00,6.71,72,345.07,Diesel,36.87,26.57,3472.35,979.64,4451.99,22,True,Tardía,Distancia larga,1
4488,70,19,25,39,2026-01-28,09:35:00,2026-01-28,03:28:00,2026-01-29,03:28:00,4.08,13,471.71,Diesel,46.47,24.3,3370.55,1129.22,4499.77,0,False,Entregada,Entrega realizada en tiempo,1
4489,33,21,17,27,2026-04-09,08:23:00,2026-04-09,18:49:00,2026-04-09,19:31:00,0.79,57,331.2,Diesel,46.32,25.27,2691.0,1170.51,3861.51,42,True,Tardía,"Hora pico, Distancia larga",1
4490,17,29,26,38,2026-05-09,17:25:00,2026-05-09,06:53:00,2026-05-10,06:53:00,0.75,23,422.56,Diesel,44.15,24.49,2871.8,1081.23,3953.03,0,False,Entregada,Entrega realizada en tiempo,1
4491,97,38,23,32,2026-07-22,12:31:00,2026-07-22,20:41:00,2026-07-22,20:41:00,0.66,36,225.44,Gasolina,19.15,24.67,1981.2,472.43,2453.63,0,False,Entregada,Entrega realizada en tiempo,0
4492,81,37,42,33,2026-06-07,17:07:00,2026-06-07,20:58:00,2026-06-07,20:58:00,0.57,60,107.44,Diesel,11.45,25.96,1574.2,297.24,1871.44,0,False,Entregada,Entrega realizada en tiempo,0
4493,12,22,50,32,2026-01-25,16:02:00,2026-01-25,00:12:00,2026-01-26,00:33:00,9.13,36,258.4,Diesel,24.99,26.5,2993.0,662.24,3655.24,21,True,Tardía,Carga pesada,1
4494,99,17,29,6,2026-04-17,13:02:00,2026-04-17,19:56:00,2026-04-17,20:30:00,1.02,34,268.85,Diesel,47.75,24.56,2218.25,1172.74,3390.99,34,True,Tardía,Tráfico alto,1
4495,34,19,23,44,2026-06-18,19:47:00,2026-06-18,21:57:00,2026-06-18,21:57:00,5.65,19,66.25,Diesel,6.53,26.37,1548.25,172.2,1720.45,0,False,Entregada,Entrega realizada en tiempo,0
4496,95,39,19,47,2026-04-05,11:05:00,2026-04-05,21:03:00,2026-04-05,21:03:00,1.04,74,332.0,Gasolina,26.8,23.34,2856.0,625.51,3481.51,0,False,Entregada,Entrega realizada en tiempo,0
4497,29,30,36,3,2026-03-07,19:31:00,2026-03-07,07:01:00,2026-03-08,07:52:00,0.7,55,399.05,Diesel,34.28,25.33,3005.25,868.31,3873.56,51,True,Tardía,"Hora pico, Distancia larga",1
4498,77,26,60,21,2026-07-08,09:19:00,2026-07-08,09:57:00,2026-07-08,09:57:00,0.53,23,25.33,Gasolina,3.61,25.01,863.65,90.29,953.94,0,False,Entregada,Entrega realizada en tiempo,0
4499,1,32,19,43,2026-06-23,08:19:00,2026-06-23,23:46:00,2026-06-24,00:19:00,0.66,56,481.6,Gasolina,43.62,24.31,3422.0,1060.4,4482.4,33,True,Tardía,"Hora pico, Distancia larga",1
4500,16,13,23,13,2026-03-14,08:20:00,2026-03-14,15:31:00,2026-03-14,16:13:00,1.81,46,278.75,Gasolina,22.74,23.43,2442.75,532.8,2975.55,42,True,Tardía,"Hora pico, Carga pesada",0
4501,56,10,54,6,2026-02-23,20:16:00,2026-02-23,03:10:00,2026-02-24,03:10:00,1.27,16,273.51,Gasolina,27.43,24.08,2122.55,660.51,2783.06,0,False,Entregada,Entrega realizada en tiempo,0
4502,10,1,37,43,2026-04-01,11:59:00,2026-04-01,03:26:00,2026-04-02,03:26:00,0.34,17,423.83,Gasolina,40.91,24.89,2789.15,1018.25,3807.4,0,False,Entregada,Entrega realizada en tiempo,1
4503,99,10,56,31,2026-03-28,05:23:00,2026-03-28,16:31:00,2026-03-28,16:31:00,0.86,52,326.15,Gasolina,32.71,24.51,2632.75,801.72,3434.47,0,False,Entregada,Entrega realizada en tiempo,0
4504,8,33,58,18,2026-06-15,19:59:00,2026-06-15,11:14:00,2026-06-16,11:14:00,2.03,23,441.44,Diesel,56.31,25.32,3094.2,1425.77,4519.97,0,False,Entregada,Entrega realizada en tiempo,1
4505,61,5,10,26,2026-02-18,09:19:00,2026-02-18,21:32:00,2026-02-18,21:32:00,1.51,5,341.15,Diesel,42.86,24.55,2396.75,1052.21,3448.96,0,False,Entregada,Entrega realizada en tiempo,1
4506,80,14,32,34,2026-01-27,10:09:00,2026-01-27,13:43:00,2026-01-27,13:43:00,20.28,53,138.33,Diesel,14.91,25.35,3643.65,377.97,4021.62,0,False,Entregada,Entrega realizada en tiempo,0
4507,32,10,57,27,2026-02-02,17:28:00,2026-02-02,03:54:00,2026-02-03,03:54:00,0.67,55,303.67,Gasolina,30.46,24.3,2525.35,740.18,3265.53,0,False,Entregada,Entrega realizada en tiempo,0
4508,79,22,59,33,2026-07-23,19:55:00,2026-07-23,23:46:00,2026-07-23,23:46:00,3.51,16,113.48,Diesel,10.97,26.53,1546.4,291.03,1837.43,0,False,Entregada,Entrega realizada en tiempo,0
4509,98,25,35,29,2026-06-13,17:48:00,2026-06-13,22:56:00,2026-06-13,22:56:00,4.2,38,132.55,Diesel,28.2,24.45,1886.75,689.49,2576.24,0,False,Entregada,Entrega realizada en tiempo,0
4510,74,19,18,39,2026-06-06,09:50:00,2026-06-06,03:43:00,2026-06-07,04:44:00,0.94,10,484.02,Diesel,47.69,24.47,3094.1,1166.97,4261.07,61,True,Tardía,"Hora pico, Distancia larga",1
4511,94,26,27,33,2026-03-08,05:58:00,2026-03-08,09:49:00,2026-03-08,09:49:00,0.42,43,112.24,Gasolina,16.01,24.95,1447.2,399.45,1846.65,0,False,Entregada,Entrega realizada en tiempo,0
4512,57,33,14,49,2026-02-17,06:12:00,2026-02-17,22:00:00,2026-02-17,22:00:00,2.83,10,389.67,Diesel,49.7,26.71,2811.35,1327.49,4138.84,0,False,Entregada,Entrega realizada en tiempo,1
4513,92,14,56,7,2026-05-04,17:38:00,2026-05-04,01:55:00,2026-05-05,02:56:00,24.47,2,319.2,Diesel,34.4,24.6,4559.0,846.24,5405.24,61,True,Tardía,"Tráfico alto, Hora pico, Distancia larga, Carga pesada",1
4514,84,21,51,43,2026-07-06,08:32:00,2026-07-06,23:59:00,2026-07-07,00:39:00,0.86,3,416.83,Diesel,58.3,24.47,2694.15,1426.6,4120.75,40,True,Tardía,"Hora pico, Distancia larga",1
4515,55,9,35,4,2026-08-11,08:55:00,2026-08-11,10:13:00,2026-08-11,11:18:00,1.02,77,41.32,Gasolina,3.38,25.62,1424.6,86.6,1511.2,65,True,Tardía,"Hora pico, Carga pesada",0
4516,25,5,8,23,2026-03-12,10:36:00,2026-03-12,19:57:00,2026-03-12,19:57:00,2.16,62,260.45,Diesel,32.72,24.28,2514.25,794.44,3308.69,0,False,Entregada,Entrega realizada en tiempo,0
4517,63,16,17,6,2026-08-09,13:37:00,2026-08-09,20:31:00,2026-08-09,21:16:00,1.01,11,261.61,Gasolina,23.5,23.04,1997.05,541.44,2538.49,45,True,Tardía,Tráfico alto,0
4518,54,12,16,46,2026-04-08,14:03:00,2026-04-08,04:53:00,2026-04-09,04:53:00,0.85,38,412.46,Gasolina,59.01,25.85,2951.3,1525.41,4476.71,0,False,Entregada,Entrega realizada en tiempo,1
4519,53,12,52,10,2026-03-21,18:35:00,2026-03-21,11:07:00,2026-03-22,12:14:00,0.81,78,429.02,Gasolina,61.38,25.61,3350.1,1571.94,4922.04,67,True,Tardía,"Tráfico alto, Hora pico, Distancia larga",1
4520,55,7,51,50,2026-03-04,13:02:00,2026-03-04,22:03:00,2026-03-04,22:14:00,1.33,54,253.69,Diesel,41.59,25.59,2333.45,1064.29,3397.74,11,True,Tardía,Incidencia operativa,1
4521,5,5,21,31,2026-08-05,18:59:00,2026-08-05,06:07:00,2026-08-06,07:14:00,9.4,3,294.92,Diesel,37.05,25.69,2938.6,951.81,3890.41,67,True,Tardía,"Tráfico alto, Hora pico, Carga pesada",1
4522,79,31,42,23,2026-02-17,16:33:00,2026-02-17,01:54:00,2026-02-18,01:54:00,0.88,51,277.67,Diesel,39.44,25.12,2384.35,990.73,3375.08,0,False,Entregada,Entrega realizada en tiempo,0
4523,69,14,27,36,2026-01-24,15:35:00,2026-01-24,08:56:00,2026-01-25,09:26:00,15.06,21,474.77,Diesel,51.16,26.86,4547.85,1374.16,5922.01,30,True,Tardía,Distancia larga,1
4524,61,13,4,34,2026-06-25,17:05:00,2026-06-25,20:39:00,2026-06-25,20:39:00,1.56,36,135.33,Gasolina,11.04,24.74,1620.65,273.13,1893.78,0,False,Entregada,Entrega realizada en tiempo,0
4525,25,40,1,39,2026-02-09,05:58:00,2026-02-09,23:51:00,2026-02-09,23:51:00,12.05,7,479.44,Diesel,74.91,26.37,4158.2,1975.38,6133.58,0,False,Entregada,Entrega realizada en tiempo,1
4526,86,26,12,26,2026-07-23,06:30:00,2026-07-23,18:43:00,2026-07-23,18:43:00,0.72,1,368.35,Gasolina,52.55,25.95,2421.75,1363.67,3785.42,0,False,Entregada,Entrega realizada en tiempo,1
4527,37,32,19,33,2026-07-31,13:57:00,2026-07-31,17:48:00,2026-07-31,17:48:00,0.9,58,101.09,Gasolina,9.16,25.15,1559.45,230.37,1789.82,0,False,Entregada,Entrega realizada en tiempo,0
4528,68,40,11,5,2026-03-01,09:29:00,2026-03-01,17:21:00,2026-03-01,17:21:00,4.33,30,350.36,Diesel,54.74,26.67,2924.8,1459.92,4384.72,0,False,Entregada,Entrega realizada en tiempo,1
4529,23,10,39,14,2026-02-14,08:36:00,2026-02-14,10:59:00,2026-02-14,10:59:00,0.47,59,57.97,Gasolina,5.81,23.52,1308.85,136.65,1445.5,0,False,Entregada,Entrega realizada en tiempo,0
4530,99,21,17,3,2026-01-29,12:37:00,2026-01-29,00:07:00,2026-01-30,00:07:00,1.42,32,423.58,Diesel,59.24,26.85,3015.9,1590.59,4606.49,0,False,Entregada,Entrega realizada en tiempo,1
4531,38,32,50,24,2026-03-16,10:41:00,2026-03-16,19:18:00,2026-03-16,19:18:00,0.33,11,336.64,Gasolina,30.49,24.21,2304.2,738.16,3042.36,0,False,Entregada,Entrega realizada en tiempo,0
4532,40,24,39,18,2026-04-27,20:03:00,2026-04-27,11:18:00,2026-04-28,11:18:00,1.71,8,423.13,Diesel,39.66,25.89,2850.65,1026.8,3877.45,0,False,Entregada,Entrega realizada en tiempo,1
4533,74,12,48,18,2026-07-12,16:13:00,2026-07-12,07:28:00,2026-07-13,07:28:00,0.91,52,415.04,Gasolina,59.38,24.8,3082.2,1472.62,4554.82,0,False,Entregada,Entrega realizada en tiempo,1
4534,67,16,31,23,2026-04-03,14:41:00,2026-04-03,00:02:00,2026-04-04,00:02:00,0.4,3,257.74,Gasolina,23.16,25.75,1852.7,596.37,2449.07,0,False,Entregada,Entrega realizada en tiempo,0
4535,70,16,35,32,2026-04-03,06:00:00,2026-04-03,14:10:00,2026-04-03,14:10:00,0.71,64,249.42,Gasolina,22.41,25.91,2330.1,580.64,2910.74,0,False,Entregada,Entrega realizada en tiempo,0
4536,79,38,4,47,2026-02-18,08:28:00,2026-02-18,18:26:00,2026-02-18,19:16:00,0.88,19,356.94,Gasolina,30.33,23.85,2524.7,723.37,3248.07,50,True,Tardía,"Tráfico alto, Hora pico, Distancia larga",1
4537,27,16,8,49,2026-04-06,16:37:00,2026-04-06,08:25:00,2026-04-07,08:44:00,0.79,54,434.54,Gasolina,39.04,23.25,3183.7,907.68,4091.38,19,True,Tardía,Distancia larga,1
4538,52,2,6,40,2026-06-23,09:58:00,2026-06-23,21:32:00,2026-06-23,22:10:00,3.32,27,371.32,Diesel,74.86,26.96,2904.6,2018.23,4922.83,38,True,Tardía,"Hora pico, Distancia larga",1
4539,50,4,44,37,2026-02-23,07:24:00,2026-02-23,11:55:00,2026-02-23,12:42:00,1.52,36,172.92,Gasolina,29.06,23.69,1804.6,688.43,2493.03,47,True,Tardía,"Hora pico, Carga pesada",0
4540,49,7,19,4,2026-05-21,08:12:00,2026-05-21,09:30:00,2026-05-21,10:02:00,1.51,14,40.87,Diesel,6.7,26.07,967.35,174.67,1142.02,32,True,Tardía,Hora pico,0
4541,16,39,51,38,2026-03-17,13:29:00,2026-03-17,02:57:00,2026-03-18,03:55:00,0.62,33,471.69,Gasolina,38.07,23.09,3184.45,879.04,4063.49,58,True,Tardía,"Tráfico alto, Distancia larga",1
4542,10,39,58,46,2026-01-03,05:53:00,2026-01-03,20:43:00,2026-01-03,20:43:00,0.51,43,378.35,Gasolina,30.54,24.32,2786.75,742.73,3529.48,0,False,Entregada,Entrega realizada en tiempo,1
4543,30,23,11,27,2026-02-27,14:38:00,2026-02-27,01:04:00,2026-02-28,01:39:00,0.67,48,322.64,Gasolina,59.09,24.08,2564.2,1422.89,3987.09,35,True,Tardía,Distancia larga,1
4544,34,8,16,42,2026-01-08,08:45:00,2026-01-08,11:56:00,2026-01-08,11:56:00,8.66,24,98.17,Diesel,10.49,26.92,2048.85,282.39,2331.24,0,False,Entregada,Entrega realizada en tiempo,0
4545,97,25,31,7,2026-01-14,15:26:00,2026-01-14,23:43:00,2026-01-14,23:43:00,9.73,42,336.83,Diesel,71.67,24.07,3493.15,1725.1,5218.25,0,False,Entregada,Entrega realizada en tiempo,1
4546,38,38,11,13,2026-04-04,17:28:00,2026-04-04,00:39:00,2026-04-05,01:21:00,0.42,57,258.26,Gasolina,21.94,23.13,2289.3,507.47,2796.77,42,True,Tardía,Hora pico,0
4547,61,6,32,22,2026-02-19,08:08:00,2026-02-19,08:44:00,2026-02-19,08:44:00,6.5,64,25.28,Diesel,3.7,25.87,1788.4,95.72,1884.12,0,False,Entregada,Entrega realizada en tiempo,0
4548,80,32,45,44,2026-07-16,14:10:00,2026-07-16,16:20:00,2026-07-16,16:20:00,1.02,51,61.61,Gasolina,5.58,23.95,1318.05,133.64,1451.69,0,False,Entregada,Entrega realizada en tiempo,0
4549,60,34,40,46,2026-08-05,19:38:00,2026-08-05,10:28:00,2026-08-06,11:15:00,11.66,15,407.44,Diesel,33.84,25.43,3823.2,860.55,4683.75,47,True,Tardía,"Hora pico, Distancia larga",1
4550,14,21,56,8,2026-01-24,07:16:00,2026-01-24,14:49:00,2026-01-24,14:49:00,0.21,21,177.33,Diesel,24.8,24.35,1575.65,603.88,2179.53,0,False,Entregada,Entrega realizada en tiempo,0
4551,38,33,20,24,2026-03-20,16:28:00,2026-03-20,01:05:00,2026-03-21,01:40:00,1.87,28,314.66,Diesel,40.14,24.22,2484.3,972.19,3456.49,35,True,Tardía,Distancia larga,1
4552,95,31,58,46,2026-03-09,07:36:00,2026-03-09,22:26:00,2026-03-09,22:26:00,0.23,1,431.99,Diesel,61.36,25.21,2690.95,1546.89,4237.84,0,False,Entregada,Entrega realizada en tiempo,1
4553,42,20,58,21,2026-06-17,06:34:00,2026-06-17,07:12:00,2026-06-17,07:12:00,0.62,46,25.43,Gasolina,3.45,25.44,1057.15,87.77,1144.92,0,False,Entregada,Entrega realizada en tiempo,0
4554,25,17,1,8,2026-06-16,07:59:00,2026-06-16,15:32:00,2026-06-16,15:32:00,2.99,64,183.21,Diesel,32.54,26.72,2227.05,869.47,3096.52,0,False,Entregada,Entrega realizada en tiempo,0
4555,60,2,25,7,2026-02-22,06:07:00,2026-02-22,14:24:00,2026-02-22,14:24:00,6.83,14,296.37,Diesel,59.75,25.36,2776.85,1515.26,4292.11,0,False,Entregada,Entrega realizada en tiempo,1
4556,69,15,55,6,2026-06-20,19:40:00,2026-06-20,02:34:00,2026-06-21,02:34:00,2.3,12,237.74,Diesel,48.92,24.09,2014.7,1178.48,3193.18,0,False,Entregada,Entrega realizada en tiempo,0
4557,32,21,31,38,2026-04-08,14:53:00,2026-04-08,04:21:00,2026-04-09,04:50:00,0.99,55,411.41,Diesel,57.54,26.0,3096.05,1496.04,4592.09,29,True,Tardía,"Tráfico alto, Distancia larga",1
4558,84,21,19,9,2026-07-19,15:46:00,2026-07-19,20:14:00,2026-07-19,20:14:00,1.24,8,183.46,Diesel,25.66,26.62,1605.3,683.07,2288.37,0,False,Entregada,Entrega realizada en tiempo,0
4559,71,10,55,19,2026-01-20,08:26:00,2026-01-20,16:15:00,2026-01-20,16:51:00,0.35,36,308.97,Gasolina,30.99,25.51,2367.85,790.55,3158.4,36,True,Tardía,"Hora pico, Distancia larga",0
4560,33,31,21,19,2026-06-18,15:27:00,2026-06-18,23:16:00,2026-06-18,23:51:00,0.3,19,316.69,Diesel,44.98,24.38,2265.45,1096.61,3362.06,35,True,Tardía,Distancia larga,1
4561,8,28,58,19,2026-02-02,07:50:00,2026-02-02,15:39:00,2026-02-02,15:39:00,0.42,11,312.51,Diesel,45.82,25.53,2192.55,1169.78,3362.33,0,False,Entregada,Entrega realizada en tiempo,1
4562,52,4,15,34,2026-07-26,14:06:00,2026-07-26,17:40:00,2026-07-26,17:40:00,0.98,44,159.71,Gasolina,26.84,23.71,1748.55,636.38,2384.93,0,False,Entregada,Entrega realizada en tiempo,0
4563,89,28,26,21,2026-02-07,07:54:00,2026-02-07,08:32:00,2026-02-07,09:05:00,0.65,64,25.55,Diesel,3.75,24.56,1204.75,92.1,1296.85,33,True,Tardía,Hora pico,0
4564,30,7,28,49,2026-08-10,11:37:00,2026-08-10,03:25:00,2026-08-11,03:51:00,2.34,41,447.77,Diesel,73.4,25.94,3300.85,1904.0,5204.85,26,True,Tardía,Distancia larga,1
4565,37,7,7,45,2026-08-14,09:30:00,2026-08-14,21:41:00,2026-08-14,21:41:00,4.34,14,448.88,Diesel,73.59,25.93,3290.4,1908.19,5198.59,0,False,Entregada,Entrega realizada en tiempo,1
4566,38,28,48,16,2026-06-11,08:48:00,2026-06-11,13:54:00,2026-06-11,13:54:00,0.89,2,171.83,Diesel,25.2,25.63,1464.15,645.88,2110.03,0,False,Entregada,Entrega realizada en tiempo,0
4567,88,3,41,31,2026-05-18,16:36:00,2026-05-18,03:44:00,2026-05-19,03:44:00,18.94,42,324.78,Diesel,69.7,25.13,4353.9,1751.56,6105.46,0,False,Entregada,Entrega realizada en tiempo,1
4568,15,36,52,50,2026-05-15,10:00:00,2026-05-15,19:01:00,2026-05-15,19:21:00,1.57,36,256.91,Diesel,30.3,25.9,2229.55,784.77,3014.32,20,True,Tardía,Incidencia operativa,0
4569,36,19,32,20,2026-08-03,18:15:00,2026-08-03,08:31:00,2026-08-04,09:24:00,2.36,31,410.24,Diesel,40.42,24.75,3035.2,1000.4,4035.6,53,True,Tardía,"Hora pico, Distancia larga",1
4570,98,39,31,3,2026-01-25,16:32:00,2026-01-25,04:02:00,2026-01-26,04:35:00,0.5,47,415.25,Gasolina,33.51,23.23,3002.25,778.44,3780.69,33,True,Tardía,Distancia larga,1
4571,90,31,52,21,2026-01-13,11:00:00,2026-01-13,11:38:00,2026-01-13,11:38:00,0.54,73,22.76,Diesel,3.23,24.06,1251.8,77.71,1329.51,0,False,Entregada,Entrega realizada en tiempo,0
4572,96,8,34,21,2026-06-09,15:35:00,2026-06-09,16:13:00,2026-06-09,16:13:00,16.29,74,23.57,Diesel,2.52,24.81,2838.85,62.52,2901.37,0,False,Entregada,Entrega realizada en tiempo,0
4573,3,40,23,11,2026-05-25,05:20:00,2026-05-25,10:02:00,2026-05-25,10:23:00,1.44,46,130.58,Diesel,20.4,25.45,1664.9,519.18,2184.08,21,True,Tardía,Incidencia operativa,0
4574,74,10,33,5,2026-05-16,11:28:00,2026-05-16,19:20:00,2026-05-16,19:20:00,0.71,20,325.42,Gasolina,32.64,24.52,2358.1,800.33,3158.43,0,False,Entregada,Entrega realizada en tiempo,0
4575,51,14,48,39,2026-06-05,09:18:00,2026-06-05,03:11:00,2026-06-06,03:11:00,1.42,10,498.44,Diesel,53.71,25.91,3214.2,1391.63,4605.83,0,False,Entregada,Entrega realizada en tiempo,1
4576,12,39,23,18,2026-01-10,15:11:00,2026-01-10,06:26:00,2026-01-11,06:26:00,0.93,63,407.33,Gasolina,32.88,25.68,3133.65,844.36,3978.01,0,False,Entregada,Entrega realizada en tiempo,1
4577,79,2,33,35,2026-07-08,06:25:00,2026-07-08,14:44:00,2026-07-08,14:44:00,5.39,65,309.37,Diesel,62.37,24.27,3105.85,1513.72,4619.57,0,False,Entregada,Entrega realizada en tiempo,1
4578,16,10,43,8,2026-04-28,13:38:00,2026-04-28,21:11:00,2026-04-28,21:11:00,1.03,18,182.44,Gasolina,18.3,23.45,1659.2,429.13,2088.33,0,False,Entregada,Entrega realizada en tiempo,0
4579,21,14,16,6,2026-02-17,13:24:00,2026-02-17,20:18:00,2026-02-17,20:18:00,5.38,63,269.48,Diesel,29.04,25.04,2889.4,727.16,3616.56,0,False,Entregada,Entrega realizada en tiempo,0
4580,89,14,34,23,2026-07-13,16:07:00,2026-07-13,01:28:00,2026-07-14,01:52:00,7.23,55,262.62,Diesel,28.3,26.1,2976.1,738.63,3714.73,24,True,Tardía,Incidencia operativa,1
4581,34,6,13,18,2026-07-22,09:31:00,2026-07-22,00:46:00,2026-07-23,01:45:00,10.19,64,434.62,Diesel,63.54,26.1,4204.1,1658.39,5862.49,59,True,Tardía,"Hora pico, Distancia larga, Carga pesada",1
4582,33,12,59,7,2026-06-23,12:46:00,2026-06-23,21:03:00,2026-06-23,21:42:00,0.49,20,323.22,Gasolina,46.24,24.32,2325.1,1124.56,3449.66,39,True,Tardía,"Tráfico alto, Distancia larga",1
4583,31,31,17,8,2026-04-05,19:29:00,2026-04-05,03:02:00,2026-04-06,03:02:00,0.23,9,204.4,Diesel,29.03,25.85,1617.0,750.43,2367.43,0,False,Entregada,Entrega realizada en tiempo,0
4584,19,22,4,43,2026-03-26,08:42:00,2026-03-26,00:09:00,2026-03-27,01:00:00,4.81,43,470.14,Diesel,45.47,25.08,3675.7,1140.39,4816.09,51,True,Tardía,"Hora pico, Distancia larga",1
4585,95,36,32,32,2026-06-05,10:25:00,2026-06-05,18:35:00,2026-06-05,18:35:00,7.13,38,268.04,Diesel,31.61,24.55,2857.2,776.03,3633.23,0,False,Entregada,Entrega realizada en tiempo,1
4586,27,30,38,23,2026-04-27,08:14:00,2026-04-27,17:35:00,2026-04-27,17:35:00,2.27,67,269.38,Diesel,23.14,24.3,2609.9,562.3,3172.2,0,False,Entregada,Entrega realizada en tiempo,0
4587,88,5,9,38,2026-02-08,07:15:00,2026-02-08,20:43:00,2026-02-08,21:48:00,3.59,42,437.21,Diesel,54.93,24.15,3381.05,1326.56,4707.61,65,True,Tardía,"Tráfico alto, Hora pico, Distancia larga",1
4588,4,31,22,13,2026-04-06,06:11:00,2026-04-06,13:22:00,2026-04-06,13:22:00,1.22,34,279.16,Diesel,39.65,25.73,2289.8,1020.19,3309.99,0,False,Entregada,Entrega realizada en tiempo,0
4589,68,19,46,47,2026-08-13,08:10:00,2026-08-13,18:08:00,2026-08-13,18:59:00,1.74,28,365.11,Diesel,35.97,26.72,2723.55,961.12,3684.67,51,True,Tardía,"Tráfico alto, Hora pico, Distancia larga",1
4590,72,31,51,16,2026-05-15,13:56:00,2026-05-15,19:02:00,2026-05-15,19:30:00,1.41,61,189.95,Diesel,26.98,24.91,2078.75,672.07,2750.82,28,True,Tardía,Incidencia operativa,0
4591,75,7,16,31,2026-01-04,19:22:00,2026-01-04,06:30:00,2026-01-05,06:30:00,4.89,72,293.13,Diesel,48.05,26.88,3030.65,1291.58,4322.23,0,False,Entregada,Entrega realizada en tiempo,1
4592,27,31,40,11,2026-02-01,10:07:00,2026-02-01,14:49:00,2026-02-01,14:49:00,0.36,55,127.3,Diesel,18.08,26.22,1612.5,474.06,2086.56,0,False,Entregada,Entrega realizada en tiempo,0
4593,24,9,25,42,2026-01-14,19:00:00,2026-01-14,22:11:00,2026-01-14,22:11:00,0.45,80,99.65,Gasolina,8.15,24.79,1683.25,202.04,1885.29,0,False,Entregada,Entrega realizada en tiempo,0
4594,58,5,24,7,2026-06-09,10:04:00,2026-06-09,18:21:00,2026-06-09,18:21:00,7.78,58,336.04,Diesel,42.22,24.9,3422.2,1051.28,4473.48,0,False,Entregada,Entrega realizada en tiempo,1
4595,92,39,35,36,2026-07-21,10:34:00,2026-07-21,03:55:00,2026-07-22,04:38:00,0.84,1,403.66,Gasolina,32.58,25.95,2610.3,845.45,3455.75,43,True,Tardía,Distancia larga,1
4596,57,15,35,8,2026-01-25,10:50:00,2026-01-25,18:23:00,2026-01-25,18:23:00,0.93,27,180.7,Diesel,37.18,26.01,1712.5,967.05,2679.55,0,False,Entregada,Entrega realizada en tiempo,0
4597,74,18,26,11,2026-03-20,14:20:00,2026-03-20,19:02:00,2026-03-20,19:27:00,1.61,40,137.49,Diesel,12.87,26.65,1668.45,342.99,2011.44,25,True,Tardía,Incidencia operativa,0
4598,2,1,21,15,2026-04-02,13:41:00,2026-04-02,04:09:00,2026-04-03,04:09:00,0.26,65,415.2,Gasolina,40.08,25.56,3122.0,1024.44,4146.44,0,False,Entregada,Entrega realizada en tiempo,1
4599,34,36,47,7,2026-06-20,08:49:00,2026-06-20,17:06:00,2026-06-20,18:23:00,1.5,66,321.04,Diesel,37.86,25.55,2783.2,967.32,3750.52,77,True,Tardía,"Tráfico alto, Hora pico, Distancia larga",1
4600,42,4,52,9,2026-07-06,20:17:00,2026-07-06,00:45:00,2026-07-07,00:45:00,0.9,63,174.84,Gasolina,29.38,25.93,1968.2,761.82,2730.02,0,False,Entregada,Entrega realizada en tiempo,0
4601,98,11,22,33,2026-05-05,14:14:00,2026-05-05,18:05:00,2026-05-05,18:26:00,3.71,60,118.63,Diesel,24.82,25.28,1944.15,627.45,2571.6,21,True,Tardía,Incidencia operativa,0
4602,38,7,21,16,2026-02-25,06:28:00,2026-02-25,11:34:00,2026-02-25,11:34:00,1.34,3,174.62,Diesel,28.63,25.25,1531.1,722.91,2254.01,0,False,Entregada,Entrega realizada en tiempo,0
4603,64,4,42,43,2026-06-28,15:13:00,2026-06-28,06:40:00,2026-06-29,07:15:00,1.31,30,448.48,Gasolina,75.37,25.16,3113.4,1896.31,5009.71,35,True,Tardía,Distancia larga,1
4604,90,6,7,38,2026-03-27,13:47:00,2026-03-27,03:15:00,2026-03-28,04:14:00,10.85,29,429.91,Diesel,62.85,26.52,3966.55,1666.78,5633.33,59,True,Tardía,"Tráfico alto, Distancia larga, Carga pesada",1
4605,33,4,15,32,2026-05-07,07:29:00,2026-05-07,15:39:00,2026-05-07,15:39:00,0.9,2,228.5,Gasolina,38.4,23.64,1748.5,907.78,2656.28,0,False,Entregada,Entrega realizada en tiempo,0
4606,74,14,2,27,2026-01-25,20:37:00,2026-01-25,07:03:00,2026-01-26,07:03:00,16.91,18,305.08,Diesel,32.88,26.69,3860.4,877.57,4737.97,0,False,Entregada,Entrega realizada en tiempo,1
4607,37,24,34,9,2026-01-12,18:09:00,2026-01-12,22:37:00,2026-01-12,22:37:00,0.55,13,176.48,Diesel,16.54,26.48,1541.4,437.98,1979.38,0,False,Entregada,Entrega realizada en tiempo,0
4608,58,20,9,20,2026-04-21,20:17:00,2026-04-21,10:33:00,2026-04-22,10:33:00,0.97,62,392.23,Gasolina,53.22,24.08,3054.15,1281.54,4335.69,0,False,Entregada,Entrega realizada en tiempo,1
4609,42,4,50,28,2026-03-26,08:36:00,2026-03-26,13:50:00,2026-03-26,14:24:00,1.25,78,191.44,Gasolina,32.17,25.42,2206.2,817.76,3023.96,34,True,Tardía,Hora pico,0
4610,57,40,41,8,2026-02-03,05:52:00,2026-02-03,13:25:00,2026-02-03,13:25:00,2.44,58,194.48,Diesel,30.39,26.72,2180.4,812.02,2992.42,0,False,Entregada,Entrega realizada en tiempo,0
4611,96,3,40,23,2026-05-03,20:52:00,2026-05-03,06:13:00,2026-05-04,06:30:00,16.49,78,270.26,Diesel,58.0,24.94,4124.3,1446.52,5570.82,17,True,Tardía,Incidencia operativa,1
4612,90,21,1,35,2026-01-26,16:34:00,2026-01-26,00:53:00,2026-01-27,01:31:00,0.81,34,301.85,Diesel,42.22,26.85,2362.25,1133.61,3495.86,38,True,Tardía,Distancia larga,1
4613,58,35,50,6,2026-07-31,17:16:00,2026-07-31,00:10:00,2026-08-01,00:10:00,0.9,38,273.3,Gasolina,36.88,23.1,2260.5,851.93,3112.43,0,False,Entregada,Entrega realizada en tiempo,0
4614,41,17,4,41,2026-04-03,07:57:00,2026-04-03,19:38:00,2026-04-03,19:38:00,6.43,48,372.46,Diesel,66.16,26.0,3389.3,1720.16,5109.46,0,False,Entregada,Entrega realizada en tiempo,1
4615,54,31,52,18,2026-01-03,09:03:00,2026-01-03,00:18:00,2026-01-04,00:18:00,0.88,15,452.9,Diesel,64.33,25.94,2972.5,1668.72,4641.22,0,False,Entregada,Entrega realizada en tiempo,1
4616,41,39,48,39,2026-06-23,10:02:00,2026-06-23,03:55:00,2026-06-24,04:20:00,0.3,4,500.04,Gasolina,40.36,23.91,3062.2,965.01,4027.21,25,True,Tardía,Distancia larga,1
4617,5,23,48,41,2026-05-18,06:24:00,2026-05-18,18:05:00,2026-05-18,18:59:00,1.69,62,372.73,Gasolina,68.27,24.08,3028.65,1643.94,4672.59,54,True,Tardía,"Tráfico alto, Distancia larga, Carga pesada",1
4618,67,17,1,4,2026-01-04,06:56:00,2026-01-04,08:14:00,2026-01-04,08:44:00,8.85,38,38.38,Diesel,6.82,24.76,1880.9,168.86,2049.76,30,True,Tardía,Carga pesada,0
4619,46,17,40,30,2026-04-09,19:50:00,2026-04-09,03:22:00,2026-04-10,04:18:00,8.03,28,195.4,Diesel,34.71,24.51,2504.0,850.74,3354.74,56,True,Tardía,"Hora pico, Carga pesada",0
4620,53,2,19,36,2026-05-29,08:55:00,2026-05-29,02:16:00,2026-05-30,03:04:00,7.37,37,457.01,Diesel,92.14,25.27,3818.05,2328.38,6146.43,48,True,Tardía,"Hora pico, Distancia larga",1
4621,11,13,34,3,2026-06-28,18:38:00,2026-06-28,06:08:00,2026-06-29,06:08:00,1.58,43,362.78,Gasolina,29.59,23.27,2815.9,688.56,3504.46,0,False,Entregada,Entrega realizada en tiempo,1
4622,65,8,11,43,2026-01-28,15:22:00,2026-01-28,06:49:00,2026-01-29,06:49:00,13.54,23,417.2,Diesel,44.57,25.12,4124.0,1119.6,5243.6,0,False,Entregada,Entrega realizada en tiempo,1
4623,72,8,24,37,2026-03-26,05:19:00,2026-03-26,09:50:00,2026-03-26,09:50:00,7.98,31,182.68,Diesel,19.52,26.82,2459.4,523.53,2982.93,0,False,Entregada,Entrega realizada en tiempo,0
4624,57,5,50,32,2026-03-07,07:40:00,2026-03-07,15:50:00,2026-03-07,15:50:00,4.62,56,240.1,Diesel,30.16,25.44,2610.5,767.27,3377.77,0,False,Entregada,Entrega realizada en tiempo,0
4625,62,25,57,13,2026-07-29,08:40:00,2026-07-29,15:51:00,2026-07-29,15:51:00,1.37,6,242.58,Diesel,51.61,26.68,1897.9,1376.95,3274.85,0,False,Entregada,Entrega realizada en tiempo,1
4626,100,11,45,16,2026-02-01,17:25:00,2026-02-01,22:31:00,2026-02-01,23:06:00,0.47,61,173.08,Diesel,36.21,26.89,1900.4,973.69,2874.09,35,True,Tardía,Hora pico,0
4627,13,27,33,17,2026-03-16,11:24:00,2026-03-16,00:40:00,2026-03-17,00:40:00,25.95,76,323.24,Diesel,41.55,25.1,5319.2,1042.9,6362.1,0,False,Entregada,Entrega realizada en tiempo,1
4628,83,33,39,49,2026-02-16,11:43:00,2026-02-16,03:31:00,2026-02-17,04:17:00,3.63,40,430.82,Diesel,54.95,25.53,3337.1,1402.87,4739.97,46,True,Tardía,"Distancia larga, Carga pesada",1
4629,99,5,56,6,2026-08-08,10:55:00,2026-08-08,17:49:00,2026-08-08,17:49:00,6.21,57,259.19,Diesel,32.56,24.82,2872.95,808.14,3681.09,0,False,Entregada,Entrega realizada en tiempo,1
4630,96,18,50,32,2026-07-02,09:49:00,2026-07-02,17:59:00,2026-07-02,17:59:00,3.41,75,229.37,Diesel,21.48,26.15,2587.85,561.7,3149.55,0,False,Entregada,Entrega realizada en tiempo,0
4631,74,6,46,18,2026-08-02,12:33:00,2026-08-02,03:48:00,2026-08-03,03:48:00,5.99,74,437.35,Diesel,63.94,24.06,3877.75,1538.4,5416.15,0,False,Entregada,Entrega realizada en tiempo,1
4632,1,37,43,20,2026-04-09,13:54:00,2026-04-09,04:10:00,2026-04-10,04:10:00,2.95,70,453.75,Diesel,48.37,25.22,3623.75,1219.89,4843.64,0,False,Entregada,Entrega realizada en tiempo,1
4633,75,10,42,48,2026-03-16,20:47:00,2026-03-16,02:24:00,2026-03-17,02:24:00,0.3,65,159.13,Gasolina,15.96,23.05,1845.65,367.88,2213.53,0,False,Entregada,Entrega realizada en tiempo,0
4634,62,16,31,26,2026-06-20,18:26:00,2026-06-20,06:39:00,2026-06-21,06:39:00,0.74,33,349.8,Gasolina,31.43,24.41,2587.0,767.21,3354.21,0,False,Entregada,Entrega realizada en tiempo,0
4635,27,29,34,3,2026-03-24,10:17:00,2026-03-24,21:47:00,2026-03-24,21:47:00,0.75,19,407.3,Diesel,42.56,25.69,2763.5,1093.37,3856.87,0,False,Entregada,Entrega realizada en tiempo,1
4636,69,30,8,28,2026-02-02,20:36:00,2026-02-02,01:50:00,2026-02-03,01:50:00,2.23,58,186.89,Diesel,16.06,25.31,2121.45,406.48,2527.93,0,False,Entregada,Entrega realizada en tiempo,0
4637,59,28,28,45,2026-04-13,06:44:00,2026-04-13,18:55:00,2026-04-13,19:29:00,0.87,79,459.28,Diesel,67.34,24.49,3515.4,1649.16,5164.56,34,True,Tardía,"Distancia larga, Carga pesada",1
4638,33,9,22,37,2026-06-18,09:07:00,2026-06-18,13:38:00,2026-06-18,13:38:00,0.29,58,172.42,Gasolina,14.1,24.74,1855.1,348.83,2203.93,0,False,Entregada,Entrega realizada en tiempo,0
4639,2,34,51,23,2026-04-18,17:20:00,2026-04-18,02:41:00,2026-04-19,03:27:00,1.01,74,262.62,Diesel,21.81,26.54,2506.1,578.84,3084.94,46,True,Tardía,Hora pico,0
4640,56,14,51,47,2026-06-01,16:31:00,2026-06-01,02:29:00,2026-06-02,02:29:00,9.45,6,352.21,Diesel,37.95,26.57,3254.05,1008.33,4262.38,0,False,Entregada,Entrega realizada en tiempo,1
4641,58,31,31,8,2026-03-11,06:22:00,2026-03-11,13:55:00,2026-03-11,13:55:00,1.3,58,178.88,Diesel,25.41,25.4,1988.4,645.41,2633.81,0,False,Entregada,Entrega realizada en tiempo,0
4642,8,9,24,48,2026-01-05,07:23:00,2026-01-05,13:00:00,2026-01-05,13:00:00,0.39,48,146.95,Gasolina,12.02,23.77,1657.75,285.72,1943.47,0,False,Entregada,Entrega realizada en tiempo,0
4643,37,3,41,40,2026-06-27,20:20:00,2026-06-27,07:54:00,2026-06-28,07:54:00,12.59,59,378.63,Diesel,81.25,24.4,4124.15,1982.5,6106.65,0,False,Entregada,Entrega realizada en tiempo,1
4644,50,14,32,17,2026-03-10,20:17:00,2026-03-10,09:33:00,2026-03-11,09:33:00,3.87,46,378.25,Diesel,40.76,25.01,3146.25,1019.41,4165.66,0,False,Entregada,Entrega realizada en tiempo,1
4645,86,31,25,49,2026-06-22,16:13:00,2026-06-22,08:01:00,2026-06-23,08:01:00,1.39,31,387.39,Diesel,55.03,26.07,2823.95,1434.63,4258.58,0,False,Entregada,Entrega realizada en tiempo,1
4646,24,1,46,22,2026-01-07,13:13:00,2026-01-07,13:49:00,2026-01-07,13:49:00,0.79,2,22.65,Gasolina,2.19,23.48,708.25,51.42,759.67,0,False,Entregada,Entrega realizada en tiempo,0
4647,94,31,9,34,2026-06-10,08:30:00,2026-06-10,12:04:00,2026-06-10,12:04:00,1.37,50,148.05,Diesel,21.03,26.02,1777.25,547.2,2324.45,0,False,Entregada,Entrega realizada en tiempo,0
4648,72,32,4,46,2026-05-23,11:53:00,2026-05-23,02:43:00,2026-05-24,02:43:00,0.3,21,436.12,Gasolina,39.5,24.94,2878.6,985.13,3863.73,0,False,Entregada,Entrega realizada en tiempo,1
4649,55,26,2,16,2026-04-15,16:51:00,2026-04-15,21:57:00,2026-04-15,21:57:00,0.44,79,166.21,Gasolina,23.71,25.36,2007.05,601.29,2608.34,0,False,Entregada,Entrega realizada en tiempo,0
4650,24,30,28,44,2026-08-13,12:16:00,2026-08-13,14:26:00,2026-08-13,14:55:00,1.06,70,64.85,Diesel,5.57,26.89,1490.25,149.78,1640.03,29,True,Tardía,Incidencia operativa,0
4651,37,13,45,24,2026-01-12,06:30:00,2026-01-12,15:07:00,2026-01-12,15:07:00,0.81,78,299.85,Gasolina,24.46,25.41,2704.25,621.53,3325.78,0,False,Entregada,Entrega realizada en tiempo,0
4652,56,23,15,31,2026-05-07,17:43:00,2026-05-07,04:51:00,2026-05-08,05:42:00,0.82,68,277.94,Gasolina,50.9,24.26,2515.7,1234.83,3750.53,51,True,Tardía,"Tráfico alto, Hora pico",1
4653,37,37,5,38,2026-01-29,15:12:00,2026-01-29,04:40:00,2026-01-30,04:40:00,3.82,55,412.55,Diesel,43.98,24.07,3384.75,1058.6,4443.35,0,False,Entregada,Entrega realizada en tiempo,1
4654,88,31,52,12,2026-03-29,09:22:00,2026-03-29,22:05:00,2026-03-29,22:57:00,0.27,5,401.4,Diesel,57.02,25.28,2574.0,1441.47,4015.47,52,True,Tardía,"Hora pico, Distancia larga",1
4655,61,34,4,31,2026-06-09,19:09:00,2026-06-09,06:17:00,2026-06-10,07:06:00,12.4,27,324.25,Diesel,26.93,24.59,3577.25,662.21,4239.46,49,True,Tardía,"Tráfico alto, Hora pico, Distancia larga",1
4656,97,20,53,48,2026-05-29,05:09:00,2026-05-29,10:46:00,2026-05-29,10:46:00,0.91,27,144.93,Gasolina,19.66,24.44,1531.65,480.49,2012.14,0,False,Entregada,Entrega realizada en tiempo,0
4657,30,12,54,28,2026-05-27,09:48:00,2026-05-27,15:02:00,2026-05-27,15:02:00,0.83,36,194.14,Gasolina,27.77,23.29,1841.7,646.76,2488.46,0,False,Entregada,Entrega realizada en tiempo,0
4658,1,6,45,25,2026-06-22,14:58:00,2026-06-22,00:24:00,2026-06-23,00:24:00,3.02,79,368.87,Diesel,53.93,24.35,3278.35,1313.2,4591.55,0,False,Entregada,Entrega realizada en tiempo,1
4659,89,12,37,20,2026-04-18,11:02:00,2026-04-18,01:18:00,2026-04-19,01:40:00,0.29,32,465.93,Gasolina,66.66,24.66,3114.65,1643.84,4758.49,22,True,Tardía,Distancia larga,1
4660,77,7,17,28,2026-04-02,14:06:00,2026-04-02,19:20:00,2026-04-02,19:20:00,4.78,11,193.72,Diesel,31.76,24.08,2034.6,764.78,2799.38,0,False,Entregada,Entrega realizada en tiempo,0
4661,25,15,37,48,2026-01-16,14:38:00,2026-01-16,20:15:00,2026-01-16,20:15:00,3.89,50,160.05,Diesel,32.93,26.04,2089.25,857.5,2946.75,0,False,Entregada,Entrega realizada en tiempo,0
4662,83,38,17,10,2026-02-25,12:52:00,2026-02-25,05:24:00,2026-02-26,05:24:00,0.36,25,433.67,Gasolina,36.85,23.62,2904.35,870.4,3774.75,0,False,Entregada,Entrega realizada en tiempo,1
4663,62,23,57,44,2026-07-10,12:56:00,2026-07-10,15:06:00,2026-07-10,15:06:00,0.31,21,63.52,Gasolina,11.63,23.9,1016.6,277.96,1294.56,0,False,Entregada,Entrega realizada en tiempo,0
4664,32,31,47,31,2026-03-03,12:40:00,2026-03-03,23:48:00,2026-03-03,23:48:00,1.3,71,299.34,Diesel,42.52,24.97,2694.7,1061.72,3756.42,0,False,Entregada,Entrega realizada en tiempo,1
4665,95,16,1,47,2026-02-15,17:30:00,2026-02-15,03:28:00,2026-02-16,03:28:00,0.53,18,344.32,Gasolina,30.94,23.24,2418.6,719.05,3137.65,0,False,Entregada,Entrega realizada en tiempo,0
4666,59,37,14,5,2026-04-13,09:22:00,2026-04-13,17:14:00,2026-04-13,17:14:00,4.28,6,298.75,Diesel,31.85,24.99,2469.75,795.93,3265.68,0,False,Entregada,Entrega realizada en tiempo,0
4667,26,11,28,29,2026-06-08,08:17:00,2026-06-08,13:25:00,2026-06-08,13:25:00,3.36,40,122.63,Diesel,25.65,26.11,1769.15,669.72,2438.87,0,False,Entregada,Entrega realizada en tiempo,0
4668,32,30,10,26,2026-05-23,17:48:00,2026-05-23,06:01:00,2026-05-24,06:01:00,1.79,63,331.15,Diesel,28.45,24.72,2838.75,703.28,3542.03,0,False,Entregada,Entrega realizada en tiempo,1
4669,66,34,37,18,2026-08-09,07:51:00,2026-08-09,23:06:00,2026-08-09,23:06:00,10.68,22,404.35,Diesel,33.58,26.9,3765.75,903.3,4669.05,0,False,Entregada,Entrega realizada en tiempo,1
4670,57,11,33,32,2026-05-03,11:31:00,2026-05-03,19:41:00,2026-05-03,19:41:00,1.83,69,268.54,Diesel,56.18,25.85,2577.7,1452.25,4029.95,0,False,Entregada,Entrega realizada en tiempo,1
4671,7,19,2,29,2026-04-08,09:38:00,2026-04-08,14:46:00,2026-04-08,14:46:00,0.34,49,129.61,Diesel,12.77,26.87,1574.05,343.13,1917.18,0,False,Entregada,Entrega realizada en tiempo,0
4672,49,21,12,48,2026-03-14,08:47:00,2026-03-14,14:24:00,2026-03-14,14:24:00,0.23,41,153.07,Diesel,21.41,24.22,1616.35,518.55,2134.9,0,False,Entregada,Entrega realizada en tiempo,0
4673,66,4,10,2,2026-03-15,05:16:00,2026-03-15,11:54:00,2026-03-15,11:54:00,0.96,10,253.97,Gasolina,42.68,23.02,1945.85,982.49,2928.34,0,False,Entregada,Entrega realizada en tiempo,0
4674,14,37,5,9,2026-06-02,11:15:00,2026-06-02,15:43:00,2026-06-02,15:43:00,0.82,32,170.87,Diesel,18.22,26.97,1692.35,491.39,2183.74,0,False,Entregada,Entrega realizada en tiempo,0
4675,24,28,24,29,2026-05-16,08:18:00,2026-05-16,13:26:00,2026-05-16,14:12:00,0.75,80,138.22,Diesel,20.27,24.24,1906.1,491.34,2397.44,46,True,Tardía,"Tráfico alto, Hora pico",0
4676,27,24,14,5,2026-06-19,07:01:00,2026-06-19,14:53:00,2026-06-19,14:53:00,1.36,15,332.51,Diesel,31.16,25.53,2418.55,795.51,3214.06,0,False,Entregada,Entrega realizada en tiempo,0
4677,48,26,29,15,2026-08-13,07:52:00,2026-08-13,22:20:00,2026-08-13,22:20:00,0.32,29,410.22,Gasolina,58.52,25.08,2815.1,1467.68,4282.78,0,False,Entregada,Entrega realizada en tiempo,1
4678,93,5,43,45,2026-04-29,11:36:00,2026-04-29,23:47:00,2026-04-30,00:27:00,1.73,25,445.66,Diesel,55.99,25.24,3101.3,1413.19,4514.49,40,True,Tardía,Distancia larga,1
4679,4,32,15,1,2026-02-17,08:45:00,2026-02-17,15:04:00,2026-02-17,15:32:00,0.38,57,187.75,Gasolina,17.01,25.5,1932.75,433.76,2366.51,28,True,Tardía,Hora pico,0
4680,62,3,6,1,2026-01-26,12:36:00,2026-01-26,18:55:00,2026-01-26,18:55:00,12.93,22,202.91,Diesel,43.54,24.23,2983.55,1054.97,4038.52,0,False,Entregada,Entrega realizada en tiempo,1
4681,71,40,55,11,2026-08-10,09:46:00,2026-08-10,14:28:00,2026-08-10,14:56:00,2.52,34,141.16,Diesel,22.06,24.23,1729.8,534.51,2264.31,28,True,Tardía,Hora pico,0
4682,68,25,22,18,2026-08-05,16:59:00,2026-08-05,08:14:00,2026-08-06,08:59:00,9.09,52,426.36,Diesel,90.71,26.57,3956.8,2410.16,6366.96,45,True,Tardía,Distancia larga,1
4683,35,16,22,35,2026-07-04,06:53:00,2026-07-04,15:12:00,2026-07-04,15:12:00,0.46,36,298.3,Gasolina,26.8,23.25,2325.5,623.1,2948.6,0,False,Entregada,Entrega realizada en tiempo,0
4684,72,2,51,3,2026-03-19,13:03:00,2026-03-19,00:33:00,2026-03-20,00:33:00,0.84,11,383.38,Diesel,77.29,26.24,2588.9,2028.09,4616.99,0,False,Entregada,Entrega realizada en tiempo,1
4685,9,8,37,21,2026-06-06,16:03:00,2026-06-06,16:41:00,2026-06-06,16:41:00,16.95,20,22.98,Diesel,2.46,25.8,2469.9,63.47,2533.37,0,False,Entregada,Entrega realizada en tiempo,0
4686,25,18,51,49,2026-05-07,18:38:00,2026-05-07,10:26:00,2026-05-08,11:14:00,1.05,56,428.69,Diesel,40.14,25.13,3196.45,1008.72,4205.17,48,True,Tardía,"Hora pico, Distancia larga",1
4687,41,31,23,1,2026-08-03,11:10:00,2026-08-03,17:29:00,2026-08-03,17:29:00,1.36,23,185.47,Diesel,26.35,26.59,1747.35,700.65,2448.0,0,False,Entregada,Entrega realizada en tiempo,0
4688,97,4,25,38,2026-08-13,11:42:00,2026-08-13,01:10:00,2026-08-14,01:10:00,1.25,65,430.75,Gasolina,72.39,23.33,3298.75,1688.86,4987.61,0,False,Entregada,Entrega realizada en tiempo,1
4689,94,32,22,17,2026-08-14,08:47:00,2026-08-14,22:03:00,2026-08-14,22:44:00,0.33,67,342.0,Gasolina,30.98,23.9,2779.0,740.42,3519.42,41,True,Tardía,"Hora pico, Distancia larga",1
4690,72,7,25,4,2026-04-05,20:01:00,2026-04-05,21:19:00,2026-04-05,21:19:00,3.29,10,42.77,Diesel,7.01,26.01,1122.85,182.33,1305.18,0,False,Entregada,Entrega realizada en tiempo,0
4691,43,23,59,32,2026-01-11,20:10:00,2026-01-11,04:20:00,2026-01-12,04:20:00,0.31,52,248.29,Gasolina,45.47,24.65,2188.45,1120.84,3309.29,0,False,Entregada,Entrega realizada en tiempo,0
4692,42,3,17,18,2026-07-07,12:05:00,2026-07-07,03:20:00,2026-07-08,03:20:00,7.64,39,422.19,Diesel,90.6,24.84,3686.95,2250.5,5937.45,0,False,Entregada,Entrega realizada en tiempo,1
4693,18,40,60,17,2026-07-16,08:47:00,2026-07-16,22:03:00,2026-07-16,22:03:00,0.48,52,336.35,Diesel,52.55,25.89,2645.75,1360.52,4006.27,0,False,Entregada,Entrega realizada en tiempo,1
4694,68,35,4,45,2026-03-30,06:04:00,2026-03-30,18:15:00,2026-03-30,18:15:00,1.14,43,472.81,Gasolina,63.81,23.68,3322.05,1511.02,4833.07,0,False,Entregada,Entrega realizada en tiempo,1
4695,86,33,43,27,2026-07-17,09:26:00,2026-07-17,19:52:00,2026-07-17,20:46:00,1.83,66,304.92,Diesel,38.89,24.88,2735.6,967.58,3703.18,54,True,Tardía,"Hora pico, Distancia larga",1
4696,33,5,27,47,2026-05-25,19:07:00,2026-05-25,05:05:00,2026-05-26,06:03:00,3.01,38,330.64,Diesel,41.54,25.32,2758.2,1051.79,3809.99,58,True,Tardía,"Tráfico alto, Hora pico, Distancia larga",1
4697,2,3,28,35,2026-01-20,11:14:00,2026-01-20,19:33:00,2026-01-20,19:33:00,19.1,55,340.23,Diesel,73.01,25.42,4551.15,1855.91,6407.06,0,False,Entregada,Entrega realizada en tiempo,1
4698,86,15,39,48,2026-06-16,17:25:00,2026-06-16,23:02:00,2026-06-16,23:02:00,1.93,53,150.43,Diesel,30.95,26.05,1869.15,806.25,2675.4,0,False,Entregada,Entrega realizada en tiempo,0
4699,41,17,8,30,2026-07-20,07:20:00,2026-07-20,14:52:00,2026-07-20,15:40:00,8.05,5,195.72,Diesel,34.76,24.24,2323.6,842.58,3166.18,48,True,Tardía,"Hora pico, Carga pesada",0
4700,59,23,49,8,2026-07-01,20:56:00,2026-07-01,04:29:00,2026-07-02,04:53:00,1.07,1,185.59,Gasolina,33.99,25.74,1542.95,874.9,2417.85,24,True,Tardía,Incidencia operativa,0
4701,71,17,12,33,2026-03-14,14:23:00,2026-03-14,18:14:00,2026-03-14,18:14:00,7.09,59,109.81,Diesel,19.5,25.59,2230.05,499.0,2729.05,0,False,Entregada,Entrega realizada en tiempo,0
4702,55,31,31,3,2026-04-21,16:31:00,2026-04-21,04:01:00,2026-04-22,04:01:00,1.4,17,419.43,Diesel,59.58,25.81,2873.15,1537.76,4410.91,0,False,Entregada,Entrega realizada en tiempo,1
4703,21,12,36,49,2026-03-01,12:37:00,2026-03-01,04:25:00,2026-03-02,04:44:00,0.38,16,429.42,Gasolina,61.43,23.33,2813.1,1433.16,4246.26,19,True,Tardía,Distancia larga,1
4704,21,29,12,48,2026-04-04,18:34:00,2026-04-04,00:11:00,2026-04-05,00:59:00,1.5,29,149.05,Diesel,15.57,26.69,1627.25,415.56,2042.81,48,True,Tardía,"Tráfico alto, Hora pico",0
4705,87,37,7,11,2026-06-25,06:22:00,2026-06-25,11:04:00,2026-06-25,11:04:00,1.01,76,124.43,Diesel,13.27,24.8,1831.15,329.1,2160.25,0,False,Entregada,Entrega realizada en tiempo,0
4706,37,30,41,50,2026-04-11,20:55:00,2026-04-11,05:56:00,2026-04-12,06:11:00,1.23,70,240.48,Diesel,20.66,26.01,2385.4,537.37,2922.77,15,True,Tardía,Incidencia operativa,0
4707,22,22,49,26,2026-07-24,08:03:00,2026-07-24,20:16:00,2026-07-24,20:40:00,5.46,69,336.76,Diesel,32.57,24.45,3281.8,796.34,4078.14,24,True,Tardía,"Hora pico, Distancia larga",1
4708,63,3,51,5,2026-08-06,15:55:00,2026-08-06,23:47:00,2026-08-06,23:47:00,19.64,22,311.83,Diesel,66.92,26.21,4199.15,1753.97,5953.12,0,False,Entregada,Entrega realizada en tiempo,1
4709,51,16,30,4,2026-02-27,14:59:00,2026-02-27,16:17:00,2026-02-27,16:17:00,0.43,44,39.26,Gasolina,3.53,25.65,1091.3,90.54,1181.84,0,False,Entregada,Entrega realizada en tiempo,0
4710,80,7,21,8,2026-04-11,17:57:00,2026-04-11,01:30:00,2026-04-12,01:30:00,2.86,49,185.0,Diesel,30.33,25.31,2103.0,767.65,2870.65,0,False,Entregada,Entrega realizada en tiempo,0
4711,53,10,37,26,2026-08-13,14:34:00,2026-08-13,02:47:00,2026-08-14,02:47:00,0.56,51,335.51,Gasolina,33.65,25.24,2641.55,849.33,3490.88,0,False,Entregada,Entrega realizada en tiempo,1
4712,50,4,9,50,2026-04-03,10:55:00,2026-04-03,19:56:00,2026-04-03,19:56:00,1.28,49,260.16,Gasolina,43.72,23.56,2320.8,1030.04,3350.84,0,False,Entregada,Entrega realizada en tiempo,0
4713,19,4,40,10,2026-02-15,13:55:00,2026-02-15,06:27:00,2026-02-16,07:21:00,0.9,36,456.38,Gasolina,76.7,24.84,3159.9,1905.23,5065.13,54,True,Tardía,"Tráfico alto, Distancia larga",1
4714,3,40,29,36,2026-07-24,17:52:00,2026-07-24,11:13:00,2026-07-25,11:13:00,8.93,27,414.92,Diesel,64.83,26.72,3683.6,1732.26,5415.86,0,False,Entregada,Entrega realizada en tiempo,1
4715,72,32,59,7,2026-07-29,20:58:00,2026-07-29,05:15:00,2026-07-30,05:15:00,0.99,26,331.39,Gasolina,30.02,23.86,2463.95,716.28,3180.23,0,False,Entregada,Entrega realizada en tiempo,0
4716,16,4,4,41,2026-01-02,16:24:00,2026-01-02,04:05:00,2026-01-03,04:05:00,0.51,42,381.06,Gasolina,64.04,24.55,2792.3,1572.18,4364.48,0,False,Entregada,Entrega realizada en tiempo,1
4717,31,37,15,2,2026-07-13,05:17:00,2026-07-13,11:55:00,2026-07-13,12:15:00,0.79,56,244.79,Diesel,26.1,26.51,2250.95,691.91,2942.86,20,True,Tardía,Incidencia operativa,0
4718,92,27,1,46,2026-05-17,18:56:00,2026-05-17,09:46:00,2026-05-18,10:46:00,20.39,5,414.72,Diesel,53.31,25.12,4652.6,1339.15,5991.75,60,True,Tardía,"Hora pico, Distancia larga",1
4719,1,19,19,30,2026-08-15,06:40:00,2026-08-15,14:12:00,2026-08-15,14:12:00,6.02,41,207.79,Diesel,20.47,26.46,2468.95,541.64,3010.59,0,False,Entregada,Entrega realizada en tiempo,0
4720,8,17,31,1,2026-02-02,18:41:00,2026-02-02,01:00:00,2026-02-03,01:00:00,5.81,68,193.7,Diesel,34.4,24.48,2593.5,842.11,3435.61,0,False,Entregada,Entrega realizada en tiempo,0
4721,59,28,17,24,2026-01-30,09:00:00,2026-01-30,17:37:00,2026-01-30,18:21:00,0.21,7,304.05,Diesel,44.58,26.69,2097.25,1189.84,3287.09,44,True,Tardía,"Hora pico, Distancia larga",1
4722,70,21,59,32,2026-03-26,12:30:00,2026-03-26,20:40:00,2026-03-26,20:40:00,1.19,27,224.76,Diesel,31.43,25.52,1958.8,802.09,2760.89,0,False,Entregada,Entrega realizada en tiempo,0
4723,1,35,19,12,2026-05-05,12:01:00,2026-05-05,00:44:00,2026-05-06,01:14:00,0.24,49,416.12,Gasolina,56.16,25.35,2996.6,1423.66,4420.26,30,True,Tardía,Distancia larga,1
4724,57,11,23,21,2026-02-27,09:00:00,2026-02-27,09:38:00,2026-02-27,09:38:00,5.81,48,24.02,Diesel,5.03,26.89,1585.1,135.26,1720.36,0,False,Entregada,Entrega realizada en tiempo,0
4725,47,5,21,24,2026-01-15,08:12:00,2026-01-15,16:49:00,2026-01-15,17:27:00,6.68,43,332.92,Diesel,41.82,26.4,3176.6,1104.05,4280.65,38,True,Tardía,"Hora pico, Distancia larga",1
4726,71,33,31,44,2026-07-14,14:00:00,2026-07-14,16:10:00,2026-07-14,16:39:00,1.31,47,59.15,Diesel,7.54,26.24,1302.75,197.85,1500.6,29,True,Tardía,Incidencia operativa,0
4727,16,34,41,18,2026-01-23,19:01:00,2026-01-23,10:16:00,2026-01-24,10:16:00,14.9,46,409.09,Diesel,33.98,26.47,4403.45,899.45,5302.9,0,False,Entregada,Entrega realizada en tiempo,1
4728,14,9,2,46,2026-07-31,05:31:00,2026-07-31,20:21:00,2026-07-31,20:21:00,0.29,34,416.49,Gasolina,34.05,23.13,2883.45,787.58,3671.03,0,False,Entregada,Entrega realizada en tiempo,1
4729,36,24,5,22,2026-04-20,09:13:00,2026-04-20,09:49:00,2026-04-20,09:49:00,1.89,20,22.05,Diesel,2.07,26.1,959.25,54.03,1013.28,0,False,Entregada,Entrega realizada en tiempo,0
4730,19,25,36,37,2026-05-30,11:28:00,2026-05-30,15:59:00,2026-05-30,15:59:00,3.13,29,178.91,Diesel,38.07,26.51,1939.55,1009.24,2948.79,0,False,Entregada,Entrega realizada en tiempo,0
4731,26,3,37,10,2026-06-22,14:11:00,2026-06-22,06:43:00,2026-06-23,06:43:00,22.63,27,413.23,Diesel,88.68,25.13,5045.15,2228.53,7273.68,0,False,Entregada,Entrega realizada en tiempo,1
4732,7,24,27,13,2026-04-16,06:28:00,2026-04-16,13:39:00,2026-04-16,13:52:00,1.46,11,281.21,Diesel,26.36,24.61,2140.05,648.72,2788.77,13,True,Tardía,Incidencia operativa,0
4733,27,40,55,20,2026-06-07,07:08:00,2026-06-07,21:24:00,2026-06-07,21:24:00,1.94,41,464.97,Diesel,72.65,26.44,3346.85,1920.87,5267.72,0,False,Entregada,Entrega realizada en tiempo,1
4734,73,15,58,28,2026-04-10,12:55:00,2026-04-10,18:09:00,2026-04-10,18:09:00,3.93,25,200.73,Diesel,41.3,24.62,2096.65,1016.81,3113.46,0,False,Entregada,Entrega realizada en tiempo,0
4735,55,23,44,45,2026-02-19,07:42:00,2026-02-19,19:53:00,2026-02-19,19:53:00,0.54,40,479.96,Gasolina,87.9,25.91,3273.8,2277.49,5551.29,0,False,Entregada,Entrega realizada en tiempo,1
4736,89,39,51,18,2026-04-06,16:35:00,2026-04-06,07:50:00,2026-04-07,07:50:00,0.98,16,460.55,Gasolina,37.17,25.26,3028.75,938.91,3967.66,0,False,Entregada,Entrega realizada en tiempo,1
4737,75,21,7,19,2026-04-08,10:50:00,2026-04-08,18:39:00,2026-04-08,18:39:00,0.48,14,326.63,Diesel,45.68,25.85,2293.15,1180.83,3473.98,0,False,Entregada,Entrega realizada en tiempo,1
4738,75,31,57,27,2026-07-19,10:15:00,2026-07-19,20:41:00,2026-07-19,20:41:00,0.7,6,298.27,Diesel,42.37,24.02,2109.35,1017.73,3127.08,0,False,Entregada,Entrega realizada en tiempo,0
4739,20,14,16,15,2026-06-27,19:33:00,2026-06-27,10:01:00,2026-06-28,10:51:00,11.76,31,451.47,Diesel,48.65,26.31,4181.35,1279.98,5461.33,50,True,Tardía,"Hora pico, Distancia larga",1
4740,42,2,40,47,2026-07-02,08:31:00,2026-07-02,18:29:00,2026-07-02,19:28:00,7.76,3,340.59,Diesel,68.67,26.79,3002.95,1839.67,4842.62,59,True,Tardía,"Tráfico alto, Hora pico, Distancia larga",1
4741,55,33,20,30,2026-01-11,18:41:00,2026-01-11,02:13:00,2026-01-12,02:13:00,3.81,20,194.67,Diesel,24.83,26.21,2014.35,650.79,2665.14,0,False,Entregada,Entrega realizada en tiempo,0
4742,60,21,31,47,2026-05-10,16:27:00,2026-05-10,02:25:00,2026-05-11,02:25:00,1.15,26,329.49,Diesel,46.08,24.09,2470.45,1110.07,3580.52,0,False,Entregada,Entrega realizada en tiempo,1
4743,27,32,13,34,2026-01-15,20:49:00,2026-01-15,00:23:00,2026-01-16,00:23:00,0.52,68,153.27,Gasolina,13.88,23.44,1862.35,325.35,2187.7,0,False,Entregada,Entrega realizada en tiempo,0
4744,25,3,37,30,2026-01-08,07:38:00,2026-01-08,15:10:00,2026-01-08,15:10:00,21.41,75,200.08,Diesel,42.94,24.88,4241.4,1068.35,5309.75,0,False,Entregada,Entrega realizada en tiempo,1
4745,64,4,41,44,2026-04-30,14:06:00,2026-04-30,16:16:00,2026-04-30,16:16:00,1.36,68,59.8,Gasolina,10.05,24.19,1479.0,243.11,1722.11,0,False,Entregada,Entrega realizada en tiempo,0
4746,14,1,37,33,2026-06-19,16:53:00,2026-06-19,20:44:00,2026-06-19,20:44:00,0.51,25,109.19,Gasolina,10.54,24.58,1296.95,259.07,1556.02,0,False,Entregada,Entrega realizada en tiempo,0
4747,88,12,33,42,2026-06-16,07:56:00,2026-06-16,11:07:00,2026-06-16,11:07:00,0.22,55,92.93,Gasolina,13.29,24.72,1426.65,328.53,1755.18,0,False,Entregada,Entrega realizada en tiempo,0
4748,2,1,25,50,2026-08-15,15:54:00,2026-08-15,00:55:00,2026-08-16,00:55:00,0.96,65,224.57,Gasolina,21.68,24.57,2238.85,532.68,2771.53,0,False,Entregada,Entrega realizada en tiempo,0
4749,21,32,38,4,2026-03-21,09:23:00,2026-03-21,10:41:00,2026-03-21,10:41:00,0.42,22,39.51,Gasolina,3.58,23.8,915.55,85.2,1000.75,0,False,Entregada,Entrega realizada en tiempo,0
4750,42,33,60,2,2026-04-19,20:49:00,2026-04-19,03:27:00,2026-04-20,03:27:00,2.28,10,284.22,Diesel,36.25,25.79,2229.1,934.89,3163.99,0,False,Entregada,Entrega realizada en tiempo,0
4751,21,19,7,43,2026-06-06,17:38:00,2026-06-06,09:05:00,2026-06-07,09:30:00,5.0,57,436.47,Diesel,43.0,25.59,3638.35,1100.37,4738.72,25,True,Tardía,"Hora pico, Distancia larga",1
4752,34,36,47,1,2026-06-08,20:58:00,2026-06-08,03:17:00,2026-06-09,03:17:00,6.95,45,197.21,Diesel,23.26,24.78,2541.05,576.38,3117.43,0,False,Entregada,Entrega realizada en tiempo,0
4753,68,30,36,37,2026-01-12,11:57:00,2026-01-12,16:28:00,2026-01-12,16:28:00,0.66,69,174.9,Diesel,15.03,24.76,1992.5,372.14,2364.64,0,False,Entregada,Entrega realizada en tiempo,0
4754,41,35,25,45,2026-04-28,08:24:00,2026-04-28,20:35:00,2026-04-28,21:03:00,0.98,8,473.34,Gasolina,63.88,24.27,3028.7,1550.37,4579.07,28,True,Tardía,"Hora pico, Distancia larga",1
4755,55,27,20,4,2026-03-23,18:40:00,2026-03-23,19:58:00,2026-03-23,19:58:00,21.5,39,41.2,Diesel,5.3,24.07,3168.0,127.57,3295.57,0,False,Entregada,Entrega realizada en tiempo,0
4756,64,36,1,45,2026-02-24,17:33:00,2026-02-24,05:44:00,2026-02-25,05:44:00,4.74,23,511.36,Diesel,60.3,25.93,3714.8,1563.58,5278.38,0,False,Entregada,Entrega realizada en tiempo,1
4757,43,16,29,7,2026-02-02,16:47:00,2026-02-02,01:04:00,2026-02-03,01:04:00,0.74,68,289.28,Gasolina,25.99,23.07,2564.4,599.59,3163.99,0,False,Entregada,Entrega realizada en tiempo,0
4758,11,22,51,21,2026-05-05,20:40:00,2026-05-05,21:18:00,2026-05-05,21:18:00,8.04,13,23.96,Diesel,2.32,26.2,1527.8,60.78,1588.58,0,False,Entregada,Entrega realizada en tiempo,0
4759,26,5,19,11,2026-01-31,18:42:00,2026-01-31,23:24:00,2026-01-31,23:24:00,7.52,44,149.42,Diesel,18.77,24.41,2351.1,458.18,2809.28,0,False,Entregada,Entrega realizada en tiempo,0
4760,62,39,39,18,2026-07-04,11:15:00,2026-07-04,02:30:00,2026-07-05,02:30:00,0.91,26,429.23,Gasolina,34.64,24.49,2945.15,848.33,3793.48,0,False,Entregada,Entrega realizada en tiempo,1
4761,70,11,29,15,2026-07-04,06:22:00,2026-07-04,20:50:00,2026-07-04,20:50:00,3.98,79,416.5,Diesel,87.13,25.3,3612.5,2204.39,5816.89,0,False,Entregada,Entrega realizada en tiempo,1
4762,5,34,20,1,2026-04-23,19:17:00,2026-04-23,01:36:00,2026-04-24,01:54:00,5.76,52,191.92,Diesel,15.94,25.0,2451.6,398.5,2850.1,18,True,Tardía,Hora pico,0
4763,58,19,27,25,2026-02-05,08:38:00,2026-02-05,18:04:00,2026-02-05,18:04:00,5.79,79,354.2,Diesel,34.9,25.53,3482.0,891.0,4373.0,0,False,Entregada,Entrega realizada en tiempo,1
4764,41,28,22,41,2026-02-02,13:57:00,2026-02-02,01:38:00,2026-02-03,01:38:00,0.36,44,404.83,Diesel,59.36,24.9,2912.15,1478.06,4390.21,0,False,Entregada,Entrega realizada en tiempo,1
4765,34,22,36,28,2026-04-13,17:11:00,2026-04-13,22:25:00,2026-04-13,23:00:00,7.7,79,186.16,Diesel,18.0,26.98,2832.8,485.64,3318.44,35,True,Tardía,Hora pico,0
4766,21,9,46,27,2026-05-01,11:02:00,2026-05-01,21:28:00,2026-05-01,21:28:00,0.67,56,334.33,Gasolina,27.34,23.3,2686.65,637.02,3323.67,0,False,Entregada,Entrega realizada en tiempo,0
4767,100,17,7,15,2026-05-13,09:28:00,2026-05-13,23:56:00,2026-05-13,23:56:00,6.33,30,420.16,Diesel,74.63,26.01,3473.8,1941.13,5414.93,0,False,Entregada,Entrega realizada en tiempo,1
4768,68,14,16,40,2026-02-04,09:53:00,2026-02-04,21:27:00,2026-02-04,21:27:00,24.77,69,380.03,Diesel,40.95,25.82,5429.15,1057.33,6486.48,0,False,Entregada,Entrega realizada en tiempo,1
4769,50,9,10,23,2026-06-15,11:27:00,2026-06-15,20:48:00,2026-06-15,20:48:00,1.07,65,249.25,Gasolina,20.38,23.56,2373.25,480.15,2853.4,0,False,Entregada,Entrega realizada en tiempo,0
4770,53,28,6,4,2026-02-28,14:25:00,2026-02-28,15:43:00,2026-02-28,15:43:00,0.21,48,42.33,Diesel,6.21,25.92,1116.65,160.96,1277.61,0,False,Entregada,Entrega realizada en tiempo,0
4771,7,36,59,20,2026-02-21,18:41:00,2026-02-21,08:57:00,2026-02-22,08:57:00,1.98,11,445.37,Diesel,52.52,26.5,3012.85,1391.78,4404.63,0,False,Entregada,Entrega realizada en tiempo,1
4772,75,11,27,10,2026-05-04,10:40:00,2026-05-04,03:12:00,2026-05-05,03:51:00,6.86,47,468.48,Diesel,98.01,26.19,3904.4,2566.88,6471.28,39,True,Tardía,"Tráfico alto, Distancia larga",1
4773,20,28,27,19,2026-08-07,15:40:00,2026-08-07,23:29:00,2026-08-07,23:29:00,1.01,5,298.68,Diesel,43.79,25.3,2134.4,1107.89,3242.29,0,False,Entregada,Entrega realizada en tiempo,0
4774,37,39,51,3,2026-05-26,07:00:00,2026-05-26,18:30:00,2026-05-26,18:30:00,0.93,7,368.97,Gasolina,29.78,24.29,2493.85,723.36,3217.21,0,False,Entregada,Entrega realizada en tiempo,0
4775,46,38,56,21,2026-03-21,13:19:00,2026-03-21,13:57:00,2026-03-21,14:10:00,0.54,32,26.81,Gasolina,2.28,24.42,944.05,55.68,999.73,13,True,Tardía,Incidencia operativa,0
4776,67,18,55,26,2026-02-03,18:46:00,2026-02-03,06:59:00,2026-02-04,06:59:00,1.63,39,364.25,Diesel,34.11,25.95,2796.25,885.15,3681.4,0,False,Entregada,Entrega realizada en tiempo,1
4777,21,1,59,42,2026-03-22,09:52:00,2026-03-22,13:03:00,2026-03-22,13:03:00,0.94,17,100.24,Gasolina,9.68,25.02,1231.2,242.19,1473.39,0,False,Entregada,Entrega realizada en tiempo,0
4778,74,33,60,30,2026-06-25,09:03:00,2026-06-25,16:35:00,2026-06-25,16:35:00,3.73,64,181.69,Diesel,23.17,24.59,2293.45,569.75,2863.2,0,False,Entregada,Entrega realizada en tiempo,0
4779,14,27,26,24,2026-07-30,15:36:00,2026-07-30,00:13:00,2026-07-31,00:43:00,15.69,14,337.16,Diesel,43.34,25.88,3866.8,1121.64,4988.44,30,True,Tardía,Distancia larga,1
4780,87,26,49,5,2026-08-10,08:52:00,2026-08-10,16:44:00,2026-08-10,17:16:00,0.49,64,300.67,Gasolina,42.89,24.07,2564.35,1032.36,3596.71,32,True,Tardía,"Hora pico, Distancia larga",1
4781,3,27,18,12,2026-02-07,17:26:00,2026-02-07,06:09:00,2026-02-08,07:16:00,15.32,33,377.51,Diesel,48.52,26.29,4183.55,1275.59,5459.14,67,True,Tardía,"Hora pico, Distancia larga",1
4782,53,22,9,28,2026-06-22,14:03:00,2026-06-22,19:17:00,2026-06-22,19:17:00,1.67,41,199.46,Diesel,19.29,24.85,1992.3,479.36,2471.66,0,False,Entregada,Entrega realizada en tiempo,0
4783,63,17,6,6,2026-04-16,05:10:00,2026-04-16,12:04:00,2026-04-16,12:04:00,5.04,66,273.02,Diesel,48.49,25.72,2897.1,1247.16,4144.26,0,False,Entregada,Entrega realizada en tiempo,1
4784,46,13,46,36,2026-05-18,18:21:00,2026-05-18,11:42:00,2026-05-19,11:42:00,1.64,46,462.0,Gasolina,37.68,25.7,3342.0,968.38,4310.38,0,False,Entregada,Entrega realizada en tiempo,1
4785,64,21,37,48,2026-02-17,06:16:00,2026-02-17,11:53:00,2026-02-17,11:53:00,0.21,9,151.44,Diesel,21.18,26.64,1350.2,564.24,1914.44,0,False,Entregada,Entrega realizada en tiempo,0
4786,21,34,48,11,2026-07-15,10:03:00,2026-07-15,14:45:00,2026-07-15,14:45:00,3.31,13,148.21,Diesel,12.31,26.82,1676.05,330.15,2006.2,0,False,Entregada,Entrega realizada en tiempo,0
4787,94,15,2,43,2026-03-05,08:38:00,2026-03-05,00:05:00,2026-03-06,00:05:00,0.89,64,425.6,Diesel,87.57,24.84,3229.0,2175.24,5404.24,0,False,Entregada,Entrega realizada en tiempo,1
4788,83,19,15,15,2026-07-18,08:37:00,2026-07-18,23:05:00,2026-07-18,23:05:00,4.04,40,408.27,Diesel,40.22,25.37,3265.35,1020.38,4285.73,0,False,Entregada,Entrega realizada en tiempo,1
4789,55,32,45,42,2026-07-07,12:56:00,2026-07-07,16:07:00,2026-07-07,16:07:00,0.37,7,99.36,Gasolina,9.0,25.57,1089.8,230.13,1319.93,0,False,Entregada,Entrega realizada en tiempo,0
4790,61,30,9,17,2026-06-12,15:46:00,2026-06-12,05:02:00,2026-06-13,05:02:00,0.4,36,319.42,Diesel,27.44,25.44,2425.1,698.07,3123.17,0,False,Entregada,Entrega realizada en tiempo,0
4791,95,33,14,43,2026-07-18,12:06:00,2026-07-18,03:33:00,2026-07-19,03:33:00,1.55,73,462.33,Diesel,58.97,25.23,3550.65,1487.81,5038.46,0,False,Entregada,Entrega realizada en tiempo,1
4792,81,5,2,3,2026-06-02,17:35:00,2026-06-02,05:05:00,2026-06-03,05:54:00,5.43,38,392.29,Diesel,49.28,25.74,3308.45,1268.47,4576.92,49,True,Tardía,"Hora pico, Distancia larga",1
4793,32,5,25,41,2026-03-08,08:07:00,2026-03-08,19:48:00,2026-03-08,21:09:00,5.53,17,394.9,Diesel,49.61,26.88,3163.5,1333.52,4497.02,81,True,Tardía,"Tráfico alto, Hora pico, Distancia larga",1
4794,61,4,59,50,2026-02-16,12:33:00,2026-02-16,21:34:00,2026-02-16,22:09:00,1.61,76,226.46,Gasolina,38.06,24.09,2401.3,916.87,3318.17,35,True,Tardía,Carga pesada,0
4795,73,37,37,6,2026-04-03,19:47:00,2026-04-03,02:41:00,2026-04-04,03:40:00,3.35,34,271.01,Diesel,28.89,26.88,2462.05,776.56,3238.61,59,True,Tardía,"Tráfico alto, Hora pico",0
4796,84,10,50,15,2026-03-15,09:58:00,2026-03-15,00:26:00,2026-03-16,01:00:00,1.27,34,401.81,Gasolina,40.3,24.24,2908.05,976.87,3884.92,34,True,Tardía,"Hora pico, Distancia larga",1
4797,84,14,5,47,2026-03-03,13:39:00,2026-03-03,23:37:00,2026-03-04,00:41:00,8.32,38,352.15,Diesel,37.95,26.57,3396.75,1008.33,4405.08,64,True,Tardía,"Tráfico alto, Distancia larga",1
4798,80,2,48,31,2026-02-23,08:09:00,2026-02-23,19:17:00,2026-02-23,20:17:00,1.57,67,324.13,Diesel,65.35,25.18,2813.65,1645.51,4459.16,60,True,Tardía,"Tráfico alto, Hora pico, Distancia larga",1
4799,82,10,7,43,2026-05-11,07:20:00,2026-05-11,22:47:00,2026-05-11,23:45:00,1.16,33,463.08,Gasolina,46.45,25.3,3195.4,1175.19,4370.59,58,True,Tardía,"Hora pico, Distancia larga",1
4800,82,30,4,32,2026-01-15,14:54:00,2026-01-15,23:04:00,2026-01-15,23:04:00,0.43,4,258.22,Diesel,22.18,25.87,1866.1,573.8,2439.9,0,False,Entregada,Entrega realizada en tiempo,0
4801,83,2,41,26,2026-02-03,15:42:00,2026-02-03,03:55:00,2026-02-04,04:27:00,11.26,28,380.61,Diesel,76.74,26.8,3753.05,2056.63,5809.68,32,True,Tardía,Distancia larga,1
4802,92,13,9,28,2026-03-27,17:09:00,2026-03-27,22:23:00,2026-03-27,22:23:00,0.27,1,170.04,Gasolina,13.87,24.49,1385.2,339.68,1724.88,0,False,Entregada,Entrega realizada en tiempo,0
4803,68,4,17,48,2026-05-06,06:30:00,2026-05-06,12:07:00,2026-05-06,12:07:00,0.76,66,143.28,Gasolina,24.08,25.37,1820.4,610.91,2431.31,0,False,Entregada,Entrega realizada en tiempo,0
4804,83,16,29,39,2026-05-13,18:31:00,2026-05-13,12:24:00,2026-05-14,13:23:00,0.76,43,493.81,Gasolina,44.37,25.51,3389.05,1131.88,4520.93,59,True,Tardía,"Hora pico, Distancia larga",1
4805,25,25,37,7,2026-07-27,19:19:00,2026-07-27,03:36:00,2026-07-28,04:51:00,4.46,47,332.81,Diesel,70.81,26.95,2986.05,1908.33,4894.38,75,True,Tardía,"Tráfico alto, Hora pico, Distancia larga",1
4806,47,29,46,37,2026-02-09,19:10:00,2026-02-09,23:41:00,2026-02-09,23:41:00,0.2,52,176.25,Diesel,18.42,26.23,1817.25,483.16,2300.41,0,False,Entregada,Entrega realizada en tiempo,0
4807,3,7,27,23,2026-01-27,13:38:00,2026-01-27,22:59:00,2026-01-27,22:59:00,0.36,74,259.96,Diesel,42.62,25.45,2427.8,1084.68,3512.48,0,False,Entregada,Entrega realizada en tiempo,1
4808,37,29,55,35,2026-08-01,18:06:00,2026-08-01,02:25:00,2026-08-02,02:25:00,1.67,47,288.44,Diesel,30.14,26.2,2485.2,789.67,3274.87,0,False,Entregada,Entrega realizada en tiempo,0
4809,25,14,5,42,2026-04-25,10:04:00,2026-04-25,13:15:00,2026-04-25,13:15:00,16.84,28,96.62,Diesel,10.41,26.45,2891.1,275.34,3166.44,0,False,Entregada,Entrega realizada en tiempo,0
4810,43,25,57,5,2026-06-07,16:47:00,2026-06-07,00:39:00,2026-06-08,00:39:00,10.41,13,303.41,Diesel,64.56,25.14,3162.05,1623.04,4785.09,0,False,Entregada,Entrega realizada en tiempo,1
4811,81,4,10,8,2026-07-25,05:51:00,2026-07-25,13:24:00,2026-07-25,13:24:00,0.52,3,178.09,Gasolina,29.93,23.51,1466.45,703.65,2170.1,0,False,Entregada,Entrega realizada en tiempo,0
4812,68,28,20,43,2026-06-06,14:56:00,2026-06-06,06:23:00,2026-06-07,06:23:00,0.55,67,424.9,Diesel,62.3,26.27,3215.5,1636.62,4852.12,0,False,Entregada,Entrega realizada en tiempo,1
4813,60,4,50,1,2026-03-31,08:40:00,2026-03-31,14:59:00,2026-03-31,14:59:00,1.51,17,190.8,Gasolina,32.07,23.68,1741.0,759.42,2500.42,0,False,Entregada,Entrega realizada en tiempo,0
4814,84,4,56,42,2026-07-21,16:12:00,2026-07-21,19:23:00,2026-07-21,19:23:00,1.13,13,98.12,Gasolina,16.49,23.01,1207.6,379.43,1587.03,0,False,Entregada,Entrega realizada en tiempo,0
4815,28,32,54,25,2026-06-03,09:10:00,2026-06-03,18:36:00,2026-06-03,18:36:00,0.27,72,338.96,Gasolina,30.7,24.73,2797.8,759.21,3557.01,0,False,Entregada,Entrega realizada en tiempo,1
4816,88,11,46,32,2026-03-15,15:49:00,2026-03-15,23:59:00,2026-03-16,00:40:00,8.4,24,263.77,Diesel,55.18,25.83,2850.85,1425.3,4276.15,41,True,Tardía,Carga pesada,1
4817,41,13,6,5,2026-07-11,14:10:00,2026-07-11,22:02:00,2026-07-11,22:02:00,1.8,34,347.04,Gasolina,28.31,23.62,2687.2,668.68,3355.88,0,False,Entregada,Entrega realizada en tiempo,0
4818,63,9,55,43,2026-01-07,17:20:00,2026-01-07,08:47:00,2026-01-08,08:47:00,0.29,58,420.64,Gasolina,34.39,25.2,3096.2,866.63,3962.83,0,False,Entregada,Entrega realizada en tiempo,1
4819,40,20,17,42,2026-06-05,11:51:00,2026-06-05,15:02:00,2026-06-05,15:02:00,0.2,15,93.87,Gasolina,12.74,24.69,1109.35,314.55,1423.9,0,False,Entregada,Entrega realizada en tiempo,0
4820,85,18,21,44,2026-05-28,15:11:00,2026-05-28,17:21:00,2026-05-28,17:21:00,0.62,34,64.54,Diesel,6.04,25.66,1156.7,154.99,1311.69,0,False,Entregada,Entrega realizada en tiempo,0
4821,1,37,60,46,2026-08-01,08:49:00,2026-08-01,23:39:00,2026-08-01,23:39:00,3.37,64,446.89,Diesel,47.64,25.99,3583.45,1238.16,4821.61,0,False,Entregada,Entrega realizada en tiempo,1
4822,46,29,55,15,2026-06-20,16:33:00,2026-06-20,07:01:00,2026-06-21,07:31:00,1.42,43,463.26,Diesel,48.41,24.96,3302.3,1208.31,4510.61,30,True,Tardía,Distancia larga,1
4823,15,35,10,23,2026-01-23,08:50:00,2026-01-23,18:11:00,2026-01-23,18:11:00,0.26,4,243.79,Gasolina,32.9,23.27,1776.95,765.58,2542.53,0,False,Entregada,Entrega realizada en tiempo,0
4824,69,28,29,9,2026-01-05,18:22:00,2026-01-05,22:50:00,2026-01-05,23:24:00,0.74,75,167.97,Diesel,24.63,25.24,2013.85,621.66,2635.51,34,True,Tardía,Hora pico,0
4825,10,40,27,26,2026-07-06,17:43:00,2026-07-06,05:56:00,2026-07-07,05:56:00,3.21,49,346.51,Diesel,54.14,26.91,2945.55,1456.91,4402.46,0,False,Entregada,Entrega realizada en tiempo,1
4826,93,22,4,46,2026-03-11,10:17:00,2026-03-11,01:07:00,2026-03-12,01:07:00,2.76,1,418.04,Diesel,40.43,24.0,2874.2,970.32,3844.52,0,False,Entregada,Entrega realizada en tiempo,1
4827,24,26,42,24,2026-03-29,17:24:00,2026-03-29,02:01:00,2026-03-30,02:01:00,0.46,39,316.1,Gasolina,45.09,24.26,2438.5,1093.88,3532.38,0,False,Entregada,Entrega realizada en tiempo,1
4828,83,26,24,48,2026-04-28,09:46:00,2026-04-28,15:23:00,2026-04-28,15:23:00,0.6,18,150.25,Gasolina,21.43,24.43,1455.25,523.53,1978.78,0,False,Entregada,Entrega realizada en tiempo,0
4829,39,6,49,4,2026-03-28,05:27:00,2026-03-28,06:45:00,2026-03-28,06:45:00,3.08,67,36.9,Diesel,5.39,24.06,1528.5,129.68,1658.18,0,False,Entregada,Entrega realizada en tiempo,0
4830,97,10,16,16,2026-01-14,12:57:00,2026-01-14,18:03:00,2026-01-14,18:03:00,0.66,55,182.09,Gasolina,18.26,23.56,1916.45,430.21,2346.66,0,False,Entregada,Entrega realizada en tiempo,0
4831,40,32,41,2,2026-08-10,16:53:00,2026-08-10,23:31:00,2026-08-10,23:31:00,0.82,13,271.26,Gasolina,24.57,25.85,2042.3,635.13,2677.43,0,False,Entregada,Entrega realizada en tiempo,0
4832,43,15,55,30,2026-02-26,05:20:00,2026-02-26,12:52:00,2026-02-26,12:52:00,1.12,27,201.81,Diesel,41.52,26.62,1837.05,1105.26,2942.31,0,False,Entregada,Entrega realizada en tiempo,0
4833,22,35,39,1,2026-05-06,19:04:00,2026-05-06,01:23:00,2026-05-07,01:45:00,0.86,54,186.5,Gasolina,25.17,25.8,1950.5,649.39,2599.89,22,True,Tardía,Hora pico,0
4834,84,25,8,23,2026-08-11,06:30:00,2026-08-11,15:51:00,2026-08-11,15:51:00,6.18,15,268.34,Diesel,57.09,24.15,2579.7,1378.72,3958.42,0,False,Entregada,Entrega realizada en tiempo,1
4835,51,8,26,39,2026-01-14,10:27:00,2026-01-14,04:20:00,2026-01-15,04:54:00,12.92,59,476.22,Diesel,50.88,24.81,4645.1,1262.33,5907.43,34,True,Tardía,Distancia larga,1
4836,16,30,43,37,2026-06-13,18:28:00,2026-06-13,22:59:00,2026-06-13,22:59:00,0.45,78,197.07,Diesel,16.93,24.61,2154.35,416.65,2571.0,0,False,Entregada,Entrega realizada en tiempo,0
4837,77,37,19,27,2026-04-24,06:36:00,2026-04-24,17:02:00,2026-04-24,17:02:00,0.84,80,291.67,Diesel,31.09,24.15,2682.35,750.82,3433.17,0,False,Entregada,Entrega realizada en tiempo,0
4838,60,18,40,27,2026-07-31,07:55:00,2026-07-31,18:21:00,2026-07-31,19:17:00,3.99,20,345.58,Diesel,32.36,26.01,2786.9,841.68,3628.58,56,True,Tardía,"Hora pico, Distancia larga, Carga pesada",1
4839,63,35,34,20,2026-07-02,18:28:00,2026-07-02,08:44:00,2026-07-03,08:44:00,0.27,73,422.09,Gasolina,56.96,25.72,3221.45,1465.01,4686.46,0,False,Entregada,Entrega realizada en tiempo,1
4840,20,17,50,14,2026-04-27,14:39:00,2026-04-27,17:02:00,2026-04-27,17:02:00,1.93,52,62.86,Diesel,11.17,26.22,1423.3,292.88,1716.18,0,False,Entregada,Entrega realizada en tiempo,0
4841,69,28,12,29,2026-03-06,19:11:00,2026-03-06,00:19:00,2026-03-07,01:23:00,0.88,30,142.42,Diesel,20.88,26.7,1540.1,557.5,2097.6,64,True,Tardía,"Tráfico alto, Hora pico, Carga pesada",0
4842,33,32,53,22,2026-06-01,14:01:00,2026-06-01,14:37:00,2026-06-01,14:37:00,0.72,15,22.64,Gasolina,2.05,23.58,805.2,48.34,853.54,0,False,Entregada,Entrega realizada en tiempo,0
4843,98,14,25,29,2026-08-08,08:46:00,2026-08-08,13:54:00,2026-08-08,14:55:00,16.75,12,126.47,Diesel,13.63,26.29,2903.35,358.33,3261.68,61,True,Tardía,"Tráfico alto, Hora pico",0
4844,67,5,18,2,2026-05-18,09:58:00,2026-05-18,16:36:00,2026-05-18,17:21:00,8.77,69,281.45,Diesel,35.36,26.81,3336.25,948.0,4284.25,45,True,Tardía,"Hora pico, Carga pesada",1
4845,83,8,42,16,2026-04-26,07:26:00,2026-04-26,12:32:00,2026-04-26,13:15:00,12.76,42,168.26,Diesel,17.98,24.5,2953.3,440.51,3393.81,43,True,Tardía,Hora pico,0
4846,28,7,24,37,2026-04-15,10:30:00,2026-04-15,15:01:00,2026-04-15,15:18:00,1.76,69,171.41,Diesel,28.1,24.35,2085.05,684.24,2769.29,17,True,Tardía,Incidencia operativa,0
4847,84,40,5,24,2026-01-28,19:46:00,2026-01-28,04:23:00,2026-01-29,04:23:00,9.88,10,312.38,Diesel,48.81,25.14,3129.9,1227.08,4356.98,0,False,Entregada,Entrega realizada en tiempo,1
4848,75,2,2,18,2026-04-23,06:19:00,2026-04-23,21:34:00,2026-04-23,21:34:00,5.49,56,419.2,Diesel,84.52,24.84,3593.0,2099.48,5692.48,0,False,Entregada,Entrega realizada en tiempo,1
4849,34,4,50,23,2026-06-24,20:04:00,2026-06-24,05:25:00,2026-06-25,05:42:00,1.44,43,249.54,Gasolina,41.94,24.85,2235.7,1042.21,3277.91,17,True,Tardía,Incidencia operativa,0
4850,20,32,36,37,2026-08-15,07:55:00,2026-08-15,12:26:00,2026-08-15,12:26:00,0.9,10,202.37,Gasolina,18.33,25.06,1681.85,459.35,2141.2,0,False,Entregada,Entrega realizada en tiempo,0
4851,56,35,39,4,2026-01-06,19:54:00,2026-01-06,21:12:00,2026-01-06,21:12:00,1.29,55,38.64,Gasolina,5.21,23.15,1262.2,120.61,1382.81,0,False,Entregada,Entrega realizada en tiempo,0
4852,55,34,5,19,2026-03-20,07:27:00,2026-03-20,15:16:00,2026-03-20,15:16:00,3.62,55,303.39,Diesel,25.2,25.17,2818.95,634.28,3453.23,0,False,Entregada,Entrega realizada en tiempo,0
4853,14,31,49,30,2026-06-25,08:53:00,2026-06-25,16:25:00,2026-06-25,16:25:00,0.69,78,186.24,Diesel,26.45,26.91,2124.2,711.77,2835.97,0,False,Entregada,Entrega realizada en tiempo,0
4854,53,31,4,36,2026-01-08,13:47:00,2026-01-08,07:08:00,2026-01-09,07:08:00,1.1,67,443.64,Diesel,63.02,25.03,3364.2,1577.39,4941.59,0,False,Entregada,Entrega realizada en tiempo,1
4855,20,18,44,1,2026-03-07,18:31:00,2026-03-07,00:50:00,2026-03-08,00:50:00,3.56,76,170.39,Diesel,15.95,24.97,2315.95,398.27,2714.22,0,False,Entregada,Entrega realizada en tiempo,0
4856,62,12,19,1,2026-01-09,10:03:00,2026-01-09,16:22:00,2026-01-09,16:34:00,0.75,26,196.43,Gasolina,28.1,25.24,1765.15,709.24,2474.39,12,True,Tardía,Incidencia operativa,0
4857,67,27,6,29,2026-03-30,20:38:00,2026-03-30,01:46:00,2026-03-31,02:19:00,20.69,56,140.81,Diesel,18.1,25.83,3721.05,467.52,4188.57,33,True,Tardía,Tráfico alto,1
4858,82,30,27,17,2026-06-15,08:39:00,2026-06-15,21:55:00,2026-06-15,21:55:00,1.86,35,377.19,Diesel,32.4,26.53,2851.95,859.57,3711.52,0,False,Entregada,Entrega realizada en tiempo,1
4859,65,14,12,24,2026-01-20,06:05:00,2026-01-20,14:42:00,2026-01-20,15:16:00,9.33,2,315.55,Diesel,34.0,24.64,3026.75,837.76,3864.51,34,True,Tardía,Distancia larga,1
4860,80,9,10,29,2026-07-12,18:44:00,2026-07-12,23:52:00,2026-07-13,00:54:00,0.21,61,118.85,Gasolina,9.72,25.55,1603.25,248.35,1851.6,62,True,Tardía,"Tráfico alto, Hora pico",0
4861,22,28,33,12,2026-03-02,14:47:00,2026-03-02,03:30:00,2026-03-03,04:01:00,0.4,48,360.33,Diesel,52.83,25.61,2725.65,1352.98,4078.63,31,True,Tardía,Distancia larga,1
4862,24,6,16,34,2026-06-12,05:07:00,2026-06-12,08:41:00,2026-06-12,08:41:00,3.18,16,138.68,Diesel,20.27,26.57,1639.4,538.57,2177.97,0,False,Entregada,Entrega realizada en tiempo,0
4863,62,26,39,18,2026-07-19,08:43:00,2026-07-19,23:58:00,2026-07-19,23:58:00,0.22,48,454.39,Gasolina,64.82,23.31,3177.95,1510.95,4688.9,0,False,Entregada,Entrega realizada en tiempo,1
4864,80,35,49,24,2026-04-05,10:10:00,2026-04-05,18:47:00,2026-04-05,18:47:00,0.21,27,329.54,Gasolina,44.47,23.04,2384.7,1024.59,3409.29,0,False,Entregada,Entrega realizada en tiempo,1
4865,98,14,40,32,2026-03-04,08:29:00,2026-03-04,16:39:00,2026-03-04,16:39:00,4.37,41,267.4,Diesel,28.81,26.45,2602.0,762.02,3364.02,0,False,Entregada,Entrega realizada en tiempo,0
4866,20,15,10,18,2026-03-02,11:44:00,2026-03-02,02:59:00,2026-03-03,03:43:00,3.71,19,433.88,Diesel,89.28,26.37,3192.4,2354.31,5546.71,44,True,Tardía,"Distancia larga, Carga pesada",1
4867,56,21,28,11,2026-05-22,05:31:00,2026-05-22,10:13:00,2026-05-22,10:13:00,1.24,26,124.5,Diesel,17.41,25.12,1454.5,437.34,1891.84,0,False,Entregada,Entrega realizada en tiempo,0
4868,2,27,46,17,2026-08-08,13:49:00,2026-08-08,03:05:00,2026-08-09,03:05:00,26.77,42,373.87,Diesel,48.06,24.13,5382.35,1159.69,6542.04,0,False,Entregada,Entrega realizada en tiempo,1
4869,40,34,11,40,2026-03-16,06:30:00,2026-03-16,18:04:00,2026-03-16,18:46:00,14.31,70,418.45,Diesel,34.75,26.2,4583.25,910.45,5493.7,42,True,Tardía,"Distancia larga, Carga pesada",1
4870,67,29,48,12,2026-05-28,09:55:00,2026-05-28,22:38:00,2026-05-28,23:27:00,0.76,58,419.22,Diesel,43.81,26.61,3136.1,1165.78,4301.88,49,True,Tardía,"Hora pico, Distancia larga",1
4871,60,14,25,2,2026-05-15,06:23:00,2026-05-15,13:01:00,2026-05-15,13:01:00,8.2,46,266.04,Diesel,28.67,26.48,3018.2,759.18,3777.38,0,False,Entregada,Entrega realizada en tiempo,1
4872,18,27,10,49,2026-02-21,07:26:00,2026-02-21,23:14:00,2026-02-21,23:38:00,2.89,59,445.63,Diesel,57.28,25.11,3489.15,1438.3,4927.45,24,True,Tardía,"Hora pico, Distancia larga",1
4873,18,29,48,2,2026-07-18,09:53:00,2026-07-18,16:31:00,2026-07-18,16:31:00,0.43,39,249.12,Diesel,26.03,26.49,2100.6,689.53,2790.13,0,False,Entregada,Entrega realizada en tiempo,0
4874,37,29,31,22,2026-07-13,15:54:00,2026-07-13,16:30:00,2026-07-13,16:30:00,1.11,70,24.46,Diesel,2.56,26.03,1293.3,66.64,1359.94,0,False,Entregada,Entrega realizada en tiempo,0
4875,28,32,6,16,2026-04-23,20:30:00,2026-04-23,01:36:00,2026-04-24,01:36:00,0.71,2,165.19,Gasolina,14.96,25.59,1412.95,382.83,1795.78,0,False,Entregada,Entrega realizada en tiempo,0
4876,89,22,16,33,2026-02-17,20:59:00,2026-02-17,00:50:00,2026-02-18,00:50:00,0.21,75,114.49,Diesel,11.07,26.99,1693.45,298.78,1992.23,0,False,Entregada,Entrega realizada en tiempo,0
4877,23,10,42,50,2026-02-27,15:51:00,2026-02-27,00:52:00,2026-02-28,00:52:00,1.51,43,262.04,Gasolina,26.28,25.24,2305.2,663.31,2968.51,0,False,Entregada,Entrega realizada en tiempo,0
4878,25,32,51,49,2026-04-10,11:51:00,2026-04-10,03:39:00,2026-04-11,03:39:00,0.58,37,444.21,Gasolina,40.24,23.48,3075.05,944.84,4019.89,0,False,Entregada,Entrega realizada en tiempo,1
4879,42,25,10,11,2026-02-09,05:34:00,2026-02-09,10:16:00,2026-02-09,10:16:00,4.66,27,138.11,Diesel,29.39,26.31,1872.55,773.25,2645.8,0,False,Entregada,Entrega realizada en tiempo,0
4880,33,18,52,9,2026-05-31,15:07:00,2026-05-31,19:35:00,2026-05-31,19:35:00,2.05,27,173.25,Diesel,16.22,25.34,1787.25,411.01,2198.26,0,False,Entregada,Entrega realizada en tiempo,0
4881,72,25,3,47,2026-04-21,09:38:00,2026-04-21,19:36:00,2026-04-21,20:27:00,8.63,77,339.9,Diesel,72.32,25.56,3678.5,1848.5,5527.0,51,True,Tardía,"Tráfico alto, Hora pico, Distancia larga",1
4882,20,40,10,5,2026-04-08,08:37:00,2026-04-08,16:29:00,2026-04-08,16:29:00,3.96,67,311.86,Diesel,48.73,25.13,2991.3,1224.58,4215.88,0,False,Entregada,Entrega realizada en tiempo,1
4883,40,12,32,33,2026-04-06,18:50:00,2026-04-06,22:41:00,2026-04-06,22:41:00,0.23,14,110.88,Gasolina,15.86,23.74,1189.4,376.52,1565.92,0,False,Entregada,Entrega realizada en tiempo,0
4884,84,13,41,1,2026-04-03,15:38:00,2026-04-03,21:57:00,2026-04-03,21:57:00,0.61,43,174.52,Gasolina,14.23,24.95,1777.6,355.04,2132.64,0,False,Entregada,Entrega realizada en tiempo,0
4885,54,12,21,41,2026-01-09,15:39:00,2026-01-09,03:20:00,2026-01-10,04:06:00,0.76,39,419.28,Gasolina,59.98,24.64,2984.4,1477.91,4462.31,46,True,Tardía,"Tráfico alto, Distancia larga",1
4886,70,40,38,44,2026-07-23,05:43:00,2026-07-23,07:53:00,2026-07-23,07:53:00,9.12,71,64.92,Diesel,10.14,26.28,2304.6,266.48,2571.08,0,False,Entregada,Entrega realizada en tiempo,0
4887,67,25,49,2,2026-05-15,07:05:00,2026-05-15,13:43:00,2026-05-15,13:43:00,9.92,1,284.75,Diesel,60.59,24.85,2923.75,1505.66,4429.41,0,False,Entregada,Entrega realizada en tiempo,1
4888,96,12,59,14,2026-06-30,15:01:00,2026-06-30,17:24:00,2026-06-30,17:24:00,0.89,32,64.66,Gasolina,9.25,24.24,1168.3,224.22,1392.52,0,False,Entregada,Entrega realizada en tiempo,0
4889,4,33,42,22,2026-05-23,19:18:00,2026-05-23,19:54:00,2026-05-23,19:54:00,1.3,34,25.43,Diesel,3.24,24.82,1029.15,80.42,1109.57,0,False,Entregada,Entrega realizada en tiempo,0
4890,63,9,50,8,2026-08-04,09:11:00,2026-08-04,16:44:00,2026-08-04,16:44:00,0.44,56,184.54,Gasolina,15.09,25.14,1914.7,379.36,2294.06,0,False,Entregada,Entrega realizada en tiempo,0
4891,64,32,55,27,2026-02-24,20:50:00,2026-02-24,07:16:00,2026-02-25,07:16:00,0.56,29,291.07,Gasolina,26.37,23.22,2243.35,612.31,2855.66,0,False,Entregada,Entrega realizada en tiempo,0
4892,76,5,44,33,2026-01-15,12:14:00,2026-01-15,16:05:00,2026-01-15,16:05:00,9.42,66,110.99,Diesel,13.94,26.1,2524.95,363.83,2888.78,0,False,Entregada,Entrega realizada en tiempo,0
4893,6,38,31,37,2026-05-05,13:49:00,2026-05-05,18:20:00,2026-05-05,18:20:00,0.67,49,193.71,Gasolina,16.46,25.36,1927.55,417.43,2344.98,0,False,Entregada,Entrega realizada en tiempo,0
4894,23,8,36,8,2026-05-23,06:04:00,2026-05-23,13:37:00,2026-05-23,13:37:00,11.38,68,178.18,Diesel,19.04,25.42,3072.9,484.0,3556.9,0,False,Entregada,Entrega realizada en tiempo,0
4895,60,11,39,6,2026-07-02,10:06:00,2026-07-02,17:00:00,2026-07-02,17:43:00,5.23,16,262.59,Diesel,54.94,25.86,2463.95,1420.75,3884.7,43,True,Tardía,Tráfico alto,1
4896,57,20,25,1,2026-02-25,06:08:00,2026-02-25,12:27:00,2026-02-25,12:39:00,0.8,28,196.22,Gasolina,26.62,24.47,1785.1,651.39,2436.49,12,True,Tardía,Incidencia operativa,0
4897,15,29,51,49,2026-01-05,12:11:00,2026-01-05,03:59:00,2026-01-06,03:59:00,0.57,32,390.58,Diesel,40.81,25.48,2765.9,1039.84,3805.74,0,False,Entregada,Entrega realizada en tiempo,1
4898,41,34,35,36,2026-01-24,07:34:00,2026-01-24,00:55:00,2026-01-25,00:55:00,2.74,41,434.75,Diesel,36.11,24.5,3275.75,884.69,4160.44,0,False,Entregada,Entrega realizada en tiempo,1
4899,54,14,2,17,2026-01-30,15:22:00,2026-01-30,04:38:00,2026-01-31,04:38:00,23.44,17,370.55,Diesel,39.93,24.5,4832.75,978.28,5811.03,0,False,Entregada,Entrega realizada en tiempo,1
4900,51,6,36,37,2026-01-27,05:36:00,2026-01-27,10:07:00,2026-01-27,10:07:00,4.59,45,191.32,Diesel,27.97,26.8,2275.6,749.6,3025.2,0,False,Entregada,Entrega realizada en tiempo,0
4901,3,5,30,39,2026-06-18,09:48:00,2026-06-18,03:41:00,2026-06-19,04:38:00,6.99,42,434.89,Diesel,54.63,24.47,3709.45,1336.8,5046.25,57,True,Tardía,"Hora pico, Distancia larga",1
4902,70,2,5,14,2026-06-19,17:02:00,2026-06-19,19:25:00,2026-06-19,20:18:00,2.94,23,68.7,Diesel,13.85,26.66,1321.5,369.24,1690.74,53,True,Tardía,Hora pico,0
4903,12,39,20,1,2026-01-20,11:24:00,2026-01-20,17:43:00,2026-01-20,17:43:00,0.83,79,204.21,Gasolina,16.48,25.6,2236.05,421.89,2657.94,0,False,Entregada,Entrega realizada en tiempo,0
4904,31,26,3,30,2026-05-07,08:57:00,2026-05-07,16:29:00,2026-05-07,17:13:00,0.4,63,206.16,Gasolina,29.41,24.09,2074.8,708.49,2783.29,44,True,Tardía,Hora pico,0
4905,90,37,36,1,2026-04-22,09:44:00,2026-04-22,16:03:00,2026-04-22,16:35:00,1.24,45,178.55,Diesel,19.04,24.08,1876.75,458.48,2335.23,32,True,Tardía,Hora pico,0
4906,52,12,27,9,2026-03-25,07:02:00,2026-03-25,11:30:00,2026-03-25,11:30:00,0.64,40,168.98,Gasolina,24.17,24.73,1728.9,597.72,2326.62,0,False,Entregada,Entrega realizada en tiempo,0
4907,49,8,32,16,2026-01-10,14:42:00,2026-01-10,19:48:00,2026-01-10,19:48:00,3.97,10,166.21,Diesel,17.76,26.84,1808.05,476.68,2284.73,0,False,Entregada,Entrega realizada en tiempo,0
4908,13,14,15,43,2026-02-02,05:37:00,2026-02-02,21:04:00,2026-02-02,21:04:00,1.18,51,460.95,Diesel,49.67,24.17,3330.75,1200.52,4531.27,0,False,Entregada,Entrega realizada en tiempo,1
4909,76,10,19,1,2026-05-03,12:05:00,2026-05-03,18:24:00,2026-05-03,18:24:00,0.85,26,172.6,Gasolina,17.31,24.9,1656.0,431.02,2087.02,0,False,Entregada,Entrega realizada en tiempo,0
4910,54,27,22,16,2026-03-02,06:14:00,2026-03-02,11:20:00,2026-03-02,11:20:00,4.83,50,160.89,Diesel,20.68,26.94,2187.45,557.12,2744.57,0,False,Entregada,Entrega realizada en tiempo,0
4911,47,31,18,13,2026-02-26,08:37:00,2026-02-26,15:48:00,2026-02-26,15:48:00,1.11,41,240.03,Diesel,34.1,24.06,2139.15,820.45,2959.6,0,False,Entregada,Entrega realizada en tiempo,0
4912,2,2,51,36,2026-03-18,08:25:00,2026-03-18,01:46:00,2026-03-19,01:46:00,12.47,19,404.92,Diesel,81.64,25.46,3923.6,2078.55,6002.15,0,False,Entregada,Entrega realizada en tiempo,1
4913,6,6,46,20,2026-04-21,19:15:00,2026-04-21,09:31:00,2026-04-22,10:02:00,3.06,16,458.45,Diesel,67.02,24.68,3226.25,1654.05,4880.3,31,True,Tardía,"Hora pico, Distancia larga",1
4914,33,24,56,24,2026-05-11,12:24:00,2026-05-11,21:01:00,2026-05-11,21:01:00,1.78,37,289.71,Diesel,27.15,24.18,2422.55,656.49,3079.04,0,False,Entregada,Entrega realizada en tiempo,0
4915,65,7,49,42,2026-06-03,05:08:00,2026-06-03,08:19:00,2026-06-03,08:32:00,4.58,28,97.39,Diesel,15.97,25.13,1668.95,401.33,2070.28,13,True,Tardía,Incidencia operativa,0
4916,45,7,39,34,2026-05-21,05:25:00,2026-05-21,08:59:00,2026-05-21,08:59:00,4.71,3,150.6,Diesel,24.69,24.34,1748.0,600.95,2348.95,0,False,Entregada,Entrega realizada en tiempo,0
4917,63,23,3,30,2026-03-29,08:58:00,2026-03-29,16:30:00,2026-03-29,16:30:00,1.27,75,217.14,Gasolina,39.77,24.17,2312.7,961.24,3273.94,0,False,Entregada,Entrega realizada en tiempo,0
4918,60,31,41,23,2026-07-25,05:17:00,2026-07-25,14:38:00,2026-07-25,15:00:00,0.54,52,275.1,Diesel,39.08,25.94,2345.5,1013.74,3359.24,22,True,Tardía,Incidencia operativa,1
4919,85,10,44,41,2026-05-12,12:12:00,2026-05-12,23:53:00,2026-05-12,23:53:00,0.81,78,369.74,Gasolina,37.09,24.04,3053.7,891.64,3945.34,0,False,Entregada,Entrega realizada en tiempo,1
4920,69,36,54,49,2026-06-13,18:50:00,2026-06-13,10:38:00,2026-06-14,11:21:00,0.31,22,382.57,Diesel,45.11,24.24,2619.85,1093.47,3713.32,43,True,Tardía,"Hora pico, Distancia larga",1
4921,4,15,25,44,2026-03-28,10:18:00,2026-03-28,12:28:00,2026-03-28,12:28:00,2.75,63,65.71,Diesel,13.52,24.89,1607.55,336.51,1944.06,0,False,Entregada,Entrega realizada en tiempo,0
4922,33,19,51,10,2026-07-04,18:07:00,2026-07-04,10:39:00,2026-07-05,10:39:00,4.32,75,399.4,Diesel,39.35,26.81,3529.0,1054.97,4583.97,0,False,Entregada,Entrega realizada en tiempo,1
4923,44,14,5,19,2026-04-04,14:22:00,2026-04-04,22:11:00,2026-04-04,22:11:00,13.08,2,336.02,Diesel,36.21,26.88,3504.1,973.32,4477.42,0,False,Entregada,Entrega realizada en tiempo,1
4924,7,10,41,40,2026-01-05,16:46:00,2026-01-05,04:20:00,2026-01-06,04:20:00,0.73,75,415.79,Gasolina,41.7,24.41,3251.95,1017.9,4269.85,0,False,Entregada,Entrega realizada en tiempo,1
4925,41,28,59,17,2026-02-04,17:44:00,2026-02-04,07:00:00,2026-02-05,07:00:00,0.84,18,367.63,Diesel,53.9,24.61,2566.15,1326.48,3892.63,0,False,Entregada,Entrega realizada en tiempo,1
4926,81,6,3,40,2026-01-07,19:10:00,2026-01-07,06:44:00,2026-01-08,07:43:00,6.15,34,433.82,Diesel,63.42,24.79,3556.1,1572.18,5128.28,59,True,Tardía,"Hora pico, Distancia larga",1
4927,56,20,29,3,2026-02-08,09:26:00,2026-02-08,20:56:00,2026-02-08,20:56:00,0.76,1,427.62,Gasolina,58.02,23.34,2722.1,1354.19,4076.29,0,False,Entregada,Entrega realizada en tiempo,1
4928,8,28,1,11,2026-02-14,14:10:00,2026-02-14,18:52:00,2026-02-14,18:52:00,0.4,43,131.7,Diesel,19.31,26.75,1542.5,516.54,2059.04,0,False,Entregada,Entrega realizada en tiempo,0
4929,85,6,13,17,2026-07-10,07:28:00,2026-07-10,20:44:00,2026-07-10,21:26:00,0.81,54,368.4,Diesel,53.86,26.72,2855.0,1439.14,4294.14,42,True,Tardía,"Hora pico, Distancia larga",1
4930,45,20,60,5,2026-05-06,14:17:00,2026-05-06,22:09:00,2026-05-06,22:45:00,0.8,5,310.05,Gasolina,42.07,24.84,2170.25,1045.02,3215.27,36,True,Tardía,Distancia larga,1
4931,45,36,18,36,2026-02-12,20:07:00,2026-02-12,13:28:00,2026-02-13,13:55:00,1.88,58,479.69,Diesel,56.57,26.27,3550.45,1486.09,5036.54,27,True,Tardía,Distancia larga,1
4932,79,26,40,41,2026-01-27,05:48:00,2026-01-27,17:29:00,2026-01-27,18:47:00,0.7,70,409.42,Gasolina,58.41,25.86,3177.1,1510.48,4687.58,78,True,Tardía,"Tráfico alto, Distancia larga, Carga pesada",1
4933,18,4,51,25,2026-03-14,15:17:00,2026-03-14,00:43:00,2026-03-15,00:43:00,1.13,53,340.88,Gasolina,57.29,26.0,2741.4,1489.54,4230.94,0,False,Entregada,Entrega realizada en tiempo,1
4934,49,17,30,36,2026-07-29,14:24:00,2026-07-29,07:45:00,2026-07-30,07:45:00,3.83,22,480.89,Diesel,85.42,24.14,3463.45,2062.04,5525.49,0,False,Entregada,Entrega realizada en tiempo,1
4935,34,23,4,48,2026-06-24,07:41:00,2026-06-24,13:18:00,2026-06-24,14:37:00,0.4,40,151.17,Gasolina,27.69,23.47,1615.85,649.88,2265.73,79,True,Tardía,"Tráfico alto, Hora pico",0
4936,60,1,57,38,2026-05-29,09:32:00,2026-05-29,23:00:00,2026-05-30,00:11:00,0.7,56,439.98,Gasolina,42.47,25.29,3217.9,1074.07,4291.97,71,True,Tardía,"Tráfico alto, Hora pico, Distancia larga",1
4937,14,17,16,34,2026-06-23,08:20:00,2026-06-23,11:54:00,2026-06-23,12:21:00,4.44,43,148.3,Diesel,26.34,26.82,2029.5,706.44,2735.94,27,True,Tardía,Hora pico,0
4938,87,35,49,27,2026-03-28,08:34:00,2026-03-28,19:00:00,2026-03-28,19:00:00,0.36,16,318.7,Gasolina,43.01,24.69,2257.5,1061.92,3319.42,0,False,Entregada,Entrega realizada en tiempo,1
4939,68,3,50,23,2026-02-17,19:54:00,2026-02-17,05:15:00,2026-02-18,05:15:00,5.68,27,252.6,Diesel,54.21,26.31,2547.0,1426.27,3973.27,0,False,Entregada,Entrega realizada en tiempo,1
4940,6,22,13,1,2026-04-21,18:14:00,2026-04-21,00:33:00,2026-04-22,00:33:00,0.81,2,196.42,Diesel,19.0,25.62,1579.1,486.78,2065.88,0,False,Entregada,Entrega realizada en tiempo,0
4941,7,15,36,34,2026-03-16,05:06:00,2026-03-16,08:40:00,2026-03-16,08:40:00,1.88,56,151.33,Diesel,31.14,25.39,1892.65,790.64,2683.29,0,False,Entregada,Entrega realizada en tiempo,0
4942,52,38,10,45,2026-06-26,07:37:00,2026-06-26,19:48:00,2026-06-26,19:48:00,0.81,16,483.99,Gasolina,41.12,23.99,3128.95,986.47,4115.42,0,False,Entregada,Entrega realizada en tiempo,1
4943,63,7,38,30,2026-01-09,14:31:00,2026-01-09,22:03:00,2026-01-09,22:03:00,2.71,38,194.24,Diesel,31.84,26.28,2046.2,836.76,2882.96,0,False,Entregada,Entrega realizada en tiempo,0
4944,45,18,2,28,2026-06-01,08:56:00,2026-06-01,14:10:00,2026-06-01,14:10:00,1.66,40,192.02,Diesel,17.98,25.36,1946.1,455.97,2402.07,0,False,Entregada,Entrega realizada en tiempo,0
4945,56,31,14,36,2026-06-14,12:15:00,2026-06-14,05:36:00,2026-06-15,05:36:00,0.93,15,475.25,Diesel,67.51,26.78,3089.25,1807.92,4897.17,0,False,Entregada,Entrega realizada en tiempo,1
4946,41,24,27,32,2026-04-19,13:38:00,2026-04-19,21:48:00,2026-04-19,21:48:00,2.12,60,232.38,Diesel,21.78,25.69,2353.9,559.53,2913.43,0,False,Entregada,Entrega realizada en tiempo,0
4947,24,27,15,11,2026-07-03,18:13:00,2026-07-03,22:55:00,2026-07-03,22:55:00,3.88,22,140.87,Diesel,18.11,26.84,1768.35,486.07,2254.42,0,False,Entregada,Entrega realizada en tiempo,0
4948,63,3,13,44,2026-08-09,07:36:00,2026-08-09,09:46:00,2026-08-09,09:46:00,7.01,6,58.93,Diesel,12.65,25.22,1543.65,319.03,1862.68,0,False,Entregada,Entrega realizada en tiempo,0
4949,42,7,60,17,2026-01-17,10:19:00,2026-01-17,23:35:00,2026-01-18,00:29:00,4.94,25,330.63,Diesel,54.2,25.96,2847.15,1407.03,4254.18,54,True,Tardía,"Distancia larga, Carga pesada",1
4950,30,10,37,50,2026-05-10,17:24:00,2026-05-10,02:25:00,2026-05-11,03:18:00,1.44,71,257.68,Gasolina,25.85,25.8,2500.4,666.93,3167.33,53,True,Tardía,"Hora pico, Carga pesada",0
4951,93,6,38,7,2026-05-01,05:10:00,2026-05-01,13:27:00,2026-05-01,14:07:00,8.94,35,294.53,Diesel,43.06,26.25,3146.65,1130.33,4276.98,40,True,Tardía,Tráfico alto,1
4952,57,17,47,43,2026-02-25,17:15:00,2026-02-25,08:42:00,2026-02-26,09:18:00,2.37,69,445.47,Diesel,79.12,24.58,3516.35,1944.77,5461.12,36,True,Tardía,"Hora pico, Distancia larga",1
4953,10,13,23,44,2026-05-04,08:51:00,2026-05-04,11:01:00,2026-05-04,11:01:00,0.51,56,62.48,Gasolina,5.1,23.43,1311.4,119.49,1430.89,0,False,Entregada,Entrega realizada en tiempo,0
4954,16,5,7,48,2026-03-15,17:24:00,2026-03-15,23:01:00,2026-03-15,23:54:00,3.23,22,143.6,Diesel,18.04,25.62,1717.0,462.18,2179.18,53,True,Tardía,"Tráfico alto, Hora pico",0
4955,97,15,47,23,2026-03-21,08:17:00,2026-03-21,17:38:00,2026-03-21,17:38:00,1.01,42,283.53,Diesel,58.34,26.38,2354.65,1539.01,3893.66,0,False,Entregada,Entrega realizada en tiempo,1
4956,54,20,29,13,2026-01-17,08:49:00,2026-01-17,16:00:00,2026-01-17,16:00:00,0.44,51,236.77,Gasolina,32.13,23.98,2135.85,770.48,2906.33,0,False,Entregada,Entrega realizada en tiempo,0
4957,23,26,26,15,2026-05-02,05:00:00,2026-05-02,19:28:00,2026-05-02,19:28:00,0.58,70,466.3,Gasolina,66.52,24.57,3449.5,1634.4,5083.9,0,False,Entregada,Entrega realizada en tiempo,1
4958,78,18,15,36,2026-02-19,06:07:00,2026-02-19,23:28:00,2026-02-19,23:28:00,1.49,39,413.25,Diesel,38.69,25.1,3027.25,971.12,3998.37,0,False,Entregada,Entrega realizada en tiempo,1
4959,65,7,26,24,2026-04-21,05:33:00,2026-04-21,14:10:00,2026-04-21,14:10:00,3.24,68,339.77,Diesel,55.7,26.67,3066.85,1485.52,4552.37,0,False,Entregada,Entrega realizada en tiempo,1
4960,34,5,33,44,2026-06-08,06:48:00,2026-06-08,08:58:00,2026-06-08,08:58:00,7.59,17,66.39,Diesel,8.34,26.84,1726.95,223.85,1950.8,0,False,Entregada,Entrega realizada en tiempo,0
4961,92,12,36,34,2026-07-20,09:27:00,2026-07-20,13:01:00,2026-07-20,13:01:00,0.47,9,148.95,Gasolina,21.31,23.79,1363.75,506.96,1870.71,0,False,Entregada,Entrega realizada en tiempo,0
4962,49,3,60,35,2026-04-28,09:48:00,2026-04-28,18:07:00,2026-04-28,18:07:00,2.26,56,323.08,Diesel,69.33,24.23,2789.4,1679.87,4469.27,0,False,Entregada,Entrega realizada en tiempo,1
4963,73,13,45,6,2026-05-13,07:12:00,2026-05-13,14:06:00,2026-05-13,14:06:00,1.49,58,274.55,Gasolina,22.39,25.29,2485.75,566.24,3051.99,0,False,Entregada,Entrega realizada en tiempo,0
4964,76,13,34,48,2026-01-02,12:21:00,2026-01-02,17:58:00,2026-01-02,17:58:00,0.66,1,139.47,Gasolina,11.38,23.01,1271.35,261.85,1533.2,0,False,Entregada,Entrega realizada en tiempo,0
4965,83,34,51,48,2026-02-28,11:36:00,2026-02-28,17:13:00,2026-02-28,17:13:00,8.8,15,159.6,Diesel,13.26,25.21,2298.0,334.28,2632.28,0,False,Entregada,Entrega realizada en tiempo,0
4966,63,27,17,38,2026-02-17,18:12:00,2026-02-17,07:40:00,2026-02-18,07:40:00,21.52,72,414.46,Diesel,53.27,25.22,5300.3,1343.47,6643.77,0,False,Entregada,Entrega realizada en tiempo,1
4967,13,14,57,15,2026-07-06,18:41:00,2026-07-06,09:09:00,2026-07-07,09:09:00,7.38,17,428.56,Diesel,46.18,24.48,3516.8,1130.49,4647.29,0,False,Entregada,Entrega realizada en tiempo,1
4968,63,36,7,36,2026-01-20,14:22:00,2026-01-20,07:43:00,2026-01-21,07:43:00,2.6,27,476.22,Diesel,56.16,24.56,3357.1,1379.29,4736.39,0,False,Entregada,Entrega realizada en tiempo,1
4969,89,33,35,16,2026-01-09,09:05:00,2026-01-09,14:11:00,2026-01-09,14:11:00,1.92,26,184.0,Diesel,23.47,24.19,1820.0,567.74,2387.74,0,False,Entregada,Entrega realizada en tiempo,0
4970,7,16,16,33,2026-03-21,07:58:00,2026-03-21,11:49:00,2026-03-21,11:49:00,0.78,61,114.83,Gasolina,10.32,24.37,1640.15,251.5,1891.65,0,False,Entregada,Entrega realizada en tiempo,0
4971,2,10,33,32,2026-03-21,05:30:00,2026-03-21,13:40:00,2026-03-21,13:40:00,0.64,21,263.59,Gasolina,26.44,25.07,2049.95,662.85,2712.8,0,False,Entregada,Entrega realizada en tiempo,0
4972,33,34,33,5,2026-01-01,13:44:00,2026-01-01,21:36:00,2026-01-01,22:06:00,4.53,4,329.79,Diesel,27.39,25.44,2633.95,696.8,3330.75,30,True,Tardía,Distancia larga,0
4973,10,12,34,33,2026-06-21,10:28:00,2026-06-21,14:19:00,2026-06-21,14:19:00,0.38,79,108.64,Gasolina,15.54,24.81,1713.2,385.55,2098.75,0,False,Entregada,Entrega realizada en tiempo,0
4974,70,22,58,41,2026-05-26,10:48:00,2026-05-26,22:29:00,2026-05-26,22:29:00,3.21,8,387.28,Diesel,37.45,26.68,2821.4,999.17,3820.57,0,False,Entregada,Entrega realizada en tiempo,1
4975,24,29,42,34,2026-01-25,11:27:00,2026-01-25,15:01:00,2026-01-25,15:01:00,1.77,74,138.2,Diesel,14.44,25.78,1960.0,372.26,2332.26,0,False,Entregada,Entrega realizada en tiempo,0
4976,32,27,38,34,2026-07-06,08:15:00,2026-07-06,11:49:00,2026-07-06,12:29:00,21.44,23,161.39,Diesel,20.74,24.9,3634.95,516.43,4151.38,40,True,Tardía,Hora pico,1
4977,66,27,7,44,2026-01-22,13:27:00,2026-01-22,15:37:00,2026-01-22,15:37:00,0.74,21,67.34,Diesel,8.66,24.16,1078.7,209.23,1287.93,0,False,Entregada,Entrega realizada en tiempo,0
4978,89,25,32,36,2026-01-08,07:43:00,2026-01-08,01:04:00,2026-01-09,01:42:00,2.95,74,406.62,Diesel,86.51,24.83,3420.1,2148.04,5568.14,38,True,Tardía,"Hora pico, Distancia larga",1
4979,10,10,36,1,2026-03-07,12:28:00,2026-03-07,18:47:00,2026-03-07,18:47:00,0.74,14,202.56,Gasolina,20.32,25.66,1698.8,521.41,2220.21,0,False,Entregada,Entrega realizada en tiempo,0
4980,21,3,36,13,2026-07-13,16:08:00,2026-07-13,23:19:00,2026-07-13,23:19:00,0.47,37,264.49,Diesel,56.76,24.92,2165.45,1414.46,3579.91,0,False,Entregada,Entrega realizada en tiempo,1
4981,43,26,12,14,2026-07-28,17:34:00,2026-07-28,19:57:00,2026-07-28,19:57:00,0.5,72,67.51,Gasolina,9.63,23.21,1463.55,223.51,1687.06,0,False,Entregada,Entrega realizada en tiempo,0
4982,29,9,52,29,2026-04-28,16:01:00,2026-04-28,21:09:00,2026-04-28,21:09:00,0.27,54,135.7,Gasolina,11.1,23.56,1637.5,261.52,1899.02,0,False,Entregada,Entrega realizada en tiempo,0
4983,84,22,41,5,2026-06-30,10:26:00,2026-06-30,18:18:00,2026-06-30,18:18:00,6.64,72,337.45,Diesel,32.64,25.75,3427.25,840.48,4267.73,0,False,Entregada,Entrega realizada en tiempo,1
4984,55,24,50,31,2026-03-16,07:44:00,2026-03-16,18:52:00,2026-03-16,20:21:00,2.27,53,324.79,Diesel,30.44,26.79,2774.95,815.49,3590.44,89,True,Tardía,"Tráfico alto, Hora pico, Distancia larga, Carga pesada",1
4985,32,16,31,48,2026-08-02,14:26:00,2026-08-02,20:03:00,2026-08-02,20:03:00,0.24,11,152.71,Gasolina,13.72,24.52,1375.55,336.41,1711.96,0,False,Entregada,Entrega realizada en tiempo,0
4986,46,15,22,31,2026-04-26,18:45:00,2026-04-26,05:53:00,2026-04-27,05:53:00,1.76,64,294.9,Diesel,60.68,25.09,2662.5,1522.46,4184.96,0,False,Entregada,Entrega realizada en tiempo,1
4987,18,40,18,22,2026-05-10,10:26:00,2026-05-10,11:02:00,2026-05-10,11:02:00,5.56,10,22.78,Diesel,3.56,26.04,1249.9,92.7,1342.6,0,False,Entregada,Entrega realizada en tiempo,0
4988,66,13,29,19,2026-03-21,20:56:00,2026-03-21,04:45:00,2026-03-22,04:45:00,0.97,73,339.25,Gasolina,27.67,23.57,2877.25,652.18,3529.43,0,False,Entregada,Entrega realizada en tiempo,1
4989,80,25,3,19,2026-02-03,11:17:00,2026-02-03,19:06:00,2026-02-03,19:44:00,1.16,42,335.88,Diesel,71.46,25.49,2631.4,1821.52,4452.92,38,True,Tardía,Distancia larga,1
4990,8,10,8,31,2026-07-27,19:11:00,2026-07-27,06:19:00,2026-07-28,07:43:00,0.84,80,313.17,Gasolina,31.41,25.74,2789.85,808.49,3598.34,84,True,Tardía,"Tráfico alto, Hora pico, Distancia larga",1
4991,98,7,47,1,2026-03-01,17:46:00,2026-03-01,00:05:00,2026-03-02,00:43:00,4.62,53,182.09,Diesel,29.85,24.88,2296.45,742.67,3039.12,38,True,Tardía,Hora pico,0
4992,29,33,53,47,2026-01-08,12:13:00,2026-01-08,22:11:00,2026-01-08,23:14:00,1.76,63,332.35,Diesel,42.39,25.83,2841.75,1094.93,3936.68,63,True,Tardía,"Tráfico alto, Distancia larga",1
4993,71,1,33,47,2026-04-07,13:20:00,2026-04-07,23:18:00,2026-04-08,00:13:00,0.75,16,365.58,Gasolina,35.29,25.75,2530.9,908.72,3439.62,55,True,Tardía,"Tráfico alto, Distancia larga",1
4994,1,32,55,47,2026-07-11,19:13:00,2026-07-11,05:11:00,2026-07-12,05:11:00,0.88,80,312.99,Gasolina,28.35,25.04,2792.95,709.88,3502.83,0,False,Entregada,Entrega realizada en tiempo,0
4995,31,9,40,20,2026-01-09,09:43:00,2026-01-09,23:59:00,2026-01-09,23:59:00,0.29,61,420.84,Gasolina,34.41,24.76,3121.2,851.99,3973.19,0,False,Entregada,Entrega realizada en tiempo,1
4996,24,23,58,3,2026-01-17,15:23:00,2026-01-17,02:53:00,2026-01-18,02:53:00,0.35,58,407.17,Gasolina,74.57,23.96,3034.85,1786.7,4821.55,0,False,Entregada,Entrega realizada en tiempo,1
4997,39,34,25,14,2026-06-12,08:35:00,2026-06-12,10:58:00,2026-06-12,10:58:00,2.46,10,63.3,Diesel,5.26,26.06,1142.5,137.08,1279.58,0,False,Entregada,Entrega realizada en tiempo,0
4998,86,32,43,48,2026-07-13,05:50:00,2026-07-13,11:27:00,2026-07-13,11:27:00,0.21,44,148.19,Gasolina,13.42,25.61,1613.95,343.69,1957.64,0,False,Entregada,Entrega realizada en tiempo,0
4999,44,21,31,14,2026-05-14,12:07:00,2026-05-14,14:30:00,2026-05-14,14:30:00,1.25,7,62.84,Diesel,8.79,24.02,995.2,211.14,1206.34,0,False,Entregada,Entrega realizada en tiempo,0
5000,4,28,60,25,2026-07-31,08:26:00,2026-07-31,17:52:00,2026-07-31,17:52:00,1.0,9,366.96,Diesel,53.81,24.58,2506.8,1322.65,3829.45,0,False,Entregada,Entrega realizada en tiempo,1
