id_entrega,id_cliente,id_vehiculo,id_operador,id_ruta,fecha_salida,hora_salida,fecha_entrega_programada,hora_entrega_programada,fecha_entrega_real,hora_entrega_real,peso_carga,cantidad_paquetes,distancia_real_km,combustible_consumido_litros,precio_combustible,costo_envio,costo_combustible,costo_total,minutos_retraso,entrega_tardia,estatus,observaciones
1,93,39,56,10,2026-03-27,07:37:00,2026-03-27,10:02:00,2026-03-27,10:02:00,2.0,19,85.03,6.86,24.24,1277.15,166.29,1443.44,0,False,Entregada,Entrega realizada en tiempo
2,84,26,9,39,2026-07-01,07:19:00,2026-07-01,15:42:00,2026-07-01,15:42:00,1.44,72,196.02,27.96,26.17,2200.1,731.71,2931.81,0,False,Entregada,Entrega realizada en tiempo
3,17,34,6,42,2026-06-21,16:32:00,2026-06-21,19:43:00,2026-06-21,20:17:00,4.56,47,98.28,8.16,26.8,1823.4,218.69,2042.09,34,True,Tardía,Tráfico alto
4,44,32,13,15,2026-02-05,08:04:00,2026-02-05,10:27:00,2026-02-05,10:27:00,3.05,38,65.75,5.96,23.4,1437.75,139.46,1577.21,0,False,Entregada,Entrega realizada en tiempo
5,99,35,54,48,2026-08-15,19:02:00,2026-08-15,00:15:00,2026-08-16,00:15:00,1.32,44,183.88,24.82,25.47,1903.4,632.17,2535.57,0,False,Entregada,Entrega realizada en tiempo
6,77,25,10,11,2026-02-16,09:46:00,2026-02-16,12:32:00,2026-02-16,13:05:00,3.71,57,76.29,16.23,26.88,1708.45,436.26,2144.71,33,True,Tardía,Hora pico
7,79,19,49,48,2026-07-20,17:14:00,2026-07-20,22:27:00,2026-07-20,23:24:00,2.21,69,181.18,17.85,25.71,2178.9,458.92,2637.82,57,True,Tardía,"Tráfico alto, Hora pico"
8,74,29,30,50,2026-03-14,15:32:00,2026-03-14,23:32:00,2026-03-14,23:32:00,2.34,68,229.1,23.94,23.65,2423.5,566.18,2989.68,0,False,Entregada,Entrega realizada en tiempo
9,26,39,9,17,2026-01-14,18:55:00,2026-01-14,01:13:00,2026-01-15,01:13:00,8.25,48,190.1,15.34,23.41,2659.5,359.11,3018.61,0,False,Entregada,Entrega realizada en tiempo
10,67,8,19,6,2026-07-15,09:17:00,2026-07-15,10:11:00,2026-07-15,10:11:00,4.27,58,27.99,2.99,23.59,1530.95,70.53,1601.48,0,False,Entregada,Entrega realizada en tiempo
11,56,6,59,15,2026-07-29,17:56:00,2026-07-29,20:19:00,2026-07-29,20:19:00,0.42,45,58.91,8.61,24.66,1196.55,212.32,1408.87,0,False,Entregada,Entrega realizada en tiempo
12,51,33,24,16,2026-04-09,07:23:00,2026-04-09,21:51:00,2026-04-09,22:44:00,0.39,29,431.55,55.04,26.17,2928.75,1440.4,4369.15,53,True,Tardía,"Hora pico, Distancia larga"
13,18,3,19,31,2026-06-28,08:48:00,2026-06-28,16:20:00,2026-06-28,16:20:00,8.35,61,204.54,43.89,23.02,2845.7,1010.35,3856.05,0,False,Entregada,Entrega realizada en tiempo
14,11,2,17,14,2026-08-02,08:35:00,2026-08-02,17:20:00,2026-08-02,17:20:00,4.76,78,295.22,59.52,23.44,3076.1,1395.15,4471.25,0,False,Entregada,Entrega realizada en tiempo
15,37,16,20,8,2026-01-13,10:26:00,2026-01-13,13:54:00,2026-01-13,13:54:00,14.65,80,100.76,9.05,23.44,3108.8,212.13,3320.93,0,False,Entregada,Entrega realizada en tiempo
16,64,39,35,2,2026-06-11,19:36:00,2026-06-11,05:31:00,2026-06-12,05:31:00,5.31,31,302.34,24.4,24.17,2790.7,589.75,3380.45,0,False,Entregada,Entrega realizada en tiempo
17,1,40,23,16,2026-05-27,16:11:00,2026-05-27,06:39:00,2026-05-28,06:39:00,0.53,11,415.81,64.97,24.44,2720.05,1587.87,4307.92,0,False,Entregada,Entrega realizada en tiempo
18,68,35,33,33,2026-05-22,05:24:00,2026-05-22,14:18:00,2026-05-22,15:01:00,1.07,61,255.44,34.47,24.01,2372.2,827.62,3199.82,43,True,Tardía,Tráfico alto
19,3,23,51,5,2026-03-30,10:46:00,2026-03-30,20:42:00,2026-03-30,20:42:00,0.38,14,262.9,48.15,25.94,1964.5,1249.01,3213.51,0,False,Entregada,Entrega realizada en tiempo
20,43,9,3,23,2026-05-20,13:52:00,2026-05-20,23:13:00,2026-05-20,23:13:00,0.23,23,286.95,23.46,25.74,2141.75,603.86,2745.61,0,False,Entregada,Entrega realizada en tiempo
21,90,31,41,12,2026-07-27,08:04:00,2026-07-27,19:42:00,2026-07-27,20:15:00,18.18,59,415.07,58.96,26.54,4865.35,1564.8,6430.15,33,True,Tardía,"Hora pico, Distancia larga"
22,41,20,33,26,2026-07-28,20:30:00,2026-07-28,02:29:00,2026-07-29,03:15:00,1.43,33,167.65,22.75,24.14,1745.25,549.19,2294.44,46,True,Tardía,Tráfico alto
23,100,4,56,42,2026-03-26,11:07:00,2026-03-26,14:18:00,2026-03-26,14:18:00,1.3,48,91.45,15.37,24.6,1471.25,378.1,1849.35,0,False,Entregada,Entrega realizada en tiempo
24,57,25,22,12,2026-05-08,18:23:00,2026-05-08,06:01:00,2026-05-09,06:38:00,4.92,67,409.06,87.03,24.72,3573.3,2151.38,5724.68,37,True,Tardía,"Hora pico, Distancia larga"
25,24,35,19,21,2026-01-27,07:20:00,2026-01-27,14:23:00,2026-01-27,15:20:00,0.91,38,302.38,40.81,25.76,2406.9,1051.27,3458.17,57,True,Tardía,"Hora pico, Distancia larga"
26,45,29,3,47,2026-08-11,14:39:00,2026-08-11,02:23:00,2026-08-12,03:03:00,1.44,56,327.69,34.24,24.45,2730.45,837.17,3567.62,40,True,Tardía,"Tráfico alto, Distancia larga"
27,96,11,2,10,2026-08-06,17:02:00,2026-08-06,19:27:00,2026-08-06,20:13:00,2.74,17,83.14,17.39,24.45,1325.7,425.19,1750.89,46,True,Tardía,Hora pico
28,73,3,39,10,2026-06-23,17:23:00,2026-06-23,19:48:00,2026-06-23,19:48:00,9.96,48,85.6,18.37,23.31,2308.0,428.2,2736.2,0,False,Entregada,Entrega realizada en tiempo
29,18,34,24,26,2026-03-22,11:15:00,2026-03-22,17:14:00,2026-03-22,17:54:00,1.54,15,154.18,12.81,25.07,1544.9,321.15,1866.05,40,True,Tardía,Tráfico alto
30,72,8,17,50,2026-03-08,17:13:00,2026-03-08,01:13:00,2026-03-09,01:13:00,3.96,79,229.16,24.48,26.67,2673.8,652.88,3326.68,0,False,Entregada,Entrega realizada en tiempo
31,63,13,8,9,2026-08-07,07:28:00,2026-08-07,15:01:00,2026-08-07,15:01:00,12.99,23,212.02,17.29,24.78,3043.1,428.45,3471.55,0,False,Entregada,Entrega realizada en tiempo
32,12,21,43,23,2026-07-01,07:35:00,2026-07-01,16:56:00,2026-07-01,16:56:00,1.09,70,263.03,36.79,24.2,2484.15,890.32,3374.47,0,False,Entregada,Entrega realizada en tiempo
33,21,12,51,24,2026-05-11,10:07:00,2026-05-11,18:44:00,2026-05-11,18:44:00,1.0,26,312.85,44.76,23.95,2372.25,1072.0,3444.25,0,False,Entregada,Entrega realizada en tiempo
34,64,2,24,36,2026-05-27,14:29:00,2026-05-27,18:23:00,2026-05-27,18:47:00,9.08,71,109.46,22.07,24.24,2523.3,534.98,3058.28,24,True,Tardía,Tráfico alto
35,92,31,34,27,2026-07-16,16:52:00,2026-07-16,04:35:00,2026-07-17,05:02:00,10.07,74,341.92,48.57,24.8,3808.6,1204.54,5013.14,27,True,Tardía,Distancia larga
36,88,34,23,9,2026-08-13,20:40:00,2026-08-13,04:13:00,2026-08-14,04:38:00,7.62,76,184.28,15.31,25.01,2791.4,382.9,3174.3,25,True,Tardía,Carga pesada
37,8,8,34,10,2026-03-19,09:10:00,2026-03-19,11:35:00,2026-03-19,11:35:00,0.61,42,76.77,8.2,23.9,1280.85,195.98,1476.83,0,False,Entregada,Entrega realizada en tiempo
38,67,19,55,6,2026-03-06,09:40:00,2026-03-06,10:34:00,2026-03-06,11:18:00,0.34,71,26.29,2.59,25.46,1233.45,65.94,1299.39,44,True,Tardía,Hora pico
39,12,33,42,11,2026-06-01,08:10:00,2026-06-01,10:56:00,2026-06-01,10:56:00,0.72,80,66.33,8.46,25.42,1543.65,215.05,1758.7,0,False,Entregada,Entrega realizada en tiempo
40,73,3,53,2,2026-01-21,06:41:00,2026-01-21,16:36:00,2026-01-21,17:38:00,3.84,74,327.21,70.22,25.47,3112.05,1788.5,4900.55,62,True,Tardía,"Tráfico alto, Distancia larga"
41,4,32,57,41,2026-05-20,12:41:00,2026-05-20,19:57:00,2026-05-20,19:57:00,0.3,39,206.54,18.71,26.22,1874.7,490.58,2365.28,0,False,Entregada,Entrega realizada en tiempo
42,88,26,20,30,2026-01-19,06:10:00,2026-01-19,11:18:00,2026-01-19,11:18:00,4.29,57,121.63,17.35,24.86,1993.15,431.32,2424.47,0,False,Entregada,Entrega realizada en tiempo
43,44,39,10,21,2026-08-09,13:46:00,2026-08-09,20:49:00,2026-08-09,20:49:00,6.02,45,302.04,24.38,23.52,2972.2,573.42,3545.62,0,False,Entregada,Entrega realizada en tiempo
44,48,33,36,7,2026-03-23,10:29:00,2026-03-23,14:40:00,2026-03-23,15:04:00,0.87,16,128.78,16.43,23.39,1358.9,384.3,1743.2,24,True,Tardía,Carga pesada
45,38,25,56,40,2026-04-18,10:55:00,2026-04-18,03:57:00,2026-04-19,03:57:00,8.94,21,437.14,93.01,26.74,3747.7,2487.09,6234.79,0,False,Entregada,Entrega realizada en tiempo
46,93,21,13,49,2026-02-10,18:32:00,2026-02-10,09:03:00,2026-02-11,09:03:00,0.47,60,405.23,56.68,24.23,3053.15,1373.36,4426.51,0,False,Entregada,Entrega realizada en tiempo
47,3,6,26,33,2026-04-28,10:13:00,2026-04-28,19:07:00,2026-04-28,19:57:00,1.21,75,307.77,45.0,25.39,2759.85,1142.55,3902.4,50,True,Tardía,"Tráfico alto, Distancia larga"
48,84,31,19,35,2026-01-03,08:27:00,2026-01-03,12:01:00,2026-01-03,12:01:00,10.74,18,144.16,20.48,25.91,2438.8,530.64,2969.44,0,False,Entregada,Entrega realizada en tiempo
49,98,26,24,3,2026-04-13,06:36:00,2026-04-13,08:53:00,2026-04-13,09:20:00,11.46,72,59.89,8.54,24.15,2521.45,206.24,2727.69,27,True,Tardía,Incidencia operativa
50,50,33,29,49,2026-05-21,11:52:00,2026-05-21,02:23:00,2026-05-22,02:23:00,0.91,80,413.17,52.7,23.48,3296.85,1237.4,4534.25,0,False,Entregada,Entrega realizada en tiempo
51,13,26,24,22,2026-05-23,14:48:00,2026-05-23,22:27:00,2026-05-23,23:10:00,6.42,19,335.89,47.92,25.0,2973.45,1198.0,4171.45,43,True,Tardía,Distancia larga
52,6,3,9,46,2026-03-27,18:33:00,2026-03-27,09:23:00,2026-03-28,10:13:00,8.8,59,385.6,82.75,26.73,3780.0,2211.91,5991.91,50,True,Tardía,"Hora pico, Distancia larga"
53,41,11,26,40,2026-07-09,12:37:00,2026-07-09,05:39:00,2026-07-10,05:39:00,3.87,44,456.53,95.51,25.04,3521.65,2391.57,5913.22,0,False,Entregada,Entrega realizada en tiempo
54,63,37,20,31,2026-07-28,05:23:00,2026-07-28,12:55:00,2026-07-28,12:55:00,0.93,43,191.68,20.43,26.92,1895.4,549.98,2445.38,0,False,Entregada,Entrega realizada en tiempo
55,75,20,51,47,2026-08-12,05:38:00,2026-08-12,17:22:00,2026-08-12,18:37:00,11.42,61,328.62,44.59,25.33,3773.1,1129.46,4902.56,75,True,Tardía,"Tráfico alto, Distancia larga, Carga pesada"
56,22,34,41,47,2026-06-08,15:09:00,2026-06-08,02:53:00,2026-06-09,03:27:00,0.29,32,361.63,30.04,24.76,2593.15,743.79,3336.94,34,True,Tardía,"Tráfico alto, Distancia larga"
57,54,10,27,45,2026-02-22,16:32:00,2026-02-22,19:13:00,2026-02-22,19:13:00,1.88,79,81.35,8.16,26.49,1726.75,216.16,1942.91,0,False,Entregada,Entrega realizada en tiempo
58,95,4,46,9,2026-05-13,09:35:00,2026-05-13,17:08:00,2026-05-13,17:08:00,2.41,42,212.4,35.7,24.91,2139.0,889.29,3028.29,0,False,Entregada,Entrega realizada en tiempo
59,49,21,12,30,2026-05-17,13:34:00,2026-05-17,18:42:00,2026-05-17,18:42:00,1.09,46,134.46,18.81,26.47,1649.3,497.9,2147.2,0,False,Entregada,Entrega realizada en tiempo
60,88,17,40,31,2026-02-19,10:17:00,2026-02-19,17:49:00,2026-02-19,17:49:00,0.6,72,190.66,33.87,26.77,2089.3,906.7,2996.0,0,False,Entregada,Entrega realizada en tiempo
61,39,19,46,14,2026-06-26,18:20:00,2026-06-26,03:05:00,2026-06-27,03:05:00,2.64,62,280.6,27.65,26.73,2663.0,739.08,3402.08,0,False,Entregada,Entrega realizada en tiempo
62,93,18,19,8,2026-05-27,20:24:00,2026-05-27,23:52:00,2026-05-27,23:52:00,0.87,51,105.27,9.86,26.82,1521.35,264.45,1785.8,0,False,Entregada,Entrega realizada en tiempo
63,19,19,3,19,2026-07-02,07:22:00,2026-07-02,20:03:00,2026-07-02,20:03:00,6.07,57,344.06,33.9,25.99,3283.3,881.06,4164.36,0,False,Entregada,Entrega realizada en tiempo
64,28,13,53,35,2026-03-11,20:44:00,2026-03-11,00:18:00,2026-03-12,00:47:00,11.0,35,135.31,11.04,25.96,2556.55,286.6,2843.15,29,True,Tardía,Incidencia operativa
65,31,16,4,43,2026-05-16,10:40:00,2026-05-16,02:07:00,2026-05-17,03:10:00,10.96,30,438.74,39.42,23.4,4029.7,922.43,4952.13,63,True,Tardía,"Tráfico alto, Distancia larga"
66,99,9,1,36,2026-02-10,16:41:00,2026-02-10,20:35:00,2026-02-10,20:35:00,0.76,61,98.1,8.02,23.8,1554.5,190.88,1745.38,0,False,Entregada,Entrega realizada en tiempo
67,37,21,19,42,2026-01-16,07:41:00,2026-01-16,10:52:00,2026-01-16,11:36:00,0.38,74,90.89,12.71,26.53,1584.45,337.2,1921.65,44,True,Tardía,"Tráfico alto, Hora pico"
68,23,3,54,26,2026-07-21,18:11:00,2026-07-21,00:10:00,2026-07-22,00:10:00,8.88,38,171.7,36.85,23.04,2550.5,849.02,3399.52,0,False,Entregada,Entrega realizada en tiempo
69,73,39,7,22,2026-03-14,17:41:00,2026-03-14,01:20:00,2026-03-15,01:20:00,1.05,70,295.18,23.82,26.56,2640.9,632.66,3273.56,0,False,Entregada,Entrega realizada en tiempo
70,18,33,30,18,2026-02-19,08:21:00,2026-02-19,00:29:00,2026-02-20,00:29:00,0.73,21,391.38,49.92,25.59,2697.9,1277.45,3975.35,0,False,Entregada,Entrega realizada en tiempo
71,92,12,1,48,2026-03-28,12:36:00,2026-03-28,17:49:00,2026-03-28,18:52:00,1.22,25,190.51,27.25,25.06,1774.55,682.88,2457.43,63,True,Tardía,"Tráfico alto, Carga pesada"
72,12,26,43,7,2026-02-17,08:30:00,2026-02-17,12:41:00,2026-02-17,12:41:00,1.38,42,113.51,16.19,23.03,1541.55,372.86,1914.41,0,False,Entregada,Entrega realizada en tiempo
73,50,16,29,49,2026-03-10,13:19:00,2026-03-10,03:50:00,2026-03-11,03:50:00,19.53,75,377.51,33.92,23.05,4940.55,781.86,5722.41,0,False,Entregada,Entrega realizada en tiempo
74,84,24,45,16,2026-01-16,08:29:00,2026-01-16,22:57:00,2026-01-16,23:45:00,2.6,40,453.01,42.46,25.55,3345.05,1084.85,4429.9,48,True,Tardía,"Hora pico, Distancia larga"
75,38,24,40,15,2026-02-26,08:30:00,2026-02-26,10:53:00,2026-02-26,10:53:00,6.35,20,68.87,6.45,26.96,1639.35,173.89,1813.24,0,False,Entregada,Entrega realizada en tiempo
76,48,27,45,36,2026-05-01,20:51:00,2026-05-01,00:45:00,2026-05-02,00:45:00,10.32,28,98.59,12.67,25.72,2248.95,325.87,2574.82,0,False,Entregada,Entrega realizada en tiempo
77,77,6,34,29,2026-05-16,14:04:00,2026-05-16,19:18:00,2026-05-16,19:18:00,0.3,73,196.9,28.79,26.32,2098.5,757.75,2856.25,0,False,Entregada,Entrega realizada en tiempo
78,65,13,37,35,2026-02-08,09:20:00,2026-02-08,12:54:00,2026-02-08,12:54:00,12.4,67,145.63,11.88,25.72,3004.15,305.55,3309.7,0,False,Entregada,Entrega realizada en tiempo
79,92,38,32,6,2026-05-11,17:51:00,2026-05-11,18:45:00,2026-05-11,18:45:00,13.6,8,26.38,2.24,25.05,2055.9,56.11,2112.01,0,False,Entregada,Entrega realizada en tiempo
80,59,37,4,36,2026-04-29,12:46:00,2026-04-29,16:40:00,2026-04-29,16:40:00,0.63,3,91.57,9.76,26.27,1044.85,256.4,1301.25,0,False,Entregada,Entrega realizada en tiempo
81,96,14,38,5,2026-01-12,16:22:00,2026-01-12,02:18:00,2026-01-13,02:18:00,3.56,9,263.46,28.39,23.24,2245.3,659.78,2905.08,0,False,Entregada,Entrega realizada en tiempo
82,9,31,3,19,2026-04-15,09:49:00,2026-04-15,22:30:00,2026-04-15,22:30:00,3.24,18,345.94,49.14,26.91,2697.7,1322.36,4020.06,0,False,Entregada,Entrega realizada en tiempo
83,83,27,24,25,2026-04-25,15:24:00,2026-04-25,00:50:00,2026-04-26,00:50:00,8.92,11,358.61,46.09,25.65,3273.05,1182.21,4455.26,0,False,Entregada,Entrega realizada en tiempo
84,70,9,42,23,2026-01-31,09:34:00,2026-01-31,18:55:00,2026-01-31,18:55:00,0.57,51,292.42,23.91,25.91,2427.1,619.51,3046.61,0,False,Entregada,Entrega realizada en tiempo
85,29,1,49,2,2026-03-18,17:43:00,2026-03-18,03:38:00,2026-03-19,03:38:00,0.75,70,294.51,28.43,24.52,2607.55,697.1,3304.65,0,False,Entregada,Entrega realizada en tiempo
86,30,16,30,23,2026-02-09,11:12:00,2026-02-09,20:33:00,2026-02-09,21:10:00,17.21,15,254.61,22.88,26.06,3614.05,596.25,4210.3,37,True,Tardía,Carga pesada
87,3,16,14,5,2026-01-26,06:28:00,2026-01-26,16:24:00,2026-01-26,16:24:00,19.07,77,261.04,23.45,26.49,4328.2,621.19,4949.39,0,False,Entregada,Entrega realizada en tiempo
88,32,3,26,29,2026-03-01,20:13:00,2026-03-01,01:27:00,2026-03-02,01:54:00,11.26,8,170.75,36.64,26.26,2543.75,962.17,3505.92,27,True,Tardía,Carga pesada
89,94,37,21,37,2026-06-03,13:15:00,2026-06-03,06:33:00,2026-06-04,06:33:00,0.99,39,454.08,48.41,26.94,3181.4,1304.17,4485.57,0,False,Entregada,Entrega realizada en tiempo
90,67,15,27,20,2026-03-12,06:35:00,2026-03-12,08:08:00,2026-03-12,08:08:00,1.11,76,54.2,11.15,26.65,1490.0,297.15,1787.15,0,False,Entregada,Entrega realizada en tiempo
91,81,28,36,32,2026-01-13,14:41:00,2026-01-13,02:45:00,2026-01-14,02:45:00,5.14,49,413.81,60.68,24.27,3475.05,1472.7,4947.75,0,False,Entregada,Entrega realizada en tiempo
92,54,27,10,20,2026-04-07,09:48:00,2026-04-07,11:21:00,2026-04-07,11:21:00,7.23,69,60.44,7.77,26.4,2077.2,205.13,2282.33,0,False,Entregada,Entrega realizada en tiempo
93,39,10,52,30,2026-01-15,20:26:00,2026-01-15,01:34:00,2026-01-16,01:34:00,13.0,54,130.03,13.04,23.54,2882.15,306.96,3189.11,0,False,Entregada,Entrega realizada en tiempo
94,32,17,14,22,2026-06-15,07:59:00,2026-06-15,15:38:00,2026-06-15,15:38:00,0.75,58,325.72,57.85,23.37,2667.6,1351.95,4019.55,0,False,Entregada,Entrega realizada en tiempo
95,93,13,4,18,2026-04-07,06:55:00,2026-04-07,23:03:00,2026-04-07,23:54:00,19.88,10,389.16,31.74,23.84,4513.8,756.68,5270.48,51,True,Tardía,"Distancia larga, Carga pesada"
96,43,20,59,1,2026-02-24,09:47:00,2026-02-24,16:06:00,2026-02-24,16:06:00,3.72,16,203.11,27.56,26.02,2015.55,717.11,2732.66,0,False,Entregada,Entrega realizada en tiempo
97,32,39,46,14,2026-04-12,10:35:00,2026-04-12,19:20:00,2026-04-12,19:20:00,7.64,42,269.38,21.74,24.52,2946.9,533.06,3479.96,0,False,Entregada,Entrega realizada en tiempo
98,69,23,20,17,2026-04-03,19:56:00,2026-04-03,02:14:00,2026-04-04,02:14:00,1.17,64,171.09,31.34,26.21,1984.45,821.42,2805.87,0,False,Entregada,Entrega realizada en tiempo
99,93,31,49,21,2026-02-22,14:20:00,2026-02-22,21:23:00,2026-02-22,21:40:00,5.01,53,292.76,41.59,25.97,2888.8,1080.09,3968.89,17,True,Tardía,Incidencia operativa
100,3,17,36,38,2026-05-29,16:18:00,2026-05-29,20:49:00,2026-05-29,20:49:00,0.51,20,191.13,33.95,23.92,1666.65,812.08,2478.73,0,False,Entregada,Entrega realizada en tiempo
101,73,16,32,36,2026-06-17,13:16:00,2026-06-17,17:10:00,2026-06-17,17:10:00,1.72,63,110.09,9.89,25.57,1726.45,252.89,1979.34,0,False,Entregada,Entrega realizada en tiempo
102,63,30,11,47,2026-07-23,14:10:00,2026-07-23,01:54:00,2026-07-24,01:54:00,12.77,18,348.38,29.93,24.95,3662.9,746.75,4409.65,0,False,Entregada,Entrega realizada en tiempo
103,70,4,34,3,2026-08-03,07:52:00,2026-08-03,10:09:00,2026-08-03,10:09:00,1.45,7,59.52,10.0,24.65,998.6,246.5,1245.1,0,False,Entregada,Entrega realizada en tiempo
104,81,15,5,46,2026-02-08,05:13:00,2026-02-08,20:03:00,2026-02-08,20:03:00,0.95,65,431.81,88.85,23.24,3274.05,2064.87,5338.92,0,False,Entregada,Entrega realizada en tiempo
105,82,40,59,31,2026-06-18,18:01:00,2026-06-18,01:33:00,2026-06-19,01:33:00,0.42,1,214.02,33.44,24.65,1620.1,824.3,2444.4,0,False,Entregada,Entrega realizada en tiempo
106,3,34,47,18,2026-05-18,12:01:00,2026-05-18,04:09:00,2026-05-19,04:09:00,6.94,65,462.55,38.42,25.7,4026.75,987.39,5014.14,0,False,Entregada,Entrega realizada en tiempo
107,23,7,59,7,2026-05-15,08:15:00,2026-05-15,12:26:00,2026-05-15,12:26:00,1.37,25,125.92,20.64,24.01,1466.6,495.57,1962.17,0,False,Entregada,Entrega realizada en tiempo
108,46,18,51,26,2026-01-21,14:25:00,2026-01-21,20:24:00,2026-01-21,20:24:00,0.57,59,181.76,17.02,26.96,1937.8,458.86,2396.66,0,False,Entregada,Entrega realizada en tiempo
109,29,20,44,6,2026-06-17,06:05:00,2026-06-17,06:59:00,2026-06-17,06:59:00,11.05,52,26.02,3.53,25.21,2151.1,88.99,2240.09,0,False,Entregada,Entrega realizada en tiempo
110,8,1,45,11,2026-01-22,18:54:00,2026-01-22,21:40:00,2026-01-22,21:40:00,0.24,56,70.53,6.81,24.33,1324.65,165.69,1490.34,0,False,Entregada,Entrega realizada en tiempo
111,13,34,59,3,2026-02-28,09:57:00,2026-02-28,12:14:00,2026-02-28,12:14:00,6.84,73,67.49,5.61,23.19,2105.45,130.1,2235.55,0,False,Entregada,Entrega realizada en tiempo
112,10,18,58,35,2026-05-25,06:11:00,2026-05-25,09:45:00,2026-05-25,10:01:00,0.33,41,150.42,14.08,25.35,1613.1,356.93,1970.03,16,True,Tardía,Incidencia operativa
113,97,26,60,5,2026-03-18,09:36:00,2026-03-18,19:32:00,2026-03-18,19:32:00,5.72,31,313.54,44.73,26.4,2887.7,1180.87,4068.57,0,False,Entregada,Entrega realizada en tiempo
114,87,35,22,25,2026-07-13,08:50:00,2026-07-13,18:16:00,2026-07-13,18:16:00,1.17,11,364.63,49.21,26.9,2528.15,1323.75,3851.9,0,False,Entregada,Entrega realizada en tiempo
115,7,7,28,15,2026-08-03,07:21:00,2026-08-03,09:44:00,2026-08-03,09:44:00,0.96,78,62.01,10.17,26.82,1530.05,272.76,1802.81,0,False,Entregada,Entrega realizada en tiempo
116,51,21,2,41,2026-03-11,17:31:00,2026-03-11,00:47:00,2026-03-12,00:47:00,0.62,30,178.4,24.95,26.76,1694.0,667.66,2361.66,0,False,Entregada,Entrega realizada en tiempo
117,56,12,44,38,2026-06-19,15:05:00,2026-06-19,19:36:00,2026-06-19,19:36:00,1.28,80,199.34,28.52,23.99,2264.7,684.19,2948.89,0,False,Entregada,Entrega realizada en tiempo
118,10,6,18,10,2026-04-08,08:47:00,2026-04-08,11:12:00,2026-04-08,11:12:00,1.45,50,90.95,13.3,23.43,1499.75,311.62,1811.37,0,False,Entregada,Entrega realizada en tiempo
119,1,20,29,24,2026-07-14,11:06:00,2026-07-14,19:43:00,2026-07-14,20:48:00,7.16,17,331.51,44.98,23.41,3009.55,1052.98,4062.53,65,True,Tardía,"Tráfico alto, Distancia larga"
120,12,23,36,6,2026-06-02,13:55:00,2026-06-02,14:49:00,2026-06-02,15:23:00,1.68,50,30.38,5.56,26.12,1219.9,145.23,1365.13,34,True,Tardía,Carga pesada
121,93,36,58,16,2026-05-27,19:10:00,2026-05-27,09:38:00,2026-05-28,10:23:00,0.61,49,423.51,49.94,24.97,3070.55,1247.0,4317.55,45,True,Tardía,"Hora pico, Distancia larga"
122,9,11,28,18,2026-04-18,12:30:00,2026-04-18,04:38:00,2026-04-19,04:38:00,0.73,10,462.9,96.84,26.78,2967.5,2593.38,5560.88,0,False,Entregada,Entrega realizada en tiempo
123,93,32,39,40,2026-02-20,17:06:00,2026-02-20,10:08:00,2026-02-21,11:02:00,2.91,18,432.5,39.18,26.22,3097.5,1027.3,4124.8,54,True,Tardía,"Hora pico, Distancia larga"
124,43,29,22,28,2026-07-28,08:19:00,2026-07-28,15:20:00,2026-07-28,15:20:00,18.54,42,283.83,29.66,25.78,4109.15,764.63,4873.78,0,False,Entregada,Entrega realizada en tiempo
125,62,21,12,26,2026-03-23,12:47:00,2026-03-23,18:46:00,2026-03-23,18:46:00,0.75,63,155.56,21.76,26.13,1856.8,568.59,2425.39,0,False,Entregada,Entrega realizada en tiempo
126,42,25,18,26,2026-04-04,08:59:00,2026-04-04,14:58:00,2026-04-04,16:02:00,7.5,73,168.57,35.87,23.11,2676.85,828.96,3505.81,64,True,Tardía,"Tráfico alto, Hora pico"
127,94,30,46,14,2026-04-23,12:53:00,2026-04-23,21:38:00,2026-04-23,21:38:00,10.05,9,272.72,23.43,26.18,2940.6,613.4,3554.0,0,False,Entregada,Entrega realizada en tiempo
128,53,32,9,41,2026-03-19,10:16:00,2026-03-19,17:32:00,2026-03-19,17:32:00,4.0,20,196.8,17.83,26.16,2044.0,466.43,2510.43,0,False,Entregada,Entrega realizada en tiempo
129,10,29,39,31,2026-05-30,15:34:00,2026-05-30,23:06:00,2026-05-30,23:06:00,15.52,65,212.72,22.23,26.48,3635.6,588.65,4224.25,0,False,Entregada,Entrega realizada en tiempo
130,54,35,3,24,2026-06-29,20:38:00,2026-06-29,05:15:00,2026-06-30,05:53:00,0.66,11,293.37,39.59,23.67,2120.85,937.1,3057.95,38,True,Tardía,Tráfico alto
131,79,3,37,42,2026-06-23,15:48:00,2026-06-23,18:59:00,2026-06-23,18:59:00,0.53,43,102.26,21.94,24.72,1408.3,542.36,1950.66,0,False,Entregada,Entrega realizada en tiempo
132,2,7,17,15,2026-05-11,19:35:00,2026-05-11,21:58:00,2026-05-11,21:58:00,1.2,75,65.48,10.73,23.88,1547.4,256.23,1803.63,0,False,Entregada,Entrega realizada en tiempo
133,48,26,30,50,2026-06-23,19:09:00,2026-06-23,03:09:00,2026-06-24,03:09:00,3.29,45,234.43,33.44,24.93,2361.15,833.66,3194.81,0,False,Entregada,Entrega realizada en tiempo
134,38,27,59,6,2026-01-30,08:22:00,2026-01-30,09:16:00,2026-01-30,09:16:00,0.4,40,27.68,3.56,26.14,998.4,93.06,1091.46,0,False,Entregada,Entrega realizada en tiempo
135,67,31,23,31,2026-01-25,17:46:00,2026-01-25,01:18:00,2026-01-26,01:43:00,15.28,58,194.41,27.62,26.24,3464.05,724.75,4188.8,25,True,Tardía,Hora pico
136,15,2,55,22,2026-06-15,08:43:00,2026-06-15,16:22:00,2026-06-15,16:22:00,7.32,22,345.25,69.61,25.96,3134.25,1807.08,4941.33,0,False,Entregada,Entrega realizada en tiempo
137,67,12,36,11,2026-03-26,20:27:00,2026-03-26,23:13:00,2026-03-26,23:13:00,0.63,60,72.42,10.36,24.62,1405.1,255.06,1660.16,0,False,Entregada,Entrega realizada en tiempo
138,24,12,41,43,2026-04-21,15:01:00,2026-04-21,06:28:00,2026-04-22,06:28:00,1.17,79,434.93,62.22,24.8,3423.65,1543.06,4966.71,0,False,Entregada,Entrega realizada en tiempo
139,55,25,1,46,2026-02-24,09:17:00,2026-02-24,00:07:00,2026-02-25,00:07:00,6.97,9,445.92,94.88,26.2,3498.6,2485.86,5984.46,0,False,Entregada,Entrega realizada en tiempo
140,69,12,24,21,2026-02-20,17:07:00,2026-02-20,00:10:00,2026-02-21,00:10:00,1.38,34,274.98,39.34,24.96,2284.9,981.93,3266.83,0,False,Entregada,Entrega realizada en tiempo
141,82,21,39,25,2026-06-06,15:37:00,2026-06-06,01:03:00,2026-06-07,01:03:00,1.63,15,342.04,47.84,26.38,2493.2,1262.02,3755.22,0,False,Entregada,Entrega realizada en tiempo
142,80,12,53,44,2026-06-30,12:58:00,2026-06-30,15:08:00,2026-06-30,15:08:00,0.52,79,64.37,9.21,25.69,1505.85,236.6,1742.45,0,False,Entregada,Entrega realizada en tiempo
143,41,8,16,20,2026-01-30,09:23:00,2026-01-30,10:56:00,2026-01-30,10:56:00,5.93,19,58.91,6.29,24.67,1539.55,155.17,1694.72,0,False,Entregada,Entrega realizada en tiempo
144,18,37,25,28,2026-02-17,18:40:00,2026-02-17,01:41:00,2026-02-18,01:41:00,0.49,69,284.64,30.35,25.58,2524.2,776.35,3300.55,0,False,Entregada,Entrega realizada en tiempo
145,23,36,11,32,2026-03-15,08:11:00,2026-03-15,20:15:00,2026-03-15,20:15:00,0.6,41,349.17,41.18,25.48,2633.85,1049.27,3683.12,0,False,Entregada,Entrega realizada en tiempo
146,46,1,32,9,2026-02-19,15:35:00,2026-02-19,23:08:00,2026-02-19,23:08:00,0.39,65,181.76,17.54,24.64,1967.8,432.19,2399.99,0,False,Entregada,Entrega realizada en tiempo
147,63,27,46,29,2026-05-06,09:05:00,2026-05-06,14:19:00,2026-05-06,14:50:00,2.24,73,174.16,22.39,23.13,2178.8,517.88,2696.68,31,True,Tardía,Hora pico
148,29,35,19,11,2026-07-19,17:36:00,2026-07-19,20:22:00,2026-07-19,20:22:00,0.94,64,67.85,9.16,23.45,1445.25,214.8,1660.05,0,False,Entregada,Entrega realizada en tiempo
149,15,18,50,35,2026-07-30,14:34:00,2026-07-30,18:08:00,2026-07-30,18:08:00,0.51,6,158.93,14.88,24.77,1393.65,368.58,1762.23,0,False,Entregada,Entrega realizada en tiempo
150,28,28,7,48,2026-08-01,10:19:00,2026-08-01,15:32:00,2026-08-01,15:32:00,4.43,5,189.16,27.74,24.39,1928.8,676.58,2605.38,0,False,Entregada,Entrega realizada en tiempo
151,12,29,56,8,2026-07-18,10:13:00,2026-07-18,13:41:00,2026-07-18,13:41:00,4.9,76,93.88,9.81,26.44,2067.4,259.38,2326.78,0,False,Entregada,Entrega realizada en tiempo
152,79,28,11,40,2026-02-05,09:52:00,2026-02-05,02:54:00,2026-02-06,02:54:00,0.56,27,427.32,62.66,25.28,2908.6,1584.04,4492.64,0,False,Entregada,Entrega realizada en tiempo
153,69,18,39,35,2026-02-13,13:45:00,2026-02-13,17:19:00,2026-02-13,17:19:00,0.45,38,138.68,12.99,24.07,1542.4,312.67,1855.07,0,False,Entregada,Entrega realizada en tiempo
154,66,7,9,49,2026-07-21,16:58:00,2026-07-21,07:29:00,2026-07-22,07:29:00,0.34,8,358.82,58.82,26.47,2392.1,1556.97,3949.07,0,False,Entregada,Entrega realizada en tiempo
155,17,9,16,10,2026-07-02,13:53:00,2026-07-02,16:18:00,2026-07-02,16:18:00,0.49,32,78.44,6.41,25.7,1197.2,164.74,1361.94,0,False,Entregada,Entrega realizada en tiempo
156,63,10,37,41,2026-03-10,16:24:00,2026-03-10,23:40:00,2026-03-10,23:52:00,6.9,58,195.0,19.56,24.61,2629.0,481.37,3110.37,12,True,Tardía,Incidencia operativa
157,96,18,45,24,2026-04-27,18:20:00,2026-04-27,02:57:00,2026-04-28,03:58:00,0.82,75,287.68,26.94,25.66,2620.4,691.28,3311.68,61,True,Tardía,"Tráfico alto, Hora pico"
158,46,5,51,35,2026-04-12,09:27:00,2026-04-12,13:01:00,2026-04-12,13:01:00,14.89,28,151.37,19.02,24.29,2969.85,462.0,3431.85,0,False,Entregada,Entrega realizada en tiempo
159,37,22,36,37,2026-02-03,18:50:00,2026-02-03,12:08:00,2026-02-04,12:08:00,0.31,44,483.84,46.79,26.05,3302.2,1218.88,4521.08,0,False,Entregada,Entrega realizada en tiempo
160,6,7,41,30,2026-01-05,08:59:00,2026-01-05,14:07:00,2026-01-05,14:07:00,1.69,21,120.2,19.7,23.0,1438.0,453.1,1891.1,0,False,Entregada,Entrega realizada en tiempo
161,55,13,45,9,2026-08-14,12:10:00,2026-08-14,19:43:00,2026-08-14,20:04:00,6.25,36,207.02,16.89,24.0,2448.1,405.36,2853.46,21,True,Tardía,Incidencia operativa
162,48,11,4,26,2026-06-10,12:46:00,2026-06-10,18:45:00,2026-06-10,18:45:00,3.24,30,157.83,33.02,23.36,1853.15,771.35,2624.5,0,False,Entregada,Entrega realizada en tiempo
163,13,1,14,31,2026-01-20,08:37:00,2026-01-20,16:09:00,2026-01-20,16:09:00,0.51,29,193.58,18.69,24.78,1750.9,463.14,2214.04,0,False,Entregada,Entrega realizada en tiempo
164,2,22,53,8,2026-08-09,16:44:00,2026-08-09,20:12:00,2026-08-09,20:12:00,0.85,17,101.98,9.86,23.92,1230.9,235.85,1466.75,0,False,Entregada,Entrega realizada en tiempo
165,12,7,7,21,2026-04-05,12:08:00,2026-04-05,19:11:00,2026-04-05,19:11:00,0.8,49,292.69,47.98,26.01,2435.45,1247.96,3683.41,0,False,Entregada,Entrega realizada en tiempo
166,18,10,5,34,2026-05-25,05:39:00,2026-05-25,09:30:00,2026-05-25,09:30:00,13.95,22,99.52,9.98,25.89,2568.6,258.38,2826.98,0,False,Entregada,Entrega realizada en tiempo
167,81,10,59,27,2026-06-07,17:55:00,2026-06-07,05:38:00,2026-06-08,06:08:00,4.84,28,327.08,32.81,25.36,2843.4,832.06,3675.46,30,True,Tardía,"Hora pico, Distancia larga"
168,50,23,28,21,2026-07-22,08:15:00,2026-07-22,15:18:00,2026-07-22,15:18:00,1.6,36,295.45,54.11,23.99,2425.25,1298.1,3723.35,0,False,Entregada,Entrega realizada en tiempo
169,77,39,47,39,2026-03-14,05:54:00,2026-03-14,14:17:00,2026-03-14,14:17:00,4.65,39,198.29,16.0,25.43,2268.45,406.88,2675.33,0,False,Entregada,Entrega realizada en tiempo
170,25,26,19,42,2026-01-14,10:31:00,2026-01-14,13:42:00,2026-01-14,14:37:00,6.69,50,98.13,14.0,25.38,2059.65,355.32,2414.97,55,True,Tardía,Tráfico alto
171,68,1,24,21,2026-02-03,15:55:00,2026-02-03,22:58:00,2026-02-03,22:58:00,0.55,73,281.84,27.2,25.19,2548.2,685.17,3233.37,0,False,Entregada,Entrega realizada en tiempo
172,23,31,50,5,2026-01-05,07:00:00,2026-01-05,16:56:00,2026-01-05,17:50:00,9.84,34,261.48,37.14,24.15,3063.4,896.93,3960.33,54,True,Tardía,"Tráfico alto, Hora pico"
173,92,33,50,27,2026-04-19,15:05:00,2026-04-19,02:48:00,2026-04-20,02:48:00,0.44,69,297.03,37.89,23.61,2581.15,894.58,3475.73,0,False,Entregada,Entrega realizada en tiempo
174,11,20,6,33,2026-02-22,08:34:00,2026-02-22,17:28:00,2026-02-22,18:53:00,4.3,42,261.09,35.43,23.26,2571.45,824.1,3395.55,85,True,Tardía,"Tráfico alto, Hora pico"
175,90,28,47,16,2026-01-15,10:05:00,2026-01-15,00:33:00,2026-01-16,01:17:00,8.14,56,435.16,63.81,25.66,3937.8,1637.36,5575.16,44,True,Tardía,"Distancia larga, Carga pesada"
176,85,12,8,1,2026-07-01,08:44:00,2026-07-01,15:03:00,2026-07-01,15:45:00,1.04,2,197.36,28.23,25.07,1606.8,707.73,2314.53,42,True,Tardía,Hora pico
177,93,17,11,24,2026-02-02,11:46:00,2026-02-02,20:23:00,2026-02-02,20:23:00,0.64,16,290.54,51.61,23.12,2144.7,1193.22,3337.92,0,False,Entregada,Entrega realizada en tiempo
178,55,18,34,5,2026-03-09,07:31:00,2026-03-09,17:27:00,2026-03-09,17:27:00,0.68,59,292.54,27.39,23.22,2502.7,636.0,3138.7,0,False,Entregada,Entrega realizada en tiempo
179,73,11,24,11,2026-03-07,08:57:00,2026-03-07,11:43:00,2026-03-07,11:43:00,3.23,74,71.29,14.91,23.46,1771.45,349.79,2121.24,0,False,Entregada,Entrega realizada en tiempo
180,95,33,1,3,2026-08-08,05:15:00,2026-08-08,07:32:00,2026-08-08,07:32:00,0.3,6,59.22,7.55,24.53,874.1,185.2,1059.3,0,False,Entregada,Entrega realizada en tiempo
181,20,12,60,3,2026-05-22,16:14:00,2026-05-22,18:31:00,2026-05-22,18:31:00,0.65,42,63.48,9.08,26.66,1218.4,242.07,1460.47,0,False,Entregada,Entrega realizada en tiempo
182,41,18,53,5,2026-05-27,14:07:00,2026-05-27,00:03:00,2026-05-28,00:03:00,0.71,65,279.9,26.21,23.21,2490.5,608.33,3098.83,0,False,Entregada,Entrega realizada en tiempo
183,29,34,3,26,2026-01-18,17:55:00,2026-01-18,23:54:00,2026-01-18,23:54:00,8.29,37,171.3,14.23,24.24,2481.5,344.94,2826.44,0,False,Entregada,Entrega realizada en tiempo
184,12,36,30,1,2026-04-05,09:18:00,2026-04-05,15:37:00,2026-04-05,15:37:00,0.59,73,172.87,20.39,25.96,2007.35,529.32,2536.67,0,False,Entregada,Entrega realizada en tiempo
185,32,30,24,38,2026-05-07,09:46:00,2026-05-07,14:17:00,2026-05-07,14:17:00,2.15,70,179.03,15.38,23.98,2170.15,368.81,2538.96,0,False,Entregada,Entrega realizada en tiempo
186,1,27,2,15,2026-05-19,14:40:00,2026-05-19,17:03:00,2026-05-19,17:03:00,2.36,2,59.27,7.62,23.01,1048.35,175.34,1223.69,0,False,Entregada,Entrega realizada en tiempo
187,85,25,55,48,2026-07-06,12:06:00,2026-07-06,17:19:00,2026-07-06,17:19:00,3.3,27,171.9,36.57,23.95,1905.5,875.85,2781.35,0,False,Entregada,Entrega realizada en tiempo
188,63,4,10,46,2026-03-13,07:02:00,2026-03-13,21:52:00,2026-03-13,21:52:00,2.29,30,383.78,64.5,25.08,2887.9,1617.66,4505.56,0,False,Entregada,Entrega realizada en tiempo
189,90,24,30,48,2026-01-22,08:32:00,2026-01-22,13:45:00,2026-01-22,13:45:00,3.6,18,180.18,16.89,24.58,1904.9,415.16,2320.06,0,False,Entregada,Entrega realizada en tiempo
190,76,37,4,28,2026-06-19,08:15:00,2026-06-19,15:16:00,2026-06-19,16:03:00,1.07,38,257.08,27.41,24.27,2196.4,665.24,2861.64,47,True,Tardía,"Hora pico, Carga pesada"
191,35,15,5,13,2026-02-04,08:09:00,2026-02-04,19:52:00,2026-02-04,20:49:00,0.57,14,347.5,71.5,23.48,2406.5,1678.82,4085.32,57,True,Tardía,"Hora pico, Distancia larga"
192,46,14,29,20,2026-04-29,11:54:00,2026-04-29,13:27:00,2026-04-29,14:00:00,6.41,16,62.55,6.74,23.16,1581.75,156.1,1737.85,33,True,Tardía,Carga pesada
193,42,10,6,46,2026-03-05,14:25:00,2026-03-05,05:15:00,2026-03-06,05:47:00,4.94,66,390.98,39.22,26.28,3476.9,1030.7,4507.6,32,True,Tardía,Distancia larga
194,23,2,26,29,2026-05-23,20:15:00,2026-05-23,01:29:00,2026-05-24,01:29:00,11.08,13,202.32,40.79,26.22,2723.6,1069.51,3793.11,0,False,Entregada,Entrega realizada en tiempo
195,18,8,1,4,2026-08-01,10:08:00,2026-08-01,12:42:00,2026-08-01,12:42:00,3.46,26,106.65,11.39,24.49,1587.25,278.94,1866.19,0,False,Entregada,Entrega realizada en tiempo
196,81,6,38,38,2026-03-08,07:01:00,2026-03-08,11:32:00,2026-03-08,12:21:00,0.55,9,197.79,28.92,26.24,1615.95,758.86,2374.81,49,True,Tardía,Hora pico
197,12,22,8,3,2026-04-29,06:10:00,2026-04-29,08:27:00,2026-04-29,08:27:00,0.45,74,59.69,5.77,25.9,1435.45,149.44,1584.89,0,False,Entregada,Entrega realizada en tiempo
198,64,2,25,44,2026-04-20,09:22:00,2026-04-20,11:32:00,2026-04-20,11:32:00,7.12,28,64.97,13.1,24.1,1760.85,315.71,2076.56,0,False,Entregada,Entrega realizada en tiempo
199,58,10,3,40,2026-06-08,10:41:00,2026-06-08,03:43:00,2026-06-09,03:43:00,4.66,38,422.62,42.39,26.53,3383.1,1124.61,4507.71,0,False,Entregada,Entrega realizada en tiempo
200,62,4,6,18,2026-04-09,08:26:00,2026-04-09,00:34:00,2026-04-10,00:34:00,1.62,26,408.89,68.72,26.19,2914.45,1799.78,4714.23,0,False,Entregada,Entrega realizada en tiempo
201,32,35,51,2,2026-04-08,14:30:00,2026-04-08,00:25:00,2026-04-09,00:25:00,0.87,70,286.83,38.71,24.38,2581.15,943.75,3524.9,0,False,Entregada,Entrega realizada en tiempo
202,73,33,21,25,2026-03-11,09:01:00,2026-03-11,18:27:00,2026-03-11,18:27:00,0.57,41,344.68,43.96,23.12,2608.4,1016.36,3624.76,0,False,Entregada,Entrega realizada en tiempo
203,100,18,4,31,2026-05-16,14:49:00,2026-05-16,22:21:00,2026-05-16,22:21:00,0.25,75,192.3,18.01,26.9,2086.5,484.47,2570.97,0,False,Entregada,Entrega realizada en tiempo
204,13,16,43,16,2026-03-10,20:52:00,2026-03-10,11:20:00,2026-03-11,11:20:00,2.83,8,391.98,35.22,26.79,2806.9,943.54,3750.44,0,False,Entregada,Entrega realizada en tiempo
205,74,25,23,12,2026-02-15,10:37:00,2026-02-15,22:15:00,2026-02-15,22:15:00,10.97,41,403.01,85.75,25.79,3940.05,2211.49,6151.54,0,False,Entregada,Entrega realizada en tiempo
206,76,2,46,45,2026-04-01,08:36:00,2026-04-01,11:17:00,2026-04-01,11:17:00,13.38,25,80.31,16.19,26.24,2439.55,424.83,2864.38,0,False,Entregada,Entrega realizada en tiempo
207,64,35,20,12,2026-05-06,06:05:00,2026-05-06,17:43:00,2026-05-06,18:05:00,0.98,8,437.8,59.08,25.11,2851.0,1483.5,4334.5,22,True,Tardía,Distancia larga
208,1,22,59,40,2026-02-21,08:21:00,2026-02-21,01:23:00,2026-02-22,01:23:00,1.0,23,453.61,43.87,26.38,3052.05,1157.29,4209.34,0,False,Entregada,Entrega realizada en tiempo
209,42,4,2,10,2026-05-31,08:49:00,2026-05-31,11:14:00,2026-05-31,11:14:00,1.16,15,80.69,13.56,26.44,1139.45,358.53,1497.98,0,False,Entregada,Entrega realizada en tiempo
210,10,24,46,43,2026-04-12,08:21:00,2026-04-12,23:48:00,2026-04-13,01:26:00,6.23,39,471.62,44.2,24.27,3793.1,1072.73,4865.83,98,True,Tardía,"Tráfico alto, Hora pico, Distancia larga, Carga pesada"
211,91,36,45,40,2026-07-21,14:14:00,2026-07-21,07:16:00,2026-07-22,07:16:00,1.79,76,423.44,49.93,24.51,3404.2,1223.78,4627.98,0,False,Entregada,Entrega realizada en tiempo
212,94,19,9,12,2026-07-06,05:44:00,2026-07-06,17:22:00,2026-07-06,17:22:00,5.64,74,451.95,44.53,26.98,3915.75,1201.42,5117.17,0,False,Entregada,Entrega realizada en tiempo
213,73,3,12,39,2026-03-23,10:40:00,2026-03-23,19:03:00,2026-03-23,19:28:00,2.27,73,196.63,42.2,23.56,2294.15,994.23,3288.38,25,True,Tardía,Incidencia operativa
214,96,5,16,23,2026-03-23,09:40:00,2026-03-23,19:01:00,2026-03-23,19:01:00,13.82,12,272.57,34.24,25.68,3340.85,879.28,4220.13,0,False,Entregada,Entrega realizada en tiempo
215,94,22,29,1,2026-03-09,09:15:00,2026-03-09,15:34:00,2026-03-09,15:34:00,1.33,9,174.22,16.85,26.15,1576.1,440.63,2016.73,0,False,Entregada,Entrega realizada en tiempo
216,93,1,4,25,2026-04-23,16:10:00,2026-04-23,01:36:00,2026-04-24,01:36:00,1.36,53,323.08,31.19,24.51,2675.4,764.47,3439.87,0,False,Entregada,Entrega realizada en tiempo
217,70,25,7,31,2026-07-21,10:10:00,2026-07-21,17:42:00,2026-07-21,17:53:00,1.98,58,185.79,39.53,24.18,2090.95,955.84,3046.79,11,True,Tardía,Incidencia operativa
218,41,17,7,5,2026-03-29,09:56:00,2026-03-29,19:52:00,2026-03-29,20:48:00,0.92,49,296.84,52.72,25.38,2468.2,1338.03,3806.23,56,True,Tardía,"Tráfico alto, Hora pico, Carga pesada"
219,79,31,46,2,2026-04-21,09:38:00,2026-04-21,19:33:00,2026-04-21,20:17:00,13.57,56,298.78,42.44,26.9,3798.9,1141.64,4940.54,44,True,Tardía,"Tráfico alto, Hora pico"
220,53,36,47,47,2026-05-19,11:42:00,2026-05-19,23:26:00,2026-05-20,00:21:00,1.65,37,328.83,38.78,25.2,2605.15,977.26,3582.41,55,True,Tardía,"Tráfico alto, Distancia larga, Carga pesada"
221,63,10,4,24,2026-01-01,16:05:00,2026-01-01,00:42:00,2026-01-02,00:42:00,15.22,38,311.7,31.26,25.5,3884.5,797.13,4681.63,0,False,Entregada,Entrega realizada en tiempo
222,62,13,7,2,2026-02-22,09:40:00,2026-02-22,19:35:00,2026-02-22,19:35:00,8.43,38,304.86,24.87,24.89,3171.3,619.01,3790.31,0,False,Entregada,Entrega realizada en tiempo
223,15,20,51,26,2026-05-01,18:57:00,2026-05-01,00:56:00,2026-05-02,01:55:00,3.98,34,175.84,23.86,24.48,2049.2,584.09,2633.29,59,True,Tardía,"Tráfico alto, Hora pico"
224,49,24,12,29,2026-01-12,11:28:00,2026-01-12,16:42:00,2026-01-12,16:42:00,3.46,60,177.49,16.63,26.35,2213.45,438.2,2651.65,0,False,Entregada,Entrega realizada en tiempo
225,73,4,10,49,2026-06-28,08:05:00,2026-06-28,22:36:00,2026-06-28,22:36:00,2.29,45,378.21,63.56,24.66,2980.05,1567.39,4547.44,0,False,Entregada,Entrega realizada en tiempo
226,97,38,15,36,2026-01-16,15:52:00,2026-01-16,19:46:00,2026-01-16,19:46:00,8.23,67,108.79,9.24,25.14,2402.95,232.29,2635.24,0,False,Entregada,Entrega realizada en tiempo
227,61,37,57,16,2026-05-02,12:05:00,2026-05-02,02:33:00,2026-05-03,02:33:00,0.75,51,396.34,42.25,25.86,2964.7,1092.59,4057.29,0,False,Entregada,Entrega realizada en tiempo
228,65,37,58,34,2026-07-24,08:07:00,2026-07-24,11:58:00,2026-07-24,12:32:00,1.03,58,111.8,11.92,23.5,1626.0,280.12,1906.12,34,True,Tardía,"Hora pico, Carga pesada"
229,55,6,44,28,2026-02-21,08:53:00,2026-02-21,15:54:00,2026-02-21,16:13:00,0.62,77,258.52,37.8,24.55,2470.6,927.99,3398.59,19,True,Tardía,Hora pico
230,51,36,21,18,2026-05-14,17:58:00,2026-05-14,10:06:00,2026-05-15,10:06:00,1.51,2,435.79,51.39,25.49,2845.95,1309.93,4155.88,0,False,Entregada,Entrega realizada en tiempo
231,67,27,8,27,2026-02-08,08:36:00,2026-02-08,20:19:00,2026-02-08,20:19:00,7.37,76,337.89,43.43,26.86,3534.45,1166.53,4700.98,0,False,Entregada,Entrega realizada en tiempo
232,13,7,37,50,2026-01-26,12:55:00,2026-01-26,20:55:00,2026-01-26,20:55:00,1.47,69,235.16,38.55,26.51,2374.8,1021.96,3396.76,0,False,Entregada,Entrega realizada en tiempo
233,34,25,42,32,2026-05-27,18:02:00,2026-05-27,06:06:00,2026-05-28,07:01:00,3.59,23,361.66,76.95,23.16,2851.3,1782.16,4633.46,55,True,Tardía,"Hora pico, Distancia larga"
234,43,16,4,48,2026-05-02,11:57:00,2026-05-02,17:10:00,2026-05-02,17:48:00,14.77,48,167.02,15.01,24.12,3196.1,362.04,3558.14,38,True,Tardía,Tráfico alto
235,63,7,56,15,2026-02-04,12:47:00,2026-02-04,15:10:00,2026-02-04,15:10:00,1.12,57,66.18,10.85,24.28,1398.9,263.44,1662.34,0,False,Entregada,Entrega realizada en tiempo
236,94,27,39,42,2026-01-23,09:28:00,2026-01-23,12:39:00,2026-01-23,12:39:00,11.98,28,94.59,12.16,24.63,2394.95,299.5,2694.45,0,False,Entregada,Entrega realizada en tiempo
237,63,34,56,24,2026-07-30,06:32:00,2026-07-30,15:09:00,2026-07-30,15:57:00,6.93,21,291.97,24.25,23.54,2820.85,570.85,3391.7,48,True,Tardía,Tráfico alto
238,68,37,2,12,2026-02-19,09:53:00,2026-02-19,21:31:00,2026-02-19,22:25:00,0.95,8,387.53,41.31,24.1,2596.65,995.57,3592.22,54,True,Tardía,"Hora pico, Distancia larga, Carga pesada"
239,60,33,26,41,2026-02-01,05:15:00,2026-02-01,12:31:00,2026-02-01,12:31:00,0.5,48,205.9,26.26,24.78,1963.5,650.72,2614.22,0,False,Entregada,Entrega realizada en tiempo
240,61,38,36,23,2026-03-30,09:53:00,2026-03-30,19:14:00,2026-03-30,19:14:00,2.42,34,254.9,21.66,25.76,2288.5,557.96,2846.46,0,False,Entregada,Entrega realizada en tiempo
241,37,2,25,4,2026-02-11,09:54:00,2026-02-11,12:28:00,2026-02-11,12:28:00,11.95,29,109.62,22.1,25.71,2475.1,568.19,3043.29,0,False,Entregada,Entrega realizada en tiempo
242,35,27,33,2,2026-08-10,05:30:00,2026-08-10,15:25:00,2026-08-10,15:25:00,8.81,17,318.38,40.92,25.4,3108.9,1039.37,4148.27,0,False,Entregada,Entrega realizada en tiempo
243,2,15,17,39,2026-07-26,12:45:00,2026-07-26,21:08:00,2026-07-26,21:08:00,0.7,36,204.19,42.01,24.51,1878.95,1029.67,2908.62,0,False,Entregada,Entrega realizada en tiempo
244,45,30,17,14,2026-04-30,12:43:00,2026-04-30,21:28:00,2026-04-30,21:28:00,4.61,67,255.2,21.92,24.59,2773.0,539.01,3312.01,0,False,Entregada,Entrega realizada en tiempo
245,14,1,33,43,2026-08-04,14:35:00,2026-08-04,06:02:00,2026-08-05,06:02:00,1.53,77,450.72,43.51,24.19,3522.6,1052.51,4575.11,0,False,Entregada,Entrega realizada en tiempo
246,14,31,5,22,2026-03-12,13:55:00,2026-03-12,21:34:00,2026-03-12,21:34:00,10.44,36,318.26,45.21,25.84,3423.3,1168.23,4591.53,0,False,Entregada,Entrega realizada en tiempo
247,84,20,13,10,2026-05-13,10:57:00,2026-05-13,13:22:00,2026-05-13,13:22:00,12.07,8,77.6,10.53,26.21,2159.0,275.99,2434.99,0,False,Entregada,Entrega realizada en tiempo
248,77,26,43,21,2026-06-24,08:46:00,2026-06-24,15:49:00,2026-06-24,15:49:00,8.7,4,295.13,42.1,26.99,2877.65,1136.28,4013.93,0,False,Entregada,Entrega realizada en tiempo
249,34,27,26,25,2026-07-08,06:37:00,2026-07-08,16:03:00,2026-07-08,16:03:00,8.41,74,311.11,39.99,24.37,3488.55,974.56,4463.11,0,False,Entregada,Entrega realizada en tiempo
250,92,15,44,35,2026-06-13,18:58:00,2026-06-13,22:32:00,2026-06-13,22:32:00,1.0,46,159.93,32.91,26.38,1767.65,868.17,2635.82,0,False,Entregada,Entrega realizada en tiempo
251,85,36,12,19,2026-01-25,18:08:00,2026-01-25,06:49:00,2026-01-26,06:49:00,1.13,34,387.09,45.65,25.24,2820.45,1152.21,3972.66,0,False,Entregada,Entrega realizada en tiempo
252,24,22,42,6,2026-02-26,14:14:00,2026-02-26,15:08:00,2026-02-26,15:08:00,1.44,40,29.61,2.86,26.55,1112.05,75.93,1187.98,0,False,Entregada,Entrega realizada en tiempo
253,48,17,38,19,2026-04-29,08:30:00,2026-04-29,21:11:00,2026-04-29,21:11:00,0.33,7,378.54,67.24,25.33,2481.7,1703.19,4184.89,0,False,Entregada,Entrega realizada en tiempo
254,80,5,31,13,2026-05-09,08:55:00,2026-05-09,20:38:00,2026-05-09,20:38:00,11.35,49,314.37,39.49,24.65,3598.85,973.43,4572.28,0,False,Entregada,Entrega realizada en tiempo
255,20,9,13,22,2026-04-15,17:09:00,2026-04-15,00:48:00,2026-04-16,00:48:00,0.67,41,347.1,28.38,23.72,2630.5,673.17,3303.67,0,False,Entregada,Entrega realizada en tiempo
256,11,32,22,41,2026-02-15,13:40:00,2026-02-15,20:56:00,2026-02-15,21:22:00,4.33,8,193.04,17.49,26.04,1962.2,455.44,2417.64,26,True,Tardía,Carga pesada
257,22,37,49,11,2026-05-06,07:08:00,2026-05-06,09:54:00,2026-05-06,09:54:00,0.3,79,78.9,8.41,24.72,1556.5,207.9,1764.4,0,False,Entregada,Entrega realizada en tiempo
258,55,31,25,1,2026-01-10,20:12:00,2026-01-10,02:31:00,2026-01-11,02:31:00,21.64,48,173.68,24.67,26.57,3916.4,655.48,4571.88,0,False,Entregada,Entrega realizada en tiempo
259,97,34,13,2,2026-06-23,05:40:00,2026-06-23,15:35:00,2026-06-23,16:30:00,7.75,32,328.67,27.3,24.53,3174.35,669.67,3844.02,55,True,Tardía,"Tráfico alto, Distancia larga, Carga pesada"
260,76,20,11,5,2026-07-30,06:19:00,2026-07-30,16:15:00,2026-07-30,16:15:00,6.7,38,292.79,39.73,25.08,2937.95,996.43,3934.38,0,False,Entregada,Entrega realizada en tiempo
261,68,22,28,44,2026-02-04,13:57:00,2026-02-04,16:07:00,2026-02-04,16:07:00,0.73,63,59.38,5.74,23.75,1373.9,136.33,1510.23,0,False,Entregada,Entrega realizada en tiempo
262,52,2,15,15,2026-07-06,08:13:00,2026-07-06,10:36:00,2026-07-06,10:36:00,5.65,3,66.67,13.44,23.68,1422.35,318.26,1740.61,0,False,Entregada,Entrega realizada en tiempo
263,47,3,25,41,2026-03-07,20:39:00,2026-03-07,03:55:00,2026-03-08,03:55:00,0.25,7,188.69,40.49,23.19,1524.45,938.96,2463.41,0,False,Entregada,Entrega realizada en tiempo
264,14,2,4,45,2026-01-30,16:28:00,2026-01-30,19:09:00,2026-01-30,19:27:00,6.68,49,84.85,17.11,24.9,1984.25,426.04,2410.29,18,True,Tardía,Incidencia operativa
265,20,14,45,44,2026-06-11,05:19:00,2026-06-11,07:29:00,2026-06-11,07:29:00,6.8,54,62.98,6.79,25.65,1926.9,174.16,2101.06,0,False,Entregada,Entrega realizada en tiempo
266,35,40,39,45,2026-02-05,16:53:00,2026-02-05,19:34:00,2026-02-05,19:34:00,0.66,14,88.06,13.76,25.47,1118.3,350.47,1468.77,0,False,Entregada,Entrega realizada en tiempo
267,37,8,51,7,2026-05-08,09:38:00,2026-05-08,13:49:00,2026-05-08,13:49:00,2.85,26,116.79,12.48,26.33,1576.95,328.6,1905.55,0,False,Entregada,Entrega realizada en tiempo
268,26,23,46,27,2026-03-17,09:02:00,2026-03-17,20:45:00,2026-03-17,20:45:00,0.91,71,292.81,53.63,23.83,2623.05,1278.0,3901.05,0,False,Entregada,Entrega realizada en tiempo
269,62,22,16,1,2026-01-04,07:58:00,2026-01-04,14:17:00,2026-01-04,14:17:00,0.44,15,187.0,18.09,25.68,1599.0,464.55,2063.55,0,False,Entregada,Entrega realizada en tiempo
270,20,6,50,33,2026-01-20,08:57:00,2026-01-20,17:51:00,2026-01-20,17:51:00,0.73,33,303.72,44.4,24.83,2355.6,1102.45,3458.05,0,False,Entregada,Entrega realizada en tiempo
271,38,17,30,4,2026-01-26,09:55:00,2026-01-26,12:29:00,2026-01-26,12:29:00,0.52,6,106.82,18.97,24.44,1134.1,463.63,1597.73,0,False,Entregada,Entrega realizada en tiempo
272,87,21,28,48,2026-01-30,08:54:00,2026-01-30,14:07:00,2026-01-30,15:01:00,1.18,6,166.31,23.26,24.31,1497.55,565.45,2063.0,54,True,Tardía,"Tráfico alto, Hora pico"
273,57,40,18,47,2026-01-24,14:52:00,2026-01-24,02:36:00,2026-01-25,03:39:00,1.08,44,315.12,49.24,24.09,2535.6,1186.19,3721.79,63,True,Tardía,"Tráfico alto, Distancia larga"
274,50,31,52,27,2026-06-16,09:07:00,2026-06-16,20:50:00,2026-06-16,20:50:00,24.76,17,293.27,41.66,23.23,4578.35,967.76,5546.11,0,False,Entregada,Entrega realizada en tiempo
275,21,7,27,38,2026-05-04,17:11:00,2026-05-04,21:42:00,2026-05-04,21:42:00,0.87,79,173.27,28.4,24.43,2085.35,693.81,2779.16,0,False,Entregada,Entrega realizada en tiempo
276,4,9,31,32,2026-01-29,16:28:00,2026-01-29,04:32:00,2026-01-30,05:22:00,0.83,6,380.02,31.07,25.82,2531.1,802.23,3333.33,50,True,Tardía,"Distancia larga, Carga pesada"
277,87,34,50,48,2026-05-28,10:42:00,2026-05-28,15:55:00,2026-05-28,15:55:00,5.08,44,168.19,13.97,25.75,2200.95,359.73,2560.68,0,False,Entregada,Entrega realizada en tiempo
278,80,7,28,43,2026-07-06,10:30:00,2026-07-06,01:57:00,2026-07-07,01:57:00,1.41,45,419.16,68.71,25.57,3096.8,1756.91,4853.71,0,False,Entregada,Entrega realizada en tiempo
279,20,36,58,40,2026-01-14,05:41:00,2026-01-14,22:43:00,2026-01-14,22:43:00,1.68,21,430.46,50.76,24.88,2988.3,1262.91,4251.21,0,False,Entregada,Entrega realizada en tiempo
280,64,11,5,49,2026-05-06,13:15:00,2026-05-06,03:46:00,2026-05-07,03:46:00,0.98,43,352.63,73.77,23.2,2705.15,1711.46,4416.61,0,False,Entregada,Entrega realizada en tiempo
281,29,36,42,25,2026-04-14,10:05:00,2026-04-14,19:31:00,2026-04-14,19:31:00,0.98,59,346.78,40.89,25.29,2803.9,1034.11,3838.01,0,False,Entregada,Entrega realizada en tiempo
282,12,32,29,21,2026-01-31,18:47:00,2026-01-31,01:50:00,2026-02-01,02:24:00,0.49,3,310.27,28.1,26.3,2124.35,739.03,2863.38,34,True,Tardía,"Hora pico, Distancia larga"
283,78,40,41,20,2026-05-11,20:13:00,2026-05-11,21:46:00,2026-05-11,21:46:00,0.8,59,59.26,9.26,24.45,1348.3,226.41,1574.71,0,False,Entregada,Entrega realizada en tiempo
284,7,15,55,30,2026-03-26,20:49:00,2026-03-26,01:57:00,2026-03-27,01:57:00,0.61,80,128.69,26.48,25.87,1844.45,685.04,2529.49,0,False,Entregada,Entrega realizada en tiempo
285,47,29,8,7,2026-07-14,10:00:00,2026-07-14,14:11:00,2026-07-14,14:11:00,15.48,44,115.17,12.03,25.53,2975.85,307.13,3282.98,0,False,Entregada,Entrega realizada en tiempo
286,38,36,34,24,2026-06-29,08:02:00,2026-06-29,16:39:00,2026-06-29,17:39:00,0.5,22,337.09,39.75,23.75,2411.45,944.06,3355.51,60,True,Tardía,"Tráfico alto, Hora pico, Distancia larga"
287,51,14,30,13,2026-07-03,13:06:00,2026-07-03,00:49:00,2026-07-04,01:39:00,6.99,54,311.28,33.54,24.83,3187.4,832.8,4020.2,50,True,Tardía,"Distancia larga, Carga pesada"
288,76,33,9,32,2026-01-02,19:47:00,2026-01-02,07:51:00,2026-01-03,07:51:00,0.41,7,390.28,49.78,24.73,2548.4,1231.06,3779.46,0,False,Entregada,Entrega realizada en tiempo
289,75,31,60,33,2026-07-19,09:44:00,2026-07-19,18:38:00,2026-07-19,19:22:00,10.64,75,256.03,36.37,25.63,3444.15,932.16,4376.31,44,True,Tardía,"Tráfico alto, Hora pico"
290,78,21,33,25,2026-04-18,10:17:00,2026-04-18,19:43:00,2026-04-18,19:43:00,0.44,51,356.64,49.88,26.88,2735.2,1340.77,4075.97,0,False,Entregada,Entrega realizada en tiempo
291,58,9,9,27,2026-06-04,19:19:00,2026-06-04,07:02:00,2026-06-05,07:02:00,0.62,71,286.0,23.39,25.85,2560.0,604.63,3164.63,0,False,Entregada,Entrega realizada en tiempo
292,71,14,13,14,2026-06-09,12:43:00,2026-06-09,21:28:00,2026-06-09,21:28:00,1.79,45,257.76,27.78,23.53,2327.8,653.66,2981.46,0,False,Entregada,Entrega realizada en tiempo
293,91,12,33,35,2026-06-27,13:45:00,2026-06-27,17:19:00,2026-06-27,17:19:00,1.04,15,134.25,19.21,25.25,1395.25,485.05,1880.3,0,False,Entregada,Entrega realizada en tiempo
294,75,37,43,46,2026-04-17,20:18:00,2026-04-17,11:08:00,2026-04-18,11:08:00,0.29,55,440.96,47.01,25.09,3173.8,1179.48,4353.28,0,False,Entregada,Entrega realizada en tiempo
295,4,25,10,4,2026-06-21,06:12:00,2026-06-21,08:46:00,2026-06-21,08:46:00,2.14,35,108.27,23.04,23.64,1535.35,544.67,2080.02,0,False,Entregada,Entrega realizada en tiempo
296,37,17,10,4,2026-06-26,12:13:00,2026-06-26,14:47:00,2026-06-26,15:11:00,0.41,70,97.18,17.26,23.41,1586.9,404.06,1990.96,24,True,Tardía,Incidencia operativa
297,87,36,56,15,2026-07-10,20:24:00,2026-07-10,22:47:00,2026-07-10,22:47:00,0.6,31,65.7,7.75,26.19,1136.5,202.97,1339.47,0,False,Entregada,Entrega realizada en tiempo
298,90,19,45,43,2026-01-13,15:24:00,2026-01-13,06:51:00,2026-01-14,06:51:00,6.56,54,471.58,46.46,26.9,3945.9,1249.77,5195.67,0,False,Entregada,Entrega realizada en tiempo
299,41,36,4,1,2026-07-10,11:12:00,2026-07-10,17:31:00,2026-07-10,17:31:00,0.86,80,193.05,22.77,26.44,2191.25,602.04,2793.29,0,False,Entregada,Entrega realizada en tiempo
300,57,15,59,41,2026-06-30,14:48:00,2026-06-30,22:04:00,2026-06-30,22:04:00,0.39,76,187.19,38.52,25.41,2082.95,978.79,3061.74,0,False,Entregada,Entrega realizada en tiempo
301,100,13,19,29,2026-02-15,07:11:00,2026-02-15,12:25:00,2026-02-15,12:25:00,19.78,23,169.68,13.84,23.48,3510.4,324.96,3835.36,0,False,Entregada,Entrega realizada en tiempo
302,6,28,18,36,2026-03-09,08:10:00,2026-03-09,12:04:00,2026-03-09,12:04:00,0.96,75,95.35,13.98,23.02,1672.75,321.82,1994.57,0,False,Entregada,Entrega realizada en tiempo
303,60,10,3,10,2026-03-24,06:49:00,2026-03-24,09:14:00,2026-03-24,09:14:00,0.69,79,78.04,7.83,24.2,1591.2,189.49,1780.69,0,False,Entregada,Entrega realizada en tiempo
304,74,36,23,5,2026-07-20,13:33:00,2026-07-20,23:29:00,2026-07-20,23:29:00,1.16,29,283.48,33.43,25.08,2265.4,838.42,3103.82,0,False,Entregada,Entrega realizada en tiempo
305,65,11,27,35,2026-05-18,15:05:00,2026-05-18,18:39:00,2026-05-18,19:10:00,3.83,45,156.7,32.78,24.33,2026.5,797.54,2824.04,31,True,Tardía,Carga pesada
306,47,19,14,49,2026-06-08,19:30:00,2026-06-08,10:01:00,2026-06-09,10:01:00,2.74,72,369.04,36.36,26.92,3195.2,978.81,4174.01,0,False,Entregada,Entrega realizada en tiempo
307,2,8,43,23,2026-04-25,10:57:00,2026-04-25,20:18:00,2026-04-25,20:18:00,2.42,79,273.38,29.21,23.98,2740.9,700.46,3441.36,0,False,Entregada,Entrega realizada en tiempo
308,6,21,25,8,2026-04-09,11:34:00,2026-04-09,15:02:00,2026-04-09,15:28:00,0.61,37,102.09,14.28,26.29,1367.45,375.42,1742.87,26,True,Tardía,Incidencia operativa
309,48,33,52,33,2026-04-25,18:02:00,2026-04-25,02:56:00,2026-04-26,02:56:00,0.51,38,284.26,36.26,23.77,2276.3,861.9,3138.2,0,False,Entregada,Entrega realizada en tiempo
310,66,6,7,11,2026-07-17,20:34:00,2026-07-17,23:20:00,2026-07-17,23:20:00,0.75,1,69.4,10.15,23.84,930.0,241.98,1171.98,0,False,Entregada,Entrega realizada en tiempo
311,81,14,56,44,2026-04-19,08:13:00,2026-04-19,10:23:00,2026-04-19,10:23:00,7.0,69,68.14,7.34,26.51,2092.7,194.58,2287.28,0,False,Entregada,Entrega realizada en tiempo
312,95,28,42,5,2026-07-11,08:01:00,2026-07-11,17:57:00,2026-07-11,17:57:00,1.45,59,307.98,45.16,23.15,2656.9,1045.45,3702.35,0,False,Entregada,Entrega realizada en tiempo
313,10,4,12,17,2026-05-23,07:36:00,2026-05-23,13:54:00,2026-05-23,13:54:00,1.33,30,192.1,32.29,24.63,1833.5,795.3,2628.8,0,False,Entregada,Entrega realizada en tiempo
314,58,26,28,21,2026-01-05,15:43:00,2026-01-05,22:46:00,2026-01-05,22:46:00,11.8,16,290.6,41.46,25.57,3261.0,1060.13,4321.13,0,False,Entregada,Entrega realizada en tiempo
315,80,5,49,48,2026-05-30,06:44:00,2026-05-30,11:57:00,2026-05-30,11:57:00,0.61,10,175.23,22.01,25.01,1517.15,550.47,2067.62,0,False,Entregada,Entrega realizada en tiempo
316,38,20,39,6,2026-03-14,17:24:00,2026-03-14,18:18:00,2026-03-14,18:18:00,6.99,51,29.21,3.96,23.12,1753.05,91.56,1844.61,0,False,Entregada,Entrega realizada en tiempo
317,21,35,15,9,2026-07-11,15:50:00,2026-07-11,23:23:00,2026-07-11,23:23:00,0.5,70,182.18,24.59,25.54,2020.9,628.03,2648.93,0,False,Entregada,Entrega realizada en tiempo
318,39,24,1,36,2026-08-12,20:09:00,2026-08-12,00:03:00,2026-08-13,01:00:00,5.62,16,110.28,10.34,24.58,1741.4,254.16,1995.56,57,True,Tardía,Tráfico alto
319,71,6,20,14,2026-07-11,14:13:00,2026-07-11,22:58:00,2026-07-11,22:58:00,0.86,53,254.69,37.24,26.41,2283.45,983.51,3266.96,0,False,Entregada,Entrega realizada en tiempo
320,19,11,12,15,2026-06-07,11:12:00,2026-06-07,13:35:00,2026-06-07,13:35:00,1.31,15,57.25,11.98,26.2,1037.25,313.88,1351.13,0,False,Entregada,Entrega realizada en tiempo
321,7,36,30,42,2026-05-21,07:18:00,2026-05-21,10:29:00,2026-05-21,11:43:00,1.71,9,90.42,10.66,24.43,1195.1,260.42,1455.52,74,True,Tardía,"Tráfico alto, Hora pico, Carga pesada"
322,86,16,7,19,2026-06-08,07:57:00,2026-06-08,20:38:00,2026-06-08,21:31:00,11.49,25,357.06,32.08,25.77,3634.3,826.7,4461.0,53,True,Tardía,"Hora pico, Distancia larga"
323,20,37,37,24,2026-07-26,13:27:00,2026-07-26,22:04:00,2026-07-26,22:56:00,0.69,22,324.45,34.59,24.11,2367.25,833.96,3201.21,52,True,Tardía,"Tráfico alto, Distancia larga"
324,47,9,44,47,2026-03-26,18:29:00,2026-03-26,06:13:00,2026-03-27,07:34:00,0.73,58,316.93,25.91,25.58,2621.65,662.78,3284.43,81,True,Tardía,"Tráfico alto, Hora pico, Distancia larga, Carga pesada"
325,11,18,55,9,2026-05-18,09:16:00,2026-05-18,16:49:00,2026-05-18,16:49:00,0.21,10,182.09,17.05,26.57,1511.45,453.02,1964.47,0,False,Entregada,Entrega realizada en tiempo
326,65,2,53,38,2026-05-29,15:49:00,2026-05-29,20:20:00,2026-05-29,20:20:00,14.85,76,201.53,40.63,23.15,3600.65,940.58,4541.23,0,False,Entregada,Entrega realizada en tiempo
327,34,35,58,35,2026-05-01,08:23:00,2026-05-01,11:57:00,2026-05-01,12:39:00,0.89,51,150.6,20.32,23.54,1750.0,478.33,2228.33,42,True,Tardía,Hora pico
328,65,33,6,26,2026-04-04,19:00:00,2026-04-04,00:59:00,2026-04-05,00:59:00,0.71,31,157.53,20.09,26.23,1606.65,526.96,2133.61,0,False,Entregada,Entrega realizada en tiempo
329,79,11,49,33,2026-02-05,17:10:00,2026-02-05,02:04:00,2026-02-06,02:04:00,3.92,23,277.12,57.97,25.26,2461.6,1464.32,3925.92,0,False,Entregada,Entrega realizada en tiempo
330,19,31,23,3,2026-02-26,18:14:00,2026-02-26,20:31:00,2026-02-26,20:54:00,9.99,9,61.98,8.8,25.67,1880.9,225.9,2106.8,23,True,Tardía,Hora pico
331,67,24,25,31,2026-04-27,06:02:00,2026-04-27,13:34:00,2026-04-27,14:00:00,0.5,42,185.87,17.42,25.53,1815.35,444.73,2260.08,26,True,Tardía,Incidencia operativa
332,36,17,38,35,2026-05-26,09:24:00,2026-05-26,12:58:00,2026-05-26,12:58:00,0.85,49,136.02,24.16,25.61,1657.1,618.74,2275.84,0,False,Entregada,Entrega realizada en tiempo
333,10,34,17,25,2026-02-27,19:25:00,2026-02-27,04:51:00,2026-02-28,04:51:00,5.14,46,325.94,27.07,24.38,3011.7,659.97,3671.67,0,False,Entregada,Entrega realizada en tiempo
334,62,39,1,33,2026-08-14,08:28:00,2026-08-14,17:22:00,2026-08-14,18:31:00,3.45,22,270.14,21.8,23.85,2371.7,519.93,2891.63,69,True,Tardía,"Tráfico alto, Hora pico"
335,24,11,24,39,2026-07-03,08:42:00,2026-07-03,17:05:00,2026-07-03,17:05:00,1.65,30,223.27,46.71,24.32,2021.35,1135.99,3157.34,0,False,Entregada,Entrega realizada en tiempo
336,15,31,44,31,2026-05-03,09:37:00,2026-05-03,17:09:00,2026-05-03,17:09:00,7.79,21,200.99,28.55,24.64,2451.95,703.47,3155.42,0,False,Entregada,Entrega realizada en tiempo
337,32,3,9,37,2026-06-01,09:08:00,2026-06-01,02:26:00,2026-06-02,03:09:00,5.63,66,465.78,99.95,23.67,3919.9,2365.82,6285.72,43,True,Tardía,"Hora pico, Distancia larga"
338,24,34,26,39,2026-05-25,05:56:00,2026-05-25,14:19:00,2026-05-25,14:19:00,7.88,37,223.82,18.59,23.87,2703.1,443.74,3146.84,0,False,Entregada,Entrega realizada en tiempo
339,78,31,56,31,2026-02-13,10:53:00,2026-02-13,18:25:00,2026-02-13,18:25:00,5.69,53,180.76,25.68,26.18,2396.8,672.3,3069.1,0,False,Entregada,Entrega realizada en tiempo
340,99,12,40,43,2026-05-11,11:10:00,2026-05-11,02:37:00,2026-05-12,02:37:00,0.53,44,451.71,64.62,25.39,3163.55,1640.7,4804.25,0,False,Entregada,Entrega realizada en tiempo
341,9,15,25,25,2026-02-03,08:01:00,2026-02-03,17:27:00,2026-02-03,17:27:00,0.25,26,342.31,70.43,26.64,2444.55,1876.26,4320.81,0,False,Entregada,Entrega realizada en tiempo
342,88,27,53,10,2026-06-05,08:11:00,2026-06-05,10:36:00,2026-06-05,10:36:00,8.22,61,80.46,10.34,25.4,2212.3,262.64,2474.94,0,False,Entregada,Entrega realizada en tiempo
343,69,33,49,8,2026-01-24,18:42:00,2026-01-24,22:10:00,2026-01-24,22:10:00,0.79,17,92.26,11.77,25.16,1176.3,296.13,1472.43,0,False,Entregada,Entrega realizada en tiempo
344,1,28,34,27,2026-04-05,06:44:00,2026-04-05,18:27:00,2026-04-05,18:27:00,0.87,68,327.97,48.09,26.75,2770.85,1286.41,4057.26,0,False,Entregada,Entrega realizada en tiempo
345,62,25,23,38,2026-07-25,08:27:00,2026-07-25,12:58:00,2026-07-25,12:58:00,5.59,18,194.88,41.46,26.06,2177.4,1080.45,3257.85,0,False,Entregada,Entrega realizada en tiempo
346,11,19,39,35,2026-04-15,11:12:00,2026-04-15,14:46:00,2026-04-15,14:46:00,3.43,1,140.63,13.86,26.16,1554.15,362.58,1916.73,0,False,Entregada,Entrega realizada en tiempo
347,74,34,8,34,2026-01-02,15:41:00,2026-01-02,19:32:00,2026-01-02,19:32:00,6.92,27,115.37,9.58,24.26,1984.85,232.41,2217.26,0,False,Entregada,Entrega realizada en tiempo
348,47,7,10,28,2026-06-16,11:16:00,2026-06-16,18:17:00,2026-06-16,18:17:00,1.32,69,265.54,43.53,24.46,2511.7,1064.74,3576.44,0,False,Entregada,Entrega realizada en tiempo
349,36,26,49,14,2026-04-16,20:50:00,2026-04-16,05:35:00,2026-04-17,05:35:00,8.76,72,264.48,37.73,24.48,3274.4,923.63,4198.03,0,False,Entregada,Entrega realizada en tiempo
350,72,31,17,20,2026-05-28,14:49:00,2026-05-28,16:22:00,2026-05-28,16:22:00,2.54,51,63.68,9.05,26.42,1480.4,239.1,1719.5,0,False,Entregada,Entrega realizada en tiempo
351,85,8,48,15,2026-04-25,09:06:00,2026-04-25,11:29:00,2026-04-25,11:29:00,1.0,28,68.44,7.31,26.14,1166.2,191.08,1357.28,0,False,Entregada,Entrega realizada en tiempo
352,71,40,45,44,2026-06-30,06:10:00,2026-06-30,08:20:00,2026-06-30,08:20:00,0.79,50,60.99,9.53,23.02,1283.95,219.38,1503.33,0,False,Entregada,Entrega realizada en tiempo
353,12,10,31,39,2026-04-22,07:04:00,2026-04-22,15:27:00,2026-04-22,16:03:00,10.17,34,229.55,23.02,23.15,2936.75,532.91,3469.66,36,True,Tardía,Hora pico
354,50,26,40,42,2026-05-14,12:45:00,2026-05-14,15:56:00,2026-05-14,16:41:00,10.81,77,103.22,14.72,24.98,2713.1,367.71,3080.81,45,True,Tardía,Tráfico alto
355,2,13,55,43,2026-07-25,19:18:00,2026-07-25,10:45:00,2026-07-26,12:13:00,14.59,25,459.93,37.51,25.46,4458.65,955.0,5413.65,88,True,Tardía,"Tráfico alto, Hora pico, Distancia larga"
356,87,3,24,16,2026-06-17,05:10:00,2026-06-17,19:38:00,2026-06-17,19:38:00,9.88,12,407.15,87.37,26.12,3619.75,2282.1,5901.85,0,False,Entregada,Entrega realizada en tiempo
357,46,26,26,38,2026-02-21,19:00:00,2026-02-21,23:31:00,2026-02-21,23:31:00,7.29,9,178.14,25.41,25.2,2191.7,640.33,2832.03,0,False,Entregada,Entrega realizada en tiempo
358,93,36,59,38,2026-03-31,14:52:00,2026-03-31,19:23:00,2026-03-31,19:23:00,1.83,36,204.04,24.06,26.85,1991.2,646.01,2637.21,0,False,Entregada,Entrega realizada en tiempo
359,59,26,37,1,2026-03-08,09:26:00,2026-03-08,15:45:00,2026-03-08,16:18:00,0.77,65,194.38,27.73,24.18,2068.9,670.51,2739.41,33,True,Tardía,Hora pico
360,15,33,17,35,2026-07-28,11:44:00,2026-07-28,15:18:00,2026-07-28,15:18:00,0.9,57,138.78,17.7,25.25,1739.9,446.92,2186.82,0,False,Entregada,Entrega realizada en tiempo
361,99,16,49,22,2026-07-18,17:43:00,2026-07-18,01:22:00,2026-07-19,01:22:00,11.33,59,345.95,31.08,26.45,3834.75,822.07,4656.82,0,False,Entregada,Entrega realizada en tiempo
362,62,8,17,5,2026-04-08,10:43:00,2026-04-08,20:39:00,2026-04-08,20:39:00,0.4,30,298.61,31.9,24.65,2273.05,786.33,3059.38,0,False,Entregada,Entrega realizada en tiempo
363,46,34,35,1,2026-06-29,11:15:00,2026-06-29,17:34:00,2026-06-29,17:54:00,2.64,37,202.18,16.79,23.3,2070.9,391.21,2462.11,20,True,Tardía,Incidencia operativa
364,23,31,21,23,2026-02-25,11:11:00,2026-02-25,20:32:00,2026-02-25,20:32:00,25.01,25,291.5,41.41,23.8,4658.5,985.56,5644.06,0,False,Entregada,Entrega realizada en tiempo
365,95,16,56,17,2026-02-22,10:12:00,2026-02-22,16:30:00,2026-02-22,16:30:00,9.49,32,190.99,17.16,24.42,2659.95,419.05,3079.0,0,False,Entregada,Entrega realizada en tiempo
366,100,7,8,6,2026-06-23,18:39:00,2026-06-23,19:33:00,2026-06-23,19:33:00,1.56,1,27.5,4.51,25.17,801.5,113.52,915.02,0,False,Entregada,Entrega realizada en tiempo
367,6,31,24,40,2026-03-22,18:57:00,2026-03-22,11:59:00,2026-03-23,11:59:00,21.38,74,415.86,59.07,24.96,5309.3,1474.39,6783.69,0,False,Entregada,Entrega realizada en tiempo
368,98,33,18,26,2026-02-26,08:03:00,2026-02-26,14:02:00,2026-02-26,14:02:00,0.65,68,159.28,20.32,24.91,1905.4,506.17,2411.57,0,False,Entregada,Entrega realizada en tiempo
369,70,3,33,23,2026-04-11,09:29:00,2026-04-11,18:50:00,2026-04-11,18:50:00,1.57,16,247.1,53.03,24.84,2020.5,1317.27,3337.77,0,False,Entregada,Entrega realizada en tiempo
370,89,1,1,44,2026-02-23,15:37:00,2026-02-23,17:47:00,2026-02-23,17:47:00,1.22,13,62.9,6.07,25.45,1040.5,154.48,1194.98,0,False,Entregada,Entrega realizada en tiempo
371,34,12,36,17,2026-03-02,11:30:00,2026-03-02,17:48:00,2026-03-02,17:48:00,1.1,79,163.88,23.44,23.74,2061.4,556.47,2617.87,0,False,Entregada,Entrega realizada en tiempo
372,55,14,27,45,2026-07-12,14:23:00,2026-07-12,17:04:00,2026-07-12,17:04:00,2.46,52,84.89,9.15,23.72,1586.45,217.04,1803.49,0,False,Entregada,Entrega realizada en tiempo
373,17,37,44,15,2026-07-28,08:46:00,2026-07-28,11:09:00,2026-07-28,11:09:00,0.9,35,60.86,6.49,25.22,1174.3,163.68,1337.98,0,False,Entregada,Entrega realizada en tiempo
374,49,13,10,48,2026-02-08,18:51:00,2026-02-08,00:04:00,2026-02-09,01:08:00,13.87,2,196.79,16.05,25.07,2886.95,402.37,3289.32,64,True,Tardía,"Tráfico alto, Hora pico"
375,93,21,51,32,2026-03-18,11:35:00,2026-03-18,23:39:00,2026-03-19,00:02:00,1.15,73,360.54,50.43,23.24,3001.7,1171.99,4173.69,23,True,Tardía,Distancia larga
376,33,31,54,41,2026-01-25,17:47:00,2026-01-25,01:03:00,2026-01-26,01:46:00,0.82,43,208.61,29.63,25.23,1969.05,747.56,2716.61,43,True,Tardía,Hora pico
377,33,23,2,27,2026-02-01,14:55:00,2026-02-01,02:38:00,2026-02-02,03:16:00,0.23,78,336.74,61.67,26.92,2830.7,1660.16,4490.86,38,True,Tardía,Distancia larga
378,37,23,21,44,2026-05-11,18:49:00,2026-05-11,20:59:00,2026-05-11,20:59:00,1.03,58,70.31,12.88,24.52,1418.55,315.82,1734.37,0,False,Entregada,Entrega realizada en tiempo
379,37,30,41,10,2026-08-11,09:40:00,2026-08-11,12:05:00,2026-08-11,12:05:00,10.38,44,90.97,7.82,25.45,2344.85,199.02,2543.87,0,False,Entregada,Entrega realizada en tiempo
380,52,5,6,11,2026-03-29,10:20:00,2026-03-29,13:06:00,2026-03-29,13:06:00,6.65,41,75.91,9.54,25.84,1872.55,246.51,2119.06,0,False,Entregada,Entrega realizada en tiempo
381,78,26,18,29,2026-07-19,14:47:00,2026-07-19,20:01:00,2026-07-19,20:01:00,6.03,76,186.31,26.58,24.8,2642.55,659.18,3301.73,0,False,Entregada,Entrega realizada en tiempo
382,22,12,55,2,2026-02-02,10:42:00,2026-02-02,20:37:00,2026-02-02,20:37:00,0.98,33,328.9,47.05,25.8,2506.5,1213.89,3720.39,0,False,Entregada,Entrega realizada en tiempo
383,11,14,11,26,2026-01-27,08:04:00,2026-01-27,14:03:00,2026-01-27,14:03:00,7.26,61,176.5,19.02,23.11,2596.5,439.55,3036.05,0,False,Entregada,Entrega realizada en tiempo
384,51,34,49,6,2026-01-27,11:39:00,2026-01-27,12:33:00,2026-01-27,12:55:00,3.62,20,28.06,2.33,24.24,1162.3,56.48,1218.78,22,True,Tardía,Incidencia operativa
385,32,19,29,41,2026-02-02,08:33:00,2026-02-02,15:49:00,2026-02-02,16:25:00,5.69,22,185.17,18.24,26.46,2170.85,482.63,2653.48,36,True,Tardía,Hora pico
386,60,35,60,18,2026-05-21,17:08:00,2026-05-21,09:16:00,2026-05-22,10:22:00,0.33,70,414.25,55.9,25.09,3164.25,1402.53,4566.78,66,True,Tardía,"Hora pico, Distancia larga"
387,82,35,20,23,2026-05-04,20:14:00,2026-05-04,05:35:00,2026-05-05,05:35:00,0.53,12,258.33,34.86,24.46,1940.65,852.68,2793.33,0,False,Entregada,Entrega realizada en tiempo
388,34,10,20,1,2026-01-01,19:52:00,2026-01-01,02:11:00,2026-01-02,02:11:00,4.5,18,170.74,17.13,24.88,1947.7,426.19,2373.89,0,False,Entregada,Entrega realizada en tiempo
389,2,32,49,31,2026-03-18,05:49:00,2026-03-18,13:21:00,2026-03-18,13:21:00,0.28,56,216.92,19.65,25.39,2060.6,498.91,2559.51,0,False,Entregada,Entrega realizada en tiempo
390,1,36,24,13,2026-04-16,20:27:00,2026-04-16,08:10:00,2026-04-17,08:57:00,0.91,51,311.95,36.79,26.31,2558.75,967.94,3526.69,47,True,Tardía,Distancia larga
391,29,17,6,28,2026-06-10,10:33:00,2026-06-10,17:34:00,2026-06-10,17:34:00,0.8,79,262.69,46.66,25.74,2525.45,1201.03,3726.48,0,False,Entregada,Entrega realizada en tiempo
392,37,35,52,18,2026-04-16,09:54:00,2026-04-16,02:02:00,2026-04-17,03:02:00,1.29,9,449.29,60.63,24.81,2947.45,1504.23,4451.68,60,True,Tardía,"Hora pico, Distancia larga, Carga pesada"
393,90,40,32,13,2026-03-24,05:09:00,2026-03-24,16:52:00,2026-03-24,16:52:00,0.32,7,313.97,49.06,23.09,2157.85,1132.8,3290.65,0,False,Entregada,Entrega realizada en tiempo
394,14,19,18,9,2026-07-03,17:46:00,2026-07-03,01:19:00,2026-07-04,01:50:00,6.74,2,212.19,20.91,23.87,2250.95,499.12,2750.07,31,True,Tardía,"Hora pico, Carga pesada"
395,54,20,51,32,2026-04-06,17:44:00,2026-04-06,05:48:00,2026-04-07,05:48:00,6.06,5,388.06,52.65,26.37,3086.3,1388.38,4474.68,0,False,Entregada,Entrega realizada en tiempo
396,19,4,18,50,2026-04-11,07:34:00,2026-04-11,15:34:00,2026-04-11,16:09:00,0.59,61,275.44,46.29,26.31,2424.2,1217.89,3642.09,35,True,Tardía,Hora pico
397,16,16,25,50,2026-04-24,10:47:00,2026-04-24,18:47:00,2026-04-24,18:47:00,4.74,5,273.11,24.54,25.94,2379.55,636.57,3016.12,0,False,Entregada,Entrega realizada en tiempo
398,13,34,43,14,2026-05-02,15:43:00,2026-05-02,00:28:00,2026-05-03,00:28:00,5.53,40,277.25,23.03,23.63,2759.25,544.2,3303.45,0,False,Entregada,Entrega realizada en tiempo
399,94,3,48,36,2026-05-14,08:16:00,2026-05-14,12:10:00,2026-05-14,12:10:00,6.04,62,95.79,20.56,23.79,2078.95,489.12,2568.07,0,False,Entregada,Entrega realizada en tiempo
400,7,14,8,16,2026-06-12,16:20:00,2026-06-12,06:48:00,2026-06-13,07:14:00,1.47,2,404.78,43.62,24.58,2686.9,1072.18,3759.08,26,True,Tardía,Distancia larga
401,32,1,3,38,2026-07-20,18:44:00,2026-07-20,23:15:00,2026-07-20,23:39:00,0.47,77,198.15,19.13,23.63,2153.75,452.04,2605.79,24,True,Tardía,Hora pico
402,12,40,22,49,2026-06-10,06:03:00,2026-06-10,20:34:00,2026-06-10,20:34:00,0.67,46,354.19,55.34,25.81,2705.95,1428.33,4134.28,0,False,Entregada,Entrega realizada en tiempo
403,14,9,32,15,2026-03-23,20:50:00,2026-03-23,23:13:00,2026-03-23,23:13:00,0.82,45,67.64,5.53,24.75,1280.2,136.87,1417.07,0,False,Entregada,Entrega realizada en tiempo
404,25,2,45,25,2026-04-02,08:16:00,2026-04-02,17:42:00,2026-04-02,17:42:00,15.3,6,374.84,75.57,24.75,3952.2,1870.36,5822.56,0,False,Entregada,Entrega realizada en tiempo
405,38,35,45,32,2026-02-18,09:34:00,2026-02-18,21:38:00,2026-02-18,21:38:00,0.4,45,372.35,50.25,24.87,2761.75,1249.72,4011.47,0,False,Entregada,Entrega realizada en tiempo
406,77,36,11,5,2026-05-16,08:28:00,2026-05-16,18:24:00,2026-05-16,18:24:00,1.45,38,298.53,35.2,25.17,2441.65,885.98,3327.63,0,False,Entregada,Entrega realizada en tiempo
407,59,1,50,41,2026-05-10,15:46:00,2026-05-10,23:02:00,2026-05-10,23:02:00,0.43,24,206.59,19.94,25.48,1767.95,508.07,2276.02,0,False,Entregada,Entrega realizada en tiempo
408,47,40,16,21,2026-07-04,07:42:00,2026-07-04,14:45:00,2026-07-04,14:45:00,0.5,69,279.29,43.64,23.76,2498.45,1036.89,3535.34,0,False,Entregada,Entrega realizada en tiempo
409,88,32,50,36,2026-02-09,12:20:00,2026-02-09,16:14:00,2026-02-09,16:14:00,2.6,53,102.76,9.31,23.44,1697.8,218.23,1916.03,0,False,Entregada,Entrega realizada en tiempo
410,67,5,3,9,2026-02-15,06:12:00,2026-02-15,13:45:00,2026-02-15,13:45:00,10.86,14,180.39,22.66,23.4,2599.95,530.24,3130.19,0,False,Entregada,Entrega realizada en tiempo
411,74,25,43,32,2026-05-15,11:03:00,2026-05-15,23:07:00,2026-05-15,23:32:00,9.74,47,362.9,77.21,25.62,3664.5,1978.12,5642.62,25,True,Tardía,"Distancia larga, Carga pesada"
412,11,30,52,41,2026-01-16,14:35:00,2026-01-16,21:51:00,2026-01-16,21:51:00,1.85,54,209.3,17.98,26.18,2163.5,470.72,2634.22,0,False,Entregada,Entrega realizada en tiempo
413,8,40,18,34,2026-01-11,07:53:00,2026-01-11,11:44:00,2026-01-11,12:27:00,1.47,39,116.68,18.23,23.4,1542.4,426.58,1968.98,43,True,Tardía,"Hora pico, Carga pesada"
414,30,35,25,13,2026-02-19,19:42:00,2026-02-19,07:25:00,2026-02-20,07:25:00,1.13,32,328.41,44.32,26.79,2511.05,1187.33,3698.38,0,False,Entregada,Entrega realizada en tiempo
415,72,36,27,48,2026-01-28,14:43:00,2026-01-28,19:56:00,2026-01-28,19:56:00,1.11,59,168.89,19.92,24.71,1927.45,492.22,2419.67,0,False,Entregada,Entrega realizada en tiempo
416,14,11,51,12,2026-05-21,15:32:00,2026-05-21,03:10:00,2026-05-22,03:10:00,1.86,44,407.01,85.15,25.14,3073.05,2140.67,5213.72,0,False,Entregada,Entrega realizada en tiempo
417,77,29,60,23,2026-03-22,20:20:00,2026-03-22,05:41:00,2026-03-23,05:41:00,7.29,48,280.2,29.28,25.53,3014.0,747.52,3761.52,0,False,Entregada,Entrega realizada en tiempo
418,93,21,39,16,2026-05-25,20:13:00,2026-05-25,10:41:00,2026-05-26,10:41:00,0.97,49,393.42,55.02,26.7,2956.1,1469.03,4425.13,0,False,Entregada,Entrega realizada en tiempo
419,33,24,29,29,2026-04-12,05:46:00,2026-04-12,11:00:00,2026-04-12,11:00:00,1.63,5,193.55,18.14,25.38,1670.75,460.39,2131.14,0,False,Entregada,Entrega realizada en tiempo
420,67,9,57,20,2026-01-02,12:14:00,2026-01-02,13:47:00,2026-01-02,13:47:00,0.25,28,62.94,5.15,23.09,1063.7,118.91,1182.61,0,False,Entregada,Entrega realizada en tiempo
421,89,18,59,36,2026-05-11,20:36:00,2026-05-11,00:30:00,2026-05-12,01:05:00,0.64,74,100.59,9.42,24.42,1658.95,230.04,1888.99,35,True,Tardía,Tráfico alto
422,18,17,24,38,2026-03-05,10:16:00,2026-03-05,14:47:00,2026-03-05,15:09:00,0.72,39,199.76,35.48,25.28,1882.8,896.93,2779.73,22,True,Tardía,Incidencia operativa
423,28,5,47,21,2026-07-22,18:11:00,2026-07-22,01:14:00,2026-07-23,01:14:00,6.59,63,304.79,38.29,25.76,3186.95,986.35,4173.3,0,False,Entregada,Entrega realizada en tiempo
424,74,7,39,42,2026-03-18,06:46:00,2026-03-18,09:57:00,2026-03-18,09:57:00,1.11,74,93.2,15.28,26.12,1669.0,399.11,2068.11,0,False,Entregada,Entrega realizada en tiempo
425,99,22,23,28,2026-04-17,08:55:00,2026-04-17,15:56:00,2026-04-17,15:56:00,1.38,30,293.31,28.37,26.4,2344.55,748.97,3093.52,0,False,Entregada,Entrega realizada en tiempo
426,2,25,4,20,2026-05-15,06:20:00,2026-05-15,07:53:00,2026-05-15,07:53:00,7.36,70,62.93,13.39,24.31,2110.65,325.51,2436.16,0,False,Entregada,Entrega realizada en tiempo
427,90,15,10,4,2026-06-22,15:28:00,2026-06-22,18:02:00,2026-06-22,18:02:00,1.0,77,109.39,22.51,23.36,1762.95,525.83,2288.78,0,False,Entregada,Entrega realizada en tiempo
428,56,19,51,26,2026-02-07,08:21:00,2026-02-07,14:20:00,2026-02-07,14:20:00,6.43,11,174.23,17.17,25.98,2102.15,446.08,2548.23,0,False,Entregada,Entrega realizada en tiempo
429,71,26,17,6,2026-04-13,19:27:00,2026-04-13,20:21:00,2026-04-13,20:21:00,10.06,17,29.13,4.16,24.92,1787.65,103.67,1891.32,0,False,Entregada,Entrega realizada en tiempo
430,26,32,26,42,2026-05-27,09:35:00,2026-05-27,12:46:00,2026-05-27,12:46:00,3.56,79,91.18,8.26,25.1,1943.9,207.33,2151.23,0,False,Entregada,Entrega realizada en tiempo
431,32,5,18,50,2026-04-21,13:43:00,2026-04-21,21:43:00,2026-04-21,22:17:00,16.39,74,269.71,33.88,24.46,4079.55,828.7,4908.25,34,True,Tardía,Carga pesada
432,25,21,23,39,2026-06-17,05:49:00,2026-06-17,14:12:00,2026-06-17,14:33:00,0.25,40,227.63,31.84,25.46,1983.15,810.65,2793.8,21,True,Tardía,Incidencia operativa
433,57,40,10,29,2026-01-12,10:12:00,2026-01-12,15:26:00,2026-01-12,15:26:00,0.37,48,181.15,28.3,25.91,1826.75,733.25,2560.0,0,False,Entregada,Entrega realizada en tiempo
434,11,8,48,4,2026-03-04,08:55:00,2026-03-04,11:29:00,2026-03-04,11:56:00,4.55,37,98.41,10.51,24.8,1743.05,260.65,2003.7,27,True,Tardía,Hora pico
435,3,22,14,48,2026-05-18,09:13:00,2026-05-18,14:26:00,2026-05-18,14:26:00,1.3,70,194.91,18.85,24.03,2164.55,452.97,2617.52,0,False,Entregada,Entrega realizada en tiempo
436,62,40,47,10,2026-06-27,05:24:00,2026-06-27,07:49:00,2026-06-27,07:49:00,0.87,75,75.27,11.76,25.11,1563.35,295.29,1858.64,0,False,Entregada,Entrega realizada en tiempo
437,33,11,4,19,2026-02-21,11:03:00,2026-02-21,23:44:00,2026-02-21,23:44:00,1.37,60,381.43,79.8,23.03,3024.15,1837.79,4861.94,0,False,Entregada,Entrega realizada en tiempo
438,50,18,43,43,2026-04-03,08:01:00,2026-04-03,23:28:00,2026-04-03,23:28:00,1.08,38,454.82,42.59,25.6,3186.1,1090.3,4276.4,0,False,Entregada,Entrega realizada en tiempo
439,30,25,33,46,2026-01-26,13:31:00,2026-01-26,04:21:00,2026-01-27,04:21:00,3.03,77,427.78,91.02,23.75,3557.9,2161.72,5719.62,0,False,Entregada,Entrega realizada en tiempo
440,65,30,36,46,2026-01-06,06:15:00,2026-01-06,21:05:00,2026-01-06,21:05:00,7.08,68,439.37,37.75,24.96,3948.85,942.24,4891.09,0,False,Entregada,Entrega realizada en tiempo
441,96,11,2,23,2026-06-25,14:22:00,2026-06-25,23:43:00,2026-06-25,23:43:00,0.63,39,282.12,59.02,26.91,2285.6,1588.23,3873.83,0,False,Entregada,Entrega realizada en tiempo
442,65,18,52,4,2026-06-10,11:56:00,2026-06-10,14:30:00,2026-06-10,14:30:00,0.68,50,114.49,10.72,26.26,1540.45,281.51,1821.96,0,False,Entregada,Entrega realizada en tiempo
443,4,36,18,15,2026-02-08,13:57:00,2026-02-08,16:20:00,2026-02-08,16:20:00,0.76,51,64.62,7.62,23.35,1307.1,177.93,1485.03,0,False,Entregada,Entrega realizada en tiempo
444,49,34,44,40,2026-08-12,10:26:00,2026-08-12,03:28:00,2026-08-13,03:28:00,7.84,31,421.55,35.01,24.71,3639.75,865.1,4504.85,0,False,Entregada,Entrega realizada en tiempo
445,40,39,22,29,2026-05-19,08:13:00,2026-05-19,13:27:00,2026-05-19,13:27:00,8.03,18,193.72,15.64,25.74,2415.6,402.57,2818.17,0,False,Entregada,Entrega realizada en tiempo
446,26,9,20,45,2026-06-30,19:58:00,2026-06-30,22:39:00,2026-06-30,22:39:00,0.24,18,81.06,6.63,26.64,1073.3,176.62,1249.92,0,False,Entregada,Entrega realizada en tiempo
447,99,10,42,37,2026-02-10,13:04:00,2026-02-10,06:22:00,2026-02-11,06:22:00,13.22,72,414.48,41.57,25.88,4470.4,1075.83,5546.23,0,False,Entregada,Entrega realizada en tiempo
448,24,21,54,10,2026-07-06,05:48:00,2026-07-06,08:13:00,2026-07-06,08:13:00,1.1,41,80.65,11.28,24.66,1341.25,278.16,1619.41,0,False,Entregada,Entrega realizada en tiempo
449,53,20,29,48,2026-07-30,11:09:00,2026-07-30,16:22:00,2026-07-30,16:47:00,7.98,25,167.45,22.72,26.05,2335.25,591.86,2927.11,25,True,Tardía,Tráfico alto
450,79,40,18,39,2026-05-26,10:38:00,2026-05-26,19:01:00,2026-05-26,19:21:00,1.36,30,233.66,36.51,23.32,2044.3,851.41,2895.71,20,True,Tardía,Carga pesada
451,100,31,9,33,2026-08-05,18:45:00,2026-08-05,03:39:00,2026-08-06,04:53:00,24.96,48,294.86,41.88,23.66,4854.3,990.88,5845.18,74,True,Tardía,"Tráfico alto, Hora pico, Carga pesada"
452,29,3,27,49,2026-01-04,11:26:00,2026-01-04,01:57:00,2026-01-05,01:57:00,1.68,29,405.79,87.08,26.95,2928.95,2346.81,5275.76,0,False,Entregada,Entrega realizada en tiempo
453,97,14,5,12,2026-04-23,18:44:00,2026-04-23,06:22:00,2026-04-24,06:22:00,0.38,42,379.15,40.86,26.55,2769.75,1084.83,3854.58,0,False,Entregada,Entrega realizada en tiempo
454,55,26,50,3,2026-06-05,15:46:00,2026-06-05,18:03:00,2026-06-05,18:03:00,4.89,41,61.63,8.79,26.76,1625.15,235.22,1860.37,0,False,Entregada,Entrega realizada en tiempo
455,74,39,35,34,2026-06-14,06:33:00,2026-06-14,10:24:00,2026-06-14,10:24:00,6.64,14,112.96,9.12,26.31,1840.8,239.95,2080.75,0,False,Entregada,Entrega realizada en tiempo
456,6,16,34,35,2026-04-12,06:35:00,2026-04-12,10:09:00,2026-04-12,10:09:00,8.93,50,141.39,12.7,25.52,2499.95,324.1,2824.05,0,False,Entregada,Entrega realizada en tiempo
457,7,13,19,29,2026-04-12,12:49:00,2026-04-12,18:03:00,2026-04-12,18:03:00,21.98,37,184.4,15.04,24.69,3916.0,371.34,4287.34,0,False,Entregada,Entrega realizada en tiempo
458,79,4,45,34,2026-02-06,17:53:00,2026-02-06,21:44:00,2026-02-06,22:18:00,1.25,58,102.15,17.17,23.72,1599.75,407.27,2007.02,34,True,Tardía,Hora pico
459,75,35,9,26,2026-04-16,13:28:00,2026-04-16,19:27:00,2026-04-16,20:11:00,1.11,4,174.11,23.5,26.53,1513.55,623.46,2137.01,44,True,Tardía,Tráfico alto
460,12,17,21,45,2026-06-16,09:45:00,2026-06-16,12:26:00,2026-06-16,13:15:00,0.39,16,77.55,13.77,24.45,1054.75,336.68,1391.43,49,True,Tardía,Hora pico
461,68,25,47,33,2026-06-06,09:24:00,2026-06-06,18:18:00,2026-06-06,19:16:00,7.6,71,289.76,61.65,26.49,3276.8,1633.11,4909.91,58,True,Tardía,"Tráfico alto, Hora pico"
462,20,11,56,10,2026-02-15,06:26:00,2026-02-15,08:51:00,2026-02-15,08:51:00,1.31,40,90.22,18.87,26.07,1402.1,491.94,1894.04,0,False,Entregada,Entrega realizada en tiempo
463,58,19,41,12,2026-01-31,08:12:00,2026-01-31,19:50:00,2026-01-31,19:50:00,1.32,1,411.75,40.57,24.01,2698.75,974.09,3672.84,0,False,Entregada,Entrega realizada en tiempo
464,59,32,55,32,2026-05-20,05:38:00,2026-05-20,17:42:00,2026-05-20,18:42:00,4.41,64,374.05,33.88,24.64,3323.25,834.8,4158.05,60,True,Tardía,"Distancia larga, Carga pesada"
465,11,39,39,1,2026-03-04,20:17:00,2026-03-04,02:36:00,2026-03-05,02:36:00,5.54,80,183.41,14.8,26.28,2611.05,388.94,2999.99,0,False,Entregada,Entrega realizada en tiempo
466,27,4,12,10,2026-01-15,14:02:00,2026-01-15,16:27:00,2026-01-15,16:27:00,0.84,19,90.75,15.25,25.67,1189.75,391.47,1581.22,0,False,Entregada,Entrega realizada en tiempo
467,78,20,22,6,2026-01-13,08:26:00,2026-01-13,09:20:00,2026-01-13,10:03:00,5.33,23,30.62,4.15,25.64,1370.1,106.41,1476.51,43,True,Tardía,Hora pico
468,90,39,37,36,2026-02-15,17:47:00,2026-02-15,21:41:00,2026-02-15,22:18:00,2.12,75,95.45,7.7,24.29,1789.25,187.03,1976.28,37,True,Tardía,"Tráfico alto, Hora pico"
469,49,5,49,28,2026-08-04,20:04:00,2026-08-04,03:05:00,2026-08-05,03:05:00,0.77,38,285.61,35.88,23.49,2309.05,842.82,3151.87,0,False,Entregada,Entrega realizada en tiempo
470,36,22,34,27,2026-05-15,09:44:00,2026-05-15,21:27:00,2026-05-15,21:27:00,0.69,27,336.12,32.51,23.44,2465.6,762.03,3227.63,0,False,Entregada,Entrega realizada en tiempo
471,94,34,6,31,2026-07-05,12:27:00,2026-07-05,19:59:00,2026-07-05,19:59:00,4.08,78,216.18,17.96,24.04,2612.9,431.76,3044.66,0,False,Entregada,Entrega realizada en tiempo
472,74,40,23,9,2026-06-07,18:33:00,2026-06-07,02:06:00,2026-06-08,02:06:00,0.45,64,209.35,32.71,23.72,2103.75,775.88,2879.63,0,False,Entregada,Entrega realizada en tiempo
473,79,15,46,19,2026-02-19,05:07:00,2026-02-19,17:48:00,2026-02-19,17:48:00,0.92,4,392.37,80.73,26.19,2585.85,2114.32,4700.17,0,False,Entregada,Entrega realizada en tiempo
474,95,14,52,40,2026-04-17,16:02:00,2026-04-17,09:04:00,2026-04-18,09:04:00,6.26,43,478.75,51.59,26.22,3863.75,1352.69,5216.44,0,False,Entregada,Entrega realizada en tiempo
475,28,1,41,13,2026-06-26,12:16:00,2026-06-26,23:59:00,2026-06-26,23:59:00,1.12,9,296.57,28.63,25.03,2166.85,716.61,2883.46,0,False,Entregada,Entrega realizada en tiempo
476,42,1,8,44,2026-03-27,13:25:00,2026-03-27,15:35:00,2026-03-27,15:35:00,0.25,73,70.08,6.76,23.12,1459.4,156.29,1615.69,0,False,Entregada,Entrega realizada en tiempo
477,23,13,22,22,2026-06-22,18:58:00,2026-06-22,02:37:00,2026-06-23,02:37:00,13.67,61,338.68,27.62,25.58,4048.4,706.52,4754.92,0,False,Entregada,Entrega realizada en tiempo
478,62,10,41,30,2026-08-10,20:57:00,2026-08-10,02:05:00,2026-08-11,02:05:00,9.06,43,121.6,12.2,26.26,2358.0,320.37,2678.37,0,False,Entregada,Entrega realizada en tiempo
479,96,4,54,34,2026-03-18,13:35:00,2026-03-18,17:26:00,2026-03-18,17:54:00,0.49,69,113.01,18.99,25.74,1666.05,488.8,2154.85,28,True,Tardía,Incidencia operativa
480,46,5,10,18,2026-08-04,05:21:00,2026-08-04,21:29:00,2026-08-04,21:29:00,8.11,49,401.74,50.47,26.37,3711.7,1330.89,5042.59,0,False,Entregada,Entrega realizada en tiempo
481,74,39,25,12,2026-06-02,08:55:00,2026-06-02,20:33:00,2026-06-02,20:33:00,4.31,40,382.5,30.87,24.26,3163.5,748.91,3912.41,0,False,Entregada,Entrega realizada en tiempo
482,5,18,27,6,2026-05-08,10:23:00,2026-05-08,11:17:00,2026-05-08,11:17:00,0.72,58,27.23,2.55,24.21,1172.15,61.74,1233.89,0,False,Entregada,Entrega realizada en tiempo
483,68,20,12,8,2026-04-06,06:49:00,2026-04-06,10:17:00,2026-04-06,10:17:00,10.19,26,96.13,13.04,24.78,2207.65,323.13,2530.78,0,False,Entregada,Entrega realizada en tiempo
484,4,31,58,33,2026-02-09,09:21:00,2026-02-09,18:15:00,2026-02-09,18:15:00,11.83,62,255.29,36.26,25.09,3455.45,909.76,4365.21,0,False,Entregada,Entrega realizada en tiempo
485,100,21,10,50,2026-08-12,08:52:00,2026-08-12,16:52:00,2026-08-12,16:52:00,0.31,67,246.72,34.51,23.53,2300.6,812.02,3112.62,0,False,Entregada,Entrega realizada en tiempo
486,93,3,30,25,2026-07-02,19:07:00,2026-07-02,04:33:00,2026-07-03,05:15:00,5.67,1,349.08,74.91,24.33,2820.4,1822.56,4642.96,42,True,Tardía,"Hora pico, Distancia larga"
487,6,7,34,50,2026-06-18,12:01:00,2026-06-18,20:01:00,2026-06-18,20:01:00,0.67,74,261.23,42.82,25.56,2465.15,1094.48,3559.63,0,False,Entregada,Entrega realizada en tiempo
488,27,21,13,13,2026-03-15,11:34:00,2026-03-15,23:17:00,2026-03-15,23:17:00,1.53,41,335.98,46.99,25.68,2660.9,1206.7,3867.6,0,False,Entregada,Entrega realizada en tiempo
489,35,10,11,18,2026-01-30,05:39:00,2026-01-30,21:47:00,2026-01-30,21:47:00,0.93,72,424.47,42.57,23.83,3291.35,1014.44,4305.79,0,False,Entregada,Entrega realizada en tiempo
490,45,36,21,18,2026-02-06,12:36:00,2026-02-06,04:44:00,2026-02-07,05:18:00,0.37,32,405.11,47.77,25.16,2818.55,1201.89,4020.44,34,True,Tardía,Distancia larga
491,7,9,2,31,2026-06-22,06:06:00,2026-06-22,13:38:00,2026-06-22,14:12:00,0.83,50,184.97,15.12,23.72,1907.85,358.65,2266.5,34,True,Tardía,Carga pesada
492,77,38,41,45,2026-06-29,17:39:00,2026-06-29,20:20:00,2026-06-29,20:58:00,7.57,46,86.15,7.32,23.31,2055.75,170.63,2226.38,38,True,Tardía,Hora pico
493,97,30,37,9,2026-01-24,17:06:00,2026-01-24,00:39:00,2026-01-25,01:28:00,9.16,59,197.84,17.0,24.88,2877.2,422.96,3300.16,49,True,Tardía,Hora pico
494,29,10,56,40,2026-03-08,14:25:00,2026-03-08,07:27:00,2026-03-09,07:27:00,0.38,24,441.0,44.23,25.66,2935.0,1134.94,4069.94,0,False,Entregada,Entrega realizada en tiempo
495,42,30,32,2,2026-01-17,18:07:00,2026-01-17,04:02:00,2026-01-18,04:02:00,6.8,45,282.94,24.31,26.38,2954.7,641.3,3596.0,0,False,Entregada,Entrega realizada en tiempo
496,37,23,39,37,2026-02-02,19:06:00,2026-02-02,12:24:00,2026-02-03,12:24:00,0.75,52,411.54,75.37,26.19,3048.7,1973.94,5022.64,0,False,Entregada,Entrega realizada en tiempo
497,42,36,42,5,2026-07-22,12:34:00,2026-07-22,22:30:00,2026-07-22,22:30:00,0.33,60,282.13,33.27,24.65,2423.65,820.11,3243.76,0,False,Entregada,Entrega realizada en tiempo
498,80,16,36,11,2026-05-04,15:04:00,2026-05-04,17:50:00,2026-05-04,17:50:00,2.8,44,73.16,6.57,25.78,1497.8,169.37,1667.17,0,False,Entregada,Entrega realizada en tiempo
499,56,28,37,22,2026-05-20,10:11:00,2026-05-20,17:50:00,2026-05-20,17:50:00,6.35,10,338.93,49.7,25.85,2909.65,1284.75,4194.4,0,False,Entregada,Entrega realizada en tiempo
500,63,8,38,39,2026-04-29,13:35:00,2026-04-29,21:58:00,2026-04-29,21:58:00,1.37,13,200.75,21.45,23.7,1744.75,508.36,2253.11,0,False,Entregada,Entrega realizada en tiempo
501,52,5,39,7,2026-06-25,15:20:00,2026-06-25,19:31:00,2026-06-25,19:31:00,2.12,64,126.46,15.89,23.25,1856.3,369.44,2225.74,0,False,Entregada,Entrega realizada en tiempo
502,28,9,57,38,2026-07-13,05:48:00,2026-07-13,10:19:00,2026-07-13,10:19:00,0.65,19,171.34,14.01,24.81,1573.7,347.59,1921.29,0,False,Entregada,Entrega realizada en tiempo
503,38,25,40,37,2026-04-25,09:13:00,2026-04-25,02:31:00,2026-04-26,03:30:00,10.38,41,413.15,87.9,25.33,3931.75,2226.51,6158.26,59,True,Tardía,"Hora pico, Distancia larga, Carga pesada"
504,79,33,26,9,2026-08-07,12:03:00,2026-08-07,19:36:00,2026-08-07,19:36:00,0.61,48,203.4,25.94,26.87,1962.0,697.01,2659.01,0,False,Entregada,Entrega realizada en tiempo
505,1,36,53,23,2026-01-29,12:55:00,2026-01-29,22:16:00,2026-01-29,22:16:00,1.64,4,279.72,32.99,25.81,2094.6,851.47,2946.07,0,False,Entregada,Entrega realizada en tiempo
506,51,21,46,25,2026-04-14,15:27:00,2026-04-14,00:53:00,2026-04-15,00:53:00,1.44,70,332.08,46.44,23.69,2864.4,1100.16,3964.56,0,False,Entregada,Entrega realizada en tiempo
507,18,13,36,25,2026-08-04,14:53:00,2026-08-04,00:19:00,2026-08-05,00:42:00,18.0,54,315.16,25.71,23.05,4307.8,592.62,4900.42,23,True,Tardía,Distancia larga
508,83,2,10,47,2026-08-15,18:42:00,2026-08-15,06:26:00,2026-08-16,06:26:00,14.76,56,338.75,68.3,23.54,4117.75,1607.78,5725.53,0,False,Entregada,Entrega realizada en tiempo
509,18,27,56,30,2026-07-21,16:39:00,2026-07-21,21:47:00,2026-07-21,21:47:00,11.18,24,129.97,16.71,24.7,2459.85,412.74,2872.59,0,False,Entregada,Entrega realizada en tiempo
510,58,25,23,15,2026-02-17,16:38:00,2026-02-17,19:01:00,2026-02-17,19:01:00,7.2,1,63.35,13.48,26.39,1544.75,355.74,1900.49,0,False,Entregada,Entrega realizada en tiempo
511,31,33,18,27,2026-05-20,14:02:00,2026-05-20,01:45:00,2026-05-21,01:45:00,0.76,5,289.26,36.9,25.82,2062.3,952.76,3015.06,0,False,Entregada,Entrega realizada en tiempo
512,15,38,31,45,2026-01-21,08:46:00,2026-01-21,11:27:00,2026-01-21,11:27:00,1.09,68,80.19,6.81,26.93,1553.95,183.39,1737.34,0,False,Entregada,Entrega realizada en tiempo
513,100,18,30,34,2026-01-21,19:56:00,2026-01-21,23:47:00,2026-01-22,00:37:00,0.34,79,116.88,10.94,25.97,1750.4,284.11,2034.51,50,True,Tardía,Hora pico
514,86,5,44,41,2026-05-19,12:39:00,2026-05-19,19:55:00,2026-05-19,19:55:00,4.23,7,212.53,26.7,25.14,2041.65,671.24,2712.89,0,False,Entregada,Entrega realizada en tiempo
515,2,31,30,33,2026-05-01,13:26:00,2026-05-01,22:20:00,2026-05-01,22:20:00,8.81,46,264.43,37.56,26.19,3071.15,983.7,4054.85,0,False,Entregada,Entrega realizada en tiempo
516,38,11,3,45,2026-06-02,12:46:00,2026-06-02,15:27:00,2026-06-02,15:27:00,3.41,73,86.8,18.16,25.52,1859.0,463.44,2322.44,0,False,Entregada,Entrega realizada en tiempo
517,75,11,37,4,2026-06-18,12:51:00,2026-06-18,15:25:00,2026-06-18,15:50:00,2.23,80,106.32,22.24,23.33,1894.6,518.86,2413.46,25,True,Tardía,Incidencia operativa
518,65,5,55,18,2026-03-06,08:39:00,2026-03-06,00:47:00,2026-03-07,01:18:00,13.42,36,404.01,50.76,25.42,4150.05,1290.32,5440.37,31,True,Tardía,"Hora pico, Distancia larga"
519,76,10,43,29,2026-04-05,09:16:00,2026-04-05,14:30:00,2026-04-05,14:30:00,18.52,31,203.94,20.46,26.2,3619.7,536.05,4155.75,0,False,Entregada,Entrega realizada en tiempo
520,5,22,6,10,2026-06-02,08:53:00,2026-06-02,11:18:00,2026-06-02,11:18:00,1.07,64,78.33,7.58,24.65,1510.65,186.85,1697.5,0,False,Entregada,Entrega realizada en tiempo
521,50,16,43,29,2026-07-05,09:13:00,2026-07-05,14:27:00,2026-07-05,14:27:00,13.52,74,171.79,15.43,24.38,3302.95,376.18,3679.13,0,False,Entregada,Entrega realizada en tiempo
522,83,17,49,8,2026-01-14,09:29:00,2026-01-14,12:57:00,2026-01-14,12:57:00,0.23,52,95.13,16.9,24.91,1414.65,420.98,1835.63,0,False,Entregada,Entrega realizada en tiempo
523,97,35,15,25,2026-06-24,15:30:00,2026-06-24,00:56:00,2026-06-25,01:24:00,0.73,34,366.58,49.47,24.16,2677.9,1195.2,3873.1,28,True,Tardía,Distancia larga
524,58,25,44,21,2026-05-16,06:06:00,2026-05-16,13:09:00,2026-05-16,13:09:00,8.11,69,308.43,65.62,26.82,3405.15,1759.93,5165.08,0,False,Entregada,Entrega realizada en tiempo
525,56,40,59,42,2026-08-08,11:21:00,2026-08-08,14:32:00,2026-08-08,15:03:00,0.77,35,94.66,14.79,25.62,1330.3,378.92,1709.22,31,True,Tardía,Tráfico alto
526,51,30,50,44,2026-07-11,10:46:00,2026-07-11,12:56:00,2026-07-11,12:56:00,4.93,76,70.91,6.09,25.08,1955.55,152.74,2108.29,0,False,Entregada,Entrega realizada en tiempo
527,87,12,21,36,2026-01-03,05:53:00,2026-01-03,09:47:00,2026-01-03,10:26:00,0.25,9,108.03,15.45,23.42,1137.15,361.84,1498.99,39,True,Tardía,Tráfico alto
528,58,23,15,47,2026-03-14,11:12:00,2026-03-14,22:56:00,2026-03-14,23:30:00,1.11,5,331.78,60.77,26.8,2309.9,1628.64,3938.54,34,True,Tardía,"Tráfico alto, Distancia larga"
529,82,8,46,8,2026-01-23,08:24:00,2026-01-23,11:52:00,2026-01-23,11:52:00,4.44,73,99.48,10.63,23.74,2025.4,252.36,2277.76,0,False,Entregada,Entrega realizada en tiempo
530,15,12,17,19,2026-04-30,07:40:00,2026-04-30,20:21:00,2026-04-30,20:21:00,1.29,59,401.6,57.45,24.11,3109.0,1385.12,4494.12,0,False,Entregada,Entrega realizada en tiempo
531,55,21,17,11,2026-07-19,07:17:00,2026-07-19,10:03:00,2026-07-19,10:03:00,0.85,8,69.16,9.67,24.33,994.8,235.27,1230.07,0,False,Entregada,Entrega realizada en tiempo
532,8,17,53,17,2026-02-15,17:04:00,2026-02-15,23:22:00,2026-02-15,23:22:00,0.72,63,192.7,34.23,23.8,2039.5,814.67,2854.17,0,False,Entregada,Entrega realizada en tiempo
533,51,12,42,32,2026-01-28,08:34:00,2026-01-28,20:38:00,2026-01-28,21:35:00,0.46,56,388.76,55.62,25.86,2937.8,1438.33,4376.13,57,True,Tardía,"Hora pico, Distancia larga"
534,14,3,5,5,2026-05-27,11:49:00,2026-05-27,21:45:00,2026-05-27,22:29:00,7.4,58,300.56,64.5,26.73,3206.8,1724.09,4930.89,44,True,Tardía,"Tráfico alto, Distancia larga"
535,86,25,18,10,2026-06-29,13:57:00,2026-06-29,16:22:00,2026-06-29,16:22:00,1.63,51,86.5,18.4,25.06,1503.5,461.1,1964.6,0,False,Entregada,Entrega realizada en tiempo
536,99,32,31,28,2026-04-14,07:34:00,2026-04-14,14:35:00,2026-04-14,15:22:00,4.26,29,260.65,23.61,25.14,2461.25,593.56,3054.81,47,True,Tardía,"Hora pico, Carga pesada"
537,46,22,44,20,2026-04-13,06:40:00,2026-04-13,08:13:00,2026-04-13,08:13:00,0.52,12,64.29,6.22,26.41,969.45,164.27,1133.72,0,False,Entregada,Entrega realizada en tiempo
538,44,6,54,30,2026-07-14,12:41:00,2026-07-14,17:49:00,2026-07-14,18:00:00,0.43,26,140.02,20.47,26.87,1451.1,550.03,2001.13,11,True,Tardía,Incidencia operativa
539,85,13,20,45,2026-04-10,08:40:00,2026-04-10,11:21:00,2026-04-10,11:21:00,10.95,46,80.2,6.54,26.54,2364.0,173.57,2537.57,0,False,Entregada,Entrega realizada en tiempo
540,57,13,9,3,2026-02-19,05:46:00,2026-02-19,08:03:00,2026-02-19,08:31:00,19.22,76,61.12,4.99,26.17,3335.6,130.59,3466.19,28,True,Tardía,Carga pesada
541,83,20,32,35,2026-08-02,17:01:00,2026-08-02,20:35:00,2026-08-02,20:35:00,6.65,5,143.8,19.51,24.35,1924.0,475.07,2399.07,0,False,Entregada,Entrega realizada en tiempo
542,93,3,26,8,2026-02-24,19:29:00,2026-02-24,22:57:00,2026-02-24,23:37:00,6.96,69,93.34,20.03,26.7,2214.7,534.8,2749.5,40,True,Tardía,Hora pico
543,5,10,32,42,2026-01-05,18:58:00,2026-01-05,22:09:00,2026-01-05,22:58:00,7.39,80,106.24,10.66,23.69,2410.2,252.54,2662.74,49,True,Tardía,"Tráfico alto, Hora pico"
544,7,20,53,7,2026-04-27,09:53:00,2026-04-27,14:04:00,2026-04-27,14:25:00,3.43,76,126.94,17.22,24.99,2085.7,430.33,2516.03,21,True,Tardía,Hora pico
545,79,15,5,13,2026-04-20,13:51:00,2026-04-20,01:34:00,2026-04-21,01:34:00,0.5,52,335.6,69.05,26.9,2644.0,1857.44,4501.44,0,False,Entregada,Entrega realizada en tiempo
546,74,35,9,21,2026-08-03,09:48:00,2026-08-03,16:51:00,2026-08-03,16:51:00,0.35,6,321.18,43.34,24.34,2188.9,1054.9,3243.8,0,False,Entregada,Entrega realizada en tiempo
547,16,18,10,49,2026-04-17,09:44:00,2026-04-17,00:15:00,2026-04-18,00:15:00,0.61,48,367.32,34.39,24.75,2781.6,851.15,3632.75,0,False,Entregada,Entrega realizada en tiempo
548,75,3,9,7,2026-07-22,15:49:00,2026-07-22,20:00:00,2026-07-22,20:25:00,1.04,21,115.51,24.79,23.32,1349.55,578.1,1927.65,25,True,Tardía,Incidencia operativa
549,1,12,60,6,2026-06-30,12:26:00,2026-06-30,13:20:00,2026-06-30,13:20:00,0.85,61,27.6,3.95,23.82,1211.0,94.09,1305.09,0,False,Entregada,Entrega realizada en tiempo
550,82,18,34,29,2026-04-16,10:11:00,2026-04-16,15:25:00,2026-04-16,15:25:00,0.94,79,184.56,17.28,25.39,2148.8,438.74,2587.54,0,False,Entregada,Entrega realizada en tiempo
551,92,32,40,6,2026-06-10,12:22:00,2026-06-10,13:16:00,2026-06-10,13:33:00,1.31,54,29.12,2.64,23.77,1208.6,62.75,1271.35,17,True,Tardía,Incidencia operativa
552,68,7,40,24,2026-08-09,20:32:00,2026-08-09,05:09:00,2026-08-10,05:09:00,1.34,29,295.36,48.42,25.51,2342.8,1235.19,3577.99,0,False,Entregada,Entrega realizada en tiempo
553,27,18,4,13,2026-01-29,08:43:00,2026-01-29,20:26:00,2026-01-29,20:26:00,0.35,61,290.83,27.23,23.64,2477.15,643.72,3120.87,0,False,Entregada,Entrega realizada en tiempo
554,6,4,42,24,2026-03-14,09:27:00,2026-03-14,18:04:00,2026-03-14,18:53:00,1.91,33,325.2,54.66,26.7,2581.0,1459.42,4040.42,49,True,Tardía,"Tráfico alto, Hora pico, Distancia larga"
555,23,11,51,2,2026-05-05,19:07:00,2026-05-05,05:02:00,2026-05-06,05:02:00,2.13,10,327.17,68.45,25.89,2428.85,1772.17,4201.02,0,False,Entregada,Entrega realizada en tiempo
556,76,38,21,27,2026-02-20,13:14:00,2026-02-20,00:57:00,2026-02-21,00:57:00,12.11,15,319.42,27.14,23.39,3428.1,634.8,4062.9,0,False,Entregada,Entrega realizada en tiempo
557,95,27,56,13,2026-04-07,10:04:00,2026-04-07,21:47:00,2026-04-07,21:47:00,11.86,61,301.11,38.7,23.22,3679.55,898.61,4578.16,0,False,Entregada,Entrega realizada en tiempo
558,56,10,14,40,2026-04-27,09:24:00,2026-04-27,02:26:00,2026-04-28,03:23:00,2.26,48,436.08,43.74,26.9,3290.4,1176.61,4467.01,57,True,Tardía,"Hora pico, Distancia larga"
559,26,22,9,3,2026-06-27,06:17:00,2026-06-27,08:34:00,2026-06-27,08:58:00,0.28,18,62.13,6.01,24.83,982.65,149.23,1131.88,24,True,Tardía,Incidencia operativa
560,22,22,15,19,2026-06-04,09:50:00,2026-06-04,22:31:00,2026-06-04,22:31:00,1.45,79,340.38,32.92,25.31,2978.9,833.21,3812.11,0,False,Entregada,Entrega realizada en tiempo
561,71,15,6,27,2026-08-08,19:31:00,2026-08-08,07:14:00,2026-08-09,07:14:00,0.31,28,311.45,64.08,26.35,2312.25,1688.51,4000.76,0,False,Entregada,Entrega realizada en tiempo
562,36,1,47,28,2026-07-08,10:15:00,2026-07-08,17:16:00,2026-07-08,17:16:00,1.57,42,267.87,25.86,23.89,2332.35,617.8,2950.15,0,False,Entregada,Entrega realizada en tiempo
563,76,10,59,37,2026-01-02,16:02:00,2026-01-02,09:20:00,2026-01-03,09:20:00,9.53,6,412.26,41.35,25.93,3562.3,1072.21,4634.51,0,False,Entregada,Entrega realizada en tiempo
564,65,3,28,34,2026-04-11,18:51:00,2026-04-11,22:42:00,2026-04-11,22:42:00,1.89,13,119.26,25.59,23.96,1389.3,613.14,2002.44,0,False,Entregada,Entrega realizada en tiempo
565,72,1,45,47,2026-04-15,09:08:00,2026-04-15,20:52:00,2026-04-15,22:14:00,1.61,46,304.05,29.35,24.22,2549.25,710.86,3260.11,82,True,Tardía,"Tráfico alto, Hora pico, Distancia larga, Carga pesada"
566,91,30,55,37,2026-07-11,05:29:00,2026-07-11,22:47:00,2026-07-11,22:47:00,12.33,60,463.67,39.83,26.5,4531.35,1055.49,5586.84,0,False,Entregada,Entrega realizada en tiempo
567,52,12,51,24,2026-06-10,17:45:00,2026-06-10,02:22:00,2026-06-11,02:22:00,1.28,1,312.64,44.73,23.28,2199.2,1041.31,3240.51,0,False,Entregada,Entrega realizada en tiempo
568,89,22,34,3,2026-03-17,16:48:00,2026-03-17,19:05:00,2026-03-17,19:05:00,0.89,35,61.63,5.96,25.45,1177.15,151.68,1328.83,0,False,Entregada,Entrega realizada en tiempo
569,74,14,51,44,2026-01-21,13:47:00,2026-01-21,15:57:00,2026-01-21,15:57:00,4.98,8,60.43,6.51,26.64,1364.15,173.43,1537.58,0,False,Entregada,Entrega realizada en tiempo
570,47,4,8,25,2026-04-04,17:39:00,2026-04-04,03:05:00,2026-04-05,03:05:00,0.27,6,330.02,55.47,23.7,2225.1,1314.64,3539.74,0,False,Entregada,Entrega realizada en tiempo
571,72,5,36,46,2026-07-18,09:08:00,2026-07-18,23:58:00,2026-07-19,00:56:00,13.15,43,393.44,49.43,25.95,4126.2,1282.71,5408.91,58,True,Tardía,"Hora pico, Distancia larga"
572,97,38,56,45,2026-02-23,10:20:00,2026-02-23,13:01:00,2026-02-23,13:01:00,10.15,46,91.79,7.8,25.01,2341.95,195.08,2537.03,0,False,Entregada,Entrega realizada en tiempo
573,55,18,4,5,2026-04-06,14:28:00,2026-04-06,00:24:00,2026-04-07,00:24:00,0.28,63,297.25,27.83,26.32,2518.25,732.49,3250.74,0,False,Entregada,Entrega realizada en tiempo
574,61,35,44,35,2026-03-16,17:39:00,2026-03-16,21:13:00,2026-03-16,21:13:00,0.71,48,158.13,21.34,26.78,1745.65,571.49,2317.14,0,False,Entregada,Entrega realizada en tiempo
575,9,13,58,30,2026-01-23,07:25:00,2026-01-23,12:33:00,2026-01-23,12:53:00,4.07,23,135.98,11.09,23.66,1770.9,262.39,2033.29,20,True,Tardía,Hora pico
576,15,10,32,10,2026-08-12,09:33:00,2026-08-12,11:58:00,2026-08-12,11:58:00,15.61,3,90.12,9.04,26.88,2535.6,243.0,2778.6,0,False,Entregada,Entrega realizada en tiempo
577,70,9,31,23,2026-04-18,17:47:00,2026-04-18,03:08:00,2026-04-19,03:08:00,0.63,3,268.61,21.96,23.25,1930.05,510.57,2440.62,0,False,Entregada,Entrega realizada en tiempo
578,30,34,42,22,2026-04-16,13:41:00,2026-04-16,21:20:00,2026-04-16,21:20:00,5.27,42,343.1,28.5,25.66,3078.5,731.31,3809.81,0,False,Entregada,Entrega realizada en tiempo
579,68,36,29,30,2026-03-19,08:57:00,2026-03-19,14:05:00,2026-03-19,14:35:00,1.14,40,119.43,14.08,24.94,1531.15,351.16,1882.31,30,True,Tardía,Hora pico
580,37,4,10,23,2026-03-14,17:10:00,2026-03-14,02:31:00,2026-03-15,02:31:00,2.37,80,278.46,46.8,25.85,2769.3,1209.78,3979.08,0,False,Entregada,Entrega realizada en tiempo
581,37,12,12,46,2026-06-27,08:10:00,2026-06-27,23:00:00,2026-06-27,23:52:00,1.04,31,394.54,56.44,24.76,2824.7,1397.45,4222.15,52,True,Tardía,"Hora pico, Distancia larga"
582,48,12,14,36,2026-07-01,06:42:00,2026-07-01,10:36:00,2026-07-01,10:36:00,1.02,41,98.93,14.15,23.59,1424.65,333.8,1758.45,0,False,Entregada,Entrega realizada en tiempo
583,58,35,11,35,2026-03-19,08:58:00,2026-03-19,12:32:00,2026-03-19,12:32:00,0.95,4,136.69,18.45,25.0,1310.45,461.25,1771.7,0,False,Entregada,Entrega realizada en tiempo
584,19,30,60,21,2026-02-09,05:47:00,2026-02-09,12:50:00,2026-02-09,12:50:00,8.59,70,322.84,27.74,24.33,3533.2,674.91,4208.11,0,False,Entregada,Entrega realizada en tiempo
585,91,19,31,19,2026-07-13,08:51:00,2026-07-13,21:32:00,2026-07-13,21:32:00,0.56,73,407.03,40.1,26.69,3175.15,1070.27,4245.42,0,False,Entregada,Entrega realizada en tiempo
586,44,8,47,31,2026-01-11,08:43:00,2026-01-11,16:15:00,2026-01-11,16:42:00,2.58,71,212.5,22.7,25.47,2388.5,578.17,2966.67,27,True,Tardía,Hora pico
587,29,29,23,6,2026-03-25,06:38:00,2026-03-25,07:32:00,2026-03-25,07:32:00,21.56,25,28.85,3.01,23.89,3000.25,71.91,3072.16,0,False,Entregada,Entrega realizada en tiempo
588,99,18,13,2,2026-01-22,20:54:00,2026-01-22,06:49:00,2026-01-23,06:49:00,0.86,58,329.18,30.82,26.83,2695.9,826.9,3522.8,0,False,Entregada,Entrega realizada en tiempo
589,66,26,13,32,2026-03-23,19:03:00,2026-03-23,07:07:00,2026-03-24,07:07:00,6.06,47,367.34,52.4,25.86,3318.7,1355.06,4673.76,0,False,Entregada,Entrega realizada en tiempo
590,55,24,25,24,2026-01-04,12:22:00,2026-01-04,20:59:00,2026-01-04,21:57:00,4.53,45,333.85,31.29,23.86,2982.25,746.58,3728.83,58,True,Tardía,"Tráfico alto, Distancia larga"
591,57,27,52,29,2026-03-15,09:51:00,2026-03-15,15:05:00,2026-03-15,15:05:00,10.44,55,197.64,25.4,24.66,2972.2,626.36,3598.56,0,False,Entregada,Entrega realizada en tiempo
592,76,39,6,10,2026-02-23,12:30:00,2026-02-23,14:55:00,2026-02-23,14:55:00,3.84,68,88.12,7.11,23.26,1868.6,165.38,2033.98,0,False,Entregada,Entrega realizada en tiempo
593,76,25,6,1,2026-04-15,11:26:00,2026-04-15,17:45:00,2026-04-15,17:45:00,1.51,23,188.64,40.14,25.84,1778.2,1037.22,2815.42,0,False,Entregada,Entrega realizada en tiempo
594,97,9,13,12,2026-08-02,15:18:00,2026-08-02,02:56:00,2026-08-03,02:56:00,0.2,71,403.19,32.97,26.29,3103.95,866.78,3970.73,0,False,Entregada,Entrega realizada en tiempo
595,39,38,20,32,2026-05-24,17:14:00,2026-05-24,05:18:00,2026-05-25,05:18:00,5.62,4,372.35,31.64,23.62,2955.75,747.34,3703.09,0,False,Entregada,Entrega realizada en tiempo
596,39,31,8,42,2026-06-20,12:26:00,2026-06-20,15:37:00,2026-06-20,15:37:00,17.97,23,95.45,13.56,25.75,2958.25,349.17,3307.42,0,False,Entregada,Entrega realizada en tiempo
597,32,2,8,49,2026-03-12,18:04:00,2026-03-12,08:35:00,2026-03-13,08:35:00,7.5,77,367.43,74.08,25.32,3703.15,1875.71,5578.86,0,False,Entregada,Entrega realizada en tiempo
598,73,28,56,17,2026-06-10,18:44:00,2026-06-10,01:02:00,2026-06-11,01:02:00,3.53,16,169.39,24.84,25.93,1827.95,644.1,2472.05,0,False,Entregada,Entrega realizada en tiempo
599,3,17,11,38,2026-01-15,08:20:00,2026-01-15,12:51:00,2026-01-15,12:51:00,0.26,60,191.84,34.07,23.54,1965.2,802.01,2767.21,0,False,Entregada,Entrega realizada en tiempo
600,21,4,18,24,2026-04-18,14:03:00,2026-04-18,22:40:00,2026-04-18,23:33:00,1.75,38,322.53,54.21,26.07,2591.65,1413.25,4004.9,53,True,Tardía,"Tráfico alto, Distancia larga"
601,24,7,39,49,2026-02-12,20:20:00,2026-02-12,10:51:00,2026-02-13,10:51:00,0.95,41,377.91,61.95,25.74,2812.55,1594.59,4407.14,0,False,Entregada,Entrega realizada en tiempo
602,39,18,44,45,2026-06-26,14:06:00,2026-06-26,16:47:00,2026-06-26,16:47:00,0.97,69,84.56,7.92,26.29,1571.8,208.22,1780.02,0,False,Entregada,Entrega realizada en tiempo
603,2,9,34,19,2026-04-06,18:26:00,2026-04-06,07:07:00,2026-04-07,07:07:00,0.5,44,339.4,27.75,23.65,2599.0,656.29,3255.29,0,False,Entregada,Entrega realizada en tiempo
604,28,10,33,15,2026-08-01,09:50:00,2026-08-01,12:13:00,2026-08-01,12:13:00,6.48,72,61.59,6.18,26.33,2031.95,162.72,2194.67,0,False,Entregada,Entrega realizada en tiempo
605,68,35,46,36,2026-06-29,08:26:00,2026-06-29,12:20:00,2026-06-29,12:20:00,0.66,59,102.51,13.83,23.47,1550.55,324.59,1875.14,0,False,Entregada,Entrega realizada en tiempo
606,17,2,31,23,2026-03-21,14:08:00,2026-03-21,23:29:00,2026-03-21,23:29:00,8.88,57,274.28,55.3,25.39,3215.4,1404.07,4619.47,0,False,Entregada,Entrega realizada en tiempo
607,98,22,12,46,2026-03-19,05:47:00,2026-03-19,20:37:00,2026-03-19,21:03:00,1.22,16,442.0,42.75,24.23,2960.0,1035.83,3995.83,26,True,Tardía,Distancia larga
608,27,9,6,28,2026-06-26,08:04:00,2026-06-26,15:05:00,2026-06-26,15:05:00,0.66,3,301.67,24.67,26.03,2098.35,642.16,2740.51,0,False,Entregada,Entrega realizada en tiempo
609,6,13,7,3,2026-07-23,19:37:00,2026-07-23,21:54:00,2026-07-23,21:54:00,0.6,8,58.18,4.75,26.63,914.9,126.49,1041.39,0,False,Entregada,Entrega realizada en tiempo
610,6,5,20,43,2026-01-03,08:50:00,2026-01-03,00:17:00,2026-01-04,00:17:00,0.34,16,456.14,57.3,23.82,2942.7,1364.89,4307.59,0,False,Entregada,Entrega realizada en tiempo
611,26,12,43,23,2026-01-08,07:09:00,2026-01-08,16:30:00,2026-01-08,16:30:00,1.32,36,255.63,36.57,24.39,2198.15,891.94,3090.09,0,False,Entregada,Entrega realizada en tiempo
612,21,33,50,47,2026-06-06,10:32:00,2026-06-06,22:16:00,2026-06-06,23:13:00,0.9,73,307.59,39.23,26.86,2711.95,1053.72,3765.67,57,True,Tardía,"Tráfico alto, Distancia larga, Carga pesada"
613,22,35,1,47,2026-01-26,09:58:00,2026-01-26,21:42:00,2026-01-26,21:42:00,1.27,65,326.22,44.02,24.9,2778.1,1096.1,3874.2,0,False,Entregada,Entrega realizada en tiempo
614,90,38,12,29,2026-06-22,08:11:00,2026-06-22,13:25:00,2026-06-22,13:25:00,1.7,46,186.52,15.85,24.7,1970.6,391.5,2362.1,0,False,Entregada,Entrega realizada en tiempo
615,66,15,27,8,2026-07-14,13:07:00,2026-07-14,16:35:00,2026-07-14,16:49:00,0.44,60,95.64,19.68,24.98,1502.2,491.61,1993.81,14,True,Tardía,Incidencia operativa
616,47,19,36,47,2026-01-11,07:20:00,2026-01-11,19:04:00,2026-01-11,20:25:00,2.49,64,355.08,34.98,25.75,3036.4,900.73,3937.13,81,True,Tardía,"Tráfico alto, Hora pico, Distancia larga"
617,57,15,36,27,2026-03-16,16:12:00,2026-03-16,03:55:00,2026-03-17,03:55:00,0.7,9,303.01,62.35,26.21,2157.05,1634.19,3791.24,0,False,Entregada,Entrega realizada en tiempo
618,87,24,12,1,2026-06-22,18:43:00,2026-06-22,01:02:00,2026-06-23,01:02:00,4.16,14,194.76,18.25,25.09,2001.8,457.89,2459.69,0,False,Entregada,Entrega realizada en tiempo
619,87,6,8,10,2026-04-12,15:44:00,2026-04-12,18:09:00,2026-04-12,18:09:00,0.54,76,81.72,11.95,25.97,1570.6,310.34,1880.94,0,False,Entregada,Entrega realizada en tiempo
620,22,5,24,13,2026-03-28,09:38:00,2026-03-28,21:21:00,2026-03-28,22:04:00,2.44,52,299.61,37.64,24.11,2658.05,907.5,3565.55,43,True,Tardía,Hora pico
621,92,38,38,18,2026-07-13,15:22:00,2026-07-13,07:30:00,2026-07-14,07:30:00,10.27,61,400.2,34.0,26.8,4016.0,911.2,4927.2,0,False,Entregada,Entrega realizada en tiempo
622,63,33,18,10,2026-07-16,17:06:00,2026-07-16,19:31:00,2026-07-16,19:31:00,0.6,16,86.39,11.02,24.99,1119.95,275.39,1395.34,0,False,Entregada,Entrega realizada en tiempo
623,81,9,2,7,2026-07-08,06:53:00,2026-07-08,11:04:00,2026-07-08,11:04:00,0.27,9,124.84,10.21,23.11,1223.2,235.95,1459.15,0,False,Entregada,Entrega realizada en tiempo
624,23,25,39,44,2026-03-25,08:19:00,2026-03-25,10:29:00,2026-03-25,10:29:00,2.99,80,70.6,15.02,26.04,1792.0,391.12,2183.12,0,False,Entregada,Entrega realizada en tiempo
625,85,34,50,32,2026-07-22,17:12:00,2026-07-22,05:16:00,2026-07-23,05:16:00,4.16,38,402.0,33.39,24.96,3230.0,833.41,4063.41,0,False,Entregada,Entrega realizada en tiempo
626,34,35,22,35,2026-05-20,05:48:00,2026-05-20,09:22:00,2026-05-20,09:22:00,0.83,5,134.92,18.21,26.52,1297.6,482.93,1780.53,0,False,Entregada,Entrega realizada en tiempo
627,16,25,29,21,2026-08-07,15:28:00,2026-08-07,22:31:00,2026-08-07,23:00:00,7.09,59,320.15,68.12,26.54,3281.75,1807.9,5089.65,29,True,Tardía,Distancia larga
628,22,32,28,9,2026-03-21,15:31:00,2026-03-21,23:04:00,2026-03-21,23:04:00,2.89,15,207.51,18.8,24.96,1946.55,469.25,2415.8,0,False,Entregada,Entrega realizada en tiempo
629,71,35,37,31,2026-05-02,20:54:00,2026-05-02,04:26:00,2026-05-03,04:26:00,1.22,21,188.2,25.4,24.57,1731.0,624.08,2355.08,0,False,Entregada,Entrega realizada en tiempo
630,64,38,25,40,2026-06-23,14:49:00,2026-06-23,07:51:00,2026-06-24,07:51:00,3.33,37,465.72,39.57,23.11,3457.6,914.46,4372.06,0,False,Entregada,Entrega realizada en tiempo
631,6,9,54,24,2026-03-31,05:48:00,2026-03-31,14:25:00,2026-03-31,15:25:00,0.46,44,335.77,27.45,24.65,2576.85,676.64,3253.49,60,True,Tardía,"Tráfico alto, Distancia larga"
632,8,16,16,16,2026-06-15,12:37:00,2026-06-15,03:05:00,2026-06-16,03:05:00,17.83,11,415.6,37.34,23.26,4449.0,868.53,5317.53,0,False,Entregada,Entrega realizada en tiempo
633,40,8,22,11,2026-01-06,20:20:00,2026-01-06,23:06:00,2026-01-06,23:06:00,1.59,5,76.09,8.13,26.45,1079.45,215.04,1294.49,0,False,Entregada,Entrega realizada en tiempo
634,73,33,58,27,2026-03-10,05:44:00,2026-03-10,17:27:00,2026-03-10,17:27:00,0.41,61,333.62,42.55,26.94,2697.1,1146.3,3843.4,0,False,Entregada,Entrega realizada en tiempo
635,49,37,25,21,2026-05-27,08:51:00,2026-05-27,15:54:00,2026-05-27,16:45:00,0.57,63,304.21,32.43,25.01,2582.05,811.07,3393.12,51,True,Tardía,"Hora pico, Distancia larga"
636,98,22,11,40,2026-03-18,14:27:00,2026-03-18,07:29:00,2026-03-19,07:29:00,0.33,26,466.84,45.15,26.39,3075.2,1191.51,4266.71,0,False,Entregada,Entrega realizada en tiempo
637,10,35,14,19,2026-03-09,06:19:00,2026-03-09,19:00:00,2026-03-09,19:00:00,0.72,74,379.27,51.18,23.9,3060.35,1223.2,4283.55,0,False,Entregada,Entrega realizada en tiempo
638,96,6,46,38,2026-01-25,13:17:00,2026-01-25,17:48:00,2026-01-25,17:48:00,0.41,9,196.62,28.75,25.12,1596.1,722.2,2318.3,0,False,Entregada,Entrega realizada en tiempo
639,55,14,23,5,2026-06-16,12:32:00,2026-06-16,22:28:00,2026-06-16,22:28:00,6.39,39,272.26,29.34,25.16,2812.3,738.19,3550.49,0,False,Entregada,Entrega realizada en tiempo
640,26,27,26,17,2026-06-09,19:29:00,2026-06-09,01:47:00,2026-06-10,02:22:00,1.49,71,162.46,20.88,25.81,2029.3,538.91,2568.21,35,True,Tardía,Hora pico
641,24,37,32,14,2026-06-19,17:17:00,2026-06-19,02:02:00,2026-06-20,02:02:00,0.77,69,277.22,29.55,26.41,2515.1,780.42,3295.52,0,False,Entregada,Entrega realizada en tiempo
642,56,37,47,41,2026-01-16,19:12:00,2026-01-16,02:28:00,2026-01-17,02:28:00,0.68,47,184.92,19.71,23.96,1868.6,472.25,2340.85,0,False,Entregada,Entrega realizada en tiempo
643,96,20,55,28,2026-04-16,13:55:00,2026-04-16,20:56:00,2026-04-16,20:56:00,5.1,9,282.58,38.34,26.38,2494.9,1011.41,3506.31,0,False,Entregada,Entrega realizada en tiempo
644,35,19,42,11,2026-03-07,10:25:00,2026-03-07,13:11:00,2026-03-07,13:11:00,3.89,31,78.94,7.78,23.77,1531.7,184.93,1716.63,0,False,Entregada,Entrega realizada en tiempo
645,32,20,30,32,2026-05-24,16:27:00,2026-05-24,04:31:00,2026-05-25,04:31:00,1.91,5,393.98,53.46,24.09,2700.9,1287.85,3988.75,0,False,Entregada,Entrega realizada en tiempo
646,4,17,51,18,2026-06-18,20:11:00,2026-06-18,12:19:00,2026-06-19,12:19:00,0.56,6,420.22,74.64,24.94,2705.1,1861.52,4566.62,0,False,Entregada,Entrega realizada en tiempo
647,3,4,56,6,2026-03-22,12:55:00,2026-03-22,13:49:00,2026-03-22,13:49:00,1.87,9,29.53,4.96,24.63,906.65,122.16,1028.81,0,False,Entregada,Entrega realizada en tiempo
648,47,6,26,47,2026-08-04,08:15:00,2026-08-04,19:59:00,2026-08-04,21:24:00,1.44,15,311.94,45.61,26.54,2323.7,1210.49,3534.19,85,True,Tardía,"Tráfico alto, Hora pico, Distancia larga, Carga pesada"
649,31,39,8,50,2026-07-26,13:21:00,2026-07-26,21:21:00,2026-07-26,21:21:00,1.07,75,262.64,21.2,26.22,2520.2,555.86,3076.06,0,False,Entregada,Entrega realizada en tiempo
650,96,16,60,28,2026-02-25,08:06:00,2026-02-25,15:07:00,2026-02-25,15:44:00,11.53,23,265.65,23.87,24.63,3165.25,587.92,3753.17,37,True,Tardía,Hora pico
651,76,4,32,35,2026-04-06,08:20:00,2026-04-06,11:54:00,2026-04-06,11:54:00,0.38,70,136.1,22.87,25.73,1778.5,588.45,2366.95,0,False,Entregada,Entrega realizada en tiempo
652,36,10,24,31,2026-07-03,14:52:00,2026-07-03,22:24:00,2026-07-03,22:58:00,16.65,40,186.83,18.74,26.37,3419.15,494.17,3913.32,34,True,Tardía,Carga pesada
653,85,4,45,43,2026-03-03,11:35:00,2026-03-03,03:02:00,2026-03-04,03:48:00,0.95,50,420.58,70.69,26.43,3097.9,1868.34,4966.24,46,True,Tardía,"Tráfico alto, Distancia larga"
654,50,1,59,26,2026-03-07,12:05:00,2026-03-07,18:04:00,2026-03-07,18:43:00,0.72,31,154.14,14.88,25.53,1590.7,379.89,1970.59,39,True,Tardía,Tráfico alto
655,99,27,51,3,2026-03-12,07:52:00,2026-03-12,10:09:00,2026-03-12,10:09:00,7.17,63,56.67,7.28,24.65,2004.35,179.45,2183.8,0,False,Entregada,Entrega realizada en tiempo
656,43,28,57,7,2026-07-31,09:44:00,2026-07-31,13:55:00,2026-07-31,13:55:00,7.34,34,117.01,17.16,24.41,2091.05,418.88,2509.93,0,False,Entregada,Entrega realizada en tiempo
657,78,36,48,21,2026-04-27,05:48:00,2026-04-27,12:51:00,2026-04-27,12:51:00,1.09,7,316.14,37.28,23.73,2245.7,884.65,3130.35,0,False,Entregada,Entrega realizada en tiempo
658,57,9,1,26,2026-02-21,12:20:00,2026-02-21,18:19:00,2026-02-21,18:51:00,0.61,74,168.97,13.82,25.07,1997.85,346.47,2344.32,32,True,Tardía,Tráfico alto
659,99,9,55,39,2026-06-25,16:50:00,2026-06-25,01:13:00,2026-06-26,01:13:00,0.41,41,207.51,16.97,26.49,1906.55,449.54,2356.09,0,False,Entregada,Entrega realizada en tiempo
660,18,17,12,44,2026-06-01,13:51:00,2026-06-01,16:01:00,2026-06-01,16:24:00,0.79,37,70.99,12.61,24.47,1229.95,308.57,1538.52,23,True,Tardía,Incidencia operativa
661,51,25,54,37,2026-02-27,05:01:00,2026-02-27,22:19:00,2026-02-27,22:19:00,7.4,72,456.67,97.16,25.51,4099.35,2478.55,6577.9,0,False,Entregada,Entrega realizada en tiempo
662,12,30,13,17,2026-06-29,09:03:00,2026-06-29,15:21:00,2026-06-29,15:21:00,9.51,52,177.48,15.25,25.4,2754.4,387.35,3141.75,0,False,Entregada,Entrega realizada en tiempo
663,20,6,24,11,2026-05-26,08:00:00,2026-05-26,10:46:00,2026-05-26,10:46:00,0.28,68,73.09,10.69,26.68,1437.45,285.21,1722.66,0,False,Entregada,Entrega realizada en tiempo
664,59,32,8,15,2026-07-02,09:12:00,2026-07-02,11:35:00,2026-07-02,12:24:00,4.48,35,59.13,5.36,24.73,1523.65,132.55,1656.2,49,True,Tardía,"Hora pico, Carga pesada"
665,27,39,14,19,2026-07-06,09:26:00,2026-07-06,22:07:00,2026-07-06,22:40:00,5.97,24,351.86,28.4,26.9,3048.3,763.96,3812.26,33,True,Tardía,"Hora pico, Distancia larga"
666,31,40,29,16,2026-04-05,17:05:00,2026-04-05,07:33:00,2026-04-06,07:33:00,0.91,2,394.69,61.67,26.49,2580.45,1633.64,4214.09,0,False,Entregada,Entrega realizada en tiempo
667,89,26,44,14,2026-07-02,15:45:00,2026-07-02,00:30:00,2026-07-03,00:30:00,6.73,55,284.93,40.65,24.02,3037.65,976.41,4014.06,0,False,Entregada,Entrega realizada en tiempo
668,13,36,4,4,2026-03-27,10:30:00,2026-03-27,13:04:00,2026-03-27,13:04:00,0.77,46,108.51,12.8,26.76,1487.55,342.53,1830.08,0,False,Entregada,Entrega realizada en tiempo
669,77,3,1,17,2026-05-10,15:19:00,2026-05-10,21:37:00,2026-05-10,21:37:00,9.27,51,193.21,41.46,23.53,2801.05,975.55,3776.6,0,False,Entregada,Entrega realizada en tiempo
670,72,3,38,12,2026-03-08,09:32:00,2026-03-08,21:10:00,2026-03-08,21:10:00,2.87,64,409.12,87.79,26.51,3344.6,2327.31,5671.91,0,False,Entregada,Entrega realizada en tiempo
671,17,6,21,46,2026-05-16,16:09:00,2026-05-16,06:59:00,2026-05-17,07:19:00,0.39,34,456.26,66.7,25.0,3092.3,1667.5,4759.8,20,True,Tardía,Distancia larga
672,36,24,60,28,2026-03-14,11:39:00,2026-03-14,18:40:00,2026-03-14,18:40:00,6.21,34,279.7,26.21,24.74,2791.5,648.44,3439.94,0,False,Entregada,Entrega realizada en tiempo
673,22,21,48,32,2026-07-15,08:35:00,2026-07-15,20:39:00,2026-07-15,21:18:00,1.5,57,381.37,53.34,23.14,3012.85,1234.29,4247.14,39,True,Tardía,"Hora pico, Distancia larga, Carga pesada"
674,34,11,46,30,2026-04-22,08:57:00,2026-04-22,14:05:00,2026-04-22,14:48:00,2.74,64,120.9,25.29,24.94,1890.5,630.73,2521.23,43,True,Tardía,Hora pico
675,64,8,55,47,2026-08-10,08:07:00,2026-08-10,19:51:00,2026-08-10,20:48:00,4.62,45,311.9,33.32,25.25,2881.5,841.33,3722.83,57,True,Tardía,"Tráfico alto, Hora pico, Distancia larga"
676,85,38,14,38,2026-01-02,19:49:00,2026-01-02,00:20:00,2026-01-03,00:44:00,12.41,74,198.23,16.84,26.07,3324.15,439.02,3763.17,24,True,Tardía,Hora pico
677,87,7,57,22,2026-01-07,12:43:00,2026-01-07,20:22:00,2026-01-07,20:22:00,1.34,16,292.25,47.91,25.36,2223.25,1215.0,3438.25,0,False,Entregada,Entrega realizada en tiempo
678,14,21,10,2,2026-01-21,17:53:00,2026-01-21,03:48:00,2026-01-22,03:48:00,0.67,62,293.19,41.01,26.82,2528.95,1099.89,3628.84,0,False,Entregada,Entrega realizada en tiempo
679,77,1,22,3,2026-06-17,17:20:00,2026-06-17,19:37:00,2026-06-17,20:13:00,0.73,73,56.91,5.49,24.13,1441.55,132.47,1574.02,36,True,Tardía,Hora pico
680,8,5,36,39,2026-04-08,07:25:00,2026-04-08,15:48:00,2026-04-08,16:22:00,17.42,33,216.52,27.2,26.41,3588.6,718.35,4306.95,34,True,Tardía,"Hora pico, Carga pesada"
681,21,25,50,26,2026-03-14,08:07:00,2026-03-14,14:06:00,2026-03-14,14:06:00,3.52,39,164.62,35.03,24.73,1987.1,866.29,2853.39,0,False,Entregada,Entrega realizada en tiempo
682,40,39,9,23,2026-06-20,08:53:00,2026-06-20,18:14:00,2026-06-20,18:14:00,3.94,48,273.91,22.11,24.96,2647.55,551.87,3199.42,0,False,Entregada,Entrega realizada en tiempo
683,50,31,18,37,2026-06-03,16:05:00,2026-06-03,09:23:00,2026-06-04,09:23:00,13.38,55,487.78,69.29,25.46,4716.9,1764.12,6481.02,0,False,Entregada,Entrega realizada en tiempo
684,56,28,6,3,2026-05-12,13:29:00,2026-05-12,15:46:00,2026-05-12,15:46:00,4.63,29,67.55,9.9,25.85,1532.75,255.92,1788.67,0,False,Entregada,Entrega realizada en tiempo
685,64,34,41,42,2026-05-15,07:18:00,2026-05-15,10:29:00,2026-05-15,11:29:00,7.18,60,92.11,7.65,25.74,2158.55,196.91,2355.46,60,True,Tardía,"Tráfico alto, Hora pico, Carga pesada"
686,39,16,34,28,2026-03-17,06:35:00,2026-03-17,13:36:00,2026-03-17,13:36:00,18.43,10,257.3,23.12,25.05,3709.5,579.16,4288.66,0,False,Entregada,Entrega realizada en tiempo
687,66,28,27,7,2026-04-29,11:22:00,2026-04-29,15:33:00,2026-04-29,15:33:00,7.49,33,120.46,17.66,26.07,2115.3,460.4,2575.7,0,False,Entregada,Entrega realizada en tiempo
688,3,8,48,43,2026-04-29,09:50:00,2026-04-29,01:17:00,2026-04-30,01:17:00,5.34,24,474.78,50.72,23.18,3599.9,1175.69,4775.59,0,False,Entregada,Entrega realizada en tiempo
689,54,20,21,38,2026-07-05,17:48:00,2026-07-05,22:19:00,2026-07-05,22:19:00,10.3,58,198.52,26.94,24.06,2986.6,648.18,3634.78,0,False,Entregada,Entrega realizada en tiempo
690,24,14,12,6,2026-07-11,11:55:00,2026-07-11,12:49:00,2026-07-11,12:49:00,2.39,14,26.21,2.82,23.07,982.05,65.06,1047.11,0,False,Entregada,Entrega realizada en tiempo
691,51,8,1,11,2026-06-17,18:29:00,2026-06-17,21:15:00,2026-06-17,21:15:00,2.56,52,67.74,7.24,26.86,1510.7,194.47,1705.17,0,False,Entregada,Entrega realizada en tiempo
692,78,32,20,40,2026-07-28,14:44:00,2026-07-28,07:46:00,2026-07-29,07:46:00,3.3,51,442.71,40.1,23.35,3451.55,936.34,4387.89,0,False,Entregada,Entrega realizada en tiempo
693,18,1,13,8,2026-07-28,05:44:00,2026-07-28,09:12:00,2026-07-28,09:12:00,1.63,25,102.41,9.89,23.84,1375.05,235.78,1610.83,0,False,Entregada,Entrega realizada en tiempo
694,84,10,42,16,2026-04-22,20:12:00,2026-04-22,10:40:00,2026-04-23,10:40:00,15.33,12,397.61,39.88,24.85,4117.05,991.02,5108.07,0,False,Entregada,Entrega realizada en tiempo
695,61,28,2,8,2026-02-12,08:47:00,2026-02-12,12:15:00,2026-02-12,12:15:00,7.89,57,107.76,15.8,24.89,2283.8,393.26,2677.06,0,False,Entregada,Entrega realizada en tiempo
696,58,38,16,13,2026-03-17,15:03:00,2026-03-17,02:46:00,2026-03-18,03:34:00,7.4,43,325.44,27.65,26.92,3211.2,744.34,3955.54,48,True,Tardía,Distancia larga
697,64,38,39,47,2026-05-22,12:02:00,2026-05-22,23:46:00,2026-05-23,01:00:00,11.51,63,314.91,26.76,23.93,3729.55,640.37,4369.92,74,True,Tardía,"Tráfico alto, Distancia larga"
698,8,34,2,28,2026-05-28,13:35:00,2026-05-28,20:36:00,2026-05-28,20:36:00,4.32,9,272.23,22.61,25.59,2365.15,578.59,2943.74,0,False,Entregada,Entrega realizada en tiempo
699,61,8,32,40,2026-06-15,14:28:00,2026-06-15,07:30:00,2026-06-16,08:00:00,1.06,56,444.57,47.5,24.88,3276.85,1181.8,4458.65,30,True,Tardía,Distancia larga
700,57,15,33,15,2026-05-31,13:58:00,2026-05-31,16:21:00,2026-05-31,16:21:00,0.26,78,57.34,11.8,25.86,1436.7,305.15,1741.85,0,False,Entregada,Entrega realizada en tiempo
701,60,9,57,19,2026-07-05,15:26:00,2026-07-05,04:07:00,2026-07-06,04:07:00,0.29,47,406.03,33.2,26.2,2935.15,869.84,3804.99,0,False,Entregada,Entrega realizada en tiempo
702,21,40,14,19,2026-06-26,07:42:00,2026-06-26,20:23:00,2026-06-26,21:09:00,0.93,62,406.22,63.47,23.4,3120.1,1485.2,4605.3,46,True,Tardía,"Hora pico, Distancia larga"
703,54,32,20,16,2026-02-23,20:03:00,2026-02-23,10:31:00,2026-02-24,10:31:00,2.13,3,412.21,37.34,24.04,2798.05,897.65,3695.7,0,False,Entregada,Entrega realizada en tiempo
704,87,11,12,33,2026-01-09,07:21:00,2026-01-09,16:15:00,2026-01-09,17:07:00,2.26,56,278.23,58.21,23.9,2565.15,1391.22,3956.37,52,True,Tardía,"Tráfico alto, Hora pico"
705,34,22,51,23,2026-07-16,06:49:00,2026-07-16,16:10:00,2026-07-16,16:10:00,0.34,72,275.97,26.69,23.6,2489.85,629.88,3119.73,0,False,Entregada,Entrega realizada en tiempo
706,89,33,39,43,2026-01-27,06:59:00,2026-01-27,22:26:00,2026-01-27,22:26:00,0.36,57,453.78,57.88,26.85,3260.9,1554.08,4814.98,0,False,Entregada,Entrega realizada en tiempo
707,97,8,7,40,2026-06-06,08:52:00,2026-06-06,01:54:00,2026-06-07,02:25:00,4.0,72,425.85,45.5,26.48,3605.25,1204.84,4810.09,31,True,Tardía,"Hora pico, Distancia larga"
708,47,11,47,19,2026-07-01,17:48:00,2026-07-01,06:29:00,2026-07-02,06:29:00,0.45,65,393.07,82.23,26.48,3030.35,2177.45,5207.8,0,False,Entregada,Entrega realizada en tiempo
709,20,24,22,9,2026-02-01,09:28:00,2026-02-01,17:01:00,2026-02-01,17:01:00,3.18,54,179.15,16.79,23.03,2145.75,386.67,2532.42,0,False,Entregada,Entrega realizada en tiempo
710,61,22,19,33,2026-02-13,07:17:00,2026-02-13,16:11:00,2026-02-13,16:11:00,1.53,48,257.76,24.93,24.66,2325.8,614.77,2940.57,0,False,Entregada,Entrega realizada en tiempo
711,81,16,10,49,2026-07-12,19:26:00,2026-07-12,09:57:00,2026-07-13,10:56:00,13.81,30,422.4,37.95,26.59,4233.0,1009.09,5242.09,59,True,Tardía,"Hora pico, Distancia larga"
712,67,24,2,29,2026-02-07,05:45:00,2026-02-07,10:59:00,2026-02-07,10:59:00,1.75,67,174.28,16.33,23.34,2082.4,381.14,2463.54,0,False,Entregada,Entrega realizada en tiempo
713,41,26,50,11,2026-04-22,06:25:00,2026-04-22,09:11:00,2026-04-22,09:11:00,1.96,5,69.52,9.92,25.57,1083.6,253.65,1337.25,0,False,Entregada,Entrega realizada en tiempo
714,74,4,41,46,2026-07-24,19:18:00,2026-07-24,10:08:00,2026-07-25,11:04:00,0.44,54,432.4,72.67,26.64,3138.0,1935.93,5073.93,56,True,Tardía,"Hora pico, Distancia larga"
715,2,18,58,34,2026-06-06,08:44:00,2026-06-06,12:35:00,2026-06-06,12:35:00,0.26,52,109.34,10.24,23.82,1488.7,243.92,1732.62,0,False,Entregada,Entrega realizada en tiempo
716,70,40,51,40,2026-06-16,17:44:00,2026-06-16,10:46:00,2026-06-17,10:46:00,1.53,45,483.35,75.52,26.13,3429.75,1973.34,5403.09,0,False,Entregada,Entrega realizada en tiempo
717,52,13,57,20,2026-01-22,06:34:00,2026-01-22,08:07:00,2026-01-22,08:07:00,13.64,43,56.81,4.63,25.88,2492.05,119.82,2611.87,0,False,Entregada,Entrega realizada en tiempo
718,17,34,35,19,2026-02-24,07:32:00,2026-02-24,20:13:00,2026-02-24,21:08:00,5.31,71,375.04,31.15,23.09,3474.2,719.25,4193.45,55,True,Tardía,"Hora pico, Distancia larga"
719,70,38,17,16,2026-08-02,12:46:00,2026-08-02,03:14:00,2026-08-03,03:14:00,6.5,55,397.47,33.77,23.44,3577.35,791.57,4368.92,0,False,Entregada,Entrega realizada en tiempo
720,8,24,17,41,2026-05-10,14:07:00,2026-05-10,21:23:00,2026-05-10,21:23:00,5.95,7,193.01,18.09,26.77,2116.05,484.27,2600.32,0,False,Entregada,Entrega realizada en tiempo
721,58,20,37,48,2026-01-02,17:21:00,2026-01-02,22:34:00,2026-01-02,22:34:00,2.64,31,178.69,24.25,26.96,1905.45,653.78,2559.23,0,False,Entregada,Entrega realizada en tiempo
722,73,35,55,39,2026-03-01,14:19:00,2026-03-01,22:42:00,2026-03-01,22:42:00,0.68,37,227.7,30.73,26.26,2002.5,806.97,2809.47,0,False,Entregada,Entrega realizada en tiempo
723,74,9,46,25,2026-05-14,10:06:00,2026-05-14,19:32:00,2026-05-14,19:32:00,0.67,42,360.12,29.45,23.77,2703.6,700.03,3403.63,0,False,Entregada,Entrega realizada en tiempo
724,100,24,30,7,2026-02-07,16:53:00,2026-02-07,21:04:00,2026-02-07,21:15:00,0.27,53,121.29,11.37,24.7,1557.45,280.84,1838.29,11,True,Tardía,Incidencia operativa
725,17,31,14,29,2026-01-20,14:43:00,2026-01-20,19:57:00,2026-01-20,19:57:00,12.5,68,169.9,24.13,25.24,3143.5,609.04,3752.54,0,False,Entregada,Entrega realizada en tiempo
726,100,26,56,17,2026-05-30,18:40:00,2026-05-30,00:58:00,2026-05-31,00:58:00,3.97,55,187.53,26.75,25.76,2274.65,689.08,2963.73,0,False,Entregada,Entrega realizada en tiempo
727,63,27,53,11,2026-02-06,19:08:00,2026-02-06,21:54:00,2026-02-06,21:54:00,2.04,63,72.72,9.35,23.52,1571.6,219.91,1791.51,0,False,Entregada,Entrega realizada en tiempo
728,91,33,56,34,2026-01-31,09:29:00,2026-01-31,13:20:00,2026-01-31,13:57:00,0.36,61,99.0,12.63,24.48,1519.0,309.18,1828.18,37,True,Tardía,Hora pico
729,16,39,55,27,2026-01-29,08:23:00,2026-01-29,20:06:00,2026-01-29,20:49:00,2.22,74,342.8,27.67,24.49,3028.0,677.64,3705.64,43,True,Tardía,"Hora pico, Distancia larga"
730,48,20,19,32,2026-01-08,08:09:00,2026-01-08,20:13:00,2026-01-08,20:13:00,10.24,76,413.11,56.05,26.75,4197.55,1499.34,5696.89,0,False,Entregada,Entrega realizada en tiempo
731,40,19,14,12,2026-07-29,18:00:00,2026-07-29,05:38:00,2026-07-30,05:38:00,3.83,16,386.12,38.04,23.27,2941.6,885.19,3826.79,0,False,Entregada,Entrega realizada en tiempo
732,6,27,31,37,2026-03-21,17:57:00,2026-03-21,11:15:00,2026-03-22,11:15:00,7.56,44,447.77,57.55,24.9,3846.85,1432.99,5279.84,0,False,Entregada,Entrega realizada en tiempo
733,93,39,9,49,2026-02-05,19:40:00,2026-02-05,10:11:00,2026-02-06,10:11:00,7.26,59,357.16,28.83,25.67,3483.8,740.07,4223.87,0,False,Entregada,Entrega realizada en tiempo
734,20,21,6,40,2026-06-20,16:24:00,2026-06-20,09:26:00,2026-06-21,09:26:00,0.96,30,425.68,59.54,24.36,2964.4,1450.39,4414.79,0,False,Entregada,Entrega realizada en tiempo
735,6,29,48,18,2026-06-15,07:55:00,2026-06-15,00:03:00,2026-06-16,00:03:00,9.06,22,445.31,46.53,25.29,3808.55,1176.74,4985.29,0,False,Entregada,Entrega realizada en tiempo
736,99,20,36,42,2026-02-01,20:05:00,2026-02-01,23:16:00,2026-02-01,23:16:00,6.16,25,95.22,12.92,25.17,1792.1,325.2,2117.3,0,False,Entregada,Entrega realizada en tiempo
737,97,4,37,34,2026-02-18,18:32:00,2026-02-18,22:23:00,2026-02-18,23:00:00,1.12,3,108.3,18.2,26.85,1177.5,488.67,1666.17,37,True,Tardía,Hora pico
738,36,14,16,46,2026-08-03,17:05:00,2026-08-03,07:55:00,2026-08-04,07:55:00,5.83,69,448.29,48.31,24.61,3876.45,1188.91,5065.36,0,False,Entregada,Entrega realizada en tiempo
739,6,32,56,2,2026-03-29,16:11:00,2026-03-29,02:06:00,2026-03-30,03:18:00,4.47,54,323.82,29.33,23.36,2998.1,685.15,3683.25,72,True,Tardía,"Tráfico alto, Distancia larga, Carga pesada"
740,13,35,11,19,2026-02-06,09:16:00,2026-02-06,21:57:00,2026-02-06,22:36:00,0.56,12,386.49,52.16,25.46,2584.45,1327.99,3912.44,39,True,Tardía,"Hora pico, Distancia larga"
741,42,12,2,46,2026-01-15,12:24:00,2026-01-15,03:14:00,2026-01-16,03:14:00,0.74,13,397.64,56.89,24.65,2666.2,1402.34,4068.54,0,False,Entregada,Entrega realizada en tiempo
742,42,17,25,8,2026-01-14,09:15:00,2026-01-14,12:43:00,2026-01-14,12:43:00,0.94,77,90.96,16.16,24.97,1664.8,403.52,2068.32,0,False,Entregada,Entrega realizada en tiempo
743,97,33,25,8,2026-03-10,06:20:00,2026-03-10,09:48:00,2026-03-10,09:48:00,0.88,60,99.0,12.63,23.26,1563.0,293.77,1856.77,0,False,Entregada,Entrega realizada en tiempo
744,4,27,41,15,2026-08-15,05:17:00,2026-08-15,07:40:00,2026-08-15,07:40:00,8.76,71,64.94,8.35,25.7,2268.7,214.59,2483.29,0,False,Entregada,Entrega realizada en tiempo
745,32,36,42,9,2026-03-19,16:28:00,2026-03-19,00:01:00,2026-03-20,00:01:00,1.68,11,200.71,23.67,25.0,1759.55,591.75,2351.3,0,False,Entregada,Entrega realizada en tiempo
746,19,24,35,11,2026-07-20,10:34:00,2026-07-20,13:20:00,2026-07-20,13:20:00,4.18,55,66.27,6.21,25.22,1689.35,156.62,1845.97,0,False,Entregada,Entrega realizada en tiempo
747,6,1,53,30,2026-08-01,12:41:00,2026-08-01,17:49:00,2026-08-01,18:14:00,0.96,22,122.43,11.82,24.09,1384.15,284.74,1668.89,25,True,Tardía,Incidencia operativa
748,33,25,23,41,2026-02-24,19:18:00,2026-02-24,02:34:00,2026-02-25,03:24:00,8.22,6,195.32,41.56,23.28,2346.6,967.52,3314.12,50,True,Tardía,Hora pico
749,12,26,45,8,2026-08-01,08:46:00,2026-08-01,12:14:00,2026-08-01,12:14:00,10.06,72,91.02,12.98,26.51,2537.1,344.1,2881.2,0,False,Entregada,Entrega realizada en tiempo
750,27,40,33,21,2026-08-15,13:40:00,2026-08-15,20:43:00,2026-08-15,20:43:00,0.31,34,306.94,47.96,25.83,2337.7,1238.81,3576.51,0,False,Entregada,Entrega realizada en tiempo
751,35,16,43,21,2026-03-29,09:29:00,2026-03-29,16:32:00,2026-03-29,16:32:00,1.61,77,270.72,24.32,26.66,2630.6,648.37,3278.97,0,False,Entregada,Entrega realizada en tiempo
752,18,1,39,31,2026-01-02,05:43:00,2026-01-02,13:15:00,2026-01-02,13:15:00,0.22,23,215.74,20.82,26.58,1784.7,553.4,2338.1,0,False,Entregada,Entrega realizada en tiempo
753,91,32,49,26,2026-05-18,07:50:00,2026-05-18,13:49:00,2026-05-18,13:49:00,3.49,10,163.22,14.78,26.57,1745.1,392.7,2137.8,0,False,Entregada,Entrega realizada en tiempo
754,86,29,44,8,2026-04-01,15:52:00,2026-04-01,19:20:00,2026-04-01,19:20:00,8.3,77,96.87,10.12,23.71,2430.35,239.95,2670.3,0,False,Entregada,Entrega realizada en tiempo
755,99,1,8,30,2026-04-05,09:28:00,2026-04-05,14:36:00,2026-04-05,14:59:00,1.33,2,135.2,13.05,25.72,1325.0,335.65,1660.65,23,True,Tardía,Hora pico
756,91,23,13,6,2026-07-28,12:51:00,2026-07-28,13:45:00,2026-07-28,13:45:00,0.49,29,26.72,4.89,24.98,914.6,122.15,1036.75,0,False,Entregada,Entrega realizada en tiempo
757,47,3,18,32,2026-06-30,09:00:00,2026-06-30,21:04:00,2026-06-30,21:04:00,1.32,26,391.46,84.0,25.55,2797.3,2146.2,4943.5,0,False,Entregada,Entrega realizada en tiempo
758,15,18,37,33,2026-05-07,09:35:00,2026-05-07,18:29:00,2026-05-07,18:29:00,0.88,25,268.88,25.18,25.26,2132.4,636.05,2768.45,0,False,Entregada,Entrega realizada en tiempo
759,88,39,37,12,2026-01-17,08:47:00,2026-01-17,20:25:00,2026-01-17,21:18:00,0.38,9,383.93,30.99,23.77,2529.65,736.63,3266.28,53,True,Tardía,"Hora pico, Distancia larga"
760,87,2,45,44,2026-05-17,11:43:00,2026-05-17,13:53:00,2026-05-17,13:53:00,15.95,72,62.35,12.57,23.01,2982.75,289.24,3271.99,0,False,Entregada,Entrega realizada en tiempo
761,55,4,55,21,2026-04-21,16:17:00,2026-04-21,23:20:00,2026-04-21,23:20:00,1.99,16,301.8,50.72,24.87,2336.0,1261.41,3597.41,0,False,Entregada,Entrega realizada en tiempo
762,47,34,49,3,2026-08-15,10:03:00,2026-08-15,12:20:00,2026-08-15,12:20:00,3.33,36,58.3,4.84,25.13,1412.5,121.63,1534.13,0,False,Entregada,Entrega realizada en tiempo
763,41,1,26,13,2026-03-27,07:56:00,2026-03-27,19:39:00,2026-03-27,19:39:00,0.38,74,325.97,31.46,26.96,2759.85,848.16,3608.01,0,False,Entregada,Entrega realizada en tiempo
764,29,28,5,16,2026-02-20,09:21:00,2026-02-20,23:49:00,2026-02-21,00:32:00,7.11,40,439.26,64.41,24.92,3727.3,1605.1,5332.4,43,True,Tardía,"Hora pico, Distancia larga"
765,4,38,52,41,2026-03-27,11:15:00,2026-03-27,18:31:00,2026-03-27,18:31:00,8.04,14,177.87,15.11,26.84,2305.35,405.55,2710.9,0,False,Entregada,Entrega realizada en tiempo
766,7,22,34,16,2026-01-19,17:48:00,2026-01-19,08:16:00,2026-01-20,08:16:00,1.5,13,451.87,43.7,25.32,3013.35,1106.48,4119.83,0,False,Entregada,Entrega realizada en tiempo
767,11,4,59,3,2026-04-07,13:56:00,2026-04-07,16:13:00,2026-04-07,16:13:00,0.88,9,67.41,11.33,23.25,997.05,263.42,1260.47,0,False,Entregada,Entrega realizada en tiempo
768,57,4,20,40,2026-06-10,16:04:00,2026-06-10,09:06:00,2026-06-11,09:06:00,1.6,14,463.24,77.86,25.24,3088.2,1965.19,5053.39,0,False,Entregada,Entrega realizada en tiempo
769,38,25,26,7,2026-06-08,16:14:00,2026-06-08,20:25:00,2026-06-08,20:25:00,8.34,77,130.58,27.78,25.5,2602.9,708.39,3311.29,0,False,Entregada,Entrega realizada en tiempo
770,59,25,30,28,2026-08-14,08:21:00,2026-08-14,15:22:00,2026-08-14,15:22:00,7.34,4,257.92,54.88,24.31,2555.6,1334.13,3889.73,0,False,Entregada,Entrega realizada en tiempo
771,25,7,7,1,2026-06-02,07:37:00,2026-06-02,13:56:00,2026-06-02,13:56:00,0.75,25,202.31,33.17,23.5,1786.55,779.5,2566.05,0,False,Entregada,Entrega realizada en tiempo
772,66,17,23,27,2026-05-04,17:11:00,2026-05-04,04:54:00,2026-05-05,05:20:00,0.4,32,306.65,54.47,24.25,2329.25,1320.9,3650.15,26,True,Tardía,"Hora pico, Distancia larga"
773,56,33,42,49,2026-04-02,12:37:00,2026-04-02,03:08:00,2026-04-03,03:08:00,0.53,70,382.3,48.76,23.59,3024.5,1150.25,4174.75,0,False,Entregada,Entrega realizada en tiempo
774,40,39,22,19,2026-04-05,05:33:00,2026-04-05,18:14:00,2026-04-05,18:14:00,5.32,76,404.61,32.66,23.58,3663.05,770.12,4433.17,0,False,Entregada,Entrega realizada en tiempo
775,31,33,53,36,2026-08-08,06:27:00,2026-08-08,10:21:00,2026-08-08,11:07:00,0.38,45,93.69,11.95,26.63,1366.45,318.23,1684.68,46,True,Tardía,Tráfico alto
776,9,22,13,43,2026-05-02,17:38:00,2026-05-02,09:05:00,2026-05-03,09:05:00,0.46,43,476.38,46.07,25.26,3271.9,1163.73,4435.63,0,False,Entregada,Entrega realizada en tiempo
777,43,40,20,27,2026-03-26,09:06:00,2026-03-26,20:49:00,2026-03-26,20:49:00,1.06,59,301.49,47.11,26.64,2585.45,1255.01,3840.46,0,False,Entregada,Entrega realizada en tiempo
778,64,15,59,1,2026-06-13,10:44:00,2026-06-13,17:03:00,2026-06-13,17:03:00,0.95,30,199.93,41.14,23.85,1834.65,981.19,2815.84,0,False,Entregada,Entrega realizada en tiempo
779,62,22,52,48,2026-04-07,09:25:00,2026-04-07,14:38:00,2026-04-07,14:38:00,1.33,24,197.94,19.14,23.03,1814.7,440.79,2255.49,0,False,Entregada,Entrega realizada en tiempo
780,2,5,23,2,2026-05-23,08:09:00,2026-05-23,18:04:00,2026-05-23,19:24:00,4.84,38,321.96,40.45,26.9,2897.8,1088.11,3985.91,80,True,Tardía,"Tráfico alto, Hora pico, Distancia larga"
781,26,13,19,12,2026-02-26,11:46:00,2026-02-26,23:24:00,2026-02-26,23:24:00,10.26,23,444.3,36.24,25.22,3931.5,913.97,4845.47,0,False,Entregada,Entrega realizada en tiempo
782,23,13,2,12,2026-08-04,11:58:00,2026-08-04,23:36:00,2026-08-05,00:07:00,16.11,13,439.09,35.81,25.62,4410.45,917.45,5327.9,31,True,Tardía,Distancia larga
783,15,22,60,14,2026-03-20,17:15:00,2026-03-20,02:00:00,2026-03-21,02:00:00,1.08,48,254.98,24.66,25.64,2266.9,632.28,2899.18,0,False,Entregada,Entrega realizada en tiempo
784,68,40,57,28,2026-08-13,07:07:00,2026-08-13,14:08:00,2026-08-13,14:08:00,0.92,19,303.21,47.38,23.52,2260.05,1114.38,3374.43,0,False,Entregada,Entrega realizada en tiempo
785,25,13,35,25,2026-06-27,14:20:00,2026-06-27,23:46:00,2026-06-27,23:46:00,20.67,77,312.74,25.51,25.54,4746.7,651.53,5398.23,0,False,Entregada,Entrega realizada en tiempo
786,6,40,38,13,2026-08-07,20:18:00,2026-08-07,08:01:00,2026-08-08,08:01:00,0.42,20,296.6,46.34,23.21,2185.0,1075.55,3260.55,0,False,Entregada,Entrega realizada en tiempo
787,36,9,55,33,2026-05-30,18:13:00,2026-05-30,03:07:00,2026-05-31,03:07:00,0.66,11,298.51,24.41,26.16,2146.55,638.57,2785.12,0,False,Entregada,Entrega realizada en tiempo
788,79,5,11,33,2026-04-10,19:23:00,2026-04-10,04:17:00,2026-04-11,04:17:00,4.12,64,281.79,35.4,23.72,2832.95,839.69,3672.64,0,False,Entregada,Entrega realizada en tiempo
789,92,24,34,45,2026-05-04,18:30:00,2026-05-04,21:11:00,2026-05-04,21:11:00,5.65,35,87.99,8.25,25.55,1784.95,210.79,1995.74,0,False,Entregada,Entrega realizada en tiempo
790,75,3,14,15,2026-02-21,17:55:00,2026-02-21,20:18:00,2026-02-21,20:18:00,6.38,31,64.12,13.76,24.22,1706.6,333.27,2039.87,0,False,Entregada,Entrega realizada en tiempo
791,49,37,11,24,2026-03-07,20:05:00,2026-03-07,04:42:00,2026-03-08,04:42:00,0.65,18,303.2,32.32,24.18,2225.0,781.5,3006.5,0,False,Entregada,Entrega realizada en tiempo
792,67,23,15,38,2026-01-11,17:32:00,2026-01-11,22:03:00,2026-01-11,22:03:00,1.09,80,194.9,35.7,24.8,2223.5,885.36,3108.86,0,False,Entregada,Entrega realizada en tiempo
793,56,27,24,32,2026-03-23,11:24:00,2026-03-23,23:28:00,2026-03-24,00:13:00,11.93,4,389.72,50.09,23.3,3673.6,1167.1,4840.7,45,True,Tardía,"Distancia larga, Carga pesada"
794,11,19,54,33,2026-05-12,20:41:00,2026-05-12,05:35:00,2026-05-13,05:35:00,5.86,11,263.25,25.94,26.71,2490.25,692.86,3183.11,0,False,Entregada,Entrega realizada en tiempo
795,13,8,5,24,2026-01-10,20:12:00,2026-01-10,04:49:00,2026-01-11,05:27:00,2.9,43,285.88,30.54,24.21,2563.4,739.37,3302.77,38,True,Tardía,Tráfico alto
796,99,18,13,46,2026-06-04,08:54:00,2026-06-04,23:44:00,2026-06-04,23:44:00,0.42,70,435.13,40.74,23.03,3277.65,938.24,4215.89,0,False,Entregada,Entrega realizada en tiempo
797,39,19,53,23,2026-07-20,15:25:00,2026-07-20,00:46:00,2026-07-21,00:46:00,7.58,75,248.24,24.46,23.05,3099.2,563.8,3663.0,0,False,Entregada,Entrega realizada en tiempo
798,84,33,49,10,2026-08-10,15:14:00,2026-08-10,17:39:00,2026-08-10,17:39:00,0.5,30,87.84,11.2,23.84,1229.2,267.01,1496.21,0,False,Entregada,Entrega realizada en tiempo
799,30,34,38,36,2026-07-13,17:46:00,2026-07-13,21:40:00,2026-07-13,22:23:00,1.87,60,102.03,8.47,24.72,1677.15,209.38,1886.53,43,True,Tardía,"Tráfico alto, Hora pico"
800,90,27,14,29,2026-04-26,20:01:00,2026-04-26,01:15:00,2026-04-27,01:15:00,10.05,48,191.16,24.57,26.5,2844.8,651.11,3495.91,0,False,Entregada,Entrega realizada en tiempo
801,40,1,32,43,2026-08-02,14:21:00,2026-08-02,05:48:00,2026-08-03,05:48:00,0.47,29,431.46,41.65,25.74,2936.3,1072.07,4008.37,0,False,Entregada,Entrega realizada en tiempo
802,52,35,20,21,2026-05-31,05:36:00,2026-05-31,12:39:00,2026-05-31,12:39:00,1.1,5,297.84,40.19,23.61,2139.2,948.89,3088.09,0,False,Entregada,Entrega realizada en tiempo
803,43,37,41,39,2026-06-05,15:24:00,2026-06-05,23:47:00,2026-06-05,23:47:00,0.2,27,224.98,23.99,23.25,1860.9,557.77,2418.67,0,False,Entregada,Entrega realizada en tiempo
804,50,13,31,7,2026-03-26,17:40:00,2026-03-26,21:51:00,2026-03-26,22:26:00,0.97,39,129.03,10.52,23.71,1554.15,249.43,1803.58,35,True,Tardía,Hora pico
805,89,39,32,2,2026-02-17,09:04:00,2026-02-17,18:59:00,2026-02-17,20:03:00,1.89,50,333.83,26.94,24.82,2758.15,668.65,3426.8,64,True,Tardía,"Tráfico alto, Hora pico, Distancia larga"
806,48,34,1,11,2026-03-25,16:25:00,2026-03-25,19:11:00,2026-03-25,19:11:00,3.22,21,69.85,5.8,23.52,1339.25,136.42,1475.67,0,False,Entregada,Entrega realizada en tiempo
807,54,31,48,5,2026-04-10,09:08:00,2026-04-10,19:04:00,2026-04-10,20:08:00,4.0,27,277.13,39.37,25.3,2501.65,996.06,3497.71,64,True,Tardía,"Tráfico alto, Hora pico"
808,40,38,13,33,2026-07-03,17:17:00,2026-07-03,02:11:00,2026-07-04,03:27:00,13.16,26,308.08,26.18,26.23,3564.4,686.7,4251.1,76,True,Tardía,"Tráfico alto, Hora pico, Distancia larga, Carga pesada"
809,68,22,59,37,2026-08-14,18:29:00,2026-08-14,11:47:00,2026-08-15,11:47:00,0.69,60,447.28,43.26,25.95,3285.4,1122.6,4408.0,0,False,Entregada,Entrega realizada en tiempo
810,37,30,23,45,2026-08-04,12:25:00,2026-08-04,15:06:00,2026-08-04,15:06:00,9.41,79,90.45,7.77,26.4,2525.25,205.13,2730.38,0,False,Entregada,Entrega realizada en tiempo
811,54,16,12,40,2026-07-07,16:29:00,2026-07-07,09:31:00,2026-07-08,09:31:00,11.82,50,446.65,40.13,23.73,4315.25,952.28,5267.53,0,False,Entregada,Entrega realizada en tiempo
812,73,7,26,45,2026-01-12,10:56:00,2026-01-12,13:37:00,2026-01-12,13:37:00,0.87,21,87.39,14.33,25.51,1191.95,365.56,1557.51,0,False,Entregada,Entrega realizada en tiempo
813,38,5,45,47,2026-07-04,09:58:00,2026-07-04,21:42:00,2026-07-04,22:45:00,0.26,64,343.35,43.13,26.02,2754.75,1122.24,3876.99,63,True,Tardía,"Tráfico alto, Hora pico, Distancia larga"
814,65,21,27,29,2026-02-12,11:13:00,2026-02-12,16:27:00,2026-02-12,16:37:00,0.75,65,197.51,27.62,23.29,2082.55,643.27,2725.82,10,True,Tardía,Incidencia operativa
815,89,30,25,22,2026-07-10,15:54:00,2026-07-10,23:33:00,2026-07-10,23:33:00,1.39,25,325.96,28.0,23.04,2468.8,645.12,3113.92,0,False,Entregada,Entrega realizada en tiempo
816,15,9,21,43,2026-07-11,17:31:00,2026-07-11,08:58:00,2026-07-12,10:10:00,0.51,60,455.71,37.26,24.88,3309.55,927.03,4236.58,72,True,Tardía,"Tráfico alto, Hora pico, Distancia larga"
817,36,11,11,2,2026-06-05,08:11:00,2026-06-05,18:06:00,2026-06-05,18:55:00,0.46,38,311.72,65.21,25.71,2408.6,1676.55,4085.15,49,True,Tardía,"Tráfico alto, Hora pico, Distancia larga"
818,20,29,23,12,2026-02-25,06:57:00,2026-02-25,18:35:00,2026-02-25,18:54:00,15.53,69,421.94,44.09,24.56,4714.7,1082.85,5797.55,19,True,Tardía,Distancia larga
819,40,29,4,39,2026-01-02,06:49:00,2026-01-02,15:12:00,2026-01-02,15:12:00,16.68,49,221.53,23.15,26.72,3667.65,618.57,4286.22,0,False,Entregada,Entrega realizada en tiempo
820,48,16,13,6,2026-01-05,16:01:00,2026-01-05,16:55:00,2026-01-05,16:55:00,15.97,2,27.24,2.45,23.77,2249.2,58.24,2307.44,0,False,Entregada,Entrega realizada en tiempo
821,86,5,15,7,2026-07-24,09:46:00,2026-07-24,13:57:00,2026-07-24,14:31:00,15.37,22,123.22,15.48,26.26,2829.1,406.5,3235.6,34,True,Tardía,Hora pico
822,42,36,41,13,2026-06-09,09:59:00,2026-06-09,21:42:00,2026-06-09,21:42:00,0.33,70,292.16,34.45,24.71,2553.8,851.26,3405.06,0,False,Entregada,Entrega realizada en tiempo
823,30,14,7,23,2026-03-24,09:00:00,2026-03-24,18:21:00,2026-03-24,18:21:00,2.6,52,283.34,30.53,23.05,2592.7,703.72,3296.42,0,False,Entregada,Entrega realizada en tiempo
824,28,30,15,5,2026-06-18,11:41:00,2026-06-18,21:37:00,2026-06-18,22:23:00,9.22,80,303.6,26.08,24.21,3580.0,631.4,4211.4,46,True,Tardía,"Tráfico alto, Distancia larga"
825,77,32,7,46,2026-05-18,09:16:00,2026-05-18,00:06:00,2026-05-19,00:06:00,2.51,13,412.38,37.35,26.93,2916.9,1005.84,3922.74,0,False,Entregada,Entrega realizada en tiempo
826,90,25,44,50,2026-06-27,08:21:00,2026-06-27,16:21:00,2026-06-27,16:21:00,1.8,23,243.63,51.84,26.54,2082.15,1375.83,3457.98,0,False,Entregada,Entrega realizada en tiempo
827,41,31,5,22,2026-01-05,17:24:00,2026-01-05,01:03:00,2026-01-06,01:03:00,11.29,66,295.45,41.97,23.93,3634.25,1004.34,4638.59,0,False,Entregada,Entrega realizada en tiempo
828,76,1,15,2,2026-06-07,08:19:00,2026-06-07,18:14:00,2026-06-07,18:14:00,0.52,31,312.79,30.19,26.03,2363.95,785.85,3149.8,0,False,Entregada,Entrega realizada en tiempo
829,80,6,4,9,2026-04-06,18:18:00,2026-04-06,01:51:00,2026-04-07,02:32:00,1.12,26,214.18,31.31,23.15,1890.9,724.83,2615.73,41,True,Tardía,Hora pico
830,93,39,29,48,2026-08-13,13:08:00,2026-08-13,18:21:00,2026-08-13,19:09:00,8.0,36,188.29,15.2,25.59,2529.45,388.97,2918.42,48,True,Tardía,"Tráfico alto, Carga pesada"
831,37,2,15,47,2026-03-26,13:15:00,2026-03-26,00:59:00,2026-03-27,00:59:00,7.05,27,344.41,69.44,26.63,3143.05,1849.19,4992.24,0,False,Entregada,Entrega realizada en tiempo
832,86,16,52,44,2026-06-28,10:38:00,2026-06-28,12:48:00,2026-06-28,12:48:00,15.59,49,60.16,5.41,23.73,2751.8,128.38,2880.18,0,False,Entregada,Entrega realizada en tiempo
833,81,1,5,32,2026-01-18,09:03:00,2026-01-18,21:07:00,2026-01-18,21:07:00,0.8,19,404.44,39.04,23.5,2754.2,917.44,3671.64,0,False,Entregada,Entrega realizada en tiempo
834,23,38,36,14,2026-03-02,19:05:00,2026-03-02,03:50:00,2026-03-03,03:50:00,5.87,55,275.4,23.4,24.25,2904.0,567.45,3471.45,0,False,Entregada,Entrega realizada en tiempo
835,93,13,16,28,2026-02-15,10:19:00,2026-02-15,17:20:00,2026-02-15,17:20:00,13.04,37,260.91,21.28,26.87,3404.55,571.79,3976.34,0,False,Entregada,Entrega realizada en tiempo
836,26,18,56,31,2026-01-21,14:25:00,2026-01-21,21:57:00,2026-01-21,22:21:00,0.52,49,192.23,18.0,24.69,1905.15,444.42,2349.57,24,True,Tardía,Incidencia operativa
837,79,28,49,10,2026-07-29,18:01:00,2026-07-29,20:26:00,2026-07-29,20:26:00,0.43,49,75.56,11.08,23.33,1312.8,258.5,1571.3,0,False,Entregada,Entrega realizada en tiempo
838,39,39,35,10,2026-05-22,09:16:00,2026-05-22,11:41:00,2026-05-22,11:41:00,7.15,49,79.5,6.42,24.81,2004.5,159.28,2163.78,0,False,Entregada,Entrega realizada en tiempo
839,49,36,39,31,2026-01-19,13:08:00,2026-01-19,20:40:00,2026-01-19,20:56:00,1.06,61,190.87,22.51,23.02,2048.35,518.18,2566.53,16,True,Tardía,Incidencia operativa
840,65,24,32,26,2026-04-17,15:47:00,2026-04-17,21:46:00,2026-04-17,21:46:00,6.3,48,160.22,15.02,24.23,2315.1,363.93,2679.03,0,False,Entregada,Entrega realizada en tiempo
841,76,5,27,3,2026-02-01,15:59:00,2026-02-01,18:16:00,2026-02-01,18:39:00,8.1,73,66.15,8.31,26.83,2224.75,222.96,2447.71,23,True,Tardía,Incidencia operativa
842,99,23,33,46,2026-05-06,14:44:00,2026-05-06,05:34:00,2026-05-07,05:34:00,1.52,8,392.19,71.83,26.71,2676.95,1918.58,4595.53,0,False,Entregada,Entrega realizada en tiempo
843,95,16,16,31,2026-01-09,14:40:00,2026-01-09,22:12:00,2026-01-09,22:12:00,15.92,4,196.9,17.69,25.58,3108.5,452.51,3561.01,0,False,Entregada,Entrega realizada en tiempo
844,34,39,30,44,2026-02-07,11:15:00,2026-02-07,13:25:00,2026-02-07,13:25:00,4.24,78,60.35,4.87,25.65,1849.75,124.92,1974.67,0,False,Entregada,Entrega realizada en tiempo
845,21,1,8,50,2026-01-24,15:25:00,2026-01-24,23:25:00,2026-01-24,23:25:00,0.32,76,262.81,25.37,23.32,2454.05,591.63,3045.68,0,False,Entregada,Entrega realizada en tiempo
846,25,28,11,28,2026-03-06,12:32:00,2026-03-06,19:33:00,2026-03-06,19:33:00,4.63,69,274.25,40.21,24.53,2886.25,986.35,3872.6,0,False,Entregada,Entrega realizada en tiempo
847,40,27,49,47,2026-08-11,07:06:00,2026-08-11,18:50:00,2026-08-11,18:50:00,10.0,74,352.68,45.33,24.38,3855.4,1105.15,4960.55,0,False,Entregada,Entrega realizada en tiempo
848,19,18,48,14,2026-07-11,15:44:00,2026-07-11,00:29:00,2026-07-12,00:44:00,0.34,40,277.38,25.97,26.27,2240.9,682.23,2923.13,15,True,Tardía,Incidencia operativa
849,1,7,5,50,2026-06-28,16:33:00,2026-06-28,00:33:00,2026-06-29,00:33:00,0.42,54,263.93,43.27,25.93,2293.65,1121.99,3415.64,0,False,Entregada,Entrega realizada en tiempo
850,22,12,24,12,2026-06-30,08:12:00,2026-06-30,19:50:00,2026-06-30,20:33:00,1.02,63,453.4,64.86,23.74,3373.0,1539.78,4912.78,43,True,Tardía,"Hora pico, Distancia larga"
851,8,12,52,49,2026-02-19,11:57:00,2026-02-19,02:28:00,2026-02-20,02:28:00,0.29,53,354.14,50.66,26.65,2723.7,1350.09,4073.79,0,False,Entregada,Entrega realizada en tiempo
852,14,11,6,19,2026-01-22,15:07:00,2026-01-22,03:48:00,2026-01-23,04:10:00,1.35,36,356.18,74.51,24.91,2703.9,1856.04,4559.94,22,True,Tardía,Distancia larga
853,87,7,1,4,2026-03-10,05:42:00,2026-03-10,08:16:00,2026-03-10,08:16:00,0.6,75,113.35,18.58,23.17,1726.75,430.5,2157.25,0,False,Entregada,Entrega realizada en tiempo
854,28,34,51,1,2026-04-07,19:48:00,2026-04-07,02:07:00,2026-04-08,02:07:00,2.25,35,178.93,14.86,24.89,1899.65,369.87,2269.52,0,False,Entregada,Entrega realizada en tiempo
855,44,39,28,22,2026-04-05,13:20:00,2026-04-05,20:59:00,2026-04-05,20:59:00,6.55,31,317.51,25.63,25.66,2990.55,657.67,3648.22,0,False,Entregada,Entrega realizada en tiempo
856,49,40,4,23,2026-08-12,13:51:00,2026-08-12,23:12:00,2026-08-12,23:34:00,1.23,13,246.51,38.52,25.9,1959.55,997.67,2957.22,22,True,Tardía,Incidencia operativa
857,18,2,39,8,2026-08-11,19:17:00,2026-08-11,22:45:00,2026-08-11,22:45:00,8.13,32,90.87,18.32,25.47,2023.35,466.61,2489.96,0,False,Entregada,Entrega realizada en tiempo
858,85,31,33,27,2026-06-19,09:00:00,2026-06-19,20:43:00,2026-06-19,21:25:00,1.8,42,338.64,48.1,25.71,2709.2,1236.65,3945.85,42,True,Tardía,"Hora pico, Distancia larga"
859,30,39,32,26,2026-07-09,07:22:00,2026-07-09,13:21:00,2026-07-09,13:21:00,1.36,55,168.95,13.64,26.77,1920.75,365.14,2285.89,0,False,Entregada,Entrega realizada en tiempo
860,61,7,47,25,2026-03-17,09:45:00,2026-03-17,19:11:00,2026-03-17,19:11:00,0.86,19,332.59,54.52,26.5,2400.95,1444.78,3845.73,0,False,Entregada,Entrega realizada en tiempo
861,92,33,3,9,2026-05-08,07:19:00,2026-05-08,14:52:00,2026-05-08,14:52:00,0.88,71,177.8,22.68,24.87,2045.0,564.05,2609.05,0,False,Entregada,Entrega realizada en tiempo
862,58,8,31,43,2026-05-19,10:15:00,2026-05-19,01:42:00,2026-05-20,02:25:00,4.08,28,482.84,51.59,26.97,3546.2,1391.38,4937.58,43,True,Tardía,"Tráfico alto, Distancia larga"
863,4,11,60,21,2026-04-09,11:14:00,2026-04-09,18:17:00,2026-04-09,18:17:00,2.48,33,319.33,66.81,26.81,2608.65,1791.18,4399.83,0,False,Entregada,Entrega realizada en tiempo
864,86,8,43,9,2026-05-17,18:05:00,2026-05-17,01:38:00,2026-05-18,01:38:00,0.51,43,192.59,20.58,26.73,1857.95,550.1,2408.05,0,False,Entregada,Entrega realizada en tiempo
865,99,39,5,42,2026-03-29,15:58:00,2026-03-29,19:09:00,2026-03-29,19:09:00,2.37,49,101.81,8.22,26.14,1638.05,214.87,1852.92,0,False,Entregada,Entrega realizada en tiempo
866,56,15,15,17,2026-01-30,12:05:00,2026-01-30,18:23:00,2026-01-30,18:59:00,1.1,15,170.38,35.06,25.98,1581.9,910.86,2492.76,36,True,Tardía,Carga pesada
867,15,37,24,9,2026-08-07,13:24:00,2026-08-07,20:57:00,2026-08-07,20:57:00,0.78,74,184.37,19.66,24.24,2091.85,476.56,2568.41,0,False,Entregada,Entrega realizada en tiempo
868,76,35,13,25,2026-04-19,13:49:00,2026-04-19,23:15:00,2026-04-19,23:15:00,0.85,47,340.2,45.91,26.74,2662.0,1227.63,3889.63,0,False,Entregada,Entrega realizada en tiempo
869,17,34,43,39,2026-06-01,10:06:00,2026-06-01,18:29:00,2026-06-01,19:03:00,8.17,51,218.76,18.17,23.58,2818.8,428.45,3247.25,34,True,Tardía,Carga pesada
870,38,15,32,44,2026-04-27,08:38:00,2026-04-27,10:48:00,2026-04-27,11:23:00,0.52,37,60.11,12.37,24.28,1148.55,300.34,1448.89,35,True,Tardía,Hora pico
871,65,8,18,46,2026-05-27,18:40:00,2026-05-27,09:30:00,2026-05-28,09:30:00,1.09,28,395.31,42.23,25.82,2809.55,1090.38,3899.93,0,False,Entregada,Entrega realizada en tiempo
872,49,4,52,22,2026-02-09,09:54:00,2026-02-09,17:33:00,2026-02-09,17:33:00,0.78,29,341.98,57.48,23.21,2519.9,1334.11,3854.01,0,False,Entregada,Entrega realizada en tiempo
873,100,12,55,32,2026-07-06,15:19:00,2026-07-06,03:23:00,2026-07-07,03:23:00,0.9,21,381.55,54.59,25.19,2665.75,1375.12,4040.87,0,False,Entregada,Entrega realizada en tiempo
874,44,28,44,31,2026-03-31,15:25:00,2026-03-31,22:57:00,2026-03-31,22:57:00,1.22,10,212.1,31.1,24.13,1762.5,750.44,2512.94,0,False,Entregada,Entrega realizada en tiempo
875,90,13,45,36,2026-04-11,08:08:00,2026-04-11,12:02:00,2026-04-11,12:02:00,15.99,42,92.65,7.56,25.32,2898.25,191.42,3089.67,0,False,Entregada,Entrega realizada en tiempo
876,7,20,30,42,2026-02-11,08:28:00,2026-02-11,11:39:00,2026-02-11,12:20:00,9.07,62,98.33,13.34,26.22,2394.65,349.77,2744.42,41,True,Tardía,"Tráfico alto, Hora pico"
877,26,1,24,47,2026-08-08,08:43:00,2026-08-08,20:27:00,2026-08-08,21:19:00,0.32,19,333.04,32.15,24.42,2349.2,785.1,3134.3,52,True,Tardía,"Tráfico alto, Hora pico, Distancia larga"
878,61,12,4,8,2026-05-12,13:37:00,2026-05-12,17:05:00,2026-05-12,17:05:00,0.8,56,93.38,13.36,25.51,1494.9,340.81,1835.71,0,False,Entregada,Entrega realizada en tiempo
879,52,16,3,8,2026-03-03,15:31:00,2026-03-03,18:59:00,2026-03-03,18:59:00,18.72,39,106.38,9.56,26.82,3215.9,256.4,3472.3,0,False,Entregada,Entrega realizada en tiempo
880,84,25,50,45,2026-07-23,07:49:00,2026-07-23,10:30:00,2026-07-23,10:30:00,7.48,60,83.65,17.8,25.6,2146.25,455.68,2601.93,0,False,Entregada,Entrega realizada en tiempo
881,36,29,24,1,2026-01-31,08:05:00,2026-01-31,14:24:00,2026-01-31,14:24:00,11.44,16,192.44,20.11,25.68,2734.2,516.42,3250.62,0,False,Entregada,Entrega realizada en tiempo
882,66,15,2,38,2026-05-27,18:17:00,2026-05-27,22:48:00,2026-05-27,22:48:00,0.7,13,172.44,35.48,23.72,1536.2,841.59,2377.79,0,False,Entregada,Entrega realizada en tiempo
883,62,28,20,37,2026-02-02,08:20:00,2026-02-02,01:38:00,2026-02-03,01:38:00,4.77,9,478.06,70.1,26.45,3439.3,1854.14,5293.44,0,False,Entregada,Entrega realizada en tiempo
884,69,12,26,45,2026-01-06,15:35:00,2026-01-06,18:16:00,2026-01-06,18:16:00,0.77,69,77.06,11.02,25.12,1514.3,276.82,1791.12,0,False,Entregada,Entrega realizada en tiempo
885,9,34,54,38,2026-05-18,08:48:00,2026-05-18,13:19:00,2026-05-18,13:19:00,6.65,27,177.43,14.74,26.59,2268.15,391.94,2660.09,0,False,Entregada,Entrega realizada en tiempo
886,24,39,45,12,2026-01-02,20:28:00,2026-01-02,08:06:00,2026-01-03,08:31:00,2.36,41,390.48,31.52,25.61,3016.4,807.23,3823.63,25,True,Tardía,Distancia larga
887,12,36,17,49,2026-01-09,07:07:00,2026-01-09,21:38:00,2026-01-09,22:33:00,0.75,65,405.68,47.84,26.91,3123.4,1287.37,4410.77,55,True,Tardía,"Hora pico, Distancia larga"
888,85,1,16,20,2026-01-12,19:57:00,2026-01-12,21:30:00,2026-01-12,21:30:00,0.96,38,55.67,5.37,24.78,1178.35,133.07,1311.42,0,False,Entregada,Entrega realizada en tiempo
889,74,32,45,21,2026-05-14,14:38:00,2026-05-14,21:41:00,2026-05-14,21:41:00,4.12,69,316.11,28.63,25.75,3044.55,737.22,3781.77,0,False,Entregada,Entrega realizada en tiempo
890,85,3,16,3,2026-02-18,08:19:00,2026-02-18,10:36:00,2026-02-18,10:36:00,10.12,28,58.69,12.59,25.41,2029.45,319.91,2349.36,0,False,Entregada,Entrega realizada en tiempo
891,28,38,23,18,2026-02-02,16:04:00,2026-02-02,08:12:00,2026-02-03,08:44:00,6.87,71,465.41,39.54,24.6,4082.05,972.68,5054.73,32,True,Tardía,Distancia larga
892,11,17,44,28,2026-06-27,08:34:00,2026-06-27,15:35:00,2026-06-27,16:18:00,0.88,27,252.59,44.87,25.79,2066.95,1157.2,3224.15,43,True,Tardía,Hora pico
893,25,24,37,43,2026-06-15,19:38:00,2026-06-15,11:05:00,2026-06-16,12:14:00,0.62,21,440.63,41.3,23.1,2933.15,954.03,3887.18,69,True,Tardía,"Tráfico alto, Hora pico, Distancia larga"
894,78,16,5,18,2026-02-01,20:07:00,2026-02-01,12:15:00,2026-02-02,12:15:00,18.01,71,429.19,38.56,24.32,5014.95,937.78,5952.73,0,False,Entregada,Entrega realizada en tiempo
895,12,24,59,22,2026-07-19,11:09:00,2026-07-19,18:48:00,2026-07-19,18:48:00,3.43,29,296.48,27.79,23.39,2557.4,650.01,3207.41,0,False,Entregada,Entrega realizada en tiempo
896,29,25,7,8,2026-02-14,19:46:00,2026-02-14,23:14:00,2026-02-14,23:14:00,7.34,40,105.85,22.52,26.23,2083.25,590.7,2673.95,0,False,Entregada,Entrega realizada en tiempo
897,13,34,23,45,2026-05-27,12:35:00,2026-05-27,15:16:00,2026-05-27,15:16:00,3.32,35,88.68,7.37,26.59,1555.4,195.97,1751.37,0,False,Entregada,Entrega realizada en tiempo
898,22,21,49,25,2026-02-16,14:51:00,2026-02-16,00:17:00,2026-02-17,00:17:00,1.69,69,323.22,45.21,26.53,2837.1,1199.42,4036.52,0,False,Entregada,Entrega realizada en tiempo
899,52,31,38,9,2026-03-08,05:43:00,2026-03-08,13:16:00,2026-03-08,13:16:00,13.57,66,187.68,26.66,25.63,3323.4,683.3,4006.7,0,False,Entregada,Entrega realizada en tiempo
900,19,25,37,48,2026-03-10,06:58:00,2026-03-10,12:11:00,2026-03-10,12:11:00,8.82,48,186.02,39.58,24.0,2696.1,949.92,3646.02,0,False,Entregada,Entrega realizada en tiempo
901,78,27,46,30,2026-02-16,17:22:00,2026-02-16,22:30:00,2026-02-16,22:30:00,8.72,60,138.61,17.82,24.1,2545.05,429.46,2974.51,0,False,Entregada,Entrega realizada en tiempo
902,55,34,46,15,2026-03-20,07:19:00,2026-03-20,09:42:00,2026-03-20,09:42:00,3.45,53,68.02,5.65,26.38,1609.1,149.05,1758.15,0,False,Entregada,Entrega realizada en tiempo
903,82,6,5,47,2026-03-03,07:10:00,2026-03-03,18:54:00,2026-03-03,20:05:00,0.87,74,313.83,45.88,26.85,2748.15,1231.88,3980.03,71,True,Tardía,"Tráfico alto, Hora pico, Distancia larga"
904,55,33,60,47,2026-02-04,18:31:00,2026-02-04,06:15:00,2026-02-05,06:15:00,0.73,66,354.46,45.21,25.71,2873.3,1162.35,4035.65,0,False,Entregada,Entrega realizada en tiempo
905,69,8,26,1,2026-06-07,09:58:00,2026-06-07,16:17:00,2026-06-07,16:17:00,2.05,1,199.78,21.34,25.81,1711.9,550.79,2262.69,0,False,Entregada,Entrega realizada en tiempo
906,96,23,16,48,2026-06-19,19:43:00,2026-06-19,00:56:00,2026-06-20,02:04:00,1.62,78,175.52,32.15,23.7,2163.6,761.95,2925.55,68,True,Tardía,"Tráfico alto, Hora pico, Carga pesada"
907,47,9,33,23,2026-01-14,16:31:00,2026-01-14,01:52:00,2026-01-15,02:15:00,0.83,49,250.37,20.47,26.66,2226.85,545.73,2772.58,23,True,Tardía,Carga pesada
908,32,35,55,50,2026-08-08,08:18:00,2026-08-08,16:18:00,2026-08-08,16:18:00,0.43,39,236.72,31.95,24.06,2038.6,768.72,2807.32,0,False,Entregada,Entrega realizada en tiempo
909,1,37,26,14,2026-03-20,19:52:00,2026-03-20,04:37:00,2026-03-21,04:37:00,0.99,5,279.66,29.81,26.57,2037.3,792.05,2829.35,0,False,Entregada,Entrega realizada en tiempo
910,63,4,23,1,2026-06-07,17:21:00,2026-06-07,23:40:00,2026-06-07,23:40:00,0.55,39,184.93,31.08,23.02,1791.65,715.46,2507.11,0,False,Entregada,Entrega realizada en tiempo
911,93,12,26,23,2026-01-03,08:27:00,2026-01-03,17:48:00,2026-01-03,18:35:00,0.97,63,247.43,35.4,26.59,2338.15,941.29,3279.44,47,True,Tardía,Hora pico
912,53,8,59,32,2026-01-02,08:49:00,2026-01-02,20:53:00,2026-01-02,21:55:00,5.36,33,401.83,42.93,24.71,3309.15,1060.8,4369.95,62,True,Tardía,"Hora pico, Distancia larga, Carga pesada"
913,24,35,52,18,2026-01-28,17:42:00,2026-01-28,09:50:00,2026-01-29,10:34:00,0.78,57,463.96,62.61,24.44,3353.8,1530.19,4883.99,44,True,Tardía,"Hora pico, Distancia larga"
914,91,13,8,13,2026-03-14,06:08:00,2026-03-14,17:51:00,2026-03-14,17:51:00,9.32,51,348.39,28.42,24.32,3581.95,691.17,4273.12,0,False,Entregada,Entrega realizada en tiempo
915,5,11,43,13,2026-05-03,11:07:00,2026-05-03,22:50:00,2026-05-03,22:50:00,2.92,54,327.16,68.44,24.98,2859.8,1709.63,4569.43,0,False,Entregada,Entrega realizada en tiempo
916,88,9,21,49,2026-07-15,15:32:00,2026-07-15,06:03:00,2026-07-16,06:21:00,0.31,50,414.9,33.92,23.5,3005.5,797.12,3802.62,18,True,Tardía,Distancia larga
917,45,33,1,50,2026-06-25,10:03:00,2026-06-25,18:03:00,2026-06-25,18:03:00,0.52,44,235.67,30.06,25.39,2082.35,763.22,2845.57,0,False,Entregada,Entrega realizada en tiempo
918,2,28,31,19,2026-03-14,18:05:00,2026-03-14,06:46:00,2026-03-15,07:31:00,0.31,55,377.36,55.33,24.0,2857.8,1327.92,4185.72,45,True,Tardía,"Hora pico, Distancia larga"
919,99,8,56,17,2026-06-29,10:42:00,2026-06-29,17:00:00,2026-06-29,17:00:00,3.29,55,186.13,19.89,25.83,2199.65,513.76,2713.41,0,False,Entregada,Entrega realizada en tiempo
920,14,33,40,12,2026-02-18,08:14:00,2026-02-18,19:52:00,2026-02-18,20:34:00,0.88,16,383.71,48.94,24.71,2634.55,1209.31,3843.86,42,True,Tardía,"Hora pico, Distancia larga, Carga pesada"
921,79,13,6,4,2026-04-08,16:33:00,2026-04-08,19:07:00,2026-04-08,19:07:00,16.18,40,98.95,8.07,26.92,2932.75,217.24,3149.99,0,False,Entregada,Entrega realizada en tiempo
922,29,22,28,31,2026-01-16,19:27:00,2026-01-16,02:59:00,2026-01-17,03:42:00,1.35,7,210.54,20.36,26.77,1743.7,545.04,2288.74,43,True,Tardía,"Hora pico, Carga pesada"
923,92,27,16,21,2026-01-13,09:02:00,2026-01-13,16:05:00,2026-01-13,16:50:00,7.46,1,306.6,39.41,24.89,2787.0,980.91,3767.91,45,True,Tardía,"Hora pico, Distancia larga"
924,78,7,28,12,2026-03-06,18:23:00,2026-03-06,06:01:00,2026-03-07,06:28:00,0.71,43,414.83,68.0,24.32,2989.15,1653.76,4642.91,27,True,Tardía,"Hora pico, Distancia larga"
925,95,24,48,50,2026-05-31,19:38:00,2026-05-31,03:38:00,2026-06-01,03:38:00,5.53,48,249.92,23.42,24.1,2686.6,564.42,3251.02,0,False,Entregada,Entrega realizada en tiempo
926,75,25,6,7,2026-02-03,08:02:00,2026-02-03,12:13:00,2026-02-03,12:13:00,4.09,76,123.12,26.2,26.54,2132.6,695.35,2827.95,0,False,Entregada,Entrega realizada en tiempo
927,25,13,46,29,2026-01-26,07:34:00,2026-01-26,12:48:00,2026-01-26,12:48:00,18.29,80,181.16,14.78,25.9,3874.8,382.8,4257.6,0,False,Entregada,Entrega realizada en tiempo
928,98,13,35,47,2026-02-09,06:08:00,2026-02-09,17:52:00,2026-02-09,17:52:00,3.99,25,349.26,28.49,25.85,2845.3,736.47,3581.77,0,False,Entregada,Entrega realizada en tiempo
929,98,36,23,24,2026-04-25,08:58:00,2026-04-25,17:35:00,2026-04-25,18:45:00,1.56,56,291.37,34.36,26.16,2560.85,898.86,3459.71,70,True,Tardía,"Tráfico alto, Hora pico"
930,22,39,18,45,2026-02-03,12:02:00,2026-02-03,14:43:00,2026-02-03,14:59:00,2.21,73,78.51,6.34,25.96,1697.55,164.59,1862.14,16,True,Tardía,Incidencia operativa
931,51,32,44,35,2026-08-11,19:04:00,2026-08-11,22:38:00,2026-08-11,22:38:00,1.75,22,146.37,13.26,25.04,1582.85,332.03,1914.88,0,False,Entregada,Entrega realizada en tiempo
932,72,25,26,39,2026-03-11,09:11:00,2026-03-11,17:34:00,2026-03-11,18:13:00,8.34,1,220.5,46.91,25.79,2444.5,1209.81,3654.31,39,True,Tardía,Hora pico
933,66,30,33,46,2026-07-04,19:16:00,2026-07-04,10:06:00,2026-07-05,10:06:00,8.12,39,405.4,34.83,24.19,3651.0,842.54,4493.54,0,False,Entregada,Entrega realizada en tiempo
934,35,36,8,11,2026-02-27,06:34:00,2026-02-27,09:20:00,2026-02-27,09:20:00,1.59,31,71.83,8.47,25.56,1266.15,216.49,1482.64,0,False,Entregada,Entrega realizada en tiempo
935,36,9,18,4,2026-06-14,10:52:00,2026-06-14,13:26:00,2026-06-14,13:26:00,0.82,27,107.9,8.82,23.01,1337.5,202.95,1540.45,0,False,Entregada,Entrega realizada en tiempo
936,45,39,24,21,2026-01-22,20:16:00,2026-01-22,03:19:00,2026-01-23,03:19:00,1.26,18,304.69,24.59,25.45,2293.45,625.82,2919.27,0,False,Entregada,Entrega realizada en tiempo
937,42,4,41,1,2026-07-30,14:14:00,2026-07-30,20:33:00,2026-07-30,20:33:00,0.96,36,193.7,32.55,26.89,1852.5,875.27,2727.77,0,False,Entregada,Entrega realizada en tiempo
938,69,38,7,47,2026-07-10,15:41:00,2026-07-10,03:25:00,2026-07-11,03:25:00,1.23,33,314.92,26.76,25.54,2461.6,683.45,3145.05,0,False,Entregada,Entrega realizada en tiempo
939,71,14,53,29,2026-02-26,13:17:00,2026-02-26,18:31:00,2026-02-26,18:31:00,6.34,27,177.31,19.11,26.23,2236.55,501.26,2737.81,0,False,Entregada,Entrega realizada en tiempo
940,97,26,10,29,2026-03-01,16:23:00,2026-03-01,21:37:00,2026-03-01,21:37:00,12.33,19,179.16,25.56,23.37,2780.8,597.34,3378.14,0,False,Entregada,Entrega realizada en tiempo
941,24,30,12,12,2026-02-18,18:46:00,2026-02-18,06:24:00,2026-02-19,06:24:00,8.4,24,432.55,37.16,23.08,3694.75,857.65,4552.4,0,False,Entregada,Entrega realizada en tiempo
942,21,12,53,26,2026-06-25,09:04:00,2026-06-25,15:03:00,2026-06-25,16:09:00,0.84,19,161.69,23.13,26.88,1544.45,621.73,2166.18,66,True,Tardía,"Tráfico alto, Hora pico"
943,13,34,9,47,2026-07-12,05:38:00,2026-07-12,17:22:00,2026-07-12,17:50:00,1.94,13,305.86,25.4,26.05,2327.3,661.67,2988.97,28,True,Tardía,"Tráfico alto, Distancia larga"
944,83,3,9,16,2026-07-17,07:17:00,2026-07-17,21:45:00,2026-07-17,21:45:00,3.66,19,440.01,94.42,25.4,3218.05,2398.27,5616.32,0,False,Entregada,Entrega realizada en tiempo
945,2,7,35,48,2026-07-29,13:54:00,2026-07-29,19:07:00,2026-07-29,20:12:00,1.71,11,196.27,32.18,26.26,1740.35,845.05,2585.4,65,True,Tardía,"Tráfico alto, Carga pesada"
946,40,22,31,10,2026-03-04,06:34:00,2026-03-04,08:59:00,2026-03-04,08:59:00,1.23,35,87.65,8.48,23.49,1341.25,199.2,1540.45,0,False,Entregada,Entrega realizada en tiempo
947,6,7,35,19,2026-01-27,19:56:00,2026-01-27,08:37:00,2026-01-28,09:11:00,1.27,54,356.08,58.37,24.71,2839.4,1442.32,4281.72,34,True,Tardía,"Hora pico, Distancia larga"
948,19,23,42,19,2026-02-27,15:43:00,2026-02-27,04:24:00,2026-02-28,04:24:00,1.62,15,385.25,70.56,26.96,2708.25,1902.3,4610.55,0,False,Entregada,Entrega realizada en tiempo
949,29,7,19,23,2026-01-20,13:07:00,2026-01-20,22:28:00,2026-01-20,22:28:00,1.1,47,248.84,40.79,26.68,2230.2,1088.28,3318.48,0,False,Entregada,Entrega realizada en tiempo
950,6,39,10,12,2026-04-20,19:21:00,2026-04-20,06:59:00,2026-04-21,07:45:00,3.94,77,413.97,33.41,25.5,3579.85,851.95,4431.8,46,True,Tardía,"Hora pico, Distancia larga"
951,37,23,57,7,2026-03-11,18:42:00,2026-03-11,22:53:00,2026-03-11,22:53:00,1.55,48,124.35,22.77,26.24,1660.75,597.48,2258.23,0,False,Entregada,Entrega realizada en tiempo
952,92,5,51,1,2026-08-09,08:49:00,2026-08-09,15:08:00,2026-08-09,15:08:00,7.19,19,204.05,25.63,24.56,2391.25,629.47,3020.72,0,False,Entregada,Entrega realizada en tiempo
953,93,31,53,5,2026-01-29,16:46:00,2026-01-29,02:42:00,2026-01-30,03:16:00,3.03,36,283.54,40.28,23.73,2508.7,955.84,3464.54,34,True,Tardía,Tráfico alto
954,50,23,21,32,2026-04-19,18:44:00,2026-04-19,06:48:00,2026-04-20,06:48:00,0.27,53,397.22,72.75,25.55,2937.1,1858.76,4795.86,0,False,Entregada,Entrega realizada en tiempo
955,18,16,25,27,2026-05-21,18:34:00,2026-05-21,06:17:00,2026-05-22,06:17:00,18.18,69,301.14,27.06,25.14,4375.7,680.29,5055.99,0,False,Entregada,Entrega realizada en tiempo
956,30,25,6,38,2026-07-03,16:33:00,2026-07-03,21:04:00,2026-07-03,21:04:00,9.54,74,180.68,38.44,26.25,2949.4,1009.05,3958.45,0,False,Entregada,Entrega realizada en tiempo
957,29,6,16,24,2026-01-01,09:54:00,2026-01-01,18:31:00,2026-01-01,19:34:00,1.34,3,330.61,48.33,24.44,2311.05,1181.19,3492.24,63,True,Tardía,"Tráfico alto, Hora pico, Distancia larga, Carga pesada"
958,100,9,19,30,2026-02-06,20:59:00,2026-02-06,02:07:00,2026-02-07,02:29:00,0.71,54,119.12,9.74,25.99,1598.6,253.14,1851.74,22,True,Tardía,Carga pesada
959,16,10,25,47,2026-01-07,16:23:00,2026-01-07,04:07:00,2026-01-08,04:07:00,17.91,7,350.2,35.13,25.65,4098.0,901.08,4999.08,0,False,Entregada,Entrega realizada en tiempo
960,10,31,54,39,2026-08-11,09:01:00,2026-08-11,17:24:00,2026-08-11,17:24:00,7.99,19,227.77,32.35,23.32,2589.85,754.4,3344.25,0,False,Entregada,Entrega realizada en tiempo
961,10,1,37,27,2026-02-08,09:30:00,2026-02-08,21:13:00,2026-02-08,21:13:00,0.61,18,336.62,32.49,25.79,2388.1,837.92,3226.02,0,False,Entregada,Entrega realizada en tiempo
962,39,31,27,47,2026-03-28,17:50:00,2026-03-28,05:34:00,2026-03-29,06:30:00,3.08,2,348.73,49.54,25.42,2567.65,1259.31,3826.96,56,True,Tardía,"Tráfico alto, Hora pico, Distancia larga"
963,23,33,11,1,2026-04-12,16:43:00,2026-04-12,23:02:00,2026-04-12,23:02:00,0.61,59,172.68,22.03,26.32,1896.4,579.83,2476.23,0,False,Entregada,Entrega realizada en tiempo
964,74,33,20,46,2026-02-28,16:59:00,2026-02-28,07:49:00,2026-03-01,08:18:00,0.38,21,378.39,48.26,26.91,2597.95,1298.68,3896.63,29,True,Tardía,Distancia larga
965,17,14,26,40,2026-01-15,10:25:00,2026-01-15,03:27:00,2026-01-16,03:27:00,3.56,24,438.81,47.29,26.9,3242.05,1272.1,4514.15,0,False,Entregada,Entrega realizada en tiempo
966,78,5,53,45,2026-04-30,18:20:00,2026-04-30,21:01:00,2026-04-30,21:01:00,11.2,52,81.0,10.18,23.66,2441.0,240.86,2681.86,0,False,Entregada,Entrega realizada en tiempo
967,48,28,13,18,2026-01-28,08:04:00,2026-01-28,00:12:00,2026-01-29,00:12:00,2.88,47,445.78,65.36,26.39,3392.9,1724.85,5117.75,0,False,Entregada,Entrega realizada en tiempo
968,4,16,19,11,2026-05-19,08:04:00,2026-05-19,10:50:00,2026-05-19,10:50:00,1.14,28,77.77,6.99,26.03,1226.85,181.95,1408.8,0,False,Entregada,Entrega realizada en tiempo
969,40,13,36,13,2026-06-13,06:15:00,2026-06-13,17:58:00,2026-06-13,18:46:00,18.81,35,329.17,26.85,26.95,4306.85,723.61,5030.46,48,True,Tardía,"Distancia larga, Carga pesada"
970,62,3,4,21,2026-01-24,12:00:00,2026-01-24,19:03:00,2026-01-24,19:03:00,6.96,46,316.83,67.99,26.83,3148.15,1824.17,4972.32,0,False,Entregada,Entrega realizada en tiempo
971,65,13,21,49,2026-04-11,14:08:00,2026-04-11,04:39:00,2026-04-12,04:39:00,4.25,13,355.75,29.02,26.59,2807.75,771.64,3579.39,0,False,Entregada,Entrega realizada en tiempo
972,65,7,33,50,2026-02-08,05:37:00,2026-02-08,13:37:00,2026-02-08,13:37:00,0.59,49,266.01,43.61,26.48,2281.05,1154.79,3435.84,0,False,Entregada,Entrega realizada en tiempo
973,5,19,11,10,2026-06-24,17:05:00,2026-06-24,19:30:00,2026-06-24,19:30:00,0.46,12,84.4,8.32,23.93,1064.0,199.1,1263.1,0,False,Entregada,Entrega realizada en tiempo
974,28,10,50,46,2026-02-11,19:33:00,2026-02-11,10:23:00,2026-02-12,10:23:00,18.51,78,445.39,44.67,26.72,5201.95,1193.58,6395.53,0,False,Entregada,Entrega realizada en tiempo
975,44,29,51,9,2026-03-28,12:23:00,2026-03-28,19:56:00,2026-03-28,19:56:00,14.44,80,179.36,18.74,24.72,3480.8,463.25,3944.05,0,False,Entregada,Entrega realizada en tiempo
976,92,25,16,14,2026-06-06,07:09:00,2026-06-06,15:54:00,2026-06-06,15:54:00,9.24,73,276.8,58.89,24.99,3392.0,1471.66,4863.66,0,False,Entregada,Entrega realizada en tiempo
977,2,10,50,20,2026-05-21,07:31:00,2026-05-21,09:04:00,2026-05-21,09:04:00,2.31,13,54.43,5.46,23.68,1107.15,129.29,1236.44,0,False,Entregada,Entrega realizada en tiempo
978,38,11,5,18,2026-05-28,14:22:00,2026-05-28,06:30:00,2026-05-29,07:19:00,3.9,12,439.78,92.0,26.91,3184.9,2475.72,5660.62,49,True,Tardía,"Distancia larga, Carga pesada"
979,98,29,42,9,2026-02-01,18:02:00,2026-02-01,01:35:00,2026-02-02,01:35:00,22.84,47,209.74,21.92,24.6,4208.7,539.23,4747.93,0,False,Entregada,Entrega realizada en tiempo
980,80,9,29,24,2026-05-12,13:23:00,2026-05-12,22:00:00,2026-05-12,22:00:00,0.56,11,316.4,25.87,25.02,2226.0,647.27,2873.27,0,False,Entregada,Entrega realizada en tiempo
981,34,3,40,42,2026-01-15,10:44:00,2026-01-15,13:55:00,2026-01-15,14:27:00,5.11,72,94.12,20.2,24.5,2057.6,494.9,2552.5,32,True,Tardía,Tráfico alto
982,73,26,55,5,2026-02-27,15:55:00,2026-02-27,01:51:00,2026-02-28,01:51:00,6.5,60,302.8,43.2,24.4,3144.0,1054.08,4198.08,0,False,Entregada,Entrega realizada en tiempo
983,60,35,58,30,2026-01-28,07:11:00,2026-01-28,12:19:00,2026-01-28,12:19:00,0.89,14,140.97,19.02,26.69,1405.85,507.64,1913.49,0,False,Entregada,Entrega realizada en tiempo
984,99,28,13,26,2026-03-26,07:20:00,2026-03-26,13:19:00,2026-03-26,13:19:00,4.15,44,171.34,25.12,24.95,2123.7,626.74,2750.44,0,False,Entregada,Entrega realizada en tiempo
985,90,31,8,18,2026-04-27,06:34:00,2026-04-27,22:42:00,2026-04-27,22:42:00,16.33,20,433.49,61.58,23.58,4460.45,1452.06,5912.51,0,False,Entregada,Entrega realizada en tiempo
986,28,21,37,3,2026-06-03,15:03:00,2026-06-03,17:20:00,2026-06-03,17:20:00,1.29,47,58.67,8.21,26.91,1298.35,220.93,1519.28,0,False,Entregada,Entrega realizada en tiempo
987,28,4,14,2,2026-07-14,16:17:00,2026-07-14,02:12:00,2026-07-15,02:12:00,1.39,33,283.89,47.71,23.33,2322.45,1113.07,3435.52,0,False,Entregada,Entrega realizada en tiempo
988,9,18,26,6,2026-03-18,17:55:00,2026-03-18,18:49:00,2026-03-18,18:49:00,0.54,54,28.42,2.66,25.68,1128.1,68.31,1196.41,0,False,Entregada,Entrega realizada en tiempo
989,34,12,54,4,2026-01-24,16:21:00,2026-01-24,18:55:00,2026-01-24,19:16:00,1.01,39,114.24,16.34,26.77,1484.2,437.42,1921.62,21,True,Tardía,Incidencia operativa
990,62,31,35,45,2026-07-20,09:44:00,2026-07-20,12:25:00,2026-07-20,12:25:00,15.55,56,88.16,12.52,25.77,2943.8,322.64,3266.44,0,False,Entregada,Entrega realizada en tiempo
991,50,1,36,39,2026-02-20,07:46:00,2026-02-20,16:09:00,2026-02-20,16:09:00,0.94,75,219.8,21.22,24.29,2293.0,515.43,2808.43,0,False,Entregada,Entrega realizada en tiempo
992,94,21,1,10,2026-04-28,08:31:00,2026-04-28,10:56:00,2026-04-28,11:32:00,0.31,41,79.2,11.08,25.08,1255.0,277.89,1532.89,36,True,Tardía,Hora pico
993,1,29,54,9,2026-06-12,17:40:00,2026-06-12,01:13:00,2026-06-13,01:40:00,10.08,75,194.59,20.33,24.68,3080.95,501.74,3582.69,27,True,Tardía,Hora pico
994,70,11,39,25,2026-02-25,14:13:00,2026-02-25,23:39:00,2026-02-25,23:39:00,0.39,25,319.06,66.75,25.31,2334.3,1689.44,4023.74,0,False,Entregada,Entrega realizada en tiempo
995,2,24,53,24,2026-01-05,12:57:00,2026-01-05,21:34:00,2026-01-05,21:34:00,2.0,40,343.68,32.21,26.47,2738.4,852.6,3591.0,0,False,Entregada,Entrega realizada en tiempo
996,90,32,42,30,2026-04-16,16:22:00,2026-04-16,21:30:00,2026-04-16,21:30:00,1.68,46,130.72,11.84,24.7,1689.6,292.45,1982.05,0,False,Entregada,Entrega realizada en tiempo
997,98,22,8,12,2026-04-28,16:23:00,2026-04-28,04:01:00,2026-04-29,04:01:00,0.46,23,425.92,41.19,23.65,2859.6,974.14,3833.74,0,False,Entregada,Entrega realizada en tiempo
998,56,25,19,43,2026-06-26,16:40:00,2026-06-26,08:07:00,2026-06-27,08:07:00,3.25,37,418.92,89.13,26.75,3215.6,2384.23,5599.83,0,False,Entregada,Entrega realizada en tiempo
999,13,6,52,7,2026-01-23,05:39:00,2026-01-23,09:50:00,2026-01-23,10:19:00,0.85,53,111.65,16.32,26.71,1567.25,435.91,2003.16,29,True,Tardía,Incidencia operativa
1000,13,29,33,38,2026-07-26,06:42:00,2026-07-26,11:13:00,2026-07-26,11:13:00,0.41,38,178.06,18.61,23.85,1735.3,443.85,2179.15,0,False,Entregada,Entrega realizada en tiempo
1001,100,30,36,25,2026-01-30,09:54:00,2026-01-30,19:20:00,2026-01-30,19:20:00,0.67,61,316.98,27.23,24.4,2639.9,664.41,3304.31,0,False,Entregada,Entrega realizada en tiempo
1002,60,27,59,42,2026-06-30,15:00:00,2026-06-30,18:11:00,2026-06-30,18:11:00,4.75,48,103.14,13.26,25.03,1874.7,331.9,2206.6,0,False,Entregada,Entrega realizada en tiempo
1003,35,17,20,27,2026-06-22,10:00:00,2026-06-22,21:43:00,2026-06-22,22:02:00,0.71,54,315.07,55.96,26.16,2578.35,1463.91,4042.26,19,True,Tardía,Distancia larga
1004,67,39,21,22,2026-02-13,16:15:00,2026-02-13,23:54:00,2026-02-13,23:54:00,2.65,72,346.94,28.0,23.77,3075.7,665.56,3741.26,0,False,Entregada,Entrega realizada en tiempo
1005,83,26,54,4,2026-07-25,16:08:00,2026-07-25,18:42:00,2026-07-25,18:42:00,5.96,50,96.94,13.83,23.69,1980.7,327.63,2308.33,0,False,Entregada,Entrega realizada en tiempo
1006,41,34,11,28,2026-03-01,08:45:00,2026-03-01,15:46:00,2026-03-01,15:46:00,5.26,17,257.17,21.36,25.53,2447.85,545.32,2993.17,0,False,Entregada,Entrega realizada en tiempo
1007,51,17,54,36,2026-02-10,13:13:00,2026-02-10,17:07:00,2026-02-10,17:40:00,0.5,12,101.11,17.96,25.52,1151.55,458.34,1609.89,33,True,Tardía,Tráfico alto
1008,76,10,2,40,2026-07-01,20:58:00,2026-07-01,14:00:00,2026-07-02,14:00:00,16.28,11,455.52,45.69,23.1,4493.6,1055.44,5549.04,0,False,Entregada,Entrega realizada en tiempo
1009,94,9,30,41,2026-06-11,14:11:00,2026-06-11,21:27:00,2026-06-11,21:27:00,0.65,31,213.16,17.43,23.89,1878.8,416.4,2295.2,0,False,Entregada,Entrega realizada en tiempo
1010,25,35,54,16,2026-07-05,15:49:00,2026-07-05,06:17:00,2026-07-06,06:17:00,0.35,34,409.19,55.22,24.1,2852.95,1330.8,4183.75,0,False,Entregada,Entrega realizada en tiempo
1011,19,2,41,38,2026-08-10,08:07:00,2026-08-10,12:38:00,2026-08-10,12:38:00,6.62,59,185.33,37.36,23.49,2560.65,877.59,3438.24,0,False,Entregada,Entrega realizada en tiempo
1012,19,19,17,12,2026-01-24,07:31:00,2026-01-24,19:09:00,2026-01-24,19:09:00,3.26,47,449.51,44.29,23.83,3449.55,1055.43,4504.98,0,False,Entregada,Entrega realizada en tiempo
1013,13,32,51,2,2026-04-16,07:31:00,2026-04-16,17:26:00,2026-04-16,18:45:00,3.39,10,313.35,28.38,26.23,2485.75,744.41,3230.16,79,True,Tardía,"Tráfico alto, Hora pico, Distancia larga"
1014,24,20,1,12,2026-06-18,06:07:00,2026-06-18,17:45:00,2026-06-18,17:45:00,4.08,44,442.85,60.09,24.94,3474.25,1498.64,4972.89,0,False,Entregada,Entrega realizada en tiempo
1015,79,39,35,1,2026-02-10,19:47:00,2026-02-10,02:06:00,2026-02-11,02:06:00,8.18,33,198.5,16.02,23.77,2574.5,380.8,2955.3,0,False,Entregada,Entrega realizada en tiempo
1016,4,35,2,34,2026-05-12,08:13:00,2026-05-12,12:04:00,2026-05-12,12:25:00,0.2,47,111.98,15.11,24.31,1455.9,367.32,1823.22,21,True,Tardía,Hora pico
1017,29,6,47,45,2026-02-02,11:17:00,2026-02-02,13:58:00,2026-02-02,14:10:00,0.26,62,80.36,11.75,24.39,1423.8,286.58,1710.38,12,True,Tardía,Incidencia operativa
1018,71,19,30,48,2026-07-27,18:27:00,2026-07-27,23:40:00,2026-07-27,23:40:00,0.64,66,186.93,18.42,26.69,2026.65,491.63,2518.28,0,False,Entregada,Entrega realizada en tiempo
1019,33,12,13,44,2026-08-05,11:25:00,2026-08-05,13:35:00,2026-08-05,13:35:00,1.05,14,60.12,8.6,26.07,1017.6,224.2,1241.8,0,False,Entregada,Entrega realizada en tiempo
1020,40,11,51,14,2026-07-04,18:27:00,2026-07-04,03:12:00,2026-07-05,03:12:00,1.76,58,269.41,56.36,25.99,2487.05,1464.8,3951.85,0,False,Entregada,Entrega realizada en tiempo
1021,41,40,7,39,2026-04-09,16:12:00,2026-04-09,00:35:00,2026-04-10,00:35:00,0.69,73,198.85,31.07,26.59,2147.25,826.15,2973.4,0,False,Entregada,Entrega realizada en tiempo
1022,9,29,11,3,2026-05-11,11:37:00,2026-05-11,13:54:00,2026-05-11,13:54:00,11.64,53,64.72,6.76,26.31,2411.6,177.86,2589.46,0,False,Entregada,Entrega realizada en tiempo
1023,83,34,23,26,2026-01-08,08:11:00,2026-01-08,14:10:00,2026-01-08,14:10:00,0.78,42,154.49,12.83,23.74,1686.45,304.58,1991.03,0,False,Entregada,Entrega realizada en tiempo
1024,32,5,14,43,2026-04-06,14:09:00,2026-04-06,05:36:00,2026-04-07,06:21:00,6.72,41,481.01,60.43,23.86,3905.05,1441.86,5346.91,45,True,Tardía,"Tráfico alto, Distancia larga"
1025,73,21,58,15,2026-05-24,07:24:00,2026-05-24,09:47:00,2026-05-24,09:47:00,1.23,37,65.18,9.12,25.11,1244.9,229.0,1473.9,0,False,Entregada,Entrega realizada en tiempo
1026,14,36,18,46,2026-06-05,07:36:00,2026-06-05,22:26:00,2026-06-05,22:26:00,0.8,54,424.58,50.07,24.74,3134.9,1238.73,4373.63,0,False,Entregada,Entrega realizada en tiempo
1027,41,13,13,4,2026-07-25,18:31:00,2026-07-25,21:05:00,2026-07-25,21:05:00,0.42,6,107.94,8.8,24.68,1129.7,217.18,1346.88,0,False,Entregada,Entrega realizada en tiempo
1028,16,29,11,39,2026-03-25,15:15:00,2026-03-25,23:38:00,2026-03-26,00:03:00,25.14,74,218.92,22.88,26.13,4700.6,597.85,5298.45,25,True,Tardía,Carga pesada
1029,74,1,59,30,2026-03-14,08:53:00,2026-03-14,14:01:00,2026-03-14,14:54:00,1.48,52,136.76,13.2,24.35,1747.8,321.42,2069.22,53,True,Tardía,"Hora pico, Carga pesada"
1030,3,5,31,7,2026-08-01,16:46:00,2026-08-01,20:57:00,2026-08-01,20:57:00,2.42,39,132.71,16.67,26.01,1717.55,433.59,2151.14,0,False,Entregada,Entrega realizada en tiempo
1031,52,6,36,50,2026-03-22,18:39:00,2026-03-22,02:39:00,2026-03-23,02:39:00,0.28,7,253.5,37.06,25.79,1851.5,955.78,2807.28,0,False,Entregada,Entrega realizada en tiempo
1032,59,32,55,42,2026-02-01,14:39:00,2026-02-01,17:50:00,2026-02-01,18:11:00,0.83,14,88.45,8.01,23.55,1137.25,188.64,1325.89,21,True,Tardía,Tráfico alto
1033,42,28,15,11,2026-01-23,09:46:00,2026-01-23,12:32:00,2026-01-23,12:32:00,3.96,48,69.41,10.18,25.15,1627.05,256.03,1883.08,0,False,Entregada,Entrega realizada en tiempo
1034,1,4,17,3,2026-01-29,06:19:00,2026-01-29,08:36:00,2026-01-29,08:36:00,1.33,10,62.67,10.53,25.75,1026.35,271.15,1297.5,0,False,Entregada,Entrega realizada en tiempo
1035,49,18,45,11,2026-02-05,17:07:00,2026-02-05,19:53:00,2026-02-05,19:53:00,0.24,17,67.04,6.28,23.59,995.2,148.15,1143.35,0,False,Entregada,Entrega realizada en tiempo
1036,75,27,41,29,2026-06-21,08:33:00,2026-06-21,13:47:00,2026-06-21,13:47:00,7.7,68,181.44,23.32,24.91,2721.2,580.9,3302.1,0,False,Entregada,Entrega realizada en tiempo
1037,63,18,21,50,2026-07-07,18:14:00,2026-07-07,02:14:00,2026-07-08,02:14:00,0.85,12,259.18,24.27,24.18,1976.9,586.85,2563.75,0,False,Entregada,Entrega realizada en tiempo
1038,11,23,36,16,2026-06-18,09:44:00,2026-06-18,00:12:00,2026-06-19,00:59:00,1.53,10,443.21,81.17,25.68,2949.05,2084.45,5033.5,47,True,Tardía,"Hora pico, Distancia larga, Carga pesada"
1039,60,25,13,32,2026-01-27,13:13:00,2026-01-27,01:17:00,2026-01-28,01:17:00,4.88,76,392.37,83.48,25.06,3557.85,2092.01,5649.86,0,False,Entregada,Entrega realizada en tiempo
1040,41,20,46,30,2026-06-17,08:54:00,2026-06-17,14:02:00,2026-06-17,14:28:00,3.65,65,126.33,17.14,26.67,2016.65,457.12,2473.77,26,True,Tardía,Hora pico
1041,50,29,56,40,2026-05-12,09:49:00,2026-05-12,02:51:00,2026-05-13,03:37:00,21.74,52,451.42,47.17,25.75,5347.1,1214.63,6561.73,46,True,Tardía,"Hora pico, Distancia larga"
1042,74,7,10,30,2026-08-13,08:47:00,2026-08-13,13:55:00,2026-08-13,14:29:00,1.49,15,139.22,22.82,24.07,1465.1,549.28,2014.38,34,True,Tardía,Hora pico
1043,61,34,29,23,2026-03-09,08:59:00,2026-03-09,18:20:00,2026-03-09,19:01:00,7.23,71,290.09,24.09,24.59,3241.45,592.37,3833.82,41,True,Tardía,"Hora pico, Carga pesada"
1044,56,33,22,4,2026-04-23,11:23:00,2026-04-23,13:57:00,2026-04-23,14:19:00,0.53,13,101.58,12.96,25.93,1164.9,336.05,1500.95,22,True,Tardía,Incidencia operativa
1045,55,13,19,13,2026-04-14,09:38:00,2026-04-14,21:21:00,2026-04-14,21:21:00,12.92,36,311.15,25.38,24.97,3635.75,633.74,4269.49,0,False,Entregada,Entrega realizada en tiempo
1046,56,7,44,4,2026-06-15,10:07:00,2026-06-15,12:41:00,2026-06-15,12:52:00,1.17,29,109.33,17.92,25.3,1395.65,453.38,1849.03,11,True,Tardía,Incidencia operativa
1047,31,5,35,7,2026-03-12,10:56:00,2026-03-12,15:07:00,2026-03-12,15:07:00,12.85,80,120.31,15.11,24.62,3026.55,372.01,3398.56,0,False,Entregada,Entrega realizada en tiempo
1048,51,7,15,47,2026-07-30,11:31:00,2026-07-30,23:15:00,2026-07-31,00:06:00,0.47,27,331.26,54.3,25.82,2419.3,1402.03,3821.33,51,True,Tardía,"Tráfico alto, Distancia larga"
1049,37,1,7,12,2026-05-09,18:47:00,2026-05-09,06:25:00,2026-05-10,06:25:00,0.41,40,448.12,43.25,25.75,3101.6,1113.69,4215.29,0,False,Entregada,Entrega realizada en tiempo
1050,22,21,44,5,2026-02-12,09:21:00,2026-02-12,19:17:00,2026-02-12,20:10:00,0.74,59,268.84,37.6,24.34,2390.2,915.18,3305.38,53,True,Tardía,"Tráfico alto, Hora pico"
1051,23,17,57,5,2026-02-13,05:38:00,2026-02-13,15:34:00,2026-02-13,15:34:00,0.22,46,295.78,52.54,25.33,2368.9,1330.84,3699.74,0,False,Entregada,Entrega realizada en tiempo
1052,63,16,31,8,2026-01-12,05:36:00,2026-01-12,09:04:00,2026-01-12,09:04:00,12.68,38,96.7,8.69,25.1,2555.5,218.12,2773.62,0,False,Entregada,Entrega realizada en tiempo
1053,22,10,50,7,2026-01-26,12:51:00,2026-01-26,17:02:00,2026-01-26,17:02:00,1.52,43,121.14,12.15,25.94,1601.7,315.17,1916.87,0,False,Entregada,Entrega realizada en tiempo
1054,70,17,43,32,2026-03-06,14:29:00,2026-03-06,02:33:00,2026-03-07,02:33:00,0.47,2,392.67,69.75,24.2,2526.35,1687.95,4214.3,0,False,Entregada,Entrega realizada en tiempo
1055,43,34,50,43,2026-08-08,18:07:00,2026-08-08,09:34:00,2026-08-09,09:34:00,5.17,35,432.23,35.9,25.91,3458.15,930.17,4388.32,0,False,Entregada,Entrega realizada en tiempo
1056,3,10,27,15,2026-06-18,08:22:00,2026-06-18,10:45:00,2026-06-18,11:31:00,4.21,64,68.89,6.91,24.44,1777.45,168.88,1946.33,46,True,Tardía,Hora pico
1057,96,6,13,25,2026-06-13,08:17:00,2026-06-13,17:43:00,2026-06-13,17:43:00,0.77,70,354.84,51.88,24.8,2911.2,1286.62,4197.82,0,False,Entregada,Entrega realizada en tiempo
1058,68,12,17,44,2026-03-31,13:25:00,2026-03-31,15:35:00,2026-03-31,15:35:00,0.37,76,64.7,9.26,26.98,1468.5,249.83,1718.33,0,False,Entregada,Entrega realizada en tiempo
1059,40,13,3,38,2026-05-14,13:53:00,2026-05-14,18:24:00,2026-05-14,18:24:00,0.8,79,188.32,15.36,26.18,2153.6,402.12,2555.72,0,False,Entregada,Entrega realizada en tiempo
1060,73,23,19,8,2026-01-03,18:59:00,2026-01-03,22:27:00,2026-01-03,22:27:00,1.71,19,97.53,17.86,23.6,1310.65,421.5,1732.15,0,False,Entregada,Entrega realizada en tiempo
1061,38,40,36,43,2026-02-11,12:31:00,2026-02-11,03:58:00,2026-02-12,04:46:00,0.25,37,404.04,63.13,23.16,2841.2,1462.09,4303.29,48,True,Tardía,"Tráfico alto, Distancia larga"
1062,37,38,8,4,2026-05-06,12:00:00,2026-05-06,14:34:00,2026-05-06,14:34:00,5.94,56,98.4,8.36,26.34,2034.0,220.2,2254.2,0,False,Entregada,Entrega realizada en tiempo
1063,7,17,9,23,2026-08-13,12:50:00,2026-08-13,22:11:00,2026-08-13,22:11:00,0.22,65,281.87,50.07,26.08,2451.35,1305.83,3757.18,0,False,Entregada,Entrega realizada en tiempo
1064,20,6,46,18,2026-02-06,09:27:00,2026-02-06,01:35:00,2026-02-07,01:35:00,0.77,75,408.94,59.79,24.16,3221.7,1444.53,4666.23,0,False,Entregada,Entrega realizada en tiempo
1065,5,31,60,23,2026-03-05,15:27:00,2026-03-05,00:48:00,2026-03-06,00:48:00,23.2,52,249.11,35.38,23.39,4481.55,827.54,5309.09,0,False,Entregada,Entrega realizada en tiempo
1066,34,20,39,20,2026-02-14,16:43:00,2026-02-14,18:16:00,2026-02-14,18:16:00,12.18,42,56.9,7.72,23.56,2338.5,181.88,2520.38,0,False,Entregada,Entrega realizada en tiempo
1067,99,13,17,9,2026-04-17,20:12:00,2026-04-17,03:45:00,2026-04-18,03:45:00,19.6,39,199.45,16.27,24.19,3769.25,393.57,4162.82,0,False,Entregada,Entrega realizada en tiempo
1068,81,30,35,12,2026-04-07,16:06:00,2026-04-07,03:44:00,2026-04-08,03:44:00,10.74,18,455.58,39.14,25.78,3995.9,1009.03,5004.93,0,False,Entregada,Entrega realizada en tiempo
1069,65,23,30,23,2026-04-20,17:26:00,2026-04-20,02:47:00,2026-04-21,02:47:00,0.65,53,292.36,53.55,26.65,2450.8,1427.11,3877.91,0,False,Entregada,Entrega realizada en tiempo
1070,4,27,6,49,2026-02-05,12:50:00,2026-02-05,03:21:00,2026-02-06,03:21:00,5.43,32,378.33,48.63,24.49,3190.65,1190.95,4381.6,0,False,Entregada,Entrega realizada en tiempo
1071,80,35,58,37,2026-08-13,12:03:00,2026-08-13,05:21:00,2026-08-14,05:50:00,0.59,51,455.26,61.44,26.23,3243.3,1611.57,4854.87,29,True,Tardía,Distancia larga
1072,67,30,54,4,2026-01-22,06:17:00,2026-01-22,08:51:00,2026-01-22,08:51:00,2.17,14,106.29,9.13,23.39,1360.45,213.55,1574.0,0,False,Entregada,Entrega realizada en tiempo
1073,38,37,31,45,2026-03-26,06:07:00,2026-03-26,08:48:00,2026-03-26,08:48:00,0.68,75,88.46,9.43,25.96,1610.3,244.8,1855.1,0,False,Entregada,Entrega realizada en tiempo
1074,7,14,34,10,2026-05-24,18:08:00,2026-05-24,20:33:00,2026-05-24,20:33:00,6.18,29,82.14,8.85,25.56,1760.7,226.21,1986.91,0,False,Entregada,Entrega realizada en tiempo
1075,20,20,41,20,2026-07-04,05:51:00,2026-07-04,07:24:00,2026-07-04,07:24:00,3.99,63,56.28,7.64,23.8,1684.4,181.83,1866.23,0,False,Entregada,Entrega realizada en tiempo
1076,9,1,10,39,2026-08-14,08:33:00,2026-08-14,16:56:00,2026-08-14,17:29:00,0.48,13,196.27,18.94,23.1,1633.35,437.51,2070.86,33,True,Tardía,Hora pico
1077,65,29,26,4,2026-02-01,12:25:00,2026-02-01,14:59:00,2026-02-01,14:59:00,9.55,62,100.61,10.51,26.28,2454.05,276.2,2730.25,0,False,Entregada,Entrega realizada en tiempo
1078,70,17,53,40,2026-06-24,17:54:00,2026-06-24,10:56:00,2026-06-25,11:47:00,1.05,79,461.09,81.9,23.57,3542.45,1930.38,5472.83,51,True,Tardía,"Hora pico, Distancia larga, Carga pesada"
1079,96,16,11,33,2026-07-09,20:12:00,2026-07-09,05:06:00,2026-07-10,05:06:00,7.0,61,285.79,25.68,24.16,3116.95,620.43,3737.38,0,False,Entregada,Entrega realizada en tiempo
1080,13,38,32,24,2026-06-20,11:25:00,2026-06-20,20:02:00,2026-06-20,20:02:00,2.26,50,312.0,26.51,23.43,2686.0,621.13,3307.13,0,False,Entregada,Entrega realizada en tiempo
1081,54,28,10,2,2026-03-14,17:07:00,2026-03-14,03:02:00,2026-03-15,04:14:00,5.79,73,306.39,44.93,23.17,3194.95,1041.03,4235.98,72,True,Tardía,"Tráfico alto, Hora pico, Distancia larga"
1082,46,9,30,47,2026-04-28,11:00:00,2026-04-28,22:44:00,2026-04-28,23:42:00,0.46,21,367.28,30.03,26.61,2550.4,799.1,3349.5,58,True,Tardía,"Tráfico alto, Distancia larga"
1083,68,25,33,5,2026-02-14,08:22:00,2026-02-14,18:18:00,2026-02-14,19:15:00,9.78,73,294.55,62.67,23.27,3534.75,1458.33,4993.08,57,True,Tardía,"Tráfico alto, Hora pico, Carga pesada"
1084,83,31,25,31,2026-06-05,09:36:00,2026-06-05,17:08:00,2026-06-05,17:08:00,14.75,65,203.04,28.84,25.1,3510.2,723.88,4234.08,0,False,Entregada,Entrega realizada en tiempo
1085,17,21,38,38,2026-03-31,15:04:00,2026-03-31,19:35:00,2026-03-31,19:50:00,0.51,6,184.37,25.79,23.93,1520.85,617.15,2138.0,15,True,Tardía,Incidencia operativa
1086,86,7,32,44,2026-05-02,13:48:00,2026-05-02,15:58:00,2026-05-02,15:58:00,0.26,30,64.58,10.59,26.23,1088.9,277.78,1366.68,0,False,Entregada,Entrega realizada en tiempo
1087,94,16,7,12,2026-07-06,15:48:00,2026-07-06,03:26:00,2026-07-07,03:26:00,10.84,54,395.49,35.53,23.25,3993.45,826.07,4819.52,0,False,Entregada,Entrega realizada en tiempo
1088,33,8,3,48,2026-01-19,17:48:00,2026-01-19,23:01:00,2026-01-19,23:01:00,5.84,48,197.61,21.11,26.36,2456.05,556.46,3012.51,0,False,Entregada,Entrega realizada en tiempo
1089,23,21,7,45,2026-04-26,15:08:00,2026-04-26,17:49:00,2026-04-26,17:49:00,1.32,74,84.79,11.86,23.78,1647.95,282.03,1929.98,0,False,Entregada,Entrega realizada en tiempo
1090,63,29,44,19,2026-02-27,09:47:00,2026-02-27,22:28:00,2026-02-27,23:26:00,23.95,21,346.87,36.25,23.1,4797.35,837.38,5634.73,58,True,Tardía,"Hora pico, Distancia larga, Carga pesada"
1091,86,7,14,3,2026-07-27,08:57:00,2026-07-27,11:14:00,2026-07-27,11:14:00,1.48,1,57.35,9.4,24.63,942.75,231.52,1174.27,0,False,Entregada,Entrega realizada en tiempo
1092,70,5,22,12,2026-06-24,19:31:00,2026-06-24,07:09:00,2026-06-25,07:09:00,14.8,25,399.31,50.16,25.28,4176.55,1268.04,5444.59,0,False,Entregada,Entrega realizada en tiempo
1093,61,33,23,23,2026-06-08,20:54:00,2026-06-08,06:15:00,2026-06-09,06:15:00,0.87,18,291.49,37.18,24.76,2188.45,920.58,3109.03,0,False,Entregada,Entrega realizada en tiempo
1094,81,25,56,5,2026-05-26,07:08:00,2026-05-26,17:04:00,2026-05-26,17:54:00,1.82,67,285.74,60.8,23.21,2646.7,1411.17,4057.87,50,True,Tardía,"Tráfico alto, Hora pico"
1095,70,22,2,15,2026-07-30,12:59:00,2026-07-30,15:22:00,2026-07-30,15:22:00,1.51,33,62.83,6.08,24.43,1229.15,148.53,1377.68,0,False,Entregada,Entrega realizada en tiempo
1096,21,19,5,35,2026-05-28,10:54:00,2026-05-28,14:28:00,2026-05-28,14:28:00,6.62,67,150.26,14.8,25.0,2449.3,370.0,2819.3,0,False,Entregada,Entrega realizada en tiempo
1097,52,40,4,35,2026-06-28,08:37:00,2026-06-28,12:11:00,2026-06-28,12:11:00,0.7,61,141.74,22.15,26.94,1766.7,596.72,2363.42,0,False,Entregada,Entrega realizada en tiempo
1098,84,2,3,22,2026-04-18,11:12:00,2026-04-18,18:51:00,2026-04-18,18:51:00,3.51,43,336.56,67.85,23.24,2877.8,1576.83,4454.63,0,False,Entregada,Entrega realizada en tiempo
1099,27,36,53,47,2026-03-26,06:15:00,2026-03-26,17:59:00,2026-03-26,19:02:00,0.84,64,336.43,39.67,24.38,2778.15,967.15,3745.3,63,True,Tardía,"Tráfico alto, Distancia larga"
1100,10,27,39,48,2026-06-06,07:56:00,2026-06-06,13:09:00,2026-06-06,13:09:00,6.81,71,186.01,23.91,23.52,2679.05,562.36,3241.41,0,False,Entregada,Entrega realizada en tiempo
1101,93,3,7,3,2026-05-08,19:14:00,2026-05-08,21:31:00,2026-05-08,21:31:00,10.07,45,67.42,14.47,24.21,2204.1,350.32,2554.42,0,False,Entregada,Entrega realizada en tiempo
1102,30,2,60,4,2026-01-07,09:34:00,2026-01-07,12:08:00,2026-01-07,12:08:00,6.83,78,111.77,22.53,25.73,2365.85,579.7,2945.55,0,False,Entregada,Entrega realizada en tiempo
1103,95,2,36,31,2026-01-14,15:49:00,2026-01-14,23:21:00,2026-01-14,23:21:00,12.64,49,201.26,40.58,24.72,3162.3,1003.14,4165.44,0,False,Entregada,Entrega realizada en tiempo
1104,55,36,9,8,2026-04-23,08:57:00,2026-04-23,12:25:00,2026-04-23,12:25:00,1.78,79,94.04,11.09,24.47,1780.2,271.37,2051.57,0,False,Entregada,Entrega realizada en tiempo
1105,25,22,28,4,2026-03-02,10:05:00,2026-03-02,12:39:00,2026-03-02,13:02:00,0.35,76,112.3,10.86,25.99,1704.5,282.25,1986.75,23,True,Tardía,Incidencia operativa
1106,69,37,3,1,2026-08-12,10:52:00,2026-08-12,17:11:00,2026-08-12,17:25:00,0.59,8,199.42,21.26,24.75,1620.1,526.19,2146.29,14,True,Tardía,Incidencia operativa
1107,37,3,21,23,2026-06-04,10:18:00,2026-06-04,19:39:00,2026-06-04,19:39:00,10.38,17,246.36,52.87,24.91,2905.8,1316.99,4222.79,0,False,Entregada,Entrega realizada en tiempo
1108,16,5,5,17,2026-05-20,09:31:00,2026-05-20,15:49:00,2026-05-20,15:49:00,16.44,46,176.91,22.22,26.44,3396.55,587.5,3984.05,0,False,Entregada,Entrega realizada en tiempo
1109,57,20,24,50,2026-05-22,12:55:00,2026-05-22,20:55:00,2026-05-22,20:55:00,6.6,32,257.95,35.0,24.07,2705.75,842.45,3548.2,0,False,Entregada,Entrega realizada en tiempo
1110,90,35,33,7,2026-01-14,14:57:00,2026-01-14,19:08:00,2026-01-14,19:08:00,1.26,53,111.97,15.11,25.49,1609.85,385.15,1995.0,0,False,Entregada,Entrega realizada en tiempo
1111,36,6,14,9,2026-08-04,19:14:00,2026-08-04,02:47:00,2026-08-05,02:47:00,0.8,40,202.61,29.62,23.84,1913.05,706.14,2619.19,0,False,Entregada,Entrega realizada en tiempo
1112,48,10,3,16,2026-06-28,17:41:00,2026-06-28,08:09:00,2026-06-29,08:09:00,13.49,59,443.22,44.46,23.09,4537.1,1026.58,5563.68,0,False,Entregada,Entrega realizada en tiempo
1113,5,18,18,38,2026-04-09,12:52:00,2026-04-09,17:23:00,2026-04-09,17:52:00,0.32,11,180.94,16.94,24.54,1524.7,415.71,1940.41,29,True,Tardía,Incidencia operativa
1114,3,25,25,29,2026-01-12,10:13:00,2026-01-12,15:27:00,2026-01-12,15:27:00,4.1,49,197.87,42.1,24.72,2291.35,1040.71,3332.06,0,False,Entregada,Entrega realizada en tiempo
1115,7,20,3,35,2026-07-15,14:59:00,2026-07-15,18:33:00,2026-07-15,18:33:00,3.69,4,139.62,18.94,26.02,1599.1,492.82,2091.92,0,False,Entregada,Entrega realizada en tiempo
1116,44,17,52,49,2026-06-01,09:48:00,2026-06-01,00:19:00,2026-06-02,01:29:00,1.05,4,350.59,62.27,26.23,2389.95,1633.34,4023.29,70,True,Tardía,"Hora pico, Distancia larga, Carga pesada"
1117,71,25,47,44,2026-03-15,20:29:00,2026-03-15,22:39:00,2026-03-15,22:39:00,11.05,55,67.06,14.27,25.27,2380.3,360.6,2740.9,0,False,Entregada,Entrega realizada en tiempo
1118,67,17,11,25,2026-04-30,10:08:00,2026-04-30,19:34:00,2026-04-30,19:34:00,0.93,2,329.15,58.46,25.73,2254.75,1504.18,3758.93,0,False,Entregada,Entrega realizada en tiempo
1119,36,6,16,50,2026-05-19,12:21:00,2026-05-19,20:21:00,2026-05-19,20:21:00,0.22,74,263.29,38.49,25.46,2430.45,979.96,3410.41,0,False,Entregada,Entrega realizada en tiempo
1120,47,18,43,17,2026-07-20,05:07:00,2026-07-20,11:25:00,2026-07-20,11:25:00,0.94,40,186.85,17.5,24.28,1848.25,424.9,2273.15,0,False,Entregada,Entrega realizada en tiempo
1121,34,12,29,30,2026-01-05,17:00:00,2026-01-05,22:08:00,2026-01-05,22:49:00,0.38,60,137.5,19.67,25.55,1705.5,502.57,2208.07,41,True,Tardía,Hora pico
1122,72,14,27,4,2026-05-29,07:17:00,2026-05-29,09:51:00,2026-05-29,09:51:00,5.71,79,108.39,11.68,26.81,2244.95,313.14,2558.09,0,False,Entregada,Entrega realizada en tiempo
1123,57,12,17,50,2026-07-21,11:16:00,2026-07-21,19:16:00,2026-07-21,19:16:00,1.15,64,268.47,38.41,25.52,2469.35,980.22,3449.57,0,False,Entregada,Entrega realizada en tiempo
1124,19,40,42,4,2026-03-01,08:41:00,2026-03-01,11:15:00,2026-03-01,12:00:00,1.02,5,96.97,15.15,25.32,1126.85,383.6,1510.45,45,True,Tardía,Hora pico
1125,6,36,46,15,2026-01-16,11:16:00,2026-01-16,13:39:00,2026-01-16,13:39:00,1.01,3,57.96,6.83,26.43,914.8,180.52,1095.32,0,False,Entregada,Entrega realizada en tiempo
1126,46,35,46,3,2026-06-03,10:22:00,2026-06-03,12:39:00,2026-06-03,13:03:00,0.67,14,60.67,8.19,23.45,982.35,192.06,1174.41,24,True,Tardía,Incidencia operativa
1127,10,16,14,21,2026-05-27,14:53:00,2026-05-27,21:56:00,2026-05-27,22:19:00,1.49,54,286.31,25.72,26.5,2512.55,681.58,3194.13,23,True,Tardía,Incidencia operativa
1128,19,2,21,39,2026-07-21,14:21:00,2026-07-21,22:44:00,2026-07-21,22:44:00,2.01,53,226.91,45.75,24.5,2259.55,1120.88,3380.43,0,False,Entregada,Entrega realizada en tiempo
1129,38,40,2,11,2026-04-05,06:18:00,2026-04-05,09:04:00,2026-04-05,09:04:00,1.46,20,66.35,10.37,23.1,1137.75,239.55,1377.3,0,False,Entregada,Entrega realizada en tiempo
1130,78,14,52,21,2026-05-11,19:50:00,2026-05-11,02:53:00,2026-05-12,02:53:00,7.05,75,296.07,31.9,26.76,3285.35,853.64,4138.99,0,False,Entregada,Entrega realizada en tiempo
1131,49,38,3,43,2026-07-05,08:24:00,2026-07-05,23:51:00,2026-07-05,23:51:00,4.63,11,407.92,34.66,26.83,3090.6,929.93,4020.53,0,False,Entregada,Entrega realizada en tiempo
1132,29,37,33,37,2026-06-11,20:46:00,2026-06-11,14:04:00,2026-06-12,14:04:00,0.64,54,477.04,50.86,23.48,3381.2,1194.19,4575.39,0,False,Entregada,Entrega realizada en tiempo
1133,68,4,39,31,2026-06-18,19:33:00,2026-06-18,03:05:00,2026-06-19,03:44:00,1.85,57,181.48,30.5,24.17,2048.4,737.19,2785.59,39,True,Tardía,Hora pico
1134,32,22,16,50,2026-04-03,10:29:00,2026-04-03,18:29:00,2026-04-03,18:29:00,0.3,41,247.21,23.91,23.46,2094.05,560.93,2654.98,0,False,Entregada,Entrega realizada en tiempo
1135,31,29,47,27,2026-04-03,07:22:00,2026-04-03,19:05:00,2026-04-03,19:05:00,8.26,72,298.29,31.17,26.66,3393.45,830.99,4224.44,0,False,Entregada,Entrega realizada en tiempo
1136,84,31,39,15,2026-04-25,16:14:00,2026-04-25,18:37:00,2026-04-25,18:37:00,7.38,73,66.68,9.47,26.95,2155.4,255.22,2410.62,0,False,Entregada,Entrega realizada en tiempo
1137,69,16,50,27,2026-06-22,08:38:00,2026-06-22,20:21:00,2026-06-22,20:21:00,18.4,34,308.63,27.73,24.37,4155.15,675.78,4830.93,0,False,Entregada,Entrega realizada en tiempo
1138,16,6,27,27,2026-05-10,08:36:00,2026-05-10,20:19:00,2026-05-10,20:19:00,1.34,64,303.62,44.39,26.09,2664.1,1158.14,3822.24,0,False,Entregada,Entrega realizada en tiempo
1139,24,30,1,11,2026-01-31,16:16:00,2026-01-31,19:02:00,2026-01-31,19:02:00,6.27,71,68.46,5.88,24.88,2037.3,146.29,2183.59,0,False,Entregada,Entrega realizada en tiempo
1140,13,9,56,3,2026-08-02,16:01:00,2026-08-02,18:18:00,2026-08-02,18:18:00,0.61,22,67.4,5.51,23.53,1074.0,129.65,1203.65,0,False,Entregada,Entrega realizada en tiempo
1141,68,25,58,28,2026-04-01,08:25:00,2026-04-01,15:26:00,2026-04-01,15:53:00,6.76,72,270.07,57.46,24.35,3102.35,1399.15,4501.5,27,True,Tardía,Hora pico
1142,44,38,39,40,2026-01-28,06:04:00,2026-01-28,23:06:00,2026-01-28,23:06:00,9.78,46,423.32,35.97,26.64,3962.6,958.24,4920.84,0,False,Entregada,Entrega realizada en tiempo
1143,81,29,48,28,2026-03-16,18:44:00,2026-03-16,01:45:00,2026-03-17,01:45:00,24.46,18,277.75,29.02,25.89,4478.75,751.33,5230.08,0,False,Entregada,Entrega realizada en tiempo
1144,76,33,6,10,2026-01-02,14:43:00,2026-01-02,17:08:00,2026-01-02,17:08:00,0.54,59,84.45,10.77,24.75,1448.25,266.56,1714.81,0,False,Entregada,Entrega realizada en tiempo
1145,66,38,18,50,2026-01-25,10:19:00,2026-01-25,18:19:00,2026-01-25,18:19:00,9.44,64,231.33,19.65,25.26,3112.65,496.36,3609.01,0,False,Entregada,Entrega realizada en tiempo
1146,68,38,33,28,2026-03-15,13:24:00,2026-03-15,20:25:00,2026-03-15,20:25:00,10.29,41,263.94,22.42,26.81,3176.7,601.08,3777.78,0,False,Entregada,Entrega realizada en tiempo
1147,6,14,28,34,2026-03-13,13:06:00,2026-03-13,16:57:00,2026-03-13,16:57:00,5.32,45,115.85,12.48,23.47,1971.25,292.91,2264.16,0,False,Entregada,Entrega realizada en tiempo
1148,36,32,29,15,2026-08-15,09:18:00,2026-08-15,11:41:00,2026-08-15,11:41:00,3.79,34,63.66,5.77,26.01,1469.3,150.08,1619.38,0,False,Entregada,Entrega realizada en tiempo
1149,30,18,10,7,2026-02-22,20:53:00,2026-02-22,01:04:00,2026-02-23,01:04:00,0.66,66,114.87,10.76,23.11,1668.35,248.66,1917.01,0,False,Entregada,Entrega realizada en tiempo
1150,6,35,35,13,2026-01-02,18:53:00,2026-01-02,06:36:00,2026-01-03,07:36:00,1.09,4,305.09,41.17,25.93,2166.45,1067.54,3233.99,60,True,Tardía,"Hora pico, Distancia larga"
1151,67,9,54,30,2026-03-17,08:45:00,2026-03-17,13:53:00,2026-03-17,13:53:00,0.52,16,125.78,10.28,24.73,1308.9,254.22,1563.12,0,False,Entregada,Entrega realizada en tiempo
1152,34,6,56,9,2026-03-13,08:22:00,2026-03-13,15:55:00,2026-03-13,15:55:00,0.37,11,200.44,29.3,23.89,1627.2,699.98,2327.18,0,False,Entregada,Entrega realizada en tiempo
1153,10,21,11,33,2026-03-27,11:29:00,2026-03-27,20:23:00,2026-03-27,20:23:00,0.28,66,294.8,41.23,23.3,2530.0,960.66,3490.66,0,False,Entregada,Entrega realizada en tiempo
1154,89,21,58,3,2026-04-21,08:59:00,2026-04-21,11:16:00,2026-04-21,12:08:00,0.69,67,55.88,7.82,23.14,1384.4,180.95,1565.35,52,True,Tardía,Hora pico
1155,82,1,16,9,2026-05-31,15:55:00,2026-05-31,23:28:00,2026-05-31,23:28:00,0.95,29,178.73,17.25,24.06,1720.65,415.03,2135.68,0,False,Entregada,Entrega realizada en tiempo
1156,20,32,53,12,2026-07-07,18:18:00,2026-07-07,05:56:00,2026-07-08,06:40:00,1.43,17,433.57,39.27,23.01,2946.85,903.6,3850.45,44,True,Tardía,"Hora pico, Distancia larga"
1157,9,32,36,40,2026-02-23,09:02:00,2026-02-23,02:04:00,2026-02-24,02:04:00,0.48,54,485.56,43.98,25.45,3407.8,1119.29,4527.09,0,False,Entregada,Entrega realizada en tiempo
1158,81,38,16,41,2026-03-31,18:33:00,2026-03-31,01:49:00,2026-04-01,01:49:00,0.26,24,185.47,15.76,26.36,1645.35,415.43,2060.78,0,False,Entregada,Entrega realizada en tiempo
1159,38,32,32,41,2026-04-11,14:34:00,2026-04-11,21:50:00,2026-04-11,21:50:00,3.51,62,188.05,17.03,23.88,2287.25,406.68,2693.93,0,False,Entregada,Entrega realizada en tiempo
1160,97,19,27,29,2026-03-25,10:42:00,2026-03-25,15:56:00,2026-03-25,15:56:00,0.96,55,182.05,17.94,24.86,1946.25,445.99,2392.24,0,False,Entregada,Entrega realizada en tiempo
1161,41,8,23,45,2026-04-12,08:49:00,2026-04-12,11:30:00,2026-04-12,11:30:00,1.78,62,89.75,9.59,26.46,1622.75,253.75,1876.5,0,False,Entregada,Entrega realizada en tiempo
1162,77,27,44,16,2026-01-08,12:17:00,2026-01-08,02:45:00,2026-01-09,03:14:00,4.41,65,451.07,57.98,25.25,3716.35,1463.99,5180.34,29,True,Tardía,Distancia larga
1163,42,17,44,21,2026-04-16,15:51:00,2026-04-16,22:54:00,2026-04-16,22:54:00,0.99,57,291.08,51.7,24.04,2510.4,1242.87,3753.27,0,False,Entregada,Entrega realizada en tiempo
1164,7,18,32,47,2026-02-26,13:40:00,2026-02-26,01:24:00,2026-02-27,02:27:00,1.01,6,327.86,30.7,23.82,2288.3,731.27,3019.57,63,True,Tardía,"Tráfico alto, Distancia larga, Carga pesada"
1165,81,8,40,40,2026-03-26,08:38:00,2026-03-26,01:40:00,2026-03-27,02:24:00,5.84,70,420.4,44.91,26.65,3746.0,1196.85,4942.85,44,True,Tardía,"Hora pico, Distancia larga, Carga pesada"
1166,99,36,5,42,2026-01-13,19:13:00,2026-01-13,22:24:00,2026-01-13,22:24:00,1.34,47,97.41,11.49,26.94,1497.05,309.54,1806.59,0,False,Entregada,Entrega realizada en tiempo
1167,69,26,56,46,2026-02-28,12:51:00,2026-02-28,03:41:00,2026-03-01,03:41:00,5.82,21,427.68,61.01,24.33,3388.4,1484.37,4872.77,0,False,Entregada,Entrega realizada en tiempo
1168,28,36,47,16,2026-01-04,06:54:00,2026-01-04,21:22:00,2026-01-04,21:22:00,1.36,3,387.18,45.66,25.11,2595.9,1146.52,3742.42,0,False,Entregada,Entrega realizada en tiempo
1169,65,26,51,32,2026-01-11,09:18:00,2026-01-11,21:22:00,2026-01-11,22:10:00,2.62,39,395.27,56.39,24.09,3050.35,1358.44,4408.79,48,True,Tardía,"Hora pico, Distancia larga"
1170,16,25,42,26,2026-02-03,11:55:00,2026-02-03,17:54:00,2026-02-03,18:43:00,7.45,11,182.82,38.9,23.08,2247.1,897.81,3144.91,49,True,Tardía,Tráfico alto
1171,96,35,39,10,2026-01-25,15:12:00,2026-01-25,17:37:00,2026-01-25,17:37:00,1.07,78,90.22,12.18,26.14,1682.1,318.39,2000.49,0,False,Entregada,Entrega realizada en tiempo
1172,55,33,48,2,2026-03-19,11:29:00,2026-03-19,21:24:00,2026-03-19,22:22:00,0.73,26,295.23,37.66,24.89,2257.15,937.36,3194.51,58,True,Tardía,Tráfico alto
1173,38,28,6,15,2026-04-15,20:17:00,2026-04-15,22:40:00,2026-04-15,22:40:00,1.14,62,66.42,9.74,25.81,1442.1,251.39,1693.49,0,False,Entregada,Entrega realizada en tiempo
1174,65,16,25,2,2026-05-08,15:23:00,2026-05-08,01:18:00,2026-05-09,01:18:00,12.82,70,280.62,25.21,24.81,3745.1,625.46,4370.56,0,False,Entregada,Entrega realizada en tiempo
1175,74,2,26,50,2026-03-01,17:23:00,2026-03-01,01:23:00,2026-03-02,01:23:00,6.06,62,273.79,55.2,25.57,2970.95,1411.46,4382.41,0,False,Entregada,Entrega realizada en tiempo
1176,43,10,52,41,2026-01-22,08:35:00,2026-01-22,15:51:00,2026-01-22,16:39:00,9.4,22,192.37,19.29,24.0,2577.85,462.96,3040.81,48,True,Tardía,Hora pico
1177,19,26,40,31,2026-05-14,10:03:00,2026-05-14,17:35:00,2026-05-14,17:35:00,6.84,64,187.48,26.74,24.25,2633.4,648.44,3281.84,0,False,Entregada,Entrega realizada en tiempo
1178,44,10,3,21,2026-06-26,16:55:00,2026-06-26,23:58:00,2026-06-26,23:58:00,6.98,1,287.49,28.84,23.84,2643.45,687.55,3331.0,0,False,Entregada,Entrega realizada en tiempo
1179,72,32,35,32,2026-03-22,10:20:00,2026-03-22,22:24:00,2026-03-22,22:24:00,0.43,60,399.22,36.16,25.06,3019.1,906.17,3925.27,0,False,Entregada,Entrega realizada en tiempo
1180,95,6,59,7,2026-04-19,07:24:00,2026-04-19,11:35:00,2026-04-19,11:35:00,0.72,17,130.82,19.13,23.65,1362.1,452.42,1814.52,0,False,Entregada,Entrega realizada en tiempo
1181,96,8,11,13,2026-04-23,08:02:00,2026-04-23,19:45:00,2026-04-23,21:03:00,5.18,55,301.48,32.21,26.0,2965.4,837.46,3802.86,78,True,Tardía,"Hora pico, Distancia larga, Carga pesada"
1182,71,27,26,1,2026-03-17,08:27:00,2026-03-17,14:46:00,2026-03-17,14:46:00,9.03,38,186.07,23.92,26.52,2637.35,634.36,3271.71,0,False,Entregada,Entrega realizada en tiempo
1183,35,34,21,40,2026-04-06,09:09:00,2026-04-06,02:11:00,2026-04-07,02:11:00,7.42,38,431.38,35.83,23.82,3702.9,853.47,4556.37,0,False,Entregada,Entrega realizada en tiempo
1184,79,24,34,39,2026-03-06,18:29:00,2026-03-06,02:52:00,2026-03-07,02:52:00,4.6,27,218.72,20.5,26.71,2269.6,547.56,2817.16,0,False,Entregada,Entrega realizada en tiempo
1185,93,9,11,34,2026-07-03,18:00:00,2026-07-03,21:51:00,2026-07-03,21:51:00,0.39,41,101.59,8.31,23.6,1374.95,196.12,1571.07,0,False,Entregada,Entrega realizada en tiempo
1186,9,1,20,45,2026-02-18,09:44:00,2026-02-18,12:25:00,2026-02-18,12:25:00,1.15,13,88.08,8.5,24.32,1159.4,206.72,1366.12,0,False,Entregada,Entrega realizada en tiempo
1187,8,40,30,39,2026-02-10,07:22:00,2026-02-10,15:45:00,2026-02-10,15:45:00,0.62,72,220.24,34.41,24.38,2239.2,838.92,3078.12,0,False,Entregada,Entrega realizada en tiempo
1188,2,13,18,19,2026-07-30,16:37:00,2026-07-30,05:18:00,2026-07-31,05:18:00,8.83,40,388.27,31.67,26.07,3644.35,825.64,4469.99,0,False,Entregada,Entrega realizada en tiempo
1189,33,36,35,42,2026-06-18,09:04:00,2026-06-18,12:15:00,2026-06-18,12:59:00,0.53,76,104.77,12.35,24.05,1684.85,297.02,1981.87,44,True,Tardía,"Tráfico alto, Hora pico"
1190,14,9,52,34,2026-05-31,15:21:00,2026-05-31,19:12:00,2026-05-31,19:12:00,0.38,74,106.4,8.7,25.37,1662.0,220.72,1882.72,0,False,Entregada,Entrega realizada en tiempo
1191,36,40,43,31,2026-02-23,09:00:00,2026-02-23,16:32:00,2026-02-23,16:32:00,0.28,30,183.79,28.72,23.37,1686.95,671.19,2358.14,0,False,Entregada,Entrega realizada en tiempo
1192,79,10,10,11,2026-05-02,05:20:00,2026-05-02,08:06:00,2026-05-02,08:06:00,9.69,10,69.03,6.92,23.21,1894.15,160.61,2054.76,0,False,Entregada,Entrega realizada en tiempo
1193,66,29,28,43,2026-05-01,13:19:00,2026-05-01,04:46:00,2026-05-02,04:46:00,23.01,65,402.66,42.08,23.96,5334.3,1008.24,6342.54,0,False,Entregada,Entrega realizada en tiempo
1194,51,25,50,25,2026-06-30,18:22:00,2026-06-30,03:48:00,2026-07-01,03:48:00,4.32,40,331.94,70.63,24.27,2911.7,1714.19,4625.89,0,False,Entregada,Entrega realizada en tiempo
1195,11,39,54,14,2026-02-12,11:45:00,2026-02-12,20:30:00,2026-02-12,20:30:00,0.36,19,252.24,20.36,25.24,1949.2,513.89,2463.09,0,False,Entregada,Entrega realizada en tiempo
1196,63,17,44,8,2026-05-23,16:41:00,2026-05-23,20:09:00,2026-05-23,20:30:00,0.57,45,99.59,17.69,26.42,1414.95,467.37,1882.32,21,True,Tardía,Incidencia operativa
1197,99,23,47,28,2026-02-24,20:56:00,2026-02-24,03:57:00,2026-02-25,03:57:00,0.83,25,279.22,51.14,23.72,2179.1,1213.04,3392.14,0,False,Entregada,Entrega realizada en tiempo
1198,96,1,13,29,2026-04-03,19:12:00,2026-04-03,00:26:00,2026-04-04,00:26:00,1.07,1,169.57,16.37,24.31,1462.85,397.95,1860.8,0,False,Entregada,Entrega realizada en tiempo
1199,48,17,33,1,2026-06-05,11:02:00,2026-06-05,17:21:00,2026-06-05,17:21:00,0.61,36,203.57,36.16,24.59,1866.85,889.17,2756.02,0,False,Entregada,Entrega realizada en tiempo
1200,90,17,18,41,2026-01-15,05:55:00,2026-01-15,13:11:00,2026-01-15,13:11:00,0.66,61,201.46,35.78,25.53,2061.3,913.46,2974.76,0,False,Entregada,Entrega realizada en tiempo
1201,63,12,31,48,2026-08-12,20:51:00,2026-08-12,02:04:00,2026-08-13,02:43:00,0.59,14,192.88,27.59,26.58,1635.4,733.34,2368.74,39,True,Tardía,Tráfico alto
1202,20,12,56,9,2026-01-22,16:53:00,2026-01-22,00:26:00,2026-01-23,00:56:00,1.16,16,196.41,28.1,25.84,1726.05,726.1,2452.15,30,True,Tardía,Incidencia operativa
1203,41,7,55,35,2026-03-13,09:41:00,2026-03-13,13:15:00,2026-03-13,13:15:00,1.78,79,137.23,22.5,24.33,1996.15,547.42,2543.57,0,False,Entregada,Entrega realizada en tiempo
1204,87,21,58,46,2026-02-13,14:33:00,2026-02-13,05:23:00,2026-02-14,05:23:00,0.23,2,438.6,61.34,24.61,2732.0,1509.58,4241.58,0,False,Entregada,Entrega realizada en tiempo
1205,86,4,5,13,2026-07-31,19:09:00,2026-07-31,06:52:00,2026-08-01,07:22:00,2.08,35,295.9,49.73,24.1,2467.5,1198.49,3665.99,30,True,Tardía,Hora pico
1206,26,33,27,12,2026-06-12,05:19:00,2026-06-12,16:57:00,2026-06-12,16:57:00,0.4,36,378.79,48.32,23.47,2721.95,1134.07,3856.02,0,False,Entregada,Entrega realizada en tiempo
1207,60,37,54,45,2026-01-23,17:05:00,2026-01-23,19:46:00,2026-01-23,19:46:00,0.46,15,88.64,9.45,23.73,1109.2,224.25,1333.45,0,False,Entregada,Entrega realizada en tiempo
1208,12,12,21,38,2026-06-10,05:49:00,2026-06-10,10:20:00,2026-06-10,10:20:00,0.84,22,182.69,26.14,23.87,1673.45,623.96,2297.41,0,False,Entregada,Entrega realizada en tiempo
1209,48,30,6,47,2026-03-05,12:53:00,2026-03-05,00:37:00,2026-03-06,00:37:00,4.94,25,303.82,26.1,25.95,2713.1,677.3,3390.4,0,False,Entregada,Entrega realizada en tiempo
1210,40,4,25,46,2026-03-15,09:17:00,2026-03-15,00:07:00,2026-03-16,00:07:00,0.9,18,428.77,72.06,24.66,2877.85,1777.0,4654.85,0,False,Entregada,Entrega realizada en tiempo
1211,25,18,57,13,2026-02-15,12:16:00,2026-02-15,23:59:00,2026-02-16,00:54:00,1.07,57,340.07,31.84,24.45,2763.35,778.49,3541.84,55,True,Tardía,"Distancia larga, Carga pesada"
1212,99,34,29,41,2026-06-25,09:02:00,2026-06-25,16:18:00,2026-06-25,16:18:00,0.39,75,209.66,17.41,25.15,2187.3,437.86,2625.16,0,False,Entregada,Entrega realizada en tiempo
1213,27,28,23,42,2026-07-27,12:13:00,2026-07-27,15:24:00,2026-07-27,15:24:00,7.19,44,102.73,15.06,25.02,2084.65,376.8,2461.45,0,False,Entregada,Entrega realizada en tiempo
1214,96,18,6,33,2026-07-17,09:16:00,2026-07-17,18:10:00,2026-07-17,18:10:00,0.61,28,276.01,25.84,23.13,2165.05,597.68,2762.73,0,False,Entregada,Entrega realizada en tiempo
1215,15,34,43,41,2026-02-17,18:08:00,2026-02-17,01:24:00,2026-02-18,01:24:00,2.68,60,178.75,14.85,24.49,2141.75,363.68,2505.43,0,False,Entregada,Entrega realizada en tiempo
1216,49,38,58,3,2026-03-24,08:40:00,2026-03-24,10:57:00,2026-03-24,10:57:00,3.57,46,58.78,4.99,23.03,1518.9,114.92,1633.82,0,False,Entregada,Entrega realizada en tiempo
1217,54,31,22,22,2026-06-15,08:11:00,2026-06-15,15:50:00,2026-06-15,16:46:00,12.57,46,335.68,47.68,26.01,3803.4,1240.16,5043.56,56,True,Tardía,"Hora pico, Distancia larga"
1218,57,40,30,38,2026-05-28,16:46:00,2026-05-28,21:17:00,2026-05-28,21:17:00,0.83,52,172.28,26.92,23.97,1860.4,645.27,2505.67,0,False,Entregada,Entrega realizada en tiempo
1219,93,24,39,22,2026-05-04,15:19:00,2026-05-04,22:58:00,2026-05-04,22:58:00,6.41,6,347.61,32.58,26.51,2927.05,863.7,3790.75,0,False,Entregada,Entrega realizada en tiempo
1220,98,33,7,27,2026-04-20,11:36:00,2026-04-20,23:19:00,2026-04-20,23:19:00,0.8,52,343.72,43.84,23.66,2714.6,1037.25,3751.85,0,False,Entregada,Entrega realizada en tiempo
1221,22,20,57,39,2026-06-28,19:12:00,2026-06-28,03:35:00,2026-06-29,03:35:00,7.02,73,233.22,31.64,23.52,2952.1,744.17,3696.27,0,False,Entregada,Entrega realizada en tiempo
1222,43,4,6,20,2026-07-22,08:51:00,2026-07-22,10:24:00,2026-07-22,10:24:00,0.38,45,57.48,9.66,23.66,1185.4,228.56,1413.96,0,False,Entregada,Entrega realizada en tiempo
1223,1,10,13,12,2026-03-19,12:05:00,2026-03-19,23:43:00,2026-03-20,00:17:00,4.35,24,392.96,39.41,23.36,3091.8,920.62,4012.42,34,True,Tardía,Distancia larga
1224,32,10,44,36,2026-08-05,14:00:00,2026-08-05,17:54:00,2026-08-05,18:32:00,2.79,62,103.32,10.36,25.2,1791.6,261.07,2052.67,38,True,Tardía,Tráfico alto
1225,51,14,59,31,2026-06-21,15:53:00,2026-06-21,23:25:00,2026-06-21,23:25:00,5.8,60,201.44,21.71,26.05,2567.2,565.55,3132.75,0,False,Entregada,Entrega realizada en tiempo
1226,13,25,9,21,2026-07-15,08:25:00,2026-07-15,15:28:00,2026-07-15,15:28:00,1.8,42,312.27,66.44,26.28,2577.35,1746.04,4323.39,0,False,Entregada,Entrega realizada en tiempo
1227,94,28,39,26,2026-05-17,07:22:00,2026-05-17,13:21:00,2026-05-17,13:21:00,5.87,63,164.34,24.1,26.88,2412.7,647.81,3060.51,0,False,Entregada,Entrega realizada en tiempo
1228,4,15,57,39,2026-02-15,10:23:00,2026-02-15,18:46:00,2026-02-15,18:46:00,0.82,47,204.52,42.08,26.29,1980.6,1106.28,3086.88,0,False,Entregada,Entrega realizada en tiempo
1229,79,39,49,26,2026-01-20,10:08:00,2026-01-20,16:07:00,2026-01-20,16:42:00,3.09,64,181.27,14.63,24.74,2227.35,361.95,2589.3,35,True,Tardía,Tráfico alto
1230,44,25,42,12,2026-04-19,08:18:00,2026-04-19,19:56:00,2026-04-19,20:40:00,3.36,40,414.74,88.24,26.83,3229.7,2367.48,5597.18,44,True,Tardía,"Hora pico, Distancia larga"
1231,54,12,11,26,2026-06-24,19:53:00,2026-06-24,01:52:00,2026-06-25,02:48:00,1.31,14,174.56,24.97,26.45,1615.8,660.46,2276.26,56,True,Tardía,"Tráfico alto, Hora pico, Carga pesada"
1232,2,11,21,9,2026-05-28,19:24:00,2026-05-28,02:57:00,2026-05-29,03:44:00,0.45,59,182.47,38.17,24.69,1929.35,942.42,2871.77,47,True,Tardía,Hora pico
1233,7,20,28,17,2026-07-09,08:38:00,2026-07-09,14:56:00,2026-07-09,14:56:00,0.3,58,183.12,24.85,26.12,1909.6,649.08,2558.68,0,False,Entregada,Entrega realizada en tiempo
1234,92,22,55,35,2026-04-04,08:50:00,2026-04-04,12:24:00,2026-04-04,12:24:00,0.8,23,137.47,13.29,25.13,1451.35,333.98,1785.33,0,False,Entregada,Entrega realizada en tiempo
1235,50,6,10,1,2026-03-28,11:12:00,2026-03-28,17:31:00,2026-03-28,17:31:00,1.4,66,188.11,27.5,25.91,2108.55,712.52,2821.07,0,False,Entregada,Entrega realizada en tiempo
1236,59,28,4,30,2026-03-14,06:07:00,2026-03-14,11:15:00,2026-03-14,11:15:00,2.36,63,131.18,19.23,23.2,1895.9,446.14,2342.04,0,False,Entregada,Entrega realizada en tiempo
1237,77,24,17,28,2026-03-28,12:49:00,2026-03-28,19:50:00,2026-03-28,19:50:00,4.61,4,255.18,23.92,23.71,2268.9,567.14,2836.04,0,False,Entregada,Entrega realizada en tiempo
1238,46,27,2,29,2026-03-25,12:40:00,2026-03-25,17:54:00,2026-03-25,17:54:00,3.89,5,197.96,25.44,24.43,1918.8,621.5,2540.3,0,False,Entregada,Entrega realizada en tiempo
1239,5,35,48,26,2026-03-05,09:05:00,2026-03-05,15:04:00,2026-03-05,16:08:00,0.73,69,169.41,22.86,24.72,1972.05,565.1,2537.15,64,True,Tardía,"Tráfico alto, Hora pico"
1240,36,23,30,45,2026-06-08,10:58:00,2026-06-08,13:39:00,2026-06-08,13:39:00,0.88,68,76.93,14.09,23.16,1516.65,326.32,1842.97,0,False,Entregada,Entrega realizada en tiempo
1241,42,24,3,10,2026-06-05,08:24:00,2026-06-05,10:49:00,2026-06-05,10:49:00,1.28,66,82.22,7.71,23.32,1567.1,179.8,1746.9,0,False,Entregada,Entrega realizada en tiempo
1242,82,20,28,26,2026-01-06,09:47:00,2026-01-06,15:46:00,2026-01-06,15:46:00,2.82,33,153.52,20.83,25.97,1813.6,540.96,2354.56,0,False,Entregada,Entrega realizada en tiempo
1243,11,28,8,13,2026-05-27,11:19:00,2026-05-27,23:02:00,2026-05-27,23:02:00,7.73,79,348.22,51.06,26.42,3646.1,1349.01,4995.11,0,False,Entregada,Entrega realizada en tiempo
1244,32,4,24,37,2026-05-02,09:48:00,2026-05-02,03:06:00,2026-05-03,03:40:00,2.05,56,482.14,81.03,25.42,3563.7,2059.78,5623.48,34,True,Tardía,"Hora pico, Distancia larga"
1245,24,19,18,1,2026-04-15,09:01:00,2026-04-15,15:20:00,2026-04-15,15:20:00,2.0,54,203.47,20.05,24.1,2149.35,483.21,2632.56,0,False,Entregada,Entrega realizada en tiempo
1246,60,39,51,41,2026-03-23,08:14:00,2026-03-23,15:30:00,2026-03-23,16:02:00,1.85,29,211.63,17.08,23.25,1975.15,397.11,2372.26,32,True,Tardía,Hora pico
1247,37,39,53,30,2026-05-31,16:40:00,2026-05-31,21:48:00,2026-05-31,21:48:00,8.52,77,136.46,11.01,24.56,2650.3,270.41,2920.71,0,False,Entregada,Entrega realizada en tiempo
1248,72,1,22,22,2026-03-23,14:52:00,2026-03-23,22:31:00,2026-03-23,23:20:00,1.63,57,324.82,31.35,25.79,2743.1,808.52,3551.62,49,True,Tardía,"Distancia larga, Carga pesada"
1249,87,25,17,26,2026-01-09,07:40:00,2026-01-09,13:39:00,2026-01-09,13:39:00,3.02,63,165.9,35.3,24.38,2135.5,860.61,2996.11,0,False,Entregada,Entrega realizada en tiempo
1250,27,34,24,20,2026-03-16,13:28:00,2026-03-16,15:01:00,2026-03-16,15:30:00,5.07,60,54.19,4.5,25.34,1757.95,114.03,1871.98,29,True,Tardía,Incidencia operativa
1251,80,23,37,28,2026-04-17,05:48:00,2026-04-17,12:49:00,2026-04-17,12:49:00,1.18,37,303.03,55.5,24.96,2429.15,1385.28,3814.43,0,False,Entregada,Entrega realizada en tiempo
1252,31,25,59,35,2026-02-03,15:38:00,2026-02-03,19:12:00,2026-02-03,19:28:00,2.27,16,156.0,33.19,23.85,1635.0,791.58,2426.58,16,True,Tardía,Incidencia operativa
1253,15,37,19,12,2026-08-10,09:49:00,2026-08-10,21:27:00,2026-08-10,21:27:00,1.0,52,452.38,48.23,24.41,3277.9,1177.29,4455.19,0,False,Entregada,Entrega realizada en tiempo
1254,28,27,58,39,2026-03-13,13:49:00,2026-03-13,22:12:00,2026-03-13,22:12:00,13.1,47,215.2,27.66,25.66,3262.0,709.76,3971.76,0,False,Entregada,Entrega realizada en tiempo
1255,88,21,33,35,2026-05-17,15:14:00,2026-05-17,18:48:00,2026-05-17,18:48:00,1.71,52,155.01,21.68,24.86,1862.05,538.96,2401.01,0,False,Entregada,Entrega realizada en tiempo
1256,58,11,60,12,2026-04-13,12:00:00,2026-04-13,23:38:00,2026-04-13,23:38:00,0.86,69,415.29,86.88,26.05,3214.45,2263.22,5477.67,0,False,Entregada,Entrega realizada en tiempo
1257,84,12,44,7,2026-04-09,16:26:00,2026-04-09,20:37:00,2026-04-09,20:47:00,1.09,53,117.33,16.79,25.48,1619.65,427.81,2047.46,10,True,Tardía,Incidencia operativa
1258,18,40,40,33,2026-01-21,16:01:00,2026-01-21,00:55:00,2026-01-22,00:55:00,1.05,42,290.41,45.38,23.67,2393.05,1074.14,3467.19,0,False,Entregada,Entrega realizada en tiempo
1259,81,31,44,6,2026-04-05,05:47:00,2026-04-05,06:41:00,2026-04-05,06:41:00,4.36,77,28.84,4.1,25.62,1696.2,105.04,1801.24,0,False,Entregada,Entrega realizada en tiempo
1260,71,33,56,13,2026-08-06,09:29:00,2026-08-06,21:12:00,2026-08-06,21:12:00,0.79,48,318.91,40.68,23.96,2557.55,974.69,3532.24,0,False,Entregada,Entrega realizada en tiempo
1261,61,13,21,9,2026-03-17,07:57:00,2026-03-17,15:30:00,2026-03-17,16:13:00,0.46,4,177.32,14.46,23.98,1464.6,346.75,1811.35,43,True,Tardía,Hora pico
1262,78,29,16,12,2026-04-29,19:41:00,2026-04-29,07:19:00,2026-04-30,07:19:00,9.95,15,450.98,47.12,26.35,3869.9,1241.61,5111.51,0,False,Entregada,Entrega realizada en tiempo
1263,21,16,30,47,2026-01-18,05:47:00,2026-01-18,17:31:00,2026-01-18,17:31:00,4.68,5,344.3,30.93,24.63,2729.5,761.81,3491.31,0,False,Entregada,Entrega realizada en tiempo
1264,67,31,56,25,2026-01-19,16:16:00,2026-01-19,01:42:00,2026-01-20,02:16:00,5.88,69,330.92,47.01,24.75,3294.6,1163.5,4458.1,34,True,Tardía,Distancia larga
1265,93,4,19,26,2026-08-01,06:23:00,2026-08-01,12:22:00,2026-08-01,12:22:00,2.17,52,175.24,29.45,25.05,2009.2,737.72,2746.92,0,False,Entregada,Entrega realizada en tiempo
1266,84,29,28,8,2026-01-27,08:54:00,2026-01-27,12:22:00,2026-01-27,12:22:00,2.8,34,98.37,10.28,25.32,1543.85,260.29,1804.14,0,False,Entregada,Entrega realizada en tiempo
1267,15,11,24,27,2026-06-18,13:09:00,2026-06-18,00:52:00,2026-06-19,00:52:00,0.32,32,313.16,65.51,23.84,2353.8,1561.76,3915.56,0,False,Entregada,Entrega realizada en tiempo
1268,13,22,42,45,2026-01-19,17:57:00,2026-01-19,20:38:00,2026-01-19,20:38:00,1.09,63,78.13,7.56,26.03,1503.65,196.79,1700.44,0,False,Entregada,Entrega realizada en tiempo
1269,44,19,45,29,2026-03-26,17:44:00,2026-03-26,22:58:00,2026-03-26,22:58:00,2.35,34,183.39,18.07,25.38,1923.95,458.62,2382.57,0,False,Entregada,Entrega realizada en tiempo
1270,98,9,10,34,2026-03-15,05:14:00,2026-03-15,09:05:00,2026-03-15,09:05:00,0.78,48,119.4,9.76,25.86,1559.0,252.39,1811.39,0,False,Entregada,Entrega realizada en tiempo
1271,40,11,37,41,2026-03-20,18:45:00,2026-03-20,02:01:00,2026-03-21,02:01:00,0.38,57,204.56,42.79,23.62,2016.8,1010.7,3027.5,0,False,Entregada,Entrega realizada en tiempo
1272,89,9,10,39,2026-03-16,15:16:00,2026-03-16,23:39:00,2026-03-16,23:55:00,0.44,30,209.94,17.17,25.33,1833.7,434.92,2268.62,16,True,Tardía,Incidencia operativa
1273,19,38,1,17,2026-04-04,19:47:00,2026-04-04,02:05:00,2026-04-05,02:05:00,11.35,67,192.91,16.39,25.47,3135.55,417.45,3553.0,0,False,Entregada,Entrega realizada en tiempo
1274,22,23,42,10,2026-05-31,19:20:00,2026-05-31,21:45:00,2026-05-31,21:45:00,1.69,67,84.31,15.44,26.46,1626.55,408.54,2035.09,0,False,Entregada,Entrega realizada en tiempo
1275,63,11,56,34,2026-05-04,09:30:00,2026-05-04,13:21:00,2026-05-04,13:48:00,1.65,49,115.13,24.09,23.9,1632.65,575.75,2208.4,27,True,Tardía,Hora pico
1276,27,15,10,18,2026-06-05,08:41:00,2026-06-05,00:49:00,2026-06-06,01:41:00,0.43,26,431.25,88.73,26.36,2907.25,2338.92,5246.17,52,True,Tardía,"Hora pico, Distancia larga"
1277,68,15,48,13,2026-04-04,06:25:00,2026-04-04,18:08:00,2026-04-04,18:08:00,0.53,13,328.5,67.59,25.03,2299.5,1691.78,3991.28,0,False,Entregada,Entrega realizada en tiempo
1278,35,36,35,48,2026-05-18,07:51:00,2026-05-18,13:04:00,2026-05-18,13:04:00,0.6,8,172.54,20.35,25.09,1486.7,510.58,1997.28,0,False,Entregada,Entrega realizada en tiempo
1279,32,17,52,48,2026-02-16,10:14:00,2026-02-16,15:27:00,2026-02-16,16:27:00,1.01,59,169.41,30.09,24.11,1920.05,725.47,2645.52,60,True,Tardía,"Tráfico alto, Carga pesada"
1280,96,13,47,5,2026-02-03,19:19:00,2026-02-03,05:15:00,2026-02-04,06:23:00,11.25,8,272.48,22.23,24.91,3051.4,553.75,3605.15,68,True,Tardía,"Tráfico alto, Hora pico"
1281,13,35,57,4,2026-03-23,07:12:00,2026-03-23,09:46:00,2026-03-23,10:18:00,0.24,62,95.91,12.94,23.79,1499.55,307.84,1807.39,32,True,Tardía,Hora pico
1282,70,38,14,39,2026-05-05,12:36:00,2026-05-05,20:59:00,2026-05-05,20:59:00,2.79,2,229.3,19.48,26.44,1941.5,515.05,2456.55,0,False,Entregada,Entrega realizada en tiempo
1283,15,29,50,42,2026-02-19,17:00:00,2026-02-19,20:11:00,2026-02-19,20:11:00,7.91,33,105.89,11.06,25.41,2084.45,281.03,2365.48,0,False,Entregada,Entrega realizada en tiempo
1284,64,12,22,33,2026-05-04,19:18:00,2026-05-04,04:12:00,2026-05-05,05:11:00,0.92,39,278.08,39.78,24.1,2294.4,958.7,3253.1,59,True,Tardía,"Tráfico alto, Hora pico"
1285,72,33,20,41,2026-04-23,08:48:00,2026-04-23,16:04:00,2026-04-23,16:04:00,0.64,24,195.49,24.93,24.28,1733.45,605.3,2338.75,0,False,Entregada,Entrega realizada en tiempo
1286,66,31,32,11,2026-02-15,07:48:00,2026-02-15,10:34:00,2026-02-15,10:34:00,19.59,56,69.24,9.84,23.38,3253.2,230.06,3483.26,0,False,Entregada,Entrega realizada en tiempo
1287,57,22,41,44,2026-05-18,09:12:00,2026-05-18,11:22:00,2026-05-18,11:22:00,0.67,14,69.75,6.75,23.85,1027.75,160.99,1188.74,0,False,Entregada,Entrega realizada en tiempo
1288,65,20,21,50,2026-05-16,18:06:00,2026-05-16,02:06:00,2026-05-17,02:06:00,12.06,39,270.71,36.73,23.84,3371.55,875.64,4247.19,0,False,Entregada,Entrega realizada en tiempo
1289,87,10,21,11,2026-02-19,15:50:00,2026-02-19,18:36:00,2026-02-19,18:36:00,7.91,22,76.09,7.63,25.44,1847.45,194.11,2041.56,0,False,Entregada,Entrega realizada en tiempo
1290,21,21,34,31,2026-06-17,16:49:00,2026-06-17,00:21:00,2026-06-18,00:21:00,0.94,35,198.39,27.75,24.05,1865.95,667.39,2533.34,0,False,Entregada,Entrega realizada en tiempo
1291,39,24,10,20,2026-03-27,14:53:00,2026-03-27,16:26:00,2026-03-27,16:26:00,1.53,41,60.01,5.62,24.7,1281.05,138.81,1419.86,0,False,Entregada,Entrega realizada en tiempo
1292,51,27,1,49,2026-04-14,06:26:00,2026-04-14,20:57:00,2026-04-14,20:57:00,2.7,46,374.36,48.12,23.56,3009.8,1133.71,4143.51,0,False,Entregada,Entrega realizada en tiempo
1293,59,18,2,46,2026-02-21,09:42:00,2026-02-21,00:32:00,2026-02-22,01:24:00,0.96,33,393.86,36.88,26.16,2829.3,964.78,3794.08,52,True,Tardía,"Hora pico, Distancia larga, Carga pesada"
1294,42,36,36,48,2026-02-21,09:39:00,2026-02-21,14:52:00,2026-02-21,14:52:00,0.32,65,168.26,19.84,24.1,1893.3,478.14,2371.44,0,False,Entregada,Entrega realizada en tiempo
1295,10,16,11,21,2026-07-05,18:46:00,2026-07-05,01:49:00,2026-07-06,01:49:00,18.63,76,295.19,26.52,26.88,4446.95,712.86,5159.81,0,False,Entregada,Entrega realizada en tiempo
1296,6,25,45,46,2026-05-05,10:17:00,2026-05-05,01:07:00,2026-05-06,01:07:00,4.65,78,441.83,94.01,23.24,3798.15,2184.79,5982.94,0,False,Entregada,Entrega realizada en tiempo
1297,8,22,18,35,2026-04-05,17:59:00,2026-04-05,21:33:00,2026-04-05,22:04:00,1.32,37,143.04,13.83,26.91,1643.2,372.17,2015.37,31,True,Tardía,"Hora pico, Carga pesada"
1298,94,27,53,10,2026-08-12,08:37:00,2026-08-12,11:02:00,2026-08-12,11:02:00,9.52,39,87.38,11.23,25.25,2200.9,283.56,2484.46,0,False,Entregada,Entrega realizada en tiempo
1299,57,16,21,37,2026-05-20,11:35:00,2026-05-20,04:53:00,2026-05-21,04:53:00,13.02,68,421.72,37.89,25.76,4454.6,976.05,5430.65,0,False,Entregada,Entrega realizada en tiempo
1300,18,5,56,45,2026-07-02,13:54:00,2026-07-02,16:35:00,2026-07-02,16:35:00,16.3,47,84.88,10.66,24.78,2930.4,264.15,3194.55,0,False,Entregada,Entrega realizada en tiempo
1301,28,12,21,30,2026-02-28,17:23:00,2026-02-28,22:31:00,2026-02-28,23:02:00,0.55,43,129.3,18.5,25.41,1545.5,470.08,2015.58,31,True,Tardía,Hora pico
1302,3,9,8,42,2026-04-16,16:25:00,2026-04-16,19:36:00,2026-04-16,19:36:00,0.22,63,90.61,7.41,26.33,1479.05,195.11,1674.16,0,False,Entregada,Entrega realizada en tiempo
1303,8,33,24,2,2026-05-25,16:02:00,2026-05-25,01:57:00,2026-05-26,01:57:00,0.78,65,277.8,35.43,24.31,2487.0,861.3,3348.3,0,False,Entregada,Entrega realizada en tiempo
1304,69,32,19,37,2026-03-27,07:47:00,2026-03-27,01:05:00,2026-03-28,01:05:00,2.06,10,453.64,41.09,26.9,3054.2,1105.32,4159.52,0,False,Entregada,Entrega realizada en tiempo
1305,100,8,35,11,2026-07-24,19:54:00,2026-07-24,22:40:00,2026-07-24,22:40:00,0.52,12,78.74,8.41,24.87,1041.7,209.16,1250.86,0,False,Entregada,Entrega realizada en tiempo
1306,84,13,49,5,2026-07-16,16:52:00,2026-07-16,02:48:00,2026-07-17,02:48:00,5.14,36,277.05,22.6,26.56,2687.25,600.26,3287.51,0,False,Entregada,Entrega realizada en tiempo
1307,95,10,42,22,2026-01-19,09:41:00,2026-01-19,17:20:00,2026-01-19,17:20:00,5.79,74,304.11,30.5,25.11,3191.55,765.86,3957.41,0,False,Entregada,Entrega realizada en tiempo
1308,89,28,57,2,2026-04-13,12:00:00,2026-04-13,21:55:00,2026-04-13,21:55:00,0.21,80,320.45,46.99,23.08,2763.25,1084.53,3847.78,0,False,Entregada,Entrega realizada en tiempo
1309,29,21,28,10,2026-03-08,10:37:00,2026-03-08,13:02:00,2026-03-08,13:02:00,1.7,42,78.72,11.01,25.61,1399.6,281.97,1681.57,0,False,Entregada,Entrega realizada en tiempo
1310,26,37,60,23,2026-08-14,08:12:00,2026-08-14,17:33:00,2026-08-14,17:56:00,0.79,19,281.14,29.97,23.1,2136.7,692.31,2829.01,23,True,Tardía,Hora pico
1311,78,3,50,9,2026-05-19,14:04:00,2026-05-19,21:37:00,2026-05-19,21:37:00,9.87,42,192.73,41.36,26.71,2786.65,1104.73,3891.38,0,False,Entregada,Entrega realizada en tiempo
1312,85,14,13,20,2026-02-11,16:17:00,2026-02-11,17:50:00,2026-02-11,17:50:00,2.37,30,57.03,6.15,23.87,1262.15,146.8,1408.95,0,False,Entregada,Entrega realizada en tiempo
1313,46,2,9,29,2026-02-01,15:01:00,2026-02-01,20:15:00,2026-02-01,20:15:00,11.8,57,198.31,39.98,26.42,3127.55,1056.27,4183.82,0,False,Entregada,Entrega realizada en tiempo
1314,27,25,4,29,2026-04-23,15:12:00,2026-04-23,20:26:00,2026-04-23,20:26:00,2.18,27,182.43,38.81,25.36,1846.15,984.22,2830.37,0,False,Entregada,Entrega realizada en tiempo
1315,16,6,12,33,2026-05-29,19:07:00,2026-05-29,04:01:00,2026-05-30,04:01:00,1.33,21,297.92,43.56,23.48,2290.6,1022.79,3313.39,0,False,Entregada,Entrega realizada en tiempo
1316,63,39,23,48,2026-03-23,16:12:00,2026-03-23,21:25:00,2026-03-23,21:25:00,8.43,27,192.19,15.51,26.2,2519.95,406.36,2926.31,0,False,Entregada,Entrega realizada en tiempo
1317,47,31,17,33,2026-01-29,17:01:00,2026-01-29,01:55:00,2026-01-30,02:48:00,10.25,1,286.33,40.67,24.42,2964.65,993.16,3957.81,53,True,Tardía,"Tráfico alto, Hora pico"
1318,40,5,28,42,2026-03-18,10:44:00,2026-03-18,13:55:00,2026-03-18,13:55:00,12.35,11,89.69,11.27,26.24,2271.45,295.72,2567.17,0,False,Entregada,Entrega realizada en tiempo
1319,61,2,18,47,2026-06-15,13:02:00,2026-06-15,00:46:00,2026-06-16,00:46:00,9.06,19,349.09,70.38,23.71,3303.45,1668.71,4972.16,0,False,Entregada,Entrega realizada en tiempo
1320,2,9,34,10,2026-02-05,18:48:00,2026-02-05,21:13:00,2026-02-05,21:43:00,0.31,5,87.53,7.16,24.49,1008.65,175.35,1184.0,30,True,Tardía,Hora pico
1321,54,11,27,12,2026-02-14,19:09:00,2026-02-14,06:47:00,2026-02-15,07:15:00,2.57,24,453.05,94.78,24.99,3214.25,2368.55,5582.8,28,True,Tardía,"Hora pico, Distancia larga"
1322,40,26,41,24,2026-08-04,11:39:00,2026-08-04,20:16:00,2026-08-04,20:51:00,0.81,42,301.26,42.98,26.56,2423.3,1141.55,3564.85,35,True,Tardía,"Tráfico alto, Distancia larga"
1323,5,10,59,27,2026-01-12,20:24:00,2026-01-12,08:07:00,2026-01-13,08:07:00,11.26,77,302.13,30.3,23.68,3752.65,717.5,4470.15,0,False,Entregada,Entrega realizada en tiempo
1324,13,1,23,15,2026-01-24,16:04:00,2026-01-24,18:27:00,2026-01-24,18:27:00,1.24,15,66.14,6.38,24.86,1074.7,158.61,1233.31,0,False,Entregada,Entrega realizada en tiempo
1325,54,35,29,9,2026-08-08,05:19:00,2026-08-08,12:52:00,2026-08-08,12:52:00,0.32,61,196.13,26.47,26.61,2000.65,704.37,2705.02,0,False,Entregada,Entrega realizada en tiempo
1326,17,21,43,35,2026-04-04,08:30:00,2026-04-04,12:04:00,2026-04-04,12:04:00,0.99,64,144.09,20.15,26.41,1831.45,532.16,2363.61,0,False,Entregada,Entrega realizada en tiempo
1327,26,9,15,33,2026-02-03,08:14:00,2026-02-03,17:08:00,2026-02-03,17:08:00,0.79,11,299.03,24.45,25.87,2162.15,632.52,2794.67,0,False,Entregada,Entrega realizada en tiempo
1328,37,40,7,16,2026-02-27,11:11:00,2026-02-27,01:39:00,2026-02-28,01:39:00,1.13,39,444.99,69.53,26.9,3149.95,1870.36,5020.31,0,False,Entregada,Entrega realizada en tiempo
1329,86,38,34,34,2026-05-28,11:48:00,2026-05-28,15:39:00,2026-05-28,15:39:00,7.02,17,117.9,10.02,24.5,1927.5,245.49,2172.99,0,False,Entregada,Entrega realizada en tiempo
1330,19,38,48,3,2026-07-11,15:40:00,2026-07-11,17:57:00,2026-07-11,17:57:00,10.47,7,64.45,5.48,26.92,1925.25,147.52,2072.77,0,False,Entregada,Entrega realizada en tiempo
1331,2,10,41,3,2026-08-02,10:10:00,2026-08-02,12:27:00,2026-08-02,12:27:00,16.05,51,59.1,5.93,25.29,2808.5,149.97,2958.47,0,False,Entregada,Entrega realizada en tiempo
1332,62,23,13,41,2026-08-11,15:28:00,2026-08-11,22:44:00,2026-08-11,22:44:00,1.46,28,183.56,33.62,24.05,1787.8,808.56,2596.36,0,False,Entregada,Entrega realizada en tiempo
1333,57,8,48,18,2026-06-17,19:59:00,2026-06-17,12:07:00,2026-06-18,12:50:00,2.22,44,412.71,44.09,26.23,3137.55,1156.48,4294.03,43,True,Tardía,"Hora pico, Distancia larga"
1334,63,36,30,43,2026-01-25,13:48:00,2026-01-25,05:15:00,2026-01-26,06:17:00,1.82,67,473.81,55.87,23.5,3587.05,1312.94,4899.99,62,True,Tardía,"Tráfico alto, Distancia larga, Carga pesada"
1335,30,30,54,8,2026-01-31,20:45:00,2026-01-31,00:13:00,2026-02-01,00:34:00,9.14,38,104.04,8.94,24.23,2238.2,216.62,2454.82,21,True,Tardía,Incidencia operativa
1336,56,36,6,33,2026-02-16,15:52:00,2026-02-16,00:46:00,2026-02-17,01:24:00,1.13,66,305.44,36.02,25.93,2668.2,934.0,3602.2,38,True,Tardía,"Tráfico alto, Distancia larga"
1337,46,34,39,50,2026-02-08,19:33:00,2026-02-08,03:33:00,2026-02-09,03:33:00,4.27,7,246.14,20.44,24.45,2213.7,499.76,2713.46,0,False,Entregada,Entrega realizada en tiempo
1338,30,34,11,24,2026-02-10,08:43:00,2026-02-10,17:20:00,2026-02-10,17:20:00,1.54,22,332.55,27.62,26.44,2492.75,730.27,3223.02,0,False,Entregada,Entrega realizada en tiempo
1339,29,10,35,40,2026-04-19,09:17:00,2026-04-19,02:19:00,2026-04-20,02:19:00,13.71,7,446.03,44.74,26.8,4157.15,1199.03,5356.18,0,False,Entregada,Entrega realizada en tiempo
1340,38,25,58,34,2026-04-18,18:29:00,2026-04-18,22:20:00,2026-04-18,22:44:00,0.47,42,116.2,24.72,23.3,1464.0,575.98,2039.98,24,True,Tardía,Hora pico
1341,91,36,43,20,2026-02-23,07:03:00,2026-02-23,08:36:00,2026-02-23,09:11:00,0.22,53,61.28,7.23,26.06,1252.4,188.41,1440.81,35,True,Tardía,Hora pico
1342,32,26,51,11,2026-06-15,16:25:00,2026-06-15,19:11:00,2026-06-15,19:11:00,14.27,76,71.37,10.18,26.34,2891.85,268.14,3159.99,0,False,Entregada,Entrega realizada en tiempo
1343,10,15,18,9,2026-04-13,08:46:00,2026-04-13,16:19:00,2026-04-13,16:19:00,0.42,75,203.25,41.82,23.61,2158.25,987.37,3145.62,0,False,Entregada,Entrega realizada en tiempo
1344,57,10,44,18,2026-07-14,13:00:00,2026-07-14,05:08:00,2026-07-15,05:08:00,15.23,16,429.82,43.11,25.1,4300.1,1082.06,5382.16,0,False,Entregada,Entrega realizada en tiempo
1345,99,39,31,15,2026-06-19,17:19:00,2026-06-19,19:42:00,2026-06-19,19:42:00,8.28,16,57.65,4.65,25.44,1744.25,118.3,1862.55,0,False,Entregada,Entrega realizada en tiempo
1346,20,5,57,49,2026-07-04,13:56:00,2026-07-04,04:27:00,2026-07-05,04:27:00,9.48,35,402.86,50.61,23.16,3742.3,1172.13,4914.43,0,False,Entregada,Entrega realizada en tiempo
1347,33,8,41,30,2026-04-20,09:56:00,2026-04-20,15:04:00,2026-04-20,15:04:00,5.25,63,123.15,13.16,23.9,2144.75,314.52,2459.27,0,False,Entregada,Entrega realizada en tiempo
1348,14,6,47,39,2026-06-03,14:15:00,2026-06-03,22:38:00,2026-06-03,22:38:00,1.2,64,216.48,31.65,26.85,2214.4,849.8,3064.2,0,False,Entregada,Entrega realizada en tiempo
1349,54,4,41,7,2026-08-10,11:53:00,2026-08-10,16:04:00,2026-08-10,16:04:00,1.12,36,114.61,19.26,25.56,1473.05,492.29,1965.34,0,False,Entregada,Entrega realizada en tiempo
1350,43,27,43,17,2026-04-02,07:00:00,2026-04-02,13:18:00,2026-04-02,13:18:00,11.82,13,167.0,21.47,24.94,2621.0,535.46,3156.46,0,False,Entregada,Entrega realizada en tiempo
1351,75,32,15,38,2026-04-22,11:06:00,2026-04-22,15:37:00,2026-04-22,15:37:00,1.58,63,180.6,16.36,26.35,2065.0,431.09,2496.09,0,False,Entregada,Entrega realizada en tiempo
1352,49,39,34,43,2026-04-08,06:38:00,2026-04-08,22:05:00,2026-04-08,22:05:00,7.48,14,458.27,36.99,26.17,3651.35,968.03,4619.38,0,False,Entregada,Entrega realizada en tiempo
1353,13,37,7,8,2026-07-15,10:23:00,2026-07-15,13:51:00,2026-07-15,13:51:00,0.9,75,94.99,10.13,26.62,1664.95,269.66,1934.61,0,False,Entregada,Entrega realizada en tiempo
1354,54,26,46,48,2026-01-11,14:41:00,2026-01-11,19:54:00,2026-01-11,19:54:00,9.26,57,185.81,26.51,25.29,2811.05,670.44,3481.49,0,False,Entregada,Entrega realizada en tiempo
1355,67,3,26,41,2026-07-10,16:42:00,2026-07-10,23:58:00,2026-07-10,23:58:00,9.69,4,209.94,45.05,23.72,2550.7,1068.59,3619.29,0,False,Entregada,Entrega realizada en tiempo
1356,81,22,7,19,2026-04-16,05:46:00,2026-04-16,18:27:00,2026-04-16,18:27:00,0.22,59,385.49,37.28,24.01,2921.45,895.09,3816.54,0,False,Entregada,Entrega realizada en tiempo
1357,88,23,23,16,2026-03-12,17:50:00,2026-03-12,08:18:00,2026-03-13,09:11:00,0.28,7,431.52,79.03,23.84,2741.6,1884.08,4625.68,53,True,Tardía,"Hora pico, Distancia larga"
1358,99,36,42,21,2026-07-09,15:48:00,2026-07-09,22:51:00,2026-07-09,22:51:00,0.68,45,283.95,33.48,23.69,2347.75,793.14,3140.89,0,False,Entregada,Entrega realizada en tiempo
1359,64,6,22,23,2026-06-07,20:47:00,2026-06-07,06:08:00,2026-06-08,06:08:00,0.64,30,274.97,40.2,24.22,2178.85,973.64,3152.49,0,False,Entregada,Entrega realizada en tiempo
1360,93,6,41,26,2026-03-22,18:40:00,2026-03-22,00:39:00,2026-03-23,00:39:00,0.62,24,175.36,25.64,23.81,1630.8,610.49,2241.29,0,False,Entregada,Entrega realizada en tiempo
1361,91,32,23,22,2026-07-26,17:57:00,2026-07-26,01:36:00,2026-07-27,01:36:00,2.01,47,294.22,26.65,26.84,2548.1,715.29,3263.39,0,False,Entregada,Entrega realizada en tiempo
1362,42,2,8,13,2026-05-29,12:58:00,2026-05-29,00:41:00,2026-05-30,00:41:00,12.95,65,305.96,61.69,25.24,3844.8,1557.06,5401.86,0,False,Entregada,Entrega realizada en tiempo
1363,97,36,35,12,2026-04-12,07:12:00,2026-04-12,18:50:00,2026-04-12,19:49:00,0.92,12,431.86,50.93,23.58,2847.3,1200.93,4048.23,59,True,Tardía,"Hora pico, Distancia larga"
1364,44,35,23,26,2026-02-04,15:06:00,2026-02-04,21:05:00,2026-02-04,21:05:00,0.58,38,153.73,20.75,26.88,1630.65,557.76,2188.41,0,False,Entregada,Entrega realizada en tiempo
1365,42,15,29,3,2026-03-04,20:09:00,2026-03-04,22:26:00,2026-03-04,22:43:00,0.54,36,66.99,13.78,26.33,1176.95,362.83,1539.78,17,True,Tardía,Incidencia operativa
1366,29,16,57,15,2026-04-23,09:09:00,2026-04-23,11:32:00,2026-04-23,11:32:00,12.77,2,65.09,5.85,26.86,2118.45,157.13,2275.58,0,False,Entregada,Entrega realizada en tiempo
1367,79,31,54,29,2026-04-17,20:35:00,2026-04-17,01:49:00,2026-04-18,01:49:00,16.36,73,176.3,25.04,23.74,3601.5,594.45,4195.95,0,False,Entregada,Entrega realizada en tiempo
1368,67,38,26,41,2026-05-28,15:47:00,2026-05-28,23:03:00,2026-05-28,23:03:00,6.38,34,204.18,17.35,26.93,2430.9,467.24,2898.14,0,False,Entregada,Entrega realizada en tiempo
1369,34,28,24,24,2026-03-02,13:34:00,2026-03-02,22:11:00,2026-03-02,22:57:00,1.1,46,302.01,44.28,26.18,2488.05,1159.25,3647.3,46,True,Tardía,"Tráfico alto, Distancia larga"
1370,75,9,7,33,2026-07-01,18:34:00,2026-07-01,03:28:00,2026-07-02,04:30:00,0.38,41,277.83,22.72,25.87,2255.15,587.77,2842.92,62,True,Tardía,"Tráfico alto, Hora pico"
1371,83,36,53,15,2026-04-30,11:36:00,2026-04-30,13:59:00,2026-04-30,13:59:00,1.82,7,57.84,6.82,24.75,1027.2,168.8,1196.0,0,False,Entregada,Entrega realizada en tiempo
1372,76,28,5,11,2026-01-06,20:28:00,2026-01-06,23:14:00,2026-01-06,23:14:00,4.83,72,67.82,9.94,26.58,1898.1,264.21,2162.31,0,False,Entregada,Entrega realizada en tiempo
1373,62,10,5,44,2026-04-01,07:46:00,2026-04-01,09:56:00,2026-04-01,09:56:00,18.05,36,60.1,6.03,26.79,2893.5,161.54,3055.04,0,False,Entregada,Entrega realizada en tiempo
1374,94,2,46,39,2026-05-06,16:45:00,2026-05-06,01:08:00,2026-05-07,01:08:00,6.77,18,224.04,45.17,23.86,2441.2,1077.76,3518.96,0,False,Entregada,Entrega realizada en tiempo
1375,58,20,35,45,2026-06-22,12:21:00,2026-06-22,15:02:00,2026-06-22,15:02:00,9.03,30,83.01,11.26,26.5,2058.05,298.39,2356.44,0,False,Entregada,Entrega realizada en tiempo
1376,53,10,50,35,2026-06-24,13:55:00,2026-06-24,17:29:00,2026-06-24,17:29:00,6.57,1,144.88,14.53,23.21,1889.4,337.24,2226.64,0,False,Entregada,Entrega realizada en tiempo
1377,97,23,38,8,2026-07-18,07:39:00,2026-07-18,11:07:00,2026-07-18,11:07:00,0.61,9,94.13,17.24,25.92,1103.65,446.86,1550.51,0,False,Entregada,Entrega realizada en tiempo
1378,94,13,16,39,2026-07-18,09:53:00,2026-07-18,18:16:00,2026-07-18,18:49:00,10.75,24,204.88,16.71,24.33,2791.4,406.55,3197.95,33,True,Tardía,Hora pico
1379,13,26,37,45,2026-06-25,15:51:00,2026-06-25,18:32:00,2026-06-25,18:32:00,4.37,53,86.77,12.38,24.9,1794.85,308.26,2103.11,0,False,Entregada,Entrega realizada en tiempo
1380,44,12,7,20,2026-04-01,09:45:00,2026-04-01,11:18:00,2026-04-01,11:18:00,1.4,56,60.15,8.61,25.0,1388.75,215.25,1604.0,0,False,Entregada,Entrega realizada en tiempo
1381,24,17,26,13,2026-02-28,14:41:00,2026-02-28,02:24:00,2026-03-01,02:24:00,0.27,11,293.19,52.08,26.01,2080.95,1354.6,3435.55,0,False,Entregada,Entrega realizada en tiempo
1382,68,17,2,39,2026-01-16,20:03:00,2026-01-16,04:26:00,2026-01-17,04:49:00,1.04,48,206.05,36.6,23.05,2018.25,843.63,2861.88,23,True,Tardía,Carga pesada
1383,42,25,20,2,2026-07-24,14:54:00,2026-07-24,00:49:00,2026-07-25,00:49:00,1.2,9,312.83,66.56,23.75,2256.15,1580.8,3836.95,0,False,Entregada,Entrega realizada en tiempo
1384,80,32,12,35,2026-02-25,14:06:00,2026-02-25,17:40:00,2026-02-25,17:40:00,2.98,20,151.95,13.76,25.3,1717.75,348.13,2065.88,0,False,Entregada,Entrega realizada en tiempo
1385,57,12,33,10,2026-07-28,17:01:00,2026-07-28,19:26:00,2026-07-28,20:01:00,0.53,80,75.41,10.79,26.23,1570.05,283.02,1853.07,35,True,Tardía,Hora pico
1386,40,19,7,23,2026-06-24,09:37:00,2026-06-24,18:58:00,2026-06-24,19:39:00,7.38,67,256.01,25.22,25.41,3054.05,640.84,3694.89,41,True,Tardía,"Hora pico, Carga pesada"
1387,79,22,30,43,2026-05-21,15:50:00,2026-05-21,07:17:00,2026-05-22,07:17:00,1.11,58,461.14,44.6,25.67,3380.7,1144.88,4525.58,0,False,Entregada,Entrega realizada en tiempo
1388,9,22,16,24,2026-02-06,10:52:00,2026-02-06,19:29:00,2026-02-06,20:18:00,1.02,63,304.12,29.41,23.23,2626.6,683.19,3309.79,49,True,Tardía,"Tráfico alto, Distancia larga"
1389,62,38,7,34,2026-01-24,13:58:00,2026-01-24,17:49:00,2026-01-24,17:49:00,4.21,68,111.18,9.45,25.81,2020.9,243.9,2264.8,0,False,Entregada,Entrega realizada en tiempo
1390,67,26,49,35,2026-06-14,09:18:00,2026-06-14,12:52:00,2026-06-14,13:37:00,12.76,42,160.34,22.87,24.71,2913.7,565.12,3478.82,45,True,Tardía,"Hora pico, Carga pesada"
1391,56,25,6,32,2026-01-07,18:06:00,2026-01-07,06:10:00,2026-01-08,06:10:00,1.35,42,354.88,75.51,25.44,2745.4,1920.97,4666.37,0,False,Entregada,Entrega realizada en tiempo
1392,40,32,51,50,2026-03-15,06:33:00,2026-03-15,14:33:00,2026-03-15,14:33:00,4.42,6,263.22,23.84,23.36,2306.1,556.9,2863.0,0,False,Entregada,Entrega realizada en tiempo
1393,76,37,35,12,2026-06-14,13:47:00,2026-06-14,01:25:00,2026-06-15,01:25:00,0.98,7,393.5,41.95,23.19,2621.5,972.82,3594.32,0,False,Entregada,Entrega realizada en tiempo
1394,39,25,13,23,2026-05-18,06:52:00,2026-05-18,16:13:00,2026-05-18,16:13:00,6.59,56,279.05,59.37,25.1,3002.25,1490.19,4492.44,0,False,Entregada,Entrega realizada en tiempo
1395,23,33,24,44,2026-06-28,06:58:00,2026-06-28,09:08:00,2026-06-28,09:23:00,0.72,28,63.74,8.13,26.57,1114.7,216.01,1330.71,15,True,Tardía,Incidencia operativa
1396,92,21,5,46,2026-02-22,18:13:00,2026-02-22,09:03:00,2026-02-23,09:03:00,0.22,74,423.72,59.26,23.06,3232.6,1366.54,4599.14,0,False,Entregada,Entrega realizada en tiempo
1397,49,14,58,45,2026-01-30,12:00:00,2026-01-30,14:41:00,2026-01-30,14:41:00,2.02,31,83.45,8.99,26.66,1367.25,239.67,1606.92,0,False,Entregada,Entrega realizada en tiempo
1398,43,12,25,15,2026-04-06,15:02:00,2026-04-06,17:25:00,2026-04-06,17:56:00,1.39,20,61.82,8.84,25.67,1108.1,226.92,1335.02,31,True,Tardía,Carga pesada
1399,55,37,46,41,2026-03-21,09:56:00,2026-03-21,17:12:00,2026-03-21,17:12:00,0.94,35,183.31,19.54,23.04,1790.55,450.2,2240.75,0,False,Entregada,Entrega realizada en tiempo
1400,53,25,18,13,2026-07-29,18:16:00,2026-07-29,05:59:00,2026-07-30,06:46:00,7.51,77,347.96,74.03,23.52,3606.8,1741.19,5347.99,47,True,Tardía,"Hora pico, Distancia larga"
1401,89,15,5,41,2026-01-30,08:10:00,2026-01-30,15:26:00,2026-01-30,16:08:00,0.29,63,176.62,36.34,23.67,1916.1,860.17,2776.27,42,True,Tardía,Hora pico
1402,95,17,44,46,2026-06-27,15:18:00,2026-06-27,06:08:00,2026-06-28,06:49:00,0.58,69,384.77,68.34,23.43,3033.85,1601.21,4635.06,41,True,Tardía,Distancia larga
1403,16,26,53,13,2026-01-23,20:54:00,2026-01-23,08:37:00,2026-01-24,09:09:00,11.05,64,344.17,49.1,24.88,3837.85,1221.61,5059.46,32,True,Tardía,Distancia larga
1404,14,8,15,3,2026-08-02,15:11:00,2026-08-02,17:28:00,2026-08-02,17:28:00,2.74,11,58.92,6.29,26.23,1156.6,164.99,1321.59,0,False,Entregada,Entrega realizada en tiempo
1405,31,28,40,24,2026-04-23,08:28:00,2026-04-23,17:05:00,2026-04-23,17:05:00,4.07,77,328.78,48.21,25.65,3166.9,1236.59,4403.49,0,False,Entregada,Entrega realizada en tiempo
1406,65,13,50,14,2026-07-05,13:02:00,2026-07-05,21:47:00,2026-07-05,22:01:00,0.4,73,276.31,22.54,24.37,2505.55,549.3,3054.85,14,True,Tardía,Incidencia operativa
1407,33,12,23,30,2026-02-21,06:25:00,2026-02-21,11:33:00,2026-02-21,11:52:00,0.96,49,134.61,19.26,25.02,1661.05,481.89,2142.94,19,True,Tardía,Incidencia operativa
1408,29,12,41,13,2026-03-27,17:01:00,2026-03-27,04:44:00,2026-03-28,05:39:00,0.5,57,331.98,47.49,25.23,2665.9,1198.17,3864.07,55,True,Tardía,"Hora pico, Distancia larga"
1409,19,36,21,4,2026-01-29,07:26:00,2026-01-29,10:00:00,2026-01-29,10:00:00,0.35,67,99.18,11.7,25.47,1566.9,298.0,1864.9,0,False,Entregada,Entrega realizada en tiempo
1410,22,21,24,3,2026-02-06,08:43:00,2026-02-06,11:00:00,2026-02-06,11:38:00,1.56,30,64.57,9.03,26.25,1218.85,237.04,1455.89,38,True,Tardía,"Hora pico, Carga pesada"
1411,99,37,8,15,2026-07-15,06:36:00,2026-07-15,08:59:00,2026-07-15,09:29:00,0.21,70,60.01,6.4,26.3,1381.05,168.32,1549.37,30,True,Tardía,Incidencia operativa
1412,61,37,42,25,2026-03-14,15:28:00,2026-03-14,00:54:00,2026-03-15,00:54:00,0.39,31,327.6,34.93,25.45,2425.0,888.97,3313.97,0,False,Entregada,Entrega realizada en tiempo
1413,45,30,31,10,2026-04-27,20:56:00,2026-04-27,23:21:00,2026-04-27,23:21:00,3.36,47,76.16,6.54,24.15,1592.8,157.94,1750.74,0,False,Entregada,Entrega realizada en tiempo
1414,94,12,25,17,2026-08-14,09:23:00,2026-08-14,15:41:00,2026-08-14,15:41:00,0.77,3,186.59,26.69,24.2,1533.95,645.9,2179.85,0,False,Entregada,Entrega realizada en tiempo
1415,6,30,27,46,2026-08-14,20:54:00,2026-08-14,11:44:00,2026-08-15,11:44:00,7.93,30,430.87,37.02,23.5,3687.35,869.97,4557.32,0,False,Entregada,Entrega realizada en tiempo
1416,81,23,14,26,2026-04-18,16:29:00,2026-04-18,22:28:00,2026-04-18,22:28:00,0.33,58,182.36,33.4,24.55,1908.8,819.97,2728.77,0,False,Entregada,Entrega realizada en tiempo
1417,47,22,21,43,2026-04-13,08:46:00,2026-04-13,00:13:00,2026-04-14,01:34:00,1.32,68,469.46,45.4,26.14,3523.3,1186.76,4710.06,81,True,Tardía,"Tráfico alto, Hora pico, Distancia larga, Carga pesada"
1418,47,30,36,49,2026-07-22,16:23:00,2026-07-22,06:54:00,2026-07-23,07:28:00,10.69,40,418.65,35.97,23.43,3982.25,842.78,4825.03,34,True,Tardía,Distancia larga
1419,84,29,20,50,2026-08-11,16:03:00,2026-08-11,00:03:00,2026-08-12,00:03:00,15.06,26,237.49,24.82,25.21,3401.45,625.71,4027.16,0,False,Entregada,Entrega realizada en tiempo
1420,21,25,60,34,2026-04-21,09:28:00,2026-04-21,13:19:00,2026-04-21,13:19:00,6.91,4,114.2,24.3,24.54,1794.0,596.32,2390.32,0,False,Entregada,Entrega realizada en tiempo
1421,86,12,18,48,2026-06-24,08:41:00,2026-06-24,13:54:00,2026-06-24,13:54:00,1.12,52,184.06,26.33,26.2,1948.3,689.85,2638.15,0,False,Entregada,Entrega realizada en tiempo
1422,20,27,21,30,2026-03-04,08:48:00,2026-03-04,13:56:00,2026-03-04,14:46:00,1.12,63,127.95,16.45,25.94,1755.75,426.71,2182.46,50,True,Tardía,Hora pico
1423,5,7,51,5,2026-01-22,05:00:00,2026-01-22,14:56:00,2026-01-22,15:38:00,1.69,7,292.41,47.94,23.81,2187.05,1141.45,3328.5,42,True,Tardía,"Tráfico alto, Carga pesada"
1424,20,14,20,5,2026-04-03,13:37:00,2026-04-03,23:33:00,2026-04-03,23:33:00,4.06,58,275.11,29.65,25.81,2745.55,765.27,3510.82,0,False,Entregada,Entrega realizada en tiempo
1425,38,20,7,36,2026-02-10,08:10:00,2026-02-10,12:04:00,2026-02-10,13:06:00,4.82,54,108.57,14.73,25.25,1956.85,371.93,2328.78,62,True,Tardía,"Tráfico alto, Hora pico"
1426,81,31,45,18,2026-06-26,10:07:00,2026-06-26,02:15:00,2026-06-27,02:15:00,17.23,19,449.37,63.83,23.39,4621.85,1492.98,6114.83,0,False,Entregada,Entrega realizada en tiempo
1427,6,9,57,25,2026-05-02,15:30:00,2026-05-02,00:56:00,2026-05-03,00:56:00,0.49,22,351.05,28.7,25.34,2480.25,727.26,3207.51,0,False,Entregada,Entrega realizada en tiempo
1428,47,29,38,37,2026-02-16,17:57:00,2026-02-16,11:15:00,2026-02-17,11:15:00,6.98,3,469.38,49.05,26.79,3568.9,1314.05,4882.95,0,False,Entregada,Entrega realizada en tiempo
1429,73,23,57,22,2026-01-22,14:04:00,2026-01-22,21:43:00,2026-01-22,22:19:00,0.87,23,317.07,58.07,26.67,2356.35,1548.73,3905.08,36,True,Tardía,Distancia larga
1430,15,13,41,21,2026-03-16,07:22:00,2026-03-16,14:25:00,2026-03-16,14:25:00,14.38,78,319.3,26.04,24.98,4158.5,650.48,4808.98,0,False,Entregada,Entrega realizada en tiempo
1431,80,38,27,11,2026-04-04,11:12:00,2026-04-04,13:58:00,2026-04-04,13:58:00,1.15,66,76.7,6.52,25.08,1526.5,163.52,1690.02,0,False,Entregada,Entrega realizada en tiempo
1432,4,32,21,11,2026-01-14,10:44:00,2026-01-14,13:30:00,2026-01-14,13:30:00,1.51,40,71.46,6.47,26.98,1328.3,174.56,1502.86,0,False,Entregada,Entrega realizada en tiempo
1433,44,3,18,48,2026-07-14,17:42:00,2026-07-14,22:55:00,2026-07-14,23:44:00,0.45,11,176.36,37.85,23.04,1514.8,872.06,2386.86,49,True,Tardía,"Tráfico alto, Hora pico"
1434,74,2,20,25,2026-02-21,18:24:00,2026-02-21,03:50:00,2026-02-22,04:40:00,8.38,50,313.59,63.22,24.47,3305.95,1546.99,4852.94,50,True,Tardía,"Hora pico, Distancia larga"
1435,66,28,27,46,2026-03-29,08:22:00,2026-03-29,23:12:00,2026-03-29,23:12:00,4.58,34,451.07,66.14,24.96,3485.35,1650.85,5136.2,0,False,Entregada,Entrega realizada en tiempo
1436,35,6,59,29,2026-06-21,07:51:00,2026-06-21,13:05:00,2026-06-21,13:05:00,0.33,41,196.45,28.72,26.58,1843.25,763.38,2606.63,0,False,Entregada,Entrega realizada en tiempo
1437,3,9,52,49,2026-01-28,10:04:00,2026-01-28,00:35:00,2026-01-29,00:35:00,0.46,23,398.2,32.56,23.62,2721.0,769.07,3490.07,0,False,Entregada,Entrega realizada en tiempo
1438,31,6,56,5,2026-01-03,05:47:00,2026-01-03,15:43:00,2026-01-03,15:43:00,0.53,44,269.12,39.35,25.47,2250.6,1002.24,3252.84,0,False,Entregada,Entrega realizada en tiempo
1439,20,38,41,30,2026-06-11,13:50:00,2026-06-11,18:58:00,2026-06-11,18:58:00,2.57,14,120.44,10.23,23.22,1471.2,237.54,1708.74,0,False,Entregada,Entrega realizada en tiempo
1440,18,13,59,48,2026-01-21,09:05:00,2026-01-21,14:18:00,2026-01-21,14:57:00,4.25,12,189.04,15.42,25.87,1966.2,398.92,2365.12,39,True,Tardía,"Tráfico alto, Hora pico"
1441,50,21,41,34,2026-02-19,18:52:00,2026-02-19,22:43:00,2026-02-19,22:43:00,1.56,26,115.68,16.18,24.98,1442.4,404.18,1846.58,0,False,Entregada,Entrega realizada en tiempo
1442,91,12,31,19,2026-07-07,06:28:00,2026-07-07,19:09:00,2026-07-07,19:09:00,1.05,24,345.43,49.42,23.32,2524.15,1152.47,3676.62,0,False,Entregada,Entrega realizada en tiempo
1443,26,17,10,35,2026-05-28,09:44:00,2026-05-28,13:18:00,2026-05-28,13:18:00,0.46,16,142.41,25.29,23.3,1386.05,589.26,1975.31,0,False,Entregada,Entrega realizada en tiempo
1444,24,21,49,15,2026-02-11,15:40:00,2026-02-11,18:03:00,2026-02-11,18:03:00,0.59,76,63.21,8.84,24.65,1483.05,217.91,1700.96,0,False,Entregada,Entrega realizada en tiempo
1445,82,19,14,28,2026-03-06,14:47:00,2026-03-06,21:48:00,2026-03-06,21:48:00,4.18,31,270.02,26.6,25.62,2516.1,681.49,3197.59,0,False,Entregada,Entrega realizada en tiempo
1446,88,17,19,49,2026-02-11,07:03:00,2026-02-11,21:34:00,2026-02-11,21:34:00,0.51,9,410.97,73.0,26.61,2677.85,1942.53,4620.38,0,False,Entregada,Entrega realizada en tiempo
1447,8,40,49,28,2026-01-21,17:00:00,2026-01-21,00:01:00,2026-01-22,00:46:00,1.25,12,267.43,41.79,25.71,2058.15,1074.42,3132.57,45,True,Tardía,Hora pico
1448,9,37,17,47,2026-08-03,13:28:00,2026-08-03,01:12:00,2026-08-04,01:12:00,1.01,46,364.66,38.88,24.92,2792.3,968.89,3761.19,0,False,Entregada,Entrega realizada en tiempo
1449,64,20,49,32,2026-03-22,20:47:00,2026-03-22,08:51:00,2026-03-23,08:51:00,4.29,25,369.33,50.11,23.68,2975.65,1186.6,4162.25,0,False,Entregada,Entrega realizada en tiempo
1450,89,23,27,30,2026-08-14,17:20:00,2026-08-14,22:28:00,2026-08-14,22:28:00,0.99,52,142.19,26.04,26.6,1725.95,692.66,2418.61,0,False,Entregada,Entrega realizada en tiempo
1451,58,10,10,48,2026-07-12,15:26:00,2026-07-12,20:39:00,2026-07-12,20:39:00,16.32,4,169.43,16.99,26.15,3011.15,444.29,3455.44,0,False,Entregada,Entrega realizada en tiempo
1452,49,10,26,24,2026-01-04,16:50:00,2026-01-04,01:27:00,2026-01-05,02:06:00,7.42,23,318.56,31.95,23.07,3018.8,737.09,3755.89,39,True,Tardía,"Tráfico alto, Distancia larga"
1453,61,10,18,22,2026-02-20,05:31:00,2026-02-20,13:10:00,2026-02-20,13:50:00,9.45,51,301.88,30.28,23.91,3362.4,723.99,4086.39,40,True,Tardía,Distancia larga
1454,63,39,47,32,2026-04-21,16:54:00,2026-04-21,04:58:00,2026-04-22,04:58:00,7.38,21,392.66,31.69,25.66,3369.3,813.17,4182.47,0,False,Entregada,Entrega realizada en tiempo
1455,46,7,5,21,2026-06-30,18:38:00,2026-06-30,01:41:00,2026-07-01,02:49:00,1.55,38,314.94,51.63,24.96,2533.7,1288.68,3822.38,68,True,Tardía,"Hora pico, Distancia larga, Carga pesada"
1456,40,11,22,41,2026-03-21,16:39:00,2026-03-21,23:55:00,2026-03-21,23:55:00,3.24,16,192.61,40.29,25.12,1915.05,1012.08,2927.13,0,False,Entregada,Entrega realizada en tiempo
1457,44,24,52,45,2026-08-10,08:23:00,2026-08-10,11:04:00,2026-08-10,11:04:00,4.16,73,78.8,7.39,23.25,1894.0,171.82,2065.82,0,False,Entregada,Entrega realizada en tiempo
1458,58,24,27,16,2026-02-23,13:44:00,2026-02-23,04:12:00,2026-02-24,04:12:00,4.57,30,401.42,37.62,26.61,3204.1,1001.07,4205.17,0,False,Entregada,Entrega realizada en tiempo
1459,82,31,51,18,2026-05-23,13:36:00,2026-05-23,05:44:00,2026-05-24,05:44:00,17.93,43,404.1,57.4,26.61,4657.5,1527.41,6184.91,0,False,Entregada,Entrega realizada en tiempo
1460,42,37,59,15,2026-07-01,10:52:00,2026-07-01,13:15:00,2026-07-01,13:15:00,0.3,32,59.01,6.29,24.88,1081.05,156.5,1237.55,0,False,Entregada,Entrega realizada en tiempo
1461,3,21,33,7,2026-04-09,08:39:00,2026-04-09,12:50:00,2026-04-09,13:34:00,0.2,42,128.4,17.96,25.41,1498.0,456.36,1954.36,44,True,Tardía,Hora pico
1462,94,18,5,29,2026-04-10,09:50:00,2026-04-10,15:04:00,2026-04-10,15:04:00,0.85,36,187.56,17.56,24.46,1810.8,429.52,2240.32,0,False,Entregada,Entrega realizada en tiempo
1463,100,4,31,16,2026-02-27,05:20:00,2026-02-27,19:48:00,2026-02-27,19:48:00,0.58,46,393.63,66.16,24.93,2894.15,1649.37,4543.52,0,False,Entregada,Entrega realizada en tiempo
1464,19,18,21,32,2026-03-22,20:12:00,2026-03-22,08:16:00,2026-03-23,08:16:00,0.22,25,355.67,33.3,25.39,2500.35,845.49,3345.84,0,False,Entregada,Entrega realizada en tiempo
1465,16,19,47,4,2026-07-08,09:33:00,2026-07-08,12:07:00,2026-07-08,12:52:00,6.83,65,100.03,9.86,24.19,2203.15,238.51,2441.66,45,True,Tardía,"Hora pico, Carga pesada"
1466,27,10,19,2,2026-01-08,16:05:00,2026-01-08,02:00:00,2026-01-09,02:00:00,6.72,48,283.96,28.48,26.64,2975.8,758.71,3734.51,0,False,Entregada,Entrega realizada en tiempo
1467,19,29,41,25,2026-05-23,09:38:00,2026-05-23,19:04:00,2026-05-23,19:04:00,6.27,57,343.81,35.93,23.43,3302.05,841.84,4143.89,0,False,Entregada,Entrega realizada en tiempo
1468,36,30,18,13,2026-06-30,17:18:00,2026-06-30,05:01:00,2026-07-01,05:01:00,7.95,21,303.51,26.07,24.29,2980.55,633.24,3613.79,0,False,Entregada,Entrega realizada en tiempo
1469,3,8,4,21,2026-05-22,18:23:00,2026-05-22,01:26:00,2026-05-23,02:10:00,0.54,19,288.68,30.84,23.1,2149.4,712.4,2861.8,44,True,Tardía,Hora pico
1470,56,21,26,12,2026-03-25,06:41:00,2026-03-25,18:19:00,2026-03-25,18:19:00,0.56,37,394.84,55.22,26.03,2826.2,1437.38,4263.58,0,False,Entregada,Entrega realizada en tiempo
1471,6,33,4,47,2026-07-03,08:31:00,2026-07-03,20:15:00,2026-07-03,20:15:00,0.93,9,343.14,43.77,23.56,2380.7,1031.22,3411.92,0,False,Entregada,Entrega realizada en tiempo
1472,14,34,11,46,2026-03-02,07:48:00,2026-03-02,22:38:00,2026-03-02,22:38:00,4.77,47,410.44,34.09,24.35,3405.2,830.09,4235.29,0,False,Entregada,Entrega realizada en tiempo
1473,53,22,49,5,2026-05-07,15:34:00,2026-05-07,01:30:00,2026-05-08,01:30:00,0.77,8,290.03,28.05,25.57,2091.15,717.24,2808.39,0,False,Entregada,Entrega realizada en tiempo
1474,51,10,36,6,2026-07-28,09:28:00,2026-07-28,10:22:00,2026-07-28,10:52:00,13.01,21,29.58,2.97,23.96,2116.9,71.16,2188.06,30,True,Tardía,Hora pico
1475,83,36,2,4,2026-06-14,10:30:00,2026-06-14,13:04:00,2026-06-14,13:21:00,0.48,6,105.21,12.41,26.8,1122.05,332.59,1454.64,17,True,Tardía,Incidencia operativa
1476,18,33,21,21,2026-04-10,15:01:00,2026-04-10,22:04:00,2026-04-10,22:04:00,0.51,66,315.6,40.26,24.97,2657.0,1005.29,3662.29,0,False,Entregada,Entrega realizada en tiempo
1477,86,27,36,5,2026-01-11,09:37:00,2026-01-11,19:33:00,2026-01-11,20:31:00,8.68,5,289.57,37.22,24.4,2855.85,908.17,3764.02,58,True,Tardía,"Tráfico alto, Hora pico"
1478,11,38,57,24,2026-05-11,09:25:00,2026-05-11,18:02:00,2026-05-11,19:20:00,1.91,28,321.7,27.33,24.06,2523.5,657.56,3181.06,78,True,Tardía,"Tráfico alto, Hora pico, Distancia larga"
1479,48,33,25,11,2026-08-02,09:48:00,2026-08-02,12:34:00,2026-08-02,12:34:00,0.29,78,69.99,8.93,23.78,1502.95,212.36,1715.31,0,False,Entregada,Entrega realizada en tiempo
1480,34,26,8,42,2026-03-15,17:01:00,2026-03-15,20:12:00,2026-03-15,20:12:00,2.27,58,101.09,14.42,25.61,1696.45,369.3,2065.75,0,False,Entregada,Entrega realizada en tiempo
1481,66,26,14,12,2026-01-29,06:24:00,2026-01-29,18:02:00,2026-01-29,18:02:00,3.19,14,408.53,58.28,26.5,2973.65,1544.42,4518.07,0,False,Entregada,Entrega realizada en tiempo
1482,26,37,48,48,2026-03-18,09:56:00,2026-03-18,15:09:00,2026-03-18,15:09:00,0.99,76,172.98,18.44,24.44,2071.9,450.67,2522.57,0,False,Entregada,Entrega realizada en tiempo
1483,7,15,37,17,2026-02-25,19:01:00,2026-02-25,01:19:00,2026-02-26,01:49:00,0.67,40,175.92,36.2,23.83,1766.6,862.65,2629.25,30,True,Tardía,Hora pico
1484,93,25,47,21,2026-04-28,15:38:00,2026-04-28,22:41:00,2026-04-28,22:41:00,0.4,22,311.24,66.22,24.92,2272.2,1650.2,3922.4,0,False,Entregada,Entrega realizada en tiempo
1485,77,19,51,43,2026-08-08,10:04:00,2026-08-08,01:31:00,2026-08-09,01:57:00,0.71,79,441.5,43.5,26.43,3410.5,1149.7,4560.2,26,True,Tardía,"Tráfico alto, Distancia larga"
1486,36,1,20,29,2026-04-08,09:06:00,2026-04-08,14:20:00,2026-04-08,14:20:00,1.02,7,191.6,18.49,25.58,1616.0,472.97,2088.97,0,False,Entregada,Entrega realizada en tiempo
1487,55,24,5,18,2026-04-17,05:19:00,2026-04-17,21:27:00,2026-04-17,21:27:00,4.67,5,406.03,38.05,24.21,3037.15,921.19,3958.34,0,False,Entregada,Entrega realizada en tiempo
1488,34,30,60,14,2026-01-31,05:56:00,2026-01-31,14:41:00,2026-01-31,14:54:00,0.33,61,283.24,24.33,23.34,2437.2,567.86,3005.06,13,True,Tardía,Incidencia operativa
1489,31,30,56,38,2026-06-27,20:17:00,2026-06-27,00:48:00,2026-06-28,01:16:00,7.03,35,200.17,17.2,24.92,2483.85,428.62,2912.47,28,True,Tardía,Incidencia operativa
1490,94,10,14,5,2026-04-12,15:01:00,2026-04-12,00:57:00,2026-04-13,00:57:00,15.31,5,306.6,30.75,26.32,3604.0,809.34,4413.34,0,False,Entregada,Entrega realizada en tiempo
1491,53,12,1,37,2026-01-12,07:49:00,2026-01-12,01:07:00,2026-01-13,01:07:00,0.8,36,437.39,62.57,25.88,3054.95,1619.31,4674.26,0,False,Entregada,Entrega realizada en tiempo
1492,26,18,2,43,2026-03-11,09:15:00,2026-03-11,00:42:00,2026-03-12,00:42:00,0.91,58,439.56,41.16,26.98,3252.8,1110.5,4363.3,0,False,Entregada,Entrega realizada en tiempo
1493,6,37,54,28,2026-05-24,18:50:00,2026-05-24,01:51:00,2026-05-25,01:51:00,0.36,30,296.36,31.59,25.97,2257.8,820.39,3078.19,0,False,Entregada,Entrega realizada en tiempo
1494,37,24,6,39,2026-04-05,17:52:00,2026-04-05,02:15:00,2026-04-06,02:15:00,5.93,61,212.95,19.96,24.49,2645.75,488.82,3134.57,0,False,Entregada,Entrega realizada en tiempo
1495,48,36,35,10,2026-03-24,14:26:00,2026-03-24,16:51:00,2026-03-24,16:51:00,0.33,23,81.31,9.59,24.49,1123.55,234.86,1358.41,0,False,Entregada,Entrega realizada en tiempo
1496,45,19,10,44,2026-07-12,18:43:00,2026-07-12,20:53:00,2026-07-12,20:53:00,6.18,70,69.84,6.88,26.85,2027.2,184.73,2211.93,0,False,Entregada,Entrega realizada en tiempo
1497,12,39,17,9,2026-03-27,14:41:00,2026-03-27,22:14:00,2026-03-27,22:14:00,1.9,60,179.48,14.49,25.16,2067.4,364.57,2431.97,0,False,Entregada,Entrega realizada en tiempo
1498,88,11,57,3,2026-03-29,19:58:00,2026-03-29,22:15:00,2026-03-29,22:15:00,3.77,19,60.46,12.65,25.16,1331.3,318.27,1649.57,0,False,Entregada,Entrega realizada en tiempo
1499,96,11,55,37,2026-02-05,09:52:00,2026-02-05,03:10:00,2026-02-06,03:47:00,2.4,51,491.97,102.92,25.08,3607.85,2581.23,6189.08,37,True,Tardía,"Hora pico, Distancia larga"
1500,74,1,17,36,2026-06-20,09:47:00,2026-06-20,13:41:00,2026-06-20,13:41:00,0.3,30,103.82,10.02,26.15,1289.1,262.02,1551.12,0,False,Entregada,Entrega realizada en tiempo
1501,63,8,21,47,2026-08-03,14:35:00,2026-08-03,02:19:00,2026-08-04,02:19:00,0.63,51,327.74,35.01,26.28,2609.7,920.06,3529.76,0,False,Entregada,Entrega realizada en tiempo
1502,29,37,23,48,2026-04-15,08:14:00,2026-04-15,13:27:00,2026-04-15,14:14:00,0.91,59,180.99,19.3,26.2,1967.95,505.66,2473.61,47,True,Tardía,"Tráfico alto, Hora pico"
1503,64,10,59,5,2026-06-27,12:15:00,2026-06-27,22:11:00,2026-06-27,23:09:00,18.54,52,291.02,29.19,23.39,4225.1,682.75,4907.85,58,True,Tardía,"Tráfico alto, Carga pesada"
1504,25,2,2,2,2026-03-17,08:13:00,2026-03-17,18:08:00,2026-03-17,18:08:00,5.43,24,290.67,58.6,25.72,2688.35,1507.19,4195.54,0,False,Entregada,Entrega realizada en tiempo
1505,9,17,29,8,2026-04-19,14:42:00,2026-04-19,18:10:00,2026-04-19,18:39:00,0.51,52,97.31,17.28,24.2,1453.55,418.18,1871.73,29,True,Tardía,Incidencia operativa
1506,50,24,14,20,2026-04-20,18:40:00,2026-04-20,20:13:00,2026-04-20,20:13:00,0.65,79,57.52,5.39,25.72,1484.6,138.63,1623.23,0,False,Entregada,Entrega realizada en tiempo
1507,5,32,21,23,2026-01-08,11:44:00,2026-01-08,21:05:00,2026-01-08,21:05:00,2.27,61,280.16,25.38,24.54,2615.8,622.83,3238.63,0,False,Entregada,Entrega realizada en tiempo
1508,69,7,28,45,2026-05-31,14:43:00,2026-05-31,17:24:00,2026-05-31,17:24:00,1.26,63,87.6,14.36,24.52,1568.0,352.11,1920.11,0,False,Entregada,Entrega realizada en tiempo
1509,63,6,31,17,2026-05-20,07:05:00,2026-05-20,13:23:00,2026-05-20,13:23:00,0.21,32,169.06,24.72,25.86,1622.3,639.26,2261.56,0,False,Entregada,Entrega realizada en tiempo
1510,13,30,25,48,2026-03-28,10:38:00,2026-03-28,15:51:00,2026-03-28,16:37:00,8.64,61,182.75,15.7,26.11,2765.75,409.93,3175.68,46,True,Tardía,Tráfico alto
1511,58,14,40,27,2026-01-25,05:43:00,2026-01-25,17:26:00,2026-01-25,17:26:00,0.24,17,332.54,35.83,25.7,2322.7,920.83,3243.53,0,False,Entregada,Entrega realizada en tiempo
1512,4,33,29,5,2026-05-09,09:29:00,2026-05-09,19:25:00,2026-05-09,19:25:00,0.79,36,290.44,37.05,24.55,2319.2,909.58,3228.78,0,False,Entregada,Entrega realizada en tiempo
1513,69,4,17,38,2026-01-31,19:31:00,2026-01-31,00:02:00,2026-02-01,00:02:00,0.35,23,197.68,33.22,24.17,1707.4,802.93,2510.33,0,False,Entregada,Entrega realizada en tiempo
1514,21,3,19,39,2026-03-26,16:07:00,2026-03-26,00:30:00,2026-03-27,00:30:00,6.85,20,225.84,48.46,23.31,2474.2,1129.6,3603.8,0,False,Entregada,Entrega realizada en tiempo
1515,62,32,16,1,2026-04-10,09:49:00,2026-04-10,16:08:00,2026-04-10,16:35:00,3.56,49,197.85,17.92,24.36,2237.25,436.53,2673.78,27,True,Tardía,Hora pico
1516,88,38,55,32,2026-02-28,17:51:00,2026-02-28,05:55:00,2026-03-01,06:23:00,7.86,15,353.83,30.06,24.75,3175.15,743.99,3919.14,28,True,Tardía,"Hora pico, Distancia larga"
1517,47,28,2,46,2026-05-15,14:40:00,2026-05-15,05:30:00,2026-05-16,06:01:00,6.19,70,426.71,62.57,24.12,3812.55,1509.19,5321.74,31,True,Tardía,Distancia larga
1518,72,28,5,5,2026-01-23,11:56:00,2026-01-23,21:52:00,2026-01-23,21:52:00,6.82,46,269.69,39.54,25.03,2898.45,989.69,3888.14,0,False,Entregada,Entrega realizada en tiempo
1519,32,9,8,2,2026-02-11,07:36:00,2026-02-11,17:31:00,2026-02-11,17:31:00,0.32,24,329.87,26.97,24.78,2373.35,668.32,3041.67,0,False,Entregada,Entrega realizada en tiempo
1520,70,24,36,17,2026-05-03,07:50:00,2026-05-03,14:08:00,2026-05-03,14:08:00,5.07,24,192.56,18.05,23.46,2161.8,423.45,2585.25,0,False,Entregada,Entrega realizada en tiempo
1521,6,15,13,10,2026-03-18,08:47:00,2026-03-18,11:12:00,2026-03-18,11:44:00,0.9,51,84.62,17.41,26.15,1421.1,455.27,1876.37,32,True,Tardía,Hora pico
1522,15,34,43,18,2026-05-30,19:00:00,2026-05-30,11:08:00,2026-05-31,11:08:00,5.56,39,457.63,38.01,23.55,3656.15,895.14,4551.29,0,False,Entregada,Entrega realizada en tiempo
1523,32,31,52,14,2026-02-18,18:30:00,2026-02-18,03:15:00,2026-02-19,03:47:00,14.99,62,278.53,39.56,25.21,3887.65,997.31,4884.96,32,True,Tardía,Hora pico
1524,81,35,55,5,2026-02-07,08:54:00,2026-02-07,18:50:00,2026-02-07,19:48:00,0.38,66,286.35,38.64,26.96,2497.75,1041.73,3539.48,58,True,Tardía,"Tráfico alto, Hora pico"
1525,10,37,11,16,2026-06-10,16:53:00,2026-06-10,07:21:00,2026-06-11,07:21:00,0.83,47,408.89,43.59,26.31,3003.45,1146.85,4150.3,0,False,Entregada,Entrega realizada en tiempo
1526,53,4,49,28,2026-01-11,13:49:00,2026-01-11,20:50:00,2026-01-11,21:11:00,0.67,51,267.74,45.0,24.56,2313.7,1105.2,3418.9,21,True,Tardía,Incidencia operativa
1527,78,15,48,9,2026-05-03,19:56:00,2026-05-03,03:29:00,2026-05-04,03:29:00,0.42,53,184.99,38.06,26.02,1890.95,990.32,2881.27,0,False,Entregada,Entrega realizada en tiempo
1528,21,16,39,34,2026-03-15,18:49:00,2026-03-15,22:40:00,2026-03-15,22:40:00,8.52,10,117.63,10.57,23.12,2020.15,244.38,2264.53,0,False,Entregada,Entrega realizada en tiempo
1529,9,36,6,46,2026-07-18,08:49:00,2026-07-18,23:39:00,2026-07-19,00:33:00,1.04,6,392.34,46.27,25.6,2613.7,1184.51,3798.21,54,True,Tardía,"Hora pico, Distancia larga"
1530,44,20,54,35,2026-06-04,13:58:00,2026-06-04,17:32:00,2026-06-04,17:32:00,1.16,40,153.29,20.8,24.88,1702.45,517.5,2219.95,0,False,Entregada,Entrega realizada en tiempo
1531,63,25,49,45,2026-05-31,20:59:00,2026-05-31,23:40:00,2026-05-31,23:40:00,4.36,78,89.42,19.03,26.14,2007.1,497.44,2504.54,0,False,Entregada,Entrega realizada en tiempo
1532,18,31,22,6,2026-06-27,18:21:00,2026-06-27,19:15:00,2026-06-27,19:15:00,17.05,69,30.09,4.27,25.53,2907.45,109.01,3016.46,0,False,Entregada,Entrega realizada en tiempo
1533,33,18,60,18,2026-08-12,12:38:00,2026-08-12,04:46:00,2026-08-13,05:18:00,0.44,66,441.66,41.35,25.26,3280.3,1044.5,4324.8,32,True,Tardía,Distancia larga
1534,45,20,13,22,2026-05-13,16:17:00,2026-05-13,23:56:00,2026-05-13,23:56:00,3.51,34,347.39,47.14,25.68,2859.95,1210.56,4070.51,0,False,Entregada,Entrega realizada en tiempo
1535,25,40,57,9,2026-07-25,12:12:00,2026-07-25,19:45:00,2026-07-25,19:45:00,1.05,47,189.08,29.54,25.21,1926.4,744.7,2671.1,0,False,Entregada,Entrega realizada en tiempo
1536,27,30,38,34,2026-02-14,08:46:00,2026-02-14,12:37:00,2026-02-14,12:37:00,3.64,38,102.72,8.82,23.82,1681.6,210.09,1891.69,0,False,Entregada,Entrega realizada en tiempo
1537,82,22,12,42,2026-07-27,18:23:00,2026-07-27,21:34:00,2026-07-27,22:39:00,1.13,32,92.3,8.93,25.15,1330.5,224.59,1555.09,65,True,Tardía,"Tráfico alto, Hora pico"
1538,19,17,39,5,2026-03-06,08:24:00,2026-03-06,18:20:00,2026-03-06,18:20:00,0.73,71,274.88,48.82,23.01,2515.4,1123.35,3638.75,0,False,Entregada,Entrega realizada en tiempo
1539,25,17,60,32,2026-04-27,20:37:00,2026-04-27,08:41:00,2026-04-28,08:41:00,0.78,36,402.65,71.52,24.68,2879.25,1765.11,4644.36,0,False,Entregada,Entrega realizada en tiempo
1540,35,4,28,41,2026-05-06,08:30:00,2026-05-06,15:46:00,2026-05-06,15:46:00,2.01,56,204.55,34.38,23.48,2171.75,807.24,2978.99,0,False,Entregada,Entrega realizada en tiempo
1541,24,8,24,49,2026-07-25,06:02:00,2026-07-25,20:33:00,2026-07-25,21:13:00,1.3,9,356.44,38.08,23.51,2484.2,895.26,3379.46,40,True,Tardía,Distancia larga
1542,13,28,14,3,2026-06-19,06:00:00,2026-06-19,08:17:00,2026-06-19,08:17:00,6.43,15,60.21,8.83,25.5,1564.05,225.16,1789.21,0,False,Entregada,Entrega realizada en tiempo
1543,36,19,28,16,2026-03-01,10:39:00,2026-03-01,01:07:00,2026-03-02,01:07:00,3.42,78,389.36,38.36,24.07,3412.8,923.33,4336.13,0,False,Entregada,Entrega realizada en tiempo
1544,71,23,54,16,2026-02-08,05:35:00,2026-02-08,20:03:00,2026-02-08,20:03:00,0.61,75,389.56,71.35,23.88,3108.8,1703.84,4812.64,0,False,Entregada,Entrega realizada en tiempo
1545,50,14,35,40,2026-01-05,09:05:00,2026-01-05,02:07:00,2026-01-06,02:07:00,6.51,74,433.79,46.74,26.91,3911.95,1257.77,5169.72,0,False,Entregada,Entrega realizada en tiempo
1546,35,32,8,7,2026-03-05,16:14:00,2026-03-05,20:25:00,2026-03-05,20:25:00,2.69,31,112.44,10.18,23.66,1579.2,240.86,1820.06,0,False,Entregada,Entrega realizada en tiempo
1547,23,15,18,7,2026-01-01,10:42:00,2026-01-01,14:53:00,2026-01-01,14:53:00,0.81,40,119.1,24.51,26.44,1496.5,648.04,2144.54,0,False,Entregada,Entrega realizada en tiempo
1548,50,29,14,15,2026-01-26,07:26:00,2026-01-26,09:49:00,2026-01-26,09:49:00,24.72,57,67.69,7.07,25.96,3766.45,183.54,3949.99,0,False,Entregada,Entrega realizada en tiempo
1549,50,40,49,25,2026-01-06,20:48:00,2026-01-06,06:14:00,2026-01-07,06:14:00,0.63,35,368.71,57.61,25.69,2686.55,1480.0,4166.55,0,False,Entregada,Entrega realizada en tiempo
1550,56,34,22,21,2026-01-06,18:32:00,2026-01-06,01:35:00,2026-01-07,02:44:00,8.37,79,313.07,26.0,23.58,3534.35,613.08,4147.43,69,True,Tardía,"Hora pico, Distancia larga, Carga pesada"
1551,10,39,54,45,2026-06-24,15:10:00,2026-06-24,17:51:00,2026-06-24,18:21:00,7.26,52,80.22,6.47,24.62,2043.1,159.29,2202.39,30,True,Tardía,Carga pesada
1552,32,19,58,15,2026-04-08,18:01:00,2026-04-08,20:24:00,2026-04-08,20:24:00,4.49,73,57.84,5.7,25.79,1822.2,147.0,1969.2,0,False,Entregada,Entrega realizada en tiempo
1553,58,2,25,37,2026-03-30,14:24:00,2026-03-30,07:42:00,2026-03-31,07:42:00,1.74,3,494.62,99.72,25.9,3171.1,2582.75,5753.85,0,False,Entregada,Entrega realizada en tiempo
1554,55,6,28,17,2026-03-31,10:17:00,2026-03-31,16:35:00,2026-03-31,16:35:00,0.61,47,187.11,27.36,24.04,1872.55,657.73,2530.28,0,False,Entregada,Entrega realizada en tiempo
1555,21,11,15,38,2026-06-15,19:38:00,2026-06-15,00:09:00,2026-06-16,00:09:00,3.48,68,200.96,42.04,26.38,2396.8,1109.02,3505.82,0,False,Entregada,Entrega realizada en tiempo
1556,49,24,4,49,2026-02-28,07:45:00,2026-02-28,22:16:00,2026-02-28,23:08:00,6.67,21,367.72,34.46,25.1,3173.6,864.95,4038.55,52,True,Tardía,"Hora pico, Distancia larga, Carga pesada"
1557,33,29,10,19,2026-02-06,16:17:00,2026-02-06,04:58:00,2026-02-07,05:27:00,1.3,24,366.81,38.33,25.08,2656.05,961.32,3617.37,29,True,Tardía,Distancia larga
1558,30,6,40,4,2026-05-27,09:18:00,2026-05-27,11:52:00,2026-05-27,11:52:00,0.36,71,95.64,13.98,24.69,1582.2,345.17,1927.37,0,False,Entregada,Entrega realizada en tiempo
1559,22,16,2,13,2026-06-04,07:04:00,2026-06-04,18:47:00,2026-06-04,19:32:00,7.26,13,336.22,30.21,26.12,3011.1,789.09,3800.19,45,True,Tardía,"Hora pico, Distancia larga"
1560,71,24,47,12,2026-02-09,20:59:00,2026-02-09,08:37:00,2026-02-10,09:02:00,3.87,24,402.25,37.7,26.42,3090.25,996.03,4086.28,25,True,Tardía,Distancia larga
1561,99,18,33,2,2026-05-09,19:57:00,2026-05-09,05:52:00,2026-05-10,06:38:00,0.78,8,291.37,27.28,23.62,2098.85,644.35,2743.2,46,True,Tardía,"Tráfico alto, Hora pico"
1562,17,16,56,39,2026-08-02,14:36:00,2026-08-02,22:59:00,2026-08-02,22:59:00,0.48,36,225.12,20.23,24.82,1961.6,502.11,2463.71,0,False,Entregada,Entrega realizada en tiempo
1563,91,8,46,16,2026-02-11,06:04:00,2026-02-11,20:32:00,2026-02-11,21:10:00,3.85,49,448.9,47.96,25.12,3521.5,1204.76,4726.26,38,True,Tardía,Distancia larga
1564,63,26,36,35,2026-07-05,15:56:00,2026-07-05,19:30:00,2026-07-05,19:30:00,0.76,68,157.26,22.43,25.59,1906.3,573.98,2480.28,0,False,Entregada,Entrega realizada en tiempo
1565,67,23,51,39,2026-05-28,15:48:00,2026-05-28,00:11:00,2026-05-29,00:11:00,1.17,33,216.91,39.73,24.63,1965.55,978.55,2944.1,0,False,Entregada,Entrega realizada en tiempo
1566,65,32,9,3,2026-02-22,07:38:00,2026-02-22,09:55:00,2026-02-22,09:55:00,2.99,48,66.05,5.98,23.46,1513.25,140.29,1653.54,0,False,Entregada,Entrega realizada en tiempo
1567,53,25,25,20,2026-04-06,05:20:00,2026-04-06,06:53:00,2026-04-06,06:53:00,6.58,63,59.9,12.74,23.06,1961.5,293.78,2255.28,0,False,Entregada,Entrega realizada en tiempo
1568,56,10,29,38,2026-07-22,08:41:00,2026-07-22,13:12:00,2026-07-22,13:12:00,18.42,39,197.33,19.79,23.57,3640.65,466.45,4107.1,0,False,Entregada,Entrega realizada en tiempo
1569,30,29,17,32,2026-04-13,17:45:00,2026-04-13,05:49:00,2026-04-14,05:49:00,12.28,60,394.86,41.26,23.82,4182.3,982.81,5165.11,0,False,Entregada,Entrega realizada en tiempo
1570,17,27,4,16,2026-02-07,08:18:00,2026-02-07,22:46:00,2026-02-07,23:45:00,5.43,48,405.46,52.12,23.31,3454.3,1214.92,4669.22,59,True,Tardía,"Hora pico, Distancia larga"
1571,38,23,53,33,2026-05-22,18:02:00,2026-05-22,02:56:00,2026-05-23,03:56:00,1.14,62,304.43,55.76,23.04,2632.15,1284.71,3916.86,60,True,Tardía,"Tráfico alto, Hora pico, Distancia larga"
1572,13,10,48,46,2026-05-24,11:03:00,2026-05-24,01:53:00,2026-05-25,01:53:00,17.29,4,404.57,40.58,25.52,4283.85,1035.6,5319.45,0,False,Entregada,Entrega realizada en tiempo
1573,48,2,29,26,2026-03-27,17:22:00,2026-03-27,23:21:00,2026-03-28,00:14:00,8.79,80,158.69,31.99,25.34,2812.45,810.63,3623.08,53,True,Tardía,"Tráfico alto, Hora pico"
1574,57,32,28,49,2026-05-12,06:42:00,2026-05-12,21:13:00,2026-05-12,21:13:00,4.64,71,422.21,38.24,25.27,3643.05,966.32,4609.37,0,False,Entregada,Entrega realizada en tiempo
1575,9,10,60,25,2026-03-26,17:46:00,2026-03-26,03:12:00,2026-03-27,03:52:00,12.15,35,362.41,36.35,24.1,3807.05,876.04,4683.09,40,True,Tardía,"Hora pico, Distancia larga"
1576,29,3,3,20,2026-01-04,08:12:00,2026-01-04,09:45:00,2026-01-04,09:45:00,8.35,54,60.04,12.88,24.67,2067.2,317.75,2384.95,0,False,Entregada,Entrega realizada en tiempo
1577,20,28,36,37,2026-03-07,09:00:00,2026-03-07,02:18:00,2026-03-08,03:02:00,0.68,9,447.81,65.66,26.15,2879.05,1717.01,4596.06,44,True,Tardía,"Hora pico, Distancia larga"
1578,29,30,59,11,2026-06-22,18:07:00,2026-06-22,20:53:00,2026-06-22,20:53:00,8.8,11,74.67,6.41,26.25,1841.35,168.26,2009.61,0,False,Entregada,Entrega realizada en tiempo
1579,44,40,47,24,2026-08-06,18:16:00,2026-08-06,02:53:00,2026-08-07,02:53:00,0.7,74,341.89,53.42,26.56,2871.45,1418.84,4290.29,0,False,Entregada,Entrega realizada en tiempo
1580,95,22,41,43,2026-03-25,19:09:00,2026-03-25,10:36:00,2026-03-26,10:36:00,0.42,76,443.71,42.91,24.12,3368.55,1034.99,4403.54,0,False,Entregada,Entrega realizada en tiempo
1581,77,16,15,2,2026-04-22,18:17:00,2026-04-22,04:12:00,2026-04-23,04:12:00,13.73,43,318.57,28.62,24.2,3809.85,692.6,4502.45,0,False,Entregada,Entrega realizada en tiempo
1582,93,26,4,38,2026-03-18,11:06:00,2026-03-18,15:37:00,2026-03-18,15:37:00,9.6,19,180.08,25.69,26.38,2512.4,677.7,3190.1,0,False,Entregada,Entrega realizada en tiempo
1583,29,16,30,10,2026-01-26,20:32:00,2026-01-26,22:57:00,2026-01-26,22:57:00,3.26,47,85.24,7.66,24.6,1628.2,188.44,1816.64,0,False,Entregada,Entrega realizada en tiempo
1584,73,22,20,6,2026-03-04,09:39:00,2026-03-04,10:33:00,2026-03-04,10:33:00,1.0,62,26.75,2.59,25.65,1229.75,66.43,1296.18,0,False,Entregada,Entrega realizada en tiempo
1585,100,21,60,4,2026-04-22,15:52:00,2026-04-22,18:26:00,2026-04-22,18:51:00,1.29,56,104.31,14.59,26.91,1598.55,392.62,1991.17,25,True,Tardía,Incidencia operativa
1586,43,24,8,20,2026-03-02,18:56:00,2026-03-02,20:29:00,2026-03-02,20:29:00,4.53,63,62.78,5.88,24.59,1770.9,144.59,1915.49,0,False,Entregada,Entrega realizada en tiempo
1587,28,26,28,16,2026-03-15,10:39:00,2026-03-15,01:07:00,2026-03-16,01:07:00,2.66,22,388.38,55.4,25.39,2883.9,1406.61,4290.51,0,False,Entregada,Entrega realizada en tiempo
1588,76,25,55,6,2026-01-26,07:05:00,2026-01-26,07:59:00,2026-01-26,08:42:00,8.67,2,29.08,6.19,26.59,1528.4,164.59,1692.99,43,True,Tardía,Hora pico
1589,90,10,4,1,2026-05-01,09:02:00,2026-05-01,15:21:00,2026-05-01,15:21:00,13.07,18,199.11,19.97,26.37,2946.55,526.61,3473.16,0,False,Entregada,Entrega realizada en tiempo
1590,87,23,43,37,2026-01-23,06:10:00,2026-01-23,23:28:00,2026-01-23,23:28:00,1.46,40,491.36,89.99,23.16,3422.8,2084.17,5506.97,0,False,Entregada,Entrega realizada en tiempo
1591,75,6,3,40,2026-01-01,09:50:00,2026-01-01,02:52:00,2026-01-02,02:52:00,0.87,22,455.08,66.53,26.3,3038.4,1749.74,4788.14,0,False,Entregada,Entrega realizada en tiempo
1592,63,7,18,38,2026-03-16,19:04:00,2026-03-16,23:35:00,2026-03-16,23:35:00,0.85,79,175.72,28.81,23.26,2095.6,670.12,2765.72,0,False,Entregada,Entrega realizada en tiempo
1593,78,17,11,42,2026-07-18,19:06:00,2026-07-18,22:17:00,2026-07-18,22:17:00,0.71,64,93.38,16.59,25.76,1549.9,427.36,1977.26,0,False,Entregada,Entrega realizada en tiempo
1594,5,26,55,22,2026-06-20,09:44:00,2026-06-20,17:23:00,2026-06-20,17:23:00,13.56,61,325.66,46.46,24.44,3972.3,1135.48,5107.78,0,False,Entregada,Entrega realizada en tiempo
1595,66,20,19,42,2026-06-30,15:26:00,2026-06-30,18:37:00,2026-06-30,18:37:00,7.63,31,94.83,12.87,26.39,1985.15,339.64,2324.79,0,False,Entregada,Entrega realizada en tiempo
1596,86,21,14,16,2026-04-29,08:45:00,2026-04-29,23:13:00,2026-04-29,23:55:00,0.28,20,389.41,54.46,23.59,2635.05,1284.71,3919.76,42,True,Tardía,"Hora pico, Distancia larga"
1597,58,9,10,47,2026-01-19,12:49:00,2026-01-19,00:33:00,2026-01-20,00:33:00,0.47,43,309.14,25.28,25.32,2436.7,640.09,3076.79,0,False,Entregada,Entrega realizada en tiempo
1598,92,31,28,27,2026-02-01,20:46:00,2026-02-01,08:29:00,2026-02-02,08:29:00,15.71,76,337.12,47.89,25.84,4364.6,1237.48,5602.08,0,False,Entregada,Entrega realizada en tiempo
1599,61,3,24,11,2026-04-11,09:22:00,2026-04-11,12:08:00,2026-04-11,12:50:00,10.26,9,74.42,15.97,26.25,1970.1,419.21,2389.31,42,True,Tardía,"Hora pico, Carga pesada"
1600,60,26,51,46,2026-08-09,13:28:00,2026-08-09,04:18:00,2026-08-10,04:18:00,3.26,18,445.98,63.62,25.98,3199.9,1652.85,4852.75,0,False,Entregada,Entrega realizada en tiempo
1601,91,28,43,21,2026-07-12,09:00:00,2026-07-12,16:03:00,2026-07-12,16:03:00,8.1,22,277.76,40.73,24.66,2874.8,1004.4,3879.2,0,False,Entregada,Entrega realizada en tiempo
1602,63,22,10,3,2026-08-15,08:15:00,2026-08-15,10:32:00,2026-08-15,10:32:00,1.19,66,59.25,5.73,26.83,1443.25,153.74,1596.99,0,False,Entregada,Entrega realizada en tiempo
1603,26,12,27,3,2026-07-17,05:40:00,2026-07-17,07:57:00,2026-07-17,07:57:00,1.2,47,67.61,9.67,26.2,1334.05,253.35,1587.4,0,False,Entregada,Entrega realizada en tiempo
1604,48,22,1,7,2026-05-04,19:12:00,2026-05-04,23:23:00,2026-05-05,00:02:00,0.24,28,132.59,12.82,25.12,1410.95,322.04,1732.99,39,True,Tardía,Hora pico
1605,68,38,40,40,2026-02-20,16:49:00,2026-02-20,09:51:00,2026-02-21,09:51:00,9.4,6,497.2,42.24,25.88,3974.0,1093.17,5067.17,0,False,Entregada,Entrega realizada en tiempo
1606,71,19,35,49,2026-04-27,06:18:00,2026-04-27,20:49:00,2026-04-27,21:24:00,3.66,43,412.36,40.63,24.9,3271.8,1011.69,4283.49,35,True,Tardía,Distancia larga
1607,54,30,59,39,2026-05-27,10:59:00,2026-05-27,19:22:00,2026-05-27,19:22:00,1.0,41,207.6,17.84,23.89,1966.0,426.2,2392.2,0,False,Entregada,Entrega realizada en tiempo
1608,34,20,58,42,2026-08-07,06:52:00,2026-08-07,10:03:00,2026-08-07,10:03:00,1.04,30,106.35,14.43,25.32,1375.75,365.37,1741.12,0,False,Entregada,Entrega realizada en tiempo
1609,51,17,1,34,2026-02-28,06:14:00,2026-02-28,10:05:00,2026-02-28,10:05:00,0.92,58,116.48,20.69,23.01,1638.4,476.08,2114.48,0,False,Entregada,Entrega realizada en tiempo
1610,7,5,52,18,2026-05-18,20:26:00,2026-05-18,12:34:00,2026-05-19,12:34:00,17.44,3,392.38,49.29,26.81,4229.9,1321.46,5551.36,0,False,Entregada,Entrega realizada en tiempo
1611,99,20,50,39,2026-06-19,06:31:00,2026-06-19,14:54:00,2026-06-19,14:54:00,5.03,75,196.81,26.7,25.65,2587.05,684.85,3271.9,0,False,Entregada,Entrega realizada en tiempo
1612,37,8,55,16,2026-04-10,20:46:00,2026-04-10,11:14:00,2026-04-11,11:55:00,1.43,43,405.5,43.32,23.06,3014.5,998.96,4013.46,41,True,Tardía,Distancia larga
1613,55,6,22,42,2026-03-04,18:01:00,2026-03-04,21:12:00,2026-03-04,21:59:00,0.79,13,93.22,13.63,25.69,1149.1,350.15,1499.25,47,True,Tardía,"Tráfico alto, Hora pico"
1614,54,11,58,28,2026-02-22,09:23:00,2026-02-22,16:24:00,2026-02-22,16:24:00,0.61,13,260.01,54.4,24.16,1965.05,1314.3,3279.35,0,False,Entregada,Entrega realizada en tiempo
1615,70,36,41,5,2026-01-20,08:55:00,2026-01-20,18:51:00,2026-01-20,18:51:00,0.44,16,313.72,37.0,23.01,2240.6,851.37,3091.97,0,False,Entregada,Entrega realizada en tiempo
1616,31,5,50,50,2026-07-23,11:11:00,2026-07-23,19:11:00,2026-07-23,19:11:00,14.16,15,274.32,34.46,24.35,3407.6,839.1,4246.7,0,False,Entregada,Entrega realizada en tiempo
1617,65,35,30,33,2026-02-01,18:42:00,2026-02-01,03:36:00,2026-02-02,04:16:00,0.71,79,269.59,36.38,24.41,2550.95,888.04,3438.99,40,True,Tardía,"Tráfico alto, Hora pico"
1618,50,13,35,17,2026-07-05,05:58:00,2026-07-05,12:16:00,2026-07-05,12:16:00,17.63,80,172.76,14.09,26.17,3766.8,368.74,4135.54,0,False,Entregada,Entrega realizada en tiempo
1619,12,5,11,10,2026-03-29,09:33:00,2026-03-29,11:58:00,2026-03-29,12:44:00,5.7,69,78.85,9.91,23.12,2016.25,229.12,2245.37,46,True,Tardía,Hora pico
1620,50,28,7,33,2026-07-18,15:13:00,2026-07-18,00:07:00,2026-07-19,01:02:00,1.36,22,268.42,39.36,26.09,2154.1,1026.9,3181.0,55,True,Tardía,Tráfico alto
1621,96,5,48,15,2026-08-02,18:35:00,2026-08-02,20:58:00,2026-08-02,20:58:00,6.73,59,65.12,8.18,25.57,1970.6,209.16,2179.76,0,False,Entregada,Entrega realizada en tiempo
1622,26,3,3,29,2026-02-18,05:36:00,2026-02-18,10:50:00,2026-02-18,11:11:00,0.91,46,176.71,37.92,25.59,1842.55,970.37,2812.92,21,True,Tardía,Incidencia operativa
1623,54,1,21,30,2026-01-22,08:53:00,2026-01-22,14:01:00,2026-01-22,14:01:00,1.38,13,122.34,11.81,25.25,1353.7,298.2,1651.9,0,False,Entregada,Entrega realizada en tiempo
1624,15,38,9,31,2026-05-07,20:35:00,2026-05-07,04:07:00,2026-05-08,04:18:00,5.26,44,212.27,18.03,26.14,2439.35,471.3,2910.65,11,True,Tardía,Incidencia operativa
1625,82,21,16,20,2026-05-18,16:18:00,2026-05-18,17:51:00,2026-05-18,17:51:00,0.44,5,54.3,7.59,23.22,855.5,176.24,1031.74,0,False,Entregada,Entrega realizada en tiempo
1626,39,9,45,17,2026-07-28,15:09:00,2026-07-28,21:27:00,2026-07-28,21:27:00,0.51,36,171.94,14.06,24.65,1698.7,346.58,2045.28,0,False,Entregada,Entrega realizada en tiempo
1627,10,34,24,5,2026-05-08,12:47:00,2026-05-08,22:43:00,2026-05-08,22:43:00,4.82,39,304.44,25.29,23.1,2816.2,584.2,3400.4,0,False,Entregada,Entrega realizada en tiempo
1628,37,21,12,46,2026-01-24,08:59:00,2026-01-24,23:49:00,2026-01-24,23:49:00,0.41,68,423.55,59.24,26.41,3202.75,1564.53,4767.28,0,False,Entregada,Entrega realizada en tiempo
1629,47,8,7,17,2026-07-16,13:20:00,2026-07-16,19:38:00,2026-07-16,19:38:00,3.16,16,166.56,17.79,23.85,1776.8,424.29,2201.09,0,False,Entregada,Entrega realizada en tiempo
1630,11,15,4,18,2026-03-21,20:48:00,2026-03-21,12:56:00,2026-03-22,12:56:00,0.77,70,407.68,83.88,23.32,3175.4,1956.08,5131.48,0,False,Entregada,Entrega realizada en tiempo
1631,92,36,60,37,2026-08-11,20:19:00,2026-08-11,13:37:00,2026-08-12,13:37:00,1.01,71,415.76,49.03,23.4,3247.8,1147.3,4395.1,0,False,Entregada,Entrega realizada en tiempo
1632,52,3,20,27,2026-01-24,13:17:00,2026-01-24,01:00:00,2026-01-25,01:18:00,5.44,7,302.72,64.96,23.43,2613.6,1522.01,4135.61,18,True,Tardía,Distancia larga
1633,62,3,31,24,2026-04-14,20:06:00,2026-04-14,04:43:00,2026-04-15,05:27:00,9.57,34,288.75,61.96,23.33,3172.75,1445.53,4618.28,44,True,Tardía,Tráfico alto
1634,22,12,42,37,2026-06-29,08:40:00,2026-06-29,01:58:00,2026-06-30,01:58:00,0.72,3,448.12,64.11,25.91,2836.6,1661.09,4497.69,0,False,Entregada,Entrega realizada en tiempo
1635,17,11,48,44,2026-05-11,10:26:00,2026-05-11,12:36:00,2026-05-11,12:36:00,3.15,1,65.8,13.77,26.5,1152.0,364.9,1516.9,0,False,Entregada,Entrega realizada en tiempo
1636,74,13,32,36,2026-03-02,06:27:00,2026-03-02,10:21:00,2026-03-02,10:21:00,14.77,28,106.3,8.67,24.55,2732.5,212.85,2945.35,0,False,Entregada,Entrega realizada en tiempo
1637,68,19,23,9,2026-04-14,16:58:00,2026-04-14,00:31:00,2026-04-15,00:31:00,6.61,75,188.68,18.59,24.0,2704.4,446.16,3150.56,0,False,Entregada,Entrega realizada en tiempo
1638,16,27,17,42,2026-06-04,18:00:00,2026-06-04,21:11:00,2026-06-04,21:54:00,7.43,15,103.84,13.35,25.31,1882.2,337.89,2220.09,43,True,Tardía,"Tráfico alto, Hora pico"
1639,83,38,8,43,2026-03-05,08:45:00,2026-03-05,00:12:00,2026-03-06,01:11:00,14.83,6,476.6,40.49,26.86,4414.0,1087.56,5501.56,59,True,Tardía,"Tráfico alto, Hora pico, Distancia larga, Carga pesada"
1640,36,8,37,1,2026-06-16,09:45:00,2026-06-16,16:04:00,2026-06-16,16:04:00,2.37,15,176.2,18.82,23.06,1738.0,433.99,2171.99,0,False,Entregada,Entrega realizada en tiempo
1641,14,22,14,29,2026-02-06,08:46:00,2026-02-06,14:00:00,2026-02-06,14:00:00,0.86,16,195.63,18.92,24.3,1692.15,459.76,2151.91,0,False,Entregada,Entrega realizada en tiempo
1642,53,25,43,34,2026-06-24,11:28:00,2026-06-24,15:19:00,2026-06-24,15:19:00,5.56,26,108.8,23.15,23.58,1808.0,545.88,2353.88,0,False,Entregada,Entrega realizada en tiempo
1643,50,23,13,43,2026-08-08,10:31:00,2026-08-08,01:58:00,2026-08-09,01:58:00,1.51,63,431.96,79.11,24.75,3314.8,1957.97,5272.77,0,False,Entregada,Entrega realizada en tiempo
1644,33,1,28,30,2026-02-10,06:50:00,2026-02-10,11:58:00,2026-02-10,11:58:00,1.46,8,128.84,12.44,25.1,1354.2,312.24,1666.44,0,False,Entregada,Entrega realizada en tiempo
1645,27,27,8,19,2026-02-06,12:17:00,2026-02-06,00:58:00,2026-02-07,00:58:00,4.61,23,369.85,47.54,23.06,2994.25,1096.27,4090.52,0,False,Entregada,Entrega realizada en tiempo
1646,98,34,5,38,2026-04-27,14:19:00,2026-04-27,18:50:00,2026-04-27,18:50:00,6.45,29,174.73,14.51,25.75,2250.65,373.63,2624.28,0,False,Entregada,Entrega realizada en tiempo
1647,36,31,25,18,2026-02-11,18:14:00,2026-02-11,10:22:00,2026-02-12,10:22:00,5.22,57,462.68,65.72,23.07,3791.4,1516.16,5307.56,0,False,Entregada,Entrega realizada en tiempo
1648,31,32,25,15,2026-05-22,19:41:00,2026-05-22,22:04:00,2026-05-22,22:46:00,0.98,19,63.84,5.78,24.02,1069.2,138.84,1208.04,42,True,Tardía,Hora pico
1649,13,18,56,43,2026-05-13,12:47:00,2026-05-13,04:14:00,2026-05-14,05:07:00,0.72,52,442.8,41.46,26.6,3202.0,1102.84,4304.84,53,True,Tardía,"Tráfico alto, Distancia larga"
1650,33,16,49,43,2026-05-23,19:58:00,2026-05-23,11:25:00,2026-05-24,11:25:00,12.83,24,420.85,37.81,26.91,4079.25,1017.47,5096.72,0,False,Entregada,Entrega realizada en tiempo
1651,1,10,2,21,2026-07-16,20:26:00,2026-07-16,03:29:00,2026-07-17,03:29:00,10.36,73,287.62,28.85,24.92,3558.1,718.94,4277.04,0,False,Entregada,Entrega realizada en tiempo
1652,24,7,47,20,2026-07-04,16:16:00,2026-07-04,17:49:00,2026-07-04,17:49:00,1.27,35,54.96,9.01,25.52,1181.8,229.94,1411.74,0,False,Entregada,Entrega realizada en tiempo
1653,86,39,37,37,2026-04-02,08:24:00,2026-04-02,01:42:00,2026-04-03,01:42:00,4.97,61,424.62,34.27,26.56,3608.1,910.21,4518.31,0,False,Entregada,Entrega realizada en tiempo
1654,42,3,55,22,2026-04-02,18:48:00,2026-04-02,02:27:00,2026-04-03,02:27:00,3.38,31,303.4,65.11,24.97,2603.0,1625.8,4228.8,0,False,Entregada,Entrega realizada en tiempo
1655,56,36,2,45,2026-01-20,08:36:00,2026-01-20,11:17:00,2026-01-20,11:39:00,0.5,18,89.48,10.55,24.87,1141.4,262.38,1403.78,22,True,Tardía,Hora pico
1656,69,5,7,44,2026-05-21,17:45:00,2026-05-21,19:55:00,2026-05-21,20:22:00,5.45,18,70.16,8.81,24.48,1539.8,215.67,1755.47,27,True,Tardía,Hora pico
1657,5,17,1,38,2026-04-15,08:17:00,2026-04-15,12:48:00,2026-04-15,12:48:00,1.06,76,190.68,33.87,26.57,2167.4,899.93,3067.33,0,False,Entregada,Entrega realizada en tiempo
1658,12,22,60,16,2026-06-06,08:05:00,2026-06-06,22:33:00,2026-06-06,22:33:00,0.39,33,417.32,40.36,25.15,2889.6,1015.05,3904.65,0,False,Entregada,Entrega realizada en tiempo
1659,81,16,3,31,2026-06-26,11:34:00,2026-06-26,19:06:00,2026-06-26,19:06:00,15.83,22,193.47,17.38,25.78,3226.35,448.06,3674.41,0,False,Entregada,Entrega realizada en tiempo
1660,1,32,53,14,2026-07-23,16:56:00,2026-07-23,01:41:00,2026-07-24,02:07:00,0.59,43,274.62,24.88,25.33,2276.1,630.21,2906.31,26,True,Tardía,Incidencia operativa
1661,74,18,1,28,2026-06-28,14:59:00,2026-06-28,22:00:00,2026-06-28,22:00:00,0.95,46,293.24,27.46,25.23,2429.2,692.82,3122.02,0,False,Entregada,Entrega realizada en tiempo
1662,22,2,48,7,2026-06-10,05:42:00,2026-06-10,09:53:00,2026-06-10,10:08:00,3.05,36,127.32,25.67,23.94,1729.6,614.54,2344.14,15,True,Tardía,Incidencia operativa
1663,6,12,13,14,2026-02-20,08:18:00,2026-02-20,17:03:00,2026-02-20,17:39:00,0.47,59,257.09,36.78,25.47,2304.45,936.79,3241.24,36,True,Tardía,Hora pico
1664,5,8,47,47,2026-02-22,14:40:00,2026-02-22,02:24:00,2026-02-23,02:24:00,5.31,39,319.7,34.16,24.73,2941.5,844.78,3786.28,0,False,Entregada,Entrega realizada en tiempo
1665,89,5,54,11,2026-05-02,15:00:00,2026-05-02,17:46:00,2026-05-02,17:46:00,5.04,22,65.36,8.21,25.13,1506.8,206.32,1713.12,0,False,Entregada,Entrega realizada en tiempo
1666,88,27,7,6,2026-07-15,09:13:00,2026-07-15,10:07:00,2026-07-15,10:46:00,11.9,10,30.07,3.87,25.8,1920.35,99.85,2020.2,39,True,Tardía,"Hora pico, Carga pesada"
1667,22,18,46,34,2026-07-02,20:56:00,2026-07-02,00:47:00,2026-07-03,00:47:00,0.76,68,114.35,10.71,26.73,1691.75,286.28,1978.03,0,False,Entregada,Entrega realizada en tiempo
1668,75,22,57,29,2026-02-10,20:42:00,2026-02-10,01:56:00,2026-02-11,01:56:00,0.4,73,185.54,17.94,24.8,2051.7,444.91,2496.61,0,False,Entregada,Entrega realizada en tiempo
1669,23,40,54,29,2026-03-13,13:16:00,2026-03-13,18:30:00,2026-03-13,18:30:00,0.67,78,172.55,26.96,25.93,2053.75,699.07,2752.82,0,False,Entregada,Entrega realizada en tiempo
1670,99,2,13,26,2026-03-17,15:49:00,2026-03-17,21:48:00,2026-03-17,21:48:00,8.11,69,181.37,36.57,23.36,2769.85,854.28,3624.13,0,False,Entregada,Entrega realizada en tiempo
1671,75,8,51,45,2026-02-02,06:14:00,2026-02-02,08:55:00,2026-02-02,08:55:00,0.43,69,80.91,8.64,23.45,1499.55,202.61,1702.16,0,False,Entregada,Entrega realizada en tiempo
1672,62,26,59,42,2026-05-29,08:03:00,2026-05-29,11:14:00,2026-05-29,11:57:00,3.21,67,92.66,13.22,26.63,1820.3,352.05,2172.35,43,True,Tardía,"Tráfico alto, Hora pico"
1673,66,39,35,5,2026-03-03,20:35:00,2026-03-03,06:31:00,2026-03-04,07:19:00,7.79,11,286.03,23.09,24.04,2797.15,555.08,3352.23,48,True,Tardía,"Tráfico alto, Carga pesada"
1674,71,9,53,12,2026-01-12,16:31:00,2026-01-12,04:09:00,2026-01-13,04:33:00,0.5,27,437.83,35.8,25.07,2955.15,897.51,3852.66,24,True,Tardía,Distancia larga
1675,80,29,5,28,2026-07-04,20:05:00,2026-07-04,03:06:00,2026-07-05,03:06:00,4.42,42,276.92,28.94,25.73,2662.6,744.63,3407.23,0,False,Entregada,Entrega realizada en tiempo
1676,44,2,3,49,2026-01-03,05:49:00,2026-01-03,20:20:00,2026-01-03,20:20:00,7.2,4,393.91,79.42,25.89,3221.55,2056.18,5277.73,0,False,Entregada,Entrega realizada en tiempo
1677,11,21,11,49,2026-07-10,07:05:00,2026-07-10,21:36:00,2026-07-10,22:29:00,1.75,25,406.62,56.87,26.15,2908.1,1487.15,4395.25,53,True,Tardía,"Hora pico, Distancia larga, Carga pesada"
1678,96,39,2,47,2026-02-08,14:20:00,2026-02-08,02:04:00,2026-02-09,02:04:00,3.53,49,356.65,28.79,26.18,3028.25,753.72,3781.97,0,False,Entregada,Entrega realizada en tiempo
1679,65,19,49,19,2026-03-08,09:05:00,2026-03-08,21:46:00,2026-03-08,21:46:00,1.47,70,339.75,33.47,25.4,2905.75,850.14,3755.89,0,False,Entregada,Entrega realizada en tiempo
1680,74,35,31,19,2026-05-06,19:58:00,2026-05-06,08:39:00,2026-05-07,09:25:00,0.43,10,361.78,48.82,24.26,2431.9,1184.37,3616.27,46,True,Tardía,"Hora pico, Distancia larga"
1681,61,3,33,28,2026-04-30,05:02:00,2026-04-30,12:03:00,2026-04-30,12:21:00,6.02,77,283.68,60.88,26.54,3136.4,1615.76,4752.16,18,True,Tardía,Incidencia operativa
1682,49,23,41,22,2026-01-23,14:46:00,2026-01-23,22:25:00,2026-01-23,23:07:00,1.63,67,321.18,58.82,25.25,2804.9,1485.2,4290.1,42,True,Tardía,"Distancia larga, Carga pesada"
1683,31,27,10,18,2026-05-11,10:20:00,2026-05-11,02:28:00,2026-05-12,02:28:00,6.93,48,389.55,50.07,24.46,3524.75,1224.71,4749.46,0,False,Entregada,Entrega realizada en tiempo
1684,22,37,25,47,2026-01-11,20:45:00,2026-01-11,08:29:00,2026-01-12,08:29:00,0.23,6,338.98,36.14,23.21,2265.9,838.81,3104.71,0,False,Entregada,Entrega realizada en tiempo
1685,27,16,27,39,2026-08-08,20:29:00,2026-08-08,04:52:00,2026-08-09,04:52:00,8.78,80,228.17,20.5,26.99,3158.85,553.29,3712.14,0,False,Entregada,Entrega realizada en tiempo
1686,99,40,50,41,2026-08-08,19:11:00,2026-08-08,02:27:00,2026-08-09,02:51:00,0.41,17,177.24,27.69,26.71,1563.2,739.6,2302.8,24,True,Tardía,Hora pico
1687,51,17,54,34,2026-02-01,20:58:00,2026-02-01,00:49:00,2026-02-02,00:49:00,0.6,68,103.69,18.42,24.05,1622.45,443.0,2065.45,0,False,Entregada,Entrega realizada en tiempo
1688,94,17,55,42,2026-02-15,20:30:00,2026-02-15,23:41:00,2026-02-15,23:41:00,0.24,64,101.7,18.06,24.0,1544.5,433.44,1977.94,0,False,Entregada,Entrega realizada en tiempo
1689,25,25,46,49,2026-02-18,19:41:00,2026-02-18,10:12:00,2026-02-19,10:45:00,1.41,9,394.75,83.99,23.57,2686.75,1979.64,4666.39,33,True,Tardía,"Hora pico, Distancia larga"
1690,52,40,44,19,2026-07-05,09:33:00,2026-07-05,22:14:00,2026-07-05,22:14:00,0.57,74,349.91,54.67,25.67,2898.55,1403.38,4301.93,0,False,Entregada,Entrega realizada en tiempo
1691,40,27,20,11,2026-01-06,10:56:00,2026-01-06,13:42:00,2026-01-06,13:42:00,5.3,54,76.38,9.82,23.52,1843.9,230.97,2074.87,0,False,Entregada,Entrega realizada en tiempo
1692,93,34,28,14,2026-01-27,12:49:00,2026-01-27,21:34:00,2026-01-27,21:45:00,3.41,33,284.65,23.64,26.29,2528.25,621.5,3149.75,11,True,Tardía,Incidencia operativa
1693,38,25,11,23,2026-07-12,14:48:00,2026-07-12,00:09:00,2026-07-13,00:09:00,1.56,38,282.72,60.15,23.17,2373.6,1393.68,3767.28,0,False,Entregada,Entrega realizada en tiempo
1694,52,15,47,44,2026-04-05,13:34:00,2026-04-05,15:44:00,2026-04-05,15:44:00,0.42,24,67.07,13.8,26.84,1069.35,370.39,1439.74,0,False,Entregada,Entrega realizada en tiempo
1695,94,2,43,6,2026-05-01,15:19:00,2026-05-01,16:13:00,2026-05-01,16:13:00,9.41,53,30.82,6.21,26.45,2019.1,164.25,2183.35,0,False,Entregada,Entrega realizada en tiempo
1696,66,37,53,34,2026-05-10,05:49:00,2026-05-10,09:40:00,2026-05-10,09:40:00,0.54,29,100.13,10.67,24.47,1286.65,261.09,1547.74,0,False,Entregada,Entrega realizada en tiempo
1697,72,33,34,12,2026-08-01,11:21:00,2026-08-01,22:59:00,2026-08-01,22:59:00,0.21,18,443.09,56.52,26.33,2880.45,1488.17,4368.62,0,False,Entregada,Entrega realizada en tiempo
1698,8,22,3,19,2026-06-25,06:54:00,2026-06-25,19:35:00,2026-06-25,20:02:00,0.9,38,392.68,37.98,26.88,2857.4,1020.9,3878.3,27,True,Tardía,Distancia larga
1699,46,13,54,34,2026-03-07,13:56:00,2026-03-07,17:47:00,2026-03-07,17:47:00,5.32,16,105.93,8.64,23.89,1689.65,206.41,1896.06,0,False,Entregada,Entrega realizada en tiempo
1700,19,7,6,7,2026-07-02,17:33:00,2026-07-02,21:44:00,2026-07-02,21:44:00,0.25,60,134.09,21.98,26.15,1675.45,574.78,2250.23,0,False,Entregada,Entrega realizada en tiempo
1701,70,4,39,13,2026-03-03,07:40:00,2026-03-03,19:23:00,2026-03-03,19:23:00,1.75,26,345.3,58.03,23.54,2609.5,1366.03,3975.53,0,False,Entregada,Entrega realizada en tiempo
1702,83,21,15,3,2026-08-14,16:54:00,2026-08-14,19:11:00,2026-08-14,19:11:00,0.61,5,63.07,8.82,26.82,916.35,236.55,1152.9,0,False,Entregada,Entrega realizada en tiempo
1703,97,40,49,33,2026-05-08,13:24:00,2026-05-08,22:18:00,2026-05-08,22:18:00,1.1,13,271.69,42.45,25.0,2072.45,1061.25,3133.7,0,False,Entregada,Entrega realizada en tiempo
1704,53,36,47,34,2026-01-03,05:58:00,2026-01-03,09:49:00,2026-01-03,09:49:00,1.6,24,118.44,13.97,23.11,1444.2,322.85,1767.05,0,False,Entregada,Entrega realizada en tiempo
1705,4,38,7,22,2026-07-19,16:07:00,2026-07-19,23:46:00,2026-07-20,00:28:00,13.28,71,335.17,28.48,25.75,4071.85,733.36,4805.21,42,True,Tardía,"Distancia larga, Carga pesada"
1706,43,31,41,45,2026-05-08,11:46:00,2026-05-08,14:27:00,2026-05-08,14:27:00,7.29,37,80.75,11.47,25.38,1928.75,291.11,2219.86,0,False,Entregada,Entrega realizada en tiempo
1707,93,27,59,1,2026-08-14,09:25:00,2026-08-14,15:44:00,2026-08-14,15:44:00,13.14,48,169.61,21.8,24.38,3046.05,531.48,3577.53,0,False,Entregada,Entrega realizada en tiempo
1708,8,5,20,39,2026-01-19,08:55:00,2026-01-19,17:18:00,2026-01-19,17:18:00,13.36,68,222.75,27.98,25.3,3493.75,707.89,4201.64,0,False,Entregada,Entrega realizada en tiempo
1709,14,35,19,15,2026-03-01,15:33:00,2026-03-01,17:56:00,2026-03-01,17:56:00,0.92,62,68.92,9.3,23.11,1432.6,214.92,1647.52,0,False,Entregada,Entrega realizada en tiempo
1710,18,27,13,11,2026-07-28,09:13:00,2026-07-28,11:59:00,2026-07-28,11:59:00,4.39,78,70.03,9.0,23.59,1913.15,212.31,2125.46,0,False,Entregada,Entrega realizada en tiempo
1711,31,29,18,22,2026-03-28,16:04:00,2026-03-28,23:43:00,2026-03-28,23:43:00,2.36,12,317.08,33.13,23.15,2417.4,766.96,3184.36,0,False,Entregada,Entrega realizada en tiempo
1712,96,19,9,34,2026-05-18,16:47:00,2026-05-18,20:38:00,2026-05-18,20:38:00,2.14,6,105.89,10.43,25.52,1291.45,266.17,1557.62,0,False,Entregada,Entrega realizada en tiempo
1713,100,22,16,32,2026-04-12,16:27:00,2026-04-12,04:31:00,2026-04-13,04:31:00,1.32,6,411.37,39.78,23.38,2736.85,930.06,3666.91,0,False,Entregada,Entrega realizada en tiempo
1714,96,9,28,50,2026-08-05,05:02:00,2026-08-05,13:02:00,2026-08-05,13:02:00,0.32,25,245.76,20.09,23.22,1960.8,466.49,2427.29,0,False,Entregada,Entrega realizada en tiempo
1715,27,24,25,26,2026-08-15,07:52:00,2026-08-15,13:51:00,2026-08-15,14:50:00,6.22,4,153.9,14.42,23.4,1923.5,337.43,2260.93,59,True,Tardía,"Tráfico alto, Hora pico, Carga pesada"
1716,23,14,17,22,2026-04-02,06:52:00,2026-04-02,14:31:00,2026-04-02,14:31:00,0.86,56,299.98,32.33,23.73,2533.9,767.19,3301.09,0,False,Entregada,Entrega realizada en tiempo
1717,74,7,32,41,2026-08-05,18:27:00,2026-08-05,01:43:00,2026-08-06,01:43:00,1.16,72,181.9,29.82,23.57,2101.5,702.86,2804.36,0,False,Entregada,Entrega realizada en tiempo
1718,27,34,54,17,2026-03-16,06:07:00,2026-03-16,12:25:00,2026-03-16,12:25:00,8.14,31,176.85,14.69,25.22,2446.25,370.48,2816.73,0,False,Entregada,Entrega realizada en tiempo
1719,68,29,50,13,2026-03-29,12:15:00,2026-03-29,23:58:00,2026-03-29,23:58:00,13.89,62,303.59,31.72,26.65,3902.95,845.34,4748.29,0,False,Entregada,Entrega realizada en tiempo
1720,95,34,9,27,2026-01-12,09:14:00,2026-01-12,20:57:00,2026-01-12,20:57:00,4.06,48,324.0,26.91,23.5,2910.0,632.38,3542.38,0,False,Entregada,Entrega realizada en tiempo
1721,14,24,29,45,2026-06-27,05:38:00,2026-06-27,08:19:00,2026-06-27,08:19:00,5.07,7,88.33,8.28,26.97,1504.65,223.31,1727.96,0,False,Entregada,Entrega realizada en tiempo
1722,75,5,52,19,2026-03-15,09:59:00,2026-03-15,22:40:00,2026-03-15,22:40:00,10.82,3,401.86,50.48,24.81,3615.3,1252.41,4867.71,0,False,Entregada,Entrega realizada en tiempo
1723,33,38,52,11,2026-04-14,16:49:00,2026-04-14,19:35:00,2026-04-14,19:35:00,12.28,80,75.77,6.44,24.5,2746.85,157.78,2904.63,0,False,Entregada,Entrega realizada en tiempo
1724,100,19,54,36,2026-06-14,17:05:00,2026-06-14,20:59:00,2026-06-14,22:10:00,0.61,67,91.48,9.01,24.54,1554.4,221.11,1775.51,71,True,Tardía,"Tráfico alto, Hora pico"
1725,73,16,10,22,2026-05-25,08:18:00,2026-05-25,15:57:00,2026-05-25,15:57:00,4.36,3,330.56,29.7,26.55,2612.8,788.53,3401.33,0,False,Entregada,Entrega realizada en tiempo
1726,73,40,51,13,2026-02-14,09:06:00,2026-02-14,20:49:00,2026-02-14,20:49:00,0.75,24,313.05,48.91,26.23,2332.25,1282.91,3615.16,0,False,Entregada,Entrega realizada en tiempo
1727,29,19,50,10,2026-07-18,16:25:00,2026-07-18,18:50:00,2026-07-18,18:50:00,6.78,73,89.35,8.8,26.75,2208.75,235.4,2444.15,0,False,Entregada,Entrega realizada en tiempo
1728,53,40,45,2,2026-05-23,18:09:00,2026-05-23,04:04:00,2026-05-24,04:04:00,1.41,51,296.16,46.27,24.83,2529.8,1148.88,3678.68,0,False,Entregada,Entrega realizada en tiempo
1729,54,2,42,29,2026-02-14,09:19:00,2026-02-14,14:33:00,2026-02-14,14:33:00,11.45,72,178.89,36.07,25.9,3115.45,934.21,4049.66,0,False,Entregada,Entrega realizada en tiempo
1730,67,39,15,21,2026-06-21,14:41:00,2026-06-21,21:44:00,2026-06-21,21:44:00,1.79,32,277.09,22.36,25.08,2320.45,560.79,2881.24,0,False,Entregada,Entrega realizada en tiempo
1731,85,36,49,2,2026-08-03,12:52:00,2026-08-03,22:47:00,2026-08-03,22:47:00,0.77,1,302.94,35.72,26.84,2099.7,958.72,3058.42,0,False,Entregada,Entrega realizada en tiempo
1732,85,8,10,45,2026-05-25,16:21:00,2026-05-25,19:02:00,2026-05-25,19:02:00,5.06,4,78.15,8.35,26.4,1428.75,220.44,1649.19,0,False,Entregada,Entrega realizada en tiempo
1733,19,26,38,49,2026-04-02,20:43:00,2026-04-02,11:14:00,2026-04-03,11:14:00,10.85,19,389.08,55.5,24.06,3682.4,1335.33,5017.73,0,False,Entregada,Entrega realizada en tiempo
1734,71,25,37,25,2026-03-30,16:40:00,2026-03-30,02:06:00,2026-03-31,02:06:00,3.33,10,342.08,72.78,23.87,2623.4,1737.26,4360.66,0,False,Entregada,Entrega realizada en tiempo
1735,72,31,52,28,2026-01-26,08:49:00,2026-01-26,15:50:00,2026-01-26,15:50:00,7.86,25,282.67,40.15,24.25,2899.35,973.64,3872.99,0,False,Entregada,Entrega realizada en tiempo
1736,44,8,17,13,2026-07-18,11:25:00,2026-07-18,23:08:00,2026-07-18,23:36:00,2.74,70,298.59,31.9,26.19,2826.95,835.46,3662.41,28,True,Tardía,Incidencia operativa
1737,40,33,18,41,2026-01-11,05:53:00,2026-01-11,13:09:00,2026-01-11,13:09:00,0.29,22,196.6,25.08,23.89,1688.0,599.16,2287.16,0,False,Entregada,Entrega realizada en tiempo
1738,1,33,28,39,2026-04-11,15:04:00,2026-04-11,23:27:00,2026-04-12,00:02:00,0.89,8,207.96,26.53,23.81,1692.8,631.68,2324.48,35,True,Tardía,Carga pesada
1739,11,13,53,40,2026-03-27,05:03:00,2026-03-27,22:05:00,2026-03-27,22:05:00,16.21,9,469.86,38.32,23.22,4542.3,889.79,5432.09,0,False,Entregada,Entrega realizada en tiempo
1740,83,18,6,19,2026-06-11,07:54:00,2026-06-11,20:35:00,2026-06-11,21:33:00,1.03,42,395.93,37.07,26.8,2918.65,993.48,3912.13,58,True,Tardía,"Hora pico, Distancia larga, Carga pesada"
1741,83,27,41,10,2026-01-13,14:14:00,2026-01-13,16:39:00,2026-01-13,16:39:00,7.81,36,85.57,11.0,26.58,1996.85,292.38,2289.23,0,False,Entregada,Entrega realizada en tiempo
1742,57,29,39,19,2026-04-11,09:03:00,2026-04-11,21:44:00,2026-04-11,21:44:00,24.73,58,365.98,38.24,25.9,5266.9,990.42,6257.32,0,False,Entregada,Entrega realizada en tiempo
1743,98,27,43,9,2026-06-02,08:22:00,2026-06-02,15:55:00,2026-06-02,15:55:00,4.59,3,177.39,22.8,23.37,1869.95,532.84,2402.79,0,False,Entregada,Entrega realizada en tiempo
1744,63,31,60,25,2026-01-13,09:36:00,2026-01-13,19:02:00,2026-01-13,19:42:00,21.32,78,362.19,51.45,26.75,5066.95,1376.29,6443.24,40,True,Tardía,"Hora pico, Distancia larga"
1745,87,35,17,5,2026-02-19,09:12:00,2026-02-19,19:08:00,2026-02-19,19:58:00,0.32,59,292.0,39.41,25.86,2464.0,1019.14,3483.14,50,True,Tardía,"Tráfico alto, Hora pico"
1746,22,13,23,26,2026-01-28,17:34:00,2026-01-28,23:33:00,2026-01-28,23:33:00,10.33,11,155.72,12.7,23.82,2399.6,302.51,2702.11,0,False,Entregada,Entrega realizada en tiempo
1747,22,7,6,39,2026-02-11,05:24:00,2026-02-11,13:47:00,2026-02-11,14:18:00,1.78,15,202.68,33.23,26.3,1811.4,873.95,2685.35,31,True,Tardía,Carga pesada
1748,86,21,9,30,2026-05-07,20:36:00,2026-05-07,01:44:00,2026-05-08,01:44:00,0.3,45,133.54,18.68,23.76,1557.7,443.84,2001.54,0,False,Entregada,Entrega realizada en tiempo
1749,58,5,58,43,2026-05-20,12:19:00,2026-05-20,03:46:00,2026-05-21,03:46:00,13.78,34,404.16,50.77,25.9,4170.8,1314.94,5485.74,0,False,Entregada,Entrega realizada en tiempo
1750,22,38,21,4,2026-02-06,15:18:00,2026-02-06,17:52:00,2026-02-06,18:05:00,9.94,66,105.86,8.99,24.72,2551.3,222.23,2773.53,13,True,Tardía,Incidencia operativa
1751,37,4,16,29,2026-02-22,11:53:00,2026-02-22,17:07:00,2026-02-22,17:07:00,0.44,14,175.36,29.47,25.14,1532.8,740.88,2273.68,0,False,Entregada,Entrega realizada en tiempo
1752,19,30,48,32,2026-06-20,19:10:00,2026-06-20,07:14:00,2026-06-21,08:01:00,7.44,24,365.12,31.37,26.51,3261.6,831.62,4093.22,47,True,Tardía,"Hora pico, Distancia larga"
1753,76,35,53,12,2026-01-27,09:16:00,2026-01-27,20:54:00,2026-01-27,20:54:00,1.28,67,442.45,59.71,24.68,3376.25,1473.64,4849.89,0,False,Entregada,Entrega realizada en tiempo
1754,74,35,22,48,2026-08-01,18:50:00,2026-08-01,00:03:00,2026-08-02,01:13:00,1.33,78,174.92,23.61,26.51,2131.6,625.9,2757.5,70,True,Tardía,"Tráfico alto, Hora pico, Carga pesada"
1755,66,12,35,44,2026-03-23,16:01:00,2026-03-23,18:11:00,2026-03-23,18:40:00,1.41,44,64.03,9.16,24.97,1313.15,228.73,1541.88,29,True,Tardía,Carga pesada
1756,90,38,35,47,2026-06-12,16:25:00,2026-06-12,04:09:00,2026-06-13,04:09:00,5.34,16,306.95,26.08,25.8,2696.75,672.86,3369.61,0,False,Entregada,Entrega realizada en tiempo
1757,52,32,16,26,2026-05-13,08:55:00,2026-05-13,14:54:00,2026-05-13,15:48:00,0.44,2,174.06,15.77,23.57,1430.3,371.7,1802.0,54,True,Tardía,"Tráfico alto, Hora pico"
1758,85,11,12,15,2026-06-11,14:20:00,2026-06-11,16:43:00,2026-06-11,17:05:00,2.06,21,59.75,12.5,25.71,1172.75,321.38,1494.13,22,True,Tardía,Incidencia operativa
1759,85,24,1,50,2026-03-27,20:28:00,2026-03-27,04:28:00,2026-03-28,04:28:00,4.18,14,240.02,22.49,24.62,2230.1,553.7,2783.8,0,False,Entregada,Entrega realizada en tiempo
1760,20,5,34,42,2026-07-17,09:04:00,2026-07-17,12:15:00,2026-07-17,13:24:00,10.82,74,94.91,11.92,26.02,2648.55,310.16,2958.71,69,True,Tardía,"Tráfico alto, Hora pico"
1761,6,36,38,35,2026-07-17,11:15:00,2026-07-17,14:49:00,2026-07-17,14:49:00,1.56,56,156.79,18.49,25.17,1887.95,465.39,2353.34,0,False,Entregada,Entrega realizada en tiempo
1762,70,2,11,9,2026-01-10,13:51:00,2026-01-10,21:24:00,2026-01-10,21:24:00,7.97,5,190.06,38.32,25.77,2287.3,987.51,3274.81,0,False,Entregada,Entrega realizada en tiempo
1763,30,35,28,47,2026-06-03,11:32:00,2026-06-03,23:16:00,2026-06-03,23:16:00,0.62,38,355.25,47.94,24.19,2642.25,1159.67,3801.92,0,False,Entregada,Entrega realizada en tiempo
1764,78,22,55,48,2026-06-06,19:35:00,2026-06-06,00:48:00,2026-06-07,00:48:00,0.64,9,173.15,16.75,24.13,1501.75,404.18,1905.93,0,False,Entregada,Entrega realizada en tiempo
1765,58,35,33,30,2026-07-27,06:44:00,2026-07-27,11:52:00,2026-07-27,12:07:00,0.3,57,130.33,17.59,23.94,1637.65,421.1,2058.75,15,True,Tardía,Incidencia operativa
1766,70,26,29,25,2026-05-03,09:34:00,2026-05-03,19:00:00,2026-05-03,20:01:00,7.19,24,364.8,52.04,24.52,3235.0,1276.02,4511.02,61,True,Tardía,"Hora pico, Distancia larga"
1767,10,40,5,47,2026-06-10,17:31:00,2026-06-10,05:15:00,2026-06-11,05:15:00,0.49,79,328.1,51.27,24.54,2821.5,1258.17,4079.67,0,False,Entregada,Entrega realizada en tiempo
1768,20,40,37,28,2026-05-10,18:45:00,2026-05-10,01:46:00,2026-05-11,01:46:00,1.27,20,294.7,46.05,23.52,2260.5,1083.1,3343.6,0,False,Entregada,Entrega realizada en tiempo
1769,67,37,13,32,2026-07-11,06:50:00,2026-07-11,18:54:00,2026-07-11,18:54:00,0.54,69,376.9,40.18,25.1,2990.5,1008.52,3999.02,0,False,Entregada,Entrega realizada en tiempo
1770,52,12,44,41,2026-07-22,10:23:00,2026-07-22,17:39:00,2026-07-22,17:39:00,0.58,7,210.93,30.18,26.53,1668.65,800.68,2469.33,0,False,Entregada,Entrega realizada en tiempo
1771,85,24,49,25,2026-04-08,13:43:00,2026-04-08,23:09:00,2026-04-08,23:09:00,0.97,59,370.85,34.76,23.12,2923.25,803.65,3726.9,0,False,Entregada,Entrega realizada en tiempo
1772,16,11,18,35,2026-02-15,13:54:00,2026-02-15,17:28:00,2026-02-15,17:28:00,2.98,48,148.66,31.1,23.73,1925.3,738.0,2663.3,0,False,Entregada,Entrega realizada en tiempo
1773,68,26,30,38,2026-04-11,09:08:00,2026-04-11,13:39:00,2026-04-11,13:39:00,0.67,46,187.25,26.71,25.45,1871.25,679.77,2551.02,0,False,Entregada,Entrega realizada en tiempo
1774,24,16,41,9,2026-06-24,20:47:00,2026-06-24,04:20:00,2026-06-25,04:20:00,8.19,74,182.99,16.44,26.16,2825.95,430.07,3256.02,0,False,Entregada,Entrega realizada en tiempo
1775,29,13,35,37,2026-01-27,13:25:00,2026-01-27,06:43:00,2026-01-28,07:13:00,14.54,22,492.24,40.15,25.13,4591.2,1008.97,5600.17,30,True,Tardía,Distancia larga
1776,44,31,12,22,2026-04-10,09:36:00,2026-04-10,17:15:00,2026-04-10,17:15:00,14.57,22,333.69,47.4,25.36,3801.45,1202.06,5003.51,0,False,Entregada,Entrega realizada en tiempo
1777,89,15,22,34,2026-06-05,14:06:00,2026-06-05,17:57:00,2026-06-05,17:57:00,0.26,29,107.44,22.11,26.76,1295.2,591.66,1886.86,0,False,Entregada,Entrega realizada en tiempo
1778,14,36,46,26,2026-04-05,14:01:00,2026-04-05,20:00:00,2026-04-05,20:00:00,0.39,63,171.52,20.23,26.83,1900.6,542.77,2443.37,0,False,Entregada,Entrega realizada en tiempo
1779,72,21,2,40,2026-03-24,18:49:00,2026-03-24,11:51:00,2026-03-25,11:51:00,1.65,37,470.13,65.75,23.9,3311.65,1571.42,4883.07,0,False,Entregada,Entrega realizada en tiempo
1780,25,20,41,40,2026-01-31,19:52:00,2026-01-31,12:54:00,2026-02-01,13:47:00,1.16,74,443.45,60.17,23.66,3425.25,1423.62,4848.87,53,True,Tardía,"Hora pico, Distancia larga"
1781,26,34,54,46,2026-03-27,10:17:00,2026-03-27,01:07:00,2026-03-28,01:39:00,4.71,5,409.44,34.01,24.58,3058.2,835.97,3894.17,32,True,Tardía,Distancia larga
1782,12,21,19,30,2026-01-28,13:52:00,2026-01-28,19:00:00,2026-01-28,19:23:00,1.49,42,139.03,19.44,24.46,1680.15,475.5,2155.65,23,True,Tardía,Carga pesada
1783,28,27,31,47,2026-08-05,19:06:00,2026-08-05,06:50:00,2026-08-06,06:50:00,8.42,31,327.61,42.11,24.79,3228.05,1043.91,4271.96,0,False,Entregada,Entrega realizada en tiempo
1784,41,3,2,40,2026-03-10,08:44:00,2026-03-10,01:46:00,2026-03-11,02:20:00,3.11,14,421.84,90.52,23.71,3032.2,2146.23,5178.43,34,True,Tardía,"Hora pico, Distancia larga"
1785,50,40,34,8,2026-06-28,19:30:00,2026-06-28,22:58:00,2026-06-28,23:32:00,0.67,72,98.08,15.32,23.03,1633.4,352.82,1986.22,34,True,Tardía,Hora pico
1786,47,9,16,33,2026-05-15,20:54:00,2026-05-15,05:48:00,2026-05-16,05:48:00,0.63,45,289.95,23.71,26.56,2372.75,629.74,3002.49,0,False,Entregada,Entrega realizada en tiempo
1787,43,36,52,50,2026-04-20,16:03:00,2026-04-20,00:03:00,2026-04-21,00:03:00,0.32,42,246.85,29.11,25.33,2102.25,737.36,2839.61,0,False,Entregada,Entrega realizada en tiempo
1788,54,29,35,29,2026-03-13,12:55:00,2026-03-13,18:09:00,2026-03-13,18:09:00,5.16,22,174.8,18.27,25.82,2066.0,471.73,2537.73,0,False,Entregada,Entrega realizada en tiempo
1789,66,22,48,43,2026-03-13,20:40:00,2026-03-13,12:07:00,2026-03-14,12:07:00,1.31,44,404.96,39.16,24.69,3007.8,966.86,3974.66,0,False,Entregada,Entrega realizada en tiempo
1790,47,21,51,46,2026-08-04,12:11:00,2026-08-04,03:01:00,2026-08-05,03:38:00,0.85,65,390.77,54.65,26.87,3058.85,1468.45,4527.3,37,True,Tardía,Distancia larga
1791,89,28,22,2,2026-02-04,05:56:00,2026-02-04,15:51:00,2026-02-04,16:57:00,8.04,6,310.38,45.51,25.59,2903.9,1164.6,4068.5,66,True,Tardía,"Tráfico alto, Distancia larga, Carga pesada"
1792,30,5,16,9,2026-06-14,08:51:00,2026-06-14,16:24:00,2026-06-14,16:24:00,4.45,42,195.71,24.59,23.28,2259.55,572.46,2832.01,0,False,Entregada,Entrega realizada en tiempo
1793,1,21,22,31,2026-01-09,19:13:00,2026-01-09,02:45:00,2026-01-10,02:45:00,1.33,55,215.8,30.18,23.73,2152.0,716.17,2868.17,0,False,Entregada,Entrega realizada en tiempo
1794,13,19,20,19,2026-08-06,19:33:00,2026-08-06,08:14:00,2026-08-07,09:26:00,1.84,79,400.56,39.46,23.58,3318.8,930.47,4249.27,72,True,Tardía,"Hora pico, Distancia larga"
1795,89,15,28,29,2026-06-13,17:46:00,2026-06-13,23:00:00,2026-06-13,23:00:00,1.06,38,201.86,41.53,23.6,1919.3,980.11,2899.41,0,False,Entregada,Entrega realizada en tiempo
1796,1,9,24,33,2026-07-09,09:58:00,2026-07-09,18:52:00,2026-07-09,19:41:00,0.6,48,288.43,23.58,26.22,2386.15,618.27,3004.42,49,True,Tardía,"Tráfico alto, Hora pico"
1797,23,35,52,7,2026-07-08,08:12:00,2026-07-08,12:23:00,2026-07-08,13:01:00,0.66,9,129.19,17.43,26.51,1283.95,462.07,1746.02,38,True,Tardía,Hora pico
1798,83,1,41,20,2026-06-09,07:03:00,2026-06-09,08:36:00,2026-06-09,08:36:00,0.98,49,60.98,5.89,26.54,1294.9,156.32,1451.22,0,False,Entregada,Entrega realizada en tiempo
1799,67,16,27,17,2026-05-06,09:13:00,2026-05-06,15:31:00,2026-05-06,15:31:00,8.59,71,186.55,16.76,23.1,2859.75,387.16,3246.91,0,False,Entregada,Entrega realizada en tiempo
1800,22,31,26,34,2026-06-30,07:42:00,2026-06-30,11:33:00,2026-06-30,12:04:00,21.27,59,101.8,14.46,24.92,3608.0,360.34,3968.34,31,True,Tardía,Hora pico
1801,42,17,48,24,2026-05-24,11:30:00,2026-05-24,20:07:00,2026-05-24,21:08:00,0.94,18,317.78,56.44,25.47,2326.9,1437.53,3764.43,61,True,Tardía,"Tráfico alto, Distancia larga, Carga pesada"
1802,66,30,25,43,2026-05-22,10:46:00,2026-05-22,02:13:00,2026-05-23,03:20:00,10.97,14,437.87,37.62,25.58,3898.35,962.32,4860.67,67,True,Tardía,"Tráfico alto, Distancia larga, Carga pesada"
1803,23,5,30,44,2026-02-25,09:28:00,2026-02-25,11:38:00,2026-02-25,11:38:00,7.17,28,70.01,8.8,25.62,1791.05,225.46,2016.51,0,False,Entregada,Entrega realizada en tiempo
1804,24,2,21,12,2026-02-14,08:36:00,2026-02-14,20:14:00,2026-02-14,20:14:00,4.29,73,444.47,89.61,23.86,3735.35,2138.09,5873.44,0,False,Entregada,Entrega realizada en tiempo
1805,53,11,7,47,2026-04-20,13:42:00,2026-04-20,01:26:00,2026-04-21,02:11:00,2.17,75,336.61,70.42,23.95,3000.05,1686.56,4686.61,45,True,Tardía,"Tráfico alto, Distancia larga"
1806,22,21,42,24,2026-06-29,10:50:00,2026-06-29,19:27:00,2026-06-29,19:27:00,0.68,74,319.74,44.72,25.16,2758.7,1125.16,3883.86,0,False,Entregada,Entrega realizada en tiempo
1807,41,36,20,18,2026-04-17,08:31:00,2026-04-17,00:39:00,2026-04-18,00:39:00,0.74,60,388.66,45.83,26.53,2997.3,1215.87,4213.17,0,False,Entregada,Entrega realizada en tiempo
1808,29,11,52,26,2026-03-16,10:01:00,2026-03-16,16:00:00,2026-03-16,16:00:00,1.31,74,152.13,31.83,26.46,1983.65,842.22,2825.87,0,False,Entregada,Entrega realizada en tiempo
1809,74,32,40,46,2026-07-05,08:11:00,2026-07-05,23:01:00,2026-07-05,23:01:00,4.57,58,454.14,41.14,26.39,3691.7,1085.68,4777.38,0,False,Entregada,Entrega realizada en tiempo
1810,75,29,1,12,2026-05-27,09:28:00,2026-05-27,21:06:00,2026-05-27,21:57:00,10.99,9,435.27,45.48,26.04,3847.35,1184.3,5031.65,51,True,Tardía,"Hora pico, Distancia larga"
1811,64,8,14,32,2026-07-01,13:08:00,2026-07-01,01:12:00,2026-07-02,01:12:00,2.22,75,392.24,41.91,26.78,3283.2,1122.35,4405.55,0,False,Entregada,Entrega realizada en tiempo
1812,67,16,9,10,2026-01-08,08:08:00,2026-01-08,10:33:00,2026-01-08,10:33:00,15.98,47,90.16,8.1,26.16,2924.8,211.9,3136.7,0,False,Entregada,Entrega realizada en tiempo
1813,7,36,13,12,2026-01-10,06:16:00,2026-01-10,17:54:00,2026-01-10,17:54:00,0.86,71,439.63,51.84,26.24,3352.15,1360.28,4712.43,0,False,Entregada,Entrega realizada en tiempo
1814,88,30,34,33,2026-05-10,17:22:00,2026-05-10,02:16:00,2026-05-11,02:16:00,3.59,27,307.76,26.44,25.89,2613.8,684.53,3298.33,0,False,Entregada,Entrega realizada en tiempo
1815,48,33,23,12,2026-03-02,20:25:00,2026-03-02,08:03:00,2026-03-03,08:03:00,0.22,8,425.35,54.25,26.69,2712.75,1447.93,4160.68,0,False,Entregada,Entrega realizada en tiempo
1816,99,3,13,2,2026-03-13,12:15:00,2026-03-13,22:10:00,2026-03-13,22:10:00,7.72,50,318.04,68.25,26.26,3262.2,1792.25,5054.45,0,False,Entregada,Entrega realizada en tiempo
1817,74,21,8,30,2026-01-18,14:53:00,2026-01-18,20:01:00,2026-01-18,20:01:00,0.39,21,142.12,19.88,26.49,1417.6,526.62,1944.22,0,False,Entregada,Entrega realizada en tiempo
1818,74,6,2,50,2026-02-08,09:49:00,2026-02-08,17:49:00,2026-02-08,17:49:00,0.43,76,257.76,37.68,25.66,2439.8,966.87,3406.67,0,False,Entregada,Entrega realizada en tiempo
1819,12,20,13,31,2026-03-12,19:12:00,2026-03-12,02:44:00,2026-03-13,02:44:00,2.99,8,191.19,25.94,23.79,1818.95,617.11,2436.06,0,False,Entregada,Entrega realizada en tiempo
1820,1,37,27,31,2026-01-22,09:43:00,2026-01-22,17:15:00,2026-01-22,17:15:00,0.68,76,195.35,20.83,25.43,2152.75,529.71,2682.46,0,False,Entregada,Entrega realizada en tiempo
1821,15,10,26,4,2026-06-12,08:46:00,2026-06-12,11:20:00,2026-06-12,11:43:00,3.15,20,98.62,9.89,26.47,1468.1,261.79,1729.89,23,True,Tardía,Hora pico
1822,90,30,27,30,2026-07-12,08:03:00,2026-07-12,13:11:00,2026-07-12,13:11:00,5.53,15,137.59,11.82,25.98,1860.95,307.08,2168.03,0,False,Entregada,Entrega realizada en tiempo
1823,12,8,8,25,2026-04-14,08:08:00,2026-04-14,17:34:00,2026-04-14,18:35:00,5.45,24,315.42,33.7,25.89,2814.1,872.49,3686.59,61,True,Tardía,"Hora pico, Distancia larga, Carga pesada"
1824,85,34,49,29,2026-03-05,09:59:00,2026-03-05,15:13:00,2026-03-05,15:13:00,3.42,80,172.79,14.35,23.86,2345.95,342.39,2688.34,0,False,Entregada,Entrega realizada en tiempo
1825,38,37,13,28,2026-04-08,13:13:00,2026-04-08,20:14:00,2026-04-08,20:29:00,0.21,69,286.14,30.51,24.82,2503.7,757.26,3260.96,15,True,Tardía,Incidencia operativa
1826,86,20,50,34,2026-01-27,08:48:00,2026-01-27,12:39:00,2026-01-27,13:05:00,7.75,37,102.14,13.86,23.09,2081.7,320.03,2401.73,26,True,Tardía,Hora pico
1827,72,26,41,34,2026-02-05,13:55:00,2026-02-05,17:46:00,2026-02-05,17:46:00,3.59,2,99.25,14.16,24.31,1371.25,344.23,1715.48,0,False,Entregada,Entrega realizada en tiempo
1828,18,10,39,19,2026-04-07,08:01:00,2026-04-07,20:42:00,2026-04-07,21:36:00,15.56,76,406.85,40.81,26.36,4698.25,1075.75,5774.0,54,True,Tardía,"Hora pico, Distancia larga"
1829,9,1,52,14,2026-07-03,14:08:00,2026-07-03,22:53:00,2026-07-03,22:53:00,0.4,75,257.78,24.88,23.07,2428.9,573.98,3002.88,0,False,Entregada,Entrega realizada en tiempo
1830,13,15,30,8,2026-02-06,11:12:00,2026-02-06,14:40:00,2026-02-06,14:40:00,1.0,55,107.83,22.19,25.2,1579.15,559.19,2138.34,0,False,Entregada,Entrega realizada en tiempo
1831,70,24,25,20,2026-07-15,08:13:00,2026-07-15,09:46:00,2026-07-15,09:46:00,2.92,4,53.94,5.06,23.3,1093.7,117.9,1211.6,0,False,Entregada,Entrega realizada en tiempo
1832,96,10,2,10,2026-05-04,06:27:00,2026-05-04,08:52:00,2026-05-04,08:52:00,0.92,16,84.26,8.45,23.65,1141.3,199.84,1341.14,0,False,Entregada,Entrega realizada en tiempo
1833,30,36,32,18,2026-01-16,09:38:00,2026-01-16,01:46:00,2026-01-17,02:34:00,0.85,80,387.8,45.73,26.45,3164.0,1209.56,4373.56,48,True,Tardía,"Hora pico, Distancia larga"
1834,3,27,15,9,2026-02-02,12:33:00,2026-02-02,20:06:00,2026-02-02,20:06:00,8.03,14,177.41,22.8,24.04,2302.05,548.11,2850.16,0,False,Entregada,Entrega realizada en tiempo
1835,21,1,15,45,2026-07-01,12:02:00,2026-07-01,14:43:00,2026-07-01,14:53:00,1.35,32,81.15,7.83,25.46,1296.75,199.35,1496.1,10,True,Tardía,Incidencia operativa
1836,52,32,37,50,2026-06-13,17:23:00,2026-06-13,01:23:00,2026-06-14,01:23:00,0.38,55,256.11,23.2,24.23,2258.55,562.14,2820.69,0,False,Entregada,Entrega realizada en tiempo
1837,9,24,29,38,2026-06-23,14:23:00,2026-06-23,18:54:00,2026-06-23,18:54:00,2.78,37,205.11,19.22,23.69,2099.55,455.32,2554.87,0,False,Entregada,Entrega realizada en tiempo
1838,32,17,31,7,2026-02-05,11:29:00,2026-02-05,15:40:00,2026-02-05,15:51:00,0.68,56,117.98,20.96,25.22,1605.9,528.61,2134.51,11,True,Tardía,Incidencia operativa
1839,99,8,52,33,2026-02-01,06:13:00,2026-02-01,15:07:00,2026-02-01,15:07:00,4.35,4,269.22,28.76,25.95,2313.1,746.32,3059.42,0,False,Entregada,Entrega realizada en tiempo
1840,53,36,15,7,2026-04-26,15:17:00,2026-04-26,19:28:00,2026-04-26,19:28:00,1.69,12,120.32,14.19,24.7,1366.6,350.49,1717.09,0,False,Entregada,Entrega realizada en tiempo
1841,6,35,1,34,2026-01-25,14:28:00,2026-01-25,18:19:00,2026-01-25,18:19:00,0.83,14,99.8,13.47,23.12,1194.0,311.43,1505.43,0,False,Entregada,Entrega realizada en tiempo
1842,93,7,22,46,2026-01-16,17:05:00,2026-01-16,07:55:00,2026-01-17,07:55:00,0.89,26,443.54,72.71,24.63,3014.7,1790.85,4805.55,0,False,Entregada,Entrega realizada en tiempo
1843,14,16,4,30,2026-07-02,10:21:00,2026-07-02,15:29:00,2026-07-02,15:29:00,15.98,11,124.28,11.17,26.25,2807.4,293.21,3100.61,0,False,Entregada,Entrega realizada en tiempo
1844,37,24,34,18,2026-05-06,12:12:00,2026-05-06,04:20:00,2026-05-07,04:41:00,1.67,52,451.8,42.34,23.07,3342.0,976.78,4318.78,21,True,Tardía,Distancia larga
1845,56,12,23,35,2026-08-09,19:43:00,2026-08-09,23:17:00,2026-08-09,23:17:00,1.36,46,136.38,19.51,25.81,1685.9,503.55,2189.45,0,False,Entregada,Entrega realizada en tiempo
1846,77,17,32,2,2026-02-22,08:35:00,2026-02-22,18:30:00,2026-02-22,19:32:00,0.6,1,297.53,52.85,23.63,2055.65,1248.85,3304.5,62,True,Tardía,"Tráfico alto, Hora pico"
1847,57,17,54,28,2026-04-11,16:52:00,2026-04-11,23:53:00,2026-04-12,00:27:00,0.97,20,255.57,45.39,25.1,2034.85,1139.29,3174.14,34,True,Tardía,Carga pesada
1848,18,31,2,3,2026-01-15,11:25:00,2026-01-15,13:42:00,2026-01-15,13:42:00,5.6,54,64.73,9.19,24.24,1815.65,222.77,2038.42,0,False,Entregada,Entrega realizada en tiempo
1849,43,38,2,49,2026-01-18,08:03:00,2026-01-18,22:34:00,2026-01-18,22:34:00,0.96,58,386.22,32.81,25.67,2991.1,842.23,3833.33,0,False,Entregada,Entrega realizada en tiempo
1850,16,17,3,2,2026-07-11,11:37:00,2026-07-11,21:32:00,2026-07-11,21:32:00,0.59,31,297.36,52.82,26.77,2293.8,1413.99,3707.79,0,False,Entregada,Entrega realizada en tiempo
1851,9,37,49,45,2026-08-08,11:36:00,2026-08-08,14:17:00,2026-08-08,14:17:00,0.55,1,84.73,9.03,25.67,986.65,231.8,1218.45,0,False,Entregada,Entrega realizada en tiempo
1852,91,5,21,12,2026-01-11,11:39:00,2026-01-11,23:17:00,2026-01-11,23:17:00,3.17,78,422.84,53.12,26.23,3555.2,1393.34,4948.54,0,False,Entregada,Entrega realizada en tiempo
1853,39,39,53,32,2026-04-12,19:31:00,2026-04-12,07:35:00,2026-04-13,07:35:00,6.93,29,398.68,32.18,23.79,3418.4,765.56,4183.96,0,False,Entregada,Entrega realizada en tiempo
1854,76,29,44,8,2026-07-28,16:24:00,2026-07-28,19:52:00,2026-07-28,19:52:00,4.4,78,93.07,9.73,24.17,2029.35,235.17,2264.52,0,False,Entregada,Entrega realizada en tiempo
1855,53,25,7,10,2026-02-25,18:18:00,2026-02-25,20:43:00,2026-02-25,20:43:00,3.12,7,80.89,17.21,25.28,1272.45,435.07,1707.52,0,False,Entregada,Entrega realizada en tiempo
1856,32,15,54,12,2026-07-15,13:27:00,2026-07-15,01:05:00,2026-07-16,01:45:00,0.58,24,431.4,88.77,25.33,2907.0,2248.54,5155.54,40,True,Tardía,Distancia larga
1857,15,40,29,1,2026-01-18,11:10:00,2026-01-18,17:29:00,2026-01-18,17:29:00,0.28,56,170.48,26.64,26.82,1828.4,714.48,2542.88,0,False,Entregada,Entrega realizada en tiempo
1858,18,2,14,30,2026-01-14,19:29:00,2026-01-14,00:37:00,2026-01-15,00:37:00,6.58,70,136.09,27.44,23.42,2398.45,642.64,3041.09,0,False,Entregada,Entrega realizada en tiempo
1859,53,4,54,11,2026-06-19,05:40:00,2026-06-19,08:26:00,2026-06-19,08:53:00,0.65,34,74.18,12.47,26.77,1207.9,333.82,1541.72,27,True,Tardía,Incidencia operativa
1860,11,16,24,44,2026-06-29,19:38:00,2026-06-29,21:48:00,2026-06-29,21:48:00,5.29,65,69.65,6.26,26.12,1897.25,163.51,2060.76,0,False,Entregada,Entrega realizada en tiempo
1861,58,10,58,8,2026-01-22,17:01:00,2026-01-22,20:29:00,2026-01-22,20:29:00,16.67,69,95.88,9.62,25.35,3198.4,243.87,3442.27,0,False,Entregada,Entrega realizada en tiempo
1862,38,33,2,5,2026-05-20,15:57:00,2026-05-20,01:53:00,2026-05-21,01:53:00,0.37,34,282.92,36.09,23.55,2223.6,849.92,3073.52,0,False,Entregada,Entrega realizada en tiempo
1863,98,8,29,23,2026-05-14,19:47:00,2026-05-14,05:08:00,2026-05-15,05:08:00,1.61,30,277.58,29.66,24.76,2288.9,734.38,3023.28,0,False,Entregada,Entrega realizada en tiempo
1864,65,24,29,1,2026-05-19,09:03:00,2026-05-19,15:22:00,2026-05-19,15:22:00,5.56,4,193.22,18.11,23.19,2054.1,419.97,2474.07,0,False,Entregada,Entrega realizada en tiempo
1865,61,21,31,43,2026-01-24,09:53:00,2026-01-24,01:20:00,2026-01-25,02:38:00,1.48,25,434.97,60.83,26.06,3022.85,1585.23,4608.08,78,True,Tardía,"Tráfico alto, Hora pico, Distancia larga, Carga pesada"
1866,86,6,60,11,2026-05-11,18:43:00,2026-05-11,21:29:00,2026-05-11,21:29:00,0.4,76,75.5,11.04,23.66,1525.5,261.21,1786.71,0,False,Entregada,Entrega realizada en tiempo
1867,86,28,36,33,2026-02-08,17:46:00,2026-02-08,02:40:00,2026-02-09,02:40:00,3.42,51,290.66,42.62,27.0,2703.3,1150.74,3854.04,0,False,Entregada,Entrega realizada en tiempo
1868,62,4,18,3,2026-05-31,14:14:00,2026-05-31,16:31:00,2026-05-31,16:31:00,0.83,16,56.83,9.55,26.16,995.15,249.83,1244.98,0,False,Entregada,Entrega realizada en tiempo
1869,75,28,8,23,2026-04-20,06:31:00,2026-04-20,15:52:00,2026-04-20,15:52:00,9.05,71,251.16,36.83,23.71,3228.8,873.24,4102.04,0,False,Entregada,Entrega realizada en tiempo
1870,37,36,36,15,2026-03-27,15:22:00,2026-03-27,17:45:00,2026-03-27,17:45:00,1.83,14,68.76,8.11,24.84,1138.8,201.45,1340.25,0,False,Entregada,Entrega realizada en tiempo
1871,85,26,12,19,2026-06-13,06:56:00,2026-06-13,19:37:00,2026-06-13,19:37:00,11.71,78,384.45,54.84,25.81,4217.25,1415.42,5632.67,0,False,Entregada,Entrega realizada en tiempo
1872,37,40,25,25,2026-05-20,10:46:00,2026-05-20,20:12:00,2026-05-20,20:12:00,0.97,34,366.44,57.26,24.72,2701.2,1415.47,4116.67,0,False,Entregada,Entrega realizada en tiempo
1873,35,29,33,20,2026-02-08,07:28:00,2026-02-08,09:01:00,2026-02-08,09:29:00,8.1,2,58.63,6.13,24.54,1619.15,150.43,1769.58,28,True,Tardía,Hora pico
1874,21,23,38,49,2026-03-04,16:17:00,2026-03-04,06:48:00,2026-03-05,06:48:00,1.17,70,380.22,69.64,23.0,3078.1,1601.72,4679.82,0,False,Entregada,Entrega realizada en tiempo
1875,74,15,18,35,2026-04-13,20:44:00,2026-04-13,00:18:00,2026-04-14,00:18:00,0.59,65,142.99,29.42,23.16,1793.95,681.37,2475.32,0,False,Entregada,Entrega realizada en tiempo
1876,56,9,17,26,2026-05-03,08:48:00,2026-05-03,14:47:00,2026-05-03,14:47:00,0.56,68,179.13,14.65,25.3,1995.65,370.65,2366.3,0,False,Entregada,Entrega realizada en tiempo
1877,55,2,40,5,2026-01-23,12:04:00,2026-01-23,22:00:00,2026-01-23,22:00:00,3.48,28,311.6,62.82,23.45,2630.0,1473.13,4103.13,0,False,Entregada,Entrega realizada en tiempo
1878,97,16,23,43,2026-07-13,09:52:00,2026-07-13,01:19:00,2026-07-14,01:19:00,13.7,27,471.0,42.32,23.43,4441.0,991.56,5432.56,0,False,Entregada,Entrega realizada en tiempo
1879,28,31,47,27,2026-01-01,13:11:00,2026-01-01,00:54:00,2026-01-02,01:27:00,14.41,32,331.04,47.02,25.23,3852.2,1186.31,5038.51,33,True,Tardía,Distancia larga
1880,13,26,22,50,2026-08-01,05:58:00,2026-08-01,13:58:00,2026-08-01,13:58:00,0.43,22,267.15,38.11,26.82,2054.75,1022.11,3076.86,0,False,Entregada,Entrega realizada en tiempo
1881,97,20,32,10,2026-03-09,08:39:00,2026-03-09,11:04:00,2026-03-09,11:04:00,0.7,13,89.26,12.11,25.6,1120.3,310.02,1430.32,0,False,Entregada,Entrega realizada en tiempo
1882,25,19,18,2,2026-07-21,16:25:00,2026-07-21,02:20:00,2026-07-22,02:20:00,7.58,9,295.0,29.06,25.96,2805.0,754.4,3559.4,0,False,Entregada,Entrega realizada en tiempo
1883,96,5,50,34,2026-02-02,11:38:00,2026-02-02,15:29:00,2026-02-02,15:29:00,4.07,69,114.66,14.4,25.19,2032.3,362.74,2395.04,0,False,Entregada,Entrega realizada en tiempo
1884,6,35,35,47,2026-01-01,15:29:00,2026-01-01,03:13:00,2026-01-02,04:02:00,0.49,71,359.08,48.46,24.08,2912.4,1166.92,4079.32,49,True,Tardía,"Tráfico alto, Distancia larga"
1885,67,7,51,15,2026-08-03,13:39:00,2026-08-03,16:02:00,2026-08-03,16:02:00,0.37,24,58.54,9.6,25.51,1021.7,244.9,1266.6,0,False,Entregada,Entrega realizada en tiempo
1886,34,35,28,40,2026-06-19,20:39:00,2026-06-19,13:41:00,2026-06-20,13:41:00,1.33,32,471.18,63.59,25.33,3244.9,1610.73,4855.63,0,False,Entregada,Entrega realizada en tiempo
1887,90,40,36,29,2026-03-21,19:24:00,2026-03-21,00:38:00,2026-03-22,00:38:00,1.33,73,180.77,28.25,26.57,2120.85,750.6,2871.45,0,False,Entregada,Entrega realizada en tiempo
1888,12,21,22,38,2026-03-08,13:51:00,2026-03-08,18:22:00,2026-03-08,18:22:00,1.25,7,191.51,26.78,25.45,1638.55,681.55,2320.1,0,False,Entregada,Entrega realizada en tiempo
1889,93,39,44,12,2026-01-15,18:23:00,2026-01-15,06:01:00,2026-01-16,06:01:00,5.24,32,431.63,34.84,24.53,3438.15,854.63,4292.78,0,False,Entregada,Entrega realizada en tiempo
1890,89,3,23,8,2026-01-19,18:05:00,2026-01-19,21:33:00,2026-01-19,21:33:00,6.76,55,98.38,21.11,23.25,2107.9,490.81,2598.71,0,False,Entregada,Entrega realizada en tiempo
1891,77,35,49,50,2026-05-23,15:13:00,2026-05-23,23:13:00,2026-05-23,23:13:00,0.52,54,264.76,35.73,24.64,2307.8,880.39,3188.19,0,False,Entregada,Entrega realizada en tiempo
1892,91,9,7,33,2026-05-29,11:20:00,2026-05-29,20:14:00,2026-05-29,20:14:00,0.34,48,291.79,23.86,24.52,2376.95,585.05,2962.0,0,False,Entregada,Entrega realizada en tiempo
1893,1,4,2,39,2026-06-17,12:51:00,2026-06-17,21:14:00,2026-06-17,21:14:00,0.74,18,219.44,36.88,26.89,1815.2,991.7,2806.9,0,False,Entregada,Entrega realizada en tiempo
1894,33,12,4,19,2026-04-07,15:43:00,2026-04-07,04:24:00,2026-04-08,04:24:00,1.13,36,353.13,50.52,25.96,2666.65,1311.5,3978.15,0,False,Entregada,Entrega realizada en tiempo
1895,72,40,28,28,2026-05-08,16:03:00,2026-05-08,23:04:00,2026-05-08,23:04:00,0.28,42,258.08,40.32,24.05,2154.4,969.7,3124.1,0,False,Entregada,Entrega realizada en tiempo
1896,2,20,21,28,2026-08-10,14:31:00,2026-08-10,21:32:00,2026-08-10,21:32:00,7.79,57,296.07,40.17,26.57,3215.35,1067.32,4282.67,0,False,Entregada,Entrega realizada en tiempo
1897,74,29,51,20,2026-07-16,13:14:00,2026-07-16,14:47:00,2026-07-16,14:47:00,1.43,25,61.62,6.44,26.22,1151.1,168.86,1319.96,0,False,Entregada,Entrega realizada en tiempo
1898,4,28,9,16,2026-08-08,14:16:00,2026-08-08,04:44:00,2026-08-09,04:44:00,3.24,52,425.79,62.43,26.13,3368.95,1631.3,5000.25,0,False,Entregada,Entrega realizada en tiempo
1899,82,12,50,27,2026-03-28,12:03:00,2026-03-28,23:46:00,2026-03-28,23:46:00,1.36,14,304.25,43.53,24.34,2269.25,1059.52,3328.77,0,False,Entregada,Entrega realizada en tiempo
1900,78,23,15,4,2026-01-03,16:10:00,2026-01-03,18:44:00,2026-01-03,18:58:00,0.93,24,95.46,17.48,24.18,1262.3,422.67,1684.97,14,True,Tardía,Incidencia operativa
1901,98,29,28,31,2026-06-27,18:19:00,2026-06-27,01:51:00,2026-06-28,02:35:00,2.43,52,189.35,19.79,23.27,2105.75,460.51,2566.26,44,True,Tardía,Hora pico
1902,4,7,6,12,2026-03-13,08:05:00,2026-03-13,19:43:00,2026-03-13,19:43:00,0.24,48,427.56,70.09,26.41,3045.8,1851.08,4896.88,0,False,Entregada,Entrega realizada en tiempo
1903,33,35,52,34,2026-06-13,15:03:00,2026-06-13,18:54:00,2026-06-13,18:54:00,0.69,1,110.15,14.87,26.92,1127.75,400.3,1528.05,0,False,Entregada,Entrega realizada en tiempo
1904,2,7,31,38,2026-05-13,15:30:00,2026-05-13,20:01:00,2026-05-13,20:01:00,0.48,64,180.82,29.64,23.51,1964.1,696.84,2660.94,0,False,Entregada,Entrega realizada en tiempo
1905,11,12,37,39,2026-08-14,14:28:00,2026-08-14,22:51:00,2026-08-14,22:51:00,1.03,2,233.32,33.38,24.09,1785.6,804.12,2589.72,0,False,Entregada,Entrega realizada en tiempo
1906,18,27,51,17,2026-08-07,09:40:00,2026-08-07,15:58:00,2026-08-07,16:21:00,0.88,55,191.95,24.67,23.21,1987.75,572.59,2560.34,23,True,Tardía,Hora pico
1907,68,17,15,48,2026-07-14,18:21:00,2026-07-14,23:34:00,2026-07-14,23:34:00,0.71,30,185.54,32.96,25.79,1738.7,850.04,2588.74,0,False,Entregada,Entrega realizada en tiempo
1908,94,25,56,49,2026-05-17,06:29:00,2026-05-17,21:00:00,2026-05-17,21:00:00,5.64,71,355.04,75.54,26.28,3407.2,1985.19,5392.39,0,False,Entregada,Entrega realizada en tiempo
1909,22,24,17,33,2026-02-14,12:08:00,2026-02-14,21:02:00,2026-02-14,21:02:00,0.78,16,286.88,26.89,25.78,2140.4,693.22,2833.62,0,False,Entregada,Entrega realizada en tiempo
1910,30,33,21,17,2026-04-03,11:03:00,2026-04-03,17:21:00,2026-04-03,17:21:00,0.46,5,192.87,24.6,24.72,1550.35,608.11,2158.46,0,False,Entregada,Entrega realizada en tiempo
1911,40,24,19,42,2026-04-30,13:47:00,2026-04-30,16:58:00,2026-04-30,16:58:00,2.84,19,90.9,8.52,26.38,1390.5,224.76,1615.26,0,False,Entregada,Entrega realizada en tiempo
1912,10,8,9,13,2026-02-09,17:18:00,2026-02-09,05:01:00,2026-02-10,05:01:00,4.38,69,306.42,32.74,25.95,3022.1,849.6,3871.7,0,False,Entregada,Entrega realizada en tiempo
1913,63,40,47,6,2026-04-26,17:57:00,2026-04-26,18:51:00,2026-04-26,18:51:00,0.9,51,29.56,4.62,23.97,1145.8,110.74,1256.54,0,False,Entregada,Entrega realizada en tiempo
1914,38,11,32,11,2026-01-08,09:55:00,2026-01-08,12:41:00,2026-01-08,12:41:00,3.86,72,76.25,15.95,25.74,1843.25,410.55,2253.8,0,False,Entregada,Entrega realizada en tiempo
1915,10,31,23,46,2026-01-04,20:03:00,2026-01-04,10:53:00,2026-01-05,10:53:00,17.48,9,431.41,61.28,24.55,4477.05,1504.42,5981.47,0,False,Entregada,Entrega realizada en tiempo
1916,32,3,17,22,2026-07-02,09:02:00,2026-07-02,16:41:00,2026-07-02,16:41:00,10.98,50,308.11,66.12,26.17,3538.55,1730.36,5268.91,0,False,Entregada,Entrega realizada en tiempo
1917,30,21,47,35,2026-05-09,08:17:00,2026-05-09,11:51:00,2026-05-09,11:51:00,0.2,80,141.35,19.77,24.32,1866.75,480.81,2347.56,0,False,Entregada,Entrega realizada en tiempo
1918,30,20,1,3,2026-08-08,08:32:00,2026-08-08,10:49:00,2026-08-08,10:49:00,2.93,9,63.66,8.64,24.59,1183.3,212.46,1395.76,0,False,Entregada,Entrega realizada en tiempo
1919,61,33,19,33,2026-01-18,16:22:00,2026-01-18,01:16:00,2026-01-19,01:55:00,0.68,23,286.48,36.54,24.05,2184.4,878.79,3063.19,39,True,Tardía,Tráfico alto
1920,55,4,53,35,2026-02-23,20:56:00,2026-02-23,00:30:00,2026-02-24,00:30:00,0.24,47,154.21,25.92,24.9,1671.05,645.41,2316.46,0,False,Entregada,Entrega realizada en tiempo
1921,80,14,29,46,2026-07-20,20:06:00,2026-07-20,10:56:00,2026-07-21,10:56:00,2.52,2,430.25,46.36,25.6,2919.25,1186.82,4106.07,0,False,Entregada,Entrega realizada en tiempo
1922,93,21,16,42,2026-06-02,08:09:00,2026-06-02,11:20:00,2026-06-02,11:20:00,1.06,69,94.6,13.23,25.01,1631.0,330.88,1961.88,0,False,Entregada,Entrega realizada en tiempo
1923,85,17,56,35,2026-07-08,15:51:00,2026-07-08,19:25:00,2026-07-08,19:25:00,0.32,80,136.35,24.22,24.7,1853.75,598.23,2451.98,0,False,Entregada,Entrega realizada en tiempo
1924,76,34,33,50,2026-02-09,06:19:00,2026-02-09,14:19:00,2026-02-09,14:19:00,7.02,41,271.95,22.59,25.81,2889.75,583.05,3472.8,0,False,Entregada,Entrega realizada en tiempo
1925,62,7,18,29,2026-06-24,08:16:00,2026-06-24,13:30:00,2026-06-24,13:30:00,1.25,49,172.9,28.34,26.24,1881.5,743.64,2625.14,0,False,Entregada,Entrega realizada en tiempo
1926,94,39,35,48,2026-04-08,11:11:00,2026-04-08,16:24:00,2026-04-08,17:07:00,3.56,35,191.3,15.44,25.59,2092.5,395.11,2487.61,43,True,Tardía,Tráfico alto
1927,76,29,11,34,2026-03-02,10:36:00,2026-03-02,14:27:00,2026-03-02,14:27:00,21.49,14,101.21,10.58,23.45,3267.05,248.1,3515.15,0,False,Entregada,Entrega realizada en tiempo
1928,83,36,32,2,2026-04-11,09:56:00,2026-04-11,19:51:00,2026-04-11,20:59:00,0.2,73,319.45,37.67,25.85,2701.25,973.77,3675.02,68,True,Tardía,"Tráfico alto, Hora pico, Distancia larga"
1929,72,14,11,10,2026-02-01,06:52:00,2026-02-01,09:17:00,2026-02-01,09:34:00,2.76,15,79.2,8.53,23.7,1292.0,202.16,1494.16,17,True,Tardía,Incidencia operativa
1930,1,2,5,45,2026-05-14,15:29:00,2026-05-14,18:10:00,2026-05-14,18:10:00,0.41,56,84.9,17.12,23.18,1413.5,396.84,1810.34,0,False,Entregada,Entrega realizada en tiempo
1931,4,33,54,41,2026-06-02,20:58:00,2026-06-02,04:14:00,2026-06-03,04:14:00,0.85,62,211.86,27.02,23.49,2140.3,634.7,2775.0,0,False,Entregada,Entrega realizada en tiempo
1932,71,6,53,19,2026-02-18,14:24:00,2026-02-18,03:05:00,2026-02-19,03:36:00,0.91,12,374.15,54.7,26.71,2557.75,1461.04,4018.79,31,True,Tardía,Distancia larga
1933,84,16,42,6,2026-05-31,19:48:00,2026-05-31,20:42:00,2026-05-31,20:42:00,1.87,7,28.75,2.58,24.11,886.75,62.2,948.95,0,False,Entregada,Entrega realizada en tiempo
1934,97,36,42,9,2026-02-19,13:19:00,2026-02-19,20:52:00,2026-02-19,20:52:00,0.83,53,199.61,23.54,25.35,2005.05,596.74,2601.79,0,False,Entregada,Entrega realizada en tiempo
1935,87,7,3,1,2026-02-20,05:29:00,2026-02-20,11:48:00,2026-02-20,11:48:00,0.83,52,177.8,29.15,23.01,1888.0,670.74,2558.74,0,False,Entregada,Entrega realizada en tiempo
1936,36,22,48,38,2026-04-08,17:53:00,2026-04-08,22:24:00,2026-04-08,22:24:00,0.33,10,181.5,17.55,26.61,1520.5,467.01,1987.51,0,False,Entregada,Entrega realizada en tiempo
1937,6,28,28,43,2026-04-10,16:17:00,2026-04-10,07:44:00,2026-04-11,08:52:00,1.06,12,416.37,61.05,24.2,2783.85,1477.41,4261.26,68,True,Tardía,"Tráfico alto, Distancia larga"
1938,12,6,46,15,2026-03-14,05:51:00,2026-03-14,08:14:00,2026-03-14,08:14:00,1.44,58,62.36,9.12,23.4,1419.8,213.41,1633.21,0,False,Entregada,Entrega realizada en tiempo
1939,79,38,18,50,2026-06-08,18:02:00,2026-06-08,02:02:00,2026-06-09,02:02:00,8.06,67,269.8,22.92,24.47,3191.0,560.85,3751.85,0,False,Entregada,Entrega realizada en tiempo
1940,72,13,28,27,2026-05-21,09:18:00,2026-05-21,21:01:00,2026-05-21,22:15:00,21.94,71,319.26,26.04,24.55,4858.3,639.28,5497.58,74,True,Tardía,"Hora pico, Distancia larga, Carga pesada"
1941,59,1,34,15,2026-05-19,16:35:00,2026-05-19,18:58:00,2026-05-19,18:58:00,1.39,72,60.95,5.88,25.54,1519.75,150.18,1669.93,0,False,Entregada,Entrega realizada en tiempo
1942,16,31,34,44,2026-06-19,18:50:00,2026-06-19,21:00:00,2026-06-19,21:26:00,8.01,79,63.68,9.05,26.21,2251.4,237.2,2488.6,26,True,Tardía,Hora pico
1943,55,12,24,30,2026-08-05,07:36:00,2026-08-05,12:44:00,2026-08-05,12:44:00,1.04,59,135.72,19.42,23.09,1754.6,448.41,2203.01,0,False,Entregada,Entrega realizada en tiempo
1944,77,16,9,2,2026-01-23,08:27:00,2026-01-23,18:22:00,2026-01-23,18:22:00,6.38,46,285.59,25.66,26.85,2933.95,688.97,3622.92,0,False,Entregada,Entrega realizada en tiempo
1945,67,37,36,12,2026-04-08,05:19:00,2026-04-08,16:57:00,2026-04-08,16:57:00,0.76,11,387.59,41.32,23.02,2601.95,951.19,3553.14,0,False,Entregada,Entrega realizada en tiempo
1946,74,24,60,9,2026-01-19,17:23:00,2026-01-19,00:56:00,2026-01-20,00:56:00,3.95,43,202.82,19.01,26.89,2253.1,511.18,2764.28,0,False,Entregada,Entrega realizada en tiempo
1947,16,30,32,30,2026-03-16,07:42:00,2026-03-16,12:50:00,2026-03-16,12:50:00,9.13,18,137.5,11.81,24.54,2244.5,289.82,2534.32,0,False,Entregada,Entrega realizada en tiempo
1948,24,5,7,35,2026-06-22,20:09:00,2026-06-22,23:43:00,2026-06-23,00:22:00,16.24,36,147.77,18.56,26.76,3150.85,496.67,3647.52,39,True,Tardía,Carga pesada
1949,56,18,12,11,2026-02-06,18:21:00,2026-02-06,21:07:00,2026-02-06,21:07:00,0.85,66,73.87,6.92,24.8,1482.35,171.62,1653.97,0,False,Entregada,Entrega realizada en tiempo
1950,91,17,47,47,2026-04-04,11:58:00,2026-04-04,23:42:00,2026-04-05,00:44:00,0.36,17,305.38,54.24,24.49,2198.9,1328.34,3527.24,62,True,Tardía,"Tráfico alto, Distancia larga"
1951,6,21,28,50,2026-05-10,08:00:00,2026-05-10,16:00:00,2026-05-10,16:41:00,0.64,74,249.14,34.84,26.32,2401.7,916.99,3318.69,41,True,Tardía,Hora pico
1952,91,37,2,47,2026-01-13,07:40:00,2026-01-13,19:24:00,2026-01-13,20:26:00,0.74,52,358.08,38.17,24.84,2780.4,948.14,3728.54,62,True,Tardía,"Tráfico alto, Hora pico, Distancia larga"
1953,28,9,18,31,2026-02-15,19:10:00,2026-02-15,02:42:00,2026-02-16,02:42:00,0.32,72,184.33,15.07,26.55,2029.65,400.11,2429.76,0,False,Entregada,Entrega realizada en tiempo
1954,36,1,4,6,2026-05-05,19:41:00,2026-05-05,20:35:00,2026-05-05,21:20:00,1.61,67,26.36,2.54,23.36,1328.8,59.33,1388.13,45,True,Tardía,"Hora pico, Carga pesada"
1955,54,5,25,35,2026-07-23,14:00:00,2026-07-23,17:34:00,2026-07-23,17:55:00,9.0,62,150.17,18.87,26.77,2646.85,505.15,3152.0,21,True,Tardía,Incidencia operativa
1956,83,4,6,8,2026-05-28,14:00:00,2026-05-28,17:28:00,2026-05-28,17:52:00,1.46,79,91.87,15.44,26.54,1737.35,409.78,2147.13,24,True,Tardía,Incidencia operativa
1957,14,6,21,12,2026-04-20,07:47:00,2026-04-20,19:25:00,2026-04-20,19:25:00,0.27,6,385.78,56.4,23.91,2503.9,1348.52,3852.42,0,False,Entregada,Entrega realizada en tiempo
1958,57,4,53,37,2026-02-04,09:02:00,2026-02-04,02:20:00,2026-02-05,02:20:00,1.56,5,455.51,76.56,26.24,2973.55,2008.93,4982.48,0,False,Entregada,Entrega realizada en tiempo
1959,76,21,44,1,2026-01-02,18:16:00,2026-01-02,00:35:00,2026-01-03,00:35:00,0.56,12,191.97,26.85,25.3,1611.85,679.31,2291.16,0,False,Entregada,Entrega realizada en tiempo
1960,40,36,46,21,2026-06-28,12:14:00,2026-06-28,19:17:00,2026-06-28,19:17:00,1.56,19,269.06,31.73,25.09,2153.3,796.11,2949.41,0,False,Entregada,Entrega realizada en tiempo
1961,53,38,36,37,2026-02-24,16:22:00,2026-02-24,09:40:00,2026-02-25,09:40:00,7.56,17,467.99,39.76,24.12,3731.95,959.01,4690.96,0,False,Entregada,Entrega realizada en tiempo
1962,61,8,27,47,2026-01-23,19:59:00,2026-01-23,07:43:00,2026-01-24,07:43:00,1.68,19,323.41,34.55,23.81,2437.05,822.64,3259.69,0,False,Entregada,Entrega realizada en tiempo
1963,40,35,6,14,2026-07-17,07:02:00,2026-07-17,15:47:00,2026-07-17,15:47:00,0.91,34,292.27,39.44,23.61,2324.35,931.18,3255.53,0,False,Entregada,Entrega realizada en tiempo
1964,100,36,43,40,2026-04-14,10:43:00,2026-04-14,03:45:00,2026-04-15,04:15:00,1.54,24,463.3,54.63,26.88,3162.5,1468.45,4630.95,30,True,Tardía,Distancia larga
1965,94,24,29,17,2026-05-15,10:21:00,2026-05-15,16:39:00,2026-05-15,16:39:00,4.94,20,174.07,16.31,23.24,2024.35,379.04,2403.39,0,False,Entregada,Entrega realizada en tiempo
1966,35,35,28,3,2026-07-10,16:28:00,2026-07-10,18:45:00,2026-07-10,18:45:00,0.94,25,61.36,8.28,23.88,1100.8,197.73,1298.53,0,False,Entregada,Entrega realizada en tiempo
1967,92,17,58,20,2026-05-19,19:12:00,2026-05-19,20:45:00,2026-05-19,20:45:00,0.37,71,61.26,10.88,23.71,1411.3,257.96,1669.26,0,False,Entregada,Entrega realizada en tiempo
1968,30,25,59,41,2026-08-06,12:25:00,2026-08-06,19:41:00,2026-08-06,19:41:00,6.25,18,189.62,40.34,24.32,2217.1,981.07,3198.17,0,False,Entregada,Entrega realizada en tiempo
1969,7,29,53,29,2026-03-12,06:25:00,2026-03-12,11:39:00,2026-03-12,11:39:00,25.08,47,169.96,17.76,24.34,4233.8,432.28,4666.08,0,False,Entregada,Entrega realizada en tiempo
1970,11,24,26,11,2026-02-22,09:46:00,2026-02-22,12:32:00,2026-02-22,12:32:00,2.25,2,66.13,6.2,25.16,1071.65,155.99,1227.64,0,False,Entregada,Entrega realizada en tiempo
1971,43,21,7,3,2026-05-07,12:46:00,2026-05-07,15:03:00,2026-05-07,15:03:00,1.39,4,64.14,8.97,25.4,991.7,227.84,1219.54,0,False,Entregada,Entrega realizada en tiempo
1972,30,7,6,7,2026-04-29,19:24:00,2026-04-29,23:35:00,2026-04-29,23:35:00,0.73,13,127.38,20.88,25.75,1313.9,537.66,1851.56,0,False,Entregada,Entrega realizada en tiempo
1973,19,22,52,19,2026-06-30,17:43:00,2026-06-30,06:24:00,2026-07-01,06:54:00,0.73,50,391.33,37.85,24.62,2929.65,931.87,3861.52,30,True,Tardía,"Hora pico, Distancia larga"
1974,80,24,59,15,2026-03-22,11:44:00,2026-03-22,14:07:00,2026-03-22,14:07:00,3.15,11,61.98,5.81,26.99,1212.9,156.81,1369.71,0,False,Entregada,Entrega realizada en tiempo
1975,11,9,12,29,2026-03-22,14:55:00,2026-03-22,20:09:00,2026-03-22,20:37:00,0.79,8,178.15,14.57,23.32,1533.75,339.77,1873.52,28,True,Tardía,Carga pesada
1976,15,22,14,47,2026-02-16,14:51:00,2026-02-16,02:35:00,2026-02-17,03:49:00,0.36,76,341.11,32.99,23.13,2849.55,763.06,3612.61,74,True,Tardía,"Tráfico alto, Distancia larga"
1977,37,3,54,32,2026-01-26,17:45:00,2026-01-26,05:49:00,2026-01-27,05:49:00,11.25,25,371.02,79.62,24.85,3680.1,1978.56,5658.66,0,False,Entregada,Entrega realizada en tiempo
1978,71,4,60,23,2026-07-01,14:41:00,2026-07-01,00:02:00,2026-07-02,00:02:00,0.34,4,260.53,43.79,25.67,1868.65,1124.09,2992.74,0,False,Entregada,Entrega realizada en tiempo
1979,9,4,1,26,2026-03-15,09:19:00,2026-03-15,15:18:00,2026-03-15,16:04:00,1.38,2,157.1,26.4,24.11,1439.5,636.5,2076.0,46,True,Tardía,"Tráfico alto, Hora pico"
1980,17,3,57,14,2026-04-20,06:32:00,2026-04-20,15:17:00,2026-04-20,15:17:00,7.7,79,297.43,63.83,26.04,3389.15,1662.13,5051.28,0,False,Entregada,Entrega realizada en tiempo
1981,9,5,35,20,2026-06-10,08:14:00,2026-06-10,09:47:00,2026-06-10,09:47:00,8.5,44,57.36,7.21,25.47,1988.8,183.64,2172.44,0,False,Entregada,Entrega realizada en tiempo
1982,23,35,23,23,2026-07-14,10:58:00,2026-07-14,20:19:00,2026-07-14,20:19:00,0.66,48,249.06,33.61,24.36,2195.3,818.74,3014.04,0,False,Entregada,Entrega realizada en tiempo
1983,6,24,25,5,2026-01-09,06:26:00,2026-01-09,16:22:00,2026-01-09,16:22:00,5.93,63,283.12,26.53,25.31,3012.6,671.47,3684.07,0,False,Entregada,Entrega realizada en tiempo
1984,83,2,26,37,2026-04-20,20:03:00,2026-04-20,13:21:00,2026-04-21,13:21:00,6.5,10,465.44,93.84,25.87,3557.2,2427.64,5984.84,0,False,Entregada,Entrega realizada en tiempo
1985,62,17,3,50,2026-06-28,10:30:00,2026-06-28,18:30:00,2026-06-28,18:30:00,0.59,65,258.99,46.0,25.72,2373.95,1183.12,3557.07,0,False,Entregada,Entrega realizada en tiempo
1986,92,14,43,13,2026-05-26,12:19:00,2026-05-26,00:02:00,2026-05-27,00:02:00,0.64,75,338.04,36.43,26.95,2854.2,981.79,3835.99,0,False,Entregada,Entrega realizada en tiempo
1987,29,2,1,26,2026-05-06,17:24:00,2026-05-06,23:23:00,2026-05-07,00:14:00,15.5,21,172.67,34.81,24.39,3081.35,849.02,3930.37,51,True,Tardía,"Tráfico alto, Hora pico, Carga pesada"
1988,2,5,32,14,2026-04-08,13:16:00,2026-04-08,22:01:00,2026-04-08,22:01:00,17.75,17,253.64,31.86,23.73,3679.2,756.04,4435.24,0,False,Entregada,Entrega realizada en tiempo
1989,14,30,35,17,2026-02-17,06:40:00,2026-02-17,12:58:00,2026-02-17,12:58:00,6.29,24,182.13,15.65,25.29,2231.65,395.79,2627.44,0,False,Entregada,Entrega realizada en tiempo
1990,100,10,15,15,2026-03-20,13:54:00,2026-03-20,16:17:00,2026-03-20,16:28:00,10.9,13,61.85,6.2,25.29,2003.25,156.8,2160.05,11,True,Tardía,Incidencia operativa
1991,83,27,54,44,2026-01-12,14:15:00,2026-01-12,16:25:00,2026-01-12,16:25:00,4.74,1,60.27,7.75,26.84,1283.35,208.01,1491.36,0,False,Entregada,Entrega realizada en tiempo
1992,72,27,33,17,2026-03-04,05:09:00,2026-03-04,11:27:00,2026-03-04,11:49:00,5.46,15,167.19,21.49,24.78,2001.95,532.52,2534.47,22,True,Tardía,Incidencia operativa
1993,18,40,60,1,2026-03-14,13:59:00,2026-03-14,20:18:00,2026-03-14,20:18:00,1.18,59,176.68,27.61,26.51,1973.4,731.94,2705.34,0,False,Entregada,Entrega realizada en tiempo
1994,73,36,51,35,2026-04-26,13:54:00,2026-04-26,17:28:00,2026-04-26,17:28:00,0.3,73,149.24,17.6,23.35,1860.2,410.96,2271.16,0,False,Entregada,Entrega realizada en tiempo
1995,76,38,50,28,2026-03-21,09:25:00,2026-03-21,16:26:00,2026-03-21,17:01:00,9.0,6,297.25,25.25,25.68,2934.25,648.42,3582.67,35,True,Tardía,Hora pico
1996,23,1,57,45,2026-02-06,17:23:00,2026-02-06,20:04:00,2026-02-06,20:04:00,1.04,46,81.77,7.89,23.31,1380.85,183.92,1564.77,0,False,Entregada,Entrega realizada en tiempo
1997,60,30,57,2,2026-06-27,08:00:00,2026-06-27,17:55:00,2026-06-27,18:48:00,10.44,57,309.4,26.58,23.72,3547.0,630.48,4177.48,53,True,Tardía,"Tráfico alto, Hora pico, Distancia larga"
1998,56,11,7,42,2026-07-23,09:04:00,2026-07-23,12:15:00,2026-07-23,12:15:00,0.52,46,98.75,20.66,25.1,1413.75,518.57,1932.32,0,False,Entregada,Entrega realizada en tiempo
1999,16,34,37,32,2026-07-05,05:43:00,2026-07-05,17:47:00,2026-07-05,17:47:00,7.64,47,372.36,30.93,24.73,3501.8,764.9,4266.7,0,False,Entregada,Entrega realizada en tiempo
2000,99,8,33,28,2026-02-24,20:23:00,2026-02-24,03:24:00,2026-02-25,03:24:00,1.93,43,258.74,27.64,23.33,2330.7,644.84,2975.54,0,False,Entregada,Entrega realizada en tiempo
2001,76,21,37,48,2026-04-29,18:10:00,2026-04-29,23:23:00,2026-04-30,00:06:00,0.43,13,180.96,25.31,26.0,1551.8,658.06,2209.86,43,True,Tardía,"Tráfico alto, Hora pico"
2002,99,22,59,16,2026-05-03,20:48:00,2026-05-03,11:16:00,2026-05-04,11:16:00,1.0,78,393.39,38.05,23.27,3190.95,885.42,4076.37,0,False,Entregada,Entrega realizada en tiempo
2003,49,39,10,33,2026-05-29,18:57:00,2026-05-29,03:51:00,2026-05-30,03:51:00,8.05,23,295.15,23.82,24.1,2964.75,574.06,3538.81,0,False,Entregada,Entrega realizada en tiempo
2004,40,4,43,7,2026-05-12,08:10:00,2026-05-12,12:21:00,2026-05-12,12:42:00,1.57,62,130.97,22.01,25.2,1807.85,554.65,2362.5,21,True,Tardía,Hora pico
2005,79,19,35,9,2026-06-10,10:08:00,2026-06-10,17:41:00,2026-06-10,17:53:00,0.8,20,194.75,19.19,24.11,1713.75,462.67,2176.42,12,True,Tardía,Incidencia operativa
2006,63,18,42,14,2026-07-07,08:59:00,2026-07-07,17:44:00,2026-07-07,17:44:00,0.76,68,288.68,27.03,23.26,2563.4,628.72,3192.12,0,False,Entregada,Entrega realizada en tiempo
2007,47,37,39,46,2026-02-20,05:43:00,2026-02-20,20:33:00,2026-02-20,20:33:00,0.89,17,399.42,42.58,25.94,2722.1,1104.53,3826.63,0,False,Entregada,Entrega realizada en tiempo
2008,17,3,41,14,2026-01-13,11:59:00,2026-01-13,20:44:00,2026-01-13,21:05:00,10.93,20,252.24,54.13,25.87,3014.2,1400.34,4414.54,21,True,Tardía,Carga pesada
2009,64,23,55,9,2026-06-28,08:15:00,2026-06-28,15:48:00,2026-06-28,15:48:00,1.57,48,213.16,39.04,23.17,2106.8,904.56,3011.36,0,False,Entregada,Entrega realizada en tiempo
2010,100,9,33,6,2026-04-17,13:56:00,2026-04-17,14:50:00,2026-04-17,14:50:00,0.31,7,29.69,2.43,24.58,735.45,59.73,795.18,0,False,Entregada,Entrega realizada en tiempo
2011,1,4,23,46,2026-07-23,10:59:00,2026-07-23,01:49:00,2026-07-24,01:49:00,0.29,57,409.62,68.84,24.42,3033.1,1681.07,4714.17,0,False,Entregada,Entrega realizada en tiempo
2012,75,7,40,35,2026-02-27,08:49:00,2026-02-27,12:23:00,2026-02-27,12:23:00,1.03,10,150.04,24.6,25.61,1433.2,630.01,2063.21,0,False,Entregada,Entrega realizada en tiempo
2013,77,6,27,44,2026-08-15,07:30:00,2026-08-15,09:40:00,2026-08-15,10:22:00,1.37,39,67.01,9.8,25.33,1284.05,248.23,1532.28,42,True,Tardía,"Hora pico, Carga pesada"
2014,68,14,8,2,2026-03-09,10:53:00,2026-03-09,20:48:00,2026-03-09,20:48:00,3.65,70,325.15,35.04,23.27,3050.75,815.38,3866.13,0,False,Entregada,Entrega realizada en tiempo
2015,50,26,11,10,2026-05-26,07:51:00,2026-05-26,10:16:00,2026-05-26,10:16:00,13.98,26,75.52,10.77,24.68,2483.6,265.8,2749.4,0,False,Entregada,Entrega realizada en tiempo
2016,2,33,4,24,2026-04-14,20:56:00,2026-04-14,05:33:00,2026-04-15,05:33:00,0.95,48,290.5,37.05,24.67,2431.5,914.02,3345.52,0,False,Entregada,Entrega realizada en tiempo
2017,51,30,49,3,2026-04-09,10:44:00,2026-04-09,13:01:00,2026-04-09,13:01:00,10.58,51,59.18,5.08,23.34,2261.9,118.57,2380.47,0,False,Entregada,Entrega realizada en tiempo
2018,66,26,24,24,2026-01-16,12:37:00,2026-01-16,21:14:00,2026-01-16,21:14:00,2.12,37,311.74,44.47,26.13,2566.7,1162.0,3728.7,0,False,Entregada,Entrega realizada en tiempo
2019,39,3,29,28,2026-04-11,09:43:00,2026-04-11,16:44:00,2026-04-11,16:44:00,7.54,40,271.29,58.22,23.75,2930.45,1382.72,4313.17,0,False,Entregada,Entrega realizada en tiempo
2020,29,37,27,23,2026-01-03,12:41:00,2026-01-03,22:02:00,2026-01-03,22:02:00,0.25,78,273.85,29.2,24.81,2518.25,724.45,3242.7,0,False,Entregada,Entrega realizada en tiempo
2021,17,11,25,9,2026-04-22,08:05:00,2026-04-22,15:38:00,2026-04-22,15:38:00,3.87,38,191.26,40.01,24.02,2147.3,961.04,3108.34,0,False,Entregada,Entrega realizada en tiempo
2022,53,9,59,48,2026-03-29,20:44:00,2026-03-29,01:57:00,2026-03-30,02:24:00,0.34,42,181.3,14.82,25.72,1776.5,381.17,2157.67,27,True,Tardía,Tráfico alto
2023,66,3,35,48,2026-05-07,08:47:00,2026-05-07,14:00:00,2026-05-07,14:00:00,0.75,80,194.5,41.74,23.59,2187.5,984.65,3172.15,0,False,Entregada,Entrega realizada en tiempo
2024,31,20,59,46,2026-01-22,15:16:00,2026-01-22,06:06:00,2026-01-23,06:38:00,10.55,29,424.13,57.55,26.55,3907.65,1527.95,5435.6,32,True,Tardía,Distancia larga
2025,93,19,30,12,2026-04-04,06:23:00,2026-04-04,18:01:00,2026-04-04,18:31:00,2.83,69,440.94,43.44,26.8,3539.7,1164.19,4703.89,30,True,Tardía,Distancia larga
2026,5,16,5,6,2026-06-30,14:54:00,2026-06-30,15:48:00,2026-06-30,15:48:00,11.07,68,30.26,2.72,23.11,2302.3,62.86,2365.16,0,False,Entregada,Entrega realizada en tiempo
2027,93,18,24,30,2026-07-19,15:58:00,2026-07-19,21:06:00,2026-07-19,21:06:00,0.76,73,138.27,12.95,25.0,1851.35,323.75,2175.1,0,False,Entregada,Entrega realizada en tiempo
2028,59,26,38,46,2026-07-04,11:46:00,2026-07-04,02:36:00,2026-07-05,02:36:00,8.88,43,410.31,58.53,24.44,3783.55,1430.47,5214.02,0,False,Entregada,Entrega realizada en tiempo
2029,31,28,24,37,2026-05-01,11:25:00,2026-05-01,04:43:00,2026-05-02,04:43:00,8.74,50,455.24,66.75,25.38,4050.2,1694.12,5744.32,0,False,Entregada,Entrega realizada en tiempo
2030,65,25,52,5,2026-04-21,09:57:00,2026-04-21,19:53:00,2026-04-21,20:42:00,6.78,36,272.46,57.97,24.48,2828.3,1419.11,4247.41,49,True,Tardía,"Tráfico alto, Hora pico"
2031,69,1,37,22,2026-08-03,12:32:00,2026-08-03,20:11:00,2026-08-03,20:11:00,1.12,12,324.95,31.37,23.74,2332.75,744.72,3077.47,0,False,Entregada,Entrega realizada en tiempo
2032,52,39,10,21,2026-07-21,14:36:00,2026-07-21,21:39:00,2026-07-21,21:39:00,1.75,49,270.07,21.8,26.38,2417.35,575.08,2992.43,0,False,Entregada,Entrega realizada en tiempo
2033,24,8,55,16,2026-01-04,17:55:00,2026-01-04,08:23:00,2026-01-05,09:15:00,3.74,36,449.01,47.97,24.06,3407.05,1154.16,4561.21,52,True,Tardía,"Hora pico, Distancia larga"
2034,50,8,60,19,2026-01-14,11:41:00,2026-01-14,00:22:00,2026-01-15,00:22:00,3.26,70,353.7,37.79,23.99,3154.5,906.58,4061.08,0,False,Entregada,Entrega realizada en tiempo
2035,21,27,53,8,2026-03-19,13:56:00,2026-03-19,17:24:00,2026-03-19,17:24:00,9.15,40,91.75,11.79,26.24,2193.75,309.37,2503.12,0,False,Entregada,Entrega realizada en tiempo
2036,58,37,27,15,2026-06-18,17:14:00,2026-06-18,19:37:00,2026-06-18,19:37:00,0.59,14,58.99,6.29,25.72,965.95,161.78,1127.73,0,False,Entregada,Entrega realizada en tiempo
2037,3,2,35,42,2026-06-25,08:31:00,2026-06-25,11:42:00,2026-06-25,11:42:00,3.2,68,91.99,18.55,26.68,1823.95,494.91,2318.86,0,False,Entregada,Entrega realizada en tiempo
2038,19,8,6,24,2026-07-06,20:28:00,2026-07-06,05:05:00,2026-07-07,05:05:00,2.46,12,288.4,30.81,25.23,2284.0,777.34,3061.34,0,False,Entregada,Entrega realizada en tiempo
2039,41,11,14,24,2026-07-28,11:47:00,2026-07-28,20:24:00,2026-07-28,20:24:00,1.82,23,316.06,66.12,26.62,2446.3,1760.11,4206.41,0,False,Entregada,Entrega realizada en tiempo
2040,59,17,18,44,2026-06-16,18:03:00,2026-06-16,20:13:00,2026-06-16,20:13:00,0.63,15,63.43,11.27,25.57,1000.15,288.17,1288.32,0,False,Entregada,Entrega realizada en tiempo
2041,21,2,45,34,2026-04-16,13:56:00,2026-04-16,17:47:00,2026-04-16,17:47:00,13.86,19,101.77,20.52,24.78,2546.85,508.49,3055.34,0,False,Entregada,Entrega realizada en tiempo
2042,58,9,37,28,2026-04-13,13:26:00,2026-04-13,20:27:00,2026-04-13,20:37:00,0.52,25,254.43,20.8,23.45,2024.15,487.76,2511.91,10,True,Tardía,Incidencia operativa
2043,8,3,60,49,2026-06-11,14:52:00,2026-06-11,05:23:00,2026-06-12,05:23:00,1.01,20,392.21,84.17,26.73,2722.05,2249.86,4971.91,0,False,Entregada,Entrega realizada en tiempo
2044,9,2,60,24,2026-03-25,19:42:00,2026-03-25,04:19:00,2026-03-26,05:17:00,9.41,6,338.06,68.16,23.26,3179.3,1585.4,4764.7,58,True,Tardía,"Tráfico alto, Hora pico, Distancia larga"
2045,24,21,30,43,2026-08-05,09:07:00,2026-08-05,00:34:00,2026-08-06,01:41:00,1.06,55,482.53,67.49,26.08,3458.65,1760.14,5218.79,67,True,Tardía,"Tráfico alto, Hora pico, Distancia larga"
2046,28,26,34,41,2026-06-27,07:31:00,2026-06-27,14:47:00,2026-06-27,14:47:00,0.91,22,179.95,25.67,23.79,1666.75,610.69,2277.44,0,False,Entregada,Entrega realizada en tiempo
2047,26,25,40,23,2026-03-31,08:33:00,2026-03-31,17:54:00,2026-03-31,18:28:00,0.68,51,252.65,53.76,25.58,2239.25,1375.18,3614.43,34,True,Tardía,Hora pico
2048,74,32,51,16,2026-03-30,08:46:00,2026-03-30,23:14:00,2026-03-30,23:14:00,2.62,48,439.39,39.8,24.41,3342.95,971.52,4314.47,0,False,Entregada,Entrega realizada en tiempo
2049,85,14,59,16,2026-02-07,09:09:00,2026-02-07,23:37:00,2026-02-08,00:27:00,0.53,57,463.86,49.98,23.01,3328.3,1150.04,4478.34,50,True,Tardía,"Hora pico, Distancia larga"
2050,47,31,45,45,2026-08-01,10:50:00,2026-08-01,13:31:00,2026-08-01,13:59:00,21.72,46,80.99,11.5,24.71,3444.95,284.17,3729.12,28,True,Tardía,Carga pesada
2051,65,23,3,31,2026-04-12,07:58:00,2026-04-12,15:30:00,2026-04-12,15:30:00,0.32,7,186.0,34.07,24.84,1518.0,846.3,2364.3,0,False,Entregada,Entrega realizada en tiempo
2052,66,12,25,39,2026-05-08,08:48:00,2026-05-08,17:11:00,2026-05-08,17:11:00,0.36,65,198.95,28.46,26.32,2050.75,749.07,2799.82,0,False,Entregada,Entrega realizada en tiempo
2053,26,25,3,7,2026-01-04,18:07:00,2026-01-04,22:18:00,2026-01-04,22:18:00,5.84,20,117.29,24.96,24.42,1830.45,609.52,2439.97,0,False,Entregada,Entrega realizada en tiempo
2054,71,15,58,36,2026-06-23,20:40:00,2026-06-23,00:34:00,2026-06-24,00:34:00,0.53,24,110.38,22.71,26.85,1296.9,609.76,1906.66,0,False,Entregada,Entrega realizada en tiempo
2055,64,28,60,46,2026-07-15,11:34:00,2026-07-15,02:24:00,2026-07-16,02:24:00,6.3,34,452.81,66.39,24.91,3666.05,1653.77,5319.82,0,False,Entregada,Entrega realizada en tiempo
2056,42,29,49,17,2026-02-03,08:13:00,2026-02-03,14:31:00,2026-02-03,14:31:00,4.09,28,174.66,18.25,26.93,2006.3,491.47,2497.77,0,False,Entregada,Entrega realizada en tiempo
2057,19,11,59,46,2026-05-11,05:40:00,2026-05-11,20:30:00,2026-05-11,20:30:00,2.46,14,383.51,80.23,24.17,2775.55,1939.16,4714.71,0,False,Entregada,Entrega realizada en tiempo
2058,20,23,36,43,2026-08-08,08:45:00,2026-08-08,00:12:00,2026-08-09,01:18:00,0.21,24,458.08,83.9,23.73,3003.4,1990.95,4994.35,66,True,Tardía,"Tráfico alto, Hora pico, Distancia larga"
2059,80,22,14,24,2026-06-17,06:57:00,2026-06-17,15:34:00,2026-06-17,16:41:00,1.06,50,310.0,29.98,23.27,2556.0,697.63,3253.63,67,True,Tardía,"Tráfico alto, Distancia larga"
2060,83,8,35,4,2026-03-11,15:43:00,2026-03-11,18:17:00,2026-03-11,18:17:00,3.07,63,103.52,11.06,26.31,1828.6,290.99,2119.59,0,False,Entregada,Entrega realizada en tiempo
2061,1,32,43,21,2026-02-28,20:19:00,2026-02-28,03:22:00,2026-03-01,03:22:00,0.31,16,285.55,25.87,24.3,2086.75,628.64,2715.39,0,False,Entregada,Entrega realizada en tiempo
2062,2,5,15,50,2026-04-09,09:25:00,2026-04-09,17:25:00,2026-04-09,17:25:00,3.46,8,232.61,29.22,24.15,2073.05,705.66,2778.71,0,False,Entregada,Entrega realizada en tiempo
2063,52,15,37,47,2026-05-02,14:24:00,2026-05-02,02:08:00,2026-05-03,03:07:00,1.08,9,342.06,70.38,24.27,2390.3,1708.12,4098.42,59,True,Tardía,"Tráfico alto, Distancia larga, Carga pesada"
2064,73,5,52,12,2026-06-10,07:23:00,2026-06-10,19:01:00,2026-06-10,19:01:00,13.59,12,402.45,50.56,25.88,3967.25,1308.49,5275.74,0,False,Entregada,Entrega realizada en tiempo
2065,10,5,37,50,2026-06-22,13:21:00,2026-06-22,21:21:00,2026-06-22,21:21:00,7.43,55,239.25,30.06,25.28,2879.25,759.92,3639.17,0,False,Entregada,Entrega realizada en tiempo
2066,86,6,37,47,2026-04-07,09:37:00,2026-04-07,21:21:00,2026-04-07,22:23:00,0.32,42,315.18,46.08,24.91,2443.9,1147.85,3591.75,62,True,Tardía,"Tráfico alto, Hora pico, Distancia larga"
2067,1,9,2,17,2026-02-13,16:10:00,2026-02-13,22:28:00,2026-02-13,23:10:00,0.71,2,184.71,15.1,23.38,1510.55,353.04,1863.59,42,True,Tardía,Carga pesada
2068,94,6,10,20,2026-01-19,09:36:00,2026-01-19,11:09:00,2026-01-19,11:09:00,0.89,32,58.71,8.58,24.72,1138.55,212.1,1350.65,0,False,Entregada,Entrega realizada en tiempo
2069,80,26,30,35,2026-05-26,17:25:00,2026-05-26,20:59:00,2026-05-26,20:59:00,13.57,5,135.74,19.36,25.09,2575.7,485.74,3061.44,0,False,Entregada,Entrega realizada en tiempo
2070,28,5,11,28,2026-05-06,18:14:00,2026-05-06,01:15:00,2026-05-07,01:15:00,5.36,11,269.65,33.88,26.94,2472.25,912.73,3384.98,0,False,Entregada,Entrega realizada en tiempo
2071,24,9,29,42,2026-04-10,05:29:00,2026-04-10,08:40:00,2026-04-10,08:40:00,0.7,44,106.67,8.72,26.86,1455.35,234.22,1689.57,0,False,Entregada,Entrega realizada en tiempo
2072,69,40,31,42,2026-05-20,16:22:00,2026-05-20,19:33:00,2026-05-20,19:33:00,0.52,31,104.48,16.32,26.74,1322.4,436.4,1758.8,0,False,Entregada,Entrega realizada en tiempo
2073,81,37,58,45,2026-06-27,12:12:00,2026-06-27,14:53:00,2026-06-27,14:53:00,0.93,15,79.83,8.51,25.52,1112.15,217.18,1329.33,0,False,Entregada,Entrega realizada en tiempo
2074,49,22,20,13,2026-01-08,19:43:00,2026-01-08,07:26:00,2026-01-09,07:26:00,0.73,75,313.49,30.32,23.73,2740.45,719.49,3459.94,0,False,Entregada,Entrega realizada en tiempo
2075,16,10,3,11,2026-01-31,07:22:00,2026-01-31,10:08:00,2026-01-31,10:08:00,18.19,4,67.84,6.8,24.95,2690.2,169.66,2859.86,0,False,Entregada,Entrega realizada en tiempo
2076,49,18,19,37,2026-06-13,17:51:00,2026-06-13,11:09:00,2026-06-14,11:09:00,0.91,37,437.43,40.96,25.84,3074.15,1058.41,4132.56,0,False,Entregada,Entrega realizada en tiempo
2077,1,9,27,36,2026-04-29,15:19:00,2026-04-29,19:13:00,2026-04-29,19:13:00,0.66,40,99.43,8.13,26.05,1383.15,211.79,1594.94,0,False,Entregada,Entrega realizada en tiempo
2078,64,26,20,37,2026-04-25,17:59:00,2026-04-25,11:17:00,2026-04-26,11:17:00,8.58,40,480.32,68.52,23.36,4079.6,1600.63,5680.23,0,False,Entregada,Entrega realizada en tiempo
2079,26,25,57,23,2026-04-20,06:16:00,2026-04-20,15:37:00,2026-04-20,16:00:00,8.95,43,287.52,61.17,23.98,3176.6,1466.86,4643.46,23,True,Tardía,Incidencia operativa
2080,41,15,31,13,2026-01-10,15:17:00,2026-01-10,03:00:00,2026-01-11,03:00:00,0.25,73,330.65,68.03,23.75,2762.25,1615.71,4377.96,0,False,Entregada,Entrega realizada en tiempo
2081,60,29,6,8,2026-08-14,14:08:00,2026-08-14,17:36:00,2026-08-14,17:36:00,4.02,73,98.13,10.25,23.89,1976.65,244.87,2221.52,0,False,Entregada,Entrega realizada en tiempo
2082,27,4,45,24,2026-06-01,17:46:00,2026-06-01,02:23:00,2026-06-02,03:17:00,1.48,2,309.51,52.02,24.85,2211.55,1292.7,3504.25,54,True,Tardía,"Tráfico alto, Hora pico, Distancia larga"
2083,87,14,28,20,2026-03-02,07:54:00,2026-03-02,09:27:00,2026-03-02,09:27:00,3.93,41,64.57,6.96,26.66,1543.85,185.55,1729.4,0,False,Entregada,Entrega realizada en tiempo
2084,80,36,54,37,2026-07-15,13:39:00,2026-07-15,06:57:00,2026-07-16,06:57:00,0.42,51,466.8,55.05,24.13,3284.0,1328.36,4612.36,0,False,Entregada,Entrega realizada en tiempo
2085,85,28,16,20,2026-03-26,11:55:00,2026-03-26,13:28:00,2026-03-26,13:28:00,3.73,38,54.87,8.05,24.23,1451.35,195.05,1646.4,0,False,Entregada,Entrega realizada en tiempo
2086,33,5,51,20,2026-06-06,08:25:00,2026-06-06,09:58:00,2026-06-06,09:58:00,3.12,73,64.04,8.05,25.36,1716.2,204.15,1920.35,0,False,Entregada,Entrega realizada en tiempo
2087,97,39,16,46,2026-08-08,11:17:00,2026-08-08,02:07:00,2026-08-09,02:07:00,7.55,75,449.47,36.28,23.91,4102.35,867.45,4969.8,0,False,Entregada,Entrega realizada en tiempo
2088,35,27,17,2,2026-05-15,20:10:00,2026-05-15,06:05:00,2026-05-16,07:06:00,13.52,19,289.98,37.27,24.68,3453.9,919.82,4373.72,61,True,Tardía,"Tráfico alto, Carga pesada"
2089,78,31,47,14,2026-05-28,20:41:00,2026-05-28,05:26:00,2026-05-29,05:26:00,9.28,67,280.43,39.83,26.74,3366.15,1065.05,4431.2,0,False,Entregada,Entrega realizada en tiempo
2090,13,16,11,7,2026-01-03,17:08:00,2026-01-03,21:19:00,2026-01-03,21:19:00,9.68,8,121.34,10.9,23.46,2138.7,255.71,2394.41,0,False,Entregada,Entrega realizada en tiempo
2091,62,3,31,21,2026-03-19,19:22:00,2026-03-19,02:25:00,2026-03-20,03:19:00,4.28,25,300.06,64.39,24.89,2628.3,1602.67,4230.97,54,True,Tardía,"Hora pico, Distancia larga"
2092,75,9,55,50,2026-02-02,06:15:00,2026-02-02,14:15:00,2026-02-02,14:33:00,0.57,2,235.63,19.27,25.27,1751.15,486.95,2238.1,18,True,Tardía,Incidencia operativa
2093,39,25,60,5,2026-02-07,10:36:00,2026-02-07,20:32:00,2026-02-07,20:32:00,5.33,7,290.72,61.86,23.57,2542.6,1458.04,4000.64,0,False,Entregada,Entrega realizada en tiempo
2094,95,23,7,9,2026-07-19,08:13:00,2026-07-19,15:46:00,2026-07-19,15:46:00,1.09,60,184.81,33.85,24.57,2013.05,831.69,2844.74,0,False,Entregada,Entrega realizada en tiempo
2095,46,34,46,39,2026-04-11,09:21:00,2026-04-11,17:44:00,2026-04-11,17:44:00,6.29,75,194.94,16.19,25.71,2703.7,416.24,3119.94,0,False,Entregada,Entrega realizada en tiempo
2096,61,1,36,28,2026-07-26,07:59:00,2026-07-26,15:00:00,2026-07-26,15:00:00,0.72,74,292.4,28.22,26.78,2626.0,755.73,3381.73,0,False,Entregada,Entrega realizada en tiempo
2097,34,24,36,20,2026-02-18,11:44:00,2026-02-18,13:17:00,2026-02-18,13:17:00,3.86,42,56.31,5.28,23.89,1503.55,126.14,1629.69,0,False,Entregada,Entrega realizada en tiempo
2098,10,15,60,35,2026-05-21,14:03:00,2026-05-21,17:37:00,2026-05-21,17:37:00,0.84,27,149.66,30.79,23.73,1548.3,730.65,2278.95,0,False,Entregada,Entrega realizada en tiempo
2099,53,11,60,43,2026-07-09,08:02:00,2026-07-09,23:29:00,2026-07-10,00:35:00,3.44,32,463.54,96.97,24.63,3417.7,2388.37,5806.07,66,True,Tardía,"Tráfico alto, Hora pico, Distancia larga"
2100,84,7,2,20,2026-03-01,17:45:00,2026-03-01,19:18:00,2026-03-01,19:18:00,1.19,75,58.86,9.65,25.97,1513.3,250.61,1763.91,0,False,Entregada,Entrega realizada en tiempo
2101,87,26,51,35,2026-08-01,05:02:00,2026-08-01,08:36:00,2026-08-01,08:36:00,2.13,71,141.05,20.12,26.95,1986.25,542.23,2528.48,0,False,Entregada,Entrega realizada en tiempo
2102,84,21,46,46,2026-02-06,11:24:00,2026-02-06,02:14:00,2026-02-07,02:14:00,0.85,75,425.02,59.44,23.61,3310.1,1403.38,4713.48,0,False,Entregada,Entrega realizada en tiempo
2103,84,6,42,43,2026-05-05,17:56:00,2026-05-05,09:23:00,2026-05-06,10:17:00,0.84,37,425.78,62.25,23.83,3008.9,1483.42,4492.32,54,True,Tardía,"Tráfico alto, Hora pico, Distancia larga"
2104,41,4,10,15,2026-05-18,14:03:00,2026-05-18,16:26:00,2026-05-18,16:26:00,0.22,21,62.99,10.59,25.24,1004.95,267.29,1272.24,0,False,Entregada,Entrega realizada en tiempo
2105,36,28,26,22,2026-02-16,17:48:00,2026-02-16,01:27:00,2026-02-17,01:27:00,2.75,44,334.9,49.11,26.02,2801.5,1277.84,4079.34,0,False,Entregada,Entrega realizada en tiempo
2106,98,11,13,13,2026-02-04,19:09:00,2026-02-04,06:52:00,2026-02-05,06:52:00,0.3,80,324.13,67.81,23.04,2790.65,1562.34,4352.99,0,False,Entregada,Entrega realizada en tiempo
2107,3,9,22,26,2026-05-27,08:13:00,2026-05-27,14:12:00,2026-05-27,14:12:00,0.8,27,157.5,12.88,23.92,1583.5,308.09,1891.59,0,False,Entregada,Entrega realizada en tiempo
2108,29,13,17,27,2026-04-30,17:04:00,2026-04-30,04:47:00,2026-05-01,04:47:00,10.5,16,289.85,23.64,24.71,3127.25,584.14,3711.39,0,False,Entregada,Entrega realizada en tiempo
2109,59,24,60,1,2026-04-23,16:09:00,2026-04-23,22:28:00,2026-04-23,22:28:00,4.26,62,188.86,17.7,24.39,2366.3,431.7,2798.0,0,False,Entregada,Entrega realizada en tiempo
2110,41,16,58,48,2026-01-15,09:17:00,2026-01-15,14:30:00,2026-01-15,15:09:00,8.18,48,184.06,16.54,25.94,2622.3,429.05,3051.35,39,True,Tardía,"Tráfico alto, Hora pico"
2111,72,17,53,32,2026-02-13,10:01:00,2026-02-13,22:05:00,2026-02-13,22:32:00,0.99,28,357.88,63.57,25.16,2612.4,1599.42,4211.82,27,True,Tardía,"Distancia larga, Carga pesada"
2112,59,5,52,38,2026-07-27,05:05:00,2026-07-27,09:36:00,2026-07-27,09:36:00,0.61,59,201.09,25.26,26.83,2038.45,677.73,2716.18,0,False,Entregada,Entrega realizada en tiempo
2113,85,9,19,4,2026-08-14,14:03:00,2026-08-14,16:37:00,2026-08-14,16:37:00,0.57,57,113.04,9.24,25.89,1578.2,239.22,1817.42,0,False,Entregada,Entrega realizada en tiempo
2114,34,35,30,47,2026-07-18,08:53:00,2026-07-18,20:37:00,2026-07-18,20:37:00,0.89,61,355.54,47.98,25.76,2854.7,1235.96,4090.66,0,False,Entregada,Entrega realizada en tiempo
2115,42,17,27,7,2026-06-09,09:59:00,2026-06-09,14:10:00,2026-06-09,14:56:00,0.58,34,129.13,22.94,25.17,1475.65,577.4,2053.05,46,True,Tardía,Hora pico
2116,69,29,10,44,2026-05-01,08:21:00,2026-05-01,10:31:00,2026-05-01,10:31:00,25.13,65,65.77,6.87,23.26,3861.85,159.8,4021.65,0,False,Entregada,Entrega realizada en tiempo
2117,20,21,39,3,2026-07-25,13:24:00,2026-07-25,15:41:00,2026-07-25,15:41:00,0.48,51,59.04,8.26,24.13,1251.2,199.31,1450.51,0,False,Entregada,Entrega realizada en tiempo
2118,33,33,47,48,2026-02-07,10:31:00,2026-02-07,15:44:00,2026-02-07,15:44:00,0.35,32,174.47,22.25,24.81,1663.35,552.02,2215.37,0,False,Entregada,Entrega realizada en tiempo
2119,99,5,51,12,2026-01-26,08:05:00,2026-01-26,19:43:00,2026-01-26,19:43:00,5.83,12,421.5,52.95,23.48,3286.5,1243.27,4529.77,0,False,Entregada,Entrega realizada en tiempo
2120,59,33,3,16,2026-06-28,14:44:00,2026-06-28,05:12:00,2026-06-29,05:12:00,0.65,71,421.55,53.77,26.67,3240.75,1434.05,4674.8,0,False,Entregada,Entrega realizada en tiempo
2121,79,4,43,5,2026-04-27,06:55:00,2026-04-27,16:51:00,2026-04-27,17:32:00,1.63,63,264.85,44.51,26.73,2491.25,1189.75,3681.0,41,True,Tardía,Tráfico alto
2122,77,10,23,7,2026-05-31,11:44:00,2026-05-31,15:55:00,2026-05-31,16:15:00,1.81,46,115.55,11.59,25.94,1626.75,300.64,1927.39,20,True,Tardía,Incidencia operativa
2123,98,8,32,7,2026-02-14,09:09:00,2026-02-14,13:20:00,2026-02-14,13:20:00,3.23,64,116.54,12.45,25.99,1917.7,323.58,2241.28,0,False,Entregada,Entrega realizada en tiempo
2124,32,15,36,30,2026-02-16,09:01:00,2026-02-16,14:09:00,2026-02-16,14:09:00,0.46,47,128.68,26.48,23.6,1565.4,624.93,2190.33,0,False,Entregada,Entrega realizada en tiempo
2125,15,25,12,25,2026-06-23,13:43:00,2026-06-23,23:09:00,2026-06-23,23:09:00,9.03,34,310.83,66.13,25.58,3229.15,1691.61,4920.76,0,False,Entregada,Entrega realizada en tiempo
2126,25,13,48,48,2026-01-01,20:52:00,2026-01-01,02:05:00,2026-01-02,02:43:00,14.38,26,189.21,15.43,24.21,3092.05,373.56,3465.61,38,True,Tardía,Tráfico alto
2127,3,20,33,34,2026-05-08,19:38:00,2026-05-08,23:29:00,2026-05-08,23:29:00,10.21,75,118.14,16.03,23.05,2711.7,369.49,3081.19,0,False,Entregada,Entrega realizada en tiempo
2128,60,2,52,11,2026-01-03,14:39:00,2026-01-03,17:25:00,2026-01-03,17:25:00,0.53,49,67.47,13.6,25.74,1282.35,350.06,1632.41,0,False,Entregada,Entrega realizada en tiempo
2129,10,40,50,21,2026-02-18,17:31:00,2026-02-18,00:34:00,2026-02-19,00:34:00,1.38,33,292.47,45.7,26.62,2364.35,1216.53,3580.88,0,False,Entregada,Entrega realizada en tiempo
2130,51,28,41,43,2026-02-23,09:56:00,2026-02-23,01:23:00,2026-02-24,01:23:00,5.24,77,457.45,67.07,24.66,3927.25,1653.95,5581.2,0,False,Entregada,Entrega realizada en tiempo
2131,35,12,29,32,2026-05-02,13:50:00,2026-05-02,01:54:00,2026-05-03,02:24:00,1.04,22,411.1,58.81,23.07,2835.5,1356.75,4192.25,30,True,Tardía,Distancia larga
2132,11,26,23,35,2026-01-22,08:51:00,2026-01-22,12:25:00,2026-01-22,13:25:00,14.65,78,153.96,21.96,25.9,3358.8,568.76,3927.56,60,True,Tardía,"Hora pico, Carga pesada"
2133,21,10,38,19,2026-01-30,07:20:00,2026-01-30,20:01:00,2026-01-30,20:53:00,5.48,53,400.11,40.13,24.26,3472.55,973.55,4446.1,52,True,Tardía,"Hora pico, Distancia larga"
2134,86,38,26,15,2026-04-22,10:29:00,2026-04-22,12:52:00,2026-04-22,12:52:00,0.93,20,59.8,5.08,23.69,1052.0,120.35,1172.35,0,False,Entregada,Entrega realizada en tiempo
2135,80,19,43,49,2026-02-16,06:27:00,2026-02-16,20:58:00,2026-02-16,21:36:00,6.87,49,368.81,36.34,25.68,3423.05,933.21,4356.26,38,True,Tardía,"Distancia larga, Carga pesada"
2136,44,7,13,14,2026-07-05,08:14:00,2026-07-05,16:59:00,2026-07-05,16:59:00,0.56,69,252.95,41.47,23.16,2372.75,960.45,3333.2,0,False,Entregada,Entrega realizada en tiempo
2137,35,37,35,15,2026-06-30,09:04:00,2026-06-30,11:27:00,2026-06-30,11:56:00,0.96,11,63.03,6.72,26.13,999.15,175.59,1174.74,29,True,Tardía,"Hora pico, Carga pesada"
2138,48,19,33,43,2026-08-15,08:45:00,2026-08-15,00:12:00,2026-08-16,00:12:00,5.22,48,421.63,41.54,26.48,3514.15,1099.98,4614.13,0,False,Entregada,Entrega realizada en tiempo
2139,70,27,35,32,2026-04-13,12:57:00,2026-04-13,01:01:00,2026-04-14,01:37:00,10.38,2,398.67,51.24,25.12,3547.35,1287.15,4834.5,36,True,Tardía,Distancia larga
2140,34,36,35,4,2026-04-10,12:19:00,2026-04-10,14:53:00,2026-04-10,14:53:00,0.72,18,103.42,12.2,25.69,1233.1,313.42,1546.52,0,False,Entregada,Entrega realizada en tiempo
2141,6,25,12,37,2026-05-09,18:28:00,2026-05-09,11:46:00,2026-05-10,11:46:00,2.48,68,492.7,104.83,26.33,3755.5,2760.17,6515.67,0,False,Entregada,Entrega realizada en tiempo
2142,67,21,50,48,2026-04-10,15:18:00,2026-04-10,20:31:00,2026-04-10,20:31:00,1.2,52,198.48,27.76,26.1,2028.4,724.54,2752.94,0,False,Entregada,Entrega realizada en tiempo
2143,16,39,28,47,2026-02-03,09:18:00,2026-02-03,21:02:00,2026-02-03,21:58:00,2.74,24,353.73,28.55,23.3,2734.65,665.22,3399.87,56,True,Tardía,"Tráfico alto, Hora pico, Distancia larga"
2144,24,2,20,45,2026-01-17,06:18:00,2026-01-17,08:59:00,2026-01-17,08:59:00,12.66,21,87.33,17.61,25.13,2370.65,442.54,2813.19,0,False,Entregada,Entrega realizada en tiempo
2145,15,19,47,32,2026-05-11,08:05:00,2026-05-11,20:09:00,2026-05-11,20:09:00,7.38,61,372.16,36.67,24.79,3586.8,909.05,4495.85,0,False,Entregada,Entrega realizada en tiempo
2146,98,27,38,40,2026-06-02,11:36:00,2026-06-02,04:38:00,2026-06-03,05:04:00,1.96,68,470.99,60.54,23.44,3594.95,1419.06,5014.01,26,True,Tardía,Distancia larga
2147,71,2,4,15,2026-08-13,16:27:00,2026-08-13,18:50:00,2026-08-13,19:05:00,12.07,53,63.93,12.89,25.82,2450.65,332.82,2783.47,15,True,Tardía,Incidencia operativa
2148,8,1,23,13,2026-07-11,09:34:00,2026-07-11,21:17:00,2026-07-11,21:58:00,0.5,44,319.25,30.82,23.02,2498.25,709.48,3207.73,41,True,Tardía,"Hora pico, Distancia larga"
2149,81,3,21,12,2026-03-11,10:56:00,2026-03-11,22:34:00,2026-03-11,22:34:00,3.76,68,411.36,88.27,25.2,3476.8,2224.4,5701.2,0,False,Entregada,Entrega realizada en tiempo
2150,1,23,36,45,2026-02-11,16:53:00,2026-02-11,19:34:00,2026-02-11,20:02:00,1.21,79,88.19,16.15,26.07,1693.95,421.03,2114.98,28,True,Tardía,Incidencia operativa
2151,8,4,29,26,2026-05-17,16:10:00,2026-05-17,22:09:00,2026-05-17,22:09:00,0.74,59,164.89,27.71,26.73,1870.45,740.69,2611.14,0,False,Entregada,Entrega realizada en tiempo
2152,30,12,55,36,2026-02-22,19:39:00,2026-02-22,23:33:00,2026-02-22,23:33:00,0.53,50,95.17,13.62,26.53,1428.85,361.34,1790.19,0,False,Entregada,Entrega realizada en tiempo
2153,27,14,53,31,2026-04-15,07:32:00,2026-04-15,15:04:00,2026-04-15,15:04:00,5.82,44,213.95,23.05,26.53,2503.75,611.52,3115.27,0,False,Entregada,Entrega realizada en tiempo
2154,70,26,12,26,2026-04-27,08:15:00,2026-04-27,14:14:00,2026-04-27,14:14:00,5.57,56,175.95,25.1,26.86,2384.75,674.19,3058.94,0,False,Entregada,Entrega realizada en tiempo
2155,14,1,5,13,2026-02-09,19:50:00,2026-02-09,07:33:00,2026-02-10,08:29:00,1.51,21,340.01,32.82,25.69,2519.05,843.15,3362.2,56,True,Tardía,"Hora pico, Distancia larga, Carga pesada"
2156,66,15,23,12,2026-04-29,07:33:00,2026-04-29,19:11:00,2026-04-29,19:58:00,0.37,62,453.38,93.29,24.97,3299.9,2329.45,5629.35,47,True,Tardía,"Hora pico, Distancia larga"
2157,13,3,28,49,2026-06-11,14:52:00,2026-06-11,05:23:00,2026-06-12,06:01:00,4.49,75,374.92,80.45,26.43,3423.6,2126.29,5549.89,38,True,Tardía,Distancia larga
2158,35,16,50,5,2026-06-09,08:29:00,2026-06-09,18:25:00,2026-06-09,18:25:00,1.42,78,287.03,25.79,24.64,2701.15,635.47,3336.62,0,False,Entregada,Entrega realizada en tiempo
2159,59,33,45,8,2026-04-01,16:37:00,2026-04-01,20:05:00,2026-04-01,20:05:00,0.28,69,94.95,12.11,25.16,1554.75,304.69,1859.44,0,False,Entregada,Entrega realizada en tiempo
2160,39,23,43,32,2026-02-15,05:45:00,2026-02-15,17:49:00,2026-02-15,17:49:00,0.7,20,402.2,73.66,24.51,2741.0,1805.41,4546.41,0,False,Entregada,Entrega realizada en tiempo
2161,90,26,35,25,2026-07-15,09:39:00,2026-07-15,19:05:00,2026-07-15,19:05:00,12.89,46,329.66,47.03,23.38,3805.3,1099.56,4904.86,0,False,Entregada,Entrega realizada en tiempo
2162,42,29,14,20,2026-06-07,19:37:00,2026-06-07,21:10:00,2026-06-07,21:10:00,23.64,73,63.0,6.58,23.65,3763.0,155.62,3918.62,0,False,Entregada,Entrega realizada en tiempo
2163,42,15,39,18,2026-06-21,16:40:00,2026-06-21,08:48:00,2026-06-22,08:48:00,0.9,2,397.38,81.77,25.95,2592.9,2121.93,4714.83,0,False,Entregada,Entrega realizada en tiempo
2164,18,38,56,39,2026-01-06,17:17:00,2026-01-06,01:40:00,2026-01-07,02:27:00,10.4,61,232.49,19.75,24.69,3190.45,487.63,3678.08,47,True,Tardía,Hora pico
2165,39,5,49,29,2026-05-27,15:31:00,2026-05-27,20:45:00,2026-05-27,20:45:00,12.75,3,181.03,22.74,25.21,2704.15,573.28,3277.43,0,False,Entregada,Entrega realizada en tiempo
2166,77,30,20,44,2026-06-24,18:16:00,2026-06-24,20:26:00,2026-06-24,20:26:00,6.58,72,66.68,5.73,25.47,2067.4,145.94,2213.34,0,False,Entregada,Entrega realizada en tiempo
2167,74,19,26,18,2026-01-20,19:12:00,2026-01-20,11:20:00,2026-01-21,11:20:00,4.0,78,395.21,38.94,26.39,3500.05,1027.63,4527.68,0,False,Entregada,Entrega realizada en tiempo
2168,15,27,30,16,2026-03-15,17:33:00,2026-03-15,08:01:00,2026-03-16,08:59:00,4.39,44,452.16,58.12,26.99,3551.8,1568.66,5120.46,58,True,Tardía,"Hora pico, Distancia larga"
2169,38,38,35,2,2026-03-09,12:20:00,2026-03-09,22:15:00,2026-03-09,22:15:00,12.93,2,285.83,24.28,23.67,3238.15,574.71,3812.86,0,False,Entregada,Entrega realizada en tiempo
2170,82,33,52,26,2026-08-13,05:20:00,2026-08-13,11:19:00,2026-08-13,11:56:00,0.92,22,162.44,20.72,23.56,1580.2,488.16,2068.36,37,True,Tardía,"Tráfico alto, Carga pesada"
2171,59,3,26,26,2026-03-16,20:38:00,2026-03-16,02:37:00,2026-03-17,03:19:00,7.75,8,175.97,37.76,24.08,2218.85,909.26,3128.11,42,True,Tardía,Tráfico alto
2172,33,23,34,7,2026-07-17,10:00:00,2026-07-17,14:11:00,2026-07-17,14:11:00,1.47,72,133.72,24.49,25.29,1891.6,619.35,2510.95,0,False,Entregada,Entrega realizada en tiempo
2173,25,3,22,31,2026-03-20,20:35:00,2026-03-20,04:07:00,2026-03-21,04:07:00,3.77,31,212.04,45.5,25.95,2185.2,1180.72,3365.92,0,False,Entregada,Entrega realizada en tiempo
2174,34,7,36,23,2026-04-17,10:00:00,2026-04-17,19:21:00,2026-04-17,19:21:00,0.41,20,279.25,45.78,24.79,2097.25,1134.89,3232.14,0,False,Entregada,Entrega realizada en tiempo
2175,48,1,4,1,2026-02-24,06:43:00,2026-02-24,13:02:00,2026-02-24,13:02:00,1.29,45,193.39,18.67,26.04,1955.95,486.17,2442.12,0,False,Entregada,Entrega realizada en tiempo
2176,52,7,38,50,2026-06-02,14:41:00,2026-06-02,22:41:00,2026-06-02,23:02:00,0.61,27,269.77,44.22,24.55,2125.85,1085.6,3211.45,21,True,Tardía,Incidencia operativa
2177,13,36,17,50,2026-05-25,09:52:00,2026-05-25,17:52:00,2026-05-25,17:52:00,0.48,57,230.46,27.18,25.66,2156.3,697.44,2853.74,0,False,Entregada,Entrega realizada en tiempo
2178,38,28,29,37,2026-01-14,19:48:00,2026-01-14,13:06:00,2026-01-15,13:06:00,6.6,62,449.59,65.92,26.65,3903.95,1756.77,5660.72,0,False,Entregada,Entrega realizada en tiempo
2179,84,8,34,31,2026-02-11,16:56:00,2026-02-11,00:28:00,2026-02-12,01:06:00,5.17,5,194.07,20.73,24.71,2027.35,512.24,2539.59,38,True,Tardía,Carga pesada
2180,89,8,4,15,2026-03-11,12:19:00,2026-03-11,14:42:00,2026-03-11,14:42:00,1.18,33,67.07,7.17,25.38,1217.35,181.97,1399.32,0,False,Entregada,Entrega realizada en tiempo
2181,6,26,31,18,2026-06-20,13:27:00,2026-06-20,05:35:00,2026-06-21,05:35:00,8.16,72,400.83,57.18,24.6,3896.15,1406.63,5302.78,0,False,Entregada,Entrega realizada en tiempo
2182,48,11,20,3,2026-04-07,08:50:00,2026-04-07,11:07:00,2026-04-07,11:52:00,3.13,17,61.89,12.95,25.39,1258.45,328.8,1587.25,45,True,Tardía,Hora pico
2183,62,9,21,28,2026-07-16,09:11:00,2026-07-16,16:12:00,2026-07-16,16:37:00,0.58,24,275.52,22.53,23.94,2127.6,539.37,2666.97,25,True,Tardía,Hora pico
2184,82,19,29,2,2026-03-08,18:19:00,2026-03-08,04:14:00,2026-03-09,04:14:00,6.36,62,326.32,32.15,24.21,3263.6,778.35,4041.95,0,False,Entregada,Entrega realizada en tiempo
2185,37,21,24,39,2026-02-27,16:20:00,2026-02-27,00:43:00,2026-02-28,01:00:00,1.3,22,198.22,27.72,25.14,1797.1,696.88,2493.98,17,True,Tardía,Incidencia operativa
2186,41,1,32,6,2026-02-05,12:21:00,2026-02-05,13:15:00,2026-02-05,13:44:00,1.43,45,29.41,2.84,23.23,1150.05,65.97,1216.02,29,True,Tardía,Carga pesada
2187,95,16,26,9,2026-06-18,09:05:00,2026-06-18,16:38:00,2026-06-18,16:38:00,13.85,9,190.51,17.12,26.12,2909.55,447.17,3356.72,0,False,Entregada,Entrega realizada en tiempo
2188,31,10,41,30,2026-05-07,09:27:00,2026-05-07,14:35:00,2026-05-07,14:35:00,16.37,35,136.8,13.72,25.18,3101.0,345.47,3446.47,0,False,Entregada,Entrega realizada en tiempo
2189,32,40,23,36,2026-03-24,13:35:00,2026-03-24,17:29:00,2026-03-24,18:16:00,0.35,42,99.19,15.5,23.68,1366.95,367.04,1733.99,47,True,Tardía,Tráfico alto
2190,45,9,46,21,2026-01-26,15:07:00,2026-01-26,22:10:00,2026-01-26,22:10:00,0.76,65,269.37,22.03,24.47,2442.85,539.07,2981.92,0,False,Entregada,Entrega realizada en tiempo
2191,11,29,5,4,2026-03-28,06:33:00,2026-03-28,09:07:00,2026-03-28,09:07:00,26.45,7,108.8,11.37,25.4,3745.0,288.8,4033.8,0,False,Entregada,Entrega realizada en tiempo
2192,34,29,30,20,2026-03-10,18:14:00,2026-03-10,19:47:00,2026-03-10,19:47:00,17.44,47,56.41,5.89,24.43,2902.05,143.89,3045.94,0,False,Entregada,Entrega realizada en tiempo
2193,19,20,29,34,2026-07-07,12:07:00,2026-07-07,15:58:00,2026-07-07,15:58:00,3.32,60,118.34,16.06,25.32,1903.7,406.64,2310.34,0,False,Entregada,Entrega realizada en tiempo
2194,90,37,30,13,2026-03-08,12:54:00,2026-03-08,00:37:00,2026-03-09,01:09:00,0.46,78,335.72,35.79,24.95,2848.6,892.96,3741.56,32,True,Tardía,Distancia larga
2195,69,2,15,13,2026-02-01,19:13:00,2026-02-01,06:56:00,2026-02-02,07:19:00,6.6,54,297.06,59.89,23.96,3077.3,1434.96,4512.26,23,True,Tardía,Hora pico
2196,83,34,59,39,2026-02-16,16:59:00,2026-02-16,01:22:00,2026-02-17,01:22:00,0.29,5,216.13,17.95,25.02,1649.65,449.11,2098.76,0,False,Entregada,Entrega realizada en tiempo
2197,23,36,5,23,2026-07-23,09:30:00,2026-07-23,18:51:00,2026-07-23,18:51:00,1.81,70,262.06,30.9,23.04,2551.3,711.94,3263.24,0,False,Entregada,Entrega realizada en tiempo
2198,72,28,12,21,2026-06-25,07:20:00,2026-06-25,14:23:00,2026-06-25,15:00:00,3.39,24,286.04,41.94,24.31,2461.2,1019.56,3480.76,37,True,Tardía,Hora pico
2199,85,14,60,21,2026-07-06,10:30:00,2026-07-06,17:33:00,2026-07-06,17:59:00,3.93,66,291.47,31.41,25.26,2878.35,793.42,3671.77,26,True,Tardía,Incidencia operativa
2200,14,23,28,44,2026-05-03,09:18:00,2026-05-03,11:28:00,2026-05-03,11:28:00,1.58,36,64.95,11.9,24.99,1270.75,297.38,1568.13,0,False,Entregada,Entrega realizada en tiempo
2201,95,31,29,48,2026-04-07,09:37:00,2026-04-07,14:50:00,2026-04-07,14:50:00,13.18,51,170.68,24.24,23.26,3079.4,563.82,3643.22,0,False,Entregada,Entrega realizada en tiempo
2202,40,15,14,26,2026-02-04,11:56:00,2026-02-04,17:55:00,2026-02-04,17:55:00,1.11,49,159.92,32.91,24.72,1802.6,813.54,2616.14,0,False,Entregada,Entrega realizada en tiempo
2203,44,4,40,38,2026-05-28,05:44:00,2026-05-28,10:15:00,2026-05-28,10:15:00,0.37,5,193.97,32.6,25.13,1546.85,819.24,2366.09,0,False,Entregada,Entrega realizada en tiempo
2204,71,22,31,15,2026-05-28,05:34:00,2026-05-28,07:57:00,2026-05-28,07:57:00,1.0,30,62.01,6.0,25.74,1150.05,154.44,1304.49,0,False,Entregada,Entrega realizada en tiempo
2205,44,11,7,46,2026-01-22,20:38:00,2026-01-22,11:28:00,2026-01-23,11:28:00,1.92,53,439.78,92.0,24.16,3314.9,2222.72,5537.62,0,False,Entregada,Entrega realizada en tiempo
2206,37,11,42,19,2026-04-10,11:47:00,2026-04-10,00:28:00,2026-04-11,00:28:00,1.0,66,395.88,82.82,24.19,3107.4,2003.42,5110.82,0,False,Entregada,Entrega realizada en tiempo
2207,97,40,47,30,2026-05-30,14:28:00,2026-05-30,19:36:00,2026-05-30,19:36:00,1.06,22,129.14,20.18,26.51,1427.7,534.97,1962.67,0,False,Entregada,Entrega realizada en tiempo
2208,100,32,22,41,2026-07-01,14:48:00,2026-07-01,22:04:00,2026-07-01,22:30:00,2.24,67,185.84,16.83,25.97,2189.2,437.08,2626.28,26,True,Tardía,Incidencia operativa
2209,76,4,12,10,2026-01-19,17:47:00,2026-01-19,20:12:00,2026-01-19,20:12:00,1.95,75,83.29,14.0,25.16,1711.45,352.24,2063.69,0,False,Entregada,Entrega realizada en tiempo
2210,85,5,53,9,2026-03-18,19:34:00,2026-03-18,03:07:00,2026-03-19,03:07:00,6.1,25,199.19,25.02,26.63,2305.95,666.28,2972.23,0,False,Entregada,Entrega realizada en tiempo
2211,58,6,30,1,2026-03-26,19:19:00,2026-03-26,01:38:00,2026-03-27,01:38:00,1.45,34,184.75,27.01,26.24,1840.75,708.74,2549.49,0,False,Entregada,Entrega realizada en tiempo
2212,35,14,28,32,2026-07-14,09:33:00,2026-07-14,21:37:00,2026-07-14,21:37:00,6.8,51,368.64,39.72,23.42,3431.2,930.24,4361.44,0,False,Entregada,Entrega realizada en tiempo
2213,24,14,41,2,2026-02-23,19:32:00,2026-02-23,05:27:00,2026-02-24,05:27:00,0.59,44,289.74,31.22,26.4,2359.7,824.21,3183.91,0,False,Entregada,Entrega realizada en tiempo
2214,15,6,37,16,2026-06-06,18:53:00,2026-06-06,09:21:00,2026-06-07,10:09:00,0.72,69,404.71,59.17,26.55,3147.55,1570.96,4718.51,48,True,Tardía,"Hora pico, Distancia larga"
2215,3,40,43,47,2026-05-27,09:53:00,2026-05-27,21:37:00,2026-05-27,22:47:00,0.2,14,362.24,56.6,23.59,2443.2,1335.19,3778.39,70,True,Tardía,"Tráfico alto, Hora pico, Distancia larga"
2216,55,28,38,14,2026-02-26,14:05:00,2026-02-26,22:50:00,2026-02-26,22:50:00,7.73,41,284.22,41.67,25.15,3022.1,1048.0,4070.1,0,False,Entregada,Entrega realizada en tiempo
2217,3,30,48,1,2026-07-16,13:12:00,2026-07-16,19:31:00,2026-07-16,19:31:00,2.34,17,173.53,14.91,23.08,1737.65,344.12,2081.77,0,False,Entregada,Entrega realizada en tiempo
2218,96,8,8,37,2026-03-03,07:00:00,2026-03-03,00:18:00,2026-03-04,00:18:00,0.6,32,470.97,50.32,25.13,3170.85,1264.54,4435.39,0,False,Entregada,Entrega realizada en tiempo
2219,74,31,20,9,2026-06-15,13:22:00,2026-06-15,20:55:00,2026-06-15,21:23:00,23.94,16,193.03,27.42,25.3,3987.15,693.73,4680.88,28,True,Tardía,Carga pesada
2220,89,34,21,35,2026-07-24,08:54:00,2026-07-24,12:28:00,2026-07-24,12:28:00,1.18,65,148.12,12.3,23.17,1878.6,284.99,2163.59,0,False,Entregada,Entrega realizada en tiempo
2221,42,4,57,9,2026-03-18,09:45:00,2026-03-18,17:18:00,2026-03-18,17:45:00,1.01,60,190.95,32.09,26.73,2035.75,857.77,2893.52,27,True,Tardía,Hora pico
2222,68,32,14,25,2026-07-13,15:08:00,2026-07-13,00:34:00,2026-07-14,01:12:00,2.97,57,356.82,32.32,25.27,3037.1,816.73,3853.83,38,True,Tardía,Distancia larga
2223,27,23,16,40,2026-01-16,05:40:00,2026-01-16,22:42:00,2026-01-16,22:42:00,0.37,43,415.73,76.14,26.9,2959.65,2048.17,5007.82,0,False,Entregada,Entrega realizada en tiempo
2224,97,28,6,24,2026-06-12,12:28:00,2026-06-12,21:05:00,2026-06-12,21:58:00,9.07,32,299.3,43.89,23.96,3159.5,1051.6,4211.1,53,True,Tardía,"Tráfico alto, Carga pesada"
2225,63,37,12,23,2026-03-30,08:06:00,2026-03-30,17:27:00,2026-03-30,17:27:00,0.25,49,252.88,26.96,24.57,2181.4,662.41,2843.81,0,False,Entregada,Entrega realizada en tiempo
2226,87,40,3,43,2026-02-04,19:58:00,2026-02-04,11:25:00,2026-02-05,12:19:00,0.25,31,434.53,67.9,25.18,2945.65,1709.72,4655.37,54,True,Tardía,"Tráfico alto, Hora pico, Distancia larga"
2227,54,25,27,1,2026-03-29,10:18:00,2026-03-29,16:37:00,2026-03-29,16:37:00,8.93,23,181.4,38.6,24.51,2484.0,946.09,3430.09,0,False,Entregada,Entrega realizada en tiempo
2228,33,17,5,46,2026-06-24,16:04:00,2026-06-24,06:54:00,2026-06-25,06:54:00,0.59,5,431.08,76.57,25.49,2754.4,1951.77,4706.17,0,False,Entregada,Entrega realizada en tiempo
2229,90,30,21,41,2026-02-22,13:34:00,2026-02-22,20:50:00,2026-02-22,20:50:00,6.69,39,208.29,17.89,24.06,2522.45,430.43,2952.88,0,False,Entregada,Entrega realizada en tiempo
2230,48,8,3,13,2026-06-21,20:34:00,2026-06-21,08:17:00,2026-06-22,08:38:00,5.27,1,289.2,30.9,24.06,2481.0,743.45,3224.45,21,True,Tardía,Carga pesada
2231,63,27,14,28,2026-02-04,19:55:00,2026-02-04,02:56:00,2026-02-05,03:27:00,10.65,14,275.51,35.41,24.81,3054.55,878.52,3933.07,31,True,Tardía,Hora pico
2232,68,38,15,38,2026-03-23,09:59:00,2026-03-23,14:30:00,2026-03-23,14:30:00,14.82,3,187.53,15.93,25.3,2943.65,403.03,3346.68,0,False,Entregada,Entrega realizada en tiempo
2233,6,27,32,26,2026-03-08,05:36:00,2026-03-08,11:35:00,2026-03-08,12:34:00,13.46,23,176.06,22.63,25.04,2910.3,566.66,3476.96,59,True,Tardía,"Tráfico alto, Carga pesada"
2234,98,18,56,21,2026-07-13,14:07:00,2026-07-13,21:10:00,2026-07-13,21:10:00,0.42,31,296.95,27.8,26.07,2274.75,724.75,2999.5,0,False,Entregada,Entrega realizada en tiempo
2235,69,30,9,32,2026-02-01,17:17:00,2026-02-01,05:21:00,2026-02-02,06:20:00,12.85,26,405.73,34.86,26.03,4021.65,907.41,4929.06,59,True,Tardía,"Hora pico, Distancia larga, Carga pesada"
2236,35,3,13,20,2026-02-23,19:48:00,2026-02-23,21:21:00,2026-02-23,21:21:00,1.31,67,61.31,13.16,25.03,1473.55,329.39,1802.94,0,False,Entregada,Entrega realizada en tiempo
2237,27,36,31,29,2026-06-16,14:32:00,2026-06-16,19:46:00,2026-06-16,19:46:00,0.77,29,169.46,19.98,23.86,1656.3,476.72,2133.02,0,False,Entregada,Entrega realizada en tiempo
2238,37,31,29,1,2026-08-01,11:06:00,2026-08-01,17:25:00,2026-08-01,17:25:00,10.51,30,177.61,25.23,25.42,2679.05,641.35,3320.4,0,False,Entregada,Entrega realizada en tiempo
2239,80,8,23,13,2026-05-12,16:01:00,2026-05-12,03:44:00,2026-05-13,03:44:00,4.99,24,309.1,33.02,24.58,2736.5,811.63,3548.13,0,False,Entregada,Entrega realizada en tiempo
2240,45,17,51,11,2026-01-11,11:04:00,2026-01-11,13:50:00,2026-01-11,13:50:00,0.93,22,65.36,11.61,23.93,1095.8,277.83,1373.63,0,False,Entregada,Entrega realizada en tiempo
2241,11,40,3,47,2026-06-17,14:28:00,2026-06-17,02:12:00,2026-06-18,02:55:00,0.61,60,319.16,49.87,23.08,2636.8,1151.0,3787.8,43,True,Tardía,"Tráfico alto, Distancia larga"
2242,91,32,45,38,2026-08-03,11:06:00,2026-08-03,15:37:00,2026-08-03,15:37:00,1.24,73,172.65,15.64,24.08,2071.25,376.61,2447.86,0,False,Entregada,Entrega realizada en tiempo
2243,100,16,54,36,2026-06-14,07:03:00,2026-06-14,10:57:00,2026-06-14,10:57:00,3.87,80,102.04,9.17,25.46,2037.2,233.47,2270.67,0,False,Entregada,Entrega realizada en tiempo
2244,13,10,10,49,2026-03-12,20:29:00,2026-03-12,11:00:00,2026-03-13,11:00:00,5.56,4,380.68,38.18,25.94,2991.4,990.39,3981.79,0,False,Entregada,Entrega realizada en tiempo
2245,61,10,48,25,2026-03-07,16:13:00,2026-03-07,01:39:00,2026-03-08,02:11:00,7.13,24,367.08,36.82,26.37,3240.4,970.94,4211.34,32,True,Tardía,Distancia larga
2246,19,12,19,1,2026-03-09,09:11:00,2026-03-09,15:30:00,2026-03-09,16:26:00,1.33,54,186.81,26.73,23.14,1999.05,618.53,2617.58,56,True,Tardía,"Hora pico, Carga pesada"
2247,40,25,34,28,2026-01-26,15:13:00,2026-01-26,22:14:00,2026-01-26,22:14:00,3.79,7,256.8,54.64,23.6,2219.0,1289.5,3508.5,0,False,Entregada,Entrega realizada en tiempo
2248,52,29,45,42,2026-02-13,06:59:00,2026-02-13,10:10:00,2026-02-13,10:10:00,26.23,20,89.35,9.34,23.13,3729.75,216.03,3945.78,0,False,Entregada,Entrega realizada en tiempo
2249,43,16,26,27,2026-07-04,08:04:00,2026-07-04,19:47:00,2026-07-04,19:47:00,6.03,74,302.22,27.15,24.64,3206.1,668.98,3875.08,0,False,Entregada,Entrega realizada en tiempo
2250,70,38,2,1,2026-03-28,17:30:00,2026-03-28,23:49:00,2026-03-28,23:49:00,4.94,78,175.1,14.88,23.24,2493.5,345.81,2839.31,0,False,Entregada,Entrega realizada en tiempo
2251,64,16,9,22,2026-07-24,05:01:00,2026-07-24,12:40:00,2026-07-24,12:40:00,15.54,60,297.52,26.73,24.85,4021.6,664.24,4685.84,0,False,Entregada,Entrega realizada en tiempo
2252,25,3,42,29,2026-02-13,09:05:00,2026-02-13,14:19:00,2026-02-13,15:04:00,7.44,14,173.63,37.26,23.17,2224.15,863.31,3087.46,45,True,Tardía,Hora pico
2253,66,31,57,5,2026-06-17,15:31:00,2026-06-17,01:27:00,2026-06-18,02:10:00,2.0,19,310.23,44.07,26.48,2403.15,1166.97,3570.12,43,True,Tardía,"Tráfico alto, Distancia larga"
2254,91,18,48,27,2026-07-22,08:31:00,2026-07-22,20:14:00,2026-07-22,20:14:00,0.37,15,333.54,31.23,25.19,2324.7,786.68,3111.38,0,False,Entregada,Entrega realizada en tiempo
2255,9,31,54,1,2026-04-27,11:19:00,2026-04-27,17:38:00,2026-04-27,17:38:00,14.12,32,172.02,24.43,26.93,3028.1,657.9,3686.0,0,False,Entregada,Entrega realizada en tiempo
2256,19,15,49,20,2026-03-17,08:11:00,2026-03-17,09:44:00,2026-03-17,10:36:00,1.08,47,56.15,11.55,23.58,1264.75,272.35,1537.1,52,True,Tardía,"Hora pico, Carga pesada"
2257,24,14,59,38,2026-03-11,07:09:00,2026-03-11,11:40:00,2026-03-11,11:40:00,6.37,3,176.26,18.99,24.22,2042.3,459.94,2502.24,0,False,Entregada,Entrega realizada en tiempo
2258,58,31,57,12,2026-04-07,05:13:00,2026-04-07,16:51:00,2026-04-07,16:51:00,22.02,24,378.45,53.76,25.5,4786.25,1370.88,6157.13,0,False,Entregada,Entrega realizada en tiempo
2259,41,7,15,9,2026-05-01,16:05:00,2026-05-01,23:38:00,2026-05-01,23:38:00,1.03,60,205.65,33.71,24.2,2111.25,815.78,2927.03,0,False,Entregada,Entrega realizada en tiempo
2260,72,2,44,9,2026-03-11,14:52:00,2026-03-11,22:25:00,2026-03-11,22:25:00,15.41,46,210.86,42.51,24.4,3463.3,1037.24,4500.54,0,False,Entregada,Entrega realizada en tiempo
2261,49,3,9,7,2026-01-28,08:20:00,2026-01-28,12:31:00,2026-01-28,12:31:00,9.54,69,132.37,28.41,26.37,2667.85,749.17,3417.02,0,False,Entregada,Entrega realizada en tiempo
2262,22,28,35,26,2026-07-13,12:46:00,2026-07-13,18:45:00,2026-07-13,18:45:00,1.98,78,161.01,23.61,26.54,2127.05,626.61,2753.66,0,False,Entregada,Entrega realizada en tiempo
2263,33,31,36,28,2026-07-22,19:43:00,2026-07-22,02:44:00,2026-07-23,03:25:00,7.58,54,271.09,38.51,27.0,3045.45,1039.77,4085.22,41,True,Tardía,Hora pico
2264,2,33,34,18,2026-03-21,17:16:00,2026-03-21,09:24:00,2026-03-22,09:24:00,0.5,4,429.66,54.8,23.92,2730.3,1310.82,4041.12,0,False,Entregada,Entrega realizada en tiempo
2265,85,36,6,37,2026-01-29,06:31:00,2026-01-29,23:49:00,2026-01-29,23:49:00,0.46,38,468.15,55.21,25.27,3190.75,1395.16,4585.91,0,False,Entregada,Entrega realizada en tiempo
2266,11,28,20,3,2026-01-13,15:36:00,2026-01-13,17:53:00,2026-01-13,17:53:00,1.69,68,59.53,8.73,26.07,1510.65,227.59,1738.24,0,False,Entregada,Entrega realizada en tiempo
2267,26,26,39,47,2026-06-10,08:53:00,2026-06-10,20:37:00,2026-06-10,20:37:00,7.5,26,354.66,50.59,26.92,3231.3,1361.88,4593.18,0,False,Entregada,Entrega realizada en tiempo
2268,36,35,18,33,2026-04-22,11:28:00,2026-04-22,20:22:00,2026-04-22,20:22:00,1.05,6,289.28,39.04,23.47,2099.4,916.27,3015.67,0,False,Entregada,Entrega realizada en tiempo
2269,74,34,27,21,2026-03-12,16:11:00,2026-03-12,23:14:00,2026-03-12,23:14:00,1.48,19,297.44,24.7,23.04,2287.2,569.09,2856.29,0,False,Entregada,Entrega realizada en tiempo
2270,9,11,13,48,2026-07-06,18:43:00,2026-07-06,23:56:00,2026-07-06,23:56:00,0.56,19,179.03,37.45,24.44,1603.15,915.28,2518.43,0,False,Entregada,Entrega realizada en tiempo
2271,43,1,57,14,2026-07-14,09:00:00,2026-07-14,17:45:00,2026-07-14,18:33:00,0.8,8,247.86,23.92,24.51,1883.3,586.28,2469.58,48,True,Tardía,Hora pico
2272,38,26,30,16,2026-06-01,08:39:00,2026-06-01,23:07:00,2026-06-02,00:03:00,4.17,1,464.65,66.28,23.49,3248.25,1556.92,4805.17,56,True,Tardía,"Hora pico, Distancia larga"
2273,16,26,52,1,2026-01-06,07:24:00,2026-01-06,13:43:00,2026-01-06,13:43:00,14.02,73,181.8,25.93,25.51,3395.0,661.47,4056.47,0,False,Entregada,Entrega realizada en tiempo
2274,31,9,44,32,2026-02-21,17:47:00,2026-02-21,05:51:00,2026-02-22,05:51:00,0.23,75,356.64,29.16,26.78,2906.2,780.9,3687.1,0,False,Entregada,Entrega realizada en tiempo
2275,74,30,48,46,2026-06-08,06:24:00,2026-06-08,21:14:00,2026-06-08,21:14:00,5.2,2,452.71,38.89,25.93,3299.55,1008.42,4307.97,0,False,Entregada,Entrega realizada en tiempo
2276,39,35,54,6,2026-08-07,20:27:00,2026-08-07,21:21:00,2026-08-07,21:21:00,0.36,62,29.92,4.04,24.55,1181.6,99.18,1280.78,0,False,Entregada,Entrega realizada en tiempo
2277,6,4,2,39,2026-07-28,19:17:00,2026-07-28,03:40:00,2026-07-29,04:01:00,0.45,29,233.97,39.32,25.89,1946.85,1017.99,2964.84,21,True,Tardía,Hora pico
2278,32,29,6,7,2026-05-14,07:20:00,2026-05-14,11:31:00,2026-05-14,11:31:00,10.62,12,129.72,13.55,25.22,2306.6,341.73,2648.33,0,False,Entregada,Entrega realizada en tiempo
2279,48,17,22,33,2026-02-06,12:09:00,2026-02-06,21:03:00,2026-02-06,21:31:00,0.5,3,288.32,51.21,23.27,2015.6,1191.66,3207.26,28,True,Tardía,Tráfico alto
2280,27,21,49,16,2026-03-13,16:26:00,2026-03-13,06:54:00,2026-03-14,06:54:00,0.5,4,398.71,55.76,24.5,2575.55,1366.12,3941.67,0,False,Entregada,Entrega realizada en tiempo
2281,74,39,39,17,2026-03-14,11:55:00,2026-03-14,18:13:00,2026-03-14,18:13:00,8.04,52,192.88,15.57,23.59,2684.4,367.3,3051.7,0,False,Entregada,Entrega realizada en tiempo
2282,7,7,4,36,2026-02-05,11:56:00,2026-02-05,15:50:00,2026-02-05,15:50:00,1.63,3,103.38,16.95,25.83,1203.9,437.82,1641.72,0,False,Entregada,Entrega realizada en tiempo
2283,70,6,45,33,2026-02-08,08:41:00,2026-02-08,17:35:00,2026-02-08,17:35:00,1.21,29,258.37,37.77,25.39,2144.85,958.98,3103.83,0,False,Entregada,Entrega realizada en tiempo
2284,99,19,1,10,2026-04-11,08:02:00,2026-04-11,10:27:00,2026-04-11,10:27:00,2.69,68,80.14,7.9,26.55,1713.7,209.75,1923.45,0,False,Entregada,Entrega realizada en tiempo
2285,64,17,45,21,2026-02-04,17:14:00,2026-02-04,00:17:00,2026-02-05,00:17:00,0.76,46,286.71,50.93,23.77,2377.55,1210.61,3588.16,0,False,Entregada,Entrega realizada en tiempo
2286,40,11,60,15,2026-03-30,17:01:00,2026-03-30,19:24:00,2026-03-30,19:24:00,0.8,2,64.19,13.43,23.64,916.95,317.49,1234.44,0,False,Entregada,Entrega realizada en tiempo
2287,13,36,9,36,2026-06-29,13:06:00,2026-06-29,17:00:00,2026-06-29,17:35:00,1.55,71,98.7,11.64,25.51,1716.5,296.94,2013.44,35,True,Tardía,Tráfico alto
2288,81,21,23,37,2026-01-05,12:42:00,2026-01-05,06:00:00,2026-01-06,06:17:00,0.4,51,425.6,59.52,24.86,3076.0,1479.67,4555.67,17,True,Tardía,Distancia larga
2289,23,15,4,17,2026-04-20,16:01:00,2026-04-20,22:19:00,2026-04-20,22:46:00,0.42,7,171.86,35.36,23.97,1457.3,847.58,2304.88,27,True,Tardía,Incidencia operativa
2290,19,30,6,2,2026-01-23,09:12:00,2026-01-23,19:07:00,2026-01-23,19:07:00,8.39,17,312.94,26.88,26.96,3039.7,724.68,3764.38,0,False,Entregada,Entrega realizada en tiempo
2291,81,28,5,23,2026-01-23,08:01:00,2026-01-23,17:22:00,2026-01-23,17:22:00,6.41,34,261.72,38.38,25.86,2721.6,992.51,3714.11,0,False,Entregada,Entrega realizada en tiempo
2292,2,32,48,28,2026-04-22,13:14:00,2026-04-22,20:15:00,2026-04-22,20:15:00,3.88,34,261.94,23.73,25.9,2469.7,614.61,3084.31,0,False,Entregada,Entrega realizada en tiempo
2293,40,12,58,10,2026-04-23,16:14:00,2026-04-23,18:39:00,2026-04-23,18:39:00,0.78,39,87.85,12.57,26.87,1329.25,337.76,1667.01,0,False,Entregada,Entrega realizada en tiempo
2294,14,40,6,22,2026-03-02,05:23:00,2026-03-02,13:02:00,2026-03-02,13:02:00,0.44,64,296.75,46.37,26.19,2539.75,1214.43,3754.18,0,False,Entregada,Entrega realizada en tiempo
2295,27,20,32,10,2026-03-08,10:22:00,2026-03-08,12:47:00,2026-03-08,12:47:00,11.27,72,80.6,10.94,23.33,2606.0,255.23,2861.23,0,False,Entregada,Entrega realizada en tiempo
2296,53,35,11,11,2026-03-23,08:47:00,2026-03-23,11:33:00,2026-03-23,11:33:00,0.99,17,65.7,8.87,25.67,1063.5,227.69,1291.19,0,False,Entregada,Entrega realizada en tiempo
2297,24,26,29,1,2026-05-11,15:54:00,2026-05-11,22:13:00,2026-05-11,22:13:00,10.2,54,180.51,25.75,24.55,2854.55,632.16,3486.71,0,False,Entregada,Entrega realizada en tiempo
2298,45,26,10,9,2026-03-12,07:59:00,2026-03-12,15:32:00,2026-03-12,15:32:00,1.01,80,199.71,28.49,26.54,2239.55,756.12,2995.67,0,False,Entregada,Entrega realizada en tiempo
2299,53,35,29,33,2026-08-08,11:50:00,2026-08-08,20:44:00,2026-08-08,21:20:00,0.48,80,275.4,37.17,25.65,2565.0,953.41,3518.41,36,True,Tardía,Tráfico alto
2300,75,4,41,14,2026-04-03,05:02:00,2026-04-03,13:47:00,2026-04-03,13:47:00,0.39,53,253.42,42.59,23.44,2230.1,998.31,3228.41,0,False,Entregada,Entrega realizada en tiempo
2301,66,20,33,37,2026-05-04,12:09:00,2026-05-04,05:27:00,2026-05-05,05:56:00,3.93,17,416.4,56.5,24.23,3111.0,1369.0,4480.0,29,True,Tardía,Distancia larga
2302,40,27,57,48,2026-07-12,15:35:00,2026-07-12,20:48:00,2026-07-12,20:48:00,12.43,20,166.06,21.34,23.6,2733.3,503.62,3236.92,0,False,Entregada,Entrega realizada en tiempo
2303,44,28,54,17,2026-06-04,14:10:00,2026-06-04,20:28:00,2026-06-04,20:28:00,4.52,46,165.85,24.32,26.14,2149.25,635.72,2784.97,0,False,Entregada,Entrega realizada en tiempo
2304,3,26,43,45,2026-03-12,12:41:00,2026-03-12,15:22:00,2026-03-12,15:22:00,4.66,12,91.09,12.99,23.4,1517.45,303.97,1821.42,0,False,Entregada,Entrega realizada en tiempo
2305,91,40,32,50,2026-02-20,20:35:00,2026-02-20,04:35:00,2026-02-21,04:35:00,0.41,11,274.22,42.85,24.85,2000.1,1064.82,3064.92,0,False,Entregada,Entrega realizada en tiempo
2306,1,28,15,20,2026-02-27,13:43:00,2026-02-27,15:16:00,2026-02-27,15:16:00,2.04,76,61.7,9.05,25.0,1620.5,226.25,1846.75,0,False,Entregada,Entrega realizada en tiempo
2307,65,12,47,5,2026-05-16,19:17:00,2026-05-16,05:13:00,2026-05-17,05:13:00,0.88,76,308.86,44.19,25.15,2740.3,1111.38,3851.68,0,False,Entregada,Entrega realizada en tiempo
2308,52,26,17,50,2026-01-05,14:54:00,2026-01-05,22:54:00,2026-01-05,22:54:00,8.23,13,253.53,36.17,26.97,2694.65,975.5,3670.15,0,False,Entregada,Entrega realizada en tiempo
2309,24,6,11,24,2026-03-21,09:42:00,2026-03-21,18:19:00,2026-03-21,18:56:00,0.45,36,295.31,43.17,23.47,2309.55,1013.2,3322.75,37,True,Tardía,"Tráfico alto, Hora pico"
2310,52,4,20,40,2026-07-10,19:27:00,2026-07-10,12:29:00,2026-07-11,12:29:00,2.33,1,441.12,74.14,23.96,2946.6,1776.39,4722.99,0,False,Entregada,Entrega realizada en tiempo
2311,19,7,46,47,2026-06-14,19:24:00,2026-06-14,07:08:00,2026-06-15,07:08:00,0.8,7,352.32,57.76,23.81,2397.6,1375.27,3772.87,0,False,Entregada,Entrega realizada en tiempo
2312,8,13,7,39,2026-04-25,20:52:00,2026-04-25,05:15:00,2026-04-26,05:15:00,7.6,76,232.78,18.99,26.65,3031.9,506.08,3537.98,0,False,Entregada,Entrega realizada en tiempo
2313,7,6,6,18,2026-01-09,05:13:00,2026-01-09,21:21:00,2026-01-09,21:21:00,1.12,39,433.95,63.44,24.9,3093.75,1579.66,4673.41,0,False,Entregada,Entrega realizada en tiempo
2314,15,16,7,49,2026-06-26,18:47:00,2026-06-26,09:18:00,2026-06-27,09:18:00,17.46,13,353.59,31.77,24.87,4117.95,790.12,4908.07,0,False,Entregada,Entrega realizada en tiempo
2315,84,36,27,3,2026-07-19,08:56:00,2026-07-19,11:13:00,2026-07-19,11:13:00,0.62,50,61.35,7.23,23.62,1268.75,170.77,1439.52,0,False,Entregada,Entrega realizada en tiempo
2316,46,40,49,4,2026-07-04,19:16:00,2026-07-04,21:50:00,2026-07-04,21:50:00,0.5,13,110.1,17.2,24.14,1204.5,415.21,1619.71,0,False,Entregada,Entrega realizada en tiempo
2317,82,30,53,34,2026-03-26,14:58:00,2026-03-26,18:49:00,2026-03-26,18:49:00,11.92,2,107.56,9.24,23.31,2245.8,215.38,2461.18,0,False,Entregada,Entrega realizada en tiempo
2318,57,22,15,22,2026-05-16,09:45:00,2026-05-16,17:24:00,2026-05-16,18:20:00,0.66,16,348.76,33.73,25.09,2437.8,846.29,3284.09,56,True,Tardía,"Hora pico, Distancia larga"
2319,1,31,9,50,2026-04-30,06:45:00,2026-04-30,14:45:00,2026-04-30,14:45:00,11.57,30,251.35,35.7,26.78,3153.75,956.05,4109.8,0,False,Entregada,Entrega realizada en tiempo
2320,14,28,2,36,2026-06-26,19:07:00,2026-06-26,23:01:00,2026-06-26,23:01:00,3.34,79,108.84,15.96,26.34,2010.2,420.39,2430.59,0,False,Entregada,Entrega realizada en tiempo
2321,17,13,44,39,2026-08-14,15:16:00,2026-08-14,23:39:00,2026-08-14,23:39:00,12.63,62,225.03,18.35,23.48,3384.15,430.86,3815.01,0,False,Entregada,Entrega realizada en tiempo
2322,26,32,22,15,2026-01-11,17:56:00,2026-01-11,20:19:00,2026-01-11,20:19:00,3.82,54,61.13,5.54,23.42,1619.65,129.75,1749.4,0,False,Entregada,Entrega realizada en tiempo
2323,1,12,52,19,2026-05-21,05:43:00,2026-05-21,18:24:00,2026-05-21,18:24:00,0.74,71,397.88,56.92,24.41,3131.4,1389.42,4520.82,0,False,Entregada,Entrega realizada en tiempo
2324,65,3,1,11,2026-06-16,11:42:00,2026-06-16,14:28:00,2026-06-16,14:28:00,4.34,38,76.27,16.37,26.07,1619.35,426.77,2046.12,0,False,Entregada,Entrega realizada en tiempo
2325,28,26,12,11,2026-07-31,08:25:00,2026-07-31,11:11:00,2026-07-31,12:12:00,13.84,75,73.92,10.54,26.05,2853.6,274.57,3128.17,61,True,Tardía,"Hora pico, Carga pesada"
2326,71,23,55,30,2026-03-08,15:42:00,2026-03-08,20:50:00,2026-03-08,21:14:00,1.36,61,138.79,25.42,25.73,1817.95,654.06,2472.01,24,True,Tardía,Incidencia operativa
2327,46,5,28,40,2026-06-26,08:15:00,2026-06-26,01:17:00,2026-06-27,01:17:00,15.73,74,446.96,56.15,26.66,4899.8,1496.96,6396.76,0,False,Entregada,Entrega realizada en tiempo
2328,47,10,6,21,2026-01-15,08:53:00,2026-01-15,15:56:00,2026-01-15,15:56:00,1.14,53,289.29,29.02,26.29,2484.45,762.94,3247.39,0,False,Entregada,Entrega realizada en tiempo
2329,50,5,1,31,2026-01-03,09:12:00,2026-01-03,16:44:00,2026-01-03,17:35:00,12.58,47,196.6,24.7,26.07,3117.0,643.93,3760.93,51,True,Tardía,Hora pico
2330,21,19,55,14,2026-06-29,08:39:00,2026-06-29,17:24:00,2026-06-29,17:24:00,5.77,69,264.28,26.04,25.31,2950.4,659.07,3609.47,0,False,Entregada,Entrega realizada en tiempo
2331,37,35,55,19,2026-05-09,07:14:00,2026-05-09,19:55:00,2026-05-09,20:33:00,0.93,4,350.83,47.35,26.26,2379.15,1243.41,3622.56,38,True,Tardía,"Hora pico, Distancia larga"
2332,41,15,3,10,2026-01-26,14:58:00,2026-01-26,17:23:00,2026-01-26,17:23:00,0.89,10,83.81,17.24,25.88,1088.05,446.17,1534.22,0,False,Entregada,Entrega realizada en tiempo
2333,98,36,25,45,2026-03-16,15:45:00,2026-03-16,18:26:00,2026-03-16,18:26:00,0.54,32,80.91,9.54,26.47,1214.55,252.52,1467.07,0,False,Entregada,Entrega realizada en tiempo
2334,79,22,15,20,2026-05-21,07:05:00,2026-05-21,08:38:00,2026-05-21,08:38:00,1.2,1,58.79,5.69,26.28,921.95,149.53,1071.48,0,False,Entregada,Entrega realizada en tiempo
2335,98,18,59,32,2026-04-18,11:49:00,2026-04-18,23:53:00,2026-04-18,23:53:00,0.39,20,413.67,38.73,26.28,2767.35,1017.82,3785.17,0,False,Entregada,Entrega realizada en tiempo
2336,75,28,55,8,2026-03-23,18:15:00,2026-03-23,21:43:00,2026-03-23,21:43:00,6.58,71,108.41,15.9,25.98,2268.05,413.08,2681.13,0,False,Entregada,Entrega realizada en tiempo
2337,15,9,35,50,2026-01-20,17:58:00,2026-01-20,01:58:00,2026-01-21,01:58:00,0.47,64,250.68,20.5,23.39,2312.4,479.5,2791.9,0,False,Entregada,Entrega realizada en tiempo
2338,30,38,24,49,2026-05-25,18:32:00,2026-05-25,09:03:00,2026-05-26,10:02:00,13.47,13,388.61,33.02,23.18,3894.05,765.4,4659.45,59,True,Tardía,"Hora pico, Distancia larga, Carga pesada"
2339,86,39,30,11,2026-02-28,15:01:00,2026-02-28,17:47:00,2026-02-28,17:47:00,6.11,20,68.82,5.55,24.17,1615.1,134.14,1749.24,0,False,Entregada,Entrega realizada en tiempo
2340,98,24,50,18,2026-04-19,17:29:00,2026-04-19,09:37:00,2026-04-20,10:16:00,3.1,19,395.49,37.07,23.11,2939.45,856.69,3796.14,39,True,Tardía,"Hora pico, Distancia larga"
2341,27,4,53,33,2026-04-29,08:23:00,2026-04-29,17:17:00,2026-04-29,17:17:00,0.68,50,254.72,42.81,26.02,2241.6,1113.92,3355.52,0,False,Entregada,Entrega realizada en tiempo
2342,62,35,42,49,2026-02-28,18:42:00,2026-02-28,09:13:00,2026-03-01,10:07:00,0.25,8,421.93,56.94,26.91,2698.65,1532.26,4230.91,54,True,Tardía,"Hora pico, Distancia larga"
2343,68,2,50,12,2026-04-24,12:52:00,2026-04-24,00:30:00,2026-04-25,00:30:00,4.14,10,430.1,86.71,25.01,3144.5,2168.62,5313.12,0,False,Entregada,Entrega realizada en tiempo
2344,42,30,43,12,2026-04-09,06:10:00,2026-04-09,17:48:00,2026-04-09,18:23:00,10.9,73,421.15,36.18,25.74,4279.75,931.27,5211.02,35,True,Tardía,Distancia larga
2345,52,10,58,29,2026-02-17,20:33:00,2026-02-17,01:47:00,2026-02-18,01:47:00,3.02,39,195.15,19.57,24.79,2089.75,485.14,2574.89,0,False,Entregada,Entrega realizada en tiempo
2346,55,17,9,1,2026-04-25,15:43:00,2026-04-25,22:02:00,2026-04-25,22:02:00,0.73,27,195.3,34.69,26.78,1765.5,929.0,2694.5,0,False,Entregada,Entrega realizada en tiempo
2347,91,14,22,14,2026-07-06,20:58:00,2026-07-06,05:43:00,2026-07-07,05:43:00,5.72,52,296.28,31.93,25.77,2969.4,822.84,3792.24,0,False,Entregada,Entrega realizada en tiempo
2348,46,39,9,14,2026-05-16,16:46:00,2026-05-16,01:31:00,2026-05-17,01:31:00,4.99,65,263.48,21.27,25.43,2836.4,540.9,3377.3,0,False,Entregada,Entrega realizada en tiempo
2349,53,2,52,17,2026-05-13,19:25:00,2026-05-13,01:43:00,2026-05-14,01:43:00,10.75,76,163.98,33.06,23.71,3002.9,783.85,3786.75,0,False,Entregada,Entrega realizada en tiempo
2350,89,22,50,24,2026-07-19,10:16:00,2026-07-19,18:53:00,2026-07-19,19:43:00,1.4,1,292.49,28.29,26.09,2110.45,738.09,2848.54,50,True,Tardía,"Tráfico alto, Carga pesada"
2351,61,13,37,27,2026-07-10,07:57:00,2026-07-10,19:40:00,2026-07-10,19:40:00,7.36,42,333.21,27.18,24.8,3238.05,674.06,3912.11,0,False,Entregada,Entrega realizada en tiempo
2352,33,1,21,13,2026-06-24,13:26:00,2026-06-24,01:09:00,2026-06-25,01:53:00,1.07,58,312.52,30.17,25.0,2633.6,754.25,3387.85,44,True,Tardía,Distancia larga
2353,44,23,17,11,2026-04-22,07:37:00,2026-04-22,10:23:00,2026-04-22,10:23:00,0.94,4,77.11,14.12,26.13,1011.55,368.96,1380.51,0,False,Entregada,Entrega realizada en tiempo
2354,34,10,55,12,2026-05-03,09:55:00,2026-05-03,21:33:00,2026-05-03,21:33:00,6.45,52,446.49,44.78,23.52,3793.45,1053.23,4846.68,0,False,Entregada,Entrega realizada en tiempo
2355,94,14,12,4,2026-06-30,09:11:00,2026-06-30,11:45:00,2026-06-30,11:45:00,0.83,19,110.76,11.94,23.43,1288.8,279.75,1568.55,0,False,Entregada,Entrega realizada en tiempo
2356,10,30,54,24,2026-06-16,18:27:00,2026-06-16,03:04:00,2026-06-17,04:07:00,11.0,78,296.24,25.45,23.23,3705.2,591.2,4296.4,63,True,Tardía,"Tráfico alto, Hora pico, Carga pesada"
2357,38,11,40,35,2026-04-06,08:18:00,2026-04-06,11:52:00,2026-04-06,11:52:00,1.95,35,138.35,28.94,24.62,1666.75,712.5,2379.25,0,False,Entregada,Entrega realizada en tiempo
2358,71,15,3,24,2026-02-14,08:53:00,2026-02-14,17:30:00,2026-02-14,17:30:00,0.85,55,317.48,65.33,23.03,2612.4,1504.55,4116.95,0,False,Entregada,Entrega realizada en tiempo
2359,75,12,12,2,2026-02-16,16:36:00,2026-02-16,02:31:00,2026-02-17,03:04:00,0.99,71,289.29,41.39,25.71,2613.45,1064.14,3677.59,33,True,Tardía,Tráfico alto
2360,35,32,54,5,2026-01-16,16:34:00,2026-01-16,02:30:00,2026-01-17,02:30:00,1.15,4,262.65,23.79,24.8,1960.25,589.99,2550.24,0,False,Entregada,Entrega realizada en tiempo
2361,98,2,59,14,2026-07-26,07:25:00,2026-07-26,16:10:00,2026-07-26,16:10:00,5.44,25,274.77,55.4,26.11,2617.85,1446.49,4064.34,0,False,Entregada,Entrega realizada en tiempo
2362,44,1,3,19,2026-05-30,09:13:00,2026-05-30,21:54:00,2026-05-30,22:50:00,1.45,24,384.98,37.16,24.51,2761.9,910.79,3672.69,56,True,Tardía,"Hora pico, Distancia larga, Carga pesada"
2363,29,8,56,29,2026-02-10,11:50:00,2026-02-10,17:04:00,2026-02-10,17:04:00,2.75,57,203.17,21.71,23.97,2246.85,520.39,2767.24,0,False,Entregada,Entrega realizada en tiempo
2364,72,1,35,15,2026-05-25,06:47:00,2026-05-25,09:10:00,2026-05-25,09:10:00,1.25,51,68.2,6.58,24.3,1374.0,159.89,1533.89,0,False,Entregada,Entrega realizada en tiempo
2365,8,11,57,23,2026-06-07,20:20:00,2026-06-07,05:41:00,2026-06-08,05:41:00,2.34,14,256.42,53.64,23.88,2128.1,1280.92,3409.02,0,False,Entregada,Entrega realizada en tiempo
2366,78,15,9,30,2026-06-29,09:48:00,2026-06-29,14:56:00,2026-06-29,15:18:00,0.25,64,136.81,28.15,26.58,1721.05,748.23,2469.28,22,True,Tardía,Hora pico
2367,16,25,15,23,2026-06-16,06:19:00,2026-06-16,15:40:00,2026-06-16,15:40:00,1.52,73,258.66,55.03,23.24,2529.3,1278.9,3808.2,0,False,Entregada,Entrega realizada en tiempo
2368,56,27,29,26,2026-06-15,13:52:00,2026-06-15,19:51:00,2026-06-15,19:51:00,7.35,22,169.98,21.85,23.66,2260.9,516.97,2777.87,0,False,Entregada,Entrega realizada en tiempo
2369,83,20,23,14,2026-05-31,18:16:00,2026-05-31,03:01:00,2026-06-01,03:01:00,7.73,80,254.41,34.52,25.35,3185.05,875.08,4060.13,0,False,Entregada,Entrega realizada en tiempo
2370,3,29,47,1,2026-05-10,20:27:00,2026-05-10,02:46:00,2026-05-11,02:46:00,10.57,39,191.23,19.98,24.67,2825.15,492.91,3318.06,0,False,Entregada,Entrega realizada en tiempo
2371,64,24,49,27,2026-08-05,05:10:00,2026-08-05,16:53:00,2026-08-05,16:53:00,6.49,6,327.93,30.73,25.66,2836.65,788.53,3625.18,0,False,Entregada,Entrega realizada en tiempo
2372,14,37,54,11,2026-06-02,06:10:00,2026-06-02,08:56:00,2026-06-02,08:56:00,1.01,24,75.84,8.09,26.62,1172.2,215.36,1387.56,0,False,Entregada,Entrega realizada en tiempo
2373,100,20,57,16,2026-06-08,06:17:00,2026-06-08,20:45:00,2026-06-08,20:45:00,7.61,34,402.46,54.61,26.66,3545.3,1455.9,5001.2,0,False,Entregada,Entrega realizada en tiempo
2374,75,15,12,11,2026-03-31,09:15:00,2026-03-31,12:01:00,2026-03-31,12:28:00,0.81,27,73.93,15.21,24.43,1166.65,371.58,1538.23,27,True,Tardía,Hora pico
2375,6,10,52,24,2026-06-16,13:22:00,2026-06-16,21:59:00,2026-06-16,22:50:00,11.28,8,314.74,31.57,24.31,3265.7,767.47,4033.17,51,True,Tardía,"Tráfico alto, Distancia larga"
2376,92,3,15,26,2026-05-29,19:52:00,2026-05-29,01:51:00,2026-05-30,01:51:00,6.23,71,162.62,34.9,24.14,2504.1,842.49,3346.59,0,False,Entregada,Entrega realizada en tiempo
2377,27,40,13,49,2026-07-18,10:12:00,2026-07-18,00:43:00,2026-07-19,01:17:00,0.89,21,364.49,56.95,26.68,2579.45,1519.43,4098.88,34,True,Tardía,Distancia larga
2378,76,28,9,1,2026-07-27,20:01:00,2026-07-27,02:20:00,2026-07-28,02:20:00,7.38,45,175.86,25.79,25.96,2477.3,669.51,3146.81,0,False,Entregada,Entrega realizada en tiempo
2379,83,15,8,9,2026-08-01,11:48:00,2026-08-01,19:21:00,2026-08-01,19:49:00,0.28,35,193.24,39.76,23.23,1774.2,923.62,2697.82,28,True,Tardía,Incidencia operativa
2380,100,22,49,39,2026-04-11,13:58:00,2026-04-11,22:21:00,2026-04-11,22:21:00,1.08,79,211.78,20.48,23.54,2298.9,482.1,2781.0,0,False,Entregada,Entrega realizada en tiempo
2381,8,8,10,16,2026-05-08,15:12:00,2026-05-08,05:40:00,2026-05-09,05:40:00,1.82,10,432.28,46.18,24.24,2923.4,1119.4,4042.8,0,False,Entregada,Entrega realizada en tiempo
2382,48,18,11,5,2026-01-04,15:11:00,2026-01-04,01:07:00,2026-01-05,01:07:00,0.51,77,311.51,29.17,24.07,2724.55,702.12,3426.67,0,False,Entregada,Entrega realizada en tiempo
2383,12,37,14,29,2026-03-29,08:37:00,2026-03-29,13:51:00,2026-03-29,14:30:00,1.01,17,187.11,19.95,23.4,1672.55,466.83,2139.38,39,True,Tardía,"Hora pico, Carga pesada"
2384,48,15,47,26,2026-02-02,16:54:00,2026-02-02,22:53:00,2026-02-02,22:53:00,0.5,36,175.5,36.11,23.6,1715.5,852.2,2567.7,0,False,Entregada,Entrega realizada en tiempo
2385,66,26,17,25,2026-01-27,08:44:00,2026-01-27,18:10:00,2026-01-27,18:10:00,0.73,4,340.91,48.63,24.7,2309.55,1201.16,3510.71,0,False,Entregada,Entrega realizada en tiempo
2386,58,15,2,1,2026-05-27,09:42:00,2026-05-27,16:01:00,2026-05-27,16:01:00,0.51,69,202.04,41.57,24.26,2113.2,1008.49,3121.69,0,False,Entregada,Entrega realizada en tiempo
2387,18,18,4,13,2026-02-12,08:04:00,2026-02-12,19:47:00,2026-02-12,19:47:00,0.21,46,322.19,30.17,26.44,2499.95,797.69,3297.64,0,False,Entregada,Entrega realizada en tiempo
2388,46,1,21,7,2026-03-11,09:46:00,2026-03-11,13:57:00,2026-03-11,14:35:00,1.28,18,122.91,11.86,24.2,1386.55,287.01,1673.56,38,True,Tardía,Hora pico
2389,86,4,34,29,2026-05-05,17:40:00,2026-05-05,22:54:00,2026-05-05,22:54:00,0.4,18,203.86,34.26,25.42,1703.3,870.89,2574.19,0,False,Entregada,Entrega realizada en tiempo
2390,17,24,45,48,2026-03-06,08:09:00,2026-03-06,13:22:00,2026-03-06,13:22:00,3.56,12,187.3,17.55,23.95,1888.5,420.32,2308.82,0,False,Entregada,Entrega realizada en tiempo
2391,33,21,45,35,2026-07-22,08:37:00,2026-07-22,12:11:00,2026-07-22,12:11:00,0.57,24,147.3,20.6,26.88,1485.5,553.73,2039.23,0,False,Entregada,Entrega realizada en tiempo
2392,39,35,31,32,2026-01-11,16:31:00,2026-01-11,04:35:00,2026-01-12,04:35:00,0.69,49,349.1,47.11,23.79,2706.5,1120.75,3827.25,0,False,Entregada,Entrega realizada en tiempo
2393,27,16,49,11,2026-05-31,20:27:00,2026-05-31,23:13:00,2026-05-31,23:42:00,2.28,46,76.87,6.91,26.77,1480.35,184.98,1665.33,29,True,Tardía,Incidencia operativa
2394,22,22,30,46,2026-05-19,12:27:00,2026-05-19,03:17:00,2026-05-20,03:58:00,0.52,36,392.9,38.0,25.55,2804.5,970.9,3775.4,41,True,Tardía,Distancia larga
2395,46,34,34,13,2026-08-01,20:10:00,2026-08-01,07:53:00,2026-08-02,07:53:00,4.34,42,335.31,27.85,25.84,2946.55,719.64,3666.19,0,False,Entregada,Entrega realizada en tiempo
2396,62,9,26,12,2026-01-05,19:17:00,2026-01-05,06:55:00,2026-01-06,06:55:00,0.24,51,423.23,34.61,25.63,3048.15,887.05,3935.2,0,False,Entregada,Entrega realizada en tiempo
2397,100,11,24,20,2026-02-25,13:47:00,2026-02-25,15:20:00,2026-02-25,15:48:00,0.68,48,53.78,11.25,24.57,1220.9,276.41,1497.31,28,True,Tardía,Incidencia operativa
2398,72,11,12,12,2026-08-11,14:00:00,2026-08-11,01:38:00,2026-08-12,01:38:00,0.41,14,443.67,92.82,24.41,2871.35,2265.74,5137.09,0,False,Entregada,Entrega realizada en tiempo
2399,85,26,11,49,2026-08-15,12:28:00,2026-08-15,02:59:00,2026-08-16,02:59:00,1.91,23,353.26,50.39,23.75,2641.3,1196.76,3838.06,0,False,Entregada,Entrega realizada en tiempo
2400,98,17,57,12,2026-06-15,05:05:00,2026-06-15,16:43:00,2026-06-15,16:43:00,0.59,22,444.45,78.94,23.98,2957.25,1892.98,4850.23,0,False,Entregada,Entrega realizada en tiempo
2401,36,6,19,37,2026-05-27,09:38:00,2026-05-27,02:56:00,2026-05-28,02:56:00,0.53,2,444.96,65.05,25.42,2793.8,1653.57,4447.37,0,False,Entregada,Entrega realizada en tiempo
2402,84,27,26,11,2026-08-01,17:02:00,2026-08-01,19:48:00,2026-08-01,19:48:00,0.74,18,71.53,9.19,23.0,1075.65,211.37,1287.02,0,False,Entregada,Entrega realizada en tiempo
2403,44,4,38,24,2026-04-21,09:11:00,2026-04-21,17:48:00,2026-04-21,18:48:00,1.54,9,319.62,53.72,25.87,2324.1,1389.74,3713.84,60,True,Tardía,"Tráfico alto, Hora pico, Distancia larga"
2404,79,5,4,48,2026-07-14,07:36:00,2026-07-14,12:49:00,2026-07-14,13:56:00,6.31,29,176.87,22.22,23.71,2247.35,526.84,2774.19,67,True,Tardía,"Tráfico alto, Hora pico"
2405,21,20,54,30,2026-01-24,07:37:00,2026-01-24,12:45:00,2026-01-24,12:45:00,1.54,29,127.84,17.35,23.02,1525.2,399.4,1924.6,0,False,Entregada,Entrega realizada en tiempo
2406,6,27,2,34,2026-02-06,17:31:00,2026-02-06,21:22:00,2026-02-06,21:22:00,1.54,5,114.69,14.74,24.12,1267.45,355.53,1622.98,0,False,Entregada,Entrega realizada en tiempo
2407,15,27,54,4,2026-05-02,16:55:00,2026-05-02,19:29:00,2026-05-02,19:29:00,13.18,17,114.63,14.73,23.87,2527.15,351.61,2878.76,0,False,Entregada,Entrega realizada en tiempo
2408,68,23,1,1,2026-05-27,13:14:00,2026-05-27,19:33:00,2026-05-27,20:02:00,1.56,60,190.65,34.92,23.36,2089.25,815.73,2904.98,29,True,Tardía,Carga pesada
2409,55,10,55,15,2026-06-22,08:13:00,2026-06-22,10:36:00,2026-06-22,10:36:00,13.09,26,60.45,6.06,23.46,2319.25,142.17,2461.42,0,False,Entregada,Entrega realizada en tiempo
2410,83,40,17,19,2026-07-02,07:27:00,2026-07-02,20:08:00,2026-07-02,20:49:00,1.04,39,369.97,57.81,24.4,2765.85,1410.56,4176.41,41,True,Tardía,"Hora pico, Distancia larga"
2411,37,8,59,48,2026-02-20,17:11:00,2026-02-20,22:24:00,2026-02-20,22:24:00,3.02,60,192.31,20.55,26.58,2243.55,546.22,2789.77,0,False,Entregada,Entrega realizada en tiempo
2412,67,24,31,27,2026-07-12,06:27:00,2026-07-12,18:10:00,2026-07-12,18:10:00,2.03,27,303.41,28.44,25.42,2436.05,722.94,3158.99,0,False,Entregada,Entrega realizada en tiempo
2413,24,40,3,18,2026-08-14,16:51:00,2026-08-14,08:59:00,2026-08-15,08:59:00,1.43,9,390.03,60.94,26.43,2665.15,1610.64,4275.79,0,False,Entregada,Entrega realizada en tiempo
2414,13,33,36,29,2026-01-06,07:53:00,2026-01-06,13:07:00,2026-01-06,13:07:00,0.57,64,201.73,25.73,25.26,2077.65,649.94,2727.59,0,False,Entregada,Entrega realizada en tiempo
2415,23,20,45,12,2026-01-11,09:18:00,2026-01-11,20:56:00,2026-01-11,21:41:00,7.85,72,420.81,57.1,23.31,3965.05,1331.0,5296.05,45,True,Tardía,"Hora pico, Distancia larga"
2416,64,11,15,18,2026-03-30,16:49:00,2026-03-30,08:57:00,2026-03-31,08:57:00,1.22,43,413.33,86.47,25.0,3032.65,2161.75,5194.4,0,False,Entregada,Entrega realizada en tiempo
2417,50,37,17,29,2026-05-26,05:10:00,2026-05-26,10:24:00,2026-05-26,10:24:00,0.95,46,189.14,20.16,26.09,1908.7,525.97,2434.67,0,False,Entregada,Entrega realizada en tiempo
2418,48,15,25,49,2026-02-05,16:35:00,2026-02-05,07:06:00,2026-02-06,07:40:00,0.67,73,357.27,73.51,23.79,2937.35,1748.8,4686.15,34,True,Tardía,Distancia larga
2419,56,18,5,42,2026-01-04,05:38:00,2026-01-04,08:49:00,2026-01-04,09:39:00,0.21,44,106.14,9.94,26.54,1403.7,263.81,1667.51,50,True,Tardía,Tráfico alto
2420,62,18,12,6,2026-04-11,11:15:00,2026-04-11,12:09:00,2026-04-11,12:09:00,0.54,42,29.05,2.72,25.41,1035.25,69.12,1104.37,0,False,Entregada,Entrega realizada en tiempo
2421,5,38,50,15,2026-05-03,20:04:00,2026-05-03,22:27:00,2026-05-03,22:27:00,1.38,34,65.23,5.54,23.2,1236.15,128.53,1364.68,0,False,Entregada,Entrega realizada en tiempo
2422,63,27,48,7,2026-03-17,10:29:00,2026-03-17,14:40:00,2026-03-17,14:40:00,12.73,65,125.04,16.07,25.09,2918.2,403.2,3321.4,0,False,Entregada,Entrega realizada en tiempo
2423,36,14,30,4,2026-04-12,15:05:00,2026-04-12,17:39:00,2026-04-12,17:39:00,1.1,70,106.85,11.51,26.37,1704.25,303.52,2007.77,0,False,Entregada,Entrega realizada en tiempo
2424,45,27,17,27,2026-08-06,17:08:00,2026-08-06,04:51:00,2026-08-07,04:51:00,10.49,50,308.7,39.68,24.62,3492.5,976.92,4469.42,0,False,Entregada,Entrega realizada en tiempo
2425,9,24,43,20,2026-08-14,07:33:00,2026-08-14,09:06:00,2026-08-14,09:06:00,5.91,48,60.66,5.69,25.99,1778.3,147.88,1926.18,0,False,Entregada,Entrega realizada en tiempo
2426,74,3,4,10,2026-04-26,18:59:00,2026-04-26,21:24:00,2026-04-26,21:24:00,10.45,22,85.04,18.25,23.44,2146.2,427.78,2573.98,0,False,Entregada,Entrega realizada en tiempo
2427,100,34,20,22,2026-01-11,17:41:00,2026-01-11,01:20:00,2026-01-12,01:20:00,1.28,72,308.95,25.66,24.16,2748.75,619.95,3368.7,0,False,Entregada,Entrega realizada en tiempo
2428,31,24,27,49,2026-08-14,16:02:00,2026-08-14,06:33:00,2026-08-15,06:33:00,1.51,44,416.89,39.07,23.91,3087.45,934.16,4021.61,0,False,Entregada,Entrega realizada en tiempo
2429,32,29,18,28,2026-06-01,19:15:00,2026-06-01,02:16:00,2026-06-02,03:06:00,20.96,28,286.92,29.98,24.76,4254.6,742.3,4996.9,50,True,Tardía,Hora pico
2430,28,2,53,26,2026-05-01,08:35:00,2026-05-01,14:34:00,2026-05-01,15:30:00,5.1,18,157.81,31.82,26.55,1943.05,844.82,2787.87,56,True,Tardía,"Tráfico alto, Hora pico"
2431,61,37,42,18,2026-07-18,07:39:00,2026-07-18,23:47:00,2026-07-18,23:47:00,0.87,3,423.95,45.2,24.81,2730.75,1121.41,3852.16,0,False,Entregada,Entrega realizada en tiempo
2432,83,33,28,22,2026-02-25,19:48:00,2026-02-25,03:27:00,2026-02-26,03:27:00,0.37,43,327.7,41.8,26.23,2519.5,1096.41,3615.91,0,False,Entregada,Entrega realizada en tiempo
2433,6,25,31,49,2026-02-22,16:13:00,2026-02-22,06:44:00,2026-02-23,06:44:00,0.64,39,373.96,79.57,23.68,2745.8,1884.22,4630.02,0,False,Entregada,Entrega realizada en tiempo
2434,66,40,56,33,2026-07-13,18:25:00,2026-07-13,03:19:00,2026-07-14,03:19:00,0.82,4,262.6,41.03,24.26,1927.0,995.39,2922.39,0,False,Entregada,Entrega realizada en tiempo
2435,82,21,55,2,2026-08-05,12:36:00,2026-08-05,22:31:00,2026-08-05,23:13:00,1.72,18,290.03,40.56,24.05,2266.15,975.47,3241.62,42,True,Tardía,"Tráfico alto, Carga pesada"
2436,72,28,49,45,2026-07-15,07:34:00,2026-07-15,10:15:00,2026-07-15,10:15:00,1.36,52,79.49,11.66,24.77,1449.45,288.82,1738.27,0,False,Entregada,Entrega realizada en tiempo
2437,53,26,14,12,2026-08-03,06:48:00,2026-08-03,18:26:00,2026-08-03,18:26:00,11.35,9,411.2,58.66,23.65,3763.0,1387.31,5150.31,0,False,Entregada,Entrega realizada en tiempo
2438,87,1,31,13,2026-07-27,09:49:00,2026-07-27,21:32:00,2026-07-27,21:32:00,1.03,66,289.88,27.98,23.32,2580.4,652.49,3232.89,0,False,Entregada,Entrega realizada en tiempo
2439,73,35,60,11,2026-05-06,08:35:00,2026-05-06,11:21:00,2026-05-06,11:21:00,0.24,20,71.48,9.65,24.29,1041.4,234.4,1275.8,0,False,Entregada,Entrega realizada en tiempo
2440,99,14,50,15,2026-04-29,07:29:00,2026-04-29,09:52:00,2026-04-29,09:52:00,6.06,1,67.66,7.29,26.29,1452.3,191.65,1643.95,0,False,Entregada,Entrega realizada en tiempo
2441,40,40,17,11,2026-04-14,12:10:00,2026-04-14,14:56:00,2026-04-14,14:56:00,0.32,4,72.76,11.37,25.78,927.8,293.12,1220.92,0,False,Entregada,Entrega realizada en tiempo
2442,69,16,57,6,2026-06-22,10:20:00,2026-06-22,11:14:00,2026-06-22,11:14:00,18.09,39,27.88,2.5,25.56,2760.4,63.9,2824.3,0,False,Entregada,Entrega realizada en tiempo
2443,89,2,8,19,2026-04-02,16:28:00,2026-04-02,05:09:00,2026-04-03,05:09:00,13.7,4,347.08,69.98,25.4,3637.4,1777.49,5414.89,0,False,Entregada,Entrega realizada en tiempo
2444,9,40,22,35,2026-04-23,09:00:00,2026-04-23,12:34:00,2026-04-23,13:31:00,1.44,48,154.84,24.19,26.83,1802.2,649.02,2451.22,57,True,Tardía,"Hora pico, Carga pesada"
2445,35,15,36,33,2026-07-10,11:42:00,2026-07-10,20:36:00,2026-07-10,20:36:00,1.07,32,290.94,59.86,25.79,2317.7,1543.79,3861.49,0,False,Entregada,Entrega realizada en tiempo
2446,89,5,30,47,2026-05-18,08:26:00,2026-05-18,20:10:00,2026-05-18,21:24:00,6.88,61,363.73,45.69,26.82,3494.65,1225.41,4720.06,74,True,Tardía,"Tráfico alto, Hora pico, Distancia larga"
2447,35,15,44,8,2026-03-29,19:37:00,2026-03-29,23:05:00,2026-03-29,23:48:00,0.45,7,96.54,19.86,26.53,1083.7,526.89,1610.59,43,True,Tardía,Hora pico
2448,75,10,58,42,2026-05-11,07:21:00,2026-05-11,10:32:00,2026-05-11,11:15:00,13.09,1,102.45,10.28,24.9,2329.25,255.97,2585.22,43,True,Tardía,"Tráfico alto, Hora pico"
2449,77,10,27,41,2026-03-18,06:28:00,2026-03-18,13:44:00,2026-03-18,14:25:00,17.29,7,183.91,18.45,25.16,3204.55,464.2,3668.75,41,True,Tardía,Carga pesada
2450,67,5,30,11,2026-04-13,08:33:00,2026-04-13,11:19:00,2026-04-13,11:19:00,14.87,22,75.51,9.49,24.66,2540.55,234.02,2774.57,0,False,Entregada,Entrega realizada en tiempo
2451,23,19,54,20,2026-08-04,19:20:00,2026-08-04,20:53:00,2026-08-04,20:53:00,0.67,4,57.72,5.69,23.08,887.6,131.33,1018.93,0,False,Entregada,Entrega realizada en tiempo
2452,19,34,33,43,2026-05-29,13:36:00,2026-05-29,05:03:00,2026-05-30,05:03:00,2.52,24,427.15,35.48,24.87,3079.75,882.39,3962.14,0,False,Entregada,Entrega realizada en tiempo
2453,36,6,5,27,2026-05-19,05:27:00,2026-05-19,17:10:00,2026-05-19,17:10:00,1.43,76,322.85,47.2,25.88,2865.25,1221.54,4086.79,0,False,Entregada,Entrega realizada en tiempo
2454,50,8,11,31,2026-04-14,15:08:00,2026-04-14,22:40:00,2026-04-14,22:40:00,4.4,2,216.5,23.13,25.12,2038.5,581.03,2619.53,0,False,Entregada,Entrega realizada en tiempo
2455,3,16,40,8,2026-04-27,06:40:00,2026-04-27,10:08:00,2026-04-27,10:08:00,7.59,23,105.46,9.48,24.69,1970.3,234.06,2204.36,0,False,Entregada,Entrega realizada en tiempo
2456,87,17,18,18,2026-02-25,13:51:00,2026-02-25,05:59:00,2026-02-26,05:59:00,0.58,77,456.04,81.0,25.6,3454.2,2073.6,5527.8,0,False,Entregada,Entrega realizada en tiempo
2457,83,17,22,34,2026-06-24,18:57:00,2026-06-24,22:48:00,2026-06-24,23:12:00,0.36,1,118.45,21.04,26.24,1136.25,552.09,1688.34,24,True,Tardía,Hora pico
2458,85,10,20,11,2026-06-18,14:13:00,2026-06-18,16:59:00,2026-06-18,16:59:00,4.22,53,69.84,7.01,25.34,1695.2,177.63,1872.83,0,False,Entregada,Entrega realizada en tiempo
2459,20,15,30,24,2026-03-05,05:11:00,2026-03-05,13:48:00,2026-03-05,13:48:00,0.9,71,308.98,63.58,25.28,2702.9,1607.3,4310.2,0,False,Entregada,Entrega realizada en tiempo
2460,52,4,16,40,2026-04-07,17:00:00,2026-04-07,10:02:00,2026-04-08,10:02:00,1.62,17,451.26,75.84,24.17,3054.3,1833.05,4887.35,0,False,Entregada,Entrega realizada en tiempo
2461,49,21,9,49,2026-06-26,12:02:00,2026-06-26,02:33:00,2026-06-27,02:33:00,1.35,46,366.75,51.29,25.79,2836.75,1322.77,4159.52,0,False,Entregada,Entrega realizada en tiempo
2462,55,17,33,49,2026-01-21,20:52:00,2026-01-21,11:23:00,2026-01-22,11:23:00,0.25,57,372.03,66.08,26.12,2841.15,1726.01,4567.16,0,False,Entregada,Entrega realizada en tiempo
2463,36,2,16,26,2026-07-31,11:53:00,2026-07-31,17:52:00,2026-07-31,17:52:00,7.92,66,157.3,31.71,23.48,2606.5,744.55,3351.05,0,False,Entregada,Entrega realizada en tiempo
2464,92,37,29,32,2026-03-05,19:23:00,2026-03-05,07:27:00,2026-03-06,07:27:00,0.51,36,372.62,39.72,24.6,2702.1,977.11,3679.21,0,False,Entregada,Entrega realizada en tiempo
2465,20,13,9,15,2026-04-20,06:24:00,2026-04-20,08:47:00,2026-04-20,08:47:00,1.45,52,64.03,5.22,25.42,1381.15,132.69,1513.84,0,False,Entregada,Entrega realizada en tiempo
2466,80,34,27,19,2026-05-30,07:08:00,2026-05-30,19:49:00,2026-05-30,19:49:00,7.45,48,348.37,28.93,25.27,3370.85,731.06,4101.91,0,False,Entregada,Entrega realizada en tiempo
2467,63,12,9,48,2026-01-13,11:11:00,2026-01-13,16:24:00,2026-01-13,16:24:00,0.94,78,189.06,27.05,23.74,2163.3,642.17,2805.47,0,False,Entregada,Entrega realizada en tiempo
2468,53,37,40,9,2026-01-03,15:26:00,2026-01-03,22:59:00,2026-01-03,23:23:00,0.57,51,203.11,21.65,26.79,1980.55,580.0,2560.55,24,True,Tardía,Incidencia operativa
2469,73,38,27,12,2026-02-18,14:24:00,2026-02-18,02:02:00,2026-02-19,02:02:00,6.27,79,417.49,35.47,26.63,3846.45,944.57,4791.02,0,False,Entregada,Entrega realizada en tiempo
2470,77,10,38,48,2026-06-04,20:15:00,2026-06-04,01:28:00,2026-06-05,01:28:00,0.34,28,190.0,19.06,25.21,1708.0,480.5,2188.5,0,False,Entregada,Entrega realizada en tiempo
2471,62,26,36,33,2026-04-29,18:28:00,2026-04-29,03:22:00,2026-04-30,04:09:00,9.79,79,256.73,36.62,23.49,3394.65,860.2,4254.85,47,True,Tardía,"Tráfico alto, Hora pico"
2472,33,34,12,4,2026-05-14,11:57:00,2026-05-14,14:31:00,2026-05-14,14:31:00,3.22,78,114.81,9.54,23.38,2020.05,223.05,2243.1,0,False,Entregada,Entrega realizada en tiempo
2473,26,39,34,48,2026-02-18,07:09:00,2026-02-18,12:22:00,2026-02-18,12:49:00,3.72,17,183.38,14.8,24.16,1924.9,357.57,2282.47,27,True,Tardía,"Tráfico alto, Hora pico"
2474,7,30,60,26,2026-02-07,07:50:00,2026-02-07,13:49:00,2026-02-07,13:49:00,11.8,40,174.86,15.02,25.65,2874.3,385.26,3259.56,0,False,Entregada,Entrega realizada en tiempo
2475,5,19,47,37,2026-01-19,09:19:00,2026-01-19,02:37:00,2026-01-20,03:46:00,4.53,16,477.32,47.03,24.29,3467.6,1142.36,4609.96,69,True,Tardía,"Hora pico, Distancia larga"
2476,82,35,31,9,2026-01-09,20:27:00,2026-01-09,04:00:00,2026-01-10,04:00:00,1.19,42,194.01,26.18,24.53,1925.05,642.2,2567.25,0,False,Entregada,Entrega realizada en tiempo
2477,21,9,19,1,2026-03-26,08:03:00,2026-03-26,14:22:00,2026-03-26,14:54:00,0.5,67,183.0,14.96,23.12,2001.0,345.88,2346.88,32,True,Tardía,Hora pico
2478,63,28,28,39,2026-07-24,08:39:00,2026-07-24,17:02:00,2026-07-24,17:02:00,8.82,34,222.38,32.61,25.48,2765.9,830.9,3596.8,0,False,Entregada,Entrega realizada en tiempo
2479,17,37,53,50,2026-05-20,06:41:00,2026-05-20,14:41:00,2026-05-20,14:41:00,0.27,48,269.29,28.71,23.53,2257.45,675.55,2933.0,0,False,Entregada,Entrega realizada en tiempo
2480,1,6,31,43,2026-04-04,10:40:00,2026-04-04,02:07:00,2026-04-05,02:07:00,0.8,1,407.23,59.54,24.63,2624.15,1466.47,4090.62,0,False,Entregada,Entrega realizada en tiempo
2481,13,34,28,37,2026-03-27,18:09:00,2026-03-27,11:27:00,2026-03-28,11:27:00,4.71,38,444.57,36.92,23.03,3497.85,850.27,4348.12,0,False,Entregada,Entrega realizada en tiempo
2482,32,20,32,17,2026-01-31,09:20:00,2026-01-31,15:38:00,2026-01-31,15:38:00,11.2,29,168.59,22.88,25.63,2694.95,586.41,3281.36,0,False,Entregada,Entrega realizada en tiempo
2483,62,40,21,26,2026-01-25,05:03:00,2026-01-25,11:02:00,2026-01-25,11:02:00,1.3,64,169.76,26.52,23.79,1990.8,630.91,2621.71,0,False,Entregada,Entrega realizada en tiempo
2484,22,5,32,23,2026-01-16,10:26:00,2026-01-16,19:47:00,2026-01-16,19:47:00,1.2,12,292.91,36.8,26.05,2180.55,958.64,3139.19,0,False,Entregada,Entrega realizada en tiempo
2485,23,3,10,45,2026-03-27,07:37:00,2026-03-27,10:18:00,2026-03-27,10:18:00,6.04,26,80.9,17.36,23.77,1716.5,412.65,2129.15,0,False,Entregada,Entrega realizada en tiempo
2486,59,3,13,20,2026-07-07,09:51:00,2026-07-07,11:24:00,2026-07-07,11:24:00,5.55,38,63.01,13.52,24.24,1674.05,327.72,2001.77,0,False,Entregada,Entrega realizada en tiempo
2487,58,19,36,39,2026-01-01,11:31:00,2026-01-01,19:54:00,2026-01-01,20:21:00,2.47,56,201.78,19.88,24.66,2203.9,490.24,2694.14,27,True,Tardía,Incidencia operativa
2488,17,15,21,5,2026-08-15,05:44:00,2026-08-15,15:40:00,2026-08-15,15:40:00,0.32,61,276.7,56.93,23.3,2403.5,1326.47,3729.97,0,False,Entregada,Entrega realizada en tiempo
2489,97,39,5,31,2026-06-11,06:58:00,2026-06-11,14:30:00,2026-06-11,14:30:00,6.72,72,197.41,15.93,26.9,2735.05,428.52,3163.57,0,False,Entregada,Entrega realizada en tiempo
2490,12,31,45,16,2026-06-18,09:55:00,2026-06-18,00:23:00,2026-06-19,00:23:00,6.01,69,400.35,56.87,23.31,3654.75,1325.64,4980.39,0,False,Entregada,Entrega realizada en tiempo
2491,46,25,13,17,2026-01-10,07:35:00,2026-01-10,13:53:00,2026-01-10,13:53:00,3.82,46,193.64,41.2,24.38,2218.2,1004.46,3222.66,0,False,Entregada,Entrega realizada en tiempo
2492,70,6,47,48,2026-07-26,08:20:00,2026-07-26,13:33:00,2026-07-26,14:40:00,0.63,58,200.35,29.29,24.0,2028.75,702.96,2731.71,67,True,Tardía,"Tráfico alto, Hora pico"
2493,86,8,59,26,2026-01-13,18:52:00,2026-01-13,00:51:00,2026-01-14,01:43:00,3.04,61,157.65,16.84,23.98,2080.25,403.82,2484.07,52,True,Tardía,"Tráfico alto, Hora pico"
2494,2,20,21,20,2026-01-31,20:17:00,2026-01-31,21:50:00,2026-01-31,21:50:00,11.37,3,58.54,7.94,23.99,1953.7,190.48,2144.18,0,False,Entregada,Entrega realizada en tiempo
2495,92,35,10,12,2026-01-21,20:01:00,2026-01-21,07:39:00,2026-01-22,07:39:00,1.02,27,455.55,61.48,24.57,3095.75,1510.56,4606.31,0,False,Entregada,Entrega realizada en tiempo
2496,21,3,16,33,2026-04-06,20:35:00,2026-04-06,05:29:00,2026-04-07,05:29:00,0.77,52,259.85,55.76,24.11,2292.25,1344.37,3636.62,0,False,Entregada,Entrega realizada en tiempo
2497,89,2,43,29,2026-05-17,20:00:00,2026-05-17,01:14:00,2026-05-18,01:14:00,11.92,20,179.25,36.14,23.63,2748.25,853.99,3602.24,0,False,Entregada,Entrega realizada en tiempo
2498,90,22,6,25,2026-03-14,16:45:00,2026-03-14,02:11:00,2026-03-15,02:11:00,0.45,77,312.5,30.22,23.81,2723.5,719.54,3443.04,0,False,Entregada,Entrega realizada en tiempo
2499,31,22,47,27,2026-02-03,09:03:00,2026-02-03,20:46:00,2026-02-03,20:46:00,0.23,25,330.74,31.99,24.87,2376.7,795.59,3172.29,0,False,Entregada,Entrega realizada en tiempo
2500,34,2,33,33,2026-01-14,16:31:00,2026-01-14,01:25:00,2026-01-15,01:25:00,2.39,6,279.74,56.4,26.86,2185.7,1514.9,3700.6,0,False,Entregada,Entrega realizada en tiempo
2501,72,31,3,39,2026-02-13,06:43:00,2026-02-13,15:06:00,2026-02-13,15:06:00,15.68,16,211.4,30.03,25.46,3253.0,764.56,4017.56,0,False,Entregada,Entrega realizada en tiempo
2502,70,19,56,15,2026-01-21,07:12:00,2026-01-21,09:35:00,2026-01-21,09:35:00,0.4,19,66.44,6.55,24.51,1024.2,160.54,1184.74,0,False,Entregada,Entrega realizada en tiempo
2503,13,22,35,18,2026-05-22,13:35:00,2026-05-22,05:43:00,2026-05-23,05:43:00,0.21,7,447.3,43.26,26.2,2813.5,1133.41,3946.91,0,False,Entregada,Entrega realizada en tiempo
2504,31,12,43,8,2026-01-29,15:02:00,2026-01-29,18:30:00,2026-01-29,18:30:00,1.31,38,98.45,14.08,26.19,1427.25,368.76,1796.01,0,False,Entregada,Entrega realizada en tiempo
2505,87,11,10,2,2026-03-22,10:38:00,2026-03-22,20:33:00,2026-03-22,20:33:00,2.38,61,305.69,63.95,24.9,2754.45,1592.36,4346.81,0,False,Entregada,Entrega realizada en tiempo
2506,35,24,46,18,2026-03-17,18:46:00,2026-03-17,10:54:00,2026-03-18,10:54:00,2.73,8,457.49,42.88,25.72,3124.45,1102.87,4227.32,0,False,Entregada,Entrega realizada en tiempo
2507,87,9,59,41,2026-02-20,07:28:00,2026-02-20,14:44:00,2026-02-20,15:34:00,0.77,9,188.78,15.44,24.36,1592.9,376.12,1969.02,50,True,Tardía,"Hora pico, Carga pesada"
2508,32,37,18,27,2026-08-13,18:51:00,2026-08-13,06:34:00,2026-08-14,06:34:00,0.74,50,339.87,36.23,23.53,2673.35,852.49,3525.84,0,False,Entregada,Entrega realizada en tiempo
2509,53,12,16,21,2026-06-29,15:59:00,2026-06-29,23:02:00,2026-06-29,23:02:00,1.4,1,295.3,42.25,26.9,2124.5,1136.52,3261.02,0,False,Entregada,Entrega realizada en tiempo
2510,18,25,5,48,2026-05-17,12:01:00,2026-05-17,17:14:00,2026-05-17,17:14:00,5.13,17,175.58,37.36,26.25,2026.9,980.7,3007.6,0,False,Entregada,Entrega realizada en tiempo
2511,58,1,14,25,2026-05-13,15:03:00,2026-05-13,00:29:00,2026-05-14,00:29:00,1.6,43,319.25,30.82,23.21,2600.25,715.33,3315.58,0,False,Entregada,Entrega realizada en tiempo
2512,31,3,26,26,2026-03-03,16:53:00,2026-03-03,22:52:00,2026-03-03,22:52:00,6.81,2,160.96,34.54,23.52,2001.8,812.38,2814.18,0,False,Entregada,Entrega realizada en tiempo
2513,68,6,42,41,2026-04-20,11:53:00,2026-04-20,19:09:00,2026-04-20,19:09:00,0.55,2,191.34,27.97,25.35,1527.7,709.04,2236.74,0,False,Entregada,Entrega realizada en tiempo
2514,2,14,38,3,2026-06-01,08:10:00,2026-06-01,10:27:00,2026-06-01,10:27:00,7.36,8,56.53,6.09,23.95,1582.65,145.86,1728.51,0,False,Entregada,Entrega realizada en tiempo
2515,4,10,24,9,2026-01-06,11:21:00,2026-01-06,18:54:00,2026-01-06,18:54:00,10.84,21,180.06,18.06,26.07,2652.3,470.82,3123.12,0,False,Entregada,Entrega realizada en tiempo
2516,59,24,37,30,2026-06-28,14:14:00,2026-06-28,19:22:00,2026-06-28,19:22:00,1.2,15,129.66,12.15,26.3,1388.3,319.55,1707.85,0,False,Entregada,Entrega realizada en tiempo
2517,51,3,4,40,2026-07-03,20:27:00,2026-07-03,13:29:00,2026-07-04,14:09:00,6.02,6,435.12,93.37,26.67,3325.6,2490.18,5815.78,40,True,Tardía,Distancia larga
2518,64,19,43,21,2026-03-07,11:40:00,2026-03-07,18:43:00,2026-03-07,18:43:00,2.55,76,271.61,26.76,23.18,2721.05,620.3,3341.35,0,False,Entregada,Entrega realizada en tiempo
2519,37,36,39,19,2026-06-27,12:59:00,2026-06-27,01:40:00,2026-06-28,02:00:00,0.7,43,406.28,47.91,25.23,2945.4,1208.77,4154.17,20,True,Tardía,Distancia larga
2520,81,36,8,46,2026-05-21,15:22:00,2026-05-21,06:12:00,2026-05-22,06:12:00,1.76,45,404.01,47.64,24.13,3056.05,1149.55,4205.6,0,False,Entregada,Entrega realizada en tiempo
2521,37,22,26,26,2026-02-10,09:38:00,2026-02-10,15:37:00,2026-02-10,16:51:00,0.96,48,181.02,17.51,23.21,1885.1,406.41,2291.51,74,True,Tardía,"Tráfico alto, Hora pico"
2522,90,27,25,1,2026-03-02,16:06:00,2026-03-02,22:25:00,2026-03-02,22:25:00,0.28,54,198.13,25.47,24.24,1950.65,617.39,2568.04,0,False,Entregada,Entrega realizada en tiempo
2523,55,2,29,1,2026-03-17,17:55:00,2026-03-17,00:14:00,2026-03-18,00:14:00,15.63,20,172.5,34.78,26.61,3085.5,925.5,4011.0,0,False,Entregada,Entrega realizada en tiempo
2524,52,2,9,13,2026-04-01,07:23:00,2026-04-01,19:06:00,2026-04-01,19:45:00,2.83,65,346.97,69.95,25.72,3037.85,1799.11,4836.96,39,True,Tardía,"Hora pico, Distancia larga"
2525,9,29,15,44,2026-07-05,07:27:00,2026-07-05,09:37:00,2026-07-05,09:37:00,14.88,64,58.88,6.15,24.26,2794.4,149.2,2943.6,0,False,Entregada,Entrega realizada en tiempo
2526,7,23,34,29,2026-05-27,06:23:00,2026-05-27,11:37:00,2026-05-27,11:37:00,0.6,17,185.24,33.93,24.21,1622.2,821.45,2443.65,0,False,Entregada,Entrega realizada en tiempo
2527,27,16,38,21,2026-03-20,17:36:00,2026-03-20,00:39:00,2026-03-21,01:30:00,13.77,34,307.89,27.66,23.86,3688.45,659.97,4348.42,51,True,Tardía,"Hora pico, Distancia larga"
2528,88,21,45,30,2026-05-30,06:20:00,2026-05-30,11:28:00,2026-05-30,11:55:00,1.74,59,125.86,17.6,26.73,1775.3,470.45,2245.75,27,True,Tardía,Carga pesada
2529,82,37,35,26,2026-04-22,12:54:00,2026-04-22,18:53:00,2026-04-22,18:53:00,0.68,52,168.98,18.01,24.72,1828.9,445.21,2274.11,0,False,Entregada,Entrega realizada en tiempo
2530,50,8,36,16,2026-02-19,13:45:00,2026-02-19,04:13:00,2026-02-20,04:13:00,2.57,78,400.6,42.8,25.51,3384.0,1091.83,4475.83,0,False,Entregada,Entrega realizada en tiempo
2531,72,30,26,36,2026-01-02,14:43:00,2026-01-02,18:37:00,2026-01-02,19:21:00,12.66,60,107.76,9.26,26.39,2784.8,244.37,3029.17,44,True,Tardía,"Tráfico alto, Carga pesada"
2532,94,6,35,17,2026-03-04,05:51:00,2026-03-04,12:09:00,2026-03-04,12:09:00,0.82,13,182.18,26.63,23.66,1596.9,630.07,2226.97,0,False,Entregada,Entrega realizada en tiempo
2533,78,24,28,32,2026-03-03,09:12:00,2026-03-03,21:16:00,2026-03-03,21:16:00,1.67,19,383.03,35.9,25.41,2734.15,912.22,3646.37,0,False,Entregada,Entrega realizada en tiempo
2534,62,14,51,44,2026-02-04,09:36:00,2026-02-04,11:46:00,2026-02-04,12:07:00,5.18,52,65.07,7.01,26.47,1759.35,185.55,1944.9,21,True,Tardía,Hora pico
2535,18,21,16,49,2026-02-11,15:59:00,2026-02-11,06:30:00,2026-02-12,07:17:00,1.73,59,394.97,55.24,23.66,3119.85,1306.98,4426.83,47,True,Tardía,"Distancia larga, Carga pesada"
2536,61,16,40,46,2026-02-10,10:46:00,2026-02-10,01:36:00,2026-02-11,01:36:00,7.47,69,438.76,39.42,25.61,3992.8,1009.55,5002.35,0,False,Entregada,Entrega realizada en tiempo
2537,6,9,16,44,2026-02-16,05:36:00,2026-02-16,07:46:00,2026-02-16,07:46:00,0.31,13,63.45,5.19,26.97,952.25,139.97,1092.22,0,False,Entregada,Entrega realizada en tiempo
2538,9,28,40,13,2026-02-28,09:33:00,2026-02-28,21:16:00,2026-02-28,22:06:00,3.29,36,314.84,46.16,25.64,2691.2,1183.54,3874.74,50,True,Tardía,"Hora pico, Distancia larga"
2539,78,38,34,10,2026-06-05,05:51:00,2026-06-05,08:16:00,2026-06-05,08:16:00,11.76,62,82.84,7.04,24.28,2586.2,170.93,2757.13,0,False,Entregada,Entrega realizada en tiempo
2540,11,22,54,18,2026-06-26,13:08:00,2026-06-26,05:16:00,2026-06-27,05:55:00,1.26,50,432.26,41.8,24.75,3187.3,1034.55,4221.85,39,True,Tardía,Distancia larga
2541,89,39,40,5,2026-02-21,20:14:00,2026-02-21,06:10:00,2026-02-22,07:03:00,3.06,16,304.78,24.6,23.85,2457.9,586.71,3044.61,53,True,Tardía,"Tráfico alto, Distancia larga"
2542,20,12,50,49,2026-04-21,08:58:00,2026-04-21,23:29:00,2026-04-21,23:29:00,0.5,17,366.46,52.43,24.87,2518.3,1303.93,3822.23,0,False,Entregada,Entrega realizada en tiempo
2543,28,14,5,27,2026-08-15,19:44:00,2026-08-15,07:27:00,2026-08-16,07:27:00,3.82,5,299.99,32.33,24.61,2421.95,795.64,3217.59,0,False,Entregada,Entrega realizada en tiempo
2544,39,31,2,29,2026-01-01,09:35:00,2026-01-01,14:49:00,2026-01-01,15:17:00,0.43,47,192.31,27.32,24.34,1880.55,664.97,2545.52,28,True,Tardía,Hora pico
2545,41,11,40,33,2026-07-23,12:08:00,2026-07-23,21:02:00,2026-07-23,21:43:00,2.28,37,278.55,58.27,24.89,2416.75,1450.34,3867.09,41,True,Tardía,Tráfico alto
2546,91,20,47,4,2026-02-03,18:17:00,2026-02-03,20:51:00,2026-02-03,20:51:00,12.32,3,106.64,14.47,26.47,2289.2,383.02,2672.22,0,False,Entregada,Entrega realizada en tiempo
2547,61,24,33,11,2026-04-20,17:26:00,2026-04-20,20:12:00,2026-04-20,20:12:00,5.8,18,67.27,6.3,26.7,1560.35,168.21,1728.56,0,False,Entregada,Entrega realizada en tiempo
2548,56,11,1,3,2026-03-04,15:12:00,2026-03-04,17:29:00,2026-03-04,17:29:00,2.51,66,66.09,13.83,24.43,1609.45,337.87,1947.32,0,False,Entregada,Entrega realizada en tiempo
2549,52,17,27,47,2026-01-19,12:36:00,2026-01-19,00:20:00,2026-01-20,01:25:00,0.71,58,349.65,62.1,23.42,2783.25,1454.38,4237.63,65,True,Tardía,"Tráfico alto, Distancia larga"
2550,28,38,45,50,2026-05-27,18:47:00,2026-05-27,02:47:00,2026-05-28,02:47:00,5.7,74,232.32,19.74,25.83,2823.6,509.88,3333.48,0,False,Entregada,Entrega realizada en tiempo
2551,77,5,17,39,2026-06-30,19:27:00,2026-06-30,03:50:00,2026-07-01,03:50:00,8.62,5,210.02,26.38,25.48,2452.1,672.16,3124.26,0,False,Entregada,Entrega realizada en tiempo
2552,41,21,1,19,2026-06-02,09:09:00,2026-06-02,21:50:00,2026-06-02,21:50:00,1.54,54,354.92,49.64,24.75,2860.6,1228.59,4089.19,0,False,Entregada,Entrega realizada en tiempo
2553,28,9,9,48,2026-02-26,11:57:00,2026-02-26,17:10:00,2026-02-26,17:51:00,0.81,49,199.31,16.3,25.34,1969.55,413.04,2382.59,41,True,Tardía,"Tráfico alto, Carga pesada"
2554,69,5,43,7,2026-03-26,12:35:00,2026-03-26,16:46:00,2026-03-26,16:46:00,4.75,44,119.69,15.04,23.07,1925.45,346.97,2272.42,0,False,Entregada,Entrega realizada en tiempo
2555,90,5,12,44,2026-04-26,16:47:00,2026-04-26,18:57:00,2026-04-26,19:27:00,16.66,21,70.65,8.88,26.89,2687.25,238.78,2926.03,30,True,Tardía,Carga pesada
2556,91,20,32,20,2026-02-14,09:21:00,2026-02-14,10:54:00,2026-02-14,10:54:00,5.76,51,56.98,7.73,25.99,1768.9,200.9,1969.8,0,False,Entregada,Entrega realizada en tiempo
2557,90,32,5,33,2026-07-18,19:33:00,2026-07-18,04:27:00,2026-07-19,04:27:00,2.55,19,291.54,26.41,23.52,2364.7,621.16,2985.86,0,False,Entregada,Entrega realizada en tiempo
2558,58,34,42,35,2026-06-16,18:03:00,2026-06-16,21:37:00,2026-06-16,21:37:00,2.44,43,154.42,12.83,26.89,1860.1,345.0,2205.1,0,False,Entregada,Entrega realizada en tiempo
2559,38,5,25,34,2026-01-13,15:44:00,2026-01-13,19:35:00,2026-01-13,19:35:00,1.15,10,99.78,12.54,23.8,1193.9,298.45,1492.35,0,False,Entregada,Entrega realizada en tiempo
2560,93,17,37,42,2026-04-05,15:19:00,2026-04-05,18:30:00,2026-04-05,18:30:00,0.54,60,94.8,16.84,25.3,1508.0,426.05,1934.05,0,False,Entregada,Entrega realizada en tiempo
2561,69,18,26,2,2026-07-12,13:32:00,2026-07-12,23:27:00,2026-07-12,23:27:00,0.48,55,306.52,28.7,25.49,2520.6,731.56,3252.16,0,False,Entregada,Entrega realizada en tiempo
2562,73,25,13,44,2026-05-19,10:00:00,2026-05-19,12:10:00,2026-05-19,12:10:00,3.69,80,61.08,13.0,24.78,1814.4,322.14,2136.54,0,False,Entregada,Entrega realizada en tiempo
2563,26,26,52,8,2026-01-13,20:03:00,2026-01-13,23:31:00,2026-01-13,23:31:00,4.69,74,108.75,15.51,24.67,2104.75,382.63,2487.38,0,False,Entregada,Entrega realizada en tiempo
2564,50,26,9,1,2026-01-26,16:20:00,2026-01-26,22:39:00,2026-01-26,22:39:00,6.16,46,185.09,26.4,25.93,2409.45,684.55,3094.0,0,False,Entregada,Entrega realizada en tiempo
2565,88,33,27,18,2026-03-26,18:42:00,2026-03-26,10:50:00,2026-03-27,10:50:00,0.64,67,465.27,59.35,24.29,3426.35,1441.61,4867.96,0,False,Entregada,Entrega realizada en tiempo
2566,97,23,57,32,2026-04-01,08:11:00,2026-04-01,20:15:00,2026-04-01,20:15:00,0.58,33,392.97,71.97,24.1,2786.85,1734.48,4521.33,0,False,Entregada,Entrega realizada en tiempo
2567,1,4,25,34,2026-04-25,13:33:00,2026-04-25,17:24:00,2026-04-25,17:24:00,1.87,54,111.38,18.72,26.42,1675.9,494.58,2170.48,0,False,Entregada,Entrega realizada en tiempo
2568,38,4,23,5,2026-04-17,15:22:00,2026-04-17,01:18:00,2026-04-18,01:18:00,0.41,33,297.48,50.0,23.62,2292.4,1181.0,3473.4,0,False,Entregada,Entrega realizada en tiempo
2569,33,20,17,5,2026-07-17,19:37:00,2026-07-17,05:33:00,2026-07-18,05:33:00,1.0,79,293.05,39.76,24.18,2697.25,961.4,3658.65,0,False,Entregada,Entrega realizada en tiempo
2570,19,13,13,34,2026-04-15,20:27:00,2026-04-15,00:18:00,2026-04-16,00:18:00,16.35,3,103.14,8.41,23.93,2674.7,201.25,2875.95,0,False,Entregada,Entrega realizada en tiempo
2571,41,31,56,3,2026-07-06,07:28:00,2026-07-06,09:45:00,2026-07-06,09:45:00,21.71,3,56.24,7.99,24.63,2976.2,196.79,3172.99,0,False,Entregada,Entrega realizada en tiempo
2572,6,40,20,18,2026-02-09,09:32:00,2026-02-09,01:40:00,2026-02-10,02:25:00,1.32,53,422.83,66.07,25.45,3170.15,1681.48,4851.63,45,True,Tardía,"Hora pico, Distancia larga, Carga pesada"
2573,69,15,2,39,2026-07-18,11:47:00,2026-07-18,20:10:00,2026-07-18,20:10:00,0.4,9,199.38,41.02,25.67,1608.9,1052.98,2661.88,0,False,Entregada,Entrega realizada en tiempo
2574,2,38,50,28,2026-06-13,07:52:00,2026-06-13,14:53:00,2026-06-13,14:53:00,14.29,78,254.99,21.66,24.94,3827.95,540.2,4368.15,0,False,Entregada,Entrega realizada en tiempo
2575,74,32,9,18,2026-03-28,08:35:00,2026-03-28,00:43:00,2026-03-29,01:34:00,1.09,35,413.7,37.47,25.11,2957.5,940.87,3898.37,51,True,Tardía,"Hora pico, Distancia larga"
2576,39,21,59,3,2026-04-29,09:22:00,2026-04-29,11:39:00,2026-04-29,11:39:00,1.16,49,62.29,8.71,24.97,1319.45,217.49,1536.94,0,False,Entregada,Entrega realizada en tiempo
2577,66,1,37,21,2026-05-08,10:36:00,2026-05-08,17:39:00,2026-05-08,17:39:00,0.38,33,282.99,27.32,26.55,2216.95,725.35,2942.3,0,False,Entregada,Entrega realizada en tiempo
2578,75,36,3,9,2026-06-18,16:00:00,2026-06-18,23:33:00,2026-06-18,23:33:00,0.59,22,184.94,21.81,24.0,1659.7,523.44,2183.14,0,False,Entregada,Entrega realizada en tiempo
2579,19,3,52,15,2026-01-24,14:58:00,2026-01-24,17:21:00,2026-01-24,17:21:00,4.89,68,65.48,14.05,26.05,1860.4,366.0,2226.4,0,False,Entregada,Entrega realizada en tiempo
2580,43,34,18,40,2026-08-04,05:29:00,2026-08-04,22:31:00,2026-08-04,22:31:00,1.98,25,444.5,36.92,23.61,3120.5,871.68,3992.18,0,False,Entregada,Entrega realizada en tiempo
2581,30,7,37,48,2026-04-23,17:30:00,2026-04-23,22:43:00,2026-04-23,22:43:00,0.83,37,199.94,32.78,24.84,1878.7,814.26,2692.96,0,False,Entregada,Entrega realizada en tiempo
2582,79,24,8,43,2026-03-21,07:32:00,2026-03-21,22:59:00,2026-03-21,22:59:00,6.39,55,469.04,43.96,26.97,3924.2,1185.6,5109.8,0,False,Entregada,Entrega realizada en tiempo
2583,88,34,47,11,2026-02-21,05:32:00,2026-02-21,08:18:00,2026-02-21,08:18:00,2.18,67,66.29,5.51,23.52,1585.45,129.6,1715.05,0,False,Entregada,Entrega realizada en tiempo
2584,78,21,51,42,2026-05-14,15:44:00,2026-05-14,18:55:00,2026-05-14,18:55:00,0.69,66,93.19,13.03,24.11,1562.95,314.15,1877.1,0,False,Entregada,Entrega realizada en tiempo
2585,74,27,11,16,2026-06-15,10:10:00,2026-06-15,00:38:00,2026-06-16,01:24:00,7.0,55,450.16,57.86,25.89,3890.8,1498.0,5388.8,46,True,Tardía,Distancia larga
2586,49,40,49,18,2026-02-12,17:26:00,2026-02-12,09:34:00,2026-02-13,10:31:00,1.34,62,454.03,70.94,23.77,3400.15,1686.24,5086.39,57,True,Tardía,"Hora pico, Distancia larga, Carga pesada"
2587,1,25,26,12,2026-08-04,09:42:00,2026-08-04,21:20:00,2026-08-04,22:12:00,4.11,12,432.0,91.91,25.16,3167.0,2312.46,5479.46,52,True,Tardía,"Hora pico, Distancia larga"
2588,20,19,50,10,2026-08-15,15:52:00,2026-08-15,18:17:00,2026-08-15,18:17:00,2.53,47,76.14,7.5,25.25,1509.7,189.38,1699.08,0,False,Entregada,Entrega realizada en tiempo
2589,54,40,36,38,2026-08-03,05:59:00,2026-08-03,10:30:00,2026-08-03,10:30:00,1.13,54,170.56,26.65,23.94,1897.8,638.0,2535.8,0,False,Entregada,Entrega realizada en tiempo
2590,59,10,15,42,2026-05-02,08:28:00,2026-05-02,11:39:00,2026-05-02,11:39:00,7.73,80,94.35,9.46,25.32,2384.75,239.53,2624.28,0,False,Entregada,Entrega realizada en tiempo
2591,20,11,15,31,2026-06-23,06:02:00,2026-06-23,13:34:00,2026-06-23,13:34:00,3.02,55,208.55,43.63,24.09,2284.75,1051.05,3335.8,0,False,Entregada,Entrega realizada en tiempo
2592,92,35,41,41,2026-04-25,06:42:00,2026-04-25,13:58:00,2026-04-25,13:58:00,0.55,71,206.44,27.86,24.86,2155.2,692.6,2847.8,0,False,Entregada,Entrega realizada en tiempo
2593,58,38,21,46,2026-03-08,07:40:00,2026-03-08,22:30:00,2026-03-08,22:30:00,4.54,57,412.87,35.08,24.26,3474.35,851.04,4325.39,0,False,Entregada,Entrega realizada en tiempo
2594,26,38,34,5,2026-07-29,20:34:00,2026-07-29,06:30:00,2026-07-30,06:30:00,10.95,80,298.36,25.35,26.37,3726.8,668.48,4395.28,0,False,Entregada,Entrega realizada en tiempo
2595,96,14,30,33,2026-01-17,14:37:00,2026-01-17,23:31:00,2026-01-18,00:24:00,7.28,9,266.74,28.74,25.32,2633.7,727.7,3361.4,53,True,Tardía,"Tráfico alto, Carga pesada"
2596,48,33,39,49,2026-07-02,15:10:00,2026-07-02,05:41:00,2026-07-03,05:41:00,0.7,52,394.85,50.36,23.84,2960.25,1200.58,4160.83,0,False,Entregada,Entrega realizada en tiempo
2597,34,36,33,29,2026-04-16,09:33:00,2026-04-16,14:47:00,2026-04-16,14:47:00,1.71,3,174.78,20.61,26.84,1568.9,553.17,2122.07,0,False,Entregada,Entrega realizada en tiempo
2598,88,31,26,6,2026-02-08,10:37:00,2026-02-08,11:31:00,2026-02-08,11:31:00,19.41,52,28.86,4.1,23.72,3001.3,97.25,3098.55,0,False,Entregada,Entrega realizada en tiempo
2599,81,39,2,41,2026-08-06,13:47:00,2026-08-06,21:03:00,2026-08-06,21:03:00,2.5,12,193.92,15.65,26.23,1815.6,410.5,2226.1,0,False,Entregada,Entrega realizada en tiempo
2600,13,10,60,37,2026-06-15,20:33:00,2026-06-15,13:51:00,2026-06-16,13:51:00,6.34,50,458.52,45.99,26.14,3826.6,1202.18,5028.78,0,False,Entregada,Entrega realizada en tiempo
2601,13,33,50,9,2026-07-28,05:41:00,2026-07-28,13:14:00,2026-07-28,13:47:00,0.88,63,198.2,25.28,25.86,2083.0,653.74,2736.74,33,True,Tardía,Carga pesada
2602,77,3,56,8,2026-01-13,17:37:00,2026-01-13,21:05:00,2026-01-13,21:42:00,7.4,17,100.09,21.48,25.22,1876.45,541.73,2418.18,37,True,Tardía,Hora pico
2603,50,36,39,15,2026-02-27,11:57:00,2026-02-27,14:20:00,2026-02-27,14:20:00,0.28,66,59.82,7.05,26.4,1355.1,186.12,1541.22,0,False,Entregada,Entrega realizada en tiempo
2604,85,20,39,30,2026-01-12,10:45:00,2026-01-12,15:53:00,2026-01-12,16:18:00,6.36,41,126.42,17.15,24.31,2096.1,416.92,2513.02,25,True,Tardía,Incidencia operativa
2605,66,40,27,34,2026-07-20,10:12:00,2026-07-20,14:03:00,2026-07-20,14:03:00,0.44,44,109.23,17.07,24.78,1442.15,422.99,1865.14,0,False,Entregada,Entrega realizada en tiempo
2606,63,29,16,48,2026-01-26,09:53:00,2026-01-26,15:06:00,2026-01-26,16:11:00,9.01,28,174.86,18.27,23.17,2499.3,423.32,2922.62,65,True,Tardía,"Tráfico alto, Hora pico"
2607,99,21,29,44,2026-01-09,14:08:00,2026-01-09,16:18:00,2026-01-09,16:18:00,0.92,12,60.35,8.44,25.47,989.75,214.97,1204.72,0,False,Entregada,Entrega realizada en tiempo
2608,87,15,34,18,2026-07-01,11:16:00,2026-07-01,03:24:00,2026-07-02,04:07:00,1.05,6,455.89,93.8,26.89,2932.45,2522.28,5454.73,43,True,Tardía,"Distancia larga, Carga pesada"
2609,40,5,20,31,2026-01-14,08:48:00,2026-01-14,16:20:00,2026-01-14,16:20:00,13.21,20,183.59,23.06,26.91,2898.95,620.54,3519.49,0,False,Entregada,Entrega realizada en tiempo
2610,42,4,13,26,2026-05-18,17:07:00,2026-05-18,23:06:00,2026-05-18,23:06:00,2.01,42,177.77,29.88,24.57,1925.85,734.15,2660.0,0,False,Entregada,Entrega realizada en tiempo
2611,100,35,39,5,2026-07-10,06:37:00,2026-07-10,16:33:00,2026-07-10,16:33:00,1.08,57,266.62,35.98,24.8,2397.1,892.3,3289.4,0,False,Entregada,Entrega realizada en tiempo
2612,58,35,4,10,2026-03-01,12:51:00,2026-03-01,15:16:00,2026-03-01,15:16:00,0.94,35,88.38,11.93,25.05,1315.9,298.85,1614.75,0,False,Entregada,Entrega realizada en tiempo
2613,34,27,31,37,2026-07-27,12:01:00,2026-07-27,05:19:00,2026-07-28,05:19:00,7.96,30,464.3,59.68,24.69,3857.5,1473.5,5331.0,0,False,Entregada,Entrega realizada en tiempo
2614,55,20,53,2,2026-01-17,16:13:00,2026-01-17,02:08:00,2026-01-18,02:08:00,5.94,18,308.72,41.89,24.92,2781.6,1043.9,3825.5,0,False,Entregada,Entrega realizada en tiempo
2615,98,32,33,43,2026-02-23,08:22:00,2026-02-23,23:49:00,2026-02-23,23:49:00,0.35,75,455.42,41.25,24.46,3412.1,1008.98,4421.08,0,False,Entregada,Entrega realizada en tiempo
2616,91,11,39,46,2026-06-21,08:42:00,2026-06-21,23:32:00,2026-06-22,00:26:00,0.53,57,411.97,86.19,25.84,3068.85,2227.15,5296.0,54,True,Tardía,"Hora pico, Distancia larga"
2617,18,37,54,6,2026-03-26,20:23:00,2026-03-26,21:17:00,2026-03-26,21:17:00,0.46,39,28.73,3.06,26.98,1001.65,82.56,1084.21,0,False,Entregada,Entrega realizada en tiempo
2618,30,15,12,20,2026-01-24,15:54:00,2026-01-24,17:27:00,2026-01-24,17:48:00,0.32,48,61.14,12.58,25.51,1221.7,320.92,1542.62,21,True,Tardía,Incidencia operativa
2619,33,35,16,38,2026-04-21,15:01:00,2026-04-21,19:32:00,2026-04-21,19:32:00,1.11,60,176.07,23.76,24.2,1971.35,574.99,2546.34,0,False,Entregada,Entrega realizada en tiempo
2620,50,31,46,17,2026-04-10,09:46:00,2026-04-10,16:04:00,2026-04-10,16:04:00,2.87,16,166.6,23.66,25.53,1748.0,604.04,2352.04,0,False,Entregada,Entrega realizada en tiempo
2621,46,35,19,42,2026-01-22,18:17:00,2026-01-22,21:28:00,2026-01-22,22:19:00,1.21,79,98.05,13.23,23.05,1743.25,304.95,2048.2,51,True,Tardía,"Tráfico alto, Hora pico, Carga pesada"
2622,21,11,5,33,2026-06-20,08:25:00,2026-06-20,17:19:00,2026-06-20,17:19:00,2.1,73,260.39,54.47,25.58,2595.95,1393.34,3989.29,0,False,Entregada,Entrega realizada en tiempo
2623,37,7,15,49,2026-03-18,11:42:00,2026-03-18,02:13:00,2026-03-19,02:13:00,1.25,62,413.88,67.85,26.56,3190.4,1802.1,4992.5,0,False,Entregada,Entrega realizada en tiempo
2624,91,38,17,36,2026-02-22,18:51:00,2026-02-22,22:45:00,2026-02-22,23:36:00,12.44,58,103.39,8.78,25.14,2724.95,220.73,2945.68,51,True,Tardía,"Tráfico alto, Hora pico"
2625,37,16,13,50,2026-01-08,08:27:00,2026-01-08,16:27:00,2026-01-08,16:27:00,1.67,45,233.28,20.96,26.0,2193.4,544.96,2738.36,0,False,Entregada,Entrega realizada en tiempo
2626,74,38,25,46,2026-07-29,09:07:00,2026-07-29,23:57:00,2026-07-29,23:57:00,0.93,72,397.86,33.8,24.66,3158.3,833.51,3991.81,0,False,Entregada,Entrega realizada en tiempo
2627,58,30,8,39,2026-07-11,15:26:00,2026-07-11,23:49:00,2026-07-11,23:49:00,1.93,53,204.53,17.57,23.31,2139.65,409.56,2549.21,0,False,Entregada,Entrega realizada en tiempo
2628,18,21,48,26,2026-03-03,11:11:00,2026-03-03,17:10:00,2026-03-03,17:38:00,0.8,5,182.08,25.47,25.72,1530.4,655.09,2185.49,28,True,Tardía,Tráfico alto
2629,29,18,40,38,2026-05-20,06:04:00,2026-05-20,10:35:00,2026-05-20,10:35:00,0.74,27,200.13,18.74,26.89,1790.65,503.92,2294.57,0,False,Entregada,Entrega realizada en tiempo
2630,71,15,58,27,2026-05-05,14:39:00,2026-05-05,02:22:00,2026-05-06,02:46:00,0.85,3,291.11,59.9,25.46,2064.55,1525.05,3589.6,24,True,Tardía,Incidencia operativa
2631,42,10,41,20,2026-03-12,15:07:00,2026-03-12,16:40:00,2026-03-12,16:40:00,13.73,36,56.46,5.66,25.47,2443.3,144.16,2587.46,0,False,Entregada,Entrega realizada en tiempo
2632,28,16,50,23,2026-01-17,17:19:00,2026-01-17,02:40:00,2026-01-18,02:40:00,12.72,51,260.62,23.42,24.74,3483.1,579.41,4062.51,0,False,Entregada,Entrega realizada en tiempo
2633,40,9,56,25,2026-07-28,06:07:00,2026-07-28,15:33:00,2026-07-28,15:33:00,0.83,71,327.12,26.75,24.96,2786.6,667.68,3454.28,0,False,Entregada,Entrega realizada en tiempo
2634,17,25,14,5,2026-05-26,14:47:00,2026-05-26,00:43:00,2026-05-27,00:43:00,3.24,49,311.39,66.25,25.53,2772.95,1691.36,4464.31,0,False,Entregada,Entrega realizada en tiempo
2635,46,38,49,11,2026-06-13,09:31:00,2026-06-13,12:17:00,2026-06-13,12:17:00,0.56,57,74.94,6.37,26.52,1386.7,168.93,1555.63,0,False,Entregada,Entrega realizada en tiempo
2636,12,20,39,3,2026-01-07,09:59:00,2026-01-07,12:16:00,2026-01-07,12:16:00,9.29,71,65.72,8.92,26.89,2325.6,239.86,2565.46,0,False,Entregada,Entrega realizada en tiempo
2637,96,22,22,5,2026-07-06,09:53:00,2026-07-06,19:49:00,2026-07-06,19:49:00,1.5,35,313.85,30.35,26.7,2499.25,810.35,3309.6,0,False,Entregada,Entrega realizada en tiempo
2638,33,36,26,31,2026-02-06,09:34:00,2026-02-06,17:06:00,2026-02-06,17:30:00,0.31,69,210.65,24.84,24.88,2136.25,618.02,2754.27,24,True,Tardía,Hora pico
2639,31,15,5,17,2026-04-03,11:24:00,2026-04-03,17:42:00,2026-04-03,17:42:00,0.8,11,183.68,37.79,24.93,1586.4,942.1,2528.5,0,False,Entregada,Entrega realizada en tiempo
2640,75,13,10,23,2026-01-24,08:16:00,2026-01-24,17:37:00,2026-01-24,17:37:00,3.0,76,276.45,22.55,25.07,2790.25,565.33,3355.58,0,False,Entregada,Entrega realizada en tiempo
2641,76,21,14,5,2026-02-04,05:18:00,2026-02-04,15:14:00,2026-02-04,15:14:00,1.72,2,310.36,43.41,24.14,2239.8,1047.92,3287.72,0,False,Entregada,Entrega realizada en tiempo
2642,57,32,42,28,2026-04-19,08:32:00,2026-04-19,15:33:00,2026-04-19,16:15:00,2.16,25,253.26,22.94,25.01,2182.3,573.73,2756.03,42,True,Tardía,Hora pico
2643,8,7,47,45,2026-05-18,18:15:00,2026-05-18,20:56:00,2026-05-18,21:31:00,0.78,11,89.49,14.67,24.3,1113.45,356.48,1469.93,35,True,Tardía,Hora pico
2644,9,17,15,28,2026-05-04,20:26:00,2026-05-04,03:27:00,2026-05-05,03:27:00,0.82,22,275.44,48.92,26.78,2135.2,1310.08,3445.28,0,False,Entregada,Entrega realizada en tiempo
2645,2,32,52,36,2026-01-20,20:29:00,2026-01-20,00:23:00,2026-01-21,01:15:00,0.45,13,99.56,9.02,25.1,1146.8,226.4,1373.2,52,True,Tardía,Tráfico alto
2646,55,20,9,22,2026-07-14,17:53:00,2026-07-14,01:32:00,2026-07-15,01:32:00,6.08,7,346.74,47.05,25.19,2897.7,1185.19,4082.89,0,False,Entregada,Entrega realizada en tiempo
2647,1,10,56,28,2026-07-30,09:15:00,2026-07-30,16:16:00,2026-07-30,16:16:00,11.99,10,267.63,26.84,24.05,3117.15,645.5,3762.65,0,False,Entregada,Entrega realizada en tiempo
2648,91,13,1,26,2026-01-09,06:11:00,2026-01-09,12:10:00,2026-01-09,12:59:00,11.67,25,154.04,12.56,26.5,2637.2,332.84,2970.04,49,True,Tardía,Tráfico alto
2649,83,22,59,45,2026-01-05,13:58:00,2026-01-05,16:39:00,2026-01-05,16:58:00,1.5,18,82.01,7.93,24.16,1204.05,191.59,1395.64,19,True,Tardía,Carga pesada
2650,20,2,26,27,2026-05-03,06:06:00,2026-05-03,17:49:00,2026-05-03,18:18:00,7.98,41,305.64,61.62,23.08,3154.2,1422.19,4576.39,29,True,Tardía,Distancia larga
2651,52,28,58,16,2026-02-22,19:09:00,2026-02-22,09:37:00,2026-02-23,10:10:00,6.29,17,440.75,64.63,23.13,3468.75,1494.89,4963.64,33,True,Tardía,"Hora pico, Distancia larga"
2652,41,15,56,38,2026-02-03,09:42:00,2026-02-03,14:13:00,2026-02-03,14:44:00,0.86,23,179.82,37.0,25.62,1669.1,947.94,2617.04,31,True,Tardía,Hora pico
2653,13,40,49,3,2026-08-06,07:07:00,2026-08-06,09:24:00,2026-08-06,09:54:00,0.62,27,57.35,8.96,23.89,1064.75,214.05,1278.8,30,True,Tardía,Hora pico
2654,13,13,15,42,2026-02-14,14:11:00,2026-02-14,17:22:00,2026-02-14,17:22:00,14.52,67,88.98,7.26,26.89,2932.9,195.22,3128.12,0,False,Entregada,Entrega realizada en tiempo
2655,28,11,16,47,2026-06-03,11:21:00,2026-06-03,23:05:00,2026-06-03,23:05:00,2.63,53,359.35,75.18,24.33,2983.75,1829.13,4812.88,0,False,Entregada,Entrega realizada en tiempo
2656,28,20,12,33,2026-04-13,12:49:00,2026-04-13,21:43:00,2026-04-13,21:43:00,11.36,39,278.74,37.82,24.71,3341.7,934.53,4276.23,0,False,Entregada,Entrega realizada en tiempo
2657,1,12,17,38,2026-05-12,16:27:00,2026-05-12,20:58:00,2026-05-12,20:58:00,0.77,25,172.97,24.75,25.98,1641.85,643.0,2284.85,0,False,Entregada,Entrega realizada en tiempo
2658,94,38,23,16,2026-04-22,17:40:00,2026-04-22,08:08:00,2026-04-23,08:08:00,10.11,61,453.7,38.55,26.47,4267.5,1020.42,5287.92,0,False,Entregada,Entrega realizada en tiempo
2659,32,18,43,37,2026-05-21,14:11:00,2026-05-21,07:29:00,2026-05-22,07:29:00,0.42,80,444.93,41.66,23.93,3406.65,996.92,4403.57,0,False,Entregada,Entrega realizada en tiempo
2660,52,6,22,45,2026-02-15,15:25:00,2026-02-15,18:06:00,2026-02-15,18:06:00,1.25,48,90.3,13.2,25.25,1460.5,333.3,1793.8,0,False,Entregada,Entrega realizada en tiempo
2661,9,18,32,49,2026-04-10,09:23:00,2026-04-10,23:54:00,2026-04-10,23:54:00,0.42,32,390.49,36.56,25.04,2750.45,915.46,3665.91,0,False,Entregada,Entrega realizada en tiempo
2662,80,27,27,20,2026-01-27,11:30:00,2026-01-27,13:03:00,2026-01-27,13:03:00,2.79,48,54.52,7.01,24.62,1435.6,172.59,1608.19,0,False,Entregada,Entrega realizada en tiempo
2663,75,24,11,19,2026-08-13,17:49:00,2026-08-13,06:30:00,2026-08-14,06:30:00,6.11,35,395.9,37.1,24.58,3370.5,911.92,4282.42,0,False,Entregada,Entrega realizada en tiempo
2664,93,21,43,15,2026-03-28,09:35:00,2026-03-28,11:58:00,2026-03-28,11:58:00,1.38,75,57.61,8.06,25.8,1526.05,207.95,1734.0,0,False,Entregada,Entrega realizada en tiempo
2665,53,9,49,41,2026-08-14,20:56:00,2026-08-14,04:12:00,2026-08-15,04:12:00,0.74,44,192.57,15.75,23.62,1888.85,372.02,2260.87,0,False,Entregada,Entrega realizada en tiempo
2666,26,25,32,38,2026-02-08,12:06:00,2026-02-08,16:37:00,2026-02-08,16:37:00,3.92,44,189.79,40.38,23.63,2192.95,954.18,3147.13,0,False,Entregada,Entrega realizada en tiempo
2667,59,27,13,48,2026-06-10,20:59:00,2026-06-10,02:12:00,2026-06-11,02:12:00,1.43,29,192.27,24.71,23.85,1836.35,589.33,2425.68,0,False,Entregada,Entrega realizada en tiempo
2668,85,19,27,36,2026-03-26,19:47:00,2026-03-26,23:41:00,2026-03-27,00:37:00,4.53,55,94.94,9.35,26.14,1867.7,244.41,2112.11,56,True,Tardía,"Tráfico alto, Hora pico"
2669,51,35,10,19,2026-05-25,18:37:00,2026-05-25,07:18:00,2026-05-26,07:18:00,0.42,31,350.68,47.33,26.01,2543.4,1231.05,3774.45,0,False,Entregada,Entrega realizada en tiempo
2670,98,35,51,43,2026-01-20,16:06:00,2026-01-20,07:33:00,2026-01-21,07:33:00,0.27,46,451.1,60.88,25.7,3150.5,1564.62,4715.12,0,False,Entregada,Entrega realizada en tiempo
2671,65,6,7,26,2026-07-20,19:41:00,2026-07-20,01:40:00,2026-07-21,01:40:00,1.25,26,152.48,22.29,23.35,1595.4,520.47,2115.87,0,False,Entregada,Entrega realizada en tiempo
2672,32,2,32,14,2026-05-02,08:24:00,2026-05-02,17:09:00,2026-05-02,17:09:00,1.0,8,275.44,55.53,23.66,2041.2,1313.84,3355.04,0,False,Entregada,Entrega realizada en tiempo
2673,99,1,7,18,2026-05-18,16:52:00,2026-05-18,09:00:00,2026-05-19,09:00:00,1.4,62,411.99,39.77,26.62,3195.95,1058.68,4254.63,0,False,Entregada,Entrega realizada en tiempo
2674,3,36,58,9,2026-04-09,11:36:00,2026-04-09,19:09:00,2026-04-09,19:22:00,0.78,27,199.2,23.49,26.92,1790.0,632.35,2422.35,13,True,Tardía,Incidencia operativa
2675,51,13,38,50,2026-03-18,17:25:00,2026-03-18,01:25:00,2026-03-19,01:25:00,6.19,24,229.16,18.69,24.11,2456.8,450.62,2907.42,0,False,Entregada,Entrega realizada en tiempo
2676,19,38,54,41,2026-02-12,15:53:00,2026-02-12,23:09:00,2026-02-12,23:09:00,11.07,38,199.53,16.95,24.62,2908.65,417.31,3325.96,0,False,Entregada,Entrega realizada en tiempo
2677,25,39,7,30,2026-02-05,12:00:00,2026-02-05,17:08:00,2026-02-05,17:08:00,5.05,28,137.2,11.07,25.29,1915.0,279.96,2194.96,0,False,Entregada,Entrega realizada en tiempo
2678,65,6,43,8,2026-02-16,16:44:00,2026-02-16,20:12:00,2026-02-16,20:12:00,1.05,50,94.14,13.76,25.27,1475.7,347.72,1823.42,0,False,Entregada,Entrega realizada en tiempo
2679,12,40,27,29,2026-06-22,05:26:00,2026-06-22,10:40:00,2026-06-22,10:40:00,0.67,71,173.71,27.14,24.31,2003.55,659.77,2663.32,0,False,Entregada,Entrega realizada en tiempo
2680,77,8,3,7,2026-04-10,08:10:00,2026-04-10,12:21:00,2026-04-10,12:21:00,0.96,45,127.4,13.61,25.28,1593.0,344.06,1937.06,0,False,Entregada,Entrega realizada en tiempo
2681,15,26,50,46,2026-03-05,11:46:00,2026-03-05,02:36:00,2026-03-06,03:07:00,12.65,75,453.9,64.75,23.93,4634.5,1549.47,6183.97,31,True,Tardía,"Distancia larga, Carga pesada"
2682,35,14,31,43,2026-04-18,18:42:00,2026-04-18,10:09:00,2026-04-19,10:09:00,4.71,27,416.98,44.93,24.09,3271.9,1082.36,4354.26,0,False,Entregada,Entrega realizada en tiempo
2683,13,19,3,37,2026-05-20,11:05:00,2026-05-20,04:23:00,2026-05-21,04:23:00,0.99,8,478.62,47.15,26.46,3056.1,1247.59,4303.69,0,False,Entregada,Entrega realizada en tiempo
2684,64,39,14,3,2026-01-19,11:58:00,2026-01-19,14:15:00,2026-01-19,14:37:00,5.04,70,63.15,5.1,23.04,1879.75,117.5,1997.25,22,True,Tardía,Incidencia operativa
2685,37,38,42,46,2026-06-01,07:49:00,2026-06-01,22:39:00,2026-06-01,23:33:00,11.75,4,433.28,36.81,26.57,3873.4,978.04,4851.44,54,True,Tardía,"Hora pico, Distancia larga"
2686,5,10,34,36,2026-08-01,16:54:00,2026-08-01,20:48:00,2026-08-01,20:48:00,15.55,54,92.43,9.27,24.62,2949.15,228.23,3177.38,0,False,Entregada,Entrega realizada en tiempo
2687,70,3,48,5,2026-08-13,06:15:00,2026-08-13,16:11:00,2026-08-13,17:00:00,8.72,38,307.02,65.88,24.21,3211.1,1594.95,4806.05,49,True,Tardía,"Tráfico alto, Distancia larga"
2688,34,10,4,14,2026-03-23,09:04:00,2026-03-23,17:49:00,2026-03-23,18:37:00,5.46,55,278.94,27.98,26.94,2880.7,753.78,3634.48,48,True,Tardía,Hora pico
2689,13,32,54,38,2026-01-26,09:58:00,2026-01-26,14:29:00,2026-01-26,14:29:00,1.6,70,204.54,18.53,23.32,2242.7,432.12,2674.82,0,False,Entregada,Entrega realizada en tiempo
2690,62,7,55,45,2026-08-15,07:50:00,2026-08-15,10:31:00,2026-08-15,10:53:00,0.25,64,85.53,14.02,25.33,1464.65,355.13,1819.78,22,True,Tardía,Hora pico
2691,40,2,9,20,2026-04-29,05:10:00,2026-04-29,06:43:00,2026-04-29,06:43:00,2.91,67,61.37,12.37,25.62,1633.85,316.92,1950.77,0,False,Entregada,Entrega realizada en tiempo
2692,38,6,8,9,2026-08-04,20:29:00,2026-08-04,04:02:00,2026-08-05,04:02:00,0.42,39,185.76,27.16,26.63,1782.8,723.27,2506.07,0,False,Entregada,Entrega realizada en tiempo
2693,90,5,50,39,2026-02-24,16:30:00,2026-02-24,00:53:00,2026-02-25,00:53:00,9.29,66,231.26,29.05,24.52,3113.3,712.31,3825.61,0,False,Entregada,Entrega realizada en tiempo
2694,55,13,39,5,2026-03-03,20:50:00,2026-03-03,06:46:00,2026-03-04,07:41:00,4.82,11,268.28,21.88,24.21,2411.4,529.71,2941.11,55,True,Tardía,Tráfico alto
2695,15,25,8,37,2026-03-15,09:15:00,2026-03-15,02:33:00,2026-03-16,03:05:00,8.46,20,451.75,96.12,25.84,3764.75,2483.74,6248.49,32,True,Tardía,"Hora pico, Distancia larga"
2696,11,22,14,22,2026-01-14,16:38:00,2026-01-14,00:17:00,2026-01-15,00:17:00,1.42,56,299.0,28.92,23.74,2585.0,686.56,3271.56,0,False,Entregada,Entrega realizada en tiempo
2697,9,27,36,17,2026-07-28,14:21:00,2026-07-28,20:39:00,2026-07-28,20:39:00,8.88,22,169.58,21.8,23.7,2411.9,516.66,2928.56,0,False,Entregada,Entrega realizada en tiempo
2698,84,32,48,20,2026-01-20,05:08:00,2026-01-20,06:41:00,2026-01-20,06:41:00,0.9,47,61.05,5.53,25.88,1271.25,143.12,1414.37,0,False,Entregada,Entrega realizada en tiempo
2699,9,30,38,35,2026-06-02,11:33:00,2026-06-02,15:07:00,2026-06-02,15:07:00,7.77,68,154.94,13.31,24.44,2595.7,325.3,2921.0,0,False,Entregada,Entrega realizada en tiempo
2700,50,39,19,33,2026-05-26,10:03:00,2026-05-26,18:57:00,2026-05-26,18:57:00,2.79,4,278.68,22.49,25.36,2204.4,570.35,2774.75,0,False,Entregada,Entrega realizada en tiempo
2701,81,22,28,29,2026-03-31,15:13:00,2026-03-31,20:27:00,2026-03-31,20:27:00,0.74,47,204.27,19.76,25.02,1971.35,494.4,2465.75,0,False,Entregada,Entrega realizada en tiempo
2702,19,12,29,41,2026-07-05,07:29:00,2026-07-05,14:45:00,2026-07-05,14:45:00,0.56,20,187.25,26.79,23.53,1652.25,630.37,2282.62,0,False,Entregada,Entrega realizada en tiempo
2703,84,24,26,24,2026-01-07,11:24:00,2026-01-07,20:01:00,2026-01-07,20:01:00,2.5,2,319.24,29.92,25.65,2362.2,767.45,3129.65,0,False,Entregada,Entrega realizada en tiempo
2704,11,19,55,42,2026-03-12,08:53:00,2026-03-12,12:04:00,2026-03-12,13:17:00,2.08,29,105.24,10.37,26.82,1466.2,278.12,1744.32,73,True,Tardía,"Tráfico alto, Hora pico"
2705,54,12,17,3,2026-07-21,19:28:00,2026-07-21,21:45:00,2026-07-21,21:45:00,0.53,14,66.42,9.5,23.01,997.1,218.6,1215.7,0,False,Entregada,Entrega realizada en tiempo
2706,82,27,27,35,2026-06-03,06:43:00,2026-06-03,10:17:00,2026-06-03,10:17:00,1.59,35,152.17,19.56,26.22,1699.85,512.86,2212.71,0,False,Entregada,Entrega realizada en tiempo
2707,13,32,9,35,2026-02-06,05:30:00,2026-02-06,09:04:00,2026-02-06,09:36:00,4.25,53,138.44,12.54,23.49,2041.2,294.56,2335.76,32,True,Tardía,Carga pesada
2708,85,11,9,15,2026-02-06,20:09:00,2026-02-06,22:32:00,2026-02-06,22:55:00,4.14,24,62.47,13.07,23.05,1418.35,301.26,1719.61,23,True,Tardía,Carga pesada
2709,36,31,21,10,2026-05-15,09:22:00,2026-05-15,11:47:00,2026-05-15,11:47:00,24.37,78,85.88,12.2,24.19,3990.4,295.12,4285.52,0,False,Entregada,Entrega realizada en tiempo
2710,1,18,6,3,2026-07-05,20:17:00,2026-07-05,22:34:00,2026-07-05,22:34:00,0.47,58,58.09,5.44,23.46,1301.45,127.62,1429.07,0,False,Entregada,Entrega realizada en tiempo
2711,48,7,46,8,2026-03-05,14:42:00,2026-03-05,18:10:00,2026-03-05,18:10:00,0.69,4,92.0,15.08,26.78,1061.0,403.84,1464.84,0,False,Entregada,Entrega realizada en tiempo
2712,41,13,21,50,2026-04-24,08:10:00,2026-04-24,16:10:00,2026-04-24,16:10:00,3.34,68,232.91,19.0,26.69,2542.55,507.11,3049.66,0,False,Entregada,Entrega realizada en tiempo
2713,1,28,19,8,2026-06-13,14:31:00,2026-06-13,17:59:00,2026-06-13,17:59:00,3.97,72,105.34,15.45,25.4,1999.7,392.43,2392.13,0,False,Entregada,Entrega realizada en tiempo
2714,60,34,16,2,2026-02-02,20:01:00,2026-02-02,05:56:00,2026-02-03,06:28:00,1.36,10,285.42,23.71,25.49,2143.1,604.37,2747.47,32,True,Tardía,Tráfico alto
2715,92,22,16,20,2026-01-20,13:55:00,2026-01-20,15:28:00,2026-01-20,15:28:00,1.06,17,55.59,5.38,25.04,1019.95,134.72,1154.67,0,False,Entregada,Entrega realizada en tiempo
2716,13,17,19,31,2026-05-23,16:51:00,2026-05-23,00:23:00,2026-05-24,00:23:00,0.29,59,185.89,33.02,26.54,1930.45,876.35,2806.8,0,False,Entregada,Entrega realizada en tiempo
2717,17,36,3,12,2026-01-22,19:43:00,2026-01-22,07:21:00,2026-01-23,07:21:00,1.73,72,442.66,52.2,23.89,3462.3,1247.06,4709.36,0,False,Entregada,Entrega realizada en tiempo
2718,50,15,49,23,2026-05-08,20:41:00,2026-05-08,06:02:00,2026-05-09,06:02:00,0.53,4,276.73,56.94,23.91,1968.65,1361.44,3330.09,0,False,Entregada,Entrega realizada en tiempo
2719,72,38,50,8,2026-06-20,08:06:00,2026-06-20,11:34:00,2026-06-20,11:34:00,8.14,29,103.09,8.76,25.48,2061.45,223.2,2284.65,0,False,Entregada,Entrega realizada en tiempo
2720,92,29,17,16,2026-07-30,15:38:00,2026-07-30,06:06:00,2026-07-31,06:41:00,18.84,74,438.02,45.77,26.83,5166.1,1228.01,6394.11,35,True,Tardía,Distancia larga
2721,64,24,38,37,2026-03-20,05:34:00,2026-03-20,22:52:00,2026-03-20,23:20:00,1.93,36,412.04,38.62,25.41,3041.2,981.33,4022.53,28,True,Tardía,Distancia larga
2722,56,37,41,4,2026-06-26,12:22:00,2026-06-26,14:56:00,2026-06-26,14:56:00,0.6,20,113.05,12.05,26.2,1285.25,315.71,1600.96,0,False,Entregada,Entrega realizada en tiempo
2723,55,1,25,5,2026-07-06,06:24:00,2026-07-06,16:20:00,2026-07-06,16:20:00,1.03,43,306.0,29.54,23.96,2477.0,707.78,3184.78,0,False,Entregada,Entrega realizada en tiempo
2724,58,18,24,29,2026-01-12,07:25:00,2026-01-12,12:39:00,2026-01-12,13:17:00,1.09,41,175.04,16.39,24.67,1812.2,404.34,2216.54,38,True,Tardía,"Hora pico, Carga pesada"
2725,72,5,20,38,2026-05-22,06:08:00,2026-05-22,10:39:00,2026-05-22,10:39:00,12.92,46,194.37,24.42,23.08,3131.85,563.61,3695.46,0,False,Entregada,Entrega realizada en tiempo
2726,36,13,31,47,2026-04-13,09:40:00,2026-04-13,21:24:00,2026-04-13,21:24:00,21.6,79,366.76,29.92,24.18,5125.8,723.47,5849.27,0,False,Entregada,Entrega realizada en tiempo
2727,39,30,50,32,2026-08-09,09:20:00,2026-08-09,21:24:00,2026-08-09,21:24:00,8.95,2,361.31,31.04,25.7,3217.55,797.73,4015.28,0,False,Entregada,Entrega realizada en tiempo
2728,31,10,58,17,2026-02-14,09:19:00,2026-02-14,15:37:00,2026-02-14,16:01:00,14.89,66,165.29,16.58,23.32,3343.45,386.65,3730.1,24,True,Tardía,Hora pico
2729,91,9,20,8,2026-07-04,13:21:00,2026-07-04,16:49:00,2026-07-04,16:49:00,0.7,32,107.52,8.79,24.59,1363.6,216.15,1579.75,0,False,Entregada,Entrega realizada en tiempo
2730,14,21,35,22,2026-03-22,17:18:00,2026-03-22,00:57:00,2026-03-23,00:57:00,0.79,75,328.55,45.95,24.54,2821.75,1127.61,3949.36,0,False,Entregada,Entrega realizada en tiempo
2731,64,37,52,25,2026-01-04,09:17:00,2026-01-04,18:43:00,2026-01-04,18:43:00,0.58,22,338.49,36.09,23.25,2426.45,839.09,3265.54,0,False,Entregada,Entrega realizada en tiempo
2732,98,14,15,43,2026-02-06,13:43:00,2026-02-06,05:10:00,2026-02-07,05:49:00,2.43,77,465.83,50.2,24.29,3688.15,1219.36,4907.51,39,True,Tardía,"Tráfico alto, Distancia larga"
2733,69,9,34,25,2026-02-27,06:17:00,2026-02-27,15:43:00,2026-02-27,15:43:00,0.8,3,371.31,30.36,23.56,2460.55,715.28,3175.83,0,False,Entregada,Entrega realizada en tiempo
2734,56,26,12,45,2026-06-08,07:28:00,2026-06-08,10:09:00,2026-06-08,10:38:00,2.73,21,90.27,12.88,25.4,1392.35,327.15,1719.5,29,True,Tardía,Hora pico
2735,17,2,20,6,2026-04-15,17:34:00,2026-04-15,18:28:00,2026-04-15,18:28:00,12.2,23,27.15,5.47,24.44,2039.75,133.69,2173.44,0,False,Entregada,Entrega realizada en tiempo
2736,31,38,12,26,2026-04-08,09:30:00,2026-04-08,15:29:00,2026-04-08,16:10:00,1.19,1,160.5,13.64,26.88,1429.5,366.64,1796.14,41,True,Tardía,"Tráfico alto, Hora pico"
2737,16,15,38,11,2026-05-09,06:19:00,2026-05-09,09:05:00,2026-05-09,09:05:00,1.04,69,74.06,15.24,26.29,1526.3,400.66,1926.96,0,False,Entregada,Entrega realizada en tiempo
2738,1,12,10,3,2026-04-18,08:42:00,2026-04-18,10:59:00,2026-04-18,11:39:00,1.1,75,58.9,8.43,25.57,1504.5,215.56,1720.06,40,True,Tardía,Hora pico
2739,28,24,40,15,2026-05-06,18:05:00,2026-05-06,20:28:00,2026-05-06,21:04:00,4.87,78,57.37,5.38,23.09,1897.85,124.22,2022.07,36,True,Tardía,Hora pico
2740,91,38,42,22,2026-04-21,08:24:00,2026-04-21,16:03:00,2026-04-21,16:53:00,5.75,19,328.32,27.89,25.8,2868.6,719.56,3588.16,50,True,Tardía,"Hora pico, Distancia larga"
2741,9,33,48,24,2026-04-01,12:00:00,2026-04-01,20:37:00,2026-04-01,20:37:00,0.31,58,334.76,42.7,25.49,2668.8,1088.42,3757.22,0,False,Entregada,Entrega realizada en tiempo
2742,19,15,1,19,2026-07-23,14:46:00,2026-07-23,03:27:00,2026-07-24,03:51:00,0.42,28,383.94,79.0,26.85,2685.7,2121.15,4806.85,24,True,Tardía,Distancia larga
2743,84,30,30,35,2026-07-16,07:18:00,2026-07-16,10:52:00,2026-07-16,10:52:00,5.37,43,150.47,12.93,24.76,2133.35,320.15,2453.5,0,False,Entregada,Entrega realizada en tiempo
2744,37,16,29,1,2026-07-20,08:39:00,2026-07-20,14:58:00,2026-07-20,14:58:00,2.3,38,169.85,15.26,24.41,1883.25,372.5,2255.75,0,False,Entregada,Entrega realizada en tiempo
2745,87,40,45,7,2026-01-21,17:31:00,2026-01-21,21:42:00,2026-01-21,21:42:00,1.41,55,117.85,18.41,25.85,1670.25,475.9,2146.15,0,False,Entregada,Entrega realizada en tiempo
2746,44,4,23,12,2026-06-18,18:41:00,2026-06-18,06:19:00,2026-06-19,07:02:00,2.11,54,456.8,76.77,25.22,3427.0,1936.14,5363.14,43,True,Tardía,"Hora pico, Distancia larga"
2747,90,21,31,36,2026-01-15,16:42:00,2026-01-15,20:36:00,2026-01-15,20:36:00,0.53,10,96.45,13.49,25.5,1115.25,344.0,1459.25,0,False,Entregada,Entrega realizada en tiempo
2748,20,9,16,5,2026-06-22,08:25:00,2026-06-22,18:21:00,2026-06-22,18:21:00,0.62,62,313.3,25.62,25.72,2624.5,658.95,3283.45,0,False,Entregada,Entrega realizada en tiempo
2749,57,2,25,41,2026-07-31,18:40:00,2026-07-31,01:56:00,2026-08-01,02:29:00,15.1,55,194.98,39.31,23.79,3424.9,935.18,4360.08,33,True,Tardía,"Hora pico, Carga pesada"
2750,63,8,35,23,2026-05-30,08:04:00,2026-05-30,17:25:00,2026-05-30,17:25:00,4.85,18,250.11,26.72,25.54,2379.55,682.43,3061.98,0,False,Entregada,Entrega realizada en tiempo
2751,93,19,42,33,2026-04-05,16:14:00,2026-04-05,01:08:00,2026-04-06,02:03:00,7.47,64,306.37,30.18,23.09,3290.85,696.86,3987.71,55,True,Tardía,"Tráfico alto, Distancia larga, Carga pesada"
2752,4,16,30,22,2026-07-17,10:36:00,2026-07-17,18:15:00,2026-07-17,18:15:00,3.41,69,308.33,27.7,25.79,2934.65,714.38,3649.03,0,False,Entregada,Entrega realizada en tiempo
2753,32,5,14,10,2026-03-08,16:22:00,2026-03-08,18:47:00,2026-03-08,18:47:00,2.04,77,79.47,9.98,25.01,1717.35,249.6,1966.95,0,False,Entregada,Entrega realizada en tiempo
2754,49,25,40,14,2026-02-02,18:48:00,2026-02-02,03:33:00,2026-02-03,03:33:00,9.08,69,265.38,56.46,23.41,3286.9,1321.73,4608.63,0,False,Entregada,Entrega realizada en tiempo
2755,85,36,13,44,2026-05-08,16:21:00,2026-05-08,18:31:00,2026-05-08,18:51:00,0.35,73,62.93,7.42,26.58,1433.65,197.22,1630.87,20,True,Tardía,Incidencia operativa
2756,68,9,3,7,2026-01-26,11:42:00,2026-01-26,15:53:00,2026-01-26,15:53:00,0.82,4,126.3,10.33,26.22,1245.5,270.85,1516.35,0,False,Entregada,Entrega realizada en tiempo
2757,21,28,26,19,2026-02-17,16:28:00,2026-02-17,05:09:00,2026-02-18,05:09:00,3.91,29,349.42,51.23,24.48,2870.1,1254.11,4124.21,0,False,Entregada,Entrega realizada en tiempo
2758,19,32,12,18,2026-03-22,14:14:00,2026-03-22,06:22:00,2026-03-23,06:22:00,4.6,32,452.09,40.95,26.34,3476.45,1078.62,4555.07,0,False,Entregada,Entrega realizada en tiempo
2759,87,26,21,49,2026-04-09,18:26:00,2026-04-09,08:57:00,2026-04-10,08:57:00,4.28,34,355.09,50.65,25.05,2975.45,1268.78,4244.23,0,False,Entregada,Entrega realizada en tiempo
2760,76,28,11,11,2026-03-13,12:45:00,2026-03-13,15:31:00,2026-03-13,15:31:00,0.71,48,67.01,9.83,23.09,1290.05,226.97,1517.02,0,False,Entregada,Entrega realizada en tiempo
2761,53,9,21,1,2026-04-16,08:36:00,2026-04-16,14:55:00,2026-04-16,14:55:00,0.57,54,202.33,16.54,25.14,2000.65,415.82,2416.47,0,False,Entregada,Entrega realizada en tiempo
2762,43,8,10,44,2026-01-14,16:49:00,2026-01-14,18:59:00,2026-01-14,18:59:00,3.11,17,69.12,7.38,26.5,1292.6,195.57,1488.17,0,False,Entregada,Entrega realizada en tiempo
2763,92,32,12,39,2026-03-01,13:44:00,2026-03-01,22:07:00,2026-03-01,22:07:00,2.19,3,222.84,20.18,25.34,1857.2,511.36,2368.56,0,False,Entregada,Entrega realizada en tiempo
2764,28,17,44,18,2026-08-10,08:04:00,2026-08-10,00:12:00,2026-08-11,00:12:00,0.85,17,399.59,70.98,24.2,2718.95,1717.72,4436.67,0,False,Entregada,Entrega realizada en tiempo
2765,85,24,58,1,2026-02-17,08:50:00,2026-02-17,15:09:00,2026-02-17,15:09:00,2.54,26,191.95,17.99,24.97,1921.75,449.21,2370.96,0,False,Entregada,Entrega realizada en tiempo
2766,71,1,19,23,2026-05-07,17:54:00,2026-05-07,03:15:00,2026-05-08,03:15:00,0.3,18,261.67,25.26,26.46,1982.35,668.38,2650.73,0,False,Entregada,Entrega realizada en tiempo
2767,38,4,30,2,2026-02-22,10:41:00,2026-02-22,20:36:00,2026-02-22,20:36:00,1.44,79,336.06,56.48,23.37,2956.3,1319.94,4276.24,0,False,Entregada,Entrega realizada en tiempo
2768,58,36,44,10,2026-07-18,10:12:00,2026-07-18,12:37:00,2026-07-18,12:37:00,0.98,57,88.09,10.39,26.52,1494.45,275.54,1769.99,0,False,Entregada,Entrega realizada en tiempo
2769,89,4,60,37,2026-06-28,11:20:00,2026-06-28,04:38:00,2026-06-29,04:38:00,1.21,9,477.2,80.2,24.58,3079.0,1971.32,5050.32,0,False,Entregada,Entrega realizada en tiempo
2770,52,29,1,26,2026-02-20,16:40:00,2026-02-20,22:39:00,2026-02-20,22:39:00,16.46,29,180.28,18.84,26.39,3279.4,497.19,3776.59,0,False,Entregada,Entrega realizada en tiempo
2771,67,28,13,1,2026-01-29,07:08:00,2026-01-29,13:27:00,2026-01-29,13:59:00,3.87,20,190.77,27.97,24.17,2000.85,676.03,2676.88,32,True,Tardía,Hora pico
2772,35,9,25,17,2026-07-17,20:13:00,2026-07-17,02:31:00,2026-07-18,02:31:00,0.6,27,175.86,14.38,23.85,1655.3,342.96,1998.26,0,False,Entregada,Entrega realizada en tiempo
2773,58,37,25,2,2026-07-22,19:10:00,2026-07-22,05:05:00,2026-07-23,05:05:00,0.33,70,283.27,30.2,25.0,2509.35,755.0,3264.35,0,False,Entregada,Entrega realizada en tiempo
2774,95,6,45,14,2026-04-08,05:54:00,2026-04-08,14:39:00,2026-04-08,14:39:00,0.22,43,291.01,42.55,24.01,2321.05,1021.63,3342.68,0,False,Entregada,Entrega realizada en tiempo
2775,37,28,57,39,2026-02-04,05:35:00,2026-02-04,13:58:00,2026-02-04,13:58:00,2.31,48,202.55,29.7,24.12,2127.75,716.36,2844.11,0,False,Entregada,Entrega realizada en tiempo
2776,92,4,8,13,2026-02-07,11:39:00,2026-02-07,23:22:00,2026-02-07,23:22:00,1.91,48,308.04,51.77,23.37,2615.2,1209.86,3825.06,0,False,Entregada,Entrega realizada en tiempo
2777,73,14,24,4,2026-07-31,05:04:00,2026-07-31,07:38:00,2026-07-31,07:38:00,3.83,14,98.45,10.61,24.17,1487.25,256.44,1743.69,0,False,Entregada,Entrega realizada en tiempo
2778,15,31,23,34,2026-07-03,06:34:00,2026-07-03,10:25:00,2026-07-03,10:25:00,24.73,7,116.46,16.54,25.1,3611.3,415.15,4026.45,0,False,Entregada,Entrega realizada en tiempo
2779,66,37,41,49,2026-07-06,06:18:00,2026-07-06,20:49:00,2026-07-06,20:49:00,0.96,33,379.9,40.5,23.25,2759.5,941.62,3701.12,0,False,Entregada,Entrega realizada en tiempo
2780,8,18,16,5,2026-03-31,15:24:00,2026-03-31,01:20:00,2026-04-01,01:20:00,0.88,66,268.26,25.12,25.75,2457.3,646.84,3104.14,0,False,Entregada,Entrega realizada en tiempo
2781,43,13,34,41,2026-06-17,08:17:00,2026-06-17,15:33:00,2026-06-17,15:33:00,0.39,66,177.05,14.44,24.91,1952.25,359.7,2311.95,0,False,Entregada,Entrega realizada en tiempo
2782,59,21,23,33,2026-01-13,09:02:00,2026-01-13,17:56:00,2026-01-13,17:56:00,1.11,80,279.08,39.03,23.41,2646.4,913.69,3560.09,0,False,Entregada,Entrega realizada en tiempo
2783,52,34,60,21,2026-04-08,12:28:00,2026-04-08,19:31:00,2026-04-08,19:31:00,4.45,15,267.14,22.19,26.26,2400.7,582.71,2983.41,0,False,Entregada,Entrega realizada en tiempo
2784,71,17,3,6,2026-06-05,06:09:00,2026-06-05,07:03:00,2026-06-05,07:03:00,0.57,60,29.67,5.27,25.63,1185.35,135.07,1320.42,0,False,Entregada,Entrega realizada en tiempo
2785,52,39,34,45,2026-05-24,09:30:00,2026-05-24,12:11:00,2026-05-24,12:11:00,3.9,14,87.98,7.1,23.43,1441.9,166.35,1608.25,0,False,Entregada,Entrega realizada en tiempo
2786,67,25,28,34,2026-04-19,08:05:00,2026-04-19,11:56:00,2026-04-19,11:56:00,2.73,73,115.66,24.61,26.31,1935.3,647.49,2582.79,0,False,Entregada,Entrega realizada en tiempo
2787,50,29,23,38,2026-07-08,19:12:00,2026-07-08,23:43:00,2026-07-09,00:15:00,16.27,26,177.76,18.57,26.48,3223.8,491.73,3715.53,32,True,Tardía,Hora pico
2788,93,21,56,2,2026-03-27,20:13:00,2026-03-27,06:08:00,2026-03-28,07:06:00,0.57,48,314.53,43.99,25.35,2513.65,1115.15,3628.8,58,True,Tardía,"Tráfico alto, Distancia larga"
2789,55,21,29,46,2026-02-08,20:23:00,2026-02-08,11:13:00,2026-02-09,11:56:00,1.48,32,410.43,57.4,25.62,2956.15,1470.59,4426.74,43,True,Tardía,"Distancia larga, Carga pesada"
2790,99,33,11,19,2026-02-10,15:25:00,2026-02-10,04:06:00,2026-02-11,04:46:00,0.4,19,399.2,50.92,25.24,2688.0,1285.22,3973.22,40,True,Tardía,Distancia larga
2791,9,22,35,18,2026-04-19,16:35:00,2026-04-19,08:43:00,2026-04-20,08:43:00,1.1,63,421.84,40.8,23.83,3223.2,972.26,4195.46,0,False,Entregada,Entrega realizada en tiempo
2792,100,13,1,10,2026-07-21,19:21:00,2026-07-21,21:46:00,2026-07-21,22:20:00,10.86,27,78.41,6.4,24.92,2194.05,159.49,2353.54,34,True,Tardía,Hora pico
2793,50,28,38,36,2026-07-27,10:16:00,2026-07-27,14:10:00,2026-07-27,14:42:00,5.79,41,98.25,14.41,23.66,1898.25,340.94,2239.19,32,True,Tardía,Tráfico alto
2794,17,34,24,20,2026-04-20,08:15:00,2026-04-20,09:48:00,2026-04-20,09:48:00,8.36,1,58.77,4.88,24.87,1637.85,121.37,1759.22,0,False,Entregada,Entrega realizada en tiempo
2795,25,1,35,37,2026-05-01,08:56:00,2026-05-01,02:14:00,2026-05-02,02:14:00,0.91,2,457.37,44.15,26.06,2893.85,1150.55,4044.4,0,False,Entregada,Entrega realizada en tiempo
2796,29,36,56,46,2026-08-05,09:30:00,2026-08-05,00:20:00,2026-08-06,01:02:00,1.71,61,441.03,52.01,24.28,3364.15,1262.8,4626.95,42,True,Tardía,"Hora pico, Distancia larga, Carga pesada"
2797,89,31,42,33,2026-04-10,09:00:00,2026-04-10,17:54:00,2026-04-10,18:39:00,11.73,78,293.2,41.65,23.29,3763.0,970.03,4733.03,45,True,Tardía,"Tráfico alto, Hora pico"
2798,19,18,10,13,2026-03-17,12:31:00,2026-03-17,00:14:00,2026-03-18,00:14:00,0.72,28,318.52,29.82,26.86,2388.6,800.97,3189.57,0,False,Entregada,Entrega realizada en tiempo
2799,45,31,55,45,2026-06-19,17:30:00,2026-06-19,20:11:00,2026-06-19,20:11:00,5.11,13,83.67,11.88,26.34,1533.35,312.92,1846.27,0,False,Entregada,Entrega realizada en tiempo
2800,92,28,60,8,2026-06-23,18:06:00,2026-06-23,21:34:00,2026-06-23,21:34:00,2.39,49,107.61,15.78,25.44,1669.05,401.44,2070.49,0,False,Entregada,Entrega realizada en tiempo
2801,45,26,26,50,2026-04-27,16:18:00,2026-04-27,00:18:00,2026-04-28,00:18:00,5.06,6,273.57,39.03,25.89,2421.85,1010.49,3432.34,0,False,Entregada,Entrega realizada en tiempo
2802,49,34,55,16,2026-02-19,12:49:00,2026-02-19,03:17:00,2026-02-20,04:02:00,4.57,35,438.25,36.4,23.61,3428.25,859.4,4287.65,45,True,Tardía,Distancia larga
2803,37,9,44,25,2026-06-24,14:12:00,2026-06-24,23:38:00,2026-06-24,23:38:00,0.55,59,318.37,26.03,26.83,2618.85,698.38,3317.23,0,False,Entregada,Entrega realizada en tiempo
2804,24,9,54,6,2026-05-29,07:48:00,2026-05-29,08:42:00,2026-05-29,09:16:00,0.44,34,26.31,2.15,24.83,947.55,53.38,1000.93,34,True,Tardía,Hora pico
2805,47,19,31,43,2026-03-04,16:03:00,2026-03-04,07:30:00,2026-03-05,08:36:00,4.83,15,439.19,43.27,23.33,3298.95,1009.49,4308.44,66,True,Tardía,"Tráfico alto, Distancia larga"
2806,43,3,48,45,2026-01-25,06:04:00,2026-01-25,08:45:00,2026-01-25,08:45:00,9.07,51,79.77,17.12,26.64,2213.85,456.08,2669.93,0,False,Entregada,Entrega realizada en tiempo
2807,54,1,2,33,2026-01-09,08:25:00,2026-01-09,17:19:00,2026-01-09,17:19:00,0.44,45,276.45,26.68,25.87,2286.25,690.21,2976.46,0,False,Entregada,Entrega realizada en tiempo
2808,86,17,55,30,2026-03-28,17:55:00,2026-03-28,23:03:00,2026-03-28,23:03:00,1.02,72,136.42,24.23,23.81,1860.1,576.92,2437.02,0,False,Entregada,Entrega realizada en tiempo
2809,41,19,33,33,2026-07-02,09:22:00,2026-07-02,18:16:00,2026-07-02,18:16:00,3.32,63,282.4,27.82,25.4,2748.0,706.63,3454.63,0,False,Entregada,Entrega realizada en tiempo
2810,14,19,37,26,2026-05-01,07:52:00,2026-05-01,13:51:00,2026-05-01,15:05:00,0.83,33,183.41,18.07,24.55,1764.05,443.62,2207.67,74,True,Tardía,"Tráfico alto, Hora pico"
2811,37,16,52,10,2026-01-06,09:05:00,2026-01-06,11:30:00,2026-01-06,11:30:00,13.25,64,79.69,7.16,26.27,2735.45,188.09,2923.54,0,False,Entregada,Entrega realizada en tiempo
2812,53,28,24,10,2026-07-19,19:09:00,2026-07-19,21:34:00,2026-07-19,21:34:00,5.43,40,76.91,11.28,24.33,1747.55,274.44,2021.99,0,False,Entregada,Entrega realizada en tiempo
2813,76,11,47,32,2026-06-21,08:18:00,2026-06-21,20:22:00,2026-06-21,21:00:00,4.13,1,356.33,74.55,24.56,2702.65,1830.95,4533.6,38,True,Tardía,"Hora pico, Distancia larga, Carga pesada"
2814,7,6,20,43,2026-07-11,15:50:00,2026-07-11,07:17:00,2026-07-12,08:10:00,1.01,3,422.17,61.72,24.12,2735.85,1488.69,4224.54,53,True,Tardía,"Tráfico alto, Distancia larga"
2815,19,32,57,8,2026-04-13,09:46:00,2026-04-13,13:14:00,2026-04-13,13:14:00,3.4,8,104.99,9.51,25.78,1428.95,245.17,1674.12,0,False,Entregada,Entrega realizada en tiempo
2816,26,16,21,27,2026-08-05,09:24:00,2026-08-05,21:07:00,2026-08-05,21:07:00,13.39,77,321.16,28.86,26.33,4060.8,759.88,4820.68,0,False,Entregada,Entrega realizada en tiempo
2817,26,1,6,4,2026-01-15,06:37:00,2026-01-15,09:11:00,2026-01-15,09:11:00,1.51,7,96.77,9.34,25.38,1190.85,237.05,1427.9,0,False,Entregada,Entrega realizada en tiempo
2818,31,5,36,29,2026-05-14,08:46:00,2026-05-14,14:00:00,2026-05-14,14:00:00,6.28,1,178.06,22.37,24.24,2026.3,542.25,2568.55,0,False,Entregada,Entrega realizada en tiempo
2819,69,3,12,34,2026-06-14,10:21:00,2026-06-14,14:12:00,2026-06-14,14:53:00,11.46,36,106.85,22.93,26.02,2468.25,596.64,3064.89,41,True,Tardía,Carga pesada
2820,80,4,40,48,2026-02-28,06:59:00,2026-02-28,12:12:00,2026-02-28,12:12:00,1.9,34,189.76,31.89,25.53,1910.8,814.15,2724.95,0,False,Entregada,Entrega realizada en tiempo
2821,54,28,6,16,2026-07-17,16:25:00,2026-07-17,06:53:00,2026-07-18,06:53:00,2.09,22,406.28,59.57,25.57,2916.4,1523.2,4439.6,0,False,Entregada,Entrega realizada en tiempo
2822,66,6,9,9,2026-06-22,16:33:00,2026-06-22,00:06:00,2026-06-23,00:06:00,0.55,9,192.3,28.11,26.94,1588.5,757.28,2345.78,0,False,Entregada,Entrega realizada en tiempo
2823,98,37,20,50,2026-04-28,11:49:00,2026-04-28,19:49:00,2026-04-28,19:49:00,0.41,59,228.83,24.4,26.49,2157.15,646.36,2803.51,0,False,Entregada,Entrega realizada en tiempo
2824,92,15,5,6,2026-01-10,14:43:00,2026-01-10,15:37:00,2026-01-10,15:37:00,1.01,71,31.01,6.38,25.7,1324.05,163.97,1488.02,0,False,Entregada,Entrega realizada en tiempo
2825,95,16,1,40,2026-04-21,18:59:00,2026-04-21,12:01:00,2026-04-22,12:01:00,6.89,26,442.05,39.72,25.47,3607.25,1011.67,4618.92,0,False,Entregada,Entrega realizada en tiempo
2826,38,9,7,36,2026-05-30,08:47:00,2026-05-30,12:41:00,2026-05-30,13:45:00,0.2,40,104.43,8.54,24.9,1362.15,212.65,1574.8,64,True,Tardía,"Tráfico alto, Hora pico"
2827,53,23,42,2,2026-07-13,08:25:00,2026-07-13,18:20:00,2026-07-13,19:31:00,1.49,63,286.37,52.45,24.59,2584.85,1289.75,3874.6,71,True,Tardía,"Tráfico alto, Hora pico, Carga pesada"
2828,17,34,35,14,2026-04-15,10:27:00,2026-04-15,19:12:00,2026-04-15,19:12:00,1.51,70,286.69,23.81,25.66,2644.45,610.96,3255.41,0,False,Entregada,Entrega realizada en tiempo
2829,46,2,6,47,2026-06-17,15:56:00,2026-06-17,03:40:00,2026-06-18,03:40:00,10.23,21,306.6,61.81,24.61,3224.0,1521.14,4745.14,0,False,Entregada,Entrega realizada en tiempo
2830,76,11,12,28,2026-04-21,16:28:00,2026-04-21,23:29:00,2026-04-21,23:29:00,2.73,66,267.49,55.96,25.06,2638.45,1402.36,4040.81,0,False,Entregada,Entrega realizada en tiempo
2831,73,13,29,42,2026-04-12,07:25:00,2026-04-12,10:36:00,2026-04-12,11:57:00,8.25,42,102.53,8.36,25.7,2173.65,214.85,2388.5,81,True,Tardía,"Tráfico alto, Hora pico"
2832,92,35,39,1,2026-04-29,12:37:00,2026-04-29,18:56:00,2026-04-29,18:56:00,1.13,75,183.51,24.77,24.27,2130.55,601.17,2731.72,0,False,Entregada,Entrega realizada en tiempo
2833,69,7,9,21,2026-03-29,18:30:00,2026-03-29,01:33:00,2026-03-30,02:29:00,1.73,60,289.55,47.47,24.52,2600.75,1163.96,3764.71,56,True,Tardía,"Hora pico, Carga pesada"
2834,4,36,54,13,2026-05-23,14:47:00,2026-05-23,02:30:00,2026-05-24,02:47:00,1.48,69,318.0,37.5,26.67,2790.0,1000.13,3790.13,17,True,Tardía,Distancia larga
2835,38,8,50,29,2026-01-28,15:21:00,2026-01-28,20:35:00,2026-01-28,20:35:00,5.45,62,201.55,21.53,23.75,2548.75,511.34,3060.09,0,False,Entregada,Entrega realizada en tiempo
2836,9,9,38,23,2026-08-11,15:22:00,2026-08-11,00:43:00,2026-08-12,00:43:00,0.26,12,291.1,23.8,24.77,2077.5,589.53,2667.03,0,False,Entregada,Entrega realizada en tiempo
2837,83,8,54,20,2026-05-15,16:02:00,2026-05-15,17:35:00,2026-05-15,17:35:00,5.03,8,62.26,6.65,24.44,1378.3,162.53,1540.83,0,False,Entregada,Entrega realizada en tiempo
2838,6,1,46,39,2026-02-17,11:17:00,2026-02-17,19:40:00,2026-02-17,19:40:00,0.49,77,226.78,21.89,23.72,2298.9,519.23,2818.13,0,False,Entregada,Entrega realizada en tiempo
2839,58,36,54,32,2026-03-31,17:03:00,2026-03-31,05:07:00,2026-04-01,05:07:00,1.6,30,364.6,43.0,26.1,2723.0,1122.3,3845.3,0,False,Entregada,Entrega realizada en tiempo
2840,76,13,2,8,2026-01-27,08:21:00,2026-01-27,11:49:00,2026-01-27,12:47:00,21.0,2,91.18,7.44,23.14,3071.9,172.16,3244.06,58,True,Tardía,"Hora pico, Carga pesada"
2841,36,11,37,49,2026-01-06,15:42:00,2026-01-06,06:13:00,2026-01-07,06:13:00,0.81,77,389.54,81.49,26.98,3144.7,2198.6,5343.3,0,False,Entregada,Entrega realizada en tiempo
2842,21,15,55,13,2026-04-15,09:52:00,2026-04-15,21:35:00,2026-04-15,21:35:00,0.73,16,327.8,67.45,23.06,2340.0,1555.4,3895.4,0,False,Entregada,Entrega realizada en tiempo
2843,22,3,1,32,2026-06-13,09:01:00,2026-06-13,21:05:00,2026-06-13,21:05:00,0.39,18,413.17,88.66,26.14,2748.85,2317.57,5066.42,0,False,Entregada,Entrega realizada en tiempo
2844,50,28,9,17,2026-06-29,17:23:00,2026-06-29,23:41:00,2026-06-29,23:41:00,0.6,31,166.52,24.42,26.17,1640.6,639.07,2279.67,0,False,Entregada,Entrega realizada en tiempo
2845,82,19,2,45,2026-07-27,13:31:00,2026-07-27,16:12:00,2026-07-27,16:12:00,0.3,12,85.32,8.41,26.05,1052.6,219.08,1271.68,0,False,Entregada,Entrega realizada en tiempo
2846,40,26,43,39,2026-04-05,16:43:00,2026-04-05,01:06:00,2026-04-06,01:41:00,13.71,64,221.1,31.54,26.61,3488.5,839.28,4327.78,35,True,Tardía,Carga pesada
2847,27,24,42,20,2026-03-06,14:14:00,2026-03-06,15:47:00,2026-03-06,15:47:00,5.54,33,53.52,5.02,23.26,1585.6,116.77,1702.37,0,False,Entregada,Entrega realizada en tiempo
2848,49,28,58,36,2026-05-18,16:22:00,2026-05-18,20:16:00,2026-05-18,21:00:00,5.03,66,100.19,14.69,23.79,2031.95,349.48,2381.43,44,True,Tardía,Tráfico alto
2849,38,36,48,15,2026-06-19,14:41:00,2026-06-19,17:04:00,2026-06-19,17:04:00,1.02,71,57.9,6.83,25.52,1459.5,174.3,1633.8,0,False,Entregada,Entrega realizada en tiempo
2850,54,32,14,28,2026-04-11,12:33:00,2026-04-11,19:34:00,2026-04-11,19:34:00,3.26,41,277.76,25.16,23.12,2542.8,581.7,3124.5,0,False,Entregada,Entrega realizada en tiempo
2851,85,30,31,24,2026-05-15,18:00:00,2026-05-15,02:37:00,2026-05-16,02:37:00,9.95,66,314.47,27.02,24.16,3595.35,652.8,4248.15,0,False,Entregada,Entrega realizada en tiempo
2852,21,27,50,40,2026-05-24,09:42:00,2026-05-24,02:44:00,2026-05-25,03:46:00,2.21,33,468.96,60.28,26.47,3329.8,1595.61,4925.41,62,True,Tardía,"Hora pico, Distancia larga"
2853,5,23,2,49,2026-07-05,12:20:00,2026-07-05,02:51:00,2026-07-06,02:51:00,0.47,8,414.2,75.86,25.88,2682.0,1963.26,4645.26,0,False,Entregada,Entrega realizada en tiempo
2854,77,12,35,18,2026-04-13,17:10:00,2026-04-13,09:18:00,2026-04-14,09:57:00,0.96,2,398.23,56.97,26.67,2603.15,1519.39,4122.54,39,True,Tardía,"Hora pico, Distancia larga"
2855,98,39,49,13,2026-05-26,06:44:00,2026-05-26,18:27:00,2026-05-26,18:27:00,8.24,60,320.1,25.84,26.66,3404.5,688.89,4093.39,0,False,Entregada,Entrega realizada en tiempo
2856,63,10,55,38,2026-03-22,11:40:00,2026-03-22,16:11:00,2026-03-22,16:11:00,1.54,45,192.67,19.32,26.88,1977.35,519.32,2496.67,0,False,Entregada,Entrega realizada en tiempo
2857,1,16,36,2,2026-01-17,16:08:00,2026-01-17,02:03:00,2026-01-18,02:03:00,5.16,43,324.8,29.18,24.4,2984.0,711.99,3695.99,0,False,Entregada,Entrega realizada en tiempo
2858,46,3,44,9,2026-06-26,05:19:00,2026-06-26,12:52:00,2026-06-26,13:07:00,9.52,44,213.46,45.81,26.84,2871.3,1229.54,4100.84,15,True,Tardía,Incidencia operativa
2859,13,20,14,22,2026-02-28,07:08:00,2026-02-28,14:47:00,2026-02-28,14:47:00,6.49,60,317.83,43.12,26.09,3218.15,1125.0,4343.15,0,False,Entregada,Entrega realizada en tiempo
2860,88,15,53,15,2026-07-12,18:39:00,2026-07-12,21:02:00,2026-07-12,21:23:00,0.89,43,58.62,12.06,23.57,1226.1,284.25,1510.35,21,True,Tardía,Hora pico
2861,85,23,37,2,2026-03-12,09:25:00,2026-03-12,19:20:00,2026-03-12,20:29:00,1.06,46,309.75,56.73,26.36,2522.75,1495.4,4018.15,69,True,Tardía,"Tráfico alto, Hora pico, Distancia larga"
2862,49,12,52,43,2026-03-30,08:44:00,2026-03-30,00:11:00,2026-03-31,00:11:00,0.31,7,436.75,62.48,24.98,2770.75,1560.75,4331.5,0,False,Entregada,Entrega realizada en tiempo
2863,68,13,36,46,2026-06-23,14:22:00,2026-06-23,05:12:00,2026-06-24,05:52:00,18.84,38,445.43,36.33,26.03,4915.15,945.67,5860.82,40,True,Tardía,"Distancia larga, Carga pesada"
2864,6,39,53,41,2026-01-21,10:20:00,2026-01-21,17:36:00,2026-01-21,17:55:00,1.03,13,179.68,14.5,24.38,1605.4,353.51,1958.91,19,True,Tardía,Incidencia operativa
2865,46,21,49,44,2026-02-26,17:44:00,2026-02-26,19:54:00,2026-02-26,19:54:00,0.61,5,69.51,9.72,24.67,948.55,239.79,1188.34,0,False,Entregada,Entrega realizada en tiempo
2866,61,12,35,7,2026-04-17,17:12:00,2026-04-17,21:23:00,2026-04-17,21:23:00,0.36,32,128.42,18.37,24.54,1434.1,450.8,1884.9,0,False,Entregada,Entrega realizada en tiempo
2867,18,6,43,21,2026-08-01,18:23:00,2026-08-01,01:26:00,2026-08-02,01:26:00,0.33,55,301.71,44.11,26.05,2481.55,1149.07,3630.62,0,False,Entregada,Entrega realizada en tiempo
2868,96,11,49,28,2026-03-07,08:11:00,2026-03-07,15:12:00,2026-03-07,15:51:00,1.65,55,292.86,61.27,23.47,2569.3,1438.01,4007.31,39,True,Tardía,Hora pico
2869,84,29,26,11,2026-01-04,06:27:00,2026-01-04,09:13:00,2026-01-04,09:13:00,6.58,74,74.14,7.75,25.41,2120.7,196.93,2317.63,0,False,Entregada,Entrega realizada en tiempo
2870,56,16,2,16,2026-06-08,13:04:00,2026-06-08,03:32:00,2026-06-09,03:32:00,4.82,56,444.94,39.98,26.76,3654.7,1069.86,4724.56,0,False,Entregada,Entrega realizada en tiempo
2871,40,22,3,46,2026-03-26,20:09:00,2026-03-26,10:59:00,2026-03-27,10:59:00,1.37,17,387.48,37.47,25.82,2710.4,967.48,3677.88,0,False,Entregada,Entrega realizada en tiempo
2872,54,29,15,44,2026-07-25,08:11:00,2026-07-25,10:21:00,2026-07-25,11:12:00,23.86,28,66.04,6.9,25.12,3440.2,173.33,3613.53,51,True,Tardía,"Hora pico, Carga pesada"
2873,5,20,33,23,2026-08-06,07:42:00,2026-08-06,17:03:00,2026-08-06,17:03:00,1.79,38,265.05,35.96,23.23,2308.25,835.35,3143.6,0,False,Entregada,Entrega realizada en tiempo
2874,48,39,53,16,2026-04-13,12:23:00,2026-04-13,02:51:00,2026-04-14,02:51:00,1.54,6,443.85,35.82,23.58,2921.25,844.64,3765.89,0,False,Entregada,Entrega realizada en tiempo
2875,23,16,7,16,2026-03-07,08:30:00,2026-03-07,22:58:00,2026-03-07,22:58:00,15.07,47,395.44,35.53,24.77,4360.2,880.08,5240.28,0,False,Entregada,Entrega realizada en tiempo
2876,60,12,39,40,2026-01-17,08:45:00,2026-01-17,01:47:00,2026-01-18,02:24:00,0.83,43,483.41,69.16,23.78,3344.05,1644.62,4988.67,37,True,Tardía,"Hora pico, Distancia larga"
2877,11,34,55,46,2026-02-21,12:15:00,2026-02-21,03:05:00,2026-02-22,03:05:00,7.87,56,418.21,34.74,24.49,3826.05,850.78,4676.83,0,False,Entregada,Entrega realizada en tiempo
2878,11,3,44,42,2026-08-08,09:42:00,2026-08-08,12:53:00,2026-08-08,13:54:00,11.03,75,98.19,21.07,23.06,2693.95,485.87,3179.82,61,True,Tardía,"Tráfico alto, Hora pico, Carga pesada"
2879,19,38,8,44,2026-04-30,08:24:00,2026-04-30,10:34:00,2026-04-30,10:34:00,6.03,44,69.18,5.88,26.64,1800.9,156.64,1957.54,0,False,Entregada,Entrega realizada en tiempo
2880,28,11,33,8,2026-08-04,16:09:00,2026-08-04,19:37:00,2026-08-04,19:48:00,2.2,79,99.2,20.75,25.92,1848.0,537.84,2385.84,11,True,Tardía,Incidencia operativa
2881,63,15,53,40,2026-02-09,09:06:00,2026-02-09,02:08:00,2026-02-10,02:08:00,0.65,76,486.2,100.04,24.59,3604.0,2459.98,6063.98,0,False,Entregada,Entrega realizada en tiempo
2882,10,21,29,14,2026-06-23,17:27:00,2026-06-23,02:12:00,2026-06-24,02:45:00,1.49,62,266.68,37.3,25.26,2478.4,942.2,3420.6,33,True,Tardía,"Hora pico, Carga pesada"
2883,88,29,32,1,2026-04-24,12:22:00,2026-04-24,18:41:00,2026-04-24,18:41:00,9.3,77,186.77,19.52,26.36,2979.85,514.55,3494.4,0,False,Entregada,Entrega realizada en tiempo
2884,11,24,56,13,2026-01-15,11:17:00,2026-01-15,23:00:00,2026-01-15,23:20:00,3.92,41,303.08,28.4,23.52,2735.4,667.97,3403.37,20,True,Tardía,Distancia larga
2885,83,25,48,34,2026-03-04,20:31:00,2026-03-04,00:22:00,2026-03-05,00:22:00,8.84,72,108.87,23.16,26.55,2504.35,614.9,3119.25,0,False,Entregada,Entrega realizada en tiempo
2886,96,20,41,23,2026-08-14,06:10:00,2026-08-14,15:31:00,2026-08-14,15:31:00,4.39,77,248.63,33.74,24.6,2798.15,830.0,3628.15,0,False,Entregada,Entrega realizada en tiempo
2887,98,26,4,16,2026-06-16,06:17:00,2026-06-16,20:45:00,2026-06-16,20:45:00,3.66,2,464.13,66.21,25.88,3202.65,1713.51,4916.16,0,False,Entregada,Entrega realizada en tiempo
2888,27,18,27,44,2026-06-26,17:43:00,2026-06-26,19:53:00,2026-06-26,20:27:00,0.47,45,60.79,5.69,25.84,1210.95,147.03,1357.98,34,True,Tardía,Hora pico
2889,19,16,51,28,2026-05-19,19:06:00,2026-05-19,02:07:00,2026-05-20,02:46:00,9.22,6,267.39,24.02,25.66,2806.95,616.35,3423.3,39,True,Tardía,Hora pico
2890,58,12,5,4,2026-08-12,13:06:00,2026-08-12,15:40:00,2026-08-12,15:40:00,0.24,32,101.67,14.55,24.5,1288.35,356.48,1644.83,0,False,Entregada,Entrega realizada en tiempo
2891,13,35,20,11,2026-02-08,05:06:00,2026-02-08,07:52:00,2026-02-08,07:52:00,0.83,31,72.94,9.84,25.19,1195.7,247.87,1443.57,0,False,Entregada,Entrega realizada en tiempo
2892,47,16,12,3,2026-07-17,20:47:00,2026-07-17,23:04:00,2026-07-17,23:04:00,7.18,26,61.14,5.49,23.31,1731.7,127.97,1859.67,0,False,Entregada,Entrega realizada en tiempo
2893,97,25,34,8,2026-07-05,16:14:00,2026-07-05,19:42:00,2026-07-05,19:42:00,10.7,54,97.4,20.72,23.95,2489.0,496.24,2985.24,0,False,Entregada,Entrega realizada en tiempo
2894,73,6,42,45,2026-05-03,10:47:00,2026-05-03,13:28:00,2026-05-03,13:28:00,0.52,49,80.14,11.72,24.86,1344.7,291.36,1636.06,0,False,Entregada,Entrega realizada en tiempo
2895,66,38,46,20,2026-06-15,18:27:00,2026-06-15,20:00:00,2026-06-15,20:16:00,6.97,62,61.9,5.26,24.41,2002.5,128.4,2130.9,16,True,Tardía,Hora pico
2896,11,17,45,46,2026-01-26,06:30:00,2026-01-26,21:20:00,2026-01-26,21:20:00,0.38,2,433.76,77.04,24.73,2722.8,1905.2,4628.0,0,False,Entregada,Entrega realizada en tiempo
2897,35,36,24,2,2026-07-23,20:53:00,2026-07-23,06:48:00,2026-07-24,07:38:00,0.23,78,302.3,35.65,23.03,2658.5,821.02,3479.52,50,True,Tardía,"Tráfico alto, Distancia larga"
2898,48,6,49,8,2026-08-14,07:39:00,2026-08-14,11:07:00,2026-08-14,11:07:00,1.17,34,96.67,14.13,24.22,1372.35,342.23,1714.58,0,False,Entregada,Entrega realizada en tiempo
2899,34,24,27,39,2026-05-01,08:39:00,2026-05-01,17:02:00,2026-05-01,17:02:00,3.86,51,202.28,18.96,24.56,2305.4,465.66,2771.06,0,False,Entregada,Entrega realizada en tiempo
2900,15,39,12,30,2026-04-20,18:05:00,2026-04-20,23:13:00,2026-04-20,23:13:00,6.4,31,119.98,9.68,25.94,1987.9,251.1,2239.0,0,False,Entregada,Entrega realizada en tiempo
2901,15,33,33,27,2026-07-12,08:54:00,2026-07-12,20:37:00,2026-07-12,21:21:00,0.85,55,296.24,37.79,23.54,2506.2,889.58,3395.78,44,True,Tardía,"Hora pico, Carga pesada"
2902,52,25,60,50,2026-04-23,20:14:00,2026-04-23,04:14:00,2026-04-24,04:14:00,9.71,4,244.8,52.09,24.98,2727.0,1301.21,4028.21,0,False,Entregada,Entrega realizada en tiempo
2903,59,7,13,35,2026-08-05,19:30:00,2026-08-05,23:04:00,2026-08-05,23:04:00,1.37,37,142.68,23.39,23.19,1646.4,542.41,2188.81,0,False,Entregada,Entrega realizada en tiempo
2904,94,9,14,44,2026-06-17,12:42:00,2026-06-17,14:52:00,2026-06-17,14:52:00,0.78,49,60.27,4.93,24.21,1271.35,119.36,1390.71,0,False,Entregada,Entrega realizada en tiempo
2905,51,25,12,32,2026-04-19,09:46:00,2026-04-19,21:50:00,2026-04-19,22:29:00,2.14,28,379.35,80.71,24.66,2834.75,1990.31,4825.06,39,True,Tardía,"Hora pico, Distancia larga"
2906,13,20,12,41,2026-06-21,08:23:00,2026-06-21,15:39:00,2026-06-21,16:04:00,1.23,24,183.58,24.91,25.4,1732.9,632.71,2365.61,25,True,Tardía,Hora pico
2907,69,27,14,27,2026-03-09,18:01:00,2026-03-09,05:44:00,2026-03-10,06:59:00,12.88,33,342.83,44.07,25.04,3766.15,1103.51,4869.66,75,True,Tardía,"Hora pico, Distancia larga, Carga pesada"
2908,62,2,14,25,2026-05-22,20:49:00,2026-05-22,06:15:00,2026-05-23,06:45:00,6.32,30,370.17,74.63,24.95,3222.85,1862.02,5084.87,30,True,Tardía,Distancia larga
2909,78,15,26,47,2026-02-28,07:48:00,2026-02-28,19:32:00,2026-02-28,19:32:00,0.7,45,320.98,66.05,23.72,2534.9,1566.71,4101.61,0,False,Entregada,Entrega realizada en tiempo
2910,19,39,8,43,2026-06-14,09:30:00,2026-06-14,00:57:00,2026-06-15,02:03:00,6.07,8,457.11,36.89,23.17,3456.55,854.74,4311.29,66,True,Tardía,"Tráfico alto, Hora pico, Distancia larga"
2911,34,4,25,48,2026-06-25,08:37:00,2026-06-25,13:50:00,2026-06-25,14:51:00,2.5,13,175.11,29.43,23.63,1729.55,695.43,2424.98,61,True,Tardía,"Tráfico alto, Hora pico, Carga pesada"
2912,62,8,34,13,2026-01-06,07:34:00,2026-01-06,19:17:00,2026-01-06,19:17:00,4.13,15,291.76,31.17,25.33,2491.8,789.54,3281.34,0,False,Entregada,Entrega realizada en tiempo
2913,52,4,55,31,2026-03-27,17:33:00,2026-03-27,01:05:00,2026-03-28,01:05:00,0.46,79,179.73,30.21,26.35,2076.65,796.03,2872.68,0,False,Entregada,Entrega realizada en tiempo
2914,67,17,54,37,2026-05-03,12:37:00,2026-05-03,05:55:00,2026-05-04,05:55:00,1.08,79,477.71,84.85,25.4,3628.55,2155.19,5783.74,0,False,Entregada,Entrega realizada en tiempo
2915,41,11,60,9,2026-01-28,18:07:00,2026-01-28,01:40:00,2026-01-29,02:18:00,3.4,15,195.98,41.0,26.95,1939.9,1104.95,3044.85,38,True,Tardía,Hora pico
2916,46,34,48,7,2026-05-22,20:42:00,2026-05-22,00:53:00,2026-05-23,00:53:00,2.66,14,115.07,9.56,26.57,1453.35,254.01,1707.36,0,False,Entregada,Entrega realizada en tiempo
2917,2,28,5,32,2026-02-24,13:26:00,2026-02-24,01:30:00,2026-02-25,02:04:00,2.74,32,370.88,54.38,26.32,2884.4,1431.28,4315.68,34,True,Tardía,Distancia larga
2918,22,39,30,24,2026-08-02,14:28:00,2026-08-02,23:05:00,2026-08-02,23:05:00,6.52,23,317.74,25.64,26.01,2924.7,666.9,3591.6,0,False,Entregada,Entrega realizada en tiempo
2919,14,27,39,20,2026-06-05,16:13:00,2026-06-05,17:46:00,2026-06-05,17:46:00,1.24,63,53.57,6.89,25.03,1395.85,172.46,1568.31,0,False,Entregada,Entrega realizada en tiempo
2920,12,37,54,14,2026-05-15,06:25:00,2026-05-15,15:10:00,2026-05-15,15:10:00,0.29,68,267.05,28.47,23.67,2408.25,673.88,3082.13,0,False,Entregada,Entrega realizada en tiempo
2921,7,8,49,14,2026-06-14,05:31:00,2026-06-14,14:16:00,2026-06-14,14:16:00,5.66,10,278.79,29.79,24.98,2539.95,744.15,3284.1,0,False,Entregada,Entrega realizada en tiempo
2922,25,11,8,25,2026-02-26,09:26:00,2026-02-26,18:52:00,2026-02-26,18:52:00,3.46,16,340.36,71.21,23.97,2675.8,1706.9,4382.7,0,False,Entregada,Entrega realizada en tiempo
2923,61,40,56,34,2026-03-26,11:37:00,2026-03-26,15:28:00,2026-03-26,15:28:00,0.68,5,101.01,15.78,23.18,1113.05,365.78,1478.83,0,False,Entregada,Entrega realizada en tiempo
2924,89,39,54,4,2026-03-04,18:43:00,2026-03-04,21:17:00,2026-03-04,21:17:00,7.52,21,110.88,8.95,26.0,1974.4,232.7,2207.1,0,False,Entregada,Entrega realizada en tiempo
2925,48,34,50,22,2026-05-09,10:21:00,2026-05-09,18:00:00,2026-05-09,18:00:00,1.58,54,321.32,26.69,26.28,2696.6,701.41,3398.01,0,False,Entregada,Entrega realizada en tiempo
2926,31,39,59,38,2026-05-21,08:09:00,2026-05-21,12:40:00,2026-05-21,12:40:00,4.27,62,192.61,15.55,27.0,2386.05,419.85,2805.9,0,False,Entregada,Entrega realizada en tiempo
2927,28,39,41,10,2026-02-07,13:49:00,2026-02-07,16:14:00,2026-02-07,16:38:00,8.11,44,84.35,6.81,26.33,2084.75,179.31,2264.06,24,True,Tardía,Carga pesada
2928,90,12,21,36,2026-08-14,07:40:00,2026-08-14,11:34:00,2026-08-14,11:34:00,0.87,33,92.32,13.21,26.47,1312.6,349.67,1662.27,0,False,Entregada,Entrega realizada en tiempo
2929,23,7,53,46,2026-02-16,09:25:00,2026-02-16,00:15:00,2026-02-17,01:11:00,0.3,5,392.29,64.31,25.29,2531.45,1626.4,4157.85,56,True,Tardía,"Hora pico, Distancia larga"
2930,34,23,17,7,2026-07-31,09:46:00,2026-07-31,13:57:00,2026-07-31,14:22:00,0.25,72,128.97,23.62,24.26,1745.85,573.02,2318.87,25,True,Tardía,Hora pico
2931,28,4,39,16,2026-01-03,18:38:00,2026-01-03,09:06:00,2026-01-04,09:06:00,1.88,52,397.9,66.87,25.95,3093.5,1735.28,4828.78,0,False,Entregada,Entrega realizada en tiempo
2932,100,40,3,42,2026-05-31,16:44:00,2026-05-31,19:55:00,2026-05-31,21:02:00,1.31,40,91.11,14.24,23.54,1406.55,335.21,1741.76,67,True,Tardía,"Tráfico alto, Carga pesada"
2933,36,3,36,48,2026-06-06,09:44:00,2026-06-06,14:57:00,2026-06-06,14:57:00,3.63,14,174.54,37.45,25.54,1847.7,956.47,2804.17,0,False,Entregada,Entrega realizada en tiempo
2934,25,22,42,49,2026-01-24,16:25:00,2026-01-24,06:56:00,2026-01-25,07:23:00,0.7,66,368.69,35.66,26.85,2941.45,957.47,3898.92,27,True,Tardía,Distancia larga
2935,61,13,60,28,2026-04-26,05:30:00,2026-04-26,12:31:00,2026-04-26,12:48:00,10.88,18,272.69,22.24,25.83,3095.45,574.46,3669.91,17,True,Tardía,Incidencia operativa
2936,2,12,20,9,2026-06-16,09:41:00,2026-06-16,17:14:00,2026-06-16,17:14:00,1.43,22,179.07,25.62,26.78,1714.35,686.1,2400.45,0,False,Entregada,Entrega realizada en tiempo
2937,13,40,34,47,2026-02-28,06:26:00,2026-02-28,18:10:00,2026-02-28,19:05:00,0.39,32,307.11,47.99,24.23,2330.55,1162.8,3493.35,55,True,Tardía,"Tráfico alto, Distancia larga"
2938,2,7,58,35,2026-01-26,12:18:00,2026-01-26,15:52:00,2026-01-26,16:19:00,1.21,35,135.23,22.17,26.49,1577.15,587.28,2164.43,27,True,Tardía,Incidencia operativa
2939,35,10,43,43,2026-01-08,09:44:00,2026-01-08,01:11:00,2026-01-09,02:20:00,15.58,36,444.69,44.6,24.76,4569.45,1104.3,5673.75,69,True,Tardía,"Tráfico alto, Hora pico, Distancia larga"
2940,45,6,8,43,2026-07-08,19:27:00,2026-07-08,10:54:00,2026-07-09,10:54:00,0.86,9,448.88,65.63,24.67,2902.4,1619.09,4521.49,0,False,Entregada,Entrega realizada en tiempo
2941,36,1,40,37,2026-03-14,08:19:00,2026-03-14,01:37:00,2026-03-15,02:35:00,0.45,64,425.69,41.09,26.59,3185.45,1092.58,4278.03,58,True,Tardía,"Hora pico, Distancia larga"
2942,60,3,21,20,2026-08-01,08:19:00,2026-08-01,09:52:00,2026-08-01,09:52:00,3.83,42,60.04,12.88,25.74,1519.2,331.53,1850.73,0,False,Entregada,Entrega realizada en tiempo
2943,80,4,33,12,2026-04-09,07:42:00,2026-04-09,19:20:00,2026-04-09,20:08:00,0.69,10,386.64,64.98,24.28,2582.2,1577.71,4159.91,48,True,Tardía,"Hora pico, Distancia larga"
2944,35,12,48,37,2026-06-01,09:02:00,2026-06-01,02:20:00,2026-06-02,03:31:00,1.41,23,410.57,58.74,25.66,2877.85,1507.27,4385.12,71,True,Tardía,"Hora pico, Distancia larga, Carga pesada"
2945,55,39,12,50,2026-02-12,14:14:00,2026-02-12,22:14:00,2026-02-12,22:14:00,6.91,30,265.69,21.44,23.37,2759.45,501.05,3260.5,0,False,Entregada,Entrega realizada en tiempo
2946,33,6,54,5,2026-06-10,20:50:00,2026-06-10,06:46:00,2026-06-11,06:46:00,0.57,25,267.81,39.15,23.06,2096.05,902.8,2998.85,0,False,Entregada,Entrega realizada en tiempo
2947,80,15,51,20,2026-02-02,11:41:00,2026-02-02,13:14:00,2026-02-02,13:14:00,0.33,20,61.21,12.59,24.51,999.05,308.58,1307.63,0,False,Entregada,Entrega realizada en tiempo
2948,87,12,33,48,2026-02-18,11:26:00,2026-02-18,16:39:00,2026-02-18,17:24:00,1.0,25,193.18,27.64,25.16,1765.9,695.42,2461.32,45,True,Tardía,Tráfico alto
2949,30,16,17,14,2026-05-01,14:06:00,2026-05-01,22:51:00,2026-05-01,22:51:00,18.56,68,281.61,25.3,26.61,4308.05,673.23,4981.28,0,False,Entregada,Entrega realizada en tiempo
2950,33,3,33,28,2026-07-18,14:51:00,2026-07-18,21:52:00,2026-07-18,22:09:00,1.98,37,264.02,56.66,25.91,2314.1,1468.06,3782.16,17,True,Tardía,Incidencia operativa
2951,23,25,40,9,2026-05-22,13:21:00,2026-05-22,20:54:00,2026-05-22,20:54:00,9.36,3,184.78,39.31,23.82,2383.9,936.36,3320.26,0,False,Entregada,Entrega realizada en tiempo
2952,3,37,56,23,2026-02-11,20:40:00,2026-02-11,06:01:00,2026-02-12,06:01:00,0.26,67,279.16,29.76,26.95,2457.8,802.03,3259.83,0,False,Entregada,Entrega realizada en tiempo
2953,78,18,57,31,2026-08-04,05:15:00,2026-08-04,12:47:00,2026-08-04,12:47:00,0.56,73,214.36,20.07,26.62,2211.8,534.26,2746.06,0,False,Entregada,Entrega realizada en tiempo
2954,55,19,21,14,2026-03-24,08:53:00,2026-03-24,17:38:00,2026-03-24,17:38:00,5.04,61,250.48,24.68,23.18,2744.4,572.08,3316.48,0,False,Entregada,Entrega realizada en tiempo
2955,59,8,52,36,2026-05-14,09:00:00,2026-05-14,12:54:00,2026-05-14,12:54:00,5.75,5,96.32,10.29,26.19,1596.6,269.5,1866.1,0,False,Entregada,Entrega realizada en tiempo
2956,44,18,9,36,2026-05-11,17:13:00,2026-05-11,21:07:00,2026-05-11,21:07:00,0.5,36,99.09,9.28,25.96,1333.45,240.91,1574.36,0,False,Entregada,Entrega realizada en tiempo
2957,79,26,43,25,2026-05-13,16:27:00,2026-05-13,01:53:00,2026-05-14,01:53:00,0.94,58,342.32,48.83,25.45,2769.6,1242.72,4012.32,0,False,Entregada,Entrega realizada en tiempo
2958,34,30,2,27,2026-06-29,08:29:00,2026-06-29,20:12:00,2026-06-29,20:12:00,1.77,3,308.38,26.49,26.47,2242.9,701.19,2944.09,0,False,Entregada,Entrega realizada en tiempo
2959,56,38,4,6,2026-08-05,11:39:00,2026-08-05,12:33:00,2026-08-05,12:33:00,5.38,57,29.97,2.55,23.32,1643.85,59.47,1703.32,0,False,Entregada,Entrega realizada en tiempo
2960,98,14,52,34,2026-03-08,17:06:00,2026-03-08,20:57:00,2026-03-08,20:57:00,5.96,44,101.94,10.98,26.32,1957.7,288.99,2246.69,0,False,Entregada,Entrega realizada en tiempo
2961,54,28,47,21,2026-01-01,13:04:00,2026-01-01,20:07:00,2026-01-01,20:07:00,3.47,70,287.69,42.18,24.69,2845.45,1041.42,3886.87,0,False,Entregada,Entrega realizada en tiempo
2962,3,7,25,32,2026-06-19,12:16:00,2026-06-19,00:20:00,2026-06-20,00:20:00,0.44,73,401.45,65.81,25.73,3135.25,1693.29,4828.54,0,False,Entregada,Entrega realizada en tiempo
2963,27,19,45,14,2026-04-05,16:36:00,2026-04-05,01:21:00,2026-04-06,01:21:00,5.46,67,255.65,25.19,26.53,2860.25,668.29,3528.54,0,False,Entregada,Entrega realizada en tiempo
2964,36,21,49,2,2026-06-15,13:50:00,2026-06-15,23:45:00,2026-06-15,23:45:00,0.77,53,283.99,39.72,25.83,2420.95,1025.97,3446.92,0,False,Entregada,Entrega realizada en tiempo
2965,30,32,22,20,2026-01-12,08:52:00,2026-01-12,10:25:00,2026-01-12,10:25:00,3.0,34,54.73,4.96,26.18,1345.65,129.85,1475.5,0,False,Entregada,Entrega realizada en tiempo
2966,56,5,31,45,2026-05-18,09:57:00,2026-05-18,12:38:00,2026-05-18,12:38:00,18.32,43,88.76,11.15,23.5,3119.8,262.03,3381.83,0,False,Entregada,Entrega realizada en tiempo
2967,5,9,22,4,2026-08-09,10:34:00,2026-08-09,13:08:00,2026-08-09,13:08:00,0.45,42,106.78,8.73,27.0,1414.9,235.71,1650.61,0,False,Entregada,Entrega realizada en tiempo
2968,55,12,49,25,2026-08-12,12:32:00,2026-08-12,21:58:00,2026-08-12,21:58:00,1.33,10,346.08,49.51,26.04,2443.4,1289.24,3732.64,0,False,Entregada,Entrega realizada en tiempo
2969,32,34,42,19,2026-05-27,10:48:00,2026-05-27,23:29:00,2026-05-27,23:29:00,1.63,53,364.5,30.27,26.47,2909.5,801.25,3710.75,0,False,Entregada,Entrega realizada en tiempo
2970,86,25,13,21,2026-05-12,14:14:00,2026-05-12,21:17:00,2026-05-12,21:17:00,9.37,3,302.9,64.45,23.34,2975.5,1504.26,4479.76,0,False,Entregada,Entrega realizada en tiempo
2971,99,6,55,49,2026-02-06,17:35:00,2026-02-06,08:06:00,2026-02-07,08:44:00,1.02,74,413.79,60.5,23.01,3262.95,1392.11,4655.06,38,True,Tardía,"Hora pico, Distancia larga"
2972,38,33,56,24,2026-02-07,18:29:00,2026-02-07,03:06:00,2026-02-08,04:20:00,0.88,45,340.57,43.44,24.66,2650.85,1071.23,3722.08,74,True,Tardía,"Tráfico alto, Hora pico, Distancia larga, Carga pesada"
2973,7,13,48,28,2026-02-25,11:19:00,2026-02-25,18:20:00,2026-02-25,18:20:00,2.27,37,279.92,22.83,25.38,2422.6,579.43,3002.03,0,False,Entregada,Entrega realizada en tiempo
2974,52,33,50,39,2026-04-07,10:14:00,2026-04-07,18:37:00,2026-04-07,18:37:00,0.76,14,224.81,28.67,25.7,1812.05,736.82,2548.87,0,False,Entregada,Entrega realizada en tiempo
2975,20,13,15,24,2026-04-23,16:05:00,2026-04-23,00:42:00,2026-04-24,00:42:00,13.45,62,295.34,24.09,25.97,3817.7,625.62,4443.32,0,False,Entregada,Entrega realizada en tiempo
2976,7,29,57,15,2026-08-03,08:56:00,2026-08-03,11:19:00,2026-08-03,11:19:00,21.97,58,65.67,6.86,26.47,3489.35,181.58,3670.93,0,False,Entregada,Entrega realizada en tiempo
2977,60,30,57,28,2026-02-14,16:56:00,2026-02-14,23:57:00,2026-02-14,23:57:00,1.3,18,275.67,23.68,26.77,2152.35,633.91,2786.26,0,False,Entregada,Entrega realizada en tiempo
2978,57,35,21,45,2026-01-11,19:39:00,2026-01-11,22:20:00,2026-01-11,22:20:00,0.4,71,81.64,11.02,25.42,1516.2,280.13,1796.33,0,False,Entregada,Entrega realizada en tiempo
2979,64,17,51,32,2026-07-17,14:39:00,2026-07-17,02:43:00,2026-07-18,02:43:00,0.22,35,372.65,66.19,25.6,2665.25,1694.46,4359.71,0,False,Entregada,Entrega realizada en tiempo
2980,37,33,46,22,2026-02-05,14:54:00,2026-02-05,22:33:00,2026-02-05,22:33:00,0.62,25,327.88,41.82,24.84,2401.4,1038.81,3440.21,0,False,Entregada,Entrega realizada en tiempo
2981,33,2,49,16,2026-05-02,15:29:00,2026-05-02,05:57:00,2026-05-03,05:57:00,11.0,54,454.93,91.72,24.13,4306.65,2213.2,6519.85,0,False,Entregada,Entrega realizada en tiempo
2982,34,10,2,31,2026-04-18,17:22:00,2026-04-18,00:54:00,2026-04-19,01:34:00,4.16,11,184.13,18.47,23.8,1924.65,439.59,2364.24,40,True,Tardía,Hora pico
2983,12,5,21,49,2026-05-01,09:41:00,2026-05-01,00:12:00,2026-05-02,01:07:00,15.85,27,361.47,45.41,25.87,4108.35,1174.76,5283.11,55,True,Tardía,"Hora pico, Distancia larga, Carga pesada"
2984,74,18,48,3,2026-07-23,16:23:00,2026-07-23,18:40:00,2026-07-23,18:40:00,1.07,51,65.79,6.16,25.02,1343.95,154.12,1498.07,0,False,Entregada,Entrega realizada en tiempo
2985,31,19,47,17,2026-03-29,10:33:00,2026-03-29,16:51:00,2026-03-29,16:51:00,3.93,43,195.05,19.22,24.69,2212.25,474.54,2686.79,0,False,Entregada,Entrega realizada en tiempo
2986,32,22,12,13,2026-08-10,08:26:00,2026-08-10,20:09:00,2026-08-10,20:09:00,0.33,56,307.01,29.69,25.53,2516.05,757.99,3274.04,0,False,Entregada,Entrega realizada en tiempo
2987,86,1,56,3,2026-03-08,17:01:00,2026-03-08,19:18:00,2026-03-08,19:18:00,1.13,74,60.0,5.79,23.28,1505.0,134.79,1639.79,0,False,Entregada,Entrega realizada en tiempo
2988,95,16,53,20,2026-05-30,14:52:00,2026-05-30,16:25:00,2026-05-30,17:08:00,18.39,54,54.11,4.86,25.01,3041.55,121.55,3163.1,43,True,Tardía,Carga pesada
2989,76,26,54,21,2026-01-21,07:35:00,2026-01-21,14:38:00,2026-01-21,14:38:00,8.16,14,299.9,42.78,24.27,2927.5,1038.27,3965.77,0,False,Entregada,Entrega realizada en tiempo
2990,28,29,51,18,2026-04-13,16:04:00,2026-04-13,08:12:00,2026-04-14,08:12:00,18.02,40,406.22,42.45,24.88,4653.1,1056.16,5709.26,0,False,Entregada,Entrega realizada en tiempo
2991,55,6,33,42,2026-07-15,16:32:00,2026-07-15,19:43:00,2026-07-15,19:43:00,0.66,63,103.91,15.19,24.12,1589.55,366.38,1955.93,0,False,Entregada,Entrega realizada en tiempo
2992,60,38,27,26,2026-06-21,15:35:00,2026-06-21,21:34:00,2026-06-21,21:34:00,3.08,19,178.37,15.15,23.06,1851.85,349.36,2201.21,0,False,Entregada,Entrega realizada en tiempo
2993,48,9,24,26,2026-03-29,14:01:00,2026-03-29,20:00:00,2026-03-29,20:00:00,0.56,68,176.3,14.42,23.27,1981.5,335.55,2317.05,0,False,Entregada,Entrega realizada en tiempo
2994,92,11,45,15,2026-06-27,10:00:00,2026-06-27,12:23:00,2026-06-27,12:23:00,3.1,24,59.52,12.45,23.74,1299.6,295.56,1595.16,0,False,Entregada,Entrega realizada en tiempo
2995,55,19,55,2,2026-03-22,11:53:00,2026-03-22,21:48:00,2026-03-22,21:48:00,4.43,62,328.55,32.37,25.49,3081.75,825.11,3906.86,0,False,Entregada,Entrega realizada en tiempo
2996,55,12,59,10,2026-01-18,11:03:00,2026-01-18,13:28:00,2026-01-18,13:40:00,0.74,46,90.47,12.94,25.13,1394.35,325.18,1719.53,12,True,Tardía,Incidencia operativa
2997,49,3,20,32,2026-03-20,17:55:00,2026-03-20,05:59:00,2026-03-21,06:47:00,5.36,32,354.01,75.97,24.82,3062.05,1885.58,4947.63,48,True,Tardía,"Hora pico, Distancia larga"
2998,95,33,22,11,2026-03-08,17:19:00,2026-03-08,20:05:00,2026-03-08,20:05:00,0.5,39,78.44,10.01,23.01,1254.2,230.33,1484.53,0,False,Entregada,Entrega realizada en tiempo
2999,42,39,17,19,2026-01-27,05:59:00,2026-01-27,18:40:00,2026-01-27,18:40:00,2.87,22,399.28,32.23,23.9,2959.4,770.3,3729.7,0,False,Entregada,Entrega realizada en tiempo
3000,65,31,42,15,2026-08-03,14:05:00,2026-08-03,16:28:00,2026-08-03,16:28:00,22.72,69,61.23,8.7,25.73,3630.15,223.85,3854.0,0,False,Entregada,Entrega realizada en tiempo
3001,97,27,27,20,2026-08-10,18:30:00,2026-08-10,20:03:00,2026-08-10,20:26:00,1.32,39,61.51,7.91,26.67,1251.55,210.96,1462.51,23,True,Tardía,Hora pico
3002,10,33,44,13,2026-01-03,08:22:00,2026-01-03,20:05:00,2026-01-03,20:56:00,0.44,66,336.17,42.88,25.14,2752.85,1078.0,3830.85,51,True,Tardía,"Hora pico, Distancia larga"
3003,11,23,14,40,2026-05-15,20:23:00,2026-05-15,13:25:00,2026-05-16,13:25:00,0.89,22,454.8,83.3,24.96,3039.0,2079.17,5118.17,0,False,Entregada,Entrega realizada en tiempo
3004,78,21,22,40,2026-07-26,06:51:00,2026-07-26,23:53:00,2026-07-26,23:53:00,1.4,74,445.86,62.36,25.82,3461.3,1610.14,5071.44,0,False,Entregada,Entrega realizada en tiempo
3005,87,5,59,11,2026-05-22,15:21:00,2026-05-22,18:07:00,2026-05-22,18:07:00,8.35,47,70.53,8.86,26.36,2063.65,233.55,2297.2,0,False,Entregada,Entrega realizada en tiempo
3006,15,25,30,23,2026-07-14,09:13:00,2026-07-14,18:34:00,2026-07-14,19:10:00,4.2,69,270.09,57.47,23.88,2822.45,1372.38,4194.83,36,True,Tardía,Hora pico
3007,69,37,6,36,2026-07-03,06:46:00,2026-07-03,10:40:00,2026-07-03,10:40:00,0.91,8,98.31,10.48,26.84,1146.55,281.28,1427.83,0,False,Entregada,Entrega realizada en tiempo
3008,9,17,56,25,2026-02-18,11:08:00,2026-02-18,20:34:00,2026-02-18,20:34:00,0.66,78,353.69,62.82,23.69,2958.45,1488.21,4446.66,0,False,Entregada,Entrega realizada en tiempo
3009,21,7,45,39,2026-08-13,14:36:00,2026-08-13,22:59:00,2026-08-13,22:59:00,0.64,60,205.24,33.65,23.97,2070.2,806.59,2876.79,0,False,Entregada,Entrega realizada en tiempo
3010,98,4,54,38,2026-07-08,08:11:00,2026-07-08,12:42:00,2026-07-08,12:42:00,2.37,9,196.14,32.96,23.62,1789.7,778.52,2568.22,0,False,Entregada,Entrega realizada en tiempo
3011,25,19,6,6,2026-03-17,15:05:00,2026-03-17,15:59:00,2026-03-17,15:59:00,4.49,26,29.29,2.89,24.33,1303.45,70.31,1373.76,0,False,Entregada,Entrega realizada en tiempo
3012,83,23,24,13,2026-08-06,06:04:00,2026-08-06,17:47:00,2026-08-06,18:09:00,0.25,42,326.16,59.74,26.23,2491.8,1566.98,4058.78,22,True,Tardía,Distancia larga
3013,38,1,29,29,2026-05-17,07:42:00,2026-05-17,12:56:00,2026-05-17,12:56:00,0.95,13,188.66,18.21,25.47,1642.3,463.81,2106.11,0,False,Entregada,Entrega realizada en tiempo
3014,95,27,24,40,2026-05-21,12:42:00,2026-05-21,05:44:00,2026-05-22,05:44:00,5.03,41,419.72,53.95,24.63,3429.6,1328.79,4758.39,0,False,Entregada,Entrega realizada en tiempo
3015,91,28,16,48,2026-07-24,12:20:00,2026-07-24,17:33:00,2026-07-24,18:15:00,1.92,39,199.05,29.19,25.39,1999.25,741.13,2740.38,42,True,Tardía,Tráfico alto
3016,13,10,27,40,2026-08-08,11:21:00,2026-08-08,04:23:00,2026-08-09,04:49:00,7.72,20,453.18,45.45,26.74,3697.9,1215.33,4913.23,26,True,Tardía,Distancia larga
3017,94,7,2,27,2026-01-27,15:41:00,2026-01-27,03:24:00,2026-01-28,03:24:00,0.29,49,286.62,46.99,23.37,2354.1,1098.16,3452.26,0,False,Entregada,Entrega realizada en tiempo
3018,8,34,41,9,2026-02-10,11:08:00,2026-02-10,18:41:00,2026-02-10,18:41:00,6.08,16,197.03,16.36,23.57,2221.15,385.61,2606.76,0,False,Entregada,Entrega realizada en tiempo
3019,65,9,10,44,2026-01-22,18:22:00,2026-01-22,20:32:00,2026-01-22,21:18:00,0.52,52,61.71,5.05,25.27,1276.55,127.61,1404.16,46,True,Tardía,Hora pico
3020,49,10,2,34,2026-02-19,11:31:00,2026-02-19,15:22:00,2026-02-19,15:22:00,13.9,74,102.25,10.26,25.83,2993.25,265.02,3258.27,0,False,Entregada,Entrega realizada en tiempo
3021,96,1,1,23,2026-05-26,10:08:00,2026-05-26,19:29:00,2026-05-26,19:29:00,0.48,46,266.75,25.75,26.04,2249.75,670.53,2920.28,0,False,Entregada,Entrega realizada en tiempo
3022,71,30,4,46,2026-02-21,09:09:00,2026-02-21,23:59:00,2026-02-22,01:01:00,3.85,4,397.07,34.11,25.24,2902.35,860.94,3763.29,62,True,Tardía,"Hora pico, Distancia larga"
3023,79,32,48,9,2026-03-07,09:35:00,2026-03-07,17:08:00,2026-03-07,17:08:00,3.08,60,201.24,18.23,23.58,2294.2,429.86,2724.06,0,False,Entregada,Entrega realizada en tiempo
3024,45,6,19,22,2026-02-17,06:21:00,2026-02-17,14:00:00,2026-02-17,14:00:00,1.23,66,315.55,46.13,26.21,2728.75,1209.07,3937.82,0,False,Entregada,Entrega realizada en tiempo
3025,3,10,59,41,2026-05-13,15:01:00,2026-05-13,22:17:00,2026-05-13,22:44:00,1.54,49,186.47,18.7,23.11,1978.35,432.16,2410.51,27,True,Tardía,Incidencia operativa
3026,24,17,1,27,2026-07-20,14:54:00,2026-07-20,02:37:00,2026-07-21,02:37:00,1.07,39,320.07,56.85,24.05,2519.35,1367.24,3886.59,0,False,Entregada,Entrega realizada en tiempo
3027,52,39,22,3,2026-07-03,05:16:00,2026-07-03,07:33:00,2026-07-03,07:33:00,6.13,11,55.97,4.52,26.89,1480.85,121.54,1602.39,0,False,Entregada,Entrega realizada en tiempo
3028,75,33,22,28,2026-04-11,11:13:00,2026-04-11,18:14:00,2026-04-11,18:36:00,0.59,5,253.14,32.29,24.32,1864.7,785.29,2649.99,22,True,Tardía,Incidencia operativa
3029,46,28,52,9,2026-02-26,19:35:00,2026-02-26,03:08:00,2026-02-27,03:08:00,5.28,63,211.29,30.98,26.71,2588.45,827.48,3415.93,0,False,Entregada,Entrega realizada en tiempo
3030,57,25,23,28,2026-06-28,10:04:00,2026-06-28,17:05:00,2026-06-28,17:05:00,10.73,27,279.73,59.52,26.84,3187.65,1597.52,4785.17,0,False,Entregada,Entrega realizada en tiempo
3031,54,9,57,9,2026-08-04,05:56:00,2026-08-04,13:29:00,2026-08-04,13:29:00,0.49,12,212.2,17.35,26.2,1706.0,454.57,2160.57,0,False,Entregada,Entrega realizada en tiempo
3032,25,36,25,1,2026-03-13,18:53:00,2026-03-13,01:12:00,2026-03-14,01:12:00,1.31,76,171.55,20.23,26.01,2096.75,526.18,2622.93,0,False,Entregada,Entrega realizada en tiempo
3033,11,37,40,1,2026-02-24,19:01:00,2026-02-24,01:20:00,2026-02-25,01:20:00,0.61,27,177.8,18.96,26.04,1666.0,493.72,2159.72,0,False,Entregada,Entrega realizada en tiempo
3034,94,17,55,34,2026-05-31,13:46:00,2026-05-31,17:37:00,2026-05-31,17:37:00,0.61,32,108.22,19.22,26.8,1358.1,515.1,1873.2,0,False,Entregada,Entrega realizada en tiempo
3035,73,19,20,5,2026-05-31,08:16:00,2026-05-31,18:12:00,2026-05-31,18:12:00,4.53,59,279.93,27.58,25.92,2824.65,714.87,3539.52,0,False,Entregada,Entrega realizada en tiempo
3036,47,15,20,29,2026-02-02,20:15:00,2026-02-02,01:29:00,2026-02-03,01:29:00,0.35,76,187.16,38.51,23.37,2078.8,899.98,2978.78,0,False,Entregada,Entrega realizada en tiempo
3037,95,27,31,14,2026-06-13,06:52:00,2026-06-13,15:37:00,2026-06-13,15:37:00,11.35,73,280.16,36.01,23.88,3619.8,859.92,4479.72,0,False,Entregada,Entrega realizada en tiempo
3038,85,26,32,1,2026-07-26,20:16:00,2026-07-26,02:35:00,2026-07-27,02:35:00,5.11,66,202.58,28.9,24.62,2551.9,711.52,3263.42,0,False,Entregada,Entrega realizada en tiempo
3039,81,34,48,50,2026-04-16,13:24:00,2026-04-16,21:24:00,2026-04-16,21:24:00,7.68,20,237.93,19.76,23.67,2617.65,467.72,3085.37,0,False,Entregada,Entrega realizada en tiempo
3040,100,35,43,12,2026-08-12,09:33:00,2026-08-12,21:11:00,2026-08-12,21:11:00,0.25,22,436.3,58.88,26.6,2882.5,1566.21,4448.71,0,False,Entregada,Entrega realizada en tiempo
3041,98,8,34,14,2026-02-09,10:23:00,2026-02-09,19:08:00,2026-02-09,19:34:00,5.04,27,295.89,31.61,25.06,2699.45,792.15,3491.6,26,True,Tardía,Incidencia operativa
3042,55,35,47,20,2026-06-24,16:31:00,2026-06-24,18:04:00,2026-06-24,18:04:00,1.22,53,60.12,8.11,25.01,1346.6,202.83,1549.43,0,False,Entregada,Entrega realizada en tiempo
3043,79,26,18,21,2026-07-25,20:14:00,2026-07-25,03:17:00,2026-07-26,03:17:00,7.88,62,268.29,38.27,25.94,3125.45,992.72,4118.17,0,False,Entregada,Entrega realizada en tiempo
3044,74,21,54,37,2026-05-02,13:09:00,2026-05-02,06:27:00,2026-05-03,07:08:00,0.58,11,448.22,62.69,23.32,2887.1,1461.93,4349.03,41,True,Tardía,Distancia larga
3045,62,21,58,23,2026-06-25,13:38:00,2026-06-25,22:59:00,2026-06-25,22:59:00,1.17,21,271.69,38.0,25.8,2143.45,980.4,3123.85,0,False,Entregada,Entrega realizada en tiempo
3046,63,18,35,46,2026-04-28,11:05:00,2026-04-28,01:55:00,2026-04-29,01:55:00,0.86,9,399.64,37.42,24.16,2656.2,904.07,3560.27,0,False,Entregada,Entrega realizada en tiempo
3047,68,25,44,11,2026-04-20,17:20:00,2026-04-20,20:06:00,2026-04-20,20:06:00,6.34,16,66.56,14.16,25.61,1594.8,362.64,1957.44,0,False,Entregada,Entrega realizada en tiempo
3048,79,40,32,28,2026-03-07,13:14:00,2026-03-07,20:15:00,2026-03-07,20:15:00,0.75,35,290.82,45.44,24.42,2309.1,1109.64,3418.74,0,False,Entregada,Entrega realizada en tiempo
3049,41,5,50,23,2026-07-19,16:19:00,2026-07-19,01:40:00,2026-07-20,01:40:00,12.95,15,293.87,36.92,24.76,3384.35,914.14,4298.49,0,False,Entregada,Entrega realizada en tiempo
3050,77,28,16,47,2026-01-03,06:36:00,2026-01-03,18:20:00,2026-01-03,19:07:00,2.68,27,335.59,49.21,26.34,2661.95,1296.19,3958.14,47,True,Tardía,"Tráfico alto, Distancia larga"
3051,51,13,54,3,2026-01-22,13:36:00,2026-01-22,15:53:00,2026-01-22,15:53:00,7.4,61,61.06,4.98,23.62,2033.3,117.63,2150.93,0,False,Entregada,Entrega realizada en tiempo
3052,36,10,9,34,2026-03-13,20:50:00,2026-03-13,00:41:00,2026-03-14,00:41:00,15.96,28,112.98,11.33,25.65,2884.9,290.61,3175.51,0,False,Entregada,Entrega realizada en tiempo
3053,22,31,25,27,2026-05-22,06:36:00,2026-05-22,18:19:00,2026-05-22,18:19:00,22.75,67,296.56,42.12,24.74,4793.8,1042.05,5835.85,0,False,Entregada,Entrega realizada en tiempo
3054,89,4,6,41,2026-08-12,19:02:00,2026-08-12,02:18:00,2026-08-13,02:54:00,2.23,36,178.53,30.01,25.21,1903.65,756.55,2660.2,36,True,Tardía,"Hora pico, Carga pesada"
3055,10,22,56,15,2026-04-23,10:23:00,2026-04-23,12:46:00,2026-04-23,12:46:00,1.39,68,60.98,5.9,26.95,1487.9,159.0,1646.9,0,False,Entregada,Entrega realizada en tiempo
3056,63,7,60,23,2026-03-25,11:17:00,2026-03-25,20:38:00,2026-03-25,20:38:00,0.71,54,269.38,44.16,24.38,2349.9,1076.62,3426.52,0,False,Entregada,Entrega realizada en tiempo
3057,75,10,58,26,2026-01-11,16:31:00,2026-01-11,22:30:00,2026-01-11,22:30:00,17.5,35,153.45,15.39,26.3,3297.25,404.76,3702.01,0,False,Entregada,Entrega realizada en tiempo
3058,52,9,32,9,2026-01-13,13:47:00,2026-01-13,21:20:00,2026-01-13,21:20:00,0.42,27,208.9,17.08,25.79,1802.5,440.49,2242.99,0,False,Entregada,Entrega realizada en tiempo
3059,39,40,37,5,2026-01-28,08:45:00,2026-01-28,18:41:00,2026-01-28,18:41:00,0.73,68,271.29,42.39,24.4,2473.45,1034.32,3507.77,0,False,Entregada,Entrega realizada en tiempo
3060,57,10,52,33,2026-04-04,06:10:00,2026-04-04,15:04:00,2026-04-04,15:04:00,8.01,11,275.34,27.62,26.8,2765.7,740.22,3505.92,0,False,Entregada,Entrega realizada en tiempo
3061,42,14,36,16,2026-08-09,05:43:00,2026-08-09,20:11:00,2026-08-09,20:11:00,6.77,64,448.87,48.37,26.5,3933.35,1281.8,5215.15,0,False,Entregada,Entrega realizada en tiempo
3062,71,9,6,11,2026-04-09,09:26:00,2026-04-09,12:12:00,2026-04-09,12:57:00,0.52,34,78.95,6.46,24.59,1218.75,158.85,1377.6,45,True,Tardía,Hora pico
3063,83,33,18,19,2026-07-11,15:00:00,2026-07-11,03:41:00,2026-07-12,03:41:00,0.55,58,341.72,43.59,26.11,2727.6,1138.13,3865.73,0,False,Entregada,Entrega realizada en tiempo
3064,3,31,54,22,2026-01-22,08:38:00,2026-01-22,16:17:00,2026-01-22,17:14:00,6.9,65,316.67,44.98,23.27,3293.35,1046.68,4340.03,57,True,Tardía,"Hora pico, Distancia larga"
3065,74,18,20,7,2026-07-23,12:38:00,2026-07-23,16:49:00,2026-07-23,16:49:00,0.34,22,133.77,12.53,25.69,1378.85,321.9,1700.75,0,False,Entregada,Entrega realizada en tiempo
3066,55,18,40,35,2026-02-15,19:48:00,2026-02-15,23:22:00,2026-02-15,23:22:00,0.88,32,141.24,13.22,25.58,1550.2,338.17,1888.37,0,False,Entregada,Entrega realizada en tiempo
3067,85,37,31,18,2026-04-23,17:27:00,2026-04-23,09:35:00,2026-04-24,10:24:00,0.72,45,444.02,47.34,24.93,3152.1,1180.19,4332.29,49,True,Tardía,"Hora pico, Distancia larga"
3068,47,21,20,47,2026-06-06,11:41:00,2026-06-06,23:25:00,2026-06-06,23:25:00,1.66,27,360.11,50.37,24.22,2682.55,1219.96,3902.51,0,False,Entregada,Entrega realizada en tiempo
3069,99,28,35,31,2026-06-18,18:06:00,2026-06-18,01:38:00,2026-06-19,01:38:00,4.8,44,208.87,30.63,26.2,2376.35,802.51,3178.86,0,False,Entregada,Entrega realizada en tiempo
3070,23,10,47,1,2026-08-01,11:49:00,2026-08-01,18:08:00,2026-08-01,18:08:00,10.54,79,188.94,18.95,23.22,3130.7,440.02,3570.72,0,False,Entregada,Entrega realizada en tiempo
3071,52,16,20,8,2026-03-30,09:23:00,2026-03-30,12:51:00,2026-03-30,12:51:00,2.45,76,92.63,8.32,23.5,1816.15,195.52,2011.67,0,False,Entregada,Entrega realizada en tiempo
3072,7,4,8,8,2026-03-27,11:29:00,2026-03-27,14:57:00,2026-03-27,14:57:00,1.43,59,95.34,16.02,26.07,1591.7,417.64,2009.34,0,False,Entregada,Entrega realizada en tiempo
3073,79,17,16,43,2026-01-19,11:44:00,2026-01-19,03:11:00,2026-01-20,03:11:00,0.22,69,462.51,82.15,23.69,3386.55,1946.13,5332.68,0,False,Entregada,Entrega realizada en tiempo
3074,47,30,33,22,2026-04-13,11:06:00,2026-04-13,18:45:00,2026-04-13,18:45:00,0.61,29,326.39,28.04,25.59,2424.95,717.54,3142.49,0,False,Entregada,Entrega realizada en tiempo
3075,94,32,20,7,2026-04-11,20:21:00,2026-04-11,00:32:00,2026-04-12,00:32:00,2.61,48,134.27,12.16,25.48,1816.35,309.84,2126.19,0,False,Entregada,Entrega realizada en tiempo
3076,41,10,16,10,2026-05-18,14:23:00,2026-05-18,16:48:00,2026-05-18,16:48:00,9.11,45,76.18,7.64,26.34,2151.9,201.24,2353.14,0,False,Entregada,Entrega realizada en tiempo
3077,87,38,51,23,2026-05-05,12:53:00,2026-05-05,22:14:00,2026-05-05,22:14:00,8.35,63,286.22,24.32,25.01,3270.1,608.24,3878.34,0,False,Entregada,Entrega realizada en tiempo
3078,84,27,26,3,2026-02-09,19:49:00,2026-02-09,22:06:00,2026-02-09,22:06:00,13.59,34,60.94,7.83,23.47,2435.7,183.77,2619.47,0,False,Entregada,Entrega realizada en tiempo
3079,25,27,11,16,2026-02-24,12:28:00,2026-02-24,02:56:00,2026-02-25,02:56:00,4.5,1,460.66,59.21,24.86,3261.3,1471.96,4733.26,0,False,Entregada,Entrega realizada en tiempo
3080,33,26,52,38,2026-04-24,08:16:00,2026-04-24,12:47:00,2026-04-24,12:47:00,2.97,64,192.26,27.43,24.96,2270.3,684.65,2954.95,0,False,Entregada,Entrega realizada en tiempo
3081,89,16,19,8,2026-05-23,14:45:00,2026-05-23,18:13:00,2026-05-23,18:13:00,8.15,41,91.01,8.18,26.98,2098.05,220.7,2318.75,0,False,Entregada,Entrega realizada en tiempo
3082,67,14,32,19,2026-04-06,15:02:00,2026-04-06,03:43:00,2026-04-07,03:43:00,2.69,16,356.43,38.41,23.76,2679.15,912.62,3591.77,0,False,Entregada,Entrega realizada en tiempo
3083,50,7,2,5,2026-04-28,14:39:00,2026-04-28,00:35:00,2026-04-29,00:35:00,1.31,4,312.38,51.21,23.16,2224.9,1186.02,3410.92,0,False,Entregada,Entrega realizada en tiempo
3084,14,29,48,3,2026-04-09,17:36:00,2026-04-09,19:53:00,2026-04-09,19:53:00,7.52,35,65.43,6.84,24.96,1859.15,170.73,2029.88,0,False,Entregada,Entrega realizada en tiempo
3085,56,39,12,34,2026-03-22,13:43:00,2026-03-22,17:34:00,2026-03-22,17:34:00,0.66,13,109.94,8.87,25.81,1219.7,228.93,1448.63,0,False,Entregada,Entrega realizada en tiempo
3086,15,24,38,50,2026-03-02,20:49:00,2026-03-02,04:49:00,2026-03-03,04:49:00,0.66,75,272.7,25.56,24.61,2529.5,629.03,3158.53,0,False,Entregada,Entrega realizada en tiempo
3087,32,23,13,28,2026-05-05,10:23:00,2026-05-05,17:24:00,2026-05-05,17:24:00,1.4,46,285.94,52.37,25.38,2437.7,1329.15,3766.85,0,False,Entregada,Entrega realizada en tiempo
3088,6,32,4,30,2026-02-02,08:34:00,2026-02-02,13:42:00,2026-02-02,14:05:00,3.88,69,134.85,12.21,23.92,2114.25,292.06,2406.31,23,True,Tardía,Hora pico
3089,45,7,49,13,2026-06-06,05:04:00,2026-06-06,16:47:00,2026-06-06,17:44:00,1.76,35,331.98,54.42,23.66,2615.9,1287.58,3903.48,57,True,Tardía,"Distancia larga, Carga pesada"
3090,82,20,40,15,2026-04-21,15:54:00,2026-04-21,18:17:00,2026-04-21,18:17:00,11.79,29,63.24,8.58,25.85,2227.2,221.79,2448.99,0,False,Entregada,Entrega realizada en tiempo
3091,94,37,27,29,2026-07-16,07:44:00,2026-07-16,12:58:00,2026-07-16,12:58:00,0.3,35,188.03,20.05,23.09,1750.15,462.95,2213.1,0,False,Entregada,Entrega realizada en tiempo
3092,91,1,43,4,2026-04-27,10:51:00,2026-04-27,13:25:00,2026-04-27,13:25:00,0.39,47,107.06,10.33,24.75,1450.3,255.67,1705.97,0,False,Entregada,Entrega realizada en tiempo
3093,47,36,53,10,2026-04-10,05:32:00,2026-04-10,07:57:00,2026-04-10,07:57:00,1.0,23,85.03,10.03,24.37,1209.15,244.43,1453.58,0,False,Entregada,Entrega realizada en tiempo
3094,86,27,16,47,2026-05-01,11:45:00,2026-05-01,23:29:00,2026-05-02,00:38:00,0.33,9,316.19,40.64,24.72,2185.95,1004.62,3190.57,69,True,Tardía,"Tráfico alto, Distancia larga"
3095,75,7,6,9,2026-06-22,08:12:00,2026-06-22,15:45:00,2026-06-22,16:25:00,0.99,22,212.4,34.82,24.29,1837.0,845.78,2682.78,40,True,Tardía,Hora pico
3096,21,25,6,7,2026-05-30,18:50:00,2026-05-30,23:01:00,2026-05-30,23:01:00,4.37,70,121.48,25.85,26.91,2104.4,695.62,2800.02,0,False,Entregada,Entrega realizada en tiempo
3097,43,40,56,20,2026-04-11,13:28:00,2026-04-11,15:01:00,2026-04-11,15:01:00,1.15,34,60.16,9.4,24.09,1187.8,226.45,1414.25,0,False,Entregada,Entrega realizada en tiempo
3098,48,14,12,24,2026-06-25,13:17:00,2026-06-25,21:54:00,2026-06-25,21:54:00,2.34,37,310.0,33.41,23.44,2580.0,783.13,3363.13,0,False,Entregada,Entrega realizada en tiempo
3099,13,35,43,49,2026-06-28,13:05:00,2026-06-28,03:36:00,2026-06-29,03:36:00,0.45,28,421.1,56.83,24.8,2874.5,1409.38,4283.88,0,False,Entregada,Entrega realizada en tiempo
3100,66,2,44,22,2026-02-06,06:13:00,2026-02-06,13:52:00,2026-02-06,13:52:00,2.33,71,312.75,63.05,25.57,2864.75,1612.19,4476.94,0,False,Entregada,Entrega realizada en tiempo
3101,13,38,14,29,2026-08-03,16:32:00,2026-08-03,21:46:00,2026-08-03,21:46:00,0.58,39,177.11,15.05,25.15,1755.55,378.51,2134.06,0,False,Entregada,Entrega realizada en tiempo
3102,36,32,6,17,2026-04-08,08:10:00,2026-04-08,14:28:00,2026-04-08,14:28:00,3.68,4,168.5,15.26,24.04,1742.5,366.85,2109.35,0,False,Entregada,Entrega realizada en tiempo
3103,67,16,13,16,2026-03-24,11:03:00,2026-03-24,01:31:00,2026-03-25,02:05:00,1.77,13,425.46,38.23,25.17,2908.3,962.25,3870.55,34,True,Tardía,Distancia larga
3104,50,1,13,1,2026-05-11,18:56:00,2026-05-11,01:15:00,2026-05-12,01:15:00,0.21,51,172.26,16.63,24.87,1790.3,413.59,2203.89,0,False,Entregada,Entrega realizada en tiempo
3105,62,3,47,37,2026-01-03,16:42:00,2026-01-03,10:00:00,2026-01-04,10:00:00,9.41,62,475.06,101.94,26.89,4312.3,2741.17,7053.47,0,False,Entregada,Entrega realizada en tiempo
3106,31,30,25,10,2026-07-09,14:00:00,2026-07-09,16:25:00,2026-07-09,16:25:00,11.87,62,88.7,7.62,24.93,2626.5,189.97,2816.47,0,False,Entregada,Entrega realizada en tiempo
3107,9,27,12,7,2026-05-08,08:02:00,2026-05-08,12:13:00,2026-05-08,12:13:00,9.38,37,112.75,14.49,26.38,2297.75,382.25,2680.0,0,False,Entregada,Entrega realizada en tiempo
3108,51,36,4,43,2026-03-18,08:32:00,2026-03-18,23:59:00,2026-03-18,23:59:00,1.49,50,472.88,55.76,23.89,3413.4,1332.11,4745.51,0,False,Entregada,Entrega realizada en tiempo
3109,29,11,25,20,2026-06-17,13:50:00,2026-06-17,15:23:00,2026-06-17,15:23:00,3.45,52,59.08,12.36,24.72,1556.4,305.54,1861.94,0,False,Entregada,Entrega realizada en tiempo
3110,39,7,38,40,2026-01-22,15:02:00,2026-01-22,08:04:00,2026-01-23,08:04:00,0.58,42,486.08,79.69,25.74,3324.4,2051.22,5375.62,0,False,Entregada,Entrega realizada en tiempo
3111,30,39,44,2,2026-04-10,11:50:00,2026-04-10,21:45:00,2026-04-10,22:43:00,6.28,73,335.16,27.05,23.92,3387.8,647.04,4034.84,58,True,Tardía,"Tráfico alto, Distancia larga"
3112,17,22,53,43,2026-01-30,17:43:00,2026-01-30,09:10:00,2026-01-31,10:13:00,0.41,7,420.49,40.67,23.75,2699.45,965.91,3665.36,63,True,Tardía,"Tráfico alto, Hora pico, Distancia larga"
3113,70,10,38,26,2026-04-29,05:29:00,2026-04-29,11:28:00,2026-04-29,12:05:00,4.1,36,177.27,17.78,23.27,2084.35,413.74,2498.09,37,True,Tardía,Tráfico alto
3114,32,26,47,9,2026-07-19,13:10:00,2026-07-19,20:43:00,2026-07-19,20:43:00,2.91,52,179.47,25.6,23.56,2104.35,603.14,2707.49,0,False,Entregada,Entrega realizada en tiempo
3115,15,28,37,48,2026-07-13,05:35:00,2026-07-13,10:48:00,2026-07-13,10:48:00,9.11,66,166.72,24.45,26.17,2772.6,639.86,3412.46,0,False,Entregada,Entrega realizada en tiempo
3116,66,1,10,39,2026-03-01,09:49:00,2026-03-01,18:12:00,2026-03-01,18:12:00,1.42,48,208.83,20.16,26.02,2070.15,524.56,2594.71,0,False,Entregada,Entrega realizada en tiempo
3117,39,13,44,40,2026-06-13,07:00:00,2026-06-13,00:02:00,2026-06-14,00:53:00,18.58,53,460.82,37.59,24.25,5086.1,911.56,5997.66,51,True,Tardía,"Hora pico, Distancia larga, Carga pesada"
3118,33,25,37,14,2026-07-17,14:07:00,2026-07-17,22:52:00,2026-07-17,22:52:00,10.01,4,293.73,62.5,25.94,3001.65,1621.25,4622.9,0,False,Entregada,Entrega realizada en tiempo
3119,39,4,59,49,2026-01-23,08:58:00,2026-01-23,23:29:00,2026-01-24,00:19:00,0.22,70,355.49,59.75,24.47,2859.45,1462.08,4321.53,50,True,Tardía,"Hora pico, Distancia larga"
3120,82,38,46,31,2026-05-25,05:59:00,2026-05-25,13:31:00,2026-05-25,13:31:00,3.9,29,204.88,17.41,26.03,2146.4,453.18,2599.58,0,False,Entregada,Entrega realizada en tiempo
3121,78,30,7,32,2026-05-07,07:54:00,2026-05-07,19:58:00,2026-05-07,19:58:00,11.52,63,376.96,32.38,23.77,4040.8,769.67,4810.47,0,False,Entregada,Entrega realizada en tiempo
3122,45,27,33,29,2026-01-15,12:04:00,2026-01-15,17:18:00,2026-01-15,17:18:00,8.35,17,175.93,22.61,26.73,2350.65,604.37,2955.02,0,False,Entregada,Entrega realizada en tiempo
3123,49,1,22,6,2026-04-11,11:34:00,2026-04-11,12:28:00,2026-04-11,12:28:00,1.38,30,31.02,2.99,25.52,1033.1,76.3,1109.4,0,False,Entregada,Entrega realizada en tiempo
3124,76,21,14,16,2026-04-25,15:35:00,2026-04-25,06:03:00,2026-04-26,06:49:00,0.62,34,427.12,59.74,26.06,2969.6,1556.82,4526.42,46,True,Tardía,Distancia larga
3125,52,30,30,43,2026-04-22,06:00:00,2026-04-22,21:27:00,2026-04-22,22:25:00,1.3,50,448.68,38.55,25.71,3273.4,991.12,4264.52,58,True,Tardía,"Tráfico alto, Distancia larga"
3126,86,15,54,6,2026-06-13,18:48:00,2026-06-13,19:42:00,2026-06-13,20:09:00,0.66,31,26.56,5.47,24.06,946.8,131.61,1078.41,27,True,Tardía,Hora pico
3127,54,29,22,49,2026-05-08,11:55:00,2026-05-08,02:26:00,2026-05-09,02:50:00,12.27,44,374.55,39.14,25.17,3951.75,985.15,4936.9,24,True,Tardía,Distancia larga
3128,69,3,38,20,2026-06-29,17:46:00,2026-06-29,19:19:00,2026-06-29,19:19:00,6.15,28,59.95,12.86,25.17,1638.75,323.69,1962.44,0,False,Entregada,Entrega realizada en tiempo
3129,45,25,2,22,2026-08-05,12:10:00,2026-08-05,19:49:00,2026-08-05,20:34:00,0.29,62,336.51,71.6,26.27,2707.55,1880.93,4588.48,45,True,Tardía,Distancia larga
3130,92,20,52,31,2026-04-16,08:06:00,2026-04-16,15:38:00,2026-04-16,16:26:00,9.13,14,193.43,26.25,24.57,2492.15,644.96,3137.11,48,True,Tardía,Hora pico
3131,58,24,19,44,2026-07-10,14:26:00,2026-07-10,16:36:00,2026-07-10,16:36:00,0.54,44,68.03,6.38,25.05,1246.15,159.82,1405.97,0,False,Entregada,Entrega realizada en tiempo
3132,59,10,11,25,2026-06-24,09:18:00,2026-06-24,18:44:00,2026-06-24,19:24:00,17.77,65,325.6,32.66,25.03,4425.0,817.48,5242.48,40,True,Tardía,"Hora pico, Distancia larga, Carga pesada"
3133,88,25,34,23,2026-07-09,16:00:00,2026-07-09,01:21:00,2026-07-10,01:21:00,3.72,56,252.57,53.74,25.36,2582.85,1362.85,3945.7,0,False,Entregada,Entrega realizada en tiempo
3134,77,12,60,42,2026-07-03,16:04:00,2026-07-03,19:15:00,2026-07-03,19:15:00,0.92,28,91.11,13.03,26.73,1271.55,348.29,1619.84,0,False,Entregada,Entrega realizada en tiempo
3135,71,31,3,40,2026-07-16,17:56:00,2026-07-16,10:58:00,2026-07-17,10:58:00,9.3,57,473.19,67.21,24.76,4251.95,1664.12,5916.07,0,False,Entregada,Entrega realizada en tiempo
3136,48,30,3,49,2026-06-17,09:36:00,2026-06-17,00:07:00,2026-06-18,00:07:00,7.34,73,378.4,32.51,24.63,3710.0,800.72,4510.72,0,False,Entregada,Entrega realizada en tiempo
3137,49,15,32,30,2026-05-31,09:56:00,2026-05-31,15:04:00,2026-05-31,15:22:00,0.59,57,132.72,27.31,26.79,1678.6,731.63,2410.23,18,True,Tardía,Hora pico
3138,98,16,23,8,2026-02-03,20:38:00,2026-02-03,00:06:00,2026-02-04,00:17:00,0.31,54,91.72,8.24,24.63,1421.6,202.95,1624.55,11,True,Tardía,Incidencia operativa
3139,84,11,19,13,2026-02-11,10:12:00,2026-02-11,21:55:00,2026-02-11,22:17:00,3.78,31,293.33,61.37,25.47,2592.65,1563.09,4155.74,22,True,Tardía,Carga pesada
3140,30,17,18,25,2026-01-06,15:52:00,2026-01-06,01:18:00,2026-01-07,01:18:00,0.82,4,369.96,65.71,26.81,2463.8,1761.69,4225.49,0,False,Entregada,Entrega realizada en tiempo
3141,49,37,17,46,2026-02-28,05:25:00,2026-02-28,20:15:00,2026-02-28,20:15:00,0.44,79,406.84,43.37,23.52,3210.2,1020.06,4230.26,0,False,Entregada,Entrega realizada en tiempo
3142,44,29,35,26,2026-03-24,08:38:00,2026-03-24,14:37:00,2026-03-24,15:35:00,15.73,40,180.12,18.82,24.93,3293.6,469.18,3762.78,58,True,Tardía,"Tráfico alto, Hora pico"
3143,7,3,51,25,2026-08-09,11:16:00,2026-08-09,20:42:00,2026-08-09,20:42:00,10.94,68,358.18,76.86,25.22,3928.9,1938.41,5867.31,0,False,Entregada,Entrega realizada en tiempo
3144,37,35,31,50,2026-03-29,10:06:00,2026-03-29,18:06:00,2026-03-29,18:06:00,0.3,15,259.99,35.09,25.53,1949.95,895.85,2845.8,0,False,Entregada,Entrega realizada en tiempo
3145,98,34,51,1,2026-03-07,09:23:00,2026-03-07,15:42:00,2026-03-07,15:42:00,3.56,45,186.01,15.45,26.62,2146.05,411.28,2557.33,0,False,Entregada,Entrega realizada en tiempo
3146,68,1,21,16,2026-04-24,16:48:00,2026-04-24,07:16:00,2026-04-25,07:16:00,0.27,39,402.38,38.84,24.46,2850.9,950.03,3800.93,0,False,Entregada,Entrega realizada en tiempo
3147,4,31,36,28,2026-05-21,19:40:00,2026-05-21,02:41:00,2026-05-22,02:41:00,20.4,58,275.15,39.08,23.11,4379.75,903.14,5282.89,0,False,Entregada,Entrega realizada en tiempo
3148,24,3,15,47,2026-06-01,08:10:00,2026-06-01,19:54:00,2026-06-01,20:44:00,3.64,16,328.29,70.45,25.49,2633.45,1795.77,4429.22,50,True,Tardía,"Tráfico alto, Hora pico, Distancia larga"
3149,92,21,36,26,2026-04-17,09:37:00,2026-04-17,15:36:00,2026-04-17,15:36:00,1.52,74,175.88,24.6,25.16,2123.4,618.94,2742.34,0,False,Entregada,Entrega realizada en tiempo
3150,61,37,34,50,2026-05-04,09:58:00,2026-05-04,17:58:00,2026-05-04,17:58:00,0.44,67,233.52,24.9,26.31,2247.6,655.12,2902.72,0,False,Entregada,Entrega realizada en tiempo
3151,90,5,17,11,2026-07-26,12:36:00,2026-07-26,15:22:00,2026-07-26,15:22:00,4.83,47,78.02,9.8,23.69,1749.1,232.16,1981.26,0,False,Entregada,Entrega realizada en tiempo
3152,15,31,59,43,2026-05-28,15:19:00,2026-05-28,06:46:00,2026-05-29,07:24:00,15.06,39,446.51,63.42,26.04,4550.55,1651.46,6202.01,38,True,Tardía,"Tráfico alto, Distancia larga"
3153,70,36,33,1,2026-05-01,05:01:00,2026-05-01,11:20:00,2026-05-01,11:31:00,1.19,42,182.28,21.5,23.72,1866.4,509.98,2376.38,11,True,Tardía,Incidencia operativa
3154,63,20,22,44,2026-01-21,08:01:00,2026-01-21,10:11:00,2026-01-21,10:11:00,10.31,19,65.17,8.84,25.92,2008.85,229.13,2237.98,0,False,Entregada,Entrega realizada en tiempo
3155,84,1,6,47,2026-05-06,14:19:00,2026-05-06,02:03:00,2026-05-07,02:03:00,0.37,47,311.99,30.11,23.27,2472.95,700.66,3173.61,0,False,Entregada,Entrega realizada en tiempo
3156,36,34,32,40,2026-02-05,07:03:00,2026-02-05,00:05:00,2026-02-06,00:05:00,4.6,35,494.0,41.03,23.53,3710.0,965.44,4675.44,0,False,Entregada,Entrega realizada en tiempo
3157,60,21,42,48,2026-01-05,08:22:00,2026-01-05,13:35:00,2026-01-05,14:40:00,0.68,22,196.21,27.44,24.1,1725.05,661.3,2386.35,65,True,Tardía,"Tráfico alto, Hora pico"
3158,7,15,56,47,2026-04-12,06:30:00,2026-04-12,18:14:00,2026-04-12,18:14:00,0.9,69,319.58,65.76,24.37,2739.9,1602.57,4342.47,0,False,Entregada,Entrega realizada en tiempo
3159,95,35,60,13,2026-02-21,05:36:00,2026-02-21,17:19:00,2026-02-21,17:19:00,0.24,48,294.79,39.78,24.97,2381.95,993.31,3375.26,0,False,Entregada,Entrega realizada en tiempo
3160,31,36,14,26,2026-05-17,05:27:00,2026-05-17,11:26:00,2026-05-17,11:26:00,1.4,7,158.31,18.67,26.46,1487.55,494.01,1981.56,0,False,Entregada,Entrega realizada en tiempo
3161,43,29,39,10,2026-02-28,08:25:00,2026-02-28,10:50:00,2026-02-28,11:32:00,10.34,63,83.11,8.68,25.0,2453.55,217.0,2670.55,42,True,Tardía,Hora pico
3162,13,40,41,30,2026-01-02,08:23:00,2026-01-02,13:31:00,2026-01-02,13:31:00,1.16,6,121.5,18.98,25.26,1271.5,479.43,1750.93,0,False,Entregada,Entrega realizada en tiempo
3163,64,39,55,31,2026-06-21,08:01:00,2026-06-21,15:33:00,2026-06-21,16:08:00,3.6,80,197.92,15.97,23.52,2489.6,375.61,2865.21,35,True,Tardía,Hora pico
3164,16,36,10,36,2026-07-05,14:08:00,2026-07-05,18:02:00,2026-07-05,18:44:00,1.09,31,107.09,12.63,24.8,1392.45,313.22,1705.67,42,True,Tardía,Tráfico alto
3165,1,18,37,42,2026-08-06,09:48:00,2026-08-06,12:59:00,2026-08-06,12:59:00,0.35,62,103.24,9.67,25.02,1547.2,241.94,1789.14,0,False,Entregada,Entrega realizada en tiempo
3166,76,7,22,35,2026-06-11,14:58:00,2026-06-11,18:32:00,2026-06-11,18:32:00,1.32,42,149.34,24.48,23.31,1714.7,570.63,2285.33,0,False,Entregada,Entrega realizada en tiempo
3167,28,39,42,29,2026-01-22,12:38:00,2026-01-22,17:52:00,2026-01-22,17:52:00,6.05,22,183.89,14.84,26.62,2200.45,395.04,2595.49,0,False,Entregada,Entrega realizada en tiempo
3168,60,22,54,30,2026-03-19,08:50:00,2026-03-19,13:58:00,2026-03-19,13:58:00,0.39,40,135.31,13.09,24.2,1535.55,316.78,1852.33,0,False,Entregada,Entrega realizada en tiempo
3169,60,16,38,27,2026-02-10,15:08:00,2026-02-10,02:51:00,2026-02-11,02:51:00,10.48,45,322.65,28.99,25.07,3521.25,726.78,4248.03,0,False,Entregada,Entrega realizada en tiempo
3170,70,16,45,5,2026-02-15,12:41:00,2026-02-15,22:37:00,2026-02-15,22:37:00,6.82,74,310.09,27.86,26.87,3324.45,748.6,4073.05,0,False,Entregada,Entrega realizada en tiempo
3171,61,29,16,49,2026-06-15,16:45:00,2026-06-15,07:16:00,2026-06-16,07:16:00,16.24,60,356.22,37.22,26.53,4385.1,987.45,5372.55,0,False,Entregada,Entrega realizada en tiempo
3172,34,20,13,41,2026-03-20,09:40:00,2026-03-20,16:56:00,2026-03-20,16:56:00,5.84,44,204.38,27.73,25.49,2457.9,706.84,3164.74,0,False,Entregada,Entrega realizada en tiempo
3173,60,34,32,11,2026-06-04,15:23:00,2026-06-04,18:09:00,2026-06-04,18:09:00,6.71,61,72.16,5.99,26.62,2019.8,159.45,2179.25,0,False,Entregada,Entrega realizada en tiempo
3174,97,20,15,34,2026-08-10,06:53:00,2026-08-10,10:44:00,2026-08-10,10:44:00,11.41,21,104.32,14.15,25.29,2330.6,357.85,2688.45,0,False,Entregada,Entrega realizada en tiempo
3175,98,15,18,35,2026-06-15,05:41:00,2026-06-15,09:15:00,2026-06-15,09:40:00,0.58,38,158.99,32.71,25.32,1656.95,828.22,2485.17,25,True,Tardía,Incidencia operativa
3176,54,4,41,2,2026-07-04,06:36:00,2026-07-04,16:31:00,2026-07-04,17:34:00,2.29,37,317.9,53.43,23.91,2614.5,1277.51,3892.01,63,True,Tardía,"Tráfico alto, Distancia larga, Carga pesada"
3177,54,9,19,11,2026-04-14,15:44:00,2026-04-14,18:30:00,2026-04-14,19:02:00,0.75,18,66.57,5.44,23.62,1051.85,128.49,1180.34,32,True,Tardía,Carga pesada
3178,5,15,27,39,2026-03-01,06:38:00,2026-03-01,15:01:00,2026-03-01,15:01:00,1.0,11,207.0,42.59,24.07,1723.0,1025.14,2748.14,0,False,Entregada,Entrega realizada en tiempo
3179,81,4,59,7,2026-06-23,13:09:00,2026-06-23,17:20:00,2026-06-23,17:20:00,0.61,60,117.14,19.69,26.78,1626.7,527.3,2154.0,0,False,Entregada,Entrega realizada en tiempo
3180,15,30,12,12,2026-04-12,12:58:00,2026-04-12,00:36:00,2026-04-13,01:14:00,5.53,9,397.35,34.14,25.29,3111.75,863.4,3975.15,38,True,Tardía,Distancia larga
3181,2,1,41,5,2026-05-14,11:08:00,2026-05-14,21:04:00,2026-05-14,21:04:00,0.67,79,267.77,25.85,23.87,2537.85,617.04,3154.89,0,False,Entregada,Entrega realizada en tiempo
3182,43,40,34,48,2026-03-11,17:51:00,2026-03-11,23:04:00,2026-03-12,00:24:00,0.59,40,185.83,29.04,23.97,1808.15,696.09,2504.24,80,True,Tardía,"Tráfico alto, Hora pico"
3183,98,21,40,27,2026-06-25,16:58:00,2026-06-25,04:41:00,2026-06-26,04:41:00,0.88,62,305.13,42.68,26.19,2609.65,1117.79,3727.44,0,False,Entregada,Entrega realizada en tiempo
3184,11,23,16,39,2026-01-06,09:10:00,2026-01-06,17:33:00,2026-01-06,17:33:00,1.37,56,230.39,42.2,23.65,2236.95,998.03,3234.98,0,False,Entregada,Entrega realizada en tiempo
3185,39,30,47,50,2026-03-02,15:20:00,2026-03-02,23:20:00,2026-03-02,23:36:00,9.85,2,243.81,20.95,23.57,2720.05,493.79,3213.84,16,True,Tardía,Incidencia operativa
3186,73,2,37,3,2026-06-30,06:27:00,2026-06-30,08:44:00,2026-06-30,08:44:00,12.31,39,57.67,11.63,24.63,2331.35,286.45,2617.8,0,False,Entregada,Entrega realizada en tiempo
3187,83,20,20,10,2026-04-26,19:31:00,2026-04-26,21:56:00,2026-04-26,21:56:00,1.83,32,80.64,10.94,25.82,1342.2,282.47,1624.67,0,False,Entregada,Entrega realizada en tiempo
3188,41,17,43,4,2026-07-02,12:11:00,2026-07-02,14:45:00,2026-07-02,15:14:00,0.91,32,100.13,17.79,24.97,1347.65,444.22,1791.87,29,True,Tardía,Incidencia operativa
3189,19,4,48,28,2026-04-24,14:51:00,2026-04-24,21:52:00,2026-04-24,21:52:00,0.35,35,258.12,43.38,23.9,2105.6,1036.78,3142.38,0,False,Entregada,Entrega realizada en tiempo
3190,26,20,15,44,2026-05-28,15:37:00,2026-05-28,17:47:00,2026-05-28,18:18:00,10.96,3,66.53,9.03,25.36,1952.65,229.0,2181.65,31,True,Tardía,Carga pesada
3191,24,23,12,33,2026-05-01,20:44:00,2026-05-01,05:38:00,2026-05-02,05:38:00,0.6,29,284.44,52.1,23.79,2214.2,1239.46,3453.66,0,False,Entregada,Entrega realizada en tiempo
3192,66,7,58,15,2026-03-05,05:59:00,2026-03-05,08:22:00,2026-03-05,08:22:00,1.05,62,64.9,10.64,24.36,1425.5,259.19,1684.69,0,False,Entregada,Entrega realizada en tiempo
3193,81,14,4,12,2026-02-28,16:19:00,2026-02-28,03:57:00,2026-03-01,03:57:00,1.87,13,446.08,48.07,23.61,3021.4,1134.93,4156.33,0,False,Entregada,Entrega realizada en tiempo
3194,98,31,60,17,2026-01-06,20:23:00,2026-01-06,02:41:00,2026-01-07,02:41:00,8.11,25,185.27,26.32,24.83,2437.35,653.53,3090.88,0,False,Entregada,Entrega realizada en tiempo
3195,8,16,15,23,2026-01-12,13:58:00,2026-01-12,23:19:00,2026-01-12,23:19:00,0.52,10,262.24,23.56,23.5,1943.2,553.66,2496.86,0,False,Entregada,Entrega realizada en tiempo
3196,17,21,7,2,2026-05-05,07:23:00,2026-05-05,17:18:00,2026-05-05,18:30:00,0.74,46,309.58,43.3,25.54,2489.9,1105.88,3595.78,72,True,Tardía,"Tráfico alto, Hora pico, Distancia larga"
3197,90,4,18,10,2026-02-08,12:21:00,2026-02-08,14:46:00,2026-02-08,14:46:00,0.37,51,87.68,14.74,23.31,1383.4,343.59,1726.99,0,False,Entregada,Entrega realizada en tiempo
3198,80,11,24,24,2026-08-08,07:08:00,2026-08-08,15:45:00,2026-08-08,16:49:00,1.09,42,325.99,68.2,25.35,2574.95,1728.87,4303.82,64,True,Tardía,"Tráfico alto, Hora pico, Distancia larga"
3199,32,23,58,2,2026-03-31,10:46:00,2026-03-31,20:41:00,2026-03-31,20:41:00,1.46,40,310.66,56.9,24.02,2519.3,1366.74,3886.04,0,False,Entregada,Entrega realizada en tiempo
3200,98,5,40,46,2026-08-12,18:07:00,2026-08-12,08:57:00,2026-08-13,08:57:00,13.82,43,429.99,54.02,26.43,4375.95,1427.75,5803.7,0,False,Entregada,Entrega realizada en tiempo
3201,41,23,32,8,2026-04-11,16:51:00,2026-04-11,20:19:00,2026-04-11,20:45:00,0.76,30,105.6,19.34,25.53,1344.0,493.75,1837.75,26,True,Tardía,Incidencia operativa
3202,17,18,27,16,2026-01-05,16:07:00,2026-01-05,06:35:00,2026-01-06,07:03:00,0.46,53,433.34,40.57,26.57,3136.7,1077.94,4214.64,28,True,Tardía,Distancia larga
3203,92,28,16,21,2026-02-03,05:55:00,2026-02-03,12:58:00,2026-02-03,12:58:00,6.85,1,288.0,42.23,26.76,2633.0,1130.07,3763.07,0,False,Entregada,Entrega realizada en tiempo
3204,41,3,19,10,2026-01-15,13:38:00,2026-01-15,16:03:00,2026-01-15,16:03:00,3.65,72,82.44,17.69,25.0,1853.2,442.25,2295.45,0,False,Entregada,Entrega realizada en tiempo
3205,46,27,39,29,2026-04-28,07:19:00,2026-04-28,12:33:00,2026-04-28,12:33:00,11.19,25,202.34,26.01,25.77,2830.7,670.28,3500.98,0,False,Entregada,Entrega realizada en tiempo
3206,55,2,59,33,2026-01-11,06:06:00,2026-01-11,15:00:00,2026-01-11,15:42:00,9.07,6,290.13,58.49,25.93,2905.65,1516.65,4422.3,42,True,Tardía,Tráfico alto
3207,7,14,39,10,2026-05-05,19:33:00,2026-05-05,21:58:00,2026-05-05,21:58:00,6.68,65,76.73,8.27,25.15,2071.65,207.99,2279.64,0,False,Entregada,Entrega realizada en tiempo
3208,27,3,18,26,2026-06-18,08:24:00,2026-06-18,14:23:00,2026-06-18,14:23:00,2.85,32,174.6,37.47,23.46,1914.0,879.05,2793.05,0,False,Entregada,Entrega realizada en tiempo
3209,66,31,46,35,2026-07-07,14:05:00,2026-07-07,17:39:00,2026-07-07,17:39:00,21.25,68,157.82,22.42,24.41,3958.1,547.27,4505.37,0,False,Entregada,Entrega realizada en tiempo
3210,54,39,3,23,2026-06-10,06:42:00,2026-06-10,16:03:00,2026-06-10,16:03:00,3.67,76,247.74,20.0,26.97,2713.7,539.4,3253.1,0,False,Entregada,Entrega realizada en tiempo
3211,98,36,35,49,2026-02-11,15:30:00,2026-02-11,06:01:00,2026-02-12,06:01:00,0.92,23,366.93,43.27,23.05,2610.65,997.37,3608.02,0,False,Entregada,Entrega realizada en tiempo
3212,20,32,11,1,2026-07-05,20:07:00,2026-07-05,02:26:00,2026-07-06,02:26:00,1.5,38,196.76,17.82,25.53,1937.8,454.94,2392.74,0,False,Entregada,Entrega realizada en tiempo
3213,59,14,23,27,2026-03-14,05:29:00,2026-03-14,17:12:00,2026-03-14,17:12:00,0.74,67,333.92,35.98,25.9,2779.6,931.88,3711.48,0,False,Entregada,Entrega realizada en tiempo
3214,100,2,35,15,2026-01-13,15:38:00,2026-01-13,18:01:00,2026-01-13,18:01:00,7.16,57,64.18,12.94,25.08,1992.9,324.54,2317.44,0,False,Entregada,Entrega realizada en tiempo
3215,77,38,41,37,2026-04-06,08:41:00,2026-04-06,01:59:00,2026-04-07,02:53:00,1.53,33,437.71,37.19,24.65,3105.55,916.73,4022.28,54,True,Tardía,"Hora pico, Distancia larga"
3216,11,17,25,31,2026-03-09,06:27:00,2026-03-09,13:59:00,2026-03-09,13:59:00,0.28,49,215.93,38.35,25.89,1999.65,992.88,2992.53,0,False,Entregada,Entrega realizada en tiempo
3217,58,24,5,36,2026-03-28,18:57:00,2026-03-28,22:51:00,2026-03-28,23:49:00,5.44,13,100.19,9.39,23.18,1648.95,217.66,1866.61,58,True,Tardía,"Tráfico alto, Hora pico"
3218,86,39,51,24,2026-07-30,15:13:00,2026-07-30,23:50:00,2026-07-31,00:34:00,2.07,39,341.39,27.55,26.66,2725.95,734.48,3460.43,44,True,Tardía,"Tráfico alto, Distancia larga"
3219,84,29,14,38,2026-02-07,05:46:00,2026-02-07,10:17:00,2026-02-07,10:17:00,9.61,5,175.98,18.39,25.12,2380.9,461.96,2842.86,0,False,Entregada,Entrega realizada en tiempo
3220,45,28,22,49,2026-07-22,09:15:00,2026-07-22,23:46:00,2026-07-22,23:46:00,5.22,61,419.46,61.5,24.93,3607.3,1533.19,5140.49,0,False,Entregada,Entrega realizada en tiempo
3221,31,2,44,13,2026-01-26,15:31:00,2026-01-26,03:14:00,2026-01-27,03:14:00,0.26,72,303.07,61.1,25.37,2617.35,1550.11,4167.46,0,False,Entregada,Entrega realizada en tiempo
3222,21,27,7,24,2026-03-14,20:30:00,2026-03-14,05:07:00,2026-03-15,05:43:00,12.81,20,295.6,37.99,25.66,3419.0,974.82,4393.82,36,True,Tardía,"Tráfico alto, Carga pesada"
3223,18,24,53,19,2026-03-28,13:01:00,2026-03-28,01:42:00,2026-03-29,01:42:00,0.93,8,378.11,35.44,24.18,2547.55,856.94,3404.49,0,False,Entregada,Entrega realizada en tiempo
3224,5,33,48,47,2026-01-10,20:53:00,2026-01-10,08:37:00,2026-01-11,08:37:00,0.85,27,334.24,42.63,24.98,2472.2,1064.9,3537.1,0,False,Entregada,Entrega realizada en tiempo
3225,81,30,16,34,2026-05-11,18:08:00,2026-05-11,21:59:00,2026-05-11,21:59:00,12.88,40,112.87,9.7,24.57,2672.35,238.33,2910.68,0,False,Entregada,Entrega realizada en tiempo
3226,2,13,52,50,2026-03-14,10:33:00,2026-03-14,18:33:00,2026-03-14,18:33:00,1.82,29,275.52,22.47,23.24,2291.6,522.2,2813.8,0,False,Entregada,Entrega realizada en tiempo
3227,4,38,6,19,2026-02-27,13:10:00,2026-02-27,01:51:00,2026-02-28,01:51:00,6.23,79,358.01,30.42,26.75,3545.05,813.74,4358.79,0,False,Entregada,Entrega realizada en tiempo
3228,3,32,45,46,2026-03-13,08:28:00,2026-03-13,23:18:00,2026-03-13,23:18:00,2.69,73,401.58,36.38,25.58,3360.9,930.6,4291.5,0,False,Entregada,Entrega realizada en tiempo
3229,41,18,27,49,2026-04-10,08:32:00,2026-04-10,23:03:00,2026-04-10,23:03:00,0.28,80,350.04,32.78,23.78,2918.2,779.51,3697.71,0,False,Entregada,Entrega realizada en tiempo
3230,13,34,39,25,2026-02-10,08:21:00,2026-02-10,17:47:00,2026-02-10,17:47:00,3.89,20,364.53,30.28,24.31,2871.65,736.11,3607.76,0,False,Entregada,Entrega realizada en tiempo
3231,52,4,1,11,2026-02-02,10:02:00,2026-02-02,12:48:00,2026-02-02,12:48:00,1.53,17,79.1,13.29,26.82,1184.5,356.44,1540.94,0,False,Entregada,Entrega realizada en tiempo
3232,5,24,25,48,2026-04-30,17:54:00,2026-04-30,23:07:00,2026-05-01,00:01:00,2.06,14,175.64,16.46,25.26,1696.2,415.78,2111.98,54,True,Tardía,"Tráfico alto, Hora pico"
3233,6,17,7,34,2026-08-06,09:49:00,2026-08-06,13:40:00,2026-08-06,13:40:00,0.34,65,102.16,18.15,23.05,1564.8,418.36,1983.16,0,False,Entregada,Entrega realizada en tiempo
3234,9,27,26,28,2026-01-12,20:51:00,2026-01-12,03:52:00,2026-01-13,03:52:00,4.03,15,293.07,37.67,23.87,2488.35,899.18,3387.53,0,False,Entregada,Entrega realizada en tiempo
3235,17,32,34,36,2026-03-17,11:31:00,2026-03-17,15:25:00,2026-03-17,16:22:00,4.24,79,110.1,9.97,24.67,2106.5,245.96,2352.46,57,True,Tardía,"Tráfico alto, Carga pesada"
3236,42,9,31,26,2026-06-06,13:53:00,2026-06-06,19:52:00,2026-06-06,19:52:00,0.35,71,180.11,14.73,26.42,2003.55,389.17,2392.72,0,False,Entregada,Entrega realizada en tiempo
3237,37,20,20,10,2026-01-04,08:10:00,2026-01-04,10:35:00,2026-01-04,10:35:00,4.31,34,76.96,10.44,23.6,1587.8,246.38,1834.18,0,False,Entregada,Entrega realizada en tiempo
3238,69,35,54,26,2026-02-18,07:15:00,2026-02-18,13:14:00,2026-02-18,14:06:00,1.2,60,172.27,23.25,23.91,1961.35,555.91,2517.26,52,True,Tardía,"Tráfico alto, Hora pico, Carga pesada"
3239,10,8,59,35,2026-01-09,08:24:00,2026-01-09,11:58:00,2026-01-09,11:58:00,1.16,49,145.79,15.58,26.25,1736.95,408.98,2145.93,0,False,Entregada,Entrega realizada en tiempo
3240,34,8,39,49,2026-03-05,16:00:00,2026-03-05,06:31:00,2026-03-06,07:08:00,1.88,50,404.21,43.18,26.72,3109.05,1153.77,4262.82,37,True,Tardía,Distancia larga
3241,12,33,37,48,2026-02-01,08:52:00,2026-02-01,14:05:00,2026-02-01,14:05:00,0.54,75,200.39,25.56,25.46,2155.95,650.76,2806.71,0,False,Entregada,Entrega realizada en tiempo
3242,94,21,55,25,2026-06-18,08:56:00,2026-06-18,18:22:00,2026-06-18,18:22:00,0.28,39,333.09,46.59,24.64,2505.45,1147.98,3653.43,0,False,Entregada,Entrega realizada en tiempo
3243,71,14,19,5,2026-01-12,10:16:00,2026-01-12,20:12:00,2026-01-12,20:40:00,3.66,11,287.96,31.03,25.06,2393.8,777.61,3171.41,28,True,Tardía,Tráfico alto
3244,15,36,41,7,2026-03-21,05:21:00,2026-03-21,09:32:00,2026-03-21,09:32:00,0.72,11,128.64,15.17,23.93,1303.2,363.02,1666.22,0,False,Entregada,Entrega realizada en tiempo
3245,41,8,29,38,2026-06-21,05:19:00,2026-06-21,09:50:00,2026-06-21,09:50:00,5.32,40,203.85,21.78,25.01,2371.25,544.72,2915.97,0,False,Entregada,Entrega realizada en tiempo
3246,54,1,37,48,2026-03-12,06:51:00,2026-03-12,12:04:00,2026-03-12,12:04:00,1.38,50,195.55,18.88,24.18,2015.75,456.52,2472.27,0,False,Entregada,Entrega realizada en tiempo
3247,65,30,34,14,2026-01-18,05:12:00,2026-01-18,13:57:00,2026-01-18,13:57:00,7.22,14,288.54,24.79,26.23,2776.7,650.24,3426.94,0,False,Entregada,Entrega realizada en tiempo
3248,98,25,18,21,2026-05-02,08:48:00,2026-05-02,15:51:00,2026-05-02,15:51:00,3.5,20,289.1,61.51,25.65,2455.5,1577.73,4033.23,0,False,Entregada,Entrega realizada en tiempo
3249,61,39,18,4,2026-04-27,11:01:00,2026-04-27,13:35:00,2026-04-27,13:35:00,2.85,29,104.56,8.44,26.97,1539.8,227.63,1767.43,0,False,Entregada,Entrega realizada en tiempo
3250,58,17,17,40,2026-06-10,19:28:00,2026-06-10,12:30:00,2026-06-11,12:30:00,0.45,1,496.18,88.13,23.92,3033.9,2108.07,5141.97,0,False,Entregada,Entrega realizada en tiempo
3251,78,7,46,15,2026-04-11,12:05:00,2026-04-11,14:28:00,2026-04-11,14:28:00,0.71,24,58.21,9.54,24.62,1054.05,234.87,1288.92,0,False,Entregada,Entrega realizada en tiempo
3252,39,5,1,25,2026-01-05,10:10:00,2026-01-05,19:36:00,2026-01-05,19:36:00,9.88,55,313.65,39.4,24.8,3496.25,977.12,4473.37,0,False,Entregada,Entrega realizada en tiempo
3253,30,5,45,42,2026-05-23,06:22:00,2026-05-23,09:33:00,2026-05-23,09:33:00,2.23,63,92.31,11.6,24.59,1688.55,285.24,1973.79,0,False,Entregada,Entrega realizada en tiempo
3254,12,3,6,2,2026-05-17,15:41:00,2026-05-17,01:36:00,2026-05-18,02:19:00,5.49,43,303.14,65.05,23.9,2908.7,1554.69,4463.39,43,True,Tardía,"Tráfico alto, Distancia larga"
3255,5,25,60,19,2026-01-06,06:17:00,2026-01-06,18:58:00,2026-01-06,19:41:00,8.9,57,390.14,83.01,24.86,3796.7,2063.63,5860.33,43,True,Tardía,Distancia larga
3256,39,36,25,50,2026-06-12,19:37:00,2026-06-12,03:37:00,2026-06-13,03:37:00,0.9,35,243.9,28.76,25.07,2089.5,721.01,2810.51,0,False,Entregada,Entrega realizada en tiempo
3257,60,1,58,42,2026-03-05,15:51:00,2026-03-05,19:02:00,2026-03-05,19:37:00,0.66,14,102.61,9.9,26.19,1191.05,259.28,1450.33,35,True,Tardía,Tráfico alto
3258,1,5,29,32,2026-07-15,10:41:00,2026-07-15,22:45:00,2026-07-15,22:45:00,1.16,62,344.61,43.29,26.63,2835.05,1152.81,3987.86,0,False,Entregada,Entrega realizada en tiempo
3259,77,13,52,13,2026-07-28,06:28:00,2026-07-28,18:11:00,2026-07-28,18:42:00,17.57,68,317.59,25.9,23.43,4388.95,606.84,4995.79,31,True,Tardía,Distancia larga
3260,91,28,54,4,2026-01-10,11:39:00,2026-01-10,14:13:00,2026-01-10,14:25:00,1.37,4,99.91,14.65,24.07,1168.55,352.63,1521.18,12,True,Tardía,Incidencia operativa
3261,38,6,52,23,2026-03-27,16:28:00,2026-03-27,01:49:00,2026-03-28,01:49:00,1.37,36,287.16,41.98,23.93,2360.8,1004.58,3365.38,0,False,Entregada,Entrega realizada en tiempo
3262,85,34,20,43,2026-05-25,16:44:00,2026-05-25,08:11:00,2026-05-26,08:51:00,6.02,44,442.18,36.73,24.92,3664.9,915.31,4580.21,40,True,Tardía,"Tráfico alto, Distancia larga"
3263,88,2,53,14,2026-07-06,10:23:00,2026-07-06,19:08:00,2026-07-06,19:08:00,8.67,32,296.27,59.73,26.51,3104.35,1583.44,4687.79,0,False,Entregada,Entrega realizada en tiempo
3264,97,4,20,40,2026-06-27,09:24:00,2026-06-27,02:26:00,2026-06-28,02:26:00,2.45,52,431.34,72.49,23.86,3317.7,1729.61,5047.31,0,False,Entregada,Entrega realizada en tiempo
3265,50,8,48,40,2026-05-03,17:15:00,2026-05-03,10:17:00,2026-05-04,10:17:00,4.95,14,429.78,45.92,23.87,3255.9,1096.11,4352.01,0,False,Entregada,Entrega realizada en tiempo
3266,73,20,49,28,2026-06-27,08:17:00,2026-06-27,15:18:00,2026-06-27,15:18:00,2.88,65,286.9,38.93,25.89,2742.5,1007.9,3750.4,0,False,Entregada,Entrega realizada en tiempo
3267,26,36,53,23,2026-08-05,19:24:00,2026-08-05,04:45:00,2026-08-06,04:45:00,0.87,43,290.85,34.3,23.97,2385.25,822.17,3207.42,0,False,Entregada,Entrega realizada en tiempo
3268,80,10,56,31,2026-06-18,15:35:00,2026-06-18,23:07:00,2026-06-18,23:07:00,1.84,59,198.92,19.95,24.04,2150.6,479.6,2630.2,0,False,Entregada,Entrega realizada en tiempo
3269,11,16,18,37,2026-02-21,08:57:00,2026-02-21,02:15:00,2026-02-22,02:15:00,18.19,62,486.47,43.71,24.56,5247.35,1073.52,6320.87,0,False,Entregada,Entrega realizada en tiempo
3270,5,28,1,24,2026-04-04,20:41:00,2026-04-04,05:18:00,2026-04-05,05:18:00,1.6,13,307.35,45.07,23.92,2300.75,1078.07,3378.82,0,False,Entregada,Entrega realizada en tiempo
3271,41,30,39,9,2026-01-31,08:24:00,2026-01-31,15:57:00,2026-01-31,15:57:00,8.09,18,182.92,15.71,24.57,2367.6,385.99,2753.59,0,False,Entregada,Entrega realizada en tiempo
3272,76,36,40,13,2026-08-13,14:48:00,2026-08-13,02:31:00,2026-08-14,02:31:00,1.8,34,344.18,40.59,24.6,2672.9,998.51,3671.41,0,False,Entregada,Entrega realizada en tiempo
3273,76,35,45,39,2026-04-25,05:06:00,2026-04-25,13:29:00,2026-04-25,13:29:00,0.39,38,198.86,26.84,25.51,1837.3,684.69,2521.99,0,False,Entregada,Entrega realizada en tiempo
3274,42,24,32,1,2026-08-05,10:38:00,2026-08-05,16:57:00,2026-08-05,16:57:00,0.75,31,201.65,18.9,23.53,1831.25,444.72,2275.97,0,False,Entregada,Entrega realizada en tiempo
3275,90,7,47,35,2026-04-12,15:47:00,2026-04-12,19:21:00,2026-04-12,19:21:00,0.51,75,145.41,23.84,24.45,1878.05,582.89,2460.94,0,False,Entregada,Entrega realizada en tiempo
3276,17,39,54,42,2026-01-15,13:01:00,2026-01-15,16:12:00,2026-01-15,16:12:00,3.95,80,99.36,8.02,24.56,2031.8,196.97,2228.77,0,False,Entregada,Entrega realizada en tiempo
3277,7,1,4,43,2026-01-21,08:42:00,2026-01-21,00:09:00,2026-01-22,01:17:00,0.3,8,420.59,40.6,23.28,2696.95,945.17,3642.12,68,True,Tardía,"Tráfico alto, Hora pico, Distancia larga"
3278,75,30,13,36,2026-03-08,11:49:00,2026-03-08,15:43:00,2026-03-08,15:43:00,12.08,80,108.82,9.35,23.33,2892.1,218.14,3110.24,0,False,Entregada,Entrega realizada en tiempo
3279,12,15,1,4,2026-06-22,20:32:00,2026-06-22,23:06:00,2026-06-22,23:06:00,0.92,18,95.58,19.67,23.77,1213.9,467.56,1681.46,0,False,Entregada,Entrega realizada en tiempo
3280,39,25,54,37,2026-06-09,06:48:00,2026-06-09,00:06:00,2026-06-10,00:06:00,3.76,72,462.71,98.45,24.91,3765.55,2452.39,6217.94,0,False,Entregada,Entrega realizada en tiempo
3281,26,14,5,4,2026-03-09,11:33:00,2026-03-09,14:07:00,2026-03-09,14:07:00,2.17,16,113.42,12.22,26.56,1412.1,324.56,1736.66,0,False,Entregada,Entrega realizada en tiempo
3282,60,16,41,27,2026-08-08,14:20:00,2026-08-08,02:03:00,2026-08-09,02:17:00,12.62,54,288.68,25.94,23.51,3637.4,609.85,4247.25,14,True,Tardía,Incidencia operativa
3283,10,34,36,9,2026-08-13,08:01:00,2026-08-13,15:34:00,2026-08-13,16:18:00,7.65,53,212.67,17.66,26.29,2752.35,464.28,3216.63,44,True,Tardía,"Hora pico, Carga pesada"
3284,16,31,25,5,2026-06-13,10:53:00,2026-06-13,20:49:00,2026-06-13,21:30:00,2.19,4,289.56,41.13,26.06,2198.8,1071.85,3270.65,41,True,Tardía,Tráfico alto
3285,89,28,39,16,2026-04-19,19:12:00,2026-04-19,09:40:00,2026-04-20,09:40:00,2.91,41,418.81,61.41,25.44,3213.05,1562.27,4775.32,0,False,Entregada,Entrega realizada en tiempo
3286,9,27,55,30,2026-04-22,11:00:00,2026-04-22,16:08:00,2026-04-22,16:36:00,2.61,32,133.12,17.11,25.67,1682.6,439.21,2121.81,28,True,Tardía,Incidencia operativa
3287,92,37,47,15,2026-06-18,09:21:00,2026-06-18,11:44:00,2026-06-18,11:44:00,1.05,18,63.07,6.72,25.13,1064.35,168.87,1233.22,0,False,Entregada,Entrega realizada en tiempo
3288,82,26,52,30,2026-01-27,09:24:00,2026-01-27,14:32:00,2026-01-27,15:13:00,1.4,78,134.16,19.14,25.42,1934.8,486.54,2421.34,41,True,Tardía,Hora pico
3289,80,37,21,11,2026-02-17,13:11:00,2026-02-17,15:57:00,2026-02-17,15:57:00,0.5,79,77.13,8.22,24.03,1567.65,197.53,1765.18,0,False,Entregada,Entrega realizada en tiempo
3290,39,34,18,49,2026-03-05,16:49:00,2026-03-05,07:20:00,2026-03-06,07:20:00,3.76,70,364.14,30.24,23.45,3256.7,709.13,3965.83,0,False,Entregada,Entrega realizada en tiempo
3291,15,5,20,15,2026-02-26,06:27:00,2026-02-26,08:50:00,2026-02-26,09:16:00,3.71,33,66.26,8.32,23.1,1466.3,192.19,1658.49,26,True,Tardía,Incidencia operativa
3292,72,32,31,6,2026-08-04,13:20:00,2026-08-04,14:14:00,2026-08-04,14:14:00,1.39,45,29.94,2.71,25.64,1148.7,69.48,1218.18,0,False,Entregada,Entrega realizada en tiempo
3293,89,4,50,41,2026-04-10,09:49:00,2026-04-10,17:05:00,2026-04-10,17:05:00,0.68,62,188.25,31.64,26.72,2005.25,845.42,2850.67,0,False,Entregada,Entrega realizada en tiempo
3294,7,11,60,23,2026-05-28,08:44:00,2026-05-28,18:05:00,2026-05-28,18:40:00,2.09,20,291.45,60.97,26.81,2326.25,1634.61,3960.86,35,True,Tardía,Hora pico
3295,60,11,8,27,2026-02-15,15:25:00,2026-02-15,03:08:00,2026-02-16,03:08:00,3.99,3,296.76,62.08,23.76,2406.8,1475.02,3881.82,0,False,Entregada,Entrega realizada en tiempo
3296,66,20,5,35,2026-07-23,05:11:00,2026-07-23,08:45:00,2026-07-23,08:45:00,4.69,80,137.9,18.71,25.63,2298.5,479.54,2778.04,0,False,Entregada,Entrega realizada en tiempo
3297,76,37,32,30,2026-07-17,10:46:00,2026-07-17,15:54:00,2026-07-17,15:54:00,0.65,59,130.18,13.88,26.19,1687.9,363.52,2051.42,0,False,Entregada,Entrega realizada en tiempo
3298,26,39,54,23,2026-05-06,13:48:00,2026-05-06,23:09:00,2026-05-06,23:46:00,7.73,45,290.77,23.47,24.02,3086.85,563.75,3650.6,37,True,Tardía,Carga pesada
3299,58,18,44,6,2026-01-19,07:30:00,2026-01-19,08:24:00,2026-01-19,08:24:00,0.54,28,28.44,2.66,26.85,920.2,71.42,991.62,0,False,Entregada,Entrega realizada en tiempo
3300,59,1,14,46,2026-05-16,16:09:00,2026-05-16,06:59:00,2026-05-17,06:59:00,1.51,46,441.5,42.62,25.61,3226.5,1091.5,4318.0,0,False,Entregada,Entrega realizada en tiempo
3301,56,7,7,11,2026-04-04,20:18:00,2026-04-04,23:04:00,2026-04-04,23:04:00,0.21,21,69.75,11.43,23.12,1037.75,264.26,1302.01,0,False,Entregada,Entrega realizada en tiempo
3302,2,35,3,24,2026-04-12,10:02:00,2026-04-12,18:39:00,2026-04-12,18:39:00,0.68,66,299.12,40.37,25.31,2591.6,1021.76,3613.36,0,False,Entregada,Entrega realizada en tiempo
3303,22,17,41,36,2026-02-05,19:29:00,2026-02-05,23:23:00,2026-02-05,23:23:00,0.38,29,92.08,16.36,26.35,1230.4,431.09,1661.49,0,False,Entregada,Entrega realizada en tiempo
3304,22,8,3,31,2026-06-24,19:33:00,2026-06-24,03:05:00,2026-06-25,03:54:00,3.96,26,189.5,20.25,23.92,2051.5,484.38,2535.88,49,True,Tardía,Hora pico
3305,55,23,49,19,2026-05-20,14:09:00,2026-05-20,02:50:00,2026-05-21,03:09:00,0.28,24,354.0,64.84,23.26,2490.0,1508.18,3998.18,19,True,Tardía,Distancia larga
3306,58,2,36,19,2026-02-05,20:30:00,2026-02-05,09:11:00,2026-02-06,09:11:00,13.25,33,398.1,80.26,23.28,4079.5,1868.45,5947.95,0,False,Entregada,Entrega realizada en tiempo
3307,88,11,32,40,2026-06-28,16:48:00,2026-06-28,09:50:00,2026-06-29,09:50:00,2.16,27,448.79,93.89,24.3,3175.95,2281.53,5457.48,0,False,Entregada,Entrega realizada en tiempo
3308,21,40,47,47,2026-03-25,14:21:00,2026-03-25,02:05:00,2026-03-26,02:05:00,1.5,12,316.56,49.46,23.08,2328.8,1141.54,3470.34,0,False,Entregada,Entrega realizada en tiempo
3309,47,6,3,33,2026-01-30,12:44:00,2026-01-30,21:38:00,2026-01-30,21:38:00,0.47,69,270.31,39.52,25.84,2450.55,1021.2,3471.75,0,False,Entregada,Entrega realizada en tiempo
3310,17,28,57,12,2026-02-23,06:00:00,2026-02-23,17:38:00,2026-02-23,17:38:00,1.74,27,407.54,59.76,26.98,2927.7,1612.32,4540.02,0,False,Entregada,Entrega realizada en tiempo
3311,18,9,16,21,2026-01-10,08:47:00,2026-01-10,15:50:00,2026-01-10,16:43:00,0.78,68,301.28,24.63,24.1,2628.4,593.58,3221.98,53,True,Tardía,"Hora pico, Distancia larga, Carga pesada"
3312,59,22,52,14,2026-05-28,08:27:00,2026-05-28,17:12:00,2026-05-28,17:44:00,0.75,74,294.16,28.45,26.46,2637.8,752.79,3390.59,32,True,Tardía,Hora pico
3313,15,27,46,26,2026-02-26,08:27:00,2026-02-26,14:26:00,2026-02-26,14:26:00,0.85,55,158.65,20.39,26.34,1818.25,537.07,2355.32,0,False,Entregada,Entrega realizada en tiempo
3314,61,20,1,16,2026-02-22,05:16:00,2026-02-22,19:44:00,2026-02-22,20:09:00,7.29,48,436.95,59.29,26.77,3797.75,1587.19,5384.94,25,True,Tardía,Distancia larga
3315,50,7,28,26,2026-03-09,17:00:00,2026-03-09,22:59:00,2026-03-09,22:59:00,0.26,4,164.81,27.02,24.15,1382.05,652.53,2034.58,0,False,Entregada,Entrega realizada en tiempo
3316,95,22,36,2,2026-01-26,13:46:00,2026-01-26,23:41:00,2026-01-26,23:41:00,1.07,13,318.62,30.81,24.2,2304.1,745.6,3049.7,0,False,Entregada,Entrega realizada en tiempo
3317,75,27,54,45,2026-02-13,19:00:00,2026-02-13,21:41:00,2026-02-13,22:02:00,8.77,76,81.37,10.46,24.43,2391.85,255.54,2647.39,21,True,Tardía,Hora pico
3318,41,2,42,40,2026-07-26,16:39:00,2026-07-26,09:41:00,2026-07-27,09:41:00,1.72,74,449.75,90.68,24.66,3512.75,2236.17,5748.92,0,False,Entregada,Entrega realizada en tiempo
3319,94,13,8,22,2026-08-03,09:45:00,2026-08-03,17:24:00,2026-08-03,17:24:00,3.01,43,347.91,28.38,25.79,2884.55,731.92,3616.47,0,False,Entregada,Entrega realizada en tiempo
3320,90,11,9,43,2026-07-23,20:59:00,2026-07-23,12:26:00,2026-07-24,13:28:00,2.13,7,428.23,89.59,25.59,2910.15,2292.61,5202.76,62,True,Tardía,"Tráfico alto, Distancia larga"
3321,82,20,16,23,2026-03-11,06:44:00,2026-03-11,16:05:00,2026-03-11,16:05:00,9.8,40,268.65,36.45,24.62,3143.25,897.4,4040.65,0,False,Entregada,Entrega realizada en tiempo
3322,44,13,39,24,2026-01-12,08:05:00,2026-01-12,16:42:00,2026-01-12,16:42:00,6.97,15,334.1,27.25,26.11,2987.5,711.5,3699.0,0,False,Entregada,Entrega realizada en tiempo
3323,42,21,33,44,2026-04-22,09:29:00,2026-04-22,11:39:00,2026-04-22,11:39:00,1.54,58,67.02,9.37,25.21,1453.1,236.22,1689.32,0,False,Entregada,Entrega realizada en tiempo
3324,23,26,3,15,2026-01-22,17:17:00,2026-01-22,19:40:00,2026-01-22,19:40:00,0.88,69,63.83,9.11,26.88,1459.15,244.88,1704.03,0,False,Entregada,Entrega realizada en tiempo
3325,3,17,59,23,2026-07-25,20:57:00,2026-07-25,06:18:00,2026-07-26,06:46:00,0.87,65,250.15,44.43,24.88,2357.75,1105.42,3463.17,28,True,Tardía,Incidencia operativa
3326,70,28,5,20,2026-07-31,08:11:00,2026-07-31,09:44:00,2026-07-31,09:44:00,2.24,78,63.29,9.28,23.88,1664.45,221.61,1886.06,0,False,Entregada,Entrega realizada en tiempo
3327,90,22,45,50,2026-03-17,14:38:00,2026-03-17,22:38:00,2026-03-17,22:59:00,0.23,24,264.0,25.53,25.25,2035.0,644.63,2679.63,21,True,Tardía,Incidencia operativa
3328,57,21,29,32,2026-06-03,07:06:00,2026-06-03,19:10:00,2026-06-03,19:10:00,0.93,25,376.01,52.59,26.96,2673.05,1417.83,4090.88,0,False,Entregada,Entrega realizada en tiempo
3329,71,15,2,46,2026-03-20,13:29:00,2026-03-20,04:19:00,2026-03-21,04:19:00,0.21,53,442.51,91.05,24.77,3157.55,2255.31,5412.86,0,False,Entregada,Entrega realizada en tiempo
3330,33,21,50,44,2026-01-27,07:24:00,2026-01-27,09:34:00,2026-01-27,09:34:00,0.76,1,65.38,9.14,26.92,910.9,246.05,1156.95,0,False,Entregada,Entrega realizada en tiempo
3331,46,34,37,30,2026-01-10,08:56:00,2026-01-10,14:04:00,2026-01-10,14:04:00,5.75,45,136.23,11.31,26.86,2116.15,303.79,2419.94,0,False,Entregada,Entrega realizada en tiempo
3332,24,8,50,14,2026-02-21,15:45:00,2026-02-21,00:30:00,2026-02-22,00:30:00,5.79,67,273.3,29.2,24.5,2981.5,715.4,3696.9,0,False,Entregada,Entrega realizada en tiempo
3333,1,33,13,18,2026-04-28,16:43:00,2026-04-28,08:51:00,2026-04-29,09:29:00,0.5,10,462.87,59.04,23.03,2944.35,1359.69,4304.04,38,True,Tardía,Distancia larga
3334,64,18,25,7,2026-07-09,08:47:00,2026-07-09,12:58:00,2026-07-09,12:58:00,0.77,32,118.52,11.1,25.29,1425.6,280.72,1706.32,0,False,Entregada,Entrega realizada en tiempo
3335,97,31,37,39,2026-02-02,17:06:00,2026-02-02,01:29:00,2026-02-03,01:29:00,3.43,43,228.31,32.43,26.74,2328.55,867.18,3195.73,0,False,Entregada,Entrega realizada en tiempo
3336,29,14,34,44,2026-05-05,20:56:00,2026-05-05,23:06:00,2026-05-05,23:06:00,2.8,67,66.86,7.2,26.53,1650.3,191.02,1841.32,0,False,Entregada,Entrega realizada en tiempo
3337,19,33,24,47,2026-06-14,20:55:00,2026-06-14,08:39:00,2026-06-15,08:39:00,0.56,79,316.45,40.36,25.05,2770.25,1011.02,3781.27,0,False,Entregada,Entrega realizada en tiempo
3338,14,35,50,50,2026-03-08,10:36:00,2026-03-08,18:36:00,2026-03-08,18:36:00,0.89,60,230.8,31.15,23.97,2223.0,746.67,2969.67,0,False,Entregada,Entrega realizada en tiempo
3339,92,37,1,42,2026-01-02,18:15:00,2026-01-02,21:26:00,2026-01-02,21:26:00,0.56,64,98.39,10.49,25.46,1559.95,267.08,1827.03,0,False,Entregada,Entrega realizada en tiempo
3340,79,20,51,18,2026-03-22,17:43:00,2026-03-22,09:51:00,2026-03-23,09:51:00,5.66,33,446.23,60.55,24.24,3561.15,1467.73,5028.88,0,False,Entregada,Entrega realizada en tiempo
3341,15,3,29,26,2026-05-29,09:47:00,2026-05-29,15:46:00,2026-05-29,16:50:00,9.64,55,176.59,37.89,25.62,2786.95,970.74,3757.69,64,True,Tardía,"Tráfico alto, Hora pico"
3342,39,29,54,23,2026-05-26,08:44:00,2026-05-26,18:05:00,2026-05-26,18:35:00,1.26,51,253.1,26.45,24.36,2299.5,644.32,2943.82,30,True,Tardía,Hora pico
3343,84,33,14,40,2026-05-13,13:40:00,2026-05-13,06:42:00,2026-05-14,06:42:00,0.61,73,493.85,62.99,24.85,3614.25,1565.3,5179.55,0,False,Entregada,Entrega realizada en tiempo
3344,78,37,28,24,2026-05-10,13:28:00,2026-05-10,22:05:00,2026-05-10,22:05:00,0.94,65,335.93,35.81,26.69,2793.65,955.77,3749.42,0,False,Entregada,Entrega realizada en tiempo
3345,64,22,27,43,2026-07-24,20:04:00,2026-07-24,11:31:00,2026-07-25,11:31:00,0.61,49,437.72,42.33,24.24,3141.6,1026.08,4167.68,0,False,Entregada,Entrega realizada en tiempo
3346,28,20,44,3,2026-05-06,09:03:00,2026-05-06,11:20:00,2026-05-06,11:20:00,6.1,57,57.73,7.83,23.39,1854.65,183.14,2037.79,0,False,Entregada,Entrega realizada en tiempo
3347,88,30,30,25,2026-01-25,09:20:00,2026-01-25,18:46:00,2026-01-25,18:46:00,0.6,4,371.71,31.93,23.01,2450.55,734.71,3185.26,0,False,Entregada,Entrega realizada en tiempo
3348,66,35,14,25,2026-05-30,09:09:00,2026-05-30,18:35:00,2026-05-30,19:30:00,0.48,25,325.58,43.94,23.05,2375.9,1012.82,3388.72,55,True,Tardía,"Hora pico, Distancia larga"
3349,25,27,38,38,2026-06-04,13:08:00,2026-06-04,17:39:00,2026-06-04,17:39:00,1.32,71,203.48,26.15,26.06,2217.4,681.47,2898.87,0,False,Entregada,Entrega realizada en tiempo
3350,94,12,15,6,2026-07-15,08:59:00,2026-07-15,09:53:00,2026-07-15,10:27:00,0.92,51,29.39,4.2,23.95,1146.95,100.59,1247.54,34,True,Tardía,Hora pico
3351,89,22,52,8,2026-03-14,17:09:00,2026-03-14,20:37:00,2026-03-14,20:37:00,1.42,34,96.8,9.36,23.21,1398.0,217.25,1615.25,0,False,Entregada,Entrega realizada en tiempo
3352,18,9,16,18,2026-05-04,18:04:00,2026-05-04,10:12:00,2026-05-05,10:12:00,0.6,38,388.62,31.78,25.45,2807.1,808.8,3615.9,0,False,Entregada,Entrega realizada en tiempo
3353,5,38,16,46,2026-04-02,13:23:00,2026-04-02,04:13:00,2026-04-03,04:13:00,2.96,45,443.45,37.68,26.95,3373.25,1015.48,4388.73,0,False,Entregada,Entrega realizada en tiempo
3354,6,10,3,3,2026-04-16,08:30:00,2026-04-16,10:47:00,2026-04-16,11:24:00,14.3,33,60.0,6.02,24.06,2494.0,144.84,2638.84,37,True,Tardía,Hora pico
3355,47,37,18,31,2026-07-24,15:07:00,2026-07-24,22:39:00,2026-07-24,23:07:00,0.53,21,199.75,21.3,24.0,1719.75,511.2,2230.95,28,True,Tardía,Incidencia operativa
3356,85,39,6,41,2026-02-07,18:43:00,2026-02-07,01:59:00,2026-02-08,01:59:00,0.2,2,185.27,14.95,24.3,1462.35,363.28,1825.63,0,False,Entregada,Entrega realizada en tiempo
3357,57,26,7,10,2026-02-13,08:58:00,2026-02-13,11:23:00,2026-02-13,11:23:00,3.22,70,79.14,11.29,25.62,1777.7,289.25,2066.95,0,False,Entregada,Entrega realizada en tiempo
3358,81,2,24,25,2026-03-17,12:26:00,2026-03-17,21:52:00,2026-03-17,21:52:00,13.31,72,328.18,66.17,23.99,4047.9,1587.42,5635.32,0,False,Entregada,Entrega realizada en tiempo
3359,1,17,24,24,2026-03-24,13:37:00,2026-03-24,22:14:00,2026-03-24,23:08:00,0.37,43,315.61,56.06,24.71,2459.05,1385.24,3844.29,54,True,Tardía,"Tráfico alto, Distancia larga"
3360,64,32,32,50,2026-05-18,12:59:00,2026-05-18,20:59:00,2026-05-18,20:59:00,4.06,28,239.46,21.69,23.55,2327.3,510.8,2838.1,0,False,Entregada,Entrega realizada en tiempo
3361,53,13,37,47,2026-06-03,06:16:00,2026-06-03,18:00:00,2026-06-03,18:53:00,1.92,53,326.52,26.63,24.6,2748.6,655.1,3403.7,53,True,Tardía,"Tráfico alto, Distancia larga"
3362,49,10,28,37,2026-01-05,09:43:00,2026-01-05,03:01:00,2026-01-06,04:04:00,13.95,24,456.06,45.74,26.8,4367.3,1225.83,5593.13,63,True,Tardía,"Hora pico, Distancia larga"
3363,87,2,26,7,2026-04-28,06:27:00,2026-04-28,10:38:00,2026-04-28,10:50:00,13.49,60,134.05,27.03,26.82,2999.25,724.94,3724.19,12,True,Tardía,Incidencia operativa
3364,87,7,12,3,2026-01-15,09:37:00,2026-01-15,11:54:00,2026-01-15,12:29:00,1.48,27,62.98,10.32,24.83,1178.9,256.25,1435.15,35,True,Tardía,Hora pico
3365,77,31,58,11,2026-01-30,15:11:00,2026-01-30,17:57:00,2026-01-30,17:57:00,12.81,10,65.9,9.36,23.77,2190.5,222.49,2412.99,0,False,Entregada,Entrega realizada en tiempo
3366,31,15,38,48,2026-06-12,07:47:00,2026-06-12,13:00:00,2026-06-12,14:23:00,1.11,77,179.24,36.88,23.45,2123.2,864.84,2988.04,83,True,Tardía,"Tráfico alto, Hora pico, Carga pesada"
3367,44,15,2,31,2026-01-22,09:11:00,2026-01-22,16:43:00,2026-01-22,17:16:00,0.34,54,204.78,42.14,23.5,1989.9,990.29,2980.19,33,True,Tardía,Hora pico
3368,19,33,15,42,2026-04-29,17:47:00,2026-04-29,20:58:00,2026-04-29,21:43:00,0.42,36,99.12,12.64,25.48,1325.6,322.07,1647.67,45,True,Tardía,"Tráfico alto, Hora pico"
3369,42,32,48,35,2026-05-18,17:50:00,2026-05-18,21:24:00,2026-05-18,21:24:00,2.82,22,146.24,13.25,26.73,1689.2,354.17,2043.37,0,False,Entregada,Entrega realizada en tiempo
3370,8,26,13,10,2026-02-10,19:53:00,2026-02-10,22:18:00,2026-02-10,22:18:00,12.32,4,79.37,11.32,26.92,2160.85,304.73,2465.58,0,False,Entregada,Entrega realizada en tiempo
3371,22,27,37,36,2026-01-14,12:16:00,2026-01-14,16:10:00,2026-01-14,16:10:00,6.23,54,101.69,13.07,24.46,2063.45,319.69,2383.14,0,False,Entregada,Entrega realizada en tiempo
3372,75,21,9,48,2026-08-14,11:31:00,2026-08-14,16:44:00,2026-08-14,17:35:00,1.23,53,193.22,27.02,26.27,2013.1,709.82,2722.92,51,True,Tardía,Tráfico alto
3373,3,28,57,17,2026-04-23,08:44:00,2026-04-23,15:02:00,2026-04-23,15:02:00,3.72,33,183.64,26.93,27.0,2054.2,727.11,2781.31,0,False,Entregada,Entrega realizada en tiempo
3374,23,24,30,14,2026-04-26,20:29:00,2026-04-26,05:14:00,2026-04-27,05:14:00,1.18,33,294.07,27.56,25.19,2352.35,694.24,3046.59,0,False,Entregada,Entrega realizada en tiempo
3375,69,17,1,29,2026-01-01,11:26:00,2026-01-01,16:40:00,2026-01-01,16:40:00,0.54,41,195.2,34.67,24.83,1858.0,860.86,2718.86,0,False,Entregada,Entrega realizada en tiempo
3376,7,28,6,10,2026-06-07,19:32:00,2026-06-07,21:57:00,2026-06-07,21:57:00,0.38,78,78.42,11.5,26.69,1554.1,306.94,1861.04,0,False,Entregada,Entrega realizada en tiempo
3377,70,20,10,26,2026-05-14,06:50:00,2026-05-14,12:49:00,2026-05-14,13:25:00,6.3,77,180.01,24.42,25.75,2646.05,628.82,3274.87,36,True,Tardía,Tráfico alto
3378,10,25,17,8,2026-04-23,05:00:00,2026-04-23,08:28:00,2026-04-23,08:53:00,5.93,44,107.89,22.96,23.3,1984.45,534.97,2519.42,25,True,Tardía,Incidencia operativa
3379,67,28,3,22,2026-04-10,15:34:00,2026-04-10,23:13:00,2026-04-10,23:36:00,4.52,66,319.99,46.92,25.76,3079.95,1208.66,4288.61,23,True,Tardía,Distancia larga
3380,83,26,25,20,2026-05-01,14:40:00,2026-05-01,16:13:00,2026-05-01,16:13:00,1.94,9,62.39,8.9,25.33,1077.95,225.44,1303.39,0,False,Entregada,Entrega realizada en tiempo
3381,25,8,57,12,2026-07-14,11:08:00,2026-07-14,22:46:00,2026-07-14,22:46:00,1.65,72,448.87,47.96,23.95,3485.35,1148.64,4633.99,0,False,Entregada,Entrega realizada en tiempo
3382,48,18,6,26,2026-07-22,05:05:00,2026-07-22,11:04:00,2026-07-22,11:04:00,1.01,74,182.09,17.05,26.91,2103.45,458.82,2562.27,0,False,Entregada,Entrega realizada en tiempo
3383,72,17,36,2,2026-05-14,17:00:00,2026-05-14,02:55:00,2026-05-15,04:11:00,0.66,16,317.4,56.38,24.47,2281.0,1379.62,3660.62,76,True,Tardía,"Tráfico alto, Hora pico, Distancia larga"
3384,6,31,30,42,2026-01-27,06:30:00,2026-01-27,09:41:00,2026-01-27,10:15:00,20.09,37,90.67,12.88,24.7,3258.35,318.14,3576.49,34,True,Tardía,Tráfico alto
3385,71,38,24,47,2026-04-24,15:28:00,2026-04-24,03:12:00,2026-04-25,03:12:00,9.08,20,305.93,25.99,24.17,3097.65,628.18,3725.83,0,False,Entregada,Entrega realizada en tiempo
3386,11,4,21,5,2026-01-24,06:59:00,2026-01-24,16:55:00,2026-01-24,16:55:00,1.36,74,268.86,45.19,23.2,2572.3,1048.41,3620.71,0,False,Entregada,Entrega realizada en tiempo
3387,61,4,53,7,2026-05-08,20:47:00,2026-05-08,00:58:00,2026-05-09,01:13:00,0.63,47,120.09,20.18,23.05,1539.45,465.15,2004.6,15,True,Tardía,Incidencia operativa
3388,7,10,23,43,2026-03-15,18:10:00,2026-03-15,09:37:00,2026-03-16,09:37:00,8.15,30,454.09,45.55,25.47,3825.45,1160.16,4985.61,0,False,Entregada,Entrega realizada en tiempo
3389,5,6,1,44,2026-02-14,18:23:00,2026-02-14,20:33:00,2026-02-14,20:33:00,0.29,80,64.93,9.49,24.89,1493.65,236.21,1729.86,0,False,Entregada,Entrega realizada en tiempo
3390,83,30,44,45,2026-06-17,13:40:00,2026-06-17,16:21:00,2026-06-17,16:21:00,2.53,30,85.44,7.34,24.69,1420.2,181.22,1601.42,0,False,Entregada,Entrega realizada en tiempo
3391,77,29,48,20,2026-03-07,09:22:00,2026-03-07,10:55:00,2026-03-07,10:55:00,17.6,20,59.63,6.23,25.71,2718.15,160.17,2878.32,0,False,Entregada,Entrega realizada en tiempo
3392,79,17,43,42,2026-02-12,06:18:00,2026-02-12,09:29:00,2026-02-12,09:29:00,0.85,11,94.47,16.78,23.45,1145.35,393.49,1538.84,0,False,Entregada,Entrega realizada en tiempo
3393,100,14,29,19,2026-01-11,14:05:00,2026-01-11,02:46:00,2026-01-12,03:27:00,5.69,25,368.34,39.69,26.47,3110.7,1050.59,4161.29,41,True,Tardía,Distancia larga
3394,55,26,48,37,2026-07-17,17:24:00,2026-07-17,10:42:00,2026-07-18,11:24:00,7.22,69,464.44,66.25,24.37,4096.2,1614.51,5710.71,42,True,Tardía,"Hora pico, Distancia larga"
3395,99,6,52,30,2026-03-19,06:51:00,2026-03-19,11:59:00,2026-03-19,11:59:00,0.22,47,135.01,19.74,25.46,1573.05,502.58,2075.63,0,False,Entregada,Entrega realizada en tiempo
3396,51,34,33,6,2026-03-12,11:37:00,2026-03-12,12:31:00,2026-03-12,12:42:00,5.27,79,27.45,2.28,23.85,1796.25,54.38,1850.63,11,True,Tardía,Incidencia operativa
3397,44,33,26,11,2026-03-14,06:43:00,2026-03-14,09:29:00,2026-03-14,09:29:00,0.27,46,66.6,8.49,24.06,1228.0,204.27,1432.27,0,False,Entregada,Entrega realizada en tiempo
3398,4,37,40,37,2026-05-23,16:13:00,2026-05-23,09:31:00,2026-05-24,10:10:00,1.02,24,467.98,49.89,26.9,3133.9,1342.04,4475.94,39,True,Tardía,"Distancia larga, Carga pesada"
3399,95,38,7,7,2026-01-30,07:44:00,2026-01-30,11:55:00,2026-01-30,11:55:00,2.08,8,119.9,10.19,25.07,1371.5,255.46,1626.96,0,False,Entregada,Entrega realizada en tiempo
3400,89,5,35,17,2026-04-16,16:57:00,2026-04-16,23:15:00,2026-04-16,23:15:00,11.09,66,190.09,23.88,25.67,3087.45,613.0,3700.45,0,False,Entregada,Entrega realizada en tiempo
3401,94,21,39,15,2026-07-29,09:04:00,2026-07-29,11:27:00,2026-07-29,11:27:00,0.27,32,59.87,8.37,25.31,1082.35,211.84,1294.19,0,False,Entregada,Entrega realizada en tiempo
3402,16,33,43,14,2026-01-14,17:46:00,2026-01-14,02:31:00,2026-01-15,02:31:00,0.88,26,246.28,31.41,25.77,2027.4,809.44,2836.84,0,False,Entregada,Entrega realizada en tiempo
3403,69,1,57,49,2026-01-11,08:09:00,2026-01-11,22:40:00,2026-01-11,23:45:00,0.49,54,420.58,40.6,25.65,3083.9,1041.39,4125.29,65,True,Tardía,"Hora pico, Distancia larga"
3404,18,1,22,22,2026-03-17,20:52:00,2026-03-17,04:31:00,2026-03-18,04:31:00,1.1,21,306.02,29.54,25.07,2308.1,740.57,3048.67,0,False,Entregada,Entrega realizada en tiempo
3405,62,36,56,7,2026-07-03,08:04:00,2026-07-03,12:15:00,2026-07-03,12:15:00,0.31,37,112.18,13.23,25.73,1387.9,340.41,1728.31,0,False,Entregada,Entrega realizada en tiempo
3406,78,35,18,29,2026-03-20,15:00:00,2026-03-20,20:14:00,2026-03-20,20:14:00,0.48,38,200.62,27.07,23.99,1855.1,649.41,2504.51,0,False,Entregada,Entrega realizada en tiempo
3407,59,7,31,47,2026-05-21,11:43:00,2026-05-21,23:27:00,2026-05-21,23:27:00,0.87,61,349.79,57.34,26.52,2823.95,1520.66,4344.61,0,False,Entregada,Entrega realizada en tiempo
3408,11,17,28,6,2026-04-28,09:31:00,2026-04-28,10:25:00,2026-04-28,10:25:00,1.01,44,27.99,4.97,26.23,1092.95,130.36,1223.31,0,False,Entregada,Entrega realizada en tiempo
3409,45,10,40,12,2026-04-19,17:55:00,2026-04-19,05:33:00,2026-04-20,05:33:00,3.72,55,418.48,41.97,25.01,3404.4,1049.67,4454.07,0,False,Entregada,Entrega realizada en tiempo
3410,84,40,30,38,2026-05-19,19:29:00,2026-05-19,00:00:00,2026-05-20,00:00:00,1.41,61,199.04,31.1,24.12,2124.2,750.13,2874.33,0,False,Entregada,Entrega realizada en tiempo
3411,66,17,57,29,2026-07-14,12:04:00,2026-07-14,17:18:00,2026-07-14,17:18:00,0.26,31,193.89,34.44,23.46,1743.45,807.96,2551.41,0,False,Entregada,Entrega realizada en tiempo
3412,79,9,47,38,2026-06-27,09:26:00,2026-06-27,13:57:00,2026-06-27,13:57:00,0.56,1,202.73,16.58,26.85,1577.65,445.17,2022.82,0,False,Entregada,Entrega realizada en tiempo
3413,56,12,45,30,2026-03-27,07:44:00,2026-03-27,12:52:00,2026-03-27,13:26:00,0.35,75,132.02,18.89,25.06,1795.1,473.38,2268.48,34,True,Tardía,Hora pico
3414,4,8,10,18,2026-08-04,19:18:00,2026-08-04,11:26:00,2026-08-05,12:28:00,5.35,38,418.75,44.74,23.48,3432.75,1050.5,4483.25,62,True,Tardía,"Hora pico, Distancia larga, Carga pesada"
3415,9,24,27,36,2026-07-25,15:08:00,2026-07-25,19:02:00,2026-07-25,19:02:00,3.33,17,92.71,8.69,23.96,1432.55,208.21,1640.76,0,False,Entregada,Entrega realizada en tiempo
3416,8,30,2,43,2026-04-18,13:39:00,2026-04-18,05:06:00,2026-04-19,05:06:00,3.75,33,428.85,36.84,26.47,3283.25,975.15,4258.4,0,False,Entregada,Entrega realizada en tiempo
3417,30,7,25,3,2026-02-03,08:28:00,2026-02-03,10:45:00,2026-02-03,11:19:00,1.73,39,59.2,9.7,26.84,1281.0,260.35,1541.35,34,True,Tardía,"Hora pico, Carga pesada"
3418,23,32,5,35,2026-04-16,09:18:00,2026-04-16,12:52:00,2026-04-16,12:52:00,2.26,39,152.59,13.82,26.5,1800.95,366.23,2167.18,0,False,Entregada,Entrega realizada en tiempo
3419,54,13,56,5,2026-07-24,08:08:00,2026-07-24,18:04:00,2026-07-24,19:01:00,3.74,10,287.04,23.41,26.39,2389.2,617.79,3006.99,57,True,Tardía,"Tráfico alto, Hora pico"
3420,72,32,35,49,2026-07-24,06:57:00,2026-07-24,21:28:00,2026-07-24,21:28:00,3.5,51,413.79,37.48,24.28,3326.95,910.01,4236.96,0,False,Entregada,Entrega realizada en tiempo
3421,39,23,40,33,2026-03-26,19:25:00,2026-03-26,04:19:00,2026-03-27,05:16:00,1.18,49,290.54,53.21,23.32,2462.7,1240.86,3703.56,57,True,Tardía,"Tráfico alto, Hora pico"
3422,4,11,41,36,2026-06-24,19:11:00,2026-06-24,23:05:00,2026-06-25,00:08:00,0.71,44,109.54,22.92,24.52,1470.7,562.0,2032.7,63,True,Tardía,"Tráfico alto, Hora pico"
3423,75,3,59,21,2026-08-02,11:24:00,2026-08-02,18:27:00,2026-08-02,18:27:00,1.71,76,310.22,66.57,25.42,2830.1,1692.21,4522.31,0,False,Entregada,Entrega realizada en tiempo
3424,98,20,12,35,2026-05-09,09:44:00,2026-05-09,13:18:00,2026-05-09,13:18:00,3.52,69,159.97,21.71,24.8,2203.85,538.41,2742.26,0,False,Entregada,Entrega realizada en tiempo
3425,5,22,10,3,2026-03-04,07:42:00,2026-03-04,09:59:00,2026-03-04,09:59:00,1.16,29,64.75,6.26,23.67,1171.75,148.17,1319.92,0,False,Entregada,Entrega realizada en tiempo
3426,79,35,36,30,2026-01-24,09:13:00,2026-01-24,14:21:00,2026-01-24,14:21:00,0.45,21,129.74,17.51,23.83,1361.7,417.26,1778.96,0,False,Entregada,Entrega realizada en tiempo
3427,56,25,34,28,2026-03-17,08:50:00,2026-03-17,15:51:00,2026-03-17,15:51:00,6.92,57,291.86,62.1,26.0,3107.3,1614.6,4721.9,0,False,Entregada,Entrega realizada en tiempo
3428,70,25,9,28,2026-05-19,13:11:00,2026-05-19,20:12:00,2026-05-19,20:53:00,1.33,61,302.04,64.26,26.93,2631.2,1730.52,4361.72,41,True,Tardía,Distancia larga
3429,93,16,10,1,2026-05-10,18:28:00,2026-05-10,00:47:00,2026-05-11,01:30:00,17.64,72,178.88,16.07,26.83,3734.4,431.16,4165.56,43,True,Tardía,"Hora pico, Carga pesada"
3430,1,27,12,43,2026-05-18,10:52:00,2026-05-18,02:19:00,2026-05-19,03:26:00,11.25,29,445.23,57.23,24.92,4083.15,1426.17,5509.32,67,True,Tardía,"Tráfico alto, Distancia larga"
3431,44,28,12,13,2026-06-16,08:54:00,2026-06-16,20:37:00,2026-06-16,20:37:00,4.32,58,307.7,45.12,25.86,2934.5,1166.8,4101.3,0,False,Entregada,Entrega realizada en tiempo
3432,5,4,17,22,2026-02-24,13:33:00,2026-02-24,21:12:00,2026-02-24,21:12:00,1.55,46,334.61,56.24,24.88,2696.05,1399.25,4095.3,0,False,Entregada,Entrega realizada en tiempo
3433,8,9,50,30,2026-02-26,08:10:00,2026-02-26,13:18:00,2026-02-26,13:18:00,0.46,71,134.39,10.99,26.7,1785.95,293.43,2079.38,0,False,Entregada,Entrega realizada en tiempo
3434,58,2,20,46,2026-02-11,11:02:00,2026-02-11,01:52:00,2026-02-12,01:52:00,11.58,20,433.91,87.48,24.35,3987.55,2130.14,6117.69,0,False,Entregada,Entrega realizada en tiempo
3435,53,34,39,47,2026-07-22,10:37:00,2026-07-22,22:21:00,2026-07-22,22:21:00,0.63,58,358.71,29.79,26.93,2820.55,802.24,3622.79,0,False,Entregada,Entrega realizada en tiempo
3436,84,3,19,7,2026-01-27,16:30:00,2026-01-27,20:41:00,2026-01-27,20:41:00,5.42,72,117.68,25.25,26.82,2206.4,677.21,2883.61,0,False,Entregada,Entrega realizada en tiempo
3437,47,38,27,41,2026-07-20,12:25:00,2026-07-20,19:41:00,2026-07-20,19:41:00,3.77,59,194.24,16.5,24.56,2320.2,405.24,2725.44,0,False,Entregada,Entrega realizada en tiempo
3438,44,25,39,1,2026-03-18,11:32:00,2026-03-18,17:51:00,2026-03-18,17:51:00,9.85,34,182.72,38.88,24.72,2670.6,961.11,3631.71,0,False,Entregada,Entrega realizada en tiempo
3439,96,15,14,12,2026-07-02,09:39:00,2026-07-02,21:17:00,2026-07-02,21:17:00,0.89,10,385.09,79.24,23.65,2594.45,1874.03,4468.48,0,False,Entregada,Entrega realizada en tiempo
3440,70,39,22,23,2026-05-17,17:58:00,2026-05-17,03:19:00,2026-05-18,03:52:00,4.18,57,293.93,23.72,23.96,2843.65,568.33,3411.98,33,True,Tardía,Hora pico
3441,79,17,21,38,2026-08-04,11:10:00,2026-08-04,15:41:00,2026-08-04,15:41:00,0.88,54,177.76,31.57,24.95,1908.8,787.67,2696.47,0,False,Entregada,Entrega realizada en tiempo
3442,4,36,39,21,2026-02-22,06:05:00,2026-02-22,13:08:00,2026-02-22,13:08:00,1.03,17,279.84,33.0,23.19,2138.2,765.27,2903.47,0,False,Entregada,Entrega realizada en tiempo
3443,32,37,33,2,2026-06-27,08:15:00,2026-06-27,18:10:00,2026-06-27,19:20:00,0.56,65,323.42,34.48,23.99,2693.1,827.18,3520.28,70,True,Tardía,"Tráfico alto, Hora pico, Distancia larga"
3444,55,36,40,4,2026-03-24,20:49:00,2026-03-24,23:23:00,2026-03-24,23:33:00,1.47,10,99.76,11.76,26.79,1225.8,315.05,1540.85,10,True,Tardía,Incidencia operativa
3445,47,14,14,30,2026-03-13,09:20:00,2026-03-13,14:28:00,2026-03-13,14:28:00,6.81,52,133.48,14.38,23.52,2264.4,338.22,2602.62,0,False,Entregada,Entrega realizada en tiempo
3446,84,29,32,11,2026-05-11,17:04:00,2026-05-11,19:50:00,2026-05-11,19:50:00,10.57,41,72.26,7.55,24.46,2246.3,184.67,2430.97,0,False,Entregada,Entrega realizada en tiempo
3447,56,40,24,30,2026-06-28,12:22:00,2026-06-28,17:30:00,2026-06-28,17:30:00,1.0,64,132.66,20.73,24.37,1775.3,505.19,2280.49,0,False,Entregada,Entrega realizada en tiempo
3448,73,24,24,2,2026-03-29,13:57:00,2026-03-29,23:52:00,2026-03-29,23:52:00,3.36,31,307.33,28.8,24.55,2620.65,707.04,3327.69,0,False,Entregada,Entrega realizada en tiempo
3449,73,6,29,8,2026-03-18,19:23:00,2026-03-18,22:51:00,2026-03-18,22:51:00,0.42,37,105.67,15.45,25.24,1366.35,389.96,1756.31,0,False,Entregada,Entrega realizada en tiempo
3450,80,23,11,45,2026-03-22,08:47:00,2026-03-22,11:28:00,2026-03-22,11:58:00,1.05,47,78.33,14.35,26.58,1372.65,381.42,1754.07,30,True,Tardía,Hora pico
3451,100,34,42,33,2026-02-11,07:25:00,2026-02-11,16:19:00,2026-02-11,17:35:00,6.48,41,304.66,25.3,23.37,2999.3,591.26,3590.56,76,True,Tardía,"Tráfico alto, Hora pico, Distancia larga"
3452,48,32,19,46,2026-03-17,13:09:00,2026-03-17,03:59:00,2026-03-18,03:59:00,4.43,8,406.73,36.84,23.16,3040.65,853.21,3893.86,0,False,Entregada,Entrega realizada en tiempo
3453,86,9,31,41,2026-04-09,11:29:00,2026-04-09,18:45:00,2026-04-09,19:12:00,0.29,26,195.55,15.99,23.57,1714.75,376.88,2091.63,27,True,Tardía,Incidencia operativa
3454,8,13,53,47,2026-04-03,10:11:00,2026-04-03,21:55:00,2026-04-03,21:55:00,2.66,12,363.46,29.65,25.95,2679.3,769.42,3448.72,0,False,Entregada,Entrega realizada en tiempo
3455,37,19,1,48,2026-06-29,09:37:00,2026-06-29,14:50:00,2026-06-29,14:50:00,1.57,26,174.68,17.21,24.75,1738.4,425.95,2164.35,0,False,Entregada,Entrega realizada en tiempo
3456,38,2,37,17,2026-01-24,09:51:00,2026-01-24,16:09:00,2026-01-24,16:09:00,6.82,12,174.69,35.22,26.6,2151.45,936.85,3088.3,0,False,Entregada,Entrega realizada en tiempo
3457,47,11,23,31,2026-05-27,13:37:00,2026-05-27,21:09:00,2026-05-27,21:19:00,3.43,73,196.83,41.18,24.13,2411.15,993.67,3404.82,10,True,Tardía,Incidencia operativa
3458,62,39,59,17,2026-01-23,08:51:00,2026-01-23,15:09:00,2026-01-23,15:09:00,1.63,31,170.75,13.78,24.3,1764.75,334.85,2099.6,0,False,Entregada,Entrega realizada en tiempo
3459,53,1,6,36,2026-06-02,07:50:00,2026-06-02,11:44:00,2026-06-02,12:33:00,0.94,15,94.19,9.09,26.2,1184.95,238.16,1423.11,49,True,Tardía,"Tráfico alto, Hora pico"
3460,91,24,31,5,2026-02-21,09:38:00,2026-02-21,19:34:00,2026-02-21,19:34:00,4.17,80,291.39,27.31,23.7,3013.95,647.25,3661.2,0,False,Entregada,Entrega realizada en tiempo
3461,60,28,35,27,2026-01-23,09:31:00,2026-01-23,21:14:00,2026-01-23,21:44:00,6.58,31,340.51,49.93,23.6,3108.55,1178.35,4286.9,30,True,Tardía,"Hora pico, Distancia larga"
3462,99,11,40,6,2026-08-15,09:32:00,2026-08-15,10:26:00,2026-08-15,10:26:00,3.91,11,30.91,6.47,23.16,1133.55,149.85,1283.4,0,False,Entregada,Entrega realizada en tiempo
3463,38,38,55,20,2026-05-24,06:10:00,2026-05-24,07:43:00,2026-05-24,07:43:00,3.82,80,54.85,4.66,25.41,1796.25,118.41,1914.66,0,False,Entregada,Entrega realizada en tiempo
3464,72,35,42,34,2026-07-02,07:37:00,2026-07-02,11:28:00,2026-07-02,11:28:00,0.55,49,117.36,15.84,24.21,1533.8,383.49,1917.29,0,False,Entregada,Entrega realizada en tiempo
3465,47,11,13,8,2026-07-31,08:43:00,2026-07-31,12:11:00,2026-07-31,12:11:00,4.15,74,106.55,22.29,23.14,2039.75,515.79,2555.54,0,False,Entregada,Entrega realizada en tiempo
3466,20,5,43,14,2026-02-19,13:25:00,2026-02-19,22:10:00,2026-02-19,22:10:00,2.22,72,294.83,37.04,25.78,2772.15,954.89,3727.04,0,False,Entregada,Entrega realizada en tiempo
3467,13,29,10,15,2026-07-14,16:56:00,2026-07-14,19:19:00,2026-07-14,19:19:00,11.76,52,57.14,5.97,26.97,2377.7,161.01,2538.71,0,False,Entregada,Entrega realizada en tiempo
3468,92,5,59,31,2026-01-22,05:54:00,2026-01-22,13:26:00,2026-01-22,13:26:00,8.33,28,181.32,22.78,26.61,2463.6,606.18,3069.78,0,False,Entregada,Entrega realizada en tiempo
3469,12,40,8,33,2026-07-23,18:18:00,2026-07-23,03:12:00,2026-07-24,03:47:00,0.92,5,272.82,42.63,25.89,1996.1,1103.69,3099.79,35,True,Tardía,"Tráfico alto, Hora pico"
3470,21,2,49,16,2026-03-11,11:37:00,2026-03-11,02:05:00,2026-03-12,02:05:00,7.9,48,436.76,88.06,26.83,3857.8,2362.65,6220.45,0,False,Entregada,Entrega realizada en tiempo
3471,10,17,58,34,2026-05-02,15:22:00,2026-05-02,19:13:00,2026-05-02,19:13:00,0.97,8,112.51,19.98,24.98,1223.55,499.1,1722.65,0,False,Entregada,Entrega realizada en tiempo
3472,45,10,23,46,2026-08-09,17:09:00,2026-08-09,07:59:00,2026-08-10,08:40:00,8.18,29,442.51,44.38,24.58,3762.55,1090.86,4853.41,41,True,Tardía,"Hora pico, Distancia larga"
3473,26,32,42,33,2026-07-06,07:05:00,2026-07-06,15:59:00,2026-07-06,16:58:00,4.24,8,261.09,23.65,25.45,2293.45,601.89,2895.34,59,True,Tardía,"Tráfico alto, Hora pico, Carga pesada"
3474,99,14,4,28,2026-04-13,17:01:00,2026-04-13,00:02:00,2026-04-14,00:02:00,4.02,2,266.19,28.68,25.43,2248.95,729.33,2978.28,0,False,Entregada,Entrega realizada en tiempo
3475,52,39,56,26,2026-04-12,10:55:00,2026-04-12,16:54:00,2026-04-12,16:54:00,0.59,18,173.31,13.99,23.99,1569.55,335.62,1905.17,0,False,Entregada,Entrega realizada en tiempo
3476,89,30,4,2,2026-05-07,08:47:00,2026-05-07,18:42:00,2026-05-07,18:42:00,11.2,41,287.33,24.68,23.04,3384.65,568.63,3953.28,0,False,Entregada,Entrega realizada en tiempo
3477,4,38,32,5,2026-03-12,06:35:00,2026-03-12,16:31:00,2026-03-12,17:16:00,12.21,54,307.16,26.1,23.86,3688.8,622.75,4311.55,45,True,Tardía,"Tráfico alto, Distancia larga"
3478,4,26,22,35,2026-07-19,18:18:00,2026-07-19,21:52:00,2026-07-19,21:52:00,13.45,37,141.16,20.14,25.17,2846.8,506.92,3353.72,0,False,Entregada,Entrega realizada en tiempo
3479,68,36,13,40,2026-08-13,09:15:00,2026-08-13,02:17:00,2026-08-14,03:17:00,1.69,60,440.5,51.95,23.57,3351.5,1224.46,4575.96,60,True,Tardía,"Hora pico, Distancia larga, Carga pesada"
3480,42,35,54,45,2026-02-06,14:35:00,2026-02-06,17:16:00,2026-02-06,17:16:00,0.83,44,77.04,10.4,24.42,1320.2,253.97,1574.17,0,False,Entregada,Entrega realizada en tiempo
3481,15,14,40,50,2026-01-30,16:50:00,2026-01-30,00:50:00,2026-01-31,00:50:00,0.51,4,262.45,28.28,26.68,1895.25,754.51,2649.76,0,False,Entregada,Entrega realizada en tiempo
3482,67,11,50,49,2026-03-02,16:31:00,2026-03-02,07:02:00,2026-03-03,07:02:00,2.01,70,368.81,77.16,23.82,3105.05,1837.95,4943.0,0,False,Entregada,Entrega realizada en tiempo
3483,91,32,13,26,2026-08-13,09:09:00,2026-08-13,15:08:00,2026-08-13,15:08:00,1.05,31,173.35,15.7,23.13,1719.75,363.14,2082.89,0,False,Entregada,Entrega realizada en tiempo
3484,89,16,27,17,2026-04-23,14:33:00,2026-04-23,20:51:00,2026-04-23,20:51:00,0.21,40,189.08,16.99,26.59,1786.4,451.76,2238.16,0,False,Entregada,Entrega realizada en tiempo
3485,36,34,28,48,2026-05-03,11:06:00,2026-05-03,16:19:00,2026-05-03,16:45:00,0.85,51,172.54,14.33,23.15,1855.7,331.74,2187.44,26,True,Tardía,Tráfico alto
3486,30,7,30,22,2026-03-30,09:36:00,2026-03-30,17:15:00,2026-03-30,17:15:00,0.82,57,319.65,52.4,23.15,2636.25,1213.06,3849.31,0,False,Entregada,Entrega realizada en tiempo
3487,34,23,33,20,2026-01-02,19:06:00,2026-01-02,20:39:00,2026-01-02,20:39:00,0.76,15,56.97,10.43,24.08,980.85,251.15,1232.0,0,False,Entregada,Entrega realizada en tiempo
3488,11,24,29,12,2026-05-20,08:45:00,2026-05-20,20:23:00,2026-05-20,20:23:00,6.45,40,428.37,40.15,25.81,3606.85,1036.27,4643.12,0,False,Entregada,Entrega realizada en tiempo
3489,9,5,27,35,2026-04-08,08:06:00,2026-04-08,11:40:00,2026-04-08,11:40:00,0.63,40,145.8,18.32,23.12,1612.0,423.56,2035.56,0,False,Entregada,Entrega realizada en tiempo
3490,26,25,5,6,2026-05-13,09:25:00,2026-05-13,10:19:00,2026-05-13,10:19:00,9.72,3,27.41,5.83,24.37,1633.05,142.08,1775.13,0,False,Entregada,Entrega realizada en tiempo
3491,91,18,25,23,2026-03-08,09:47:00,2026-03-08,19:08:00,2026-03-08,19:08:00,0.28,51,281.99,26.4,23.99,2345.95,633.34,2979.29,0,False,Entregada,Entrega realizada en tiempo
3492,65,17,60,50,2026-08-05,10:31:00,2026-08-05,18:31:00,2026-08-05,18:49:00,0.74,58,255.25,45.34,26.23,2314.25,1189.27,3503.52,18,True,Tardía,Incidencia operativa
3493,26,19,57,44,2026-03-11,13:17:00,2026-03-11,15:27:00,2026-03-11,15:27:00,0.6,44,60.44,5.95,24.42,1214.2,145.3,1359.5,0,False,Entregada,Entrega realizada en tiempo
3494,53,28,2,1,2026-03-01,05:54:00,2026-03-01,12:13:00,2026-03-01,12:36:00,5.75,12,176.65,25.9,25.57,2054.25,662.26,2716.51,23,True,Tardía,Incidencia operativa
3495,18,10,32,50,2026-02-08,10:33:00,2026-02-08,18:33:00,2026-02-08,18:33:00,9.47,49,254.03,25.48,24.89,3109.15,634.2,3743.35,0,False,Entregada,Entrega realizada en tiempo
3496,35,9,45,7,2026-06-16,17:47:00,2026-06-16,21:58:00,2026-06-16,21:58:00,0.38,27,133.79,10.94,25.12,1422.95,274.81,1697.76,0,False,Entregada,Entrega realizada en tiempo
3497,69,24,43,4,2026-05-29,13:53:00,2026-05-29,16:27:00,2026-05-29,17:03:00,5.67,58,109.67,10.28,24.03,2079.35,247.03,2326.38,36,True,Tardía,Carga pesada
3498,100,39,37,6,2026-04-15,14:02:00,2026-04-15,14:56:00,2026-04-15,15:12:00,0.85,70,26.35,2.13,24.65,1276.75,52.5,1329.25,16,True,Tardía,Incidencia operativa
3499,89,17,55,49,2026-07-18,05:15:00,2026-07-18,19:46:00,2026-07-18,19:46:00,0.64,36,361.77,64.26,25.51,2660.85,1639.27,4300.12,0,False,Entregada,Entrega realizada en tiempo
3500,72,18,13,48,2026-05-02,17:02:00,2026-05-02,22:15:00,2026-05-02,22:15:00,1.07,2,171.39,16.05,23.69,1479.95,380.22,1860.17,0,False,Entregada,Entrega realizada en tiempo
3501,63,37,22,46,2026-06-19,13:56:00,2026-06-19,04:46:00,2026-06-20,04:46:00,0.63,16,406.34,43.32,23.72,2722.7,1027.55,3750.25,0,False,Entregada,Entrega realizada en tiempo
3502,46,17,19,40,2026-07-11,15:27:00,2026-07-11,08:29:00,2026-07-12,08:29:00,0.76,74,423.85,75.28,23.55,3287.25,1772.84,5060.09,0,False,Entregada,Entrega realizada en tiempo
3503,11,31,54,45,2026-06-28,14:54:00,2026-06-28,17:35:00,2026-06-28,17:55:00,11.2,56,80.64,11.45,23.67,2471.2,271.02,2742.22,20,True,Tardía,Incidencia operativa
3504,1,1,8,27,2026-07-10,07:41:00,2026-07-10,19:24:00,2026-07-10,20:16:00,1.5,58,286.8,27.68,25.65,2548.0,709.99,3257.99,52,True,Tardía,"Hora pico, Carga pesada"
3505,37,21,38,12,2026-03-01,13:43:00,2026-03-01,01:21:00,2026-03-02,01:21:00,1.61,16,443.58,62.04,25.85,3006.9,1603.73,4610.63,0,False,Entregada,Entrega realizada en tiempo
3506,71,15,53,11,2026-04-19,11:58:00,2026-04-19,14:44:00,2026-04-19,14:44:00,0.47,66,76.21,15.68,25.87,1456.05,405.64,1861.69,0,False,Entregada,Entrega realizada en tiempo
3507,88,3,4,6,2026-04-24,05:29:00,2026-04-24,06:23:00,2026-04-24,06:23:00,0.56,72,31.02,6.66,23.41,1287.1,155.91,1443.01,0,False,Entregada,Entrega realizada en tiempo
3508,88,40,19,41,2026-06-17,13:28:00,2026-06-17,20:44:00,2026-06-17,20:44:00,0.9,52,187.57,29.31,25.95,1943.85,760.59,2704.44,0,False,Entregada,Entrega realizada en tiempo
3509,31,3,55,18,2026-08-12,12:35:00,2026-08-12,04:43:00,2026-08-13,05:12:00,4.33,37,390.86,83.88,25.5,3183.3,2138.94,5322.24,29,True,Tardía,Distancia larga
3510,82,16,21,46,2026-03-31,08:50:00,2026-03-31,23:40:00,2026-04-01,00:41:00,19.58,70,380.53,34.19,25.14,4920.65,859.54,5780.19,61,True,Tardía,"Hora pico, Distancia larga, Carga pesada"
3511,61,23,56,26,2026-06-18,18:36:00,2026-06-18,00:35:00,2026-06-19,01:11:00,1.23,72,166.08,30.42,24.66,2029.4,750.16,2779.56,36,True,Tardía,"Tráfico alto, Hora pico"
3512,42,25,18,41,2026-04-27,18:06:00,2026-04-27,01:22:00,2026-04-28,02:04:00,10.52,11,185.44,39.46,26.34,2567.2,1039.38,3606.58,42,True,Tardía,"Hora pico, Carga pesada"
3513,60,3,44,34,2026-07-22,11:04:00,2026-07-22,14:55:00,2026-07-22,14:55:00,6.27,1,108.78,23.34,25.31,1678.9,590.74,2269.64,0,False,Entregada,Entrega realizada en tiempo
3514,15,27,8,5,2026-03-18,15:16:00,2026-03-18,01:12:00,2026-03-19,01:12:00,9.64,33,264.1,33.95,25.6,3048.5,869.12,3917.62,0,False,Entregada,Entrega realizada en tiempo
3515,14,38,55,33,2026-03-03,06:48:00,2026-03-03,15:42:00,2026-03-03,15:42:00,3.06,74,266.17,22.61,26.2,2728.85,592.38,3321.23,0,False,Entregada,Entrega realizada en tiempo
3516,23,20,56,32,2026-02-24,19:58:00,2026-02-24,08:02:00,2026-02-25,08:02:00,9.45,70,357.37,48.49,26.06,3791.85,1263.65,5055.5,0,False,Entregada,Entrega realizada en tiempo
3517,91,12,16,32,2026-07-04,18:18:00,2026-07-04,06:22:00,2026-07-05,06:22:00,0.91,72,359.26,51.4,26.89,2963.3,1382.15,4345.45,0,False,Entregada,Entrega realizada en tiempo
3518,64,30,1,4,2026-05-01,20:35:00,2026-05-01,23:09:00,2026-05-01,23:09:00,11.18,16,114.07,9.8,24.36,2316.35,238.73,2555.08,0,False,Entregada,Entrega realizada en tiempo
3519,23,22,60,7,2026-02-10,07:48:00,2026-02-10,11:59:00,2026-02-10,11:59:00,0.89,72,119.79,11.59,25.2,1763.95,292.07,2056.02,0,False,Entregada,Entrega realizada en tiempo
3520,21,11,26,31,2026-05-27,06:39:00,2026-05-27,14:11:00,2026-05-27,14:11:00,1.15,53,181.46,37.96,24.65,1946.3,935.71,2882.01,0,False,Entregada,Entrega realizada en tiempo
3521,3,10,35,28,2026-04-03,09:35:00,2026-04-03,16:36:00,2026-04-03,16:36:00,5.14,28,285.74,28.66,25.59,2666.7,733.41,3400.11,0,False,Entregada,Entrega realizada en tiempo
3522,47,30,5,27,2026-03-20,15:48:00,2026-03-20,03:31:00,2026-03-21,03:49:00,7.0,68,340.89,29.29,26.32,3448.45,770.91,4219.36,18,True,Tardía,Distancia larga
3523,25,31,1,49,2026-07-11,05:28:00,2026-07-11,19:59:00,2026-07-11,19:59:00,10.33,6,401.05,56.97,24.95,3586.25,1421.4,5007.65,0,False,Entregada,Entrega realizada en tiempo
3524,100,4,34,41,2026-05-12,16:58:00,2026-05-12,00:14:00,2026-05-13,00:14:00,1.34,56,195.34,32.83,26.76,2058.7,878.53,2937.23,0,False,Entregada,Entrega realizada en tiempo
3525,29,11,3,32,2026-07-24,06:36:00,2026-07-24,18:40:00,2026-07-24,18:40:00,1.29,66,376.6,78.79,25.02,3040.0,1971.33,5011.33,0,False,Entregada,Entrega realizada en tiempo
3526,77,10,44,45,2026-06-27,16:31:00,2026-06-27,19:12:00,2026-06-27,19:12:00,8.86,39,87.57,8.78,26.46,2135.85,232.32,2368.17,0,False,Entregada,Entrega realizada en tiempo
3527,88,12,40,27,2026-03-30,06:54:00,2026-03-30,18:37:00,2026-03-30,18:37:00,1.37,61,304.09,43.5,25.69,2645.45,1117.52,3762.97,0,False,Entregada,Entrega realizada en tiempo
3528,35,22,26,21,2026-04-24,08:27:00,2026-04-24,15:30:00,2026-04-24,15:30:00,0.26,61,294.59,28.49,25.71,2486.95,732.48,3219.43,0,False,Entregada,Entrega realizada en tiempo
3529,12,39,33,11,2026-05-09,08:28:00,2026-05-09,11:14:00,2026-05-09,11:14:00,4.75,76,67.67,5.46,24.91,1921.35,136.01,2057.36,0,False,Entregada,Entrega realizada en tiempo
3530,45,1,55,3,2026-02-19,12:21:00,2026-02-19,14:38:00,2026-02-19,14:38:00,1.31,17,67.47,6.51,23.24,1104.35,151.29,1255.64,0,False,Entregada,Entrega realizada en tiempo
3531,56,12,26,40,2026-02-27,06:13:00,2026-02-27,23:15:00,2026-02-27,23:15:00,1.38,17,429.76,61.48,24.56,2922.8,1509.95,4432.75,0,False,Entregada,Entrega realizada en tiempo
3532,33,23,11,24,2026-04-24,10:15:00,2026-04-24,18:52:00,2026-04-24,18:52:00,1.57,2,327.64,60.01,25.86,2311.2,1551.86,3863.06,0,False,Entregada,Entrega realizada en tiempo
3533,5,30,49,50,2026-07-29,11:49:00,2026-07-29,19:49:00,2026-07-29,19:49:00,5.99,6,253.82,21.81,23.91,2416.1,521.48,2937.58,0,False,Entregada,Entrega realizada en tiempo
3534,12,28,33,22,2026-02-07,08:17:00,2026-02-07,15:56:00,2026-02-07,16:52:00,7.78,60,319.36,46.83,24.37,3354.8,1141.25,4496.05,56,True,Tardía,"Hora pico, Distancia larga, Carga pesada"
3535,72,13,31,49,2026-06-12,05:03:00,2026-06-12,19:34:00,2026-06-12,19:34:00,8.35,46,386.27,31.51,26.52,3634.35,835.65,4470.0,0,False,Entregada,Entrega realizada en tiempo
3536,52,27,39,14,2026-02-19,08:31:00,2026-02-19,17:16:00,2026-02-19,17:43:00,7.98,56,255.59,32.85,23.6,3023.95,775.26,3799.21,27,True,Tardía,Hora pico
3537,46,26,11,50,2026-07-17,19:14:00,2026-07-17,03:14:00,2026-07-18,04:06:00,13.26,60,260.23,37.12,23.71,3607.15,880.12,4487.27,52,True,Tardía,"Hora pico, Carga pesada"
3538,44,38,14,7,2026-01-10,10:51:00,2026-01-10,15:02:00,2026-01-10,15:02:00,9.56,30,113.86,9.67,26.3,2265.3,254.32,2519.62,0,False,Entregada,Entrega realizada en tiempo
3539,94,4,1,35,2026-06-27,12:09:00,2026-06-27,15:43:00,2026-06-27,15:43:00,1.61,27,137.1,23.04,26.58,1562.5,612.4,2174.9,0,False,Entregada,Entrega realizada en tiempo
3540,27,29,1,18,2026-02-20,09:14:00,2026-02-20,01:22:00,2026-02-21,01:22:00,2.35,26,428.26,44.75,25.53,3084.3,1142.47,4226.77,0,False,Entregada,Entrega realizada en tiempo
3541,69,33,14,35,2026-03-13,14:25:00,2026-03-13,17:59:00,2026-03-13,18:29:00,0.51,11,150.27,19.17,24.95,1390.35,478.29,1868.64,30,True,Tardía,Incidencia operativa
3542,71,1,18,30,2026-02-26,17:06:00,2026-02-26,22:14:00,2026-02-26,22:14:00,0.33,76,129.44,12.49,25.84,1788.2,322.74,2110.94,0,False,Entregada,Entrega realizada en tiempo
3543,81,24,49,44,2026-06-23,08:30:00,2026-06-23,10:40:00,2026-06-23,10:40:00,1.33,54,70.9,6.64,24.54,1419.5,162.95,1582.45,0,False,Entregada,Entrega realizada en tiempo
3544,3,25,19,24,2026-08-05,14:19:00,2026-08-05,22:56:00,2026-08-05,22:56:00,6.3,39,326.62,69.49,25.76,3075.1,1790.06,4865.16,0,False,Entregada,Entrega realizada en tiempo
3545,13,24,32,43,2026-06-28,20:50:00,2026-06-28,12:17:00,2026-06-29,12:17:00,2.31,29,409.43,38.37,25.67,3010.15,984.96,3995.11,0,False,Entregada,Entrega realizada en tiempo
3546,56,19,2,21,2026-02-22,08:40:00,2026-02-22,15:43:00,2026-02-22,16:43:00,7.46,58,282.8,27.86,25.12,3124.0,699.84,3823.84,60,True,Tardía,"Hora pico, Carga pesada"
3547,79,14,17,47,2026-02-03,19:35:00,2026-02-03,07:19:00,2026-02-04,07:19:00,3.24,28,345.29,37.21,25.29,2774.45,941.04,3715.49,0,False,Entregada,Entrega realizada en tiempo
3548,29,39,30,40,2026-06-05,17:58:00,2026-06-05,11:00:00,2026-06-06,11:00:00,0.41,67,483.03,38.99,25.71,3492.15,1002.43,4494.58,0,False,Entregada,Entrega realizada en tiempo
3549,11,24,2,16,2026-02-12,08:38:00,2026-02-12,23:06:00,2026-02-13,00:08:00,3.68,66,409.48,38.38,26.19,3443.4,1005.17,4448.57,62,True,Tardía,"Hora pico, Distancia larga"
3550,100,6,44,44,2026-07-06,05:08:00,2026-07-06,07:18:00,2026-07-06,07:41:00,0.28,43,60.71,8.88,24.74,1175.55,219.69,1395.24,23,True,Tardía,Incidencia operativa
3551,95,34,26,41,2026-06-21,06:25:00,2026-06-21,13:41:00,2026-06-21,14:12:00,7.54,59,201.77,16.76,24.67,2734.85,413.47,3148.32,31,True,Tardía,Carga pesada
3552,12,20,54,37,2026-05-28,20:27:00,2026-05-28,13:45:00,2026-05-29,14:29:00,3.33,32,414.32,56.22,25.9,3160.6,1456.1,4616.7,44,True,Tardía,Distancia larga
3553,12,1,15,34,2026-03-27,09:19:00,2026-03-27,13:10:00,2026-03-27,13:10:00,1.21,19,110.65,10.68,24.52,1326.25,261.87,1588.12,0,False,Entregada,Entrega realizada en tiempo
3554,20,7,21,23,2026-05-25,15:15:00,2026-05-25,00:36:00,2026-05-26,00:36:00,0.85,57,261.78,42.91,25.29,2349.9,1085.19,3435.09,0,False,Entregada,Entrega realizada en tiempo
3555,54,15,39,39,2026-03-07,13:58:00,2026-03-07,22:21:00,2026-03-07,22:21:00,0.4,77,221.25,45.52,23.8,2262.25,1083.38,3345.63,0,False,Entregada,Entrega realizada en tiempo
3556,73,23,21,48,2026-03-15,16:23:00,2026-03-15,21:36:00,2026-03-15,21:36:00,1.72,56,171.99,31.5,25.61,1979.95,806.72,2786.67,0,False,Entregada,Entrega realizada en tiempo
3557,26,5,31,4,2026-05-12,18:13:00,2026-05-12,20:47:00,2026-05-12,21:04:00,11.18,5,103.69,13.03,25.65,2176.45,334.22,2510.67,17,True,Tardía,Hora pico
3558,95,30,14,25,2026-06-21,15:14:00,2026-06-21,00:40:00,2026-06-22,00:40:00,5.89,22,326.51,28.05,24.56,2897.55,688.91,3586.46,0,False,Entregada,Entrega realizada en tiempo
3559,60,14,47,46,2026-07-31,09:10:00,2026-07-31,00:00:00,2026-08-01,00:58:00,6.12,27,415.96,44.82,25.26,3407.8,1132.15,4539.95,58,True,Tardía,"Hora pico, Distancia larga"
3560,77,5,28,43,2026-04-11,05:51:00,2026-04-11,21:18:00,2026-04-11,21:18:00,10.19,13,427.18,53.67,23.13,3758.9,1241.39,5000.29,0,False,Entregada,Entrega realizada en tiempo
3561,2,20,36,34,2026-04-21,15:46:00,2026-04-21,19:37:00,2026-04-21,19:37:00,2.48,3,100.54,13.64,23.83,1274.7,325.04,1599.74,0,False,Entregada,Entrega realizada en tiempo
3562,96,10,27,20,2026-03-19,17:49:00,2026-03-19,19:22:00,2026-03-19,19:22:00,13.33,72,55.58,5.57,25.51,2686.9,142.09,2828.99,0,False,Entregada,Entrega realizada en tiempo
3563,26,31,33,23,2026-06-07,14:40:00,2026-06-07,00:01:00,2026-06-08,00:24:00,17.83,36,263.15,37.38,26.18,3886.75,978.61,4865.36,23,True,Tardía,Incidencia operativa
3564,79,2,39,13,2026-05-07,08:58:00,2026-05-07,20:41:00,2026-05-07,21:35:00,6.97,54,317.11,63.93,23.06,3214.55,1474.23,4688.78,54,True,Tardía,"Hora pico, Distancia larga"
3565,45,32,53,16,2026-07-03,11:26:00,2026-07-03,01:54:00,2026-07-04,01:54:00,1.84,56,395.02,35.78,26.34,3107.1,942.45,4049.55,0,False,Entregada,Entrega realizada en tiempo
3566,33,32,51,14,2026-06-26,10:34:00,2026-06-26,19:19:00,2026-06-26,19:19:00,1.58,57,280.15,25.38,26.53,2514.75,673.33,3188.08,0,False,Entregada,Entrega realizada en tiempo
3567,96,21,9,33,2026-05-27,05:42:00,2026-05-27,14:36:00,2026-05-27,14:36:00,1.23,43,270.01,37.76,24.38,2317.05,920.59,3237.64,0,False,Entregada,Entrega realizada en tiempo
3568,12,36,13,29,2026-05-19,12:47:00,2026-05-19,18:01:00,2026-05-19,18:01:00,0.96,58,176.11,20.77,25.37,1940.55,526.93,2467.48,0,False,Entregada,Entrega realizada en tiempo
3569,97,35,33,16,2026-04-24,11:15:00,2026-04-24,01:43:00,2026-04-25,01:43:00,0.44,34,388.7,52.46,25.42,2759.5,1333.53,4093.03,0,False,Entregada,Entrega realizada en tiempo
3570,52,33,21,40,2026-02-24,19:02:00,2026-02-24,12:04:00,2026-02-25,12:47:00,0.88,51,430.95,54.97,23.18,3150.75,1274.2,4424.95,43,True,Tardía,"Hora pico, Distancia larga, Carga pesada"
3571,74,38,54,44,2026-04-10,11:25:00,2026-04-10,13:35:00,2026-04-10,13:35:00,3.56,78,62.16,5.28,23.66,1790.8,124.92,1915.72,0,False,Entregada,Entrega realizada en tiempo
3572,29,20,50,15,2026-04-02,11:33:00,2026-04-02,13:56:00,2026-04-02,13:56:00,1.8,52,64.7,8.78,23.71,1419.5,208.17,1627.67,0,False,Entregada,Entrega realizada en tiempo
3573,15,12,53,7,2026-06-25,14:24:00,2026-06-25,18:35:00,2026-06-25,18:35:00,0.29,5,114.67,16.4,25.02,1142.35,410.33,1552.68,0,False,Entregada,Entrega realizada en tiempo
3574,9,1,34,35,2026-01-12,09:21:00,2026-01-12,12:55:00,2026-01-12,12:55:00,1.14,40,143.25,13.83,24.16,1650.25,334.13,1984.38,0,False,Entregada,Entrega realizada en tiempo
3575,55,1,58,20,2026-05-31,06:13:00,2026-05-31,07:46:00,2026-05-31,07:46:00,1.24,62,59.63,5.76,24.77,1418.15,142.68,1560.83,0,False,Entregada,Entrega realizada en tiempo
3576,59,28,48,38,2026-02-01,07:27:00,2026-02-01,11:58:00,2026-02-01,12:26:00,2.48,11,193.53,28.38,23.18,1803.65,657.85,2461.5,28,True,Tardía,Hora pico
3577,97,16,47,37,2026-07-28,15:44:00,2026-07-28,09:02:00,2026-07-29,09:02:00,2.48,41,454.83,40.87,25.2,3350.15,1029.92,4380.07,0,False,Entregada,Entrega realizada en tiempo
3578,53,33,46,45,2026-01-18,06:02:00,2026-01-18,08:43:00,2026-01-18,09:09:00,0.53,39,80.53,10.27,25.41,1267.65,260.96,1528.61,26,True,Tardía,Incidencia operativa
3579,28,14,24,9,2026-08-05,20:26:00,2026-08-05,03:59:00,2026-08-06,04:16:00,4.53,52,209.45,22.57,25.06,2416.25,565.6,2981.85,17,True,Tardía,Incidencia operativa
3580,41,1,50,2,2026-02-12,13:50:00,2026-02-12,23:45:00,2026-02-13,00:34:00,1.66,62,313.34,30.25,23.27,2728.7,703.92,3432.62,49,True,Tardía,"Tráfico alto, Distancia larga, Carga pesada"
3581,38,23,55,30,2026-01-25,20:05:00,2026-01-25,01:13:00,2026-01-26,01:13:00,0.83,48,124.3,22.77,24.54,1588.5,558.78,2147.28,0,False,Entregada,Entrega realizada en tiempo
3582,84,6,39,19,2026-06-05,08:12:00,2026-06-05,20:53:00,2026-06-05,20:53:00,0.52,52,371.66,54.34,25.9,2826.3,1407.41,4233.71,0,False,Entregada,Entrega realizada en tiempo
3583,5,23,22,8,2026-05-28,08:42:00,2026-05-28,12:10:00,2026-05-28,12:56:00,0.78,76,107.59,19.71,25.13,1723.95,495.31,2219.26,46,True,Tardía,Hora pico
3584,11,33,28,43,2026-05-07,07:30:00,2026-05-07,22:57:00,2026-05-07,22:57:00,0.48,1,432.98,55.23,25.57,2720.9,1412.23,4133.13,0,False,Entregada,Entrega realizada en tiempo
3585,79,10,39,14,2026-07-01,09:48:00,2026-07-01,18:33:00,2026-07-01,18:33:00,7.25,72,289.1,29.0,26.82,3246.5,777.78,4024.28,0,False,Entregada,Entrega realizada en tiempo
3586,47,2,32,45,2026-01-26,16:05:00,2026-01-26,18:46:00,2026-01-26,18:46:00,10.79,20,86.08,17.35,23.88,2169.4,414.32,2583.72,0,False,Entregada,Entrega realizada en tiempo
3587,18,5,49,13,2026-03-13,14:10:00,2026-03-13,01:53:00,2026-03-14,02:17:00,6.34,18,338.29,42.5,25.66,2969.45,1090.55,4060.0,24,True,Tardía,Distancia larga
3588,28,31,56,44,2026-01-19,18:31:00,2026-01-19,20:41:00,2026-01-19,20:41:00,1.18,47,69.46,9.87,24.4,1341.3,240.83,1582.13,0,False,Entregada,Entrega realizada en tiempo
3589,20,29,17,35,2026-01-02,15:25:00,2026-01-02,18:59:00,2026-01-02,19:14:00,14.2,14,144.9,15.14,26.62,2756.5,403.03,3159.53,15,True,Tardía,Incidencia operativa
3590,95,9,47,3,2026-06-16,10:58:00,2026-06-16,13:15:00,2026-06-16,13:15:00,0.52,8,63.73,5.21,25.37,934.65,132.18,1066.83,0,False,Entregada,Entrega realizada en tiempo
3591,48,5,28,21,2026-05-06,07:10:00,2026-05-06,14:13:00,2026-05-06,14:49:00,0.43,15,315.66,39.66,25.17,2241.3,998.24,3239.54,36,True,Tardía,"Hora pico, Distancia larga"
3592,16,9,56,43,2026-07-01,10:55:00,2026-07-01,02:22:00,2026-07-02,02:22:00,0.48,79,430.41,35.19,26.7,3332.05,939.57,4271.62,0,False,Entregada,Entrega realizada en tiempo
3593,26,4,12,21,2026-04-02,19:49:00,2026-04-02,02:52:00,2026-04-03,02:52:00,0.52,64,291.4,48.97,26.66,2521.0,1305.54,3826.54,0,False,Entregada,Entrega realizada en tiempo
3594,8,28,51,10,2026-02-26,08:50:00,2026-02-26,11:15:00,2026-02-26,11:15:00,4.63,37,81.56,11.96,24.36,1666.8,291.35,1958.15,0,False,Entregada,Entrega realizada en tiempo
3595,56,36,43,45,2026-05-10,08:54:00,2026-05-10,11:35:00,2026-05-10,11:35:00,1.32,3,82.98,9.79,25.82,1070.9,252.78,1323.68,0,False,Entregada,Entrega realizada en tiempo
3596,82,7,37,49,2026-04-14,20:03:00,2026-04-14,10:34:00,2026-04-15,11:11:00,1.75,37,394.08,64.6,23.26,2941.4,1502.6,4444.0,37,True,Tardía,"Distancia larga, Carga pesada"
3597,97,4,54,14,2026-07-22,16:00:00,2026-07-22,00:45:00,2026-07-23,01:03:00,2.08,67,251.46,42.26,26.1,2501.3,1102.99,3604.29,18,True,Tardía,Incidencia operativa
3598,89,36,50,1,2026-03-06,11:47:00,2026-03-06,18:06:00,2026-03-06,18:06:00,0.86,53,181.24,21.37,26.51,1916.2,566.52,2482.72,0,False,Entregada,Entrega realizada en tiempo
3599,90,5,45,40,2026-05-08,08:16:00,2026-05-08,01:18:00,2026-05-09,01:18:00,10.67,5,487.45,61.24,25.21,4044.25,1543.86,5588.11,0,False,Entregada,Entrega realizada en tiempo
3600,31,18,28,37,2026-03-25,11:17:00,2026-03-25,04:35:00,2026-03-26,04:35:00,0.27,73,414.92,38.85,23.12,3185.6,898.21,4083.81,0,False,Entregada,Entrega realizada en tiempo
3601,52,1,38,44,2026-07-27,13:53:00,2026-07-27,16:03:00,2026-07-27,16:29:00,1.44,65,61.33,5.92,24.05,1470.65,142.38,1613.03,26,True,Tardía,Carga pesada
3602,51,28,39,36,2026-02-26,20:58:00,2026-02-26,00:52:00,2026-02-27,00:52:00,6.17,45,101.79,14.93,23.16,1985.95,345.78,2331.73,0,False,Entregada,Entrega realizada en tiempo
3603,34,10,39,18,2026-01-21,12:09:00,2026-01-21,04:17:00,2026-01-22,04:17:00,15.52,80,395.62,39.68,24.16,4670.1,958.67,5628.77,0,False,Entregada,Entrega realizada en tiempo
3604,46,30,60,42,2026-04-24,16:11:00,2026-04-24,19:22:00,2026-04-24,19:22:00,1.85,41,98.58,8.47,25.7,1505.9,217.68,1723.58,0,False,Entregada,Entrega realizada en tiempo
3605,81,35,19,30,2026-04-14,15:38:00,2026-04-14,20:46:00,2026-04-14,20:46:00,1.29,11,129.04,17.41,26.23,1362.2,456.66,1818.86,0,False,Entregada,Entrega realizada en tiempo
3606,25,3,7,26,2026-08-08,12:31:00,2026-08-08,18:30:00,2026-08-08,18:30:00,3.93,18,171.33,36.77,25.52,1893.65,938.37,2832.02,0,False,Entregada,Entrega realizada en tiempo
3607,16,31,19,44,2026-07-02,15:56:00,2026-07-02,18:06:00,2026-07-02,18:06:00,23.98,67,69.04,9.81,26.63,3779.2,261.24,4040.44,0,False,Entregada,Entrega realizada en tiempo
3608,18,25,9,39,2026-07-26,17:24:00,2026-07-26,01:47:00,2026-07-27,02:33:00,11.03,11,194.84,41.46,26.07,2665.2,1080.86,3746.06,46,True,Tardía,"Hora pico, Carga pesada"
3609,70,26,28,1,2026-07-16,09:19:00,2026-07-16,15:38:00,2026-07-16,15:38:00,1.84,77,190.96,27.24,24.08,2254.8,655.94,2910.74,0,False,Entregada,Entrega realizada en tiempo
3610,52,36,39,41,2026-07-21,16:30:00,2026-07-21,23:46:00,2026-07-22,00:07:00,1.56,6,186.9,22.04,24.51,1638.5,540.2,2178.7,21,True,Tardía,Incidencia operativa
3611,64,32,53,44,2026-03-17,06:10:00,2026-03-17,08:20:00,2026-03-17,08:20:00,1.27,9,68.43,6.2,26.29,1041.15,163.0,1204.15,0,False,Entregada,Entrega realizada en tiempo
3612,64,9,14,6,2026-07-03,08:20:00,2026-07-03,09:14:00,2026-07-03,09:45:00,0.24,19,27.78,2.27,23.61,814.9,53.59,868.49,31,True,Tardía,Hora pico
3613,96,25,54,3,2026-01-01,19:20:00,2026-01-01,21:37:00,2026-01-01,21:37:00,5.7,67,62.47,13.29,24.24,1918.35,322.15,2240.5,0,False,Entregada,Entrega realizada en tiempo
3614,50,5,29,12,2026-01-28,14:54:00,2026-01-28,02:32:00,2026-01-29,02:32:00,13.59,8,405.59,50.95,23.6,3950.95,1202.42,5153.37,0,False,Entregada,Entrega realizada en tiempo
3615,81,24,59,47,2026-02-28,13:12:00,2026-02-28,00:56:00,2026-03-01,01:48:00,4.18,12,341.17,31.97,24.49,2719.85,782.95,3502.8,52,True,Tardía,"Tráfico alto, Distancia larga"
3616,53,2,22,40,2026-08-01,10:18:00,2026-08-01,03:20:00,2026-08-02,03:20:00,9.11,20,468.28,94.41,23.51,3912.4,2219.58,6131.98,0,False,Entregada,Entrega realizada en tiempo
3617,92,8,1,39,2026-01-22,08:58:00,2026-01-22,17:21:00,2026-01-22,17:51:00,1.72,75,197.37,21.09,25.9,2258.85,546.23,2805.08,30,True,Tardía,Hora pico
3618,36,5,18,2,2026-07-26,20:59:00,2026-07-26,06:54:00,2026-07-27,06:54:00,2.39,63,290.93,36.55,24.06,2697.65,879.39,3577.04,0,False,Entregada,Entrega realizada en tiempo
3619,26,30,57,31,2026-06-01,20:09:00,2026-06-01,03:41:00,2026-06-02,03:55:00,6.58,39,211.35,18.16,23.39,2526.75,424.76,2951.51,14,True,Tardía,Incidencia operativa
3620,15,28,60,34,2026-02-07,10:05:00,2026-02-07,13:56:00,2026-02-07,13:56:00,6.46,28,115.16,16.89,26.76,1945.8,451.98,2397.78,0,False,Entregada,Entrega realizada en tiempo
3621,88,34,6,33,2026-01-28,05:02:00,2026-01-28,13:56:00,2026-01-28,13:56:00,3.08,73,276.36,22.95,26.45,2773.8,607.03,3380.83,0,False,Entregada,Entrega realizada en tiempo
3622,21,27,23,30,2026-05-13,16:51:00,2026-05-13,21:59:00,2026-05-13,21:59:00,5.49,28,123.47,15.87,24.45,1890.35,388.02,2278.37,0,False,Entregada,Entrega realizada en tiempo
3623,61,29,19,50,2026-08-11,14:55:00,2026-08-11,22:55:00,2026-08-11,22:55:00,1.87,17,256.24,26.78,26.07,2104.2,698.15,2802.35,0,False,Entregada,Entrega realizada en tiempo
3624,39,33,34,35,2026-02-06,09:47:00,2026-02-06,13:21:00,2026-02-06,13:21:00,0.95,64,138.39,17.65,23.6,1798.95,416.54,2215.49,0,False,Entregada,Entrega realizada en tiempo
3625,40,19,48,12,2026-02-02,13:12:00,2026-02-02,00:50:00,2026-02-03,01:24:00,0.55,42,439.33,43.28,25.21,3087.65,1091.09,4178.74,34,True,Tardía,Distancia larga
3626,43,3,16,17,2026-03-28,14:14:00,2026-03-28,20:32:00,2026-03-28,20:32:00,3.08,71,189.89,40.75,23.75,2325.45,967.81,3293.26,0,False,Entregada,Entrega realizada en tiempo
3627,61,11,1,17,2026-04-23,15:30:00,2026-04-23,21:48:00,2026-04-23,21:48:00,3.06,56,193.84,40.55,24.52,2223.2,994.29,3217.49,0,False,Entregada,Entrega realizada en tiempo
3628,6,35,9,35,2026-05-20,18:19:00,2026-05-20,21:53:00,2026-05-20,21:53:00,0.67,42,152.33,20.56,26.31,1664.65,540.93,2205.58,0,False,Entregada,Entrega realizada en tiempo
3629,58,6,47,43,2026-02-03,06:40:00,2026-02-03,22:07:00,2026-02-03,22:52:00,0.78,61,454.71,66.48,25.22,3339.55,1676.63,5016.18,45,True,Tardía,"Tráfico alto, Distancia larga"
3630,78,13,7,24,2026-07-18,08:25:00,2026-07-18,17:02:00,2026-07-18,18:03:00,10.02,17,296.65,24.2,26.37,3121.25,638.15,3759.4,61,True,Tardía,"Tráfico alto, Hora pico"
3631,92,6,17,17,2026-02-26,05:40:00,2026-02-26,11:58:00,2026-02-26,12:20:00,0.84,16,179.64,26.26,23.33,1610.2,612.65,2222.85,22,True,Tardía,Incidencia operativa
3632,37,23,10,38,2026-07-21,15:59:00,2026-07-21,20:30:00,2026-07-21,20:30:00,1.47,40,196.57,36.0,24.85,1949.85,894.6,2844.45,0,False,Entregada,Entrega realizada en tiempo
3633,35,14,14,5,2026-06-02,18:06:00,2026-06-02,04:02:00,2026-06-03,04:02:00,4.96,16,266.59,28.73,24.45,2456.95,702.45,3159.4,0,False,Entregada,Entrega realizada en tiempo
3634,30,16,57,18,2026-07-21,17:10:00,2026-07-21,09:18:00,2026-07-22,09:18:00,14.32,80,426.07,38.28,25.46,4702.35,974.61,5676.96,0,False,Entregada,Entrega realizada en tiempo
3635,4,6,2,49,2026-01-12,09:50:00,2026-01-12,00:21:00,2026-01-13,01:34:00,1.32,39,417.7,61.07,25.96,3032.5,1585.38,4617.88,73,True,Tardía,"Hora pico, Distancia larga, Carga pesada"
3636,70,23,53,36,2026-07-03,16:40:00,2026-07-03,20:34:00,2026-07-03,20:34:00,0.29,9,107.13,19.62,25.09,1136.65,492.27,1628.92,0,False,Entregada,Entrega realizada en tiempo
3637,12,31,33,26,2026-01-14,08:07:00,2026-01-14,14:06:00,2026-01-14,14:06:00,1.16,47,163.67,23.25,23.61,1810.35,548.93,2359.28,0,False,Entregada,Entrega realizada en tiempo
3638,78,17,14,30,2026-04-22,10:32:00,2026-04-22,15:40:00,2026-04-22,15:40:00,0.68,17,122.37,21.74,24.15,1315.85,525.02,1840.87,0,False,Entregada,Entrega realizada en tiempo
3639,6,14,14,8,2026-02-11,09:11:00,2026-02-11,12:39:00,2026-02-11,12:39:00,5.55,30,90.39,9.74,24.29,1746.95,236.58,1983.53,0,False,Entregada,Entrega realizada en tiempo
3640,72,3,60,29,2026-01-04,12:28:00,2026-01-04,17:42:00,2026-01-04,17:42:00,2.12,27,189.9,40.75,26.92,1877.5,1096.99,2974.49,0,False,Entregada,Entrega realizada en tiempo
3641,94,34,14,26,2026-05-23,17:19:00,2026-05-23,23:18:00,2026-05-23,23:18:00,6.06,59,181.24,15.05,26.43,2484.2,397.77,2881.97,0,False,Entregada,Entrega realizada en tiempo
3642,33,1,30,2,2026-02-26,15:24:00,2026-02-26,01:19:00,2026-02-27,01:19:00,1.23,53,317.09,30.61,26.93,2632.45,824.33,3456.78,0,False,Entregada,Entrega realizada en tiempo
3643,46,26,1,1,2026-06-22,17:24:00,2026-06-22,23:43:00,2026-06-23,00:19:00,5.92,18,169.29,24.15,23.48,2082.45,567.04,2649.49,36,True,Tardía,Hora pico
3644,24,35,9,8,2026-05-29,09:54:00,2026-05-29,13:22:00,2026-05-29,13:22:00,0.34,65,100.39,13.55,26.83,1555.95,363.55,1919.5,0,False,Entregada,Entrega realizada en tiempo
3645,22,31,36,17,2026-07-15,17:08:00,2026-07-15,23:26:00,2026-07-15,23:26:00,17.45,55,175.86,24.98,26.16,3564.3,653.48,4217.78,0,False,Entregada,Entrega realizada en tiempo
3646,77,14,13,1,2026-03-18,14:41:00,2026-03-18,21:00:00,2026-03-18,21:00:00,5.44,76,187.84,20.24,24.72,2591.2,500.33,3091.53,0,False,Entregada,Entrega realizada en tiempo
3647,22,3,58,26,2026-04-13,15:02:00,2026-04-13,21:01:00,2026-04-13,21:01:00,1.05,35,158.07,33.92,26.95,1675.35,914.14,2589.49,0,False,Entregada,Entrega realizada en tiempo
3648,13,12,13,17,2026-06-17,11:13:00,2026-06-17,17:31:00,2026-06-17,17:31:00,1.24,44,186.32,26.66,25.91,1907.6,690.76,2598.36,0,False,Entregada,Entrega realizada en tiempo
3649,75,36,6,8,2026-05-14,12:55:00,2026-05-14,16:23:00,2026-05-14,16:23:00,1.68,56,92.46,10.9,23.62,1578.3,257.46,1835.76,0,False,Entregada,Entrega realizada en tiempo
3650,34,12,8,2,2026-08-12,15:47:00,2026-08-12,01:42:00,2026-08-13,01:42:00,1.43,31,290.05,41.49,25.73,2341.25,1067.54,3408.79,0,False,Entregada,Entrega realizada en tiempo
3651,61,2,20,36,2026-07-01,10:50:00,2026-07-01,14:44:00,2026-07-01,15:23:00,0.39,49,110.53,22.28,23.33,1483.65,519.79,2003.44,39,True,Tardía,Tráfico alto
3652,53,22,38,23,2026-04-03,20:51:00,2026-04-03,06:12:00,2026-04-04,06:12:00,0.58,48,277.36,26.82,24.03,2328.8,644.48,2973.28,0,False,Entregada,Entrega realizada en tiempo
3653,10,40,16,32,2026-05-27,09:58:00,2026-05-27,22:02:00,2026-05-27,22:53:00,0.43,14,385.66,60.26,24.35,2583.3,1467.33,4050.63,51,True,Tardía,"Hora pico, Distancia larga"
3654,64,12,32,26,2026-04-29,16:33:00,2026-04-29,22:32:00,2026-04-29,22:32:00,1.32,64,162.16,23.2,24.46,1954.8,567.47,2522.27,0,False,Entregada,Entrega realizada en tiempo
3655,27,24,51,36,2026-04-19,07:13:00,2026-04-19,11:07:00,2026-04-19,12:01:00,4.55,40,94.97,8.9,25.34,1749.85,225.53,1975.38,54,True,Tardía,"Tráfico alto, Hora pico"
3656,29,36,2,36,2026-06-17,20:51:00,2026-06-17,00:45:00,2026-06-18,01:24:00,1.23,39,97.82,11.54,23.77,1424.1,274.31,1698.41,39,True,Tardía,Tráfico alto
3657,78,39,1,44,2026-07-27,18:54:00,2026-07-27,21:04:00,2026-07-27,21:20:00,1.97,52,62.57,5.05,23.38,1425.85,118.07,1543.92,16,True,Tardía,Hora pico
3658,11,15,40,7,2026-03-27,12:33:00,2026-03-27,16:44:00,2026-03-27,16:44:00,0.36,1,132.7,27.3,23.73,1207.5,647.83,1855.33,0,False,Entregada,Entrega realizada en tiempo
3659,26,27,17,32,2026-06-08,09:48:00,2026-06-08,21:52:00,2026-06-08,22:49:00,5.54,10,361.43,46.46,23.35,2941.15,1084.84,4025.99,57,True,Tardía,"Hora pico, Distancia larga"
3660,93,34,26,7,2026-07-24,15:49:00,2026-07-24,20:00:00,2026-07-24,20:00:00,3.88,33,119.05,9.89,25.82,1747.25,255.36,2002.61,0,False,Entregada,Entrega realizada en tiempo
3661,3,20,54,41,2026-07-24,07:21:00,2026-07-24,14:37:00,2026-07-24,15:04:00,9.53,62,212.36,28.81,24.82,3010.8,715.06,3725.86,27,True,Tardía,Hora pico
3662,74,25,30,43,2026-03-01,15:28:00,2026-03-01,06:55:00,2026-03-02,06:55:00,4.96,24,474.19,100.89,25.34,3558.95,2556.55,6115.5,0,False,Entregada,Entrega realizada en tiempo
3663,51,8,3,12,2026-07-14,09:29:00,2026-07-14,21:07:00,2026-07-14,21:07:00,3.51,24,389.89,41.65,23.89,2992.45,995.02,3987.47,0,False,Entregada,Entrega realizada en tiempo
3664,23,4,24,33,2026-07-24,15:36:00,2026-07-24,00:30:00,2026-07-25,00:30:00,1.81,73,282.19,47.43,23.63,2675.95,1120.77,3796.72,0,False,Entregada,Entrega realizada en tiempo
3665,35,24,40,31,2026-01-27,14:23:00,2026-01-27,21:55:00,2026-01-27,21:55:00,4.42,57,213.21,19.98,23.63,2464.05,472.13,2936.18,0,False,Entregada,Entrega realizada en tiempo
3666,63,30,1,8,2026-01-30,13:19:00,2026-01-30,16:47:00,2026-01-30,17:11:00,5.81,80,107.35,9.22,25.7,2257.75,236.95,2494.7,24,True,Tardía,Incidencia operativa
3667,27,12,47,27,2026-01-02,16:32:00,2026-01-02,04:15:00,2026-01-03,04:15:00,1.13,44,313.62,44.87,25.21,2533.1,1131.17,3664.27,0,False,Entregada,Entrega realizada en tiempo
3668,69,36,27,49,2026-01-17,06:59:00,2026-01-17,21:30:00,2026-01-17,21:30:00,1.2,68,373.92,44.09,25.42,3033.6,1120.77,4154.37,0,False,Entregada,Entrega realizada en tiempo
3669,26,23,33,25,2026-05-03,12:53:00,2026-05-03,22:19:00,2026-05-03,22:19:00,1.74,28,353.47,64.74,26.66,2665.35,1725.97,4391.32,0,False,Entregada,Entrega realizada en tiempo
3670,53,18,18,32,2026-01-14,09:24:00,2026-01-14,21:28:00,2026-01-14,22:28:00,0.24,26,367.31,34.39,26.54,2568.55,912.71,3481.26,60,True,Tardía,"Hora pico, Distancia larga"
3671,98,23,39,26,2026-07-26,11:47:00,2026-07-26,17:46:00,2026-07-26,17:46:00,1.18,43,153.73,28.16,25.62,1730.65,721.46,2452.11,0,False,Entregada,Entrega realizada en tiempo
3672,50,25,40,17,2026-07-29,11:28:00,2026-07-29,17:46:00,2026-07-29,17:46:00,0.46,11,176.97,37.65,26.37,1518.85,992.83,2511.68,0,False,Entregada,Entrega realizada en tiempo
3673,95,16,18,29,2026-03-06,13:41:00,2026-03-06,18:55:00,2026-03-06,18:55:00,6.72,5,184.83,16.61,23.52,2136.15,390.67,2526.82,0,False,Entregada,Entrega realizada en tiempo
3674,4,24,16,29,2026-05-07,09:38:00,2026-05-07,14:52:00,2026-05-07,14:52:00,1.9,1,175.08,16.41,24.09,1573.4,395.32,1968.72,0,False,Entregada,Entrega realizada en tiempo
3675,96,34,40,26,2026-03-22,10:41:00,2026-03-22,16:40:00,2026-03-22,17:07:00,5.85,80,168.38,13.99,24.76,2566.9,346.39,2913.29,27,True,Tardía,Tráfico alto
3676,45,18,36,3,2026-07-17,18:33:00,2026-07-17,20:50:00,2026-07-17,20:50:00,0.38,1,59.64,5.58,25.13,844.2,140.23,984.43,0,False,Entregada,Entrega realizada en tiempo
3677,26,35,24,26,2026-05-29,09:11:00,2026-05-29,15:10:00,2026-05-29,16:19:00,0.88,78,154.23,20.81,24.21,1983.15,503.81,2486.96,69,True,Tardía,"Tráfico alto, Hora pico"
3678,95,34,3,45,2026-03-12,05:30:00,2026-03-12,08:11:00,2026-03-12,08:11:00,1.41,29,77.4,6.43,23.22,1260.0,149.3,1409.3,0,False,Entregada,Entrega realizada en tiempo
3679,36,6,23,1,2026-07-04,15:13:00,2026-07-04,21:32:00,2026-07-04,21:32:00,1.22,23,196.05,28.66,25.83,1786.25,740.29,2526.54,0,False,Entregada,Entrega realizada en tiempo
3680,4,21,7,3,2026-07-25,08:26:00,2026-07-25,10:43:00,2026-07-25,10:43:00,1.37,47,64.31,8.99,26.48,1334.55,238.06,1572.61,0,False,Entregada,Entrega realizada en tiempo
3681,58,38,28,14,2026-02-21,12:59:00,2026-02-21,21:44:00,2026-02-21,21:44:00,10.09,51,270.49,22.98,25.59,3269.45,588.06,3857.51,0,False,Entregada,Entrega realizada en tiempo
3682,35,26,56,28,2026-07-10,06:15:00,2026-07-10,13:16:00,2026-07-10,13:16:00,9.51,28,253.18,36.12,26.81,2940.9,968.38,3909.28,0,False,Entregada,Entrega realizada en tiempo
3683,63,13,53,37,2026-06-08,18:16:00,2026-06-08,11:34:00,2026-06-09,12:08:00,13.77,15,475.61,38.79,26.27,4375.05,1019.01,5394.06,34,True,Tardía,"Hora pico, Distancia larga"
3684,9,4,57,6,2026-01-06,09:40:00,2026-01-06,10:34:00,2026-01-06,10:34:00,1.36,63,27.71,4.66,24.93,1278.55,116.17,1394.72,0,False,Entregada,Entrega realizada en tiempo
3685,69,8,44,39,2026-03-25,08:25:00,2026-03-25,16:48:00,2026-03-25,16:48:00,1.82,39,220.16,23.52,24.05,2094.8,565.66,2660.46,0,False,Entregada,Entrega realizada en tiempo
3686,60,31,37,41,2026-05-01,09:33:00,2026-05-01,16:49:00,2026-05-01,16:49:00,17.9,26,208.64,29.64,26.45,3541.2,783.98,4325.18,0,False,Entregada,Entrega realizada en tiempo
3687,3,28,6,17,2026-03-06,09:56:00,2026-03-06,16:14:00,2026-03-06,16:14:00,3.25,42,187.85,27.54,25.62,2100.25,705.57,2805.82,0,False,Entregada,Entrega realizada en tiempo
3688,35,31,34,38,2026-02-23,13:01:00,2026-02-23,17:32:00,2026-02-23,17:32:00,14.55,45,201.85,28.67,26.07,3324.25,747.43,4071.68,0,False,Entregada,Entrega realizada en tiempo
3689,88,12,27,3,2026-02-17,17:01:00,2026-02-17,19:18:00,2026-02-17,19:18:00,0.86,52,61.97,8.87,24.88,1311.85,220.69,1532.54,0,False,Entregada,Entrega realizada en tiempo
3690,56,31,4,31,2026-01-22,20:43:00,2026-01-22,04:15:00,2026-01-23,04:15:00,14.97,16,207.91,29.53,25.4,3164.55,750.06,3914.61,0,False,Entregada,Entrega realizada en tiempo
3691,31,26,60,7,2026-08-09,09:36:00,2026-08-09,13:47:00,2026-08-09,14:40:00,14.18,15,113.25,16.16,24.46,2604.25,395.27,2999.52,53,True,Tardía,"Hora pico, Carga pesada"
3692,83,38,34,20,2026-06-22,08:44:00,2026-06-22,10:17:00,2026-06-22,10:17:00,0.99,27,63.91,5.43,23.99,1134.55,130.27,1264.82,0,False,Entregada,Entrega realizada en tiempo
3693,53,33,29,1,2026-03-27,19:49:00,2026-03-27,02:08:00,2026-03-28,02:08:00,0.6,2,191.15,24.38,23.26,1531.75,567.08,2098.83,0,False,Entregada,Entrega realizada en tiempo
3694,6,26,55,42,2026-04-04,08:56:00,2026-04-04,12:07:00,2026-04-04,12:07:00,7.19,4,89.98,12.84,24.07,1700.9,309.06,2009.96,0,False,Entregada,Entrega realizada en tiempo
3695,64,3,30,34,2026-02-22,20:43:00,2026-02-22,00:34:00,2026-02-23,00:34:00,8.96,39,114.29,24.53,25.92,2279.45,635.82,2915.27,0,False,Entregada,Entrega realizada en tiempo
3696,66,13,52,1,2026-02-28,11:33:00,2026-02-28,17:52:00,2026-02-28,17:52:00,7.01,45,180.15,14.69,24.73,2461.75,363.28,2825.03,0,False,Entregada,Entrega realizada en tiempo
3697,43,19,45,44,2026-01-02,12:56:00,2026-01-02,15:06:00,2026-01-02,15:06:00,6.43,34,59.59,5.87,24.92,1712.95,146.28,1859.23,0,False,Entregada,Entrega realizada en tiempo
3698,66,4,40,1,2026-02-18,08:55:00,2026-02-18,15:14:00,2026-02-18,15:14:00,2.25,58,178.39,29.98,26.28,2080.95,787.87,2868.82,0,False,Entregada,Entrega realizada en tiempo
3699,32,25,52,17,2026-03-04,07:27:00,2026-03-04,13:45:00,2026-03-04,13:45:00,6.65,64,193.51,41.17,24.3,2644.55,1000.43,3644.98,0,False,Entregada,Entrega realizada en tiempo
3700,80,33,54,18,2026-03-08,11:56:00,2026-03-08,04:04:00,2026-03-09,04:04:00,0.72,6,419.1,53.46,25.64,2715.5,1370.71,4086.21,0,False,Entregada,Entrega realizada en tiempo
3701,41,38,14,2,2026-02-21,09:40:00,2026-02-21,19:35:00,2026-02-21,19:35:00,10.39,5,297.92,25.31,26.55,3068.6,671.98,3740.58,0,False,Entregada,Entrega realizada en tiempo
3702,56,1,55,46,2026-07-31,13:09:00,2026-07-31,03:59:00,2026-08-01,03:59:00,0.61,55,456.6,44.07,26.12,3284.0,1151.11,4435.11,0,False,Entregada,Entrega realizada en tiempo
3703,16,24,11,14,2026-08-02,06:57:00,2026-08-02,15:42:00,2026-08-02,15:42:00,5.07,17,279.17,26.16,25.39,2538.85,664.2,3203.05,0,False,Entregada,Entrega realizada en tiempo
3704,80,26,25,13,2026-02-26,05:38:00,2026-02-26,17:21:00,2026-02-26,17:21:00,5.35,22,291.59,41.6,24.43,2668.95,1016.29,3685.24,0,False,Entregada,Entrega realizada en tiempo
3705,52,23,17,1,2026-03-04,05:28:00,2026-03-04,11:47:00,2026-03-04,11:47:00,0.25,77,188.99,34.61,23.47,2085.95,812.3,2898.25,0,False,Entregada,Entrega realizada en tiempo
3706,46,18,52,4,2026-07-25,09:43:00,2026-07-25,12:17:00,2026-07-25,12:37:00,0.88,60,105.96,9.92,23.47,1597.8,232.82,1830.62,20,True,Tardía,Hora pico
3707,81,39,23,14,2026-01-24,20:58:00,2026-01-24,05:43:00,2026-01-25,06:09:00,7.23,42,247.53,19.98,23.8,2796.65,475.52,3272.17,26,True,Tardía,Carga pesada
3708,86,35,9,45,2026-01-10,15:59:00,2026-01-10,18:40:00,2026-01-10,18:51:00,0.62,67,80.03,10.8,24.2,1498.15,261.36,1759.51,11,True,Tardía,Incidencia operativa
3709,16,3,37,16,2026-01-15,14:19:00,2026-01-15,04:47:00,2026-01-16,05:22:00,5.3,68,392.72,84.27,26.66,3537.6,2246.64,5784.24,35,True,Tardía,Distancia larga
3710,46,29,49,32,2026-06-03,17:56:00,2026-06-03,06:00:00,2026-06-04,06:00:00,26.25,27,359.83,37.6,25.1,5140.15,943.76,6083.91,0,False,Entregada,Entrega realizada en tiempo
3711,96,10,18,46,2026-03-26,13:15:00,2026-03-26,04:05:00,2026-03-27,04:05:00,17.16,68,411.25,41.25,24.5,4816.25,1010.62,5826.87,0,False,Entregada,Entrega realizada en tiempo
3712,11,35,11,32,2026-02-07,09:48:00,2026-02-07,21:52:00,2026-02-07,21:52:00,1.33,66,383.77,51.79,24.75,3079.85,1281.8,4361.65,0,False,Entregada,Entrega realizada en tiempo
3713,36,9,38,23,2026-08-11,08:32:00,2026-08-11,17:53:00,2026-08-11,18:45:00,0.79,44,243.44,19.91,24.87,2148.2,495.16,2643.36,52,True,Tardía,"Hora pico, Carga pesada"
3714,54,34,51,34,2026-06-19,07:21:00,2026-06-19,11:12:00,2026-06-19,11:12:00,6.33,44,117.53,9.76,23.97,2072.65,233.95,2306.6,0,False,Entregada,Entrega realizada en tiempo
3715,66,8,37,28,2026-07-06,13:54:00,2026-07-06,20:55:00,2026-07-06,20:55:00,1.02,39,256.23,27.38,25.01,2195.15,684.77,2879.92,0,False,Entregada,Entrega realizada en tiempo
3716,50,7,44,22,2026-01-04,12:32:00,2026-01-04,20:11:00,2026-01-04,20:11:00,0.89,71,347.06,56.9,25.96,2892.3,1477.12,4369.42,0,False,Entregada,Entrega realizada en tiempo
3717,92,21,48,2,2026-05-11,08:41:00,2026-05-11,18:36:00,2026-05-11,19:33:00,1.04,33,308.65,43.17,23.11,2411.25,997.66,3408.91,57,True,Tardía,"Tráfico alto, Hora pico, Distancia larga"
3718,53,39,60,24,2026-03-30,14:38:00,2026-03-30,23:15:00,2026-03-30,23:15:00,1.38,27,285.37,23.03,24.33,2280.85,560.32,2841.17,0,False,Entregada,Entrega realizada en tiempo
3719,66,5,55,4,2026-05-10,08:42:00,2026-05-10,11:16:00,2026-05-10,11:16:00,15.09,20,96.94,12.18,26.1,2653.7,317.9,2971.6,0,False,Entregada,Entrega realizada en tiempo
3720,39,29,50,29,2026-06-10,18:59:00,2026-06-10,00:13:00,2026-06-11,00:13:00,17.51,64,201.8,21.09,25.3,3772.0,533.58,4305.58,0,False,Entregada,Entrega realizada en tiempo
3721,24,24,19,46,2026-01-31,08:13:00,2026-01-31,23:03:00,2026-01-31,23:03:00,1.55,66,430.27,40.33,26.41,3334.35,1065.12,4399.47,0,False,Entregada,Entrega realizada en tiempo
3722,95,38,52,16,2026-05-04,18:39:00,2026-05-04,09:07:00,2026-05-05,09:47:00,1.36,5,435.99,37.04,26.57,2855.95,984.15,3840.1,40,True,Tardía,"Hora pico, Distancia larga"
3723,77,19,36,20,2026-05-26,16:29:00,2026-05-26,18:02:00,2026-05-26,18:02:00,1.42,34,61.64,6.07,26.38,1222.2,160.13,1382.33,0,False,Entregada,Entrega realizada en tiempo
3724,14,28,28,9,2026-02-20,13:50:00,2026-02-20,21:23:00,2026-02-20,21:23:00,2.89,54,194.25,28.48,24.95,2192.25,710.58,2902.83,0,False,Entregada,Entrega realizada en tiempo
3725,20,22,24,38,2026-02-26,13:57:00,2026-02-26,18:28:00,2026-02-26,18:28:00,1.0,4,176.35,17.06,26.11,1513.75,445.44,1959.19,0,False,Entregada,Entrega realizada en tiempo
3726,56,29,17,40,2026-07-07,05:24:00,2026-07-07,22:26:00,2026-07-07,22:49:00,20.45,39,438.93,45.87,24.96,5051.65,1144.92,6196.57,23,True,Tardía,Distancia larga
3727,87,31,26,24,2026-02-20,07:18:00,2026-02-20,15:55:00,2026-02-20,15:55:00,17.13,48,294.83,41.88,25.77,4071.15,1079.25,5150.4,0,False,Entregada,Entrega realizada en tiempo
3728,26,18,7,32,2026-06-13,06:03:00,2026-06-13,18:07:00,2026-06-13,18:07:00,0.81,44,352.96,33.05,24.46,2697.8,808.4,3506.2,0,False,Entregada,Entrega realizada en tiempo
3729,72,16,51,19,2026-04-01,14:39:00,2026-04-01,03:20:00,2026-04-02,03:20:00,8.53,44,355.15,31.91,24.45,3480.75,780.2,4260.95,0,False,Entregada,Entrega realizada en tiempo
3730,56,12,8,28,2026-05-23,09:13:00,2026-05-23,16:14:00,2026-05-23,16:14:00,1.13,48,265.01,37.91,26.71,2322.05,1012.58,3334.63,0,False,Entregada,Entrega realizada en tiempo
3731,62,27,27,33,2026-01-14,20:52:00,2026-01-14,05:46:00,2026-01-15,06:27:00,12.04,79,302.48,38.88,25.01,3848.4,972.39,4820.79,41,True,Tardía,"Tráfico alto, Distancia larga, Carga pesada"
3732,98,4,19,13,2026-01-21,18:05:00,2026-01-21,05:48:00,2026-01-22,05:48:00,0.66,48,325.9,54.77,25.72,2579.5,1408.68,3988.18,0,False,Entregada,Entrega realizada en tiempo
3733,72,21,50,11,2026-01-24,17:37:00,2026-01-24,20:23:00,2026-01-24,20:23:00,0.34,30,70.74,9.89,25.22,1127.7,249.43,1377.13,0,False,Entregada,Entrega realizada en tiempo
3734,6,40,44,16,2026-08-11,07:42:00,2026-08-11,22:10:00,2026-08-11,23:15:00,1.15,54,440.52,68.83,25.58,3249.6,1760.67,5010.27,65,True,Tardía,"Hora pico, Distancia larga"
3735,4,6,3,24,2026-04-06,20:12:00,2026-04-06,04:49:00,2026-04-07,05:34:00,0.98,77,302.29,44.19,23.69,2725.45,1046.86,3772.31,45,True,Tardía,"Tráfico alto, Distancia larga"
3736,21,26,19,4,2026-01-09,09:43:00,2026-01-09,12:17:00,2026-01-09,12:17:00,5.68,31,97.25,13.87,26.76,1802.25,371.16,2173.41,0,False,Entregada,Entrega realizada en tiempo
3737,56,16,32,38,2026-01-11,09:58:00,2026-01-11,14:29:00,2026-01-11,14:29:00,14.28,1,188.27,16.92,26.56,2877.35,449.4,3326.75,0,False,Entregada,Entrega realizada en tiempo
3738,70,36,41,29,2026-05-13,09:41:00,2026-05-13,14:55:00,2026-05-13,14:55:00,1.37,9,178.08,21.0,25.46,1599.4,534.66,2134.06,0,False,Entregada,Entrega realizada en tiempo
3739,68,20,19,29,2026-05-14,08:48:00,2026-05-14,14:02:00,2026-05-14,14:02:00,4.27,53,181.12,24.58,24.73,2256.6,607.86,2864.46,0,False,Entregada,Entrega realizada en tiempo
3740,32,18,57,9,2026-07-09,05:34:00,2026-07-09,13:07:00,2026-07-09,13:07:00,0.22,30,189.69,17.76,25.8,1710.45,458.21,2168.66,0,False,Entregada,Entrega realizada en tiempo
3741,24,19,12,48,2026-07-16,15:27:00,2026-07-16,20:40:00,2026-07-16,20:40:00,6.17,38,197.18,19.43,23.6,2406.9,458.55,2865.45,0,False,Entregada,Entrega realizada en tiempo
3742,53,20,18,2,2026-03-07,17:41:00,2026-03-07,03:36:00,2026-03-08,04:58:00,6.69,72,304.44,41.31,24.63,3267.2,1017.47,4284.67,82,True,Tardía,"Tráfico alto, Hora pico, Distancia larga"
3743,57,39,51,42,2026-03-25,19:05:00,2026-03-25,22:16:00,2026-03-25,22:16:00,0.46,71,104.57,8.44,26.3,1636.85,221.97,1858.82,0,False,Entregada,Entrega realizada en tiempo
3744,39,18,40,37,2026-02-13,12:24:00,2026-02-13,05:42:00,2026-02-14,05:42:00,0.21,68,489.96,45.88,23.35,3514.8,1071.3,4586.1,0,False,Entregada,Entrega realizada en tiempo
3745,33,25,53,40,2026-02-25,13:15:00,2026-02-25,06:17:00,2026-02-26,06:17:00,5.52,12,442.35,94.12,24.32,3359.75,2289.0,5648.75,0,False,Entregada,Entrega realizada en tiempo
3746,56,26,20,42,2026-02-06,09:39:00,2026-02-06,12:50:00,2026-02-06,14:05:00,13.6,36,88.69,12.65,26.04,2591.45,329.41,2920.86,75,True,Tardía,"Tráfico alto, Hora pico, Carga pesada"
3747,72,37,52,25,2026-03-10,15:24:00,2026-03-10,00:50:00,2026-03-11,00:50:00,0.71,54,345.74,36.86,26.23,2731.7,966.84,3698.54,0,False,Entregada,Entrega realizada en tiempo
3748,9,8,43,35,2026-02-16,08:36:00,2026-02-16,12:10:00,2026-02-16,13:05:00,1.48,19,145.76,15.57,26.9,1528.8,418.83,1947.63,55,True,Tardía,Hora pico
3749,83,9,18,25,2026-05-24,18:08:00,2026-05-24,03:34:00,2026-05-25,03:34:00,0.61,24,357.37,29.22,23.91,2539.85,698.65,3238.5,0,False,Entregada,Entrega realizada en tiempo
3750,27,15,32,46,2026-05-23,11:03:00,2026-05-23,01:53:00,2026-05-24,01:53:00,0.2,50,451.84,92.97,23.26,3179.2,2162.48,5341.68,0,False,Entregada,Entrega realizada en tiempo
3751,66,27,32,20,2026-06-30,19:20:00,2026-06-30,20:53:00,2026-06-30,20:53:00,2.41,64,56.0,7.2,23.21,1533.0,167.11,1700.11,0,False,Entregada,Entrega realizada en tiempo
3752,34,22,21,38,2026-04-09,13:43:00,2026-04-09,18:14:00,2026-04-09,18:14:00,0.55,58,171.57,16.59,25.61,1876.85,424.87,2301.72,0,False,Entregada,Entrega realizada en tiempo
3753,86,24,53,30,2026-05-09,15:35:00,2026-05-09,20:43:00,2026-05-09,21:04:00,1.0,1,143.32,13.43,24.35,1324.6,327.02,1651.62,21,True,Tardía,Incidencia operativa
3754,95,9,59,26,2026-06-13,18:41:00,2026-06-13,00:40:00,2026-06-14,01:40:00,0.4,55,155.61,12.72,23.86,1758.05,303.5,2061.55,60,True,Tardía,"Tráfico alto, Hora pico"
3755,54,15,11,30,2026-01-10,14:26:00,2026-01-10,19:34:00,2026-01-10,19:34:00,0.3,14,136.65,28.12,24.74,1325.25,695.69,2020.94,0,False,Entregada,Entrega realizada en tiempo
3756,25,17,52,17,2026-02-15,06:03:00,2026-02-15,12:21:00,2026-02-15,12:58:00,0.95,38,170.4,30.27,24.77,1751.0,749.79,2500.79,37,True,Tardía,Carga pesada
3757,59,7,56,24,2026-02-05,06:15:00,2026-02-05,14:52:00,2026-02-05,15:32:00,0.23,42,298.72,48.97,25.29,2352.6,1238.45,3591.05,40,True,Tardía,Tráfico alto
3758,68,23,43,43,2026-01-06,13:26:00,2026-01-06,04:53:00,2026-01-07,04:53:00,0.29,48,410.16,75.12,23.94,2963.8,1798.37,4762.17,0,False,Entregada,Entrega realizada en tiempo
3759,41,36,21,4,2026-05-20,07:40:00,2026-05-20,10:14:00,2026-05-20,10:14:00,0.91,34,99.8,11.77,26.65,1362.0,313.67,1675.67,0,False,Entregada,Entrega realizada en tiempo
3760,24,37,33,31,2026-04-19,16:45:00,2026-04-19,00:17:00,2026-04-20,00:42:00,0.66,27,189.16,20.17,25.69,1727.8,518.17,2245.97,25,True,Tardía,Incidencia operativa
3761,89,4,50,18,2026-02-02,09:13:00,2026-02-02,01:21:00,2026-02-03,02:08:00,2.39,71,458.99,77.14,23.17,3601.95,1787.33,5389.28,47,True,Tardía,"Hora pico, Distancia larga, Carga pesada"
3762,47,10,9,39,2026-01-21,19:17:00,2026-01-21,03:40:00,2026-01-22,03:40:00,10.62,45,208.38,20.9,26.35,2963.9,550.72,3514.62,0,False,Entregada,Entrega realizada en tiempo
3763,100,19,38,50,2026-04-15,14:39:00,2026-04-15,22:39:00,2026-04-15,22:53:00,3.03,77,247.65,24.4,24.89,2657.25,607.32,3264.57,14,True,Tardía,Incidencia operativa
3764,91,12,23,40,2026-06-08,16:06:00,2026-06-08,09:08:00,2026-06-09,09:08:00,1.11,15,451.88,64.65,23.86,2990.4,1542.55,4532.95,0,False,Entregada,Entrega realizada en tiempo
3765,65,13,3,20,2026-08-11,05:40:00,2026-08-11,07:13:00,2026-08-11,07:13:00,18.91,62,63.98,5.22,26.59,3206.9,138.8,3345.7,0,False,Entregada,Entrega realizada en tiempo
3766,93,24,8,15,2026-01-11,16:04:00,2026-01-11,18:27:00,2026-01-11,18:27:00,2.38,2,63.76,5.98,23.61,1072.8,141.19,1213.99,0,False,Entregada,Entrega realizada en tiempo
3767,18,7,26,36,2026-05-31,17:18:00,2026-05-31,21:12:00,2026-05-31,21:12:00,0.35,44,95.21,15.61,23.8,1363.05,371.52,1734.57,0,False,Entregada,Entrega realizada en tiempo
3768,59,8,19,29,2026-03-03,08:02:00,2026-03-03,13:16:00,2026-03-03,13:16:00,2.62,37,176.56,18.86,25.44,1940.8,479.8,2420.6,0,False,Entregada,Entrega realizada en tiempo
3769,57,19,16,6,2026-02-15,16:27:00,2026-02-15,17:21:00,2026-02-15,17:21:00,6.72,53,26.63,2.62,26.42,1729.15,69.22,1798.37,0,False,Entregada,Entrega realizada en tiempo
3770,23,15,13,26,2026-01-23,16:22:00,2026-01-23,22:21:00,2026-01-23,22:21:00,0.62,44,171.3,35.25,24.67,1770.5,869.62,2640.12,0,False,Entregada,Entrega realizada en tiempo
3771,19,17,30,21,2026-03-26,13:09:00,2026-03-26,20:12:00,2026-03-26,20:12:00,0.81,54,288.23,51.2,23.56,2454.15,1206.27,3660.42,0,False,Entregada,Entrega realizada en tiempo
3772,7,16,26,41,2026-05-02,06:09:00,2026-05-02,13:25:00,2026-05-02,13:25:00,17.22,59,197.41,17.74,23.45,3681.05,416.0,4097.05,0,False,Entregada,Entrega realizada en tiempo
3773,1,23,58,48,2026-08-05,16:35:00,2026-08-05,21:48:00,2026-08-05,22:26:00,0.89,63,168.2,30.81,24.28,1934.0,748.07,2682.07,38,True,Tardía,Tráfico alto
3774,10,5,12,6,2026-06-28,19:05:00,2026-06-28,19:59:00,2026-06-28,19:59:00,8.74,50,30.23,3.8,25.75,1925.15,97.85,2023.0,0,False,Entregada,Entrega realizada en tiempo
3775,26,12,16,24,2026-07-24,09:36:00,2026-07-24,18:13:00,2026-07-24,18:13:00,0.96,30,335.31,47.97,26.68,2512.55,1279.84,3792.39,0,False,Entregada,Entrega realizada en tiempo
3776,3,24,18,34,2026-03-14,13:05:00,2026-03-14,16:56:00,2026-03-14,16:56:00,3.41,54,101.22,9.49,26.27,1779.1,249.3,2028.4,0,False,Entregada,Entrega realizada en tiempo
3777,57,38,19,13,2026-02-07,08:45:00,2026-02-07,20:28:00,2026-02-07,21:05:00,0.4,68,307.02,26.08,24.58,2619.1,641.05,3260.15,37,True,Tardía,"Hora pico, Distancia larga"
3778,34,27,48,34,2026-07-20,13:40:00,2026-07-20,17:31:00,2026-07-20,17:31:00,9.58,43,115.18,14.8,25.29,2377.9,374.29,2752.19,0,False,Entregada,Entrega realizada en tiempo
3779,19,3,20,5,2026-08-08,07:20:00,2026-08-08,17:16:00,2026-08-08,17:16:00,3.57,40,287.55,61.71,23.13,2614.75,1427.35,4042.1,0,False,Entregada,Entrega realizada en tiempo
3780,41,7,4,39,2026-02-26,09:18:00,2026-02-26,17:41:00,2026-02-26,17:41:00,0.88,51,210.67,34.54,25.89,2049.35,894.24,2943.59,0,False,Entregada,Entrega realizada en tiempo
3781,29,27,13,49,2026-03-02,05:20:00,2026-03-02,19:51:00,2026-03-02,19:51:00,3.31,62,359.98,46.27,24.47,3126.9,1132.23,4259.13,0,False,Entregada,Entrega realizada en tiempo
3782,39,13,30,45,2026-08-11,06:00:00,2026-08-11,08:41:00,2026-08-11,08:41:00,4.5,74,77.12,6.29,26.6,1927.6,167.31,2094.91,0,False,Entregada,Entrega realizada en tiempo
3783,16,26,50,17,2026-03-01,17:59:00,2026-03-01,00:17:00,2026-03-02,00:56:00,3.07,58,161.97,23.11,23.38,2080.85,540.31,2621.16,39,True,Tardía,Hora pico
3784,60,1,54,48,2026-03-11,17:03:00,2026-03-11,22:16:00,2026-03-11,22:16:00,1.12,15,176.9,17.08,24.36,1616.5,416.07,2032.57,0,False,Entregada,Entrega realizada en tiempo
3785,90,40,11,36,2026-06-24,10:55:00,2026-06-24,14:49:00,2026-06-24,14:49:00,1.49,28,95.08,14.86,25.51,1348.4,379.08,1727.48,0,False,Entregada,Entrega realizada en tiempo
3786,73,31,6,29,2026-06-14,20:23:00,2026-06-14,01:37:00,2026-06-15,01:37:00,9.04,49,181.96,25.85,24.82,2705.8,641.6,3347.4,0,False,Entregada,Entrega realizada en tiempo
3787,78,29,24,3,2026-04-01,08:31:00,2026-04-01,10:48:00,2026-04-01,10:48:00,0.43,31,65.75,6.87,26.1,1119.75,179.31,1299.06,0,False,Entregada,Entrega realizada en tiempo
3788,31,2,49,45,2026-01-18,06:43:00,2026-01-18,09:24:00,2026-01-18,09:24:00,0.72,45,91.32,18.41,26.57,1388.6,489.15,1877.75,0,False,Entregada,Entrega realizada en tiempo
3789,76,6,50,25,2026-06-05,20:12:00,2026-06-05,05:38:00,2026-06-06,05:38:00,1.32,32,344.87,50.42,23.29,2612.35,1174.28,3786.63,0,False,Entregada,Entrega realizada en tiempo
3790,76,14,57,25,2026-03-15,18:01:00,2026-03-15,03:27:00,2026-03-16,03:27:00,4.1,67,352.59,37.99,26.27,3208.95,998.0,4206.95,0,False,Entregada,Entrega realizada en tiempo
3791,93,20,3,25,2026-03-31,12:59:00,2026-03-31,22:25:00,2026-03-31,22:25:00,5.05,46,352.16,47.78,26.92,3133.8,1286.24,4420.04,0,False,Entregada,Entrega realizada en tiempo
3792,43,37,13,24,2026-04-30,05:42:00,2026-04-30,14:19:00,2026-04-30,14:19:00,0.24,64,288.57,30.76,26.96,2478.85,829.29,3308.14,0,False,Entregada,Entrega realizada en tiempo
3793,48,1,37,17,2026-04-11,09:55:00,2026-04-11,16:13:00,2026-04-11,16:13:00,0.87,2,180.36,17.41,26.52,1504.8,461.71,1966.51,0,False,Entregada,Entrega realizada en tiempo
3794,42,28,10,42,2026-07-04,09:28:00,2026-07-04,12:39:00,2026-07-04,12:39:00,8.12,15,90.18,13.22,26.28,1882.9,347.42,2230.32,0,False,Entregada,Entrega realizada en tiempo
3795,53,2,49,9,2026-08-01,15:50:00,2026-08-01,23:23:00,2026-08-01,23:46:00,13.59,9,184.81,37.26,25.05,2855.05,933.36,3788.41,23,True,Tardía,Incidencia operativa
3796,3,8,2,39,2026-08-15,10:27:00,2026-08-15,18:50:00,2026-08-15,18:50:00,2.51,1,206.84,22.1,23.27,1793.2,514.27,2307.47,0,False,Entregada,Entrega realizada en tiempo
3797,36,37,1,36,2026-01-18,17:03:00,2026-01-18,20:57:00,2026-01-18,20:57:00,0.55,7,94.25,10.05,26.98,1082.25,271.15,1353.4,0,False,Entregada,Entrega realizada en tiempo
3798,64,26,43,11,2026-05-16,05:22:00,2026-05-16,08:08:00,2026-05-16,08:08:00,7.5,68,76.38,10.9,26.29,2175.9,286.56,2462.46,0,False,Entregada,Entrega realizada en tiempo
3799,64,4,6,18,2026-06-21,17:08:00,2026-06-21,09:16:00,2026-06-22,09:16:00,1.23,50,425.29,71.48,26.52,3149.45,1895.65,5045.1,0,False,Entregada,Entrega realizada en tiempo
3800,13,7,37,22,2026-04-20,15:19:00,2026-04-20,22:58:00,2026-04-20,23:50:00,1.57,56,333.16,54.62,25.54,2770.8,1394.99,4165.79,52,True,Tardía,"Distancia larga, Carga pesada"
3801,77,24,25,45,2026-07-24,08:37:00,2026-07-24,11:18:00,2026-07-24,11:47:00,3.38,22,80.36,7.53,26.88,1415.8,202.41,1618.21,29,True,Tardía,Hora pico
3802,48,26,16,47,2026-08-02,17:51:00,2026-08-02,05:35:00,2026-08-03,05:35:00,13.03,37,340.63,48.59,26.13,3802.15,1269.66,5071.81,0,False,Entregada,Entrega realizada en tiempo
3803,79,12,23,3,2026-01-13,18:22:00,2026-01-13,20:39:00,2026-01-13,20:39:00,0.48,14,59.04,8.45,25.99,955.2,219.62,1174.82,0,False,Entregada,Entrega realizada en tiempo
3804,93,34,27,41,2026-05-02,09:23:00,2026-05-02,16:39:00,2026-05-02,17:01:00,6.78,70,177.95,14.78,24.96,2627.75,368.91,2996.66,22,True,Tardía,Hora pico
3805,64,17,33,29,2026-03-14,18:28:00,2026-03-14,23:42:00,2026-03-15,00:50:00,1.08,78,173.86,30.88,25.71,2101.3,793.92,2895.22,68,True,Tardía,"Hora pico, Carga pesada"
3806,43,36,20,14,2026-05-18,10:23:00,2026-05-18,19:08:00,2026-05-18,19:08:00,1.52,50,266.23,31.4,25.36,2383.15,796.3,3179.45,0,False,Entregada,Entrega realizada en tiempo
3807,97,8,12,23,2026-02-07,06:53:00,2026-02-07,16:14:00,2026-02-07,16:14:00,3.08,11,288.24,30.79,23.25,2337.2,715.87,3053.07,0,False,Entregada,Entrega realizada en tiempo
3808,49,17,28,41,2026-05-28,08:09:00,2026-05-28,15:25:00,2026-05-28,15:25:00,0.56,49,196.26,34.86,23.45,1929.3,817.47,2746.77,0,False,Entregada,Entrega realizada en tiempo
3809,12,37,27,38,2026-05-28,09:13:00,2026-05-28,13:44:00,2026-05-28,13:44:00,0.24,48,170.3,18.16,23.15,1759.5,420.4,2179.9,0,False,Entregada,Entrega realizada en tiempo
3810,81,5,16,49,2026-05-23,18:35:00,2026-05-23,09:06:00,2026-05-24,10:02:00,4.7,28,400.07,50.26,25.06,3194.35,1259.52,4453.87,56,True,Tardía,"Hora pico, Distancia larga"
3811,95,31,24,15,2026-03-02,13:53:00,2026-03-02,16:16:00,2026-03-02,16:16:00,3.3,43,58.39,8.29,25.76,1465.95,213.55,1679.5,0,False,Entregada,Entrega realizada en tiempo
3812,7,9,39,44,2026-03-12,20:31:00,2026-03-12,22:41:00,2026-03-12,22:41:00,0.46,33,66.71,5.45,23.5,1143.55,128.08,1271.63,0,False,Entregada,Entrega realizada en tiempo
3813,24,36,11,26,2026-06-01,09:18:00,2026-06-01,15:17:00,2026-06-01,16:12:00,1.38,48,157.63,18.59,26.2,1810.15,487.06,2297.21,55,True,Tardía,"Tráfico alto, Hora pico"
3814,18,38,15,6,2026-04-23,17:32:00,2026-04-23,18:26:00,2026-04-23,18:26:00,1.38,56,30.88,2.62,26.73,1240.4,70.03,1310.43,0,False,Entregada,Entrega realizada en tiempo
3815,32,37,42,18,2026-06-25,17:23:00,2026-06-25,09:31:00,2026-06-26,10:36:00,0.43,8,454.72,48.48,26.12,2880.6,1266.3,4146.9,65,True,Tardía,"Hora pico, Distancia larga"
3816,73,6,30,20,2026-02-22,07:58:00,2026-02-22,09:31:00,2026-02-22,09:31:00,1.28,17,62.05,9.07,23.85,1074.25,216.32,1290.57,0,False,Entregada,Entrega realizada en tiempo
3817,83,21,14,23,2026-03-05,19:59:00,2026-03-05,05:20:00,2026-03-06,06:00:00,0.46,10,285.23,39.89,24.41,2052.15,973.71,3025.86,40,True,Tardía,Hora pico
3818,76,10,58,30,2026-02-10,06:39:00,2026-02-10,11:47:00,2026-02-10,11:47:00,14.35,35,133.58,13.4,25.93,2882.9,347.46,3230.36,0,False,Entregada,Entrega realizada en tiempo
3819,25,25,38,45,2026-08-07,14:28:00,2026-08-07,17:09:00,2026-08-07,17:09:00,3.87,46,80.44,17.11,23.75,1657.2,406.36,2063.56,0,False,Entregada,Entrega realizada en tiempo
3820,79,17,13,13,2026-05-28,08:26:00,2026-05-28,20:09:00,2026-05-28,20:53:00,0.31,69,319.57,56.76,24.3,2680.85,1379.27,4060.12,44,True,Tardía,"Hora pico, Distancia larga"
3821,52,37,49,18,2026-02-28,11:17:00,2026-02-28,03:25:00,2026-03-01,03:42:00,0.72,14,414.63,44.2,24.2,2757.15,1069.64,3826.79,17,True,Tardía,Distancia larga
3822,63,38,31,17,2026-06-09,09:22:00,2026-06-09,15:40:00,2026-06-09,15:40:00,7.23,36,174.02,14.79,23.6,2381.1,349.04,2730.14,0,False,Entregada,Entrega realizada en tiempo
3823,1,7,55,34,2026-07-24,07:32:00,2026-07-24,11:23:00,2026-07-24,11:23:00,1.23,70,117.49,19.26,25.46,1770.45,490.36,2260.81,0,False,Entregada,Entrega realizada en tiempo
3824,79,40,42,8,2026-02-24,08:48:00,2026-02-24,12:16:00,2026-02-24,12:55:00,0.42,76,97.48,15.23,23.84,1637.4,363.08,2000.48,39,True,Tardía,Hora pico
3825,40,33,57,41,2026-01-20,08:05:00,2026-01-20,15:21:00,2026-01-20,15:21:00,0.31,42,199.51,25.45,23.15,1864.55,589.17,2453.72,0,False,Entregada,Entrega realizada en tiempo
3826,25,20,30,24,2026-04-12,06:41:00,2026-04-12,15:18:00,2026-04-12,15:18:00,9.33,12,341.3,46.31,26.35,3235.5,1220.27,4455.77,0,False,Entregada,Entrega realizada en tiempo
3827,37,11,25,12,2026-03-19,13:58:00,2026-03-19,01:36:00,2026-03-20,01:56:00,1.33,42,452.89,94.75,26.65,3233.45,2525.09,5758.54,20,True,Tardía,Distancia larga
3828,16,15,22,46,2026-03-06,15:39:00,2026-03-06,06:29:00,2026-03-07,07:00:00,0.26,22,425.32,87.51,23.02,2828.6,2014.48,4843.08,31,True,Tardía,Distancia larga
3829,11,29,16,43,2026-03-17,10:17:00,2026-03-17,01:44:00,2026-03-18,02:39:00,1.76,50,476.96,49.84,26.33,3460.8,1312.29,4773.09,55,True,Tardía,"Tráfico alto, Distancia larga"
3830,34,31,44,4,2026-07-04,06:26:00,2026-07-04,09:00:00,2026-07-04,09:00:00,13.74,7,108.6,15.43,24.0,2473.0,370.32,2843.32,0,False,Entregada,Entrega realizada en tiempo
3831,74,34,55,5,2026-01-14,17:36:00,2026-01-14,03:32:00,2026-01-15,04:17:00,7.02,46,268.62,22.31,23.3,2913.1,519.82,3432.92,45,True,Tardía,"Tráfico alto, Hora pico"
3832,81,6,48,12,2026-01-01,09:10:00,2026-01-01,20:48:00,2026-01-01,20:48:00,0.25,38,447.23,65.38,24.95,3065.15,1631.23,4696.38,0,False,Entregada,Entrega realizada en tiempo
3833,52,5,25,33,2026-01-11,13:27:00,2026-01-11,22:21:00,2026-01-11,22:21:00,5.99,33,261.58,32.86,23.34,2670.9,766.95,3437.85,0,False,Entregada,Entrega realizada en tiempo
3834,94,22,18,8,2026-02-19,09:43:00,2026-02-19,13:11:00,2026-02-19,13:11:00,0.83,26,101.6,9.83,24.44,1299.0,240.25,1539.25,0,False,Entregada,Entrega realizada en tiempo
3835,2,9,34,22,2026-06-02,07:21:00,2026-06-02,15:00:00,2026-06-02,15:00:00,0.22,56,306.83,25.09,26.52,2504.15,665.39,3169.54,0,False,Entregada,Entrega realizada en tiempo
3836,71,8,29,42,2026-06-06,08:42:00,2026-06-06,11:53:00,2026-06-06,11:53:00,0.39,48,96.04,10.26,25.2,1403.2,258.55,1661.75,0,False,Entregada,Entrega realizada en tiempo
3837,73,4,46,22,2026-02-15,12:37:00,2026-02-15,20:16:00,2026-02-15,21:07:00,2.28,23,350.05,58.83,25.74,2662.25,1514.28,4176.53,51,True,Tardía,"Distancia larga, Carga pesada"
3838,84,19,11,37,2026-05-30,11:32:00,2026-05-30,04:50:00,2026-05-31,05:14:00,4.94,15,422.59,41.63,26.0,3226.95,1082.38,4309.33,24,True,Tardía,Distancia larga
3839,28,33,24,45,2026-06-30,15:57:00,2026-06-30,18:38:00,2026-06-30,18:38:00,0.89,74,84.51,10.78,25.32,1603.55,272.95,1876.5,0,False,Entregada,Entrega realizada en tiempo
3840,37,11,27,21,2026-02-09,05:57:00,2026-02-09,13:00:00,2026-02-09,13:00:00,0.83,16,318.48,66.63,26.28,2303.4,1751.04,4054.44,0,False,Entregada,Entrega realizada en tiempo
3841,4,7,29,20,2026-01-11,08:03:00,2026-01-11,09:36:00,2026-01-11,09:36:00,1.42,80,61.59,10.1,25.59,1589.95,258.46,1848.41,0,False,Entregada,Entrega realizada en tiempo
3842,90,20,28,40,2026-05-09,19:33:00,2026-05-09,12:35:00,2026-05-10,12:35:00,9.09,51,430.05,58.35,25.5,3967.25,1487.92,5455.17,0,False,Entregada,Entrega realizada en tiempo
3843,70,5,45,35,2026-02-07,17:11:00,2026-02-07,20:45:00,2026-02-07,21:26:00,4.08,77,153.07,19.23,26.55,2289.35,510.56,2799.91,41,True,Tardía,Hora pico
3844,42,39,7,27,2026-03-21,11:44:00,2026-03-21,23:27:00,2026-03-21,23:58:00,2.04,74,310.64,25.07,26.18,2849.2,656.33,3505.53,31,True,Tardía,Distancia larga
3845,93,8,36,42,2026-01-07,08:06:00,2026-01-07,11:17:00,2026-01-07,12:02:00,4.78,25,102.8,10.98,23.41,1692.0,257.04,1949.04,45,True,Tardía,"Tráfico alto, Hora pico"
3846,52,35,50,11,2026-03-02,12:11:00,2026-03-02,14:57:00,2026-03-02,14:57:00,0.72,70,76.25,10.29,25.86,1513.25,266.1,1779.35,0,False,Entregada,Entrega realizada en tiempo
3847,2,9,10,47,2026-08-13,11:25:00,2026-08-13,23:09:00,2026-08-13,23:09:00,0.73,23,345.6,28.26,24.91,2485.0,703.96,3188.96,0,False,Entregada,Entrega realizada en tiempo
3848,11,16,50,11,2026-01-03,08:20:00,2026-01-03,11:06:00,2026-01-03,11:06:00,4.67,32,69.12,6.21,26.87,1568.6,166.86,1735.46,0,False,Entregada,Entrega realizada en tiempo
3849,33,11,16,35,2026-04-19,17:51:00,2026-04-19,21:25:00,2026-04-19,21:25:00,1.48,6,136.98,28.66,24.9,1380.9,713.63,2094.53,0,False,Entregada,Entrega realizada en tiempo
3850,4,20,50,9,2026-06-08,09:41:00,2026-06-08,17:14:00,2026-06-08,17:14:00,3.62,76,184.79,25.07,24.97,2393.95,626.0,3019.95,0,False,Entregada,Entrega realizada en tiempo
3851,91,28,46,26,2026-05-01,12:03:00,2026-05-01,18:02:00,2026-05-01,18:02:00,4.26,70,180.98,26.54,26.58,2390.9,705.43,3096.33,0,False,Entregada,Entrega realizada en tiempo
3852,64,32,56,9,2026-01-20,06:28:00,2026-01-20,14:01:00,2026-01-20,14:20:00,0.67,44,203.82,18.46,26.37,1938.1,486.79,2424.89,19,True,Tardía,Incidencia operativa
3853,7,2,16,14,2026-06-28,06:56:00,2026-06-28,15:41:00,2026-06-28,15:41:00,11.38,48,250.76,50.56,23.07,3275.8,1166.42,4442.22,0,False,Entregada,Entrega realizada en tiempo
3854,87,39,46,32,2026-02-07,12:51:00,2026-02-07,00:55:00,2026-02-08,00:55:00,7.91,60,384.81,31.06,23.55,3695.05,731.46,4426.51,0,False,Entregada,Entrega realizada en tiempo
3855,36,12,28,23,2026-03-16,07:27:00,2026-03-16,16:48:00,2026-03-16,16:48:00,0.65,69,281.89,40.33,23.83,2526.45,961.06,3487.51,0,False,Entregada,Entrega realizada en tiempo
3856,23,32,55,28,2026-07-12,10:37:00,2026-07-12,17:38:00,2026-07-12,17:38:00,1.35,71,287.82,26.07,23.74,2642.1,618.9,3261.0,0,False,Entregada,Entrega realizada en tiempo
3857,72,7,52,36,2026-02-13,19:36:00,2026-02-13,23:30:00,2026-02-13,23:30:00,0.26,25,107.5,17.62,25.59,1263.5,450.9,1714.4,0,False,Entregada,Entrega realizada en tiempo
3858,86,11,50,30,2026-05-21,16:33:00,2026-05-21,21:41:00,2026-05-21,21:41:00,2.02,3,134.58,28.15,26.94,1398.9,758.36,2157.26,0,False,Entregada,Entrega realizada en tiempo
3859,6,18,12,42,2026-08-13,10:22:00,2026-08-13,13:33:00,2026-08-13,13:33:00,0.4,59,100.81,9.44,23.92,1516.05,225.8,1741.85,0,False,Entregada,Entrega realizada en tiempo
3860,67,40,39,24,2026-05-29,10:04:00,2026-05-29,18:41:00,2026-05-29,18:41:00,1.23,11,313.75,49.02,25.73,2279.75,1261.28,3541.03,0,False,Entregada,Entrega realizada en tiempo
3861,76,12,44,6,2026-06-16,09:20:00,2026-06-16,10:14:00,2026-06-16,10:44:00,0.97,32,28.25,4.04,24.38,994.25,98.5,1092.75,30,True,Tardía,Hora pico
3862,61,1,32,31,2026-04-06,05:46:00,2026-04-06,13:18:00,2026-04-06,13:18:00,1.51,72,198.4,19.15,26.1,2219.0,499.81,2718.81,0,False,Entregada,Entrega realizada en tiempo
3863,39,37,19,43,2026-05-28,15:12:00,2026-05-28,06:39:00,2026-05-29,07:53:00,0.94,45,469.14,50.01,26.07,3299.7,1303.76,4603.46,74,True,Tardía,"Tráfico alto, Distancia larga, Carga pesada"
3864,31,35,60,1,2026-07-27,13:58:00,2026-07-27,20:17:00,2026-07-27,20:17:00,0.67,75,177.44,23.95,25.44,2054.2,609.29,2663.49,0,False,Entregada,Entrega realizada en tiempo
3865,33,36,18,48,2026-04-02,11:47:00,2026-04-02,17:00:00,2026-04-02,17:49:00,0.87,22,194.7,22.96,24.33,1736.5,558.62,2295.12,49,True,Tardía,Tráfico alto
3866,13,13,53,13,2026-07-01,06:47:00,2026-07-01,18:30:00,2026-07-01,18:30:00,5.17,42,320.46,26.14,24.4,2955.3,637.82,3593.12,0,False,Entregada,Entrega realizada en tiempo
3867,13,38,27,14,2026-06-18,14:07:00,2026-06-18,22:52:00,2026-06-18,23:15:00,12.12,13,264.09,22.44,24.99,3136.45,560.78,3697.23,23,True,Tardía,Incidencia operativa
3868,44,7,44,15,2026-08-09,16:14:00,2026-08-09,18:37:00,2026-08-09,18:37:00,1.24,52,59.98,9.83,25.94,1339.9,254.99,1594.89,0,False,Entregada,Entrega realizada en tiempo
3869,2,22,47,2,2026-03-06,07:31:00,2026-03-06,17:26:00,2026-03-06,18:19:00,0.35,31,324.26,31.36,23.54,2404.3,738.21,3142.51,53,True,Tardía,"Tráfico alto, Hora pico, Distancia larga"
3870,90,32,54,33,2026-07-21,17:55:00,2026-07-21,02:49:00,2026-07-22,02:49:00,0.64,6,269.22,24.39,23.79,1958.1,580.24,2538.34,0,False,Entregada,Entrega realizada en tiempo
3871,87,12,14,41,2026-07-31,20:07:00,2026-07-31,03:23:00,2026-08-01,03:23:00,1.26,18,189.17,27.06,24.77,1715.85,670.28,2386.13,0,False,Entregada,Entrega realizada en tiempo
3872,68,40,42,47,2026-05-26,10:22:00,2026-05-26,22:06:00,2026-05-26,22:06:00,1.49,40,366.38,57.25,25.97,2800.9,1486.78,4287.68,0,False,Entregada,Entrega realizada en tiempo
3873,96,21,57,9,2026-07-30,08:04:00,2026-07-30,15:37:00,2026-07-30,15:37:00,0.62,21,178.51,24.97,24.27,1622.55,606.02,2228.57,0,False,Entregada,Entrega realizada en tiempo
3874,75,28,16,49,2026-08-08,18:57:00,2026-08-08,09:28:00,2026-08-09,10:22:00,6.49,28,383.16,56.18,23.95,3288.8,1345.51,4634.31,54,True,Tardía,"Hora pico, Distancia larga"
3875,14,2,35,33,2026-04-14,09:15:00,2026-04-14,18:09:00,2026-04-14,18:09:00,1.84,7,292.6,58.99,25.93,2203.0,1529.61,3732.61,0,False,Entregada,Entrega realizada en tiempo
3876,43,38,57,17,2026-06-22,05:01:00,2026-06-22,11:19:00,2026-06-22,11:19:00,0.66,31,191.27,16.25,25.13,1770.35,408.36,2178.71,0,False,Entregada,Entrega realizada en tiempo
3877,66,2,16,46,2026-04-17,12:35:00,2026-04-17,03:25:00,2026-04-18,03:25:00,2.46,48,387.52,78.13,25.71,3067.6,2008.72,5076.32,0,False,Entregada,Entrega realizada en tiempo
3878,6,9,5,33,2026-02-09,12:04:00,2026-02-09,20:58:00,2026-02-09,21:40:00,0.31,33,306.15,25.03,23.54,2325.75,589.21,2914.96,42,True,Tardía,"Tráfico alto, Distancia larga"
3879,34,28,5,28,2026-06-12,20:30:00,2026-06-12,03:31:00,2026-06-13,03:31:00,6.38,69,293.52,43.04,26.17,3157.6,1126.36,4283.96,0,False,Entregada,Entrega realizada en tiempo
3880,25,12,49,5,2026-03-14,18:55:00,2026-03-14,04:51:00,2026-03-15,05:28:00,0.69,2,278.81,39.89,23.75,1979.05,947.39,2926.44,37,True,Tardía,"Tráfico alto, Hora pico"
3881,40,32,17,14,2026-07-05,09:19:00,2026-07-05,18:04:00,2026-07-05,18:33:00,1.25,40,270.68,24.52,24.44,2298.4,599.27,2897.67,29,True,Tardía,Hora pico
3882,6,2,19,26,2026-01-01,07:00:00,2026-01-01,12:59:00,2026-01-01,13:44:00,9.18,38,172.13,34.7,24.47,2582.65,849.11,3431.76,45,True,Tardía,"Tráfico alto, Hora pico"
3883,96,30,37,20,2026-02-04,06:46:00,2026-02-04,08:19:00,2026-02-04,08:19:00,3.48,61,64.03,5.5,26.99,1656.15,148.44,1804.59,0,False,Entregada,Entrega realizada en tiempo
3884,88,9,44,15,2026-06-02,14:27:00,2026-06-02,16:50:00,2026-06-02,16:50:00,0.31,60,68.62,5.61,23.34,1354.1,130.94,1485.04,0,False,Entregada,Entrega realizada en tiempo
3885,49,5,46,34,2026-07-24,20:37:00,2026-07-24,00:28:00,2026-07-25,00:28:00,0.47,71,108.76,13.66,25.21,1658.8,344.37,2003.17,0,False,Entregada,Entrega realizada en tiempo
3886,59,32,28,31,2026-07-08,17:58:00,2026-07-08,01:30:00,2026-07-09,01:30:00,1.69,48,196.56,17.8,23.87,2035.8,424.89,2460.69,0,False,Entregada,Entrega realizada en tiempo
3887,62,30,43,5,2026-02-02,09:38:00,2026-02-02,19:34:00,2026-02-02,20:43:00,7.48,69,284.25,24.42,24.83,3221.25,606.35,3827.6,69,True,Tardía,"Tráfico alto, Hora pico"
3888,82,11,3,18,2026-05-10,18:14:00,2026-05-10,10:22:00,2026-05-11,11:11:00,1.89,5,444.93,93.08,24.28,2953.65,2259.98,5213.63,49,True,Tardía,"Hora pico, Distancia larga"
3889,95,33,27,33,2026-07-26,07:41:00,2026-07-26,16:35:00,2026-07-26,16:35:00,0.72,59,299.34,38.18,23.89,2540.7,912.12,3452.82,0,False,Entregada,Entrega realizada en tiempo
3890,15,35,36,44,2026-01-08,18:37:00,2026-01-08,20:47:00,2026-01-08,20:47:00,0.49,52,66.23,8.94,25.91,1296.15,231.64,1527.79,0,False,Entregada,Entrega realizada en tiempo
3891,6,16,41,41,2026-07-23,08:22:00,2026-07-23,15:38:00,2026-07-23,15:38:00,11.66,63,190.03,17.07,25.04,3120.15,427.43,3547.58,0,False,Entregada,Entrega realizada en tiempo
3892,80,13,59,37,2026-01-28,20:40:00,2026-01-28,13:58:00,2026-01-29,14:29:00,10.82,42,435.68,35.54,23.13,4096.4,822.04,4918.44,31,True,Tardía,Distancia larga
3893,36,20,39,13,2026-07-16,10:37:00,2026-07-16,22:20:00,2026-07-16,22:20:00,1.98,24,301.59,40.92,25.7,2397.95,1051.64,3449.59,0,False,Entregada,Entrega realizada en tiempo
3894,41,17,2,27,2026-02-28,19:20:00,2026-02-28,07:03:00,2026-03-01,07:03:00,0.29,54,325.27,57.77,23.03,2587.35,1330.44,3917.79,0,False,Entregada,Entrega realizada en tiempo
3895,7,30,41,5,2026-07-16,14:12:00,2026-07-16,00:08:00,2026-07-17,00:08:00,8.62,59,312.48,26.85,24.12,3396.4,647.62,4044.02,0,False,Entregada,Entrega realizada en tiempo
3896,8,23,23,44,2026-06-16,14:46:00,2026-06-16,16:56:00,2026-06-16,16:56:00,1.34,44,59.34,10.87,25.7,1282.7,279.36,1562.06,0,False,Entregada,Entrega realizada en tiempo
3897,35,19,60,49,2026-08-06,06:28:00,2026-08-06,20:59:00,2026-08-06,20:59:00,6.78,67,413.49,40.74,25.71,3781.45,1047.43,4828.88,0,False,Entregada,Entrega realizada en tiempo
3898,59,30,45,33,2026-08-12,19:34:00,2026-08-12,04:28:00,2026-08-13,04:28:00,5.85,76,286.08,24.58,23.66,3123.4,581.56,3704.96,0,False,Entregada,Entrega realizada en tiempo
3899,92,9,52,7,2026-07-15,06:47:00,2026-07-15,10:58:00,2026-07-15,10:58:00,0.82,5,124.02,10.14,23.56,1242.1,238.9,1481.0,0,False,Entregada,Entrega realizada en tiempo
3900,86,1,60,18,2026-01-06,12:31:00,2026-01-06,04:39:00,2026-01-07,04:39:00,1.52,9,392.21,37.86,26.13,2685.05,989.28,3674.33,0,False,Entregada,Entrega realizada en tiempo
3901,38,26,7,45,2026-04-24,14:42:00,2026-04-24,17:23:00,2026-04-24,17:23:00,2.97,63,83.3,11.88,23.06,1717.5,273.95,1991.45,0,False,Entregada,Entrega realizada en tiempo
3902,36,7,57,2,2026-06-27,12:35:00,2026-06-27,22:30:00,2026-06-27,22:30:00,1.14,55,325.54,53.37,23.33,2681.7,1245.12,3926.82,0,False,Entregada,Entrega realizada en tiempo
3903,54,17,18,10,2026-04-21,08:49:00,2026-04-21,11:14:00,2026-04-21,11:14:00,1.07,38,81.33,14.45,26.79,1317.65,387.12,1704.77,0,False,Entregada,Entrega realizada en tiempo
3904,64,4,45,17,2026-05-25,20:26:00,2026-05-25,02:44:00,2026-05-26,02:54:00,0.31,61,188.92,31.75,26.92,1963.6,854.71,2818.31,10,True,Tardía,Incidencia operativa
3905,65,30,30,50,2026-01-04,10:15:00,2026-01-04,18:15:00,2026-01-04,18:15:00,7.9,21,237.41,20.4,26.11,2645.05,532.64,3177.69,0,False,Entregada,Entrega realizada en tiempo
3906,89,19,43,19,2026-02-27,05:29:00,2026-02-27,18:10:00,2026-02-27,18:50:00,3.88,32,390.34,38.46,26.09,3095.7,1003.42,4099.12,40,True,Tardía,Distancia larga
3907,73,40,56,31,2026-06-18,11:38:00,2026-06-18,19:10:00,2026-06-18,19:10:00,1.22,8,198.47,31.01,25.56,1678.35,792.62,2470.97,0,False,Entregada,Entrega realizada en tiempo
3908,8,17,52,15,2026-05-12,08:51:00,2026-05-12,11:14:00,2026-05-12,11:14:00,0.47,60,68.72,12.21,25.38,1370.6,309.89,1680.49,0,False,Entregada,Entrega realizada en tiempo
3909,95,33,60,38,2026-05-27,08:16:00,2026-05-27,12:47:00,2026-05-27,12:47:00,0.7,52,184.84,23.58,23.64,1910.2,557.43,2467.63,0,False,Entregada,Entrega realizada en tiempo
3910,60,2,19,34,2026-02-01,08:59:00,2026-02-01,12:50:00,2026-02-01,13:34:00,4.76,25,113.95,22.97,26.07,1745.75,598.83,2344.58,44,True,Tardía,Hora pico
3911,37,16,9,16,2026-01-22,11:59:00,2026-01-22,02:27:00,2026-01-23,02:27:00,4.94,46,400.8,36.01,26.26,3366.0,945.62,4311.62,0,False,Entregada,Entrega realizada en tiempo
3912,13,33,51,8,2026-02-12,17:23:00,2026-02-12,20:51:00,2026-02-12,21:22:00,0.6,77,95.74,12.21,23.09,1654.7,281.93,1936.63,31,True,Tardía,Hora pico
3913,35,16,58,49,2026-04-28,11:12:00,2026-04-28,01:43:00,2026-04-29,01:43:00,12.52,20,358.62,32.22,24.53,3705.1,790.36,4495.46,0,False,Entregada,Entrega realizada en tiempo
3914,88,31,19,2,2026-07-28,13:13:00,2026-07-28,23:08:00,2026-07-28,23:50:00,16.94,49,294.37,41.81,25.69,4057.85,1074.1,5131.95,42,True,Tardía,Tráfico alto
3915,27,8,5,22,2026-03-08,08:40:00,2026-03-08,16:19:00,2026-03-08,16:54:00,0.2,9,297.8,31.82,23.55,2081.0,749.36,2830.36,35,True,Tardía,Hora pico
3916,49,1,32,7,2026-03-05,15:41:00,2026-03-05,19:52:00,2026-03-05,20:13:00,1.57,75,131.88,12.73,26.48,1916.4,337.09,2253.49,21,True,Tardía,Carga pesada
3917,23,5,44,20,2026-03-09,09:41:00,2026-03-09,11:14:00,2026-03-09,11:14:00,4.49,55,62.12,7.8,24.75,1699.6,193.05,1892.65,0,False,Entregada,Entrega realizada en tiempo
3918,32,24,53,13,2026-05-24,11:42:00,2026-05-24,23:25:00,2026-05-24,23:25:00,4.15,18,347.59,32.58,24.7,2796.95,804.73,3601.68,0,False,Entregada,Entrega realizada en tiempo
3919,16,27,7,44,2026-03-22,12:17:00,2026-03-22,14:27:00,2026-03-22,14:27:00,5.22,19,67.12,8.63,25.81,1509.6,222.74,1732.34,0,False,Entregada,Entrega realizada en tiempo
3920,69,18,55,22,2026-03-22,09:28:00,2026-03-22,17:07:00,2026-03-22,17:07:00,0.26,41,314.24,29.42,23.62,2425.2,694.9,3120.1,0,False,Entregada,Entrega realizada en tiempo
3921,68,9,47,42,2026-06-09,14:03:00,2026-06-09,17:14:00,2026-06-09,18:26:00,0.81,69,98.25,8.03,24.24,1624.25,194.65,1818.9,72,True,Tardía,"Tráfico alto, Carga pesada"
3922,5,12,52,13,2026-02-04,09:22:00,2026-02-04,21:05:00,2026-02-04,21:05:00,0.56,72,295.91,42.33,23.92,2611.55,1012.53,3624.08,0,False,Entregada,Entrega realizada en tiempo
3923,45,33,4,45,2026-02-22,13:56:00,2026-02-22,16:37:00,2026-02-22,16:37:00,0.73,22,86.58,11.04,23.12,1181.9,255.24,1437.14,0,False,Entregada,Entrega realizada en tiempo
3924,4,32,21,3,2026-08-12,18:45:00,2026-08-12,21:02:00,2026-08-12,21:51:00,1.87,66,67.07,6.08,26.23,1550.35,159.48,1709.83,49,True,Tardía,Hora pico
3925,47,17,51,19,2026-02-03,14:11:00,2026-02-03,02:52:00,2026-02-04,02:52:00,0.22,36,359.17,63.8,24.89,2605.85,1587.98,4193.83,0,False,Entregada,Entrega realizada en tiempo
3926,63,31,17,19,2026-07-19,11:36:00,2026-07-19,00:17:00,2026-07-20,01:02:00,23.74,50,360.39,51.19,24.22,5075.95,1239.82,6315.77,45,True,Tardía,"Distancia larga, Carga pesada"
3927,37,4,4,28,2026-01-03,15:36:00,2026-01-03,22:37:00,2026-01-03,22:37:00,0.79,69,279.4,46.96,26.7,2528.0,1253.83,3781.83,0,False,Entregada,Entrega realizada en tiempo
3928,50,20,35,28,2026-02-02,17:23:00,2026-02-02,00:24:00,2026-02-03,00:24:00,10.52,47,256.61,34.82,24.99,3211.05,870.15,4081.2,0,False,Entregada,Entrega realizada en tiempo
3929,76,15,51,36,2026-04-01,12:41:00,2026-04-01,16:35:00,2026-04-01,17:08:00,1.07,49,106.64,21.94,23.09,1532.2,506.59,2038.79,33,True,Tardía,"Tráfico alto, Carga pesada"
3930,33,2,30,11,2026-08-09,14:16:00,2026-08-09,17:02:00,2026-08-09,17:02:00,3.15,46,75.15,15.15,25.41,1558.75,384.96,1943.71,0,False,Entregada,Entrega realizada en tiempo
3931,6,6,49,28,2026-01-16,10:09:00,2026-01-16,17:10:00,2026-01-16,17:10:00,0.68,33,272.42,39.83,24.76,2194.1,986.19,3180.29,0,False,Entregada,Entrega realizada en tiempo
3932,19,26,9,24,2026-06-21,08:45:00,2026-06-21,17:22:00,2026-06-21,18:14:00,11.55,62,343.16,48.95,23.53,3866.8,1151.79,5018.59,52,True,Tardía,"Tráfico alto, Hora pico, Distancia larga"
3933,8,15,48,44,2026-06-27,12:15:00,2026-06-27,14:25:00,2026-06-27,14:25:00,0.32,77,63.9,13.15,25.12,1467.5,330.33,1797.83,0,False,Entregada,Entrega realizada en tiempo
3934,35,10,30,36,2026-05-27,14:09:00,2026-05-27,18:03:00,2026-05-27,18:03:00,9.05,32,98.59,9.89,26.15,2153.95,258.62,2412.57,0,False,Entregada,Entrega realizada en tiempo
3935,64,38,59,17,2026-05-26,16:46:00,2026-05-26,23:04:00,2026-05-26,23:04:00,5.57,34,163.43,13.89,26.19,2146.15,363.78,2509.93,0,False,Entregada,Entrega realizada en tiempo
3936,78,23,46,40,2026-04-01,17:46:00,2026-04-01,10:48:00,2026-04-02,10:48:00,1.27,65,450.54,82.52,23.69,3399.7,1954.9,5354.6,0,False,Entregada,Entrega realizada en tiempo
3937,93,13,47,7,2026-05-07,12:43:00,2026-05-07,16:54:00,2026-05-07,16:54:00,4.45,19,130.68,10.66,23.43,1750.4,249.76,2000.16,0,False,Entregada,Entrega realizada en tiempo
3938,30,9,55,10,2026-06-24,11:57:00,2026-06-24,14:22:00,2026-06-24,14:59:00,0.71,4,82.87,6.78,24.58,1017.35,166.65,1184.0,37,True,Tardía,Carga pesada
3939,86,9,31,25,2026-01-27,17:26:00,2026-01-27,02:52:00,2026-01-28,02:52:00,0.39,35,351.56,28.75,26.07,2576.8,749.51,3326.31,0,False,Entregada,Entrega realizada en tiempo
3940,36,3,18,47,2026-04-10,13:42:00,2026-04-10,01:26:00,2026-04-11,02:25:00,3.48,47,318.83,68.42,23.93,2818.15,1637.29,4455.44,59,True,Tardía,"Tráfico alto, Distancia larga"
3941,11,8,2,23,2026-01-02,08:45:00,2026-01-02,18:06:00,2026-01-02,18:06:00,4.47,17,245.23,26.2,25.41,2309.15,665.74,2974.89,0,False,Entregada,Entrega realizada en tiempo
3942,5,31,50,42,2026-03-16,13:37:00,2026-03-16,16:48:00,2026-03-16,17:28:00,2.62,46,88.36,12.55,24.77,1571.8,310.86,1882.66,40,True,Tardía,Tráfico alto
3943,54,32,31,18,2026-02-16,09:39:00,2026-02-16,01:47:00,2026-02-17,02:28:00,0.88,27,391.07,35.42,26.28,2759.35,930.84,3690.19,41,True,Tardía,"Hora pico, Distancia larga"
3944,59,13,47,9,2026-07-03,17:33:00,2026-07-03,01:06:00,2026-07-04,01:06:00,21.95,28,187.75,15.31,26.08,3857.75,399.28,4257.03,0,False,Entregada,Entrega realizada en tiempo
3945,75,12,6,23,2026-01-31,06:00:00,2026-01-31,15:21:00,2026-01-31,15:21:00,0.39,18,255.5,36.55,24.96,1960.5,912.29,2872.79,0,False,Entregada,Entrega realizada en tiempo
3946,97,11,5,17,2026-02-19,11:44:00,2026-02-19,18:02:00,2026-02-19,18:02:00,4.01,67,179.35,37.52,26.51,2333.75,994.66,3328.41,0,False,Entregada,Entrega realizada en tiempo
3947,86,25,51,22,2026-02-25,18:04:00,2026-02-25,01:43:00,2026-02-26,01:43:00,4.17,47,343.38,73.06,24.91,3009.9,1819.92,4829.82,0,False,Entregada,Entrega realizada en tiempo
3948,15,2,23,12,2026-01-02,20:36:00,2026-01-02,08:14:00,2026-01-03,09:00:00,6.63,72,404.01,81.45,23.89,3759.05,1945.84,5704.89,46,True,Tardía,Distancia larga
3949,86,37,24,4,2026-05-02,09:53:00,2026-05-02,12:27:00,2026-05-02,12:27:00,0.38,30,102.76,10.96,26.4,1291.8,289.34,1581.14,0,False,Entregada,Entrega realizada en tiempo
3950,30,7,9,40,2026-05-02,09:56:00,2026-05-02,02:58:00,2026-05-03,02:58:00,0.71,36,471.48,77.29,25.97,3216.4,2007.22,5223.62,0,False,Entregada,Entrega realizada en tiempo
3951,67,22,4,50,2026-02-10,17:42:00,2026-02-10,01:42:00,2026-02-11,01:42:00,0.59,48,255.58,24.72,26.32,2220.9,650.63,2871.53,0,False,Entregada,Entrega realizada en tiempo
3952,90,2,34,10,2026-04-16,20:45:00,2026-04-16,23:10:00,2026-04-16,23:21:00,1.27,3,78.2,15.77,24.89,1042.0,392.52,1434.52,11,True,Tardía,Incidencia operativa
3953,23,2,36,42,2026-06-10,18:05:00,2026-06-10,21:16:00,2026-06-10,21:16:00,6.83,21,105.64,21.3,23.48,1879.2,500.12,2379.32,0,False,Entregada,Entrega realizada en tiempo
3954,75,18,23,12,2026-03-04,13:36:00,2026-03-04,01:14:00,2026-03-05,01:14:00,0.54,53,430.16,40.28,23.53,3128.8,947.79,4076.59,0,False,Entregada,Entrega realizada en tiempo
3955,27,5,53,21,2026-07-27,19:46:00,2026-07-27,02:49:00,2026-07-28,02:49:00,4.89,60,273.86,34.4,23.46,2838.3,807.02,3645.32,0,False,Entregada,Entrega realizada en tiempo
3956,47,29,51,40,2026-01-08,09:10:00,2026-01-08,02:12:00,2026-01-09,03:06:00,1.8,26,439.17,45.89,26.18,3083.85,1201.4,4285.25,54,True,Tardía,"Hora pico, Distancia larga"
3957,1,39,19,5,2026-04-30,13:00:00,2026-04-30,22:56:00,2026-04-30,22:56:00,1.52,22,269.91,21.78,25.94,2177.55,564.97,2742.52,0,False,Entregada,Entrega realizada en tiempo
3958,16,15,60,2,2026-01-13,17:32:00,2026-01-13,03:27:00,2026-01-14,03:27:00,0.9,70,278.73,57.35,25.6,2543.65,1468.16,4011.81,0,False,Entregada,Entrega realizada en tiempo
3959,67,32,21,22,2026-06-24,20:21:00,2026-06-24,04:00:00,2026-06-25,04:00:00,2.69,1,313.22,28.37,25.3,2343.1,717.76,3060.86,0,False,Entregada,Entrega realizada en tiempo
3960,13,20,22,3,2026-03-17,17:11:00,2026-03-17,19:28:00,2026-03-17,19:28:00,6.55,32,62.5,8.48,25.49,1723.5,216.16,1939.66,0,False,Entregada,Entrega realizada en tiempo
3961,87,26,9,29,2026-02-15,19:27:00,2026-02-15,00:41:00,2026-02-16,01:08:00,4.74,44,179.73,25.64,26.07,2224.65,668.43,2893.08,27,True,Tardía,Hora pico
3962,18,3,20,15,2026-06-16,20:17:00,2026-06-16,22:40:00,2026-06-16,22:40:00,8.56,42,67.49,14.48,25.73,2029.45,372.57,2402.02,0,False,Entregada,Entrega realizada en tiempo
3963,89,17,59,26,2026-02-07,08:31:00,2026-02-07,14:30:00,2026-02-07,15:29:00,0.37,50,155.05,27.54,26.48,1712.25,729.26,2441.51,59,True,Tardía,"Tráfico alto, Hora pico"
3964,74,19,7,28,2026-07-20,15:28:00,2026-07-20,22:29:00,2026-07-20,22:29:00,6.88,33,269.65,26.57,24.77,2800.25,658.14,3458.39,0,False,Entregada,Entrega realizada en tiempo
3965,87,36,44,45,2026-04-18,19:47:00,2026-04-18,22:28:00,2026-04-18,22:28:00,1.11,47,82.0,9.67,24.79,1397.0,239.72,1636.72,0,False,Entregada,Entrega realizada en tiempo
3966,80,5,49,6,2026-01-14,15:41:00,2026-01-14,16:35:00,2026-01-14,16:35:00,2.51,56,28.97,3.64,23.6,1343.85,85.9,1429.75,0,False,Entregada,Entrega realizada en tiempo
3967,55,19,6,33,2026-04-25,10:41:00,2026-04-25,19:35:00,2026-04-25,19:35:00,4.11,75,265.55,26.16,25.44,2838.75,665.51,3504.26,0,False,Entregada,Entrega realizada en tiempo
3968,41,14,30,31,2026-01-14,07:10:00,2026-01-14,14:42:00,2026-01-14,14:42:00,3.44,36,209.71,22.6,26.52,2180.55,599.35,2779.9,0,False,Entregada,Entrega realizada en tiempo
3969,15,28,48,18,2026-04-02,19:09:00,2026-04-02,11:17:00,2026-04-03,11:17:00,5.47,34,393.34,57.67,26.95,3285.7,1554.21,4839.91,0,False,Entregada,Entrega realizada en tiempo
3970,57,35,1,18,2026-04-23,05:18:00,2026-04-23,21:26:00,2026-04-23,21:26:00,0.83,6,442.5,59.72,25.36,2843.5,1514.5,4358.0,0,False,Entregada,Entrega realizada en tiempo
3971,50,23,5,33,2026-08-03,17:23:00,2026-08-03,02:17:00,2026-08-04,02:17:00,1.44,51,288.4,52.82,23.71,2494.0,1252.36,3746.36,0,False,Entregada,Entrega realizada en tiempo
3972,56,38,9,49,2026-01-13,10:42:00,2026-01-13,01:13:00,2026-01-14,01:13:00,2.46,21,402.25,34.18,23.83,2925.25,814.51,3739.76,0,False,Entregada,Entrega realizada en tiempo
3973,44,32,8,10,2026-04-04,15:57:00,2026-04-04,18:22:00,2026-04-04,18:22:00,3.22,62,75.56,6.84,26.96,1695.8,184.41,1880.21,0,False,Entregada,Entrega realizada en tiempo
3974,20,16,1,2,2026-05-22,13:29:00,2026-05-22,23:24:00,2026-05-22,23:24:00,8.27,65,297.27,26.71,24.4,3333.35,651.72,3985.07,0,False,Entregada,Entrega realizada en tiempo
3975,76,8,24,15,2026-02-06,12:11:00,2026-02-06,14:34:00,2026-02-06,14:34:00,4.12,44,59.62,6.37,24.52,1562.1,156.19,1718.29,0,False,Entregada,Entrega realizada en tiempo
3976,1,38,35,47,2026-08-07,05:56:00,2026-08-07,17:40:00,2026-08-07,17:40:00,8.93,43,362.13,30.77,26.24,3547.65,807.4,4355.05,0,False,Entregada,Entrega realizada en tiempo
3977,28,27,42,39,2026-01-12,09:01:00,2026-01-12,17:24:00,2026-01-12,17:24:00,10.92,26,231.53,29.76,24.07,2957.65,716.32,3673.97,0,False,Entregada,Entrega realizada en tiempo
3978,32,26,22,42,2026-02-18,08:37:00,2026-02-18,11:48:00,2026-02-18,13:12:00,14.38,66,88.43,12.61,25.41,2908.15,320.42,3228.57,84,True,Tardía,"Tráfico alto, Hora pico, Carga pesada"
3979,57,29,53,2,2026-07-08,18:51:00,2026-07-08,04:46:00,2026-07-09,05:51:00,17.2,6,301.94,31.55,23.4,3777.7,738.27,4515.97,65,True,Tardía,"Tráfico alto, Hora pico, Distancia larga"
3980,36,16,16,29,2026-01-09,06:50:00,2026-01-09,12:04:00,2026-01-09,12:04:00,17.04,36,178.18,16.01,23.32,3382.9,373.35,3756.25,0,False,Entregada,Entrega realizada en tiempo
3981,85,32,20,19,2026-02-20,15:35:00,2026-02-20,04:16:00,2026-02-21,05:11:00,4.58,57,381.2,34.53,25.01,3320.0,863.6,4183.6,55,True,Tardía,"Distancia larga, Carga pesada"
3982,90,30,28,12,2026-08-12,07:58:00,2026-08-12,19:36:00,2026-08-12,19:36:00,10.32,46,384.2,33.01,25.83,3821.0,852.65,4673.65,0,False,Entregada,Entrega realizada en tiempo
3983,39,1,48,21,2026-03-07,14:53:00,2026-03-07,21:56:00,2026-03-07,21:56:00,0.47,65,309.31,29.86,23.49,2613.55,701.41,3314.96,0,False,Entregada,Entrega realizada en tiempo
3984,20,19,49,35,2026-07-05,18:19:00,2026-07-05,21:53:00,2026-07-05,22:39:00,0.36,9,156.69,15.44,24.45,1391.45,377.51,1768.96,46,True,Tardía,Hora pico
3985,30,5,17,7,2026-07-05,19:32:00,2026-07-05,23:43:00,2026-07-06,00:12:00,0.46,61,126.95,15.95,25.74,1668.75,410.55,2079.3,29,True,Tardía,Hora pico
3986,23,6,41,11,2026-02-04,09:45:00,2026-02-04,12:31:00,2026-02-04,12:31:00,0.66,29,73.76,10.78,25.34,1166.8,273.17,1439.97,0,False,Entregada,Entrega realizada en tiempo
3987,68,11,8,21,2026-05-25,05:00:00,2026-05-25,12:03:00,2026-05-25,12:03:00,3.03,60,285.95,59.82,23.49,2712.75,1405.17,4117.92,0,False,Entregada,Entrega realizada en tiempo
3988,18,1,19,46,2026-03-11,19:16:00,2026-03-11,10:06:00,2026-03-12,10:54:00,0.36,45,382.94,36.96,26.32,2810.7,972.79,3783.49,48,True,Tardía,"Hora pico, Distancia larga"
3989,86,18,8,47,2026-04-29,15:24:00,2026-04-29,03:08:00,2026-04-30,04:10:00,0.73,1,337.03,31.56,25.31,2266.15,798.78,3064.93,62,True,Tardía,"Tráfico alto, Distancia larga"
3990,13,26,44,48,2026-03-21,14:28:00,2026-03-21,19:41:00,2026-03-21,19:41:00,10.96,52,183.65,26.2,26.15,2930.25,685.13,3615.38,0,False,Entregada,Entrega realizada en tiempo
3991,86,29,49,26,2026-04-06,18:46:00,2026-04-06,00:45:00,2026-04-07,01:45:00,11.73,56,164.66,17.21,23.19,2944.3,399.1,3343.4,60,True,Tardía,"Tráfico alto, Hora pico"
3992,46,9,1,33,2026-06-21,13:54:00,2026-06-21,22:48:00,2026-06-21,22:48:00,0.22,18,272.66,22.29,24.24,2029.3,540.31,2569.61,0,False,Entregada,Entrega realizada en tiempo
3993,42,12,5,32,2026-04-04,06:18:00,2026-04-04,18:22:00,2026-04-04,18:22:00,1.41,74,406.89,58.21,25.08,3267.45,1459.91,4727.36,0,False,Entregada,Entrega realizada en tiempo
3994,68,9,38,36,2026-05-09,18:09:00,2026-05-09,22:03:00,2026-05-09,22:45:00,0.41,60,102.66,8.39,23.02,1534.3,193.14,1727.44,42,True,Tardía,"Tráfico alto, Hora pico"
3995,10,36,24,45,2026-01-11,16:56:00,2026-01-11,19:37:00,2026-01-11,20:16:00,1.6,78,83.31,9.82,26.13,1700.55,256.6,1957.15,39,True,Tardía,Carga pesada
3996,30,34,28,44,2026-03-12,06:03:00,2026-03-12,08:13:00,2026-03-12,08:13:00,0.35,49,59.62,4.95,23.56,1225.1,116.62,1341.72,0,False,Entregada,Entrega realizada en tiempo
3997,54,28,13,38,2026-01-10,10:10:00,2026-01-10,14:41:00,2026-01-10,14:41:00,4.75,12,204.95,30.05,23.22,2095.75,697.76,2793.51,0,False,Entregada,Entrega realizada en tiempo
3998,12,35,45,13,2026-05-26,10:15:00,2026-05-26,21:58:00,2026-05-26,21:58:00,1.0,3,292.91,39.53,23.43,2088.55,926.19,3014.74,0,False,Entregada,Entrega realizada en tiempo
3999,15,33,17,43,2026-01-06,15:22:00,2026-01-06,06:49:00,2026-01-07,06:49:00,0.34,33,466.61,59.52,24.29,3131.05,1445.74,4576.79,0,False,Entregada,Entrega realizada en tiempo
4000,67,32,21,24,2026-02-04,12:22:00,2026-02-04,20:59:00,2026-02-04,20:59:00,3.96,20,322.43,29.21,23.42,2668.15,684.1,3352.25,0,False,Entregada,Entrega realizada en tiempo
4001,10,18,13,27,2026-06-05,17:59:00,2026-06-05,05:42:00,2026-06-06,05:42:00,0.78,33,286.07,26.79,25.83,2272.35,691.99,2964.34,0,False,Entregada,Entrega realizada en tiempo
4002,67,14,21,5,2026-04-26,20:12:00,2026-04-26,06:08:00,2026-04-27,06:08:00,6.14,65,303.59,32.71,26.7,3151.95,873.36,4025.31,0,False,Entregada,Entrega realizada en tiempo
4003,85,16,22,23,2026-04-12,16:58:00,2026-04-12,02:19:00,2026-04-13,02:19:00,5.27,80,279.44,25.11,26.51,3064.2,665.67,3729.87,0,False,Entregada,Entrega realizada en tiempo
4004,85,14,52,35,2026-07-02,14:45:00,2026-07-02,18:19:00,2026-07-02,18:19:00,1.74,69,134.83,14.53,24.0,1900.15,348.72,2248.87,0,False,Entregada,Entrega realizada en tiempo
4005,60,35,60,10,2026-03-25,15:57:00,2026-03-25,18:22:00,2026-03-25,18:22:00,0.43,6,78.0,10.53,25.4,981.0,267.46,1248.46,0,False,Entregada,Entrega realizada en tiempo
4006,96,38,8,50,2026-07-30,16:08:00,2026-07-30,00:08:00,2026-07-31,00:08:00,5.19,34,247.96,21.07,26.74,2530.8,563.41,3094.21,0,False,Entregada,Entrega realizada en tiempo
4007,40,31,27,46,2026-02-13,09:25:00,2026-02-13,00:15:00,2026-02-14,01:15:00,13.2,69,415.29,58.99,26.35,4448.45,1554.39,6002.84,60,True,Tardía,"Hora pico, Distancia larga"
4008,63,38,30,13,2026-04-22,18:36:00,2026-04-22,06:19:00,2026-04-23,06:19:00,4.2,78,290.37,24.67,23.19,2995.85,572.1,3567.95,0,False,Entregada,Entrega realizada en tiempo
4009,1,9,42,32,2026-07-28,07:38:00,2026-07-28,19:42:00,2026-07-28,19:42:00,0.58,8,372.32,30.44,26.99,2483.6,821.58,3305.18,0,False,Entregada,Entrega realizada en tiempo
4010,41,9,54,1,2026-02-18,20:42:00,2026-02-18,03:01:00,2026-02-19,03:01:00,0.39,59,200.13,16.36,26.66,2011.65,436.16,2447.81,0,False,Entregada,Entrega realizada en tiempo
4011,16,24,41,5,2026-05-27,06:40:00,2026-05-27,16:36:00,2026-05-27,16:36:00,5.04,36,307.4,28.81,25.92,2829.0,746.76,3575.76,0,False,Entregada,Entrega realizada en tiempo
4012,49,11,53,20,2026-07-28,11:26:00,2026-07-28,12:59:00,2026-07-28,12:59:00,2.21,24,54.84,11.47,23.38,1187.2,268.17,1455.37,0,False,Entregada,Entrega realizada en tiempo
4013,44,28,27,14,2026-06-11,10:38:00,2026-06-11,19:23:00,2026-06-11,19:23:00,6.41,28,256.47,37.61,24.41,2647.35,918.06,3565.41,0,False,Entregada,Entrega realizada en tiempo
4014,67,10,19,13,2026-07-07,08:24:00,2026-07-07,20:07:00,2026-07-07,20:07:00,8.31,17,292.55,29.34,25.69,2929.75,753.74,3683.49,0,False,Entregada,Entrega realizada en tiempo
4015,12,18,1,16,2026-01-14,18:20:00,2026-01-14,08:48:00,2026-01-15,08:48:00,0.94,41,397.08,37.18,25.38,2907.4,943.63,3851.03,0,False,Entregada,Entrega realizada en tiempo
4016,68,19,5,44,2026-03-12,09:03:00,2026-03-12,11:13:00,2026-03-12,11:13:00,6.92,19,69.38,6.84,25.12,1690.9,171.82,1862.72,0,False,Entregada,Entrega realizada en tiempo
4017,25,23,4,32,2026-03-13,14:00:00,2026-03-13,02:04:00,2026-03-14,02:04:00,0.93,77,397.54,72.81,26.47,3196.7,1927.28,5123.98,0,False,Entregada,Entrega realizada en tiempo
4018,24,33,4,38,2026-06-13,17:01:00,2026-06-13,21:32:00,2026-06-13,21:32:00,0.67,18,198.99,25.38,23.02,1705.95,584.25,2290.2,0,False,Entregada,Entrega realizada en tiempo
4019,26,6,2,40,2026-01-04,17:30:00,2026-01-04,10:32:00,2026-01-05,10:32:00,0.74,13,480.91,70.31,23.7,3082.55,1666.35,4748.9,0,False,Entregada,Entrega realizada en tiempo
4020,87,22,45,45,2026-03-03,08:48:00,2026-03-03,11:29:00,2026-03-03,11:29:00,0.82,63,91.33,8.83,25.57,1542.65,225.78,1768.43,0,False,Entregada,Entrega realizada en tiempo
4021,63,28,23,22,2026-03-07,17:25:00,2026-03-07,01:04:00,2026-03-08,01:04:00,4.54,9,318.29,46.67,24.78,2617.45,1156.48,3773.93,0,False,Entregada,Entrega realizada en tiempo
4022,61,15,22,21,2026-03-21,20:59:00,2026-03-21,04:02:00,2026-03-22,04:25:00,0.92,14,312.86,64.37,26.64,2268.3,1714.82,3983.12,23,True,Tardía,Distancia larga
4023,53,28,7,22,2026-06-24,10:37:00,2026-06-24,18:16:00,2026-06-24,18:16:00,5.15,28,301.02,44.14,25.31,2744.1,1117.18,3861.28,0,False,Entregada,Entrega realizada en tiempo
4024,17,39,18,12,2026-04-29,06:53:00,2026-04-29,18:31:00,2026-04-29,18:31:00,4.11,18,454.31,36.67,24.38,3326.55,894.01,4220.56,0,False,Entregada,Entrega realizada en tiempo
4025,83,7,14,17,2026-08-01,10:40:00,2026-08-01,16:58:00,2026-08-01,16:58:00,1.42,32,189.26,31.03,24.75,1844.3,767.99,2612.29,0,False,Entregada,Entrega realizada en tiempo
4026,61,40,55,48,2026-05-19,13:32:00,2026-05-19,18:45:00,2026-05-19,18:45:00,0.24,24,182.19,28.47,26.25,1626.95,747.34,2374.29,0,False,Entregada,Entrega realizada en tiempo
4027,61,13,14,46,2026-08-15,07:53:00,2026-08-15,22:43:00,2026-08-15,22:43:00,14.32,17,443.36,36.16,25.41,4284.8,918.83,5203.63,0,False,Entregada,Entrega realizada en tiempo
4028,6,15,29,8,2026-06-26,08:09:00,2026-06-26,11:37:00,2026-06-26,11:37:00,0.25,57,106.42,21.9,23.97,1513.1,524.94,2038.04,0,False,Entregada,Entrega realizada en tiempo
4029,90,24,21,30,2026-06-20,07:18:00,2026-06-20,12:26:00,2026-06-20,12:56:00,3.76,24,123.6,11.58,26.76,1686.0,309.88,1995.88,30,True,Tardía,Hora pico
4030,24,12,3,46,2026-04-11,13:38:00,2026-04-11,04:28:00,2026-04-12,04:59:00,0.59,12,399.81,57.2,23.76,2654.05,1359.07,4013.12,31,True,Tardía,Distancia larga
4031,33,14,26,18,2026-03-16,11:13:00,2026-03-16,03:21:00,2026-03-17,03:21:00,4.01,21,389.67,41.99,25.25,3017.35,1060.25,4077.6,0,False,Entregada,Entrega realizada en tiempo
4032,54,38,6,17,2026-02-07,09:44:00,2026-02-07,16:02:00,2026-02-07,16:02:00,2.54,1,189.31,16.08,24.85,1708.55,399.59,2108.14,0,False,Entregada,Entrega realizada en tiempo
4033,20,11,59,29,2026-04-12,19:15:00,2026-04-12,00:29:00,2026-04-13,01:01:00,0.74,41,177.53,37.14,26.39,1789.65,980.12,2769.77,32,True,Tardía,Hora pico
4034,65,29,59,35,2026-03-23,18:06:00,2026-03-23,21:40:00,2026-03-23,21:40:00,12.58,8,148.25,15.49,23.87,2563.25,369.75,2933.0,0,False,Entregada,Entrega realizada en tiempo
4035,70,24,14,3,2026-01-04,06:37:00,2026-01-04,08:54:00,2026-01-04,08:54:00,5.15,6,61.14,5.73,25.66,1368.7,147.03,1515.73,0,False,Entregada,Entrega realizada en tiempo
4036,28,9,22,33,2026-07-07,16:41:00,2026-07-07,01:35:00,2026-07-08,01:35:00,0.7,61,287.82,23.53,26.54,2497.1,624.49,3121.59,0,False,Entregada,Entrega realizada en tiempo
4037,37,26,24,36,2026-04-16,08:30:00,2026-04-16,12:24:00,2026-04-16,12:24:00,1.84,22,94.36,13.46,24.24,1331.8,326.27,1658.07,0,False,Entregada,Entrega realizada en tiempo
4038,60,2,16,19,2026-03-12,16:40:00,2026-03-12,05:21:00,2026-03-13,05:57:00,7.31,28,365.79,73.75,24.41,3283.95,1800.24,5084.19,36,True,Tardía,Distancia larga
4039,98,27,55,34,2026-03-14,07:21:00,2026-03-14,11:12:00,2026-03-14,11:12:00,10.19,38,110.83,14.25,25.94,2377.15,369.65,2746.8,0,False,Entregada,Entrega realizada en tiempo
4040,43,8,30,21,2026-05-07,09:20:00,2026-05-07,16:23:00,2026-05-07,16:23:00,2.47,9,276.31,29.52,25.06,2200.55,739.77,2940.32,0,False,Entregada,Entrega realizada en tiempo
4041,14,32,26,37,2026-06-22,15:22:00,2026-06-22,08:40:00,2026-06-23,08:40:00,1.21,73,458.2,41.5,25.32,3496.0,1050.78,4546.78,0,False,Entregada,Entrega realizada en tiempo
4042,42,27,1,3,2026-07-21,10:45:00,2026-07-21,13:02:00,2026-07-21,13:02:00,5.89,29,61.94,7.96,24.26,1630.7,193.11,1823.81,0,False,Entregada,Entrega realizada en tiempo
4043,24,37,54,26,2026-07-08,11:33:00,2026-07-08,17:32:00,2026-07-08,17:32:00,0.35,33,173.13,18.46,23.35,1664.65,431.04,2095.69,0,False,Entregada,Entrega realizada en tiempo
4044,73,11,12,9,2026-03-25,07:46:00,2026-03-25,15:19:00,2026-03-25,16:22:00,3.67,34,186.6,39.04,24.47,2072.0,955.31,3027.31,63,True,Tardía,"Hora pico, Carga pesada"
4045,93,13,30,42,2026-02-03,10:31:00,2026-02-03,13:42:00,2026-02-03,13:42:00,10.93,51,106.36,8.68,24.09,2532.8,209.1,2741.9,0,False,Entregada,Entrega realizada en tiempo
4046,37,10,60,28,2026-03-20,09:03:00,2026-03-20,16:04:00,2026-03-20,16:04:00,6.33,24,282.61,28.35,24.89,2738.05,705.63,3443.68,0,False,Entregada,Entrega realizada en tiempo
4047,70,5,15,32,2026-02-09,09:37:00,2026-02-09,21:41:00,2026-02-09,22:26:00,1.86,72,387.53,48.68,24.45,3199.65,1190.23,4389.88,45,True,Tardía,"Hora pico, Distancia larga"
4048,97,10,20,43,2026-02-18,08:10:00,2026-02-18,23:37:00,2026-02-18,23:37:00,1.85,78,482.49,48.39,23.13,3721.45,1119.26,4840.71,0,False,Entregada,Entrega realizada en tiempo
4049,92,20,37,26,2026-02-04,20:16:00,2026-02-04,02:15:00,2026-02-05,02:15:00,9.17,4,177.13,24.03,24.73,2334.65,594.26,2928.91,0,False,Entregada,Entrega realizada en tiempo
4050,83,38,52,22,2026-02-20,06:58:00,2026-02-20,14:37:00,2026-02-20,14:37:00,10.61,70,326.05,27.7,26.74,3751.25,740.7,4491.95,0,False,Entregada,Entrega realizada en tiempo
4051,85,19,49,32,2026-04-14,17:43:00,2026-04-14,05:47:00,2026-04-15,06:41:00,3.55,80,405.79,39.98,24.24,3523.95,969.12,4493.07,54,True,Tardía,"Hora pico, Distancia larga"
4052,52,28,26,25,2026-06-05,12:44:00,2026-06-05,22:10:00,2026-06-05,22:42:00,8.73,72,342.49,50.22,25.07,3661.45,1259.02,4920.47,32,True,Tardía,"Distancia larga, Carga pesada"
4053,65,11,57,44,2026-07-10,14:57:00,2026-07-10,17:07:00,2026-07-10,17:07:00,3.99,3,65.91,13.79,24.34,1252.55,335.65,1588.2,0,False,Entregada,Entrega realizada en tiempo
4054,24,22,51,41,2026-04-20,09:36:00,2026-04-20,16:52:00,2026-04-20,16:52:00,0.92,62,193.18,18.68,24.51,2053.9,457.85,2511.75,0,False,Entregada,Entrega realizada en tiempo
4055,73,10,14,50,2026-02-06,13:28:00,2026-02-06,21:28:00,2026-02-06,21:28:00,4.05,21,228.06,22.87,25.53,2213.3,583.87,2797.17,0,False,Entregada,Entrega realizada en tiempo
4056,39,27,59,35,2026-07-29,09:30:00,2026-07-29,13:04:00,2026-07-29,13:04:00,3.44,8,148.04,19.03,24.08,1648.2,458.24,2106.44,0,False,Entregada,Entrega realizada en tiempo
4057,23,13,50,44,2026-06-24,10:16:00,2026-06-24,12:26:00,2026-06-24,12:26:00,8.5,33,64.24,5.24,26.91,1935.2,141.01,2076.21,0,False,Entregada,Entrega realizada en tiempo
4058,54,26,7,3,2026-04-01,08:59:00,2026-04-01,11:16:00,2026-04-01,11:16:00,14.42,39,60.0,8.56,25.97,2554.0,222.3,2776.3,0,False,Entregada,Entrega realizada en tiempo
4059,12,35,4,25,2026-08-11,19:25:00,2026-08-11,04:51:00,2026-08-12,04:51:00,0.72,22,318.64,43.0,25.2,2341.2,1083.6,3424.8,0,False,Entregada,Entrega realizada en tiempo
4060,97,34,45,34,2026-05-01,09:17:00,2026-05-01,13:08:00,2026-05-01,13:08:00,0.59,33,114.87,9.54,26.94,1397.35,257.01,1654.36,0,False,Entregada,Entrega realizada en tiempo
4061,3,16,44,49,2026-06-16,14:05:00,2026-06-16,04:36:00,2026-06-17,04:36:00,11.38,67,405.97,36.48,25.49,4203.85,929.88,5133.73,0,False,Entregada,Entrega realizada en tiempo
4062,42,27,52,6,2026-02-28,12:17:00,2026-02-28,13:11:00,2026-02-28,13:11:00,2.21,7,28.88,3.71,26.9,921.4,99.8,1021.2,0,False,Entregada,Entrega realizada en tiempo
4063,30,16,56,7,2026-05-20,10:34:00,2026-05-20,14:45:00,2026-05-20,15:13:00,5.17,4,116.87,10.5,25.96,1633.35,272.58,1905.93,28,True,Tardía,Incidencia operativa
4064,35,31,27,38,2026-01-18,08:41:00,2026-01-18,13:12:00,2026-01-18,13:12:00,0.49,27,174.88,24.84,24.98,1639.4,620.5,2259.9,0,False,Entregada,Entrega realizada en tiempo
4065,32,40,36,1,2026-01-24,09:10:00,2026-01-24,15:29:00,2026-01-24,15:53:00,0.61,4,173.41,27.1,25.0,1460.05,677.5,2137.55,24,True,Tardía,Hora pico
4066,47,12,2,1,2026-06-10,08:15:00,2026-06-10,14:34:00,2026-06-10,15:05:00,1.43,75,180.24,25.79,26.71,2144.2,688.85,2833.05,31,True,Tardía,"Hora pico, Carga pesada"
4067,32,26,41,49,2026-06-25,09:43:00,2026-06-25,00:14:00,2026-06-26,00:57:00,2.09,9,364.6,52.01,23.32,2604.0,1212.87,3816.87,43,True,Tardía,"Hora pico, Distancia larga"
4068,63,3,12,16,2026-02-01,20:38:00,2026-02-01,11:06:00,2026-02-02,11:06:00,6.9,55,392.04,84.13,23.14,3590.2,1946.77,5536.97,0,False,Entregada,Entrega realizada en tiempo
4069,15,12,40,23,2026-06-04,05:57:00,2026-06-04,15:18:00,2026-06-04,15:54:00,1.27,32,292.38,41.83,25.54,2344.9,1068.34,3413.24,36,True,Tardía,Carga pesada
4070,52,37,45,45,2026-01-04,05:44:00,2026-01-04,08:25:00,2026-01-04,08:25:00,0.42,1,83.45,8.9,25.62,967.25,228.02,1195.27,0,False,Entregada,Entrega realizada en tiempo
4071,82,6,30,25,2026-08-11,13:53:00,2026-08-11,23:19:00,2026-08-11,23:19:00,0.23,28,351.73,51.42,23.7,2505.65,1218.65,3724.3,0,False,Entregada,Entrega realizada en tiempo
4072,38,20,34,16,2026-03-07,09:50:00,2026-03-07,00:18:00,2026-03-08,00:18:00,5.39,66,408.81,55.47,24.92,3611.05,1382.31,4993.36,0,False,Entregada,Entrega realizada en tiempo
4073,48,5,21,19,2026-07-04,18:19:00,2026-07-04,07:00:00,2026-07-05,07:00:00,4.0,56,384.06,48.25,23.45,3268.3,1131.46,4399.76,0,False,Entregada,Entrega realizada en tiempo
4074,81,4,58,46,2026-06-26,20:28:00,2026-06-26,11:18:00,2026-06-27,11:42:00,1.17,2,391.68,65.83,26.62,2591.4,1752.39,4343.79,24,True,Tardía,Distancia larga
4075,33,4,3,40,2026-03-02,19:00:00,2026-03-02,12:02:00,2026-03-03,12:02:00,1.8,70,461.73,77.6,23.81,3548.65,1847.66,5396.31,0,False,Entregada,Entrega realizada en tiempo
4076,81,37,42,8,2026-02-15,09:10:00,2026-02-15,12:38:00,2026-02-15,13:03:00,0.96,15,92.46,9.86,26.44,1178.3,260.7,1439.0,25,True,Tardía,"Hora pico, Carga pesada"
4077,91,14,12,17,2026-06-28,07:34:00,2026-06-28,13:52:00,2026-06-28,14:23:00,5.83,30,184.57,19.89,25.85,2245.85,514.16,2760.01,31,True,Tardía,Hora pico
4078,50,11,24,10,2026-06-17,06:56:00,2026-06-17,09:21:00,2026-06-17,09:34:00,0.67,21,86.17,18.03,23.39,1165.85,421.72,1587.57,13,True,Tardía,Incidencia operativa
4079,60,37,23,47,2026-03-16,09:33:00,2026-03-16,21:17:00,2026-03-16,22:17:00,0.59,28,364.16,38.82,26.0,2603.8,1009.32,3613.12,60,True,Tardía,"Tráfico alto, Hora pico, Distancia larga"
4080,11,26,29,33,2026-01-29,08:51:00,2026-01-29,17:45:00,2026-01-29,17:45:00,2.25,56,289.13,41.25,24.87,2618.65,1025.89,3644.54,0,False,Entregada,Entrega realizada en tiempo
4081,95,35,27,48,2026-02-04,05:11:00,2026-02-04,10:24:00,2026-02-04,11:06:00,0.64,41,199.26,26.89,24.59,1888.3,661.23,2549.53,42,True,Tardía,Tráfico alto
4082,33,11,28,29,2026-03-01,05:10:00,2026-03-01,10:24:00,2026-03-01,10:52:00,1.54,22,203.49,42.57,24.2,1847.45,1030.19,2877.64,28,True,Tardía,Incidencia operativa
4083,62,22,14,42,2026-08-08,05:18:00,2026-08-08,08:29:00,2026-08-08,09:11:00,1.41,2,93.26,9.02,25.09,1123.3,226.31,1349.61,42,True,Tardía,"Tráfico alto, Carga pesada"
4084,100,5,4,43,2026-03-29,05:28:00,2026-03-29,20:55:00,2026-03-29,20:55:00,14.97,42,485.56,61.0,23.01,4760.8,1403.61,6164.41,0,False,Entregada,Entrega realizada en tiempo
4085,34,33,21,11,2026-05-21,12:26:00,2026-05-21,15:12:00,2026-05-21,15:12:00,0.39,63,71.36,9.1,23.93,1399.8,217.76,1617.56,0,False,Entregada,Entrega realizada en tiempo
4086,64,33,17,28,2026-04-26,18:03:00,2026-04-26,01:04:00,2026-04-27,01:04:00,0.6,1,266.75,34.02,25.9,1901.75,881.12,2782.87,0,False,Entregada,Entrega realizada en tiempo
4087,4,29,26,18,2026-06-18,12:53:00,2026-06-18,05:01:00,2026-06-19,05:01:00,0.62,6,403.34,42.15,25.04,2626.7,1055.44,3682.14,0,False,Entregada,Entrega realizada en tiempo
4088,42,21,46,1,2026-01-22,18:57:00,2026-01-22,01:16:00,2026-01-23,01:16:00,0.64,21,185.05,25.88,24.82,1657.25,642.34,2299.59,0,False,Entregada,Entrega realizada en tiempo
4089,77,29,16,47,2026-02-05,20:11:00,2026-02-05,07:55:00,2026-02-06,08:48:00,4.87,73,359.57,37.57,23.04,3368.85,865.61,4234.46,53,True,Tardía,"Tráfico alto, Distancia larga"
4090,14,6,49,11,2026-01-17,09:16:00,2026-01-17,12:02:00,2026-01-17,12:02:00,1.08,4,66.52,9.73,23.78,972.6,231.38,1203.98,0,False,Entregada,Entrega realizada en tiempo
4091,50,35,2,5,2026-08-15,06:23:00,2026-08-15,16:19:00,2026-08-15,16:52:00,0.95,4,296.21,39.97,24.26,2108.05,969.67,3077.72,33,True,Tardía,Tráfico alto
4092,9,31,41,46,2026-08-01,11:54:00,2026-08-01,02:44:00,2026-08-02,02:44:00,24.64,61,377.65,53.64,25.88,5340.25,1388.2,6728.45,0,False,Entregada,Entrega realizada en tiempo
4093,59,4,43,26,2026-03-11,20:22:00,2026-03-11,02:21:00,2026-03-12,02:21:00,0.78,57,181.6,30.52,26.65,1942.0,813.36,2755.36,0,False,Entregada,Entrega realizada en tiempo
4094,72,26,13,41,2026-06-18,07:10:00,2026-06-18,14:26:00,2026-06-18,14:26:00,13.71,33,203.06,28.97,24.79,3150.3,718.17,3868.47,0,False,Entregada,Entrega realizada en tiempo
4095,85,39,2,20,2026-06-12,12:34:00,2026-06-12,14:07:00,2026-06-12,14:07:00,6.6,11,54.4,4.39,25.17,1520.0,110.5,1630.5,0,False,Entregada,Entrega realizada en tiempo
4096,85,34,8,37,2026-01-16,08:06:00,2026-01-16,01:24:00,2026-01-17,01:24:00,4.41,36,428.61,35.6,24.34,3372.05,866.5,4238.55,0,False,Entregada,Entrega realizada en tiempo
4097,53,32,51,45,2026-04-13,17:28:00,2026-04-13,20:09:00,2026-04-13,20:09:00,1.01,54,89.23,8.08,25.34,1479.15,204.75,1683.9,0,False,Entregada,Entrega realizada en tiempo
4098,44,9,18,37,2026-04-13,05:06:00,2026-04-13,22:24:00,2026-04-13,22:46:00,0.29,62,449.0,36.71,24.8,3270.0,910.41,4180.41,22,True,Tardía,Distancia larga
4099,40,22,5,31,2026-08-11,17:48:00,2026-08-11,01:20:00,2026-08-12,01:58:00,1.46,6,186.6,18.05,23.02,1627.0,415.51,2042.51,38,True,Tardía,"Hora pico, Carga pesada"
4100,91,23,15,20,2026-04-26,19:55:00,2026-04-26,21:28:00,2026-04-26,21:28:00,1.73,21,64.54,11.82,25.63,1163.7,302.95,1466.65,0,False,Entregada,Entrega realizada en tiempo
4101,42,13,47,10,2026-01-16,14:40:00,2026-01-16,17:05:00,2026-01-16,17:05:00,12.33,76,77.87,6.35,23.73,2730.35,150.69,2881.04,0,False,Entregada,Entrega realizada en tiempo
4102,35,34,37,36,2026-05-02,10:23:00,2026-05-02,14:17:00,2026-05-02,14:17:00,2.79,65,99.52,8.27,26.91,1796.6,222.55,2019.15,0,False,Entregada,Entrega realizada en tiempo
4103,22,40,39,13,2026-02-25,13:44:00,2026-02-25,01:27:00,2026-02-26,01:27:00,0.61,61,305.65,47.76,25.51,2577.25,1218.36,3795.61,0,False,Entregada,Entrega realizada en tiempo
4104,21,17,2,40,2026-03-04,19:25:00,2026-03-04,12:27:00,2026-03-05,13:42:00,1.06,55,425.97,75.66,24.14,3175.85,1826.43,5002.28,75,True,Tardía,"Hora pico, Distancia larga, Carga pesada"
4105,37,18,9,44,2026-04-27,10:37:00,2026-04-27,12:47:00,2026-04-27,12:47:00,0.85,72,58.71,5.5,25.89,1454.55,142.4,1596.95,0,False,Entregada,Entrega realizada en tiempo
4106,51,23,9,46,2026-03-03,07:35:00,2026-03-03,22:25:00,2026-03-03,23:16:00,1.13,71,450.18,82.45,26.16,3431.9,2156.89,5588.79,51,True,Tardía,"Hora pico, Distancia larga"
4107,20,31,16,22,2026-08-10,10:53:00,2026-08-10,18:32:00,2026-08-10,18:32:00,7.56,31,301.37,42.81,26.58,3010.85,1137.89,4148.74,0,False,Entregada,Entrega realizada en tiempo
4108,50,11,4,7,2026-04-16,16:12:00,2026-04-16,20:23:00,2026-04-16,20:23:00,2.85,32,128.25,26.83,23.24,1682.25,623.53,2305.78,0,False,Entregada,Entrega realizada en tiempo
4109,34,9,6,24,2026-04-12,09:16:00,2026-04-12,17:53:00,2026-04-12,18:59:00,0.64,44,304.5,24.9,26.2,2438.5,652.38,3090.88,66,True,Tardía,"Tráfico alto, Hora pico, Distancia larga"
4110,68,36,27,12,2026-02-25,09:23:00,2026-02-25,21:01:00,2026-02-25,21:48:00,0.62,59,453.35,53.46,24.45,3300.75,1307.1,4607.85,47,True,Tardía,"Hora pico, Distancia larga"
4111,92,8,48,42,2026-03-20,09:17:00,2026-03-20,12:28:00,2026-03-20,12:28:00,5.6,38,96.73,10.33,23.34,1847.65,241.1,2088.75,0,False,Entregada,Entrega realizada en tiempo
4112,14,30,22,17,2026-05-28,11:18:00,2026-05-28,17:36:00,2026-05-28,17:36:00,10.99,73,177.05,15.21,25.57,3068.25,388.92,3457.17,0,False,Entregada,Entrega realizada en tiempo
4113,22,6,41,36,2026-05-17,12:11:00,2026-05-17,16:05:00,2026-05-17,16:05:00,0.73,39,94.37,13.8,25.02,1356.85,345.28,1702.13,0,False,Entregada,Entrega realizada en tiempo
4114,47,5,11,40,2026-01-29,08:58:00,2026-01-29,02:00:00,2026-01-30,03:00:00,8.04,53,459.33,57.7,26.61,4024.65,1535.4,5560.05,60,True,Tardía,"Hora pico, Distancia larga"
4115,85,25,19,12,2026-05-31,19:28:00,2026-05-31,07:06:00,2026-06-01,07:48:00,0.44,23,412.68,87.8,25.61,2791.4,2248.56,5039.96,42,True,Tardía,"Hora pico, Distancia larga"
4116,80,40,34,32,2026-04-06,08:23:00,2026-04-06,20:27:00,2026-04-06,20:27:00,1.24,31,392.89,61.39,23.24,2836.45,1426.7,4263.15,0,False,Entregada,Entrega realizada en tiempo
4117,41,8,17,24,2026-06-16,07:51:00,2026-06-16,16:28:00,2026-06-16,17:44:00,3.92,68,339.96,36.32,26.67,3135.8,968.65,4104.45,76,True,Tardía,"Tráfico alto, Hora pico, Distancia larga"
4118,31,4,22,30,2026-07-28,20:10:00,2026-07-28,01:18:00,2026-07-29,01:18:00,0.24,34,132.59,22.28,23.79,1458.95,530.04,1988.99,0,False,Entregada,Entrega realizada en tiempo
4119,10,2,47,33,2026-01-24,08:16:00,2026-01-24,17:10:00,2026-01-24,17:10:00,13.01,52,283.69,57.2,26.62,3635.45,1522.66,5158.11,0,False,Entregada,Entrega realizada en tiempo
4120,31,31,35,41,2026-06-24,15:10:00,2026-06-24,22:26:00,2026-06-24,22:26:00,8.48,40,181.37,25.76,23.19,2574.85,597.37,3172.22,0,False,Entregada,Entrega realizada en tiempo
4121,82,5,59,18,2026-06-11,16:00:00,2026-06-11,08:08:00,2026-06-12,08:08:00,16.52,55,423.68,53.23,25.97,4710.4,1382.38,6092.78,0,False,Entregada,Entrega realizada en tiempo
4122,50,8,47,2,2026-04-07,16:15:00,2026-04-07,02:10:00,2026-04-08,02:10:00,5.34,58,312.06,33.34,25.43,3058.3,847.84,3906.14,0,False,Entregada,Entrega realizada en tiempo
4123,19,5,34,32,2026-06-03,06:24:00,2026-06-03,18:28:00,2026-06-03,18:53:00,12.59,44,401.87,50.49,24.75,4120.35,1249.63,5369.98,25,True,Tardía,Distancia larga
4124,45,38,1,7,2026-01-28,09:20:00,2026-01-28,13:31:00,2026-01-28,13:54:00,9.94,1,120.87,10.27,24.66,2106.35,253.26,2359.61,23,True,Tardía,Hora pico
4125,1,17,49,4,2026-02-17,18:10:00,2026-02-17,20:44:00,2026-02-17,20:44:00,0.65,72,111.28,19.77,25.48,1697.4,503.74,2201.14,0,False,Entregada,Entrega realizada en tiempo
4126,54,33,15,41,2026-02-04,08:59:00,2026-02-04,16:15:00,2026-02-04,16:44:00,0.48,23,190.72,24.33,24.06,1685.6,585.38,2270.98,29,True,Tardía,Hora pico
4127,90,40,36,19,2026-02-06,14:02:00,2026-02-06,02:43:00,2026-02-07,02:43:00,0.33,60,402.58,62.9,26.05,3025.9,1638.55,4664.45,0,False,Entregada,Entrega realizada en tiempo
4128,80,39,53,41,2026-07-12,17:32:00,2026-07-12,00:48:00,2026-07-13,01:24:00,0.96,34,200.37,16.17,23.27,1869.85,376.28,2246.13,36,True,Tardía,Hora pico
4129,11,18,54,18,2026-02-04,11:25:00,2026-02-04,03:33:00,2026-02-05,03:33:00,0.57,2,418.39,39.18,23.89,2664.95,936.01,3600.96,0,False,Entregada,Entrega realizada en tiempo
4130,63,11,16,46,2026-08-05,20:58:00,2026-08-05,11:48:00,2026-08-06,12:25:00,2.96,55,382.74,80.07,23.68,3149.7,1896.06,5045.76,37,True,Tardía,Distancia larga
4131,91,21,48,39,2026-07-01,11:29:00,2026-07-01,19:52:00,2026-07-01,19:52:00,1.12,42,225.43,31.53,25.79,2075.15,813.16,2888.31,0,False,Entregada,Entrega realizada en tiempo
4132,28,32,45,49,2026-06-05,19:10:00,2026-06-05,09:41:00,2026-06-06,10:36:00,3.9,76,362.5,32.84,24.91,3310.5,818.04,4128.54,55,True,Tardía,"Hora pico, Distancia larga"
4133,61,39,42,35,2026-08-06,09:24:00,2026-08-06,12:58:00,2026-08-06,12:58:00,7.7,57,152.16,12.28,24.88,2486.8,305.53,2792.33,0,False,Entregada,Entrega realizada en tiempo
4134,93,7,3,24,2026-05-31,09:38:00,2026-05-31,18:15:00,2026-05-31,18:15:00,1.62,35,314.47,51.55,25.14,2514.35,1295.97,3810.32,0,False,Entregada,Entrega realizada en tiempo
4135,41,1,50,18,2026-07-29,10:36:00,2026-07-29,02:44:00,2026-07-30,02:44:00,0.99,8,460.05,44.41,24.36,2963.25,1081.83,4045.08,0,False,Entregada,Entrega realizada en tiempo
4136,56,2,56,9,2026-05-16,14:49:00,2026-05-16,22:22:00,2026-05-16,22:22:00,14.84,71,193.68,39.05,25.48,3520.4,994.99,4515.39,0,False,Entregada,Entrega realizada en tiempo
4137,50,28,46,1,2026-08-07,16:13:00,2026-08-07,22:32:00,2026-08-07,22:32:00,2.65,46,183.25,26.87,24.87,2049.25,668.26,2717.51,0,False,Entregada,Entrega realizada en tiempo
4138,51,2,59,32,2026-03-25,07:51:00,2026-03-25,19:55:00,2026-03-25,20:42:00,6.51,22,364.44,73.48,23.52,3149.2,1728.25,4877.45,47,True,Tardía,"Hora pico, Distancia larga"
4139,22,9,25,20,2026-08-03,12:58:00,2026-08-03,14:31:00,2026-08-03,14:31:00,0.37,14,63.05,5.16,26.51,964.25,136.79,1101.04,0,False,Entregada,Entrega realizada en tiempo
4140,17,18,23,38,2026-03-17,06:32:00,2026-03-17,11:03:00,2026-03-17,11:03:00,0.26,45,194.49,18.21,25.43,1858.45,463.08,2321.53,0,False,Entregada,Entrega realizada en tiempo
4141,30,21,26,24,2026-03-03,13:10:00,2026-03-03,21:47:00,2026-03-03,21:47:00,0.47,36,306.02,42.8,24.88,2365.1,1064.86,3429.96,0,False,Entregada,Entrega realizada en tiempo
4142,59,38,22,3,2026-07-30,17:46:00,2026-07-30,20:03:00,2026-07-30,20:03:00,1.11,54,59.05,5.02,26.71,1338.25,134.08,1472.33,0,False,Entregada,Entrega realizada en tiempo
4143,100,21,30,15,2026-05-05,11:35:00,2026-05-05,13:58:00,2026-05-05,13:58:00,1.39,46,67.65,9.46,26.0,1345.25,245.96,1591.21,0,False,Entregada,Entrega realizada en tiempo
4144,43,5,11,11,2026-03-26,20:53:00,2026-03-26,23:39:00,2026-03-26,23:39:00,4.27,38,71.73,9.01,26.17,1589.65,235.79,1825.44,0,False,Entregada,Entrega realizada en tiempo
4145,82,4,6,43,2026-05-06,13:49:00,2026-05-06,05:16:00,2026-05-07,05:16:00,1.29,22,475.25,79.87,26.41,3181.25,2109.37,5290.62,0,False,Entregada,Entrega realizada en tiempo
4146,76,12,40,18,2026-05-25,16:20:00,2026-05-25,08:28:00,2026-05-26,09:14:00,1.15,21,427.11,61.1,24.99,2918.55,1526.89,4445.44,46,True,Tardía,Distancia larga
4147,87,38,60,37,2026-06-07,06:09:00,2026-06-07,23:27:00,2026-06-07,23:27:00,10.11,8,481.59,40.92,25.66,3982.95,1050.01,5032.96,0,False,Entregada,Entrega realizada en tiempo
4148,44,18,3,29,2026-01-01,06:35:00,2026-01-01,11:49:00,2026-01-01,11:49:00,0.21,34,183.57,17.19,24.37,1710.85,418.92,2129.77,0,False,Entregada,Entrega realizada en tiempo
4149,92,6,9,19,2026-02-06,16:36:00,2026-02-06,05:17:00,2026-02-07,05:17:00,1.34,41,390.2,57.05,24.28,2913.0,1385.17,4298.17,0,False,Entregada,Entrega realizada en tiempo
4150,89,35,22,5,2026-07-01,09:43:00,2026-07-01,19:39:00,2026-07-01,19:39:00,0.82,78,289.41,39.06,24.5,2653.05,956.97,3610.02,0,False,Entregada,Entrega realizada en tiempo
4151,32,22,11,40,2026-03-14,16:04:00,2026-03-14,09:06:00,2026-03-15,09:39:00,0.67,40,457.86,44.28,23.09,3176.3,1022.43,4198.73,33,True,Tardía,Distancia larga
4152,8,33,23,10,2026-01-06,15:50:00,2026-01-06,18:15:00,2026-01-06,18:15:00,0.7,32,81.79,10.43,26.54,1234.95,276.81,1511.76,0,False,Entregada,Entrega realizada en tiempo
4153,10,5,34,39,2026-05-08,19:31:00,2026-05-08,03:54:00,2026-05-09,03:54:00,13.33,25,229.07,28.78,25.09,3178.35,722.09,3900.44,0,False,Entregada,Entrega realizada en tiempo
4154,84,25,58,23,2026-06-04,09:42:00,2026-06-04,19:03:00,2026-06-04,19:03:00,1.88,28,266.28,56.66,23.16,2243.4,1312.25,3555.65,0,False,Entregada,Entrega realizada en tiempo
4155,14,40,5,31,2026-01-22,15:03:00,2026-01-22,22:35:00,2026-01-22,22:35:00,0.74,32,205.57,32.12,26.31,1857.85,845.08,2702.93,0,False,Entregada,Entrega realizada en tiempo
4156,87,15,4,33,2026-07-28,14:18:00,2026-07-28,23:12:00,2026-07-29,00:01:00,0.43,37,288.99,59.46,24.0,2283.95,1427.04,3710.99,49,True,Tardía,Tráfico alto
4157,84,28,4,43,2026-02-16,05:40:00,2026-02-16,21:07:00,2026-02-16,21:07:00,8.03,78,436.76,64.04,23.35,4110.8,1495.33,5606.13,0,False,Entregada,Entrega realizada en tiempo
4158,61,36,35,4,2026-07-07,09:43:00,2026-07-07,12:17:00,2026-07-07,13:04:00,1.71,9,115.09,13.57,25.9,1318.45,351.46,1669.91,47,True,Tardía,"Hora pico, Carga pesada"
4159,93,27,32,30,2026-07-20,17:29:00,2026-07-20,22:37:00,2026-07-20,22:37:00,1.63,31,124.5,16.0,24.37,1533.5,389.92,1923.42,0,False,Entregada,Entrega realizada en tiempo
4160,59,25,20,23,2026-03-31,12:21:00,2026-03-31,21:42:00,2026-03-31,21:42:00,10.54,80,292.22,62.17,23.83,3655.1,1481.51,5136.61,0,False,Entregada,Entrega realizada en tiempo
4161,65,8,40,22,2026-07-26,11:12:00,2026-07-26,18:51:00,2026-07-26,18:51:00,0.77,46,290.96,31.09,25.89,2399.8,804.92,3204.72,0,False,Entregada,Entrega realizada en tiempo
4162,14,4,9,25,2026-06-09,09:36:00,2026-06-09,19:02:00,2026-06-09,19:02:00,0.57,41,374.92,63.01,23.94,2759.6,1508.46,4268.06,0,False,Entregada,Entrega realizada en tiempo
4163,7,35,40,47,2026-07-12,08:12:00,2026-07-12,19:56:00,2026-07-12,20:47:00,0.41,32,335.87,45.33,24.25,2476.35,1099.25,3575.6,51,True,Tardía,"Tráfico alto, Hora pico, Distancia larga"
4164,84,34,21,22,2026-07-11,05:29:00,2026-07-11,13:08:00,2026-07-11,13:31:00,7.16,3,291.29,24.19,24.73,2696.45,598.22,3294.67,23,True,Tardía,Carga pesada
4165,55,1,25,29,2026-03-14,08:20:00,2026-03-14,13:34:00,2026-03-14,13:34:00,1.08,16,179.08,17.29,24.19,1631.4,418.25,2049.65,0,False,Entregada,Entrega realizada en tiempo
4166,65,31,28,11,2026-01-28,16:18:00,2026-01-28,19:04:00,2026-01-28,19:04:00,22.24,72,69.25,9.84,25.94,3646.25,255.25,3901.5,0,False,Entregada,Entrega realizada en tiempo
4167,33,9,30,45,2026-08-13,17:15:00,2026-08-13,19:56:00,2026-08-13,20:21:00,0.64,7,87.05,7.12,24.75,1055.25,176.22,1231.47,25,True,Tardía,Hora pico
4168,42,31,59,11,2026-03-30,09:42:00,2026-03-30,12:28:00,2026-03-30,13:10:00,5.86,5,65.83,9.35,25.48,1455.15,238.24,1693.39,42,True,Tardía,Hora pico
4169,59,30,50,8,2026-02-11,14:34:00,2026-02-11,18:02:00,2026-02-11,18:02:00,5.42,24,95.72,8.22,25.12,1712.6,206.49,1919.09,0,False,Entregada,Entrega realizada en tiempo
4170,99,36,39,6,2026-06-01,12:53:00,2026-06-01,13:47:00,2026-06-01,13:47:00,1.54,78,30.12,3.55,23.33,1428.6,82.82,1511.42,0,False,Entregada,Entrega realizada en tiempo
4171,87,22,40,38,2026-01-18,11:20:00,2026-01-18,15:51:00,2026-01-18,15:51:00,0.81,51,191.95,18.56,24.17,1948.75,448.6,2397.35,0,False,Entregada,Entrega realizada en tiempo
4172,39,28,17,50,2026-03-24,08:15:00,2026-03-24,16:15:00,2026-03-24,16:40:00,5.59,75,267.57,39.23,26.87,2996.85,1054.11,4050.96,25,True,Tardía,Hora pico
4173,22,20,56,10,2026-08-13,19:24:00,2026-08-13,21:49:00,2026-08-13,21:49:00,5.53,64,79.53,10.79,24.32,1962.65,262.41,2225.06,0,False,Entregada,Entrega realizada en tiempo
4174,64,1,51,5,2026-05-09,18:48:00,2026-05-09,04:44:00,2026-05-10,04:44:00,0.59,63,289.77,27.97,24.39,2511.85,682.19,3194.04,0,False,Entregada,Entrega realizada en tiempo
4175,6,8,58,44,2026-03-19,15:28:00,2026-03-19,17:38:00,2026-03-19,17:38:00,2.83,6,64.14,6.85,25.46,1151.7,174.4,1326.1,0,False,Entregada,Entrega realizada en tiempo
4176,97,15,28,32,2026-02-06,13:57:00,2026-02-06,02:01:00,2026-02-07,02:01:00,0.28,6,395.68,81.42,26.63,2554.4,2168.21,4722.61,0,False,Entregada,Entrega realizada en tiempo
4177,90,2,4,45,2026-03-21,07:29:00,2026-03-21,10:10:00,2026-03-21,10:10:00,3.68,62,79.39,16.01,23.13,1760.95,370.31,2131.26,0,False,Entregada,Entrega realizada en tiempo
4178,82,32,16,18,2026-06-29,16:02:00,2026-06-29,08:10:00,2026-06-30,08:35:00,2.04,32,403.96,36.59,25.65,2979.8,938.53,3918.33,25,True,Tardía,Distancia larga
4179,2,32,38,40,2026-02-02,07:24:00,2026-02-02,00:26:00,2026-02-03,00:26:00,2.81,35,444.91,40.3,24.29,3285.55,978.89,4264.44,0,False,Entregada,Entrega realizada en tiempo
4180,23,32,23,19,2026-06-15,09:45:00,2026-06-15,22:26:00,2026-06-15,22:26:00,2.2,65,375.76,34.04,25.67,3118.8,873.81,3992.61,0,False,Entregada,Entrega realizada en tiempo
4181,26,9,49,36,2026-07-13,15:31:00,2026-07-13,19:25:00,2026-07-13,19:25:00,0.33,65,94.35,7.71,23.36,1524.75,180.11,1704.86,0,False,Entregada,Entrega realizada en tiempo
4182,46,4,28,26,2026-05-14,19:04:00,2026-05-14,01:03:00,2026-05-15,02:05:00,2.25,45,165.8,27.87,26.34,1914.0,734.1,2648.1,62,True,Tardía,"Tráfico alto, Hora pico, Carga pesada"
4183,87,27,6,27,2026-04-17,20:37:00,2026-04-17,08:20:00,2026-04-18,08:20:00,5.74,39,286.51,36.83,25.26,2818.55,930.33,3748.88,0,False,Entregada,Entrega realizada en tiempo
4184,54,16,25,17,2026-04-15,05:21:00,2026-04-15,11:39:00,2026-04-15,11:39:00,9.95,73,180.51,16.22,24.25,2981.55,393.33,3374.88,0,False,Entregada,Entrega realizada en tiempo
4185,90,27,8,5,2026-02-26,09:37:00,2026-02-26,19:33:00,2026-02-26,20:13:00,7.71,43,299.13,38.45,24.04,3110.65,924.34,4034.99,40,True,Tardía,"Tráfico alto, Hora pico"
4186,48,5,33,10,2026-04-06,15:38:00,2026-04-06,18:03:00,2026-04-06,18:17:00,3.46,52,79.17,9.95,23.33,1657.85,232.13,1889.98,14,True,Tardía,Incidencia operativa
4187,19,28,58,37,2026-04-26,12:35:00,2026-04-26,05:53:00,2026-04-27,05:53:00,7.43,50,490.17,71.87,25.21,4093.85,1811.84,5905.69,0,False,Entregada,Entrega realizada en tiempo
4188,68,31,37,49,2026-07-31,19:40:00,2026-07-31,10:11:00,2026-08-01,10:11:00,3.67,78,386.59,54.91,25.96,3423.95,1425.46,4849.41,0,False,Entregada,Entrega realizada en tiempo
4189,11,37,28,15,2026-01-15,14:10:00,2026-01-15,16:33:00,2026-01-15,16:33:00,0.39,64,57.75,6.16,24.04,1339.75,148.09,1487.84,0,False,Entregada,Entrega realizada en tiempo
4190,27,25,37,12,2026-02-16,14:52:00,2026-02-16,02:30:00,2026-02-17,02:30:00,3.74,73,388.81,82.73,24.69,3402.05,2042.6,5444.65,0,False,Entregada,Entrega realizada en tiempo
4191,18,16,1,8,2026-02-04,18:18:00,2026-02-04,21:46:00,2026-02-04,21:46:00,14.11,52,100.37,9.02,25.87,2828.85,233.35,3062.2,0,False,Entregada,Entrega realizada en tiempo
4192,2,8,32,25,2026-02-22,08:48:00,2026-02-22,18:14:00,2026-02-22,19:10:00,1.04,78,310.53,33.18,24.87,2780.65,825.19,3605.84,56,True,Tardía,"Hora pico, Distancia larga"
4193,88,2,54,34,2026-04-03,14:14:00,2026-04-03,18:05:00,2026-04-03,18:19:00,13.35,50,102.42,20.65,23.7,2747.1,489.4,3236.5,14,True,Tardía,Incidencia operativa
4194,2,27,13,23,2026-04-17,18:13:00,2026-04-17,03:34:00,2026-04-18,03:34:00,8.34,46,260.41,33.47,24.49,3004.05,819.68,3823.73,0,False,Entregada,Entrega realizada en tiempo
4195,80,19,11,50,2026-06-05,19:19:00,2026-06-05,03:19:00,2026-06-06,03:43:00,4.55,9,243.03,23.94,26.35,2242.15,630.82,2872.97,24,True,Tardía,Hora pico
4196,91,3,14,48,2026-02-10,18:13:00,2026-02-10,23:26:00,2026-02-11,00:20:00,1.19,3,173.64,37.26,23.7,1511.2,883.06,2394.26,54,True,Tardía,"Tráfico alto, Hora pico"
4197,57,20,56,45,2026-04-08,09:47:00,2026-04-08,12:28:00,2026-04-08,13:00:00,2.56,42,83.1,11.28,26.36,1507.5,297.34,1804.84,32,True,Tardía,Hora pico
4198,11,8,36,33,2026-06-26,08:00:00,2026-06-26,16:54:00,2026-06-26,16:54:00,4.05,32,268.81,28.72,25.16,2505.05,722.6,3227.65,0,False,Entregada,Entrega realizada en tiempo
4199,88,28,55,44,2026-06-30,13:32:00,2026-06-30,15:42:00,2026-06-30,15:42:00,0.31,53,65.11,9.55,25.65,1280.55,244.96,1525.51,0,False,Entregada,Entrega realizada en tiempo
4200,72,22,13,42,2026-06-20,07:45:00,2026-06-20,10:56:00,2026-06-20,11:44:00,1.01,14,106.12,10.26,24.87,1243.6,255.17,1498.77,48,True,Tardía,"Tráfico alto, Hora pico"
4201,78,2,52,14,2026-06-13,15:27:00,2026-06-13,00:12:00,2026-06-14,00:12:00,9.79,50,270.19,54.47,24.57,3229.95,1338.33,4568.28,0,False,Entregada,Entrega realizada en tiempo
4202,93,40,20,31,2026-02-14,19:04:00,2026-02-14,02:36:00,2026-02-15,03:19:00,0.96,32,214.66,33.54,25.06,1925.3,840.51,2765.81,43,True,Tardía,Hora pico
4203,44,1,13,13,2026-06-25,18:39:00,2026-06-25,06:22:00,2026-06-26,06:22:00,1.41,7,308.22,29.75,25.67,2238.1,763.68,3001.78,0,False,Entregada,Entrega realizada en tiempo
4204,77,18,2,15,2026-05-06,14:13:00,2026-05-06,16:36:00,2026-05-06,16:36:00,0.41,45,60.18,5.63,23.79,1201.9,133.94,1335.84,0,False,Entregada,Entrega realizada en tiempo
4205,96,7,43,13,2026-02-09,11:47:00,2026-02-09,23:30:00,2026-02-10,00:09:00,1.01,44,333.81,54.72,24.66,2622.05,1349.4,3971.45,39,True,Tardía,Distancia larga
4206,13,38,41,22,2026-01-13,10:03:00,2026-01-13,17:42:00,2026-01-13,17:42:00,7.64,48,294.18,24.99,24.82,3118.9,620.25,3739.15,0,False,Entregada,Entrega realizada en tiempo
4207,8,30,51,5,2026-02-02,15:21:00,2026-02-02,01:17:00,2026-02-03,02:12:00,9.42,20,304.56,26.16,25.0,3124.8,654.0,3778.8,55,True,Tardía,"Tráfico alto, Distancia larga"
4208,21,39,33,16,2026-05-10,19:57:00,2026-05-10,10:25:00,2026-05-11,10:25:00,2.62,22,440.9,35.59,26.63,3142.5,947.76,4090.26,0,False,Entregada,Entrega realizada en tiempo
4209,10,21,8,18,2026-05-31,17:28:00,2026-05-31,09:36:00,2026-06-01,10:23:00,0.86,64,457.63,64.0,24.6,3386.15,1574.4,4960.55,47,True,Tardía,"Hora pico, Distancia larga"
4210,11,27,55,23,2026-04-23,16:53:00,2026-04-23,02:14:00,2026-04-24,02:36:00,11.55,45,270.06,34.71,25.81,3365.3,895.87,4261.17,22,True,Tardía,Carga pesada
4211,97,25,7,37,2026-06-17,13:42:00,2026-06-17,07:00:00,2026-06-18,07:00:00,7.72,35,484.68,103.12,25.25,3975.4,2603.78,6579.18,0,False,Entregada,Entrega realizada en tiempo
4212,4,9,37,20,2026-05-24,11:37:00,2026-05-24,13:10:00,2026-05-24,13:10:00,0.52,38,56.89,4.65,26.41,1140.45,122.81,1263.26,0,False,Entregada,Entrega realizada en tiempo
4213,33,21,30,31,2026-08-02,16:55:00,2026-08-02,00:27:00,2026-08-03,00:44:00,1.37,51,187.9,26.28,26.67,1984.5,700.89,2685.39,17,True,Tardía,Incidencia operativa
4214,69,28,22,41,2026-03-29,05:49:00,2026-03-29,13:05:00,2026-03-29,13:05:00,3.67,5,208.44,30.56,25.33,1949.2,774.08,2723.28,0,False,Entregada,Entrega realizada en tiempo
4215,12,24,39,23,2026-07-04,15:47:00,2026-07-04,01:08:00,2026-07-05,01:08:00,4.9,57,263.83,24.73,23.57,2765.15,582.89,3348.04,0,False,Entregada,Entrega realizada en tiempo
4216,27,37,45,42,2026-07-09,14:59:00,2026-07-09,18:10:00,2026-07-09,18:10:00,0.39,76,94.85,10.11,24.53,1621.25,248.0,1869.25,0,False,Entregada,Entrega realizada en tiempo
4217,2,8,38,50,2026-03-14,07:09:00,2026-03-14,15:09:00,2026-03-14,15:39:00,1.86,59,236.33,25.25,25.25,2339.65,637.56,2977.21,30,True,Tardía,Hora pico
4218,42,15,27,3,2026-06-30,19:31:00,2026-06-30,21:48:00,2026-06-30,22:21:00,0.88,69,58.84,12.11,23.0,1434.2,278.53,1712.73,33,True,Tardía,Hora pico
4219,18,2,58,15,2026-06-12,09:35:00,2026-06-12,11:58:00,2026-06-12,12:20:00,7.59,71,61.66,12.43,23.05,2135.3,286.51,2421.81,22,True,Tardía,Hora pico
4220,74,40,28,26,2026-08-07,18:27:00,2026-08-07,00:26:00,2026-08-08,01:29:00,1.51,29,164.43,25.69,23.89,1705.15,613.73,2318.88,63,True,Tardía,"Tráfico alto, Hora pico, Carga pesada"
4221,100,17,33,15,2026-04-07,14:26:00,2026-04-07,16:49:00,2026-04-07,17:19:00,0.27,62,58.11,10.32,23.4,1313.55,241.49,1555.04,30,True,Tardía,Incidencia operativa
4222,81,1,23,26,2026-06-18,13:31:00,2026-06-18,19:30:00,2026-06-18,19:30:00,1.06,37,171.09,16.51,26.39,1757.45,435.7,2193.15,0,False,Entregada,Entrega realizada en tiempo
4223,76,27,32,31,2026-01-09,13:16:00,2026-01-09,20:48:00,2026-01-09,20:48:00,5.82,51,195.9,25.18,23.8,2469.5,599.28,3068.78,0,False,Entregada,Entrega realizada en tiempo
4224,32,5,26,17,2026-07-05,05:37:00,2026-07-05,11:55:00,2026-07-05,11:55:00,1.19,44,179.23,22.52,24.7,1867.15,556.24,2423.39,0,False,Entregada,Entrega realizada en tiempo
4225,71,35,32,48,2026-03-03,06:48:00,2026-03-03,12:01:00,2026-03-03,12:01:00,0.78,46,171.07,23.09,25.01,1801.35,577.48,2378.83,0,False,Entregada,Entrega realizada en tiempo
4226,69,8,4,11,2026-03-26,09:06:00,2026-03-26,11:52:00,2026-03-26,11:52:00,0.81,18,67.05,7.16,26.2,1060.25,187.59,1247.84,0,False,Entregada,Entrega realizada en tiempo
4227,55,27,9,21,2026-03-11,18:49:00,2026-03-11,01:52:00,2026-03-12,01:52:00,1.56,66,300.96,38.68,25.75,2688.8,996.01,3684.81,0,False,Entregada,Entrega realizada en tiempo
4228,73,21,34,4,2026-03-20,05:54:00,2026-03-20,08:28:00,2026-03-20,08:28:00,0.5,12,100.23,14.02,24.54,1147.15,344.05,1491.2,0,False,Entregada,Entrega realizada en tiempo
4229,41,39,51,30,2026-07-16,05:02:00,2026-07-16,10:10:00,2026-07-16,10:38:00,1.65,4,142.6,11.51,25.69,1410.0,295.69,1705.69,28,True,Tardía,Incidencia operativa
4230,5,29,14,34,2026-05-10,13:16:00,2026-05-10,17:07:00,2026-05-10,17:07:00,23.53,51,103.54,10.82,26.03,3778.7,281.64,4060.34,0,False,Entregada,Entrega realizada en tiempo
4231,30,20,47,32,2026-03-14,10:54:00,2026-03-14,22:58:00,2026-03-14,22:58:00,4.3,52,358.87,48.69,23.93,3140.35,1165.15,4305.5,0,False,Entregada,Entrega realizada en tiempo
4232,74,3,36,39,2026-03-12,08:13:00,2026-03-12,16:36:00,2026-03-12,16:36:00,5.81,14,194.71,41.78,24.27,2166.55,1014.0,3180.55,0,False,Entregada,Entrega realizada en tiempo
4233,74,25,32,5,2026-05-15,10:09:00,2026-05-15,20:05:00,2026-05-15,20:36:00,7.5,14,289.05,61.5,24.18,2807.25,1487.07,4294.32,31,True,Tardía,Tráfico alto
4234,85,35,41,17,2026-06-17,09:22:00,2026-06-17,15:40:00,2026-06-17,16:38:00,1.23,9,167.25,22.57,23.79,1531.25,536.94,2068.19,58,True,Tardía,"Hora pico, Carga pesada"
4235,46,39,20,48,2026-01-04,12:10:00,2026-01-04,17:23:00,2026-01-04,17:58:00,6.92,74,193.5,15.62,25.26,2751.5,394.56,3146.06,35,True,Tardía,Tráfico alto
4236,80,40,48,38,2026-01-10,10:48:00,2026-01-10,15:19:00,2026-01-10,15:19:00,0.37,18,184.49,28.83,25.17,1603.45,725.65,2329.1,0,False,Entregada,Entrega realizada en tiempo
4237,58,27,30,25,2026-08-07,16:02:00,2026-08-07,01:28:00,2026-08-08,01:28:00,2.49,50,326.55,41.97,26.37,2781.75,1106.75,3888.5,0,False,Entregada,Entrega realizada en tiempo
4238,68,37,21,5,2026-02-21,12:01:00,2026-02-21,21:57:00,2026-02-21,21:57:00,0.43,28,290.87,31.01,26.27,2221.35,814.63,3035.98,0,False,Entregada,Entrega realizada en tiempo
4239,61,36,14,35,2026-04-29,12:18:00,2026-04-29,15:52:00,2026-04-29,16:05:00,0.88,25,160.37,18.91,25.04,1589.85,473.51,2063.36,13,True,Tardía,Incidencia operativa
4240,53,16,11,45,2026-07-13,09:40:00,2026-07-13,12:21:00,2026-07-13,12:21:00,2.68,80,91.85,8.25,26.28,1867.25,216.81,2084.06,0,False,Entregada,Entrega realizada en tiempo
4241,91,1,12,25,2026-07-12,15:15:00,2026-07-12,00:41:00,2026-07-13,01:11:00,0.54,66,360.36,34.78,23.49,2883.8,816.98,3700.78,30,True,Tardía,Distancia larga
4242,40,36,6,36,2026-03-25,08:14:00,2026-03-25,12:08:00,2026-03-25,12:08:00,0.76,29,94.1,11.1,23.42,1278.5,259.96,1538.46,0,False,Entregada,Entrega realizada en tiempo
4243,61,33,27,4,2026-03-29,17:53:00,2026-03-29,20:27:00,2026-03-29,20:27:00,0.85,58,101.38,12.93,24.81,1555.9,320.79,1876.69,0,False,Entregada,Entrega realizada en tiempo
4244,10,38,9,46,2026-07-20,20:35:00,2026-07-20,11:25:00,2026-07-21,11:48:00,9.94,78,422.41,35.89,23.24,4230.05,834.08,5064.13,23,True,Tardía,Distancia larga
4245,20,34,29,21,2026-07-25,17:17:00,2026-07-25,00:20:00,2026-07-26,00:20:00,4.07,5,294.56,24.47,25.5,2419.8,623.99,3043.79,0,False,Entregada,Entrega realizada en tiempo
4246,24,16,44,1,2026-02-23,16:00:00,2026-02-23,22:19:00,2026-02-23,22:19:00,14.54,49,172.37,15.49,25.12,3207.85,389.11,3596.96,0,False,Entregada,Entrega realizada en tiempo
4247,15,39,56,42,2026-02-13,11:48:00,2026-02-13,14:59:00,2026-02-13,14:59:00,5.79,77,104.88,8.46,26.72,2219.4,226.05,2445.45,0,False,Entregada,Entrega realizada en tiempo
4248,49,21,22,49,2026-08-14,17:04:00,2026-08-14,07:35:00,2026-08-15,07:35:00,0.29,25,360.29,50.39,24.13,2530.45,1215.91,3746.36,0,False,Entregada,Entrega realizada en tiempo
4249,54,31,17,45,2026-04-04,08:44:00,2026-04-04,11:25:00,2026-04-04,12:05:00,18.51,40,83.25,11.83,26.06,3087.25,308.29,3395.54,40,True,Tardía,Hora pico
4250,46,29,47,20,2026-07-26,12:43:00,2026-07-26,14:16:00,2026-07-26,14:16:00,11.22,67,54.91,5.74,26.93,2432.55,154.58,2587.13,0,False,Entregada,Entrega realizada en tiempo
4251,42,9,47,27,2026-06-17,06:45:00,2026-06-17,18:28:00,2026-06-17,18:28:00,0.52,15,291.95,23.87,24.46,2131.75,583.86,2715.61,0,False,Entregada,Entrega realizada en tiempo
4252,14,7,53,8,2026-03-22,16:30:00,2026-03-22,19:58:00,2026-03-22,19:58:00,0.97,32,104.74,17.17,25.17,1376.7,432.17,1808.87,0,False,Entregada,Entrega realizada en tiempo
4253,45,5,21,30,2026-04-20,12:47:00,2026-04-20,17:55:00,2026-04-20,17:55:00,4.95,54,130.69,16.42,23.15,2080.45,380.12,2460.57,0,False,Entregada,Entrega realizada en tiempo
4254,48,4,43,27,2026-07-12,20:00:00,2026-07-12,07:43:00,2026-07-13,07:43:00,2.51,78,325.48,54.7,25.02,3002.4,1368.59,4370.99,0,False,Entregada,Entrega realizada en tiempo
4255,27,5,56,38,2026-02-27,11:27:00,2026-02-27,15:58:00,2026-02-27,15:58:00,15.67,42,185.08,23.25,23.71,3328.4,551.26,3879.66,0,False,Entregada,Entrega realizada en tiempo
4256,63,21,33,28,2026-01-14,10:58:00,2026-01-14,17:59:00,2026-01-14,17:59:00,1.39,39,253.29,35.43,26.6,2217.45,942.44,3159.89,0,False,Entregada,Entrega realizada en tiempo
4257,49,13,45,16,2026-08-07,09:49:00,2026-08-07,00:17:00,2026-08-08,00:17:00,2.88,70,403.36,32.9,23.98,3364.8,788.94,4153.74,0,False,Entregada,Entrega realizada en tiempo
4258,80,24,9,18,2026-07-16,13:28:00,2026-07-16,05:36:00,2026-07-17,05:36:00,2.81,7,454.11,42.56,24.27,3107.55,1032.93,4140.48,0,False,Entregada,Entrega realizada en tiempo
4259,44,31,55,34,2026-06-13,08:25:00,2026-06-13,12:16:00,2026-06-13,12:16:00,9.05,25,112.36,15.96,23.03,2166.8,367.56,2534.36,0,False,Entregada,Entrega realizada en tiempo
4260,82,13,52,11,2026-03-10,08:29:00,2026-03-10,11:15:00,2026-03-10,11:15:00,15.69,12,73.42,5.99,25.66,2532.1,153.7,2685.8,0,False,Entregada,Entrega realizada en tiempo
4261,96,25,50,11,2026-07-03,19:58:00,2026-07-03,22:44:00,2026-07-03,22:44:00,4.09,49,73.29,15.59,24.85,1667.45,387.41,2054.86,0,False,Entregada,Entrega realizada en tiempo
4262,95,17,31,27,2026-07-05,09:57:00,2026-07-05,21:40:00,2026-07-05,21:40:00,0.5,28,289.39,51.4,23.1,2220.95,1187.34,3408.29,0,False,Entregada,Entrega realizada en tiempo
4263,88,36,23,42,2026-03-13,18:35:00,2026-03-13,21:46:00,2026-03-13,21:46:00,1.84,57,90.6,10.68,25.78,1593.0,275.33,1868.33,0,False,Entregada,Entrega realizada en tiempo
4264,53,34,7,37,2026-08-11,09:58:00,2026-08-11,03:16:00,2026-08-12,03:16:00,0.79,16,484.27,40.22,23.62,3128.35,950.0,4078.35,0,False,Entregada,Entrega realizada en tiempo
4265,93,37,18,6,2026-07-17,09:59:00,2026-07-17,10:53:00,2026-07-17,11:20:00,0.47,29,29.3,3.12,23.74,925.5,74.07,999.57,27,True,Tardía,Hora pico
4266,31,38,17,47,2026-01-25,19:23:00,2026-01-25,07:07:00,2026-01-26,08:09:00,5.06,36,328.77,27.93,24.27,2937.85,677.86,3615.71,62,True,Tardía,"Tráfico alto, Hora pico, Distancia larga"
4267,68,16,6,17,2026-07-16,05:03:00,2026-07-16,11:21:00,2026-07-16,11:21:00,5.33,30,173.33,15.57,23.9,2139.65,372.12,2511.77,0,False,Entregada,Entrega realizada en tiempo
4268,26,11,33,10,2026-04-21,18:12:00,2026-04-21,20:37:00,2026-04-21,20:37:00,1.87,42,86.57,18.11,26.48,1455.85,479.55,1935.4,0,False,Entregada,Entrega realizada en tiempo
4269,2,20,29,38,2026-07-28,20:24:00,2026-07-28,00:55:00,2026-07-29,00:55:00,6.61,47,204.02,27.68,24.71,2557.1,683.97,3241.07,0,False,Entregada,Entrega realizada en tiempo
4270,65,38,46,28,2026-06-17,08:05:00,2026-06-17,15:06:00,2026-06-17,15:33:00,0.82,25,277.75,23.6,25.1,2170.75,592.36,2763.11,27,True,Tardía,Hora pico
4271,23,35,27,35,2026-03-22,15:18:00,2026-03-22,18:52:00,2026-03-22,18:52:00,0.87,27,159.59,21.54,24.55,1600.95,528.81,2129.76,0,False,Entregada,Entrega realizada en tiempo
4272,88,34,53,35,2026-02-14,09:01:00,2026-02-14,12:35:00,2026-02-14,13:18:00,0.6,74,149.84,12.45,24.76,1901.2,308.26,2209.46,43,True,Tardía,Hora pico
4273,67,39,51,42,2026-06-13,12:25:00,2026-06-13,15:36:00,2026-06-13,15:36:00,7.34,60,92.73,7.48,25.66,2177.65,191.94,2369.59,0,False,Entregada,Entrega realizada en tiempo
4274,51,14,5,26,2026-02-21,10:01:00,2026-02-21,16:00:00,2026-02-21,16:36:00,6.48,71,152.53,16.44,23.63,2478.65,388.48,2867.13,36,True,Tardía,"Tráfico alto, Carga pesada"
4275,51,10,33,50,2026-01-04,10:13:00,2026-01-04,18:13:00,2026-01-04,18:13:00,13.67,52,272.65,27.35,23.2,3646.25,634.52,4280.77,0,False,Entregada,Entrega realizada en tiempo
4276,37,32,19,37,2026-01-21,07:27:00,2026-01-21,00:45:00,2026-01-22,01:33:00,3.13,31,446.45,40.44,23.91,3293.25,966.92,4260.17,48,True,Tardía,"Hora pico, Distancia larga"
4277,13,4,46,45,2026-01-26,15:26:00,2026-01-26,18:07:00,2026-01-26,18:07:00,0.3,31,90.99,15.29,24.73,1232.95,378.12,1611.07,0,False,Entregada,Entrega realizada en tiempo
4278,97,10,34,18,2026-04-03,13:19:00,2026-04-03,05:27:00,2026-04-04,05:52:00,8.85,10,387.83,38.9,24.81,3404.15,965.11,4369.26,25,True,Tardía,Distancia larga
4279,49,10,11,37,2026-04-01,07:48:00,2026-04-01,01:06:00,2026-04-02,01:06:00,12.89,14,450.14,45.15,25.05,4151.7,1131.01,5282.71,0,False,Entregada,Entrega realizada en tiempo
4280,68,28,6,3,2026-04-08,16:47:00,2026-04-08,19:04:00,2026-04-08,19:04:00,1.31,6,58.4,8.56,26.16,971.0,223.93,1194.93,0,False,Entregada,Entrega realizada en tiempo
4281,24,25,58,1,2026-03-17,16:37:00,2026-03-17,22:56:00,2026-03-17,22:56:00,0.9,3,189.7,40.36,24.77,1562.5,999.72,2562.22,0,False,Entregada,Entrega realizada en tiempo
4282,79,22,13,33,2026-08-01,08:58:00,2026-08-01,17:52:00,2026-08-01,17:52:00,1.03,49,281.78,27.25,23.54,2403.9,641.47,3045.37,0,False,Entregada,Entrega realizada en tiempo
4283,40,18,5,2,2026-04-17,15:40:00,2026-04-17,01:35:00,2026-04-18,01:35:00,0.93,63,328.15,30.73,24.15,2737.75,742.13,3479.88,0,False,Entregada,Entrega realizada en tiempo
4284,61,15,55,10,2026-01-20,16:22:00,2026-01-20,18:47:00,2026-01-20,18:47:00,0.77,8,75.38,15.51,26.64,1017.9,413.19,1431.09,0,False,Entregada,Entrega realizada en tiempo
4285,36,10,58,14,2026-07-18,19:36:00,2026-07-18,04:21:00,2026-07-19,04:21:00,12.99,25,267.43,26.82,25.97,3336.15,696.52,4032.67,0,False,Entregada,Entrega realizada en tiempo
4286,2,30,5,5,2026-06-14,05:43:00,2026-06-14,15:39:00,2026-06-14,15:39:00,7.41,60,295.96,25.43,25.47,3200.8,647.7,3848.5,0,False,Entregada,Entrega realizada en tiempo
4287,48,2,11,16,2026-06-19,05:22:00,2026-06-19,19:50:00,2026-06-19,19:50:00,5.9,4,461.51,93.05,24.73,3429.55,2301.13,5730.68,0,False,Entregada,Entrega realizada en tiempo
4288,13,17,35,22,2026-03-01,10:42:00,2026-03-01,18:21:00,2026-03-01,18:21:00,0.32,26,331.05,58.8,25.0,2395.25,1470.0,3865.25,0,False,Entregada,Entrega realizada en tiempo
4289,11,17,30,37,2026-07-14,13:22:00,2026-07-14,06:40:00,2026-07-15,06:40:00,0.2,33,488.24,86.72,23.26,3225.2,2017.11,5242.31,0,False,Entregada,Entrega realizada en tiempo
4290,73,36,45,11,2026-03-16,09:10:00,2026-03-16,11:56:00,2026-03-16,11:56:00,0.39,1,66.66,7.86,23.72,880.3,186.44,1066.74,0,False,Entregada,Entrega realizada en tiempo
4291,86,36,5,23,2026-07-21,09:03:00,2026-07-21,18:24:00,2026-07-21,18:24:00,0.75,66,262.29,30.93,27.0,2414.45,835.11,3249.56,0,False,Entregada,Entrega realizada en tiempo
4292,46,9,8,29,2026-08-12,15:35:00,2026-08-12,20:49:00,2026-08-12,20:49:00,0.34,1,190.06,15.54,26.26,1492.3,408.08,1900.38,0,False,Entregada,Entrega realizada en tiempo
4293,54,39,28,11,2026-03-27,06:54:00,2026-03-27,09:40:00,2026-03-27,09:40:00,3.9,42,65.82,5.31,24.91,1555.1,132.27,1687.37,0,False,Entregada,Entrega realizada en tiempo
4294,30,9,18,48,2026-06-03,07:14:00,2026-06-03,12:27:00,2026-06-03,13:05:00,0.4,77,194.15,15.87,24.46,2126.75,388.18,2514.93,38,True,Tardía,"Tráfico alto, Hora pico"
4295,95,11,32,17,2026-06-03,15:52:00,2026-06-03,22:10:00,2026-06-03,22:10:00,3.0,20,186.32,38.98,23.96,1891.6,933.96,2825.56,0,False,Entregada,Entrega realizada en tiempo
4296,30,33,19,19,2026-01-13,10:30:00,2026-01-13,23:11:00,2026-01-13,23:11:00,0.73,51,359.68,45.88,23.84,2779.4,1093.78,3873.18,0,False,Entregada,Entrega realizada en tiempo
4297,75,38,18,10,2026-08-04,20:48:00,2026-08-04,23:13:00,2026-08-04,23:13:00,1.67,46,79.49,6.75,23.08,1432.45,155.79,1588.24,0,False,Entregada,Entrega realizada en tiempo
4298,29,2,34,27,2026-06-13,11:52:00,2026-06-13,23:35:00,2026-06-13,23:35:00,13.74,13,343.07,69.17,24.65,3693.35,1705.04,5398.39,0,False,Entregada,Entrega realizada en tiempo
4299,32,9,38,42,2026-01-12,19:20:00,2026-01-12,22:31:00,2026-01-12,23:21:00,0.51,3,88.42,7.23,26.42,1017.1,191.02,1208.12,50,True,Tardía,"Tráfico alto, Hora pico"
4300,85,7,22,38,2026-01-08,13:07:00,2026-01-08,17:38:00,2026-01-08,17:38:00,0.43,72,181.75,29.8,23.85,2027.75,710.73,2738.48,0,False,Entregada,Entrega realizada en tiempo
4301,63,11,7,4,2026-06-07,06:30:00,2026-06-07,09:04:00,2026-06-07,09:04:00,2.55,33,96.69,20.23,24.88,1502.45,503.32,2005.77,0,False,Entregada,Entrega realizada en tiempo
4302,89,15,37,7,2026-06-27,07:30:00,2026-06-27,11:41:00,2026-06-27,11:41:00,1.07,16,120.09,24.71,24.01,1335.45,593.29,1928.74,0,False,Entregada,Entrega realizada en tiempo
4303,92,1,2,13,2026-07-01,11:22:00,2026-07-01,23:05:00,2026-07-01,23:05:00,1.53,51,336.02,32.43,26.56,2741.1,861.34,3602.44,0,False,Entregada,Entrega realizada en tiempo
4304,89,18,59,34,2026-04-12,13:43:00,2026-04-12,17:34:00,2026-04-12,17:34:00,0.87,63,111.37,10.43,24.92,1647.85,259.92,1907.77,0,False,Entregada,Entrega realizada en tiempo
4305,100,18,39,25,2026-04-14,15:00:00,2026-04-14,00:26:00,2026-04-15,01:05:00,0.76,57,351.56,32.92,25.92,2789.8,853.29,3643.09,39,True,Tardía,Distancia larga
4306,99,19,55,31,2026-03-09,08:09:00,2026-03-09,15:41:00,2026-03-09,15:41:00,4.88,1,200.51,19.75,25.17,1998.55,497.11,2495.66,0,False,Entregada,Entrega realizada en tiempo
4307,25,28,34,39,2026-02-23,19:40:00,2026-02-23,04:03:00,2026-02-24,04:54:00,9.0,20,223.81,32.82,26.78,2679.05,878.92,3557.97,51,True,Tardía,"Hora pico, Carga pesada"
4308,81,19,1,20,2026-02-25,10:49:00,2026-02-25,12:22:00,2026-02-25,12:22:00,5.98,47,63.17,6.22,23.07,1789.85,143.5,1933.35,0,False,Entregada,Entrega realizada en tiempo
4309,51,39,50,46,2026-03-26,18:28:00,2026-03-26,09:18:00,2026-03-27,10:13:00,2.0,48,384.07,31.0,26.79,3004.35,830.49,3834.84,55,True,Tardía,"Hora pico, Distancia larga"
4310,7,14,43,48,2026-01-26,16:12:00,2026-01-26,21:25:00,2026-01-26,21:25:00,3.66,52,183.8,19.81,23.28,2201.0,461.18,2662.18,0,False,Entregada,Entrega realizada en tiempo
4311,41,10,17,42,2026-05-22,07:15:00,2026-05-22,10:26:00,2026-05-22,11:16:00,15.45,44,96.48,9.68,25.44,2879.4,246.26,3125.66,50,True,Tardía,"Tráfico alto, Hora pico"
4312,66,15,49,40,2026-02-26,05:13:00,2026-02-26,22:15:00,2026-02-26,22:15:00,0.73,80,458.43,94.33,24.43,3505.15,2304.48,5809.63,0,False,Entregada,Entrega realizada en tiempo
4313,77,24,9,48,2026-06-28,15:02:00,2026-06-28,20:15:00,2026-06-28,20:15:00,0.45,67,187.33,17.56,26.93,2017.65,472.89,2490.54,0,False,Entregada,Entrega realizada en tiempo
4314,25,12,39,36,2026-08-03,17:56:00,2026-08-03,21:50:00,2026-08-03,22:28:00,1.23,31,94.38,13.5,25.48,1342.9,343.98,1686.88,38,True,Tardía,"Tráfico alto, Hora pico, Carga pesada"
4315,78,32,54,47,2026-03-19,17:21:00,2026-03-19,05:05:00,2026-03-20,05:05:00,2.85,35,341.69,30.95,23.81,2773.45,736.92,3510.37,0,False,Entregada,Entrega realizada en tiempo
4316,84,29,55,30,2026-01-10,11:48:00,2026-01-10,16:56:00,2026-01-10,16:56:00,4.68,76,121.76,12.72,23.16,2184.8,294.6,2479.4,0,False,Entregada,Entrega realizada en tiempo
4317,54,30,35,5,2026-06-04,12:23:00,2026-06-04,22:19:00,2026-06-04,22:19:00,12.69,50,281.96,24.22,24.35,3578.8,589.76,4168.56,0,False,Entregada,Entrega realizada en tiempo
4318,62,29,15,40,2026-04-09,08:49:00,2026-04-09,01:51:00,2026-04-10,01:51:00,6.41,5,427.53,44.67,26.09,3318.65,1165.44,4484.09,0,False,Entregada,Entrega realizada en tiempo
4319,33,2,22,31,2026-02-22,15:34:00,2026-02-22,23:06:00,2026-02-22,23:17:00,11.06,75,202.62,40.85,25.08,3219.1,1024.52,4243.62,11,True,Tardía,Incidencia operativa
4320,96,2,19,8,2026-06-30,18:56:00,2026-06-30,22:24:00,2026-06-30,22:24:00,10.67,41,91.9,18.53,25.56,2354.5,473.63,2828.13,0,False,Entregada,Entrega realizada en tiempo
4321,28,3,31,46,2026-02-11,08:57:00,2026-02-11,23:47:00,2026-02-11,23:47:00,10.39,65,408.34,87.63,25.02,4100.7,2192.5,6293.2,0,False,Entregada,Entrega realizada en tiempo
4322,85,30,52,5,2026-06-23,16:59:00,2026-06-23,02:55:00,2026-06-24,02:55:00,4.19,74,285.72,24.55,24.55,2939.6,602.7,3542.3,0,False,Entregada,Entrega realizada en tiempo
4323,65,30,12,15,2026-04-16,10:19:00,2026-04-16,12:42:00,2026-04-16,12:42:00,5.17,9,67.4,5.79,24.05,1426.0,139.25,1565.25,0,False,Entregada,Entrega realizada en tiempo
4324,43,29,36,46,2026-04-18,17:59:00,2026-04-18,08:49:00,2026-04-19,08:49:00,25.57,15,401.52,41.96,24.54,5184.6,1029.7,6214.3,0,False,Entregada,Entrega realizada en tiempo
4325,62,11,36,5,2026-05-22,08:53:00,2026-05-22,18:49:00,2026-05-22,18:49:00,3.71,76,303.22,63.44,23.66,2995.1,1500.99,4496.09,0,False,Entregada,Entrega realizada en tiempo
4326,63,36,40,42,2026-08-06,20:32:00,2026-08-06,23:43:00,2026-08-06,23:43:00,1.74,47,92.8,10.94,23.66,1514.0,258.84,1772.84,0,False,Entregada,Entrega realizada en tiempo
4327,74,38,5,40,2026-08-14,15:01:00,2026-08-14,08:03:00,2026-08-15,08:03:00,8.73,68,436.49,37.08,25.88,4099.45,959.63,5059.08,0,False,Entregada,Entrega realizada en tiempo
4328,45,36,50,22,2026-08-13,14:12:00,2026-08-13,21:51:00,2026-08-13,21:51:00,1.56,60,290.37,34.24,23.25,2587.85,796.08,3383.93,0,False,Entregada,Entrega realizada en tiempo
4329,36,14,30,27,2026-02-22,08:33:00,2026-02-22,20:16:00,2026-02-22,20:16:00,4.25,42,304.68,32.83,24.61,2784.4,807.95,3592.35,0,False,Entregada,Entrega realizada en tiempo
4330,64,2,32,8,2026-04-22,11:16:00,2026-04-22,14:44:00,2026-04-22,14:44:00,5.45,71,102.48,20.66,26.39,2125.4,545.22,2670.62,0,False,Entregada,Entrega realizada en tiempo
4331,35,20,1,1,2026-01-16,11:02:00,2026-01-16,17:21:00,2026-01-16,17:21:00,10.87,57,190.95,25.91,23.18,2997.75,600.59,3598.34,0,False,Entregada,Entrega realizada en tiempo
4332,31,8,4,47,2026-04-19,12:49:00,2026-04-19,00:33:00,2026-04-20,01:51:00,5.19,6,320.65,34.26,24.64,2670.25,844.17,3514.42,78,True,Tardía,"Tráfico alto, Distancia larga, Carga pesada"
4333,95,11,12,47,2026-05-24,19:42:00,2026-05-24,07:26:00,2026-05-25,07:26:00,2.31,43,332.54,69.57,24.22,2737.7,1684.99,4422.69,0,False,Entregada,Entrega realizada en tiempo
4334,59,14,48,18,2026-03-08,18:36:00,2026-03-08,10:44:00,2026-03-09,11:33:00,0.28,77,430.66,46.41,25.76,3297.3,1195.52,4492.82,49,True,Tardía,"Hora pico, Distancia larga"
4335,53,27,41,21,2026-03-12,17:46:00,2026-03-12,00:49:00,2026-03-13,00:49:00,9.09,47,299.96,38.56,26.34,3284.8,1015.67,4300.47,0,False,Entregada,Entrega realizada en tiempo
4336,72,16,43,31,2026-01-18,06:53:00,2026-01-18,14:25:00,2026-01-18,14:53:00,14.62,42,201.18,18.08,25.98,3303.9,469.72,3773.62,28,True,Tardía,Incidencia operativa
4337,19,23,42,46,2026-06-01,06:50:00,2026-06-01,21:40:00,2026-06-01,21:40:00,0.3,56,386.66,70.82,24.98,2911.3,1769.08,4680.38,0,False,Entregada,Entrega realizada en tiempo
4338,16,36,21,13,2026-07-02,15:00:00,2026-07-02,02:43:00,2026-07-03,02:43:00,1.19,14,305.31,36.0,26.71,2257.55,961.56,3219.11,0,False,Entregada,Entrega realizada en tiempo
4339,90,2,17,4,2026-02-10,14:24:00,2026-02-10,16:58:00,2026-02-10,17:11:00,1.5,8,103.8,20.93,23.8,1233.0,498.13,1731.13,13,True,Tardía,Incidencia operativa
4340,13,27,44,26,2026-08-05,18:29:00,2026-08-05,00:28:00,2026-08-06,01:10:00,7.65,46,162.44,20.88,26.96,2445.2,562.92,3008.12,42,True,Tardía,"Tráfico alto, Hora pico"
4341,58,37,46,48,2026-06-26,17:06:00,2026-06-26,22:19:00,2026-06-26,22:19:00,0.84,57,188.33,20.08,25.97,1981.65,521.48,2503.13,0,False,Entregada,Entrega realizada en tiempo
4342,42,1,27,49,2026-03-17,09:44:00,2026-03-17,00:15:00,2026-03-18,01:03:00,0.69,59,405.54,39.14,23.84,3068.7,933.1,4001.8,48,True,Tardía,"Hora pico, Distancia larga"
4343,71,7,32,47,2026-04-15,17:25:00,2026-04-15,05:09:00,2026-04-16,05:09:00,1.25,18,344.49,56.47,23.67,2491.45,1336.64,3828.09,0,False,Entregada,Entrega realizada en tiempo
4344,57,3,10,48,2026-03-31,12:15:00,2026-03-31,17:28:00,2026-03-31,17:28:00,6.51,10,166.25,35.68,26.94,2062.25,961.22,3023.47,0,False,Entregada,Entrega realizada en tiempo
4345,30,37,5,21,2026-05-11,12:26:00,2026-05-11,19:29:00,2026-05-11,19:29:00,0.82,35,287.84,30.69,23.5,2301.2,721.22,3022.42,0,False,Entregada,Entrega realizada en tiempo
4346,54,4,53,19,2026-04-09,17:57:00,2026-04-09,06:38:00,2026-04-10,07:36:00,2.39,66,395.72,66.51,25.48,3245.6,1694.67,4940.27,58,True,Tardía,"Hora pico, Distancia larga, Carga pesada"
4347,51,7,21,46,2026-07-23,14:02:00,2026-07-23,04:52:00,2026-07-24,04:52:00,1.15,24,397.44,65.15,23.26,2794.2,1515.39,4309.59,0,False,Entregada,Entrega realizada en tiempo
4348,33,2,45,40,2026-08-11,18:14:00,2026-08-11,11:16:00,2026-08-12,11:16:00,3.52,12,442.21,89.16,23.62,3159.05,2105.96,5265.01,0,False,Entregada,Entrega realizada en tiempo
4349,99,4,53,46,2026-04-21,15:28:00,2026-04-21,06:18:00,2026-04-22,06:18:00,1.31,56,400.93,67.38,24.29,3083.65,1636.66,4720.31,0,False,Entregada,Entrega realizada en tiempo
4350,84,1,21,15,2026-07-08,09:17:00,2026-07-08,11:40:00,2026-07-08,11:40:00,0.95,21,59.01,5.7,25.61,1058.05,145.98,1204.03,0,False,Entregada,Entrega realizada en tiempo
4351,89,27,37,18,2026-02-26,13:14:00,2026-02-26,05:22:00,2026-02-27,05:22:00,13.33,22,394.23,50.67,25.0,3980.15,1266.75,5246.9,0,False,Entregada,Entrega realizada en tiempo
4352,56,5,30,36,2026-06-20,05:23:00,2026-06-20,09:17:00,2026-06-20,09:17:00,17.33,71,108.92,13.68,23.96,3345.6,327.77,3673.37,0,False,Entregada,Entrega realizada en tiempo
4353,67,3,22,29,2026-02-27,09:07:00,2026-02-27,14:21:00,2026-02-27,14:21:00,6.19,29,195.04,41.85,26.23,2326.2,1097.73,3423.93,0,False,Entregada,Entrega realizada en tiempo
4354,72,36,25,19,2026-04-02,13:53:00,2026-04-02,02:34:00,2026-04-03,03:02:00,0.92,48,382.36,45.09,23.48,2887.8,1058.71,3946.51,28,True,Tardía,Distancia larga
4355,57,1,48,23,2026-06-20,14:31:00,2026-06-20,23:52:00,2026-06-20,23:52:00,0.7,2,258.58,24.96,26.83,1878.9,669.68,2548.58,0,False,Entregada,Entrega realizada en tiempo
4356,80,24,3,36,2026-04-13,20:31:00,2026-04-13,00:25:00,2026-04-14,00:55:00,3.95,35,100.93,9.46,24.37,1679.65,230.54,1910.19,30,True,Tardía,Tráfico alto
4357,87,38,38,45,2026-05-20,16:41:00,2026-05-20,19:22:00,2026-05-20,19:22:00,8.77,23,80.83,6.87,24.27,1965.15,166.73,2131.88,0,False,Entregada,Entrega realizada en tiempo
4358,51,39,10,26,2026-03-05,13:27:00,2026-03-05,19:26:00,2026-03-05,20:11:00,3.27,4,154.61,12.48,24.34,1632.05,303.76,1935.81,45,True,Tardía,Tráfico alto
4359,45,5,24,6,2026-05-04,17:44:00,2026-05-04,18:38:00,2026-05-04,19:17:00,1.16,47,27.15,3.41,24.9,1127.75,84.91,1212.66,39,True,Tardía,Hora pico
4360,67,17,38,22,2026-02-25,07:53:00,2026-02-25,15:32:00,2026-02-25,15:32:00,0.27,23,296.38,52.64,23.79,2192.9,1252.31,3445.21,0,False,Entregada,Entrega realizada en tiempo
4361,98,17,52,22,2026-05-16,05:42:00,2026-05-16,13:21:00,2026-05-16,13:21:00,0.92,9,292.42,51.94,24.97,2126.1,1296.94,3423.04,0,False,Entregada,Entrega realizada en tiempo
4362,89,11,8,13,2026-03-10,16:48:00,2026-03-10,04:31:00,2026-03-11,04:31:00,2.88,12,305.16,63.84,25.73,2409.8,1642.6,4052.4,0,False,Entregada,Entrega realizada en tiempo
4363,10,21,10,45,2026-07-25,16:49:00,2026-07-25,19:30:00,2026-07-25,19:51:00,1.55,43,84.01,11.75,26.39,1419.05,310.08,1729.13,21,True,Tardía,Carga pesada
4364,34,29,3,48,2026-06-23,19:06:00,2026-06-23,00:19:00,2026-06-24,01:08:00,8.54,1,183.92,19.22,25.33,2281.6,486.84,2768.44,49,True,Tardía,"Tráfico alto, Hora pico"
4365,57,5,40,36,2026-05-18,11:02:00,2026-05-18,14:56:00,2026-05-18,14:56:00,7.22,72,102.2,12.84,26.87,2309.0,345.01,2654.01,0,False,Entregada,Entrega realizada en tiempo
4366,33,16,29,50,2026-07-22,12:35:00,2026-07-22,20:35:00,2026-07-22,20:35:00,2.44,16,275.72,24.77,26.58,2250.6,658.39,2908.99,0,False,Entregada,Entrega realizada en tiempo
4367,66,8,32,49,2026-06-03,10:00:00,2026-06-03,00:31:00,2026-06-04,00:31:00,2.69,2,375.59,40.13,23.07,2662.95,925.8,3588.75,0,False,Entregada,Entrega realizada en tiempo
4368,66,35,52,38,2026-06-05,05:21:00,2026-06-05,09:52:00,2026-06-05,10:05:00,1.02,66,183.25,24.73,24.07,2046.25,595.25,2641.5,13,True,Tardía,Incidencia operativa
4369,25,14,19,46,2026-08-03,05:21:00,2026-08-03,20:11:00,2026-08-03,20:11:00,6.18,5,413.5,44.56,25.96,3225.5,1156.78,4382.28,0,False,Entregada,Entrega realizada en tiempo
4370,89,4,22,25,2026-07-01,10:21:00,2026-07-01,19:47:00,2026-07-01,19:47:00,1.87,67,316.94,53.27,25.63,2807.7,1365.31,4173.01,0,False,Entregada,Entrega realizada en tiempo
4371,76,38,3,41,2026-02-17,08:49:00,2026-02-17,16:05:00,2026-02-17,16:05:00,12.71,31,203.62,17.3,23.39,3037.1,404.65,3441.75,0,False,Entregada,Entrega realizada en tiempo
4372,90,27,37,20,2026-04-18,05:56:00,2026-04-18,07:29:00,2026-04-18,07:29:00,3.04,18,55.0,7.07,23.3,1223.0,164.73,1387.73,0,False,Entregada,Entrega realizada en tiempo
4373,38,28,29,28,2026-07-18,11:09:00,2026-07-18,18:10:00,2026-07-18,18:42:00,3.02,65,302.76,44.39,24.59,2835.8,1091.55,3927.35,32,True,Tardía,Distancia larga
4374,21,4,30,18,2026-06-09,19:52:00,2026-06-09,12:00:00,2026-06-10,12:00:00,0.8,72,422.49,71.01,24.05,3268.45,1707.79,4976.24,0,False,Entregada,Entrega realizada en tiempo
4375,89,21,39,5,2026-08-05,09:24:00,2026-08-05,19:20:00,2026-08-05,19:20:00,0.25,1,282.15,39.46,23.59,1943.75,930.86,2874.61,0,False,Entregada,Entrega realizada en tiempo
4376,32,15,6,47,2026-08-04,11:47:00,2026-08-04,23:31:00,2026-08-05,00:25:00,0.73,56,364.68,75.04,26.04,2844.4,1954.04,4798.44,54,True,Tardía,"Tráfico alto, Distancia larga"
4377,51,23,32,33,2026-06-11,08:13:00,2026-06-11,17:07:00,2026-06-11,18:20:00,1.01,3,298.58,54.68,26.4,2117.9,1443.55,3561.45,73,True,Tardía,"Tráfico alto, Hora pico"
4378,39,16,60,33,2026-05-26,15:18:00,2026-05-26,00:12:00,2026-05-27,00:12:00,10.92,13,256.85,23.08,24.41,2980.25,563.38,3543.63,0,False,Entregada,Entrega realizada en tiempo
4379,68,25,10,47,2026-06-30,13:12:00,2026-06-30,00:56:00,2026-07-01,00:56:00,3.63,17,340.54,72.46,26.39,2701.7,1912.22,4613.92,0,False,Entregada,Entrega realizada en tiempo
4380,3,31,10,18,2026-07-06,20:58:00,2026-07-06,13:06:00,2026-07-07,13:06:00,24.49,63,455.19,64.66,23.38,5728.95,1511.75,7240.7,0,False,Entregada,Entrega realizada en tiempo
4381,24,27,7,14,2026-06-21,14:52:00,2026-06-21,23:37:00,2026-06-21,23:37:00,3.27,47,257.19,33.06,24.28,2488.95,802.7,3291.65,0,False,Entregada,Entrega realizada en tiempo
4382,51,8,33,48,2026-01-04,13:54:00,2026-01-04,19:07:00,2026-01-04,19:43:00,1.38,65,198.06,21.16,26.54,2148.3,561.59,2709.89,36,True,Tardía,Tráfico alto
4383,5,34,15,24,2026-03-11,11:53:00,2026-03-11,20:30:00,2026-03-11,20:30:00,7.19,19,331.87,27.56,24.9,3030.35,686.24,3716.59,0,False,Entregada,Entrega realizada en tiempo
4384,68,23,37,35,2026-05-11,08:37:00,2026-05-11,12:11:00,2026-05-11,12:57:00,0.82,23,147.89,27.09,24.49,1505.45,663.43,2168.88,46,True,Tardía,Hora pico
4385,79,13,12,24,2026-06-20,16:51:00,2026-06-20,01:28:00,2026-06-21,01:28:00,10.34,19,300.54,24.51,24.74,3188.7,606.38,3795.08,0,False,Entregada,Entrega realizada en tiempo
4386,21,9,16,27,2026-05-18,10:05:00,2026-05-18,21:48:00,2026-05-18,21:48:00,0.52,23,286.2,23.4,23.92,2167.0,559.73,2726.73,0,False,Entregada,Entrega realizada en tiempo
4387,33,8,35,14,2026-06-06,14:21:00,2026-06-06,23:06:00,2026-06-06,23:06:00,0.97,61,291.68,31.16,26.28,2543.4,818.88,3362.28,0,False,Entregada,Entrega realizada en tiempo
4388,100,3,11,9,2026-05-12,05:05:00,2026-05-12,12:38:00,2026-05-12,12:38:00,8.77,59,192.74,41.36,25.71,2812.7,1063.37,3876.07,0,False,Entregada,Entrega realizada en tiempo
4389,4,27,9,37,2026-03-17,14:55:00,2026-03-17,08:13:00,2026-03-18,08:49:00,7.15,3,440.51,56.62,24.07,3441.55,1362.84,4804.39,36,True,Tardía,Distancia larga
4390,29,24,43,14,2026-03-13,08:56:00,2026-03-13,17:41:00,2026-03-13,17:41:00,5.01,37,286.38,26.84,25.49,2728.9,684.15,3413.05,0,False,Entregada,Entrega realizada en tiempo
4391,4,14,12,16,2026-07-08,08:52:00,2026-07-08,23:20:00,2026-07-08,23:20:00,5.67,68,445.67,48.02,25.65,3839.35,1231.71,5071.06,0,False,Entregada,Entrega realizada en tiempo
4392,55,30,55,37,2026-06-13,06:56:00,2026-06-13,00:14:00,2026-06-14,00:14:00,2.81,55,437.76,37.61,24.95,3409.8,938.37,4348.17,0,False,Entregada,Entrega realizada en tiempo
4393,96,17,31,31,2026-06-15,08:48:00,2026-06-15,16:20:00,2026-06-15,16:20:00,0.61,7,192.08,34.12,23.39,1577.4,798.07,2375.47,0,False,Entregada,Entrega realizada en tiempo
4394,85,4,19,1,2026-05-22,10:32:00,2026-05-22,16:51:00,2026-05-22,16:51:00,1.96,33,180.98,30.42,24.87,1864.9,756.55,2621.45,0,False,Entregada,Entrega realizada en tiempo
4395,72,12,26,2,2026-07-22,07:41:00,2026-07-22,17:36:00,2026-07-22,18:58:00,0.37,70,301.14,43.08,23.75,2602.7,1023.15,3625.85,82,True,Tardía,"Tráfico alto, Hora pico, Distancia larga"
4396,96,19,10,9,2026-03-25,09:37:00,2026-03-25,17:10:00,2026-03-25,17:10:00,7.49,29,185.4,18.27,23.52,2408.0,429.71,2837.71,0,False,Entregada,Entrega realizada en tiempo
4397,34,9,24,49,2026-05-07,18:28:00,2026-05-07,08:59:00,2026-05-08,08:59:00,0.59,24,381.83,31.22,24.01,2660.15,749.59,3409.74,0,False,Entregada,Entrega realizada en tiempo
4398,58,22,4,11,2026-01-28,19:33:00,2026-01-28,22:19:00,2026-01-28,22:46:00,0.3,45,72.06,6.97,25.11,1250.3,175.02,1425.32,27,True,Tardía,Hora pico
4399,56,3,15,46,2026-04-07,09:33:00,2026-04-07,00:23:00,2026-04-08,00:23:00,8.2,30,418.18,89.74,24.58,3650.9,2205.81,5856.71,0,False,Entregada,Entrega realizada en tiempo
4400,99,35,32,35,2026-08-02,19:55:00,2026-08-02,23:29:00,2026-08-03,00:05:00,1.2,39,141.83,19.14,24.32,1641.15,465.48,2106.63,36,True,Tardía,"Hora pico, Carga pesada"
4401,89,38,50,36,2026-03-05,14:42:00,2026-03-05,18:36:00,2026-03-05,18:36:00,1.47,65,109.36,9.29,24.24,1713.8,225.19,1938.99,0,False,Entregada,Entrega realizada en tiempo
4402,97,31,4,25,2026-05-28,10:43:00,2026-05-28,20:09:00,2026-05-28,20:41:00,9.86,76,347.54,49.37,23.52,3831.7,1161.18,4992.88,32,True,Tardía,Distancia larga
4403,82,4,10,21,2026-03-21,16:05:00,2026-03-21,23:08:00,2026-03-21,23:08:00,2.04,54,284.93,47.89,25.82,2560.65,1236.52,3797.17,0,False,Entregada,Entrega realizada en tiempo
4404,61,38,19,27,2026-07-11,17:41:00,2026-07-11,05:24:00,2026-07-12,05:24:00,10.79,58,292.48,24.85,26.17,3505.4,650.32,4155.72,0,False,Entregada,Entrega realizada en tiempo
4405,67,37,34,28,2026-02-25,16:47:00,2026-02-25,23:48:00,2026-02-25,23:48:00,0.46,11,258.8,27.59,26.48,1928.0,730.58,2658.58,0,False,Entregada,Entrega realizada en tiempo
4406,42,40,46,19,2026-07-19,13:50:00,2026-07-19,02:31:00,2026-07-20,02:51:00,1.28,75,353.41,55.22,25.85,2995.05,1427.44,4422.49,20,True,Tardía,Distancia larga
4407,43,29,12,15,2026-06-11,13:40:00,2026-06-11,16:03:00,2026-06-11,16:21:00,19.79,7,68.35,7.14,24.84,2876.75,177.36,3054.11,18,True,Tardía,Incidencia operativa
4408,64,32,37,28,2026-02-05,15:43:00,2026-02-05,22:44:00,2026-02-05,22:44:00,2.56,26,279.71,25.34,26.13,2362.55,662.13,3024.68,0,False,Entregada,Entrega realizada en tiempo
4409,49,23,19,50,2026-05-25,18:43:00,2026-05-25,02:43:00,2026-05-26,02:43:00,0.92,60,243.52,44.6,25.83,2289.6,1152.02,3441.62,0,False,Entregada,Entrega realizada en tiempo
4410,71,10,52,9,2026-01-06,06:35:00,2026-01-06,14:08:00,2026-01-06,14:18:00,8.95,16,199.45,20.01,23.39,2520.25,468.03,2988.28,10,True,Tardía,Incidencia operativa
4411,33,12,33,27,2026-06-20,16:38:00,2026-06-20,04:21:00,2026-06-21,04:21:00,1.43,8,340.52,48.72,24.28,2409.6,1182.92,3592.52,0,False,Entregada,Entrega realizada en tiempo
4412,42,32,21,38,2026-03-29,08:16:00,2026-03-29,12:47:00,2026-03-29,12:47:00,4.05,75,202.07,18.3,26.04,2515.35,476.53,2991.88,0,False,Entregada,Entrega realizada en tiempo
4413,73,26,29,7,2026-06-11,05:42:00,2026-06-11,09:53:00,2026-06-11,10:11:00,6.98,66,126.96,18.11,25.52,2360.8,462.17,2822.97,18,True,Tardía,Incidencia operativa
4414,46,33,45,31,2026-02-16,11:10:00,2026-02-16,18:42:00,2026-02-16,18:42:00,0.88,23,194.43,24.8,25.69,1744.15,637.11,2381.26,0,False,Entregada,Entrega realizada en tiempo
4415,83,19,57,47,2026-06-27,15:27:00,2026-06-27,03:11:00,2026-06-28,03:11:00,7.35,45,330.32,32.54,23.51,3246.6,765.02,4011.62,0,False,Entregada,Entrega realizada en tiempo
4416,39,34,13,3,2026-03-30,08:29:00,2026-03-30,10:46:00,2026-03-30,10:46:00,5.13,16,64.23,5.33,23.62,1462.15,125.89,1588.04,0,False,Entregada,Entrega realizada en tiempo
4417,43,5,12,42,2026-02-25,11:13:00,2026-02-25,14:24:00,2026-02-25,15:21:00,17.67,31,92.78,11.66,25.7,2978.9,299.66,3278.56,57,True,Tardía,"Tráfico alto, Carga pesada"
4418,88,31,32,29,2026-02-24,11:57:00,2026-02-24,17:11:00,2026-02-24,17:11:00,19.27,17,187.77,26.67,26.33,3501.85,702.22,4204.07,0,False,Entregada,Entrega realizada en tiempo
4419,43,35,55,31,2026-03-24,06:13:00,2026-03-24,13:45:00,2026-03-24,14:15:00,0.51,9,208.94,28.2,25.36,1667.7,715.15,2382.85,30,True,Tardía,Incidencia operativa
4420,77,6,17,1,2026-05-01,18:04:00,2026-05-01,00:23:00,2026-05-02,00:23:00,0.89,24,192.79,28.19,23.12,1744.95,651.75,2396.7,0,False,Entregada,Entrega realizada en tiempo
4421,53,6,43,37,2026-06-02,06:30:00,2026-06-02,23:48:00,2026-06-02,23:48:00,0.6,34,450.09,65.8,24.57,3082.45,1616.71,4699.16,0,False,Entregada,Entrega realizada en tiempo
4422,91,27,39,49,2026-05-08,11:30:00,2026-05-08,02:01:00,2026-05-09,02:01:00,8.49,20,379.76,48.81,26.59,3407.8,1297.86,4705.66,0,False,Entregada,Entrega realizada en tiempo
4423,96,6,30,8,2026-07-12,09:18:00,2026-07-12,12:46:00,2026-07-12,12:46:00,0.45,30,108.5,15.86,24.69,1327.5,391.58,1719.08,0,False,Entregada,Entrega realizada en tiempo
4424,85,16,51,48,2026-01-13,09:09:00,2026-01-13,14:22:00,2026-01-13,14:22:00,10.22,45,191.48,17.2,24.55,2839.4,422.26,3261.66,0,False,Entregada,Entrega realizada en tiempo
4425,74,24,46,10,2026-08-15,14:20:00,2026-08-15,16:45:00,2026-08-15,16:45:00,2.87,69,80.79,7.57,25.94,1742.95,196.37,1939.32,0,False,Entregada,Entrega realizada en tiempo
4426,49,32,14,21,2026-07-06,05:30:00,2026-07-06,12:33:00,2026-07-06,12:33:00,2.02,72,289.7,26.24,25.98,2726.5,681.72,3408.22,0,False,Entregada,Entrega realizada en tiempo
4427,85,32,12,34,2026-06-26,10:41:00,2026-06-26,14:32:00,2026-06-26,14:32:00,2.63,77,110.05,9.97,24.85,1929.25,247.75,2177.0,0,False,Entregada,Entrega realizada en tiempo
4428,50,18,47,27,2026-07-11,07:11:00,2026-07-11,18:54:00,2026-07-11,19:48:00,0.64,49,292.44,27.38,26.15,2418.2,715.99,3134.19,54,True,Tardía,Hora pico
4429,27,26,43,16,2026-01-28,15:11:00,2026-01-28,05:39:00,2026-01-29,05:39:00,7.39,57,400.59,57.15,25.79,3697.95,1473.9,5171.85,0,False,Entregada,Entrega realizada en tiempo
4430,33,15,38,49,2026-01-10,13:04:00,2026-01-10,03:35:00,2026-01-11,03:35:00,0.32,78,418.64,86.14,24.57,3249.2,2116.46,5365.66,0,False,Entregada,Entrega realizada en tiempo
4431,52,14,2,4,2026-06-16,15:12:00,2026-06-16,17:46:00,2026-06-16,17:59:00,4.54,50,108.41,11.68,26.17,1896.05,305.67,2201.72,13,True,Tardía,Incidencia operativa
4432,7,23,44,5,2026-04-10,11:03:00,2026-04-10,20:59:00,2026-04-10,20:59:00,0.83,58,310.2,56.81,26.48,2598.0,1504.33,4102.33,0,False,Entregada,Entrega realizada en tiempo
4433,92,4,56,20,2026-08-03,19:06:00,2026-08-03,20:39:00,2026-08-03,21:25:00,1.68,12,62.01,10.42,26.06,1074.05,271.55,1345.6,46,True,Tardía,Hora pico
4434,97,13,56,45,2026-07-06,18:47:00,2026-07-06,21:28:00,2026-07-06,21:28:00,8.25,32,91.63,7.47,24.46,2039.15,182.72,2221.87,0,False,Entregada,Entrega realizada en tiempo
4435,21,31,60,41,2026-02-11,13:37:00,2026-02-11,20:53:00,2026-02-11,20:53:00,21.17,70,208.01,29.55,24.84,4217.05,734.02,4951.07,0,False,Entregada,Entrega realizada en tiempo
4436,90,4,22,24,2026-03-18,19:37:00,2026-03-18,04:14:00,2026-03-19,04:14:00,0.6,75,301.6,50.69,23.15,2668.0,1173.47,3841.47,0,False,Entregada,Entrega realizada en tiempo
4437,12,12,45,38,2026-06-04,15:38:00,2026-06-04,20:09:00,2026-06-04,20:09:00,0.56,77,179.92,25.74,24.3,2071.6,625.48,2697.08,0,False,Entregada,Entrega realizada en tiempo
4438,91,36,12,31,2026-01-03,06:42:00,2026-01-03,14:14:00,2026-01-03,14:14:00,1.61,17,180.78,21.32,23.87,1700.9,508.91,2209.81,0,False,Entregada,Entrega realizada en tiempo
4439,90,7,14,9,2026-04-11,19:36:00,2026-04-11,03:09:00,2026-04-12,03:09:00,0.32,25,187.19,30.69,24.05,1667.95,738.09,2406.04,0,False,Entregada,Entrega realizada en tiempo
4440,3,11,5,16,2026-04-22,20:54:00,2026-04-22,11:22:00,2026-04-23,12:03:00,1.01,69,405.7,84.87,24.93,3181.5,2115.81,5297.31,41,True,Tardía,Distancia larga
4441,89,9,48,39,2026-01-18,19:17:00,2026-01-18,03:40:00,2026-01-19,03:40:00,0.71,23,216.9,17.74,25.58,1839.5,453.79,2293.29,0,False,Entregada,Entrega realizada en tiempo
4442,9,38,23,27,2026-07-12,07:30:00,2026-07-12,19:13:00,2026-07-12,19:13:00,0.29,56,310.08,26.34,26.63,2527.4,701.43,3228.83,0,False,Entregada,Entrega realizada en tiempo
4443,44,36,39,11,2026-02-09,10:44:00,2026-02-09,13:30:00,2026-02-09,13:30:00,0.87,48,66.92,7.89,23.52,1305.6,185.57,1491.17,0,False,Entregada,Entrega realizada en tiempo
4444,70,21,36,32,2026-06-21,05:55:00,2026-06-21,17:59:00,2026-06-21,18:22:00,1.25,56,394.48,55.17,25.19,3045.4,1389.73,4435.13,23,True,Tardía,Distancia larga
4445,92,12,39,15,2026-07-24,10:22:00,2026-07-24,12:45:00,2026-07-24,12:45:00,1.1,19,65.77,9.41,24.76,1090.85,232.99,1323.84,0,False,Entregada,Entrega realizada en tiempo
4446,79,32,7,24,2026-07-05,09:22:00,2026-07-05,17:59:00,2026-07-05,17:59:00,0.2,77,342.62,31.03,24.2,2849.1,750.93,3600.03,0,False,Entregada,Entrega realizada en tiempo
4447,21,27,34,43,2026-03-21,18:17:00,2026-03-21,09:44:00,2026-03-22,10:50:00,11.14,53,477.82,61.42,25.74,4427.1,1580.95,6008.05,66,True,Tardía,"Tráfico alto, Hora pico, Distancia larga"
4448,67,16,7,49,2026-01-03,08:35:00,2026-01-03,23:06:00,2026-01-03,23:06:00,0.51,46,418.73,37.62,23.2,3012.65,872.78,3885.43,0,False,Entregada,Entrega realizada en tiempo
4449,70,4,60,35,2026-05-03,13:25:00,2026-05-03,16:59:00,2026-05-03,16:59:00,2.08,40,157.26,26.43,26.77,1814.3,707.53,2521.83,0,False,Entregada,Entrega realizada en tiempo
4450,97,2,48,44,2026-03-28,20:07:00,2026-03-28,22:17:00,2026-03-28,22:17:00,1.72,2,67.83,13.68,23.04,1027.15,315.19,1342.34,0,False,Entregada,Entrega realizada en tiempo
4451,1,36,58,42,2026-05-23,16:31:00,2026-05-23,19:42:00,2026-05-23,19:42:00,1.79,77,100.84,11.89,26.86,1799.2,319.37,2118.57,0,False,Entregada,Entrega realizada en tiempo
4452,33,32,28,6,2026-05-31,09:28:00,2026-05-31,10:22:00,2026-05-31,10:22:00,2.75,69,30.9,2.8,25.92,1481.5,72.58,1554.08,0,False,Entregada,Entrega realizada en tiempo
4453,55,25,13,25,2026-07-21,12:24:00,2026-07-21,21:50:00,2026-07-21,21:50:00,5.02,43,349.03,74.26,23.88,3091.15,1773.33,4864.48,0,False,Entregada,Entrega realizada en tiempo
4454,39,29,29,18,2026-07-10,16:14:00,2026-07-10,08:22:00,2026-07-11,08:22:00,13.21,26,461.17,48.19,25.31,4334.85,1219.69,5554.54,0,False,Entregada,Entrega realizada en tiempo
4455,19,10,51,45,2026-04-21,09:32:00,2026-04-21,12:13:00,2026-04-21,12:13:00,1.6,15,84.27,8.45,23.3,1201.35,196.88,1398.23,0,False,Entregada,Entrega realizada en tiempo
4456,1,12,14,32,2026-03-16,09:35:00,2026-03-16,21:39:00,2026-03-16,22:20:00,1.05,64,400.98,57.36,26.85,3121.9,1540.12,4662.02,41,True,Tardía,"Hora pico, Distancia larga"
4457,15,39,19,1,2026-03-23,05:16:00,2026-03-23,11:35:00,2026-03-23,11:35:00,5.07,61,201.63,16.27,24.67,2503.15,401.38,2904.53,0,False,Entregada,Entrega realizada en tiempo
4458,80,31,56,42,2026-05-25,16:10:00,2026-05-25,19:21:00,2026-05-25,20:22:00,24.27,77,89.43,12.7,24.8,3990.15,314.96,4305.11,61,True,Tardía,"Tráfico alto, Carga pesada"
4459,53,25,2,37,2026-05-17,13:37:00,2026-05-17,06:55:00,2026-05-18,06:55:00,4.58,15,410.7,87.38,23.37,3131.5,2042.07,5173.57,0,False,Entregada,Entrega realizada en tiempo
4460,97,20,32,47,2026-03-01,15:27:00,2026-03-01,03:11:00,2026-03-02,04:21:00,4.33,47,338.06,45.87,25.1,2999.3,1151.34,4150.64,70,True,Tardía,"Tráfico alto, Distancia larga"
4461,39,33,48,39,2026-06-24,14:57:00,2026-06-24,23:20:00,2026-06-24,23:20:00,0.89,47,228.47,29.14,23.98,2107.35,698.78,2806.13,0,False,Entregada,Entrega realizada en tiempo
4462,81,40,35,17,2026-03-09,11:50:00,2026-03-09,18:08:00,2026-03-09,18:08:00,0.37,77,164.82,25.75,23.26,1977.1,598.95,2576.05,0,False,Entregada,Entrega realizada en tiempo
4463,56,16,55,37,2026-03-23,09:21:00,2026-03-23,02:39:00,2026-03-24,03:37:00,11.74,62,454.46,40.83,23.95,4442.3,977.88,5420.18,58,True,Tardía,"Hora pico, Distancia larga"
4464,82,11,6,10,2026-02-26,19:17:00,2026-02-26,21:42:00,2026-02-26,21:42:00,1.28,66,89.41,18.71,24.48,1603.05,458.02,2061.07,0,False,Entregada,Entrega realizada en tiempo
4465,10,40,6,36,2026-07-13,19:30:00,2026-07-13,23:24:00,2026-07-14,00:38:00,1.43,43,99.1,15.48,25.92,1482.5,401.24,1883.74,74,True,Tardía,"Tráfico alto, Hora pico, Carga pesada"
4466,77,3,41,50,2026-01-08,06:20:00,2026-01-08,14:20:00,2026-01-08,14:49:00,10.35,76,246.31,52.86,25.96,3374.55,1372.25,4746.8,29,True,Tardía,Carga pesada
4467,57,15,25,21,2026-05-21,14:18:00,2026-05-21,21:21:00,2026-05-21,21:21:00,0.88,5,293.45,60.38,25.27,2095.25,1525.8,3621.05,0,False,Entregada,Entrega realizada en tiempo
4468,74,15,18,20,2026-02-17,12:26:00,2026-02-17,13:59:00,2026-02-17,13:59:00,0.31,17,63.8,13.13,25.96,986.0,340.85,1326.85,0,False,Entregada,Entrega realizada en tiempo
4469,61,7,9,13,2026-06-06,10:15:00,2026-06-06,21:58:00,2026-06-06,21:58:00,0.93,8,333.23,54.63,26.05,2323.15,1423.11,3746.26,0,False,Entregada,Entrega realizada en tiempo
4470,44,16,13,24,2026-08-13,09:56:00,2026-08-13,18:33:00,2026-08-13,18:33:00,7.39,48,286.46,25.74,24.89,3055.3,640.67,3695.97,0,False,Entregada,Entrega realizada en tiempo
4471,75,35,2,37,2026-04-12,09:32:00,2026-04-12,02:50:00,2026-04-13,02:50:00,0.32,24,451.37,60.91,23.48,2980.85,1430.17,4411.02,0,False,Entregada,Entrega realizada en tiempo
4472,52,1,34,32,2026-05-24,18:48:00,2026-05-24,06:52:00,2026-05-25,06:52:00,1.21,42,367.9,35.51,25.02,2796.5,888.46,3684.96,0,False,Entregada,Entrega realizada en tiempo
4473,71,10,50,45,2026-07-21,18:12:00,2026-07-21,20:53:00,2026-07-21,20:53:00,12.99,60,87.44,8.77,24.7,2716.2,216.62,2932.82,0,False,Entregada,Entrega realizada en tiempo
4474,7,38,60,31,2026-04-27,10:37:00,2026-04-27,18:09:00,2026-04-27,18:09:00,10.61,66,198.2,16.84,26.47,3080.0,445.75,3525.75,0,False,Entregada,Entrega realizada en tiempo
4475,50,27,2,37,2026-05-08,18:32:00,2026-05-08,11:50:00,2026-05-09,11:50:00,12.49,42,450.77,57.94,26.9,4338.85,1558.59,5897.44,0,False,Entregada,Entrega realizada en tiempo
4476,97,4,44,42,2026-03-16,11:23:00,2026-03-16,14:34:00,2026-03-16,14:34:00,1.25,6,91.94,15.45,23.56,1132.7,364.0,1496.7,0,False,Entregada,Entrega realizada en tiempo
4477,52,11,40,47,2026-07-17,05:43:00,2026-07-17,17:27:00,2026-07-17,18:32:00,1.45,11,306.44,64.11,25.84,2265.2,1656.6,3921.8,65,True,Tardía,"Tráfico alto, Distancia larga"
4478,89,10,26,23,2026-02-07,17:33:00,2026-02-07,02:54:00,2026-02-08,02:54:00,11.85,21,255.89,25.67,24.54,3132.45,629.94,3762.39,0,False,Entregada,Entrega realizada en tiempo
4479,3,22,40,20,2026-06-21,07:47:00,2026-06-21,09:20:00,2026-06-21,09:20:00,0.61,45,62.03,6.0,23.48,1231.15,140.88,1372.03,0,False,Entregada,Entrega realizada en tiempo
4480,59,29,21,14,2026-05-30,20:53:00,2026-05-30,05:38:00,2026-05-31,06:08:00,9.13,57,258.34,26.99,24.26,3160.7,654.78,3815.48,30,True,Tardía,Incidencia operativa
4481,12,38,51,36,2026-04-28,06:32:00,2026-04-28,10:26:00,2026-04-28,10:26:00,2.7,65,106.25,9.03,24.98,1821.25,225.57,2046.82,0,False,Entregada,Entrega realizada en tiempo
4482,92,21,49,13,2026-06-26,20:51:00,2026-06-26,08:34:00,2026-06-27,08:34:00,0.4,1,316.17,44.22,25.97,2128.85,1148.39,3277.24,0,False,Entregada,Entrega realizada en tiempo
4483,44,40,41,31,2026-02-06,16:33:00,2026-02-06,00:05:00,2026-02-07,00:05:00,0.87,28,205.57,32.12,26.78,1838.85,860.17,2699.02,0,False,Entregada,Entrega realizada en tiempo
4484,5,30,48,45,2026-01-07,14:05:00,2026-01-07,16:46:00,2026-01-07,16:46:00,8.27,25,89.24,7.67,24.63,1973.2,188.91,2162.11,0,False,Entregada,Entrega realizada en tiempo
4485,54,29,12,5,2026-07-19,08:34:00,2026-07-19,18:30:00,2026-07-19,19:36:00,1.42,14,276.63,28.91,24.8,2137.15,716.97,2854.12,66,True,Tardía,"Tráfico alto, Hora pico"
4486,4,12,31,34,2026-03-27,10:28:00,2026-03-27,14:19:00,2026-03-27,14:19:00,0.55,73,101.79,14.56,25.23,1647.95,367.35,2015.3,0,False,Entregada,Entrega realizada en tiempo
4487,20,8,19,47,2026-05-27,09:19:00,2026-05-27,21:03:00,2026-05-27,21:58:00,1.89,11,323.54,34.57,26.48,2394.7,915.41,3310.11,55,True,Tardía,"Tráfico alto, Hora pico, Distancia larga"
4488,55,13,37,3,2026-08-01,19:23:00,2026-08-01,21:40:00,2026-08-01,22:25:00,11.6,68,63.69,5.19,24.04,2522.45,124.77,2647.22,45,True,Tardía,Hora pico
4489,65,14,56,28,2026-07-19,19:59:00,2026-07-19,03:00:00,2026-07-20,03:00:00,2.93,16,289.19,31.16,23.65,2366.95,736.93,3103.88,0,False,Entregada,Entrega realizada en tiempo
4490,69,26,28,22,2026-06-20,16:02:00,2026-06-20,23:41:00,2026-06-20,23:41:00,5.07,52,307.77,43.9,24.49,2961.85,1075.11,4036.96,0,False,Entregada,Entrega realizada en tiempo
4491,45,37,23,29,2026-07-20,10:47:00,2026-07-20,16:01:00,2026-07-20,16:01:00,0.68,42,170.06,18.13,26.24,1754.3,475.73,2230.03,0,False,Entregada,Entrega realizada en tiempo
4492,41,29,31,43,2026-02-03,14:00:00,2026-02-03,05:27:00,2026-02-04,06:21:00,2.38,38,436.75,45.64,23.1,3225.75,1054.28,4280.03,54,True,Tardía,"Tráfico alto, Distancia larga"
4493,70,21,52,21,2026-05-16,17:09:00,2026-05-16,00:12:00,2026-05-17,01:20:00,1.66,28,307.24,42.97,25.52,2426.2,1096.59,3522.79,68,True,Tardía,"Hora pico, Distancia larga, Carga pesada"
4494,6,34,2,10,2026-03-15,08:01:00,2026-03-15,10:26:00,2026-03-15,10:56:00,0.92,37,88.57,7.36,25.94,1330.85,190.92,1521.77,30,True,Tardía,Hora pico
4495,98,20,38,16,2026-01-30,15:24:00,2026-01-30,05:52:00,2026-01-31,05:52:00,9.38,2,436.57,59.24,23.48,3636.85,1390.96,5027.81,0,False,Entregada,Entrega realizada en tiempo
4496,99,8,6,22,2026-06-12,14:40:00,2026-06-12,22:19:00,2026-06-12,22:19:00,5.0,49,314.72,33.62,23.36,2965.6,785.36,3750.96,0,False,Entregada,Entrega realizada en tiempo
4497,83,19,2,46,2026-03-12,17:42:00,2026-03-12,08:32:00,2026-03-13,09:12:00,1.85,46,418.09,41.19,25.21,3143.45,1038.4,4181.85,40,True,Tardía,"Hora pico, Distancia larga"
4498,5,36,38,9,2026-02-03,18:01:00,2026-02-03,01:34:00,2026-02-04,01:34:00,1.11,52,197.04,23.24,25.28,2012.2,587.51,2599.71,0,False,Entregada,Entrega realizada en tiempo
4499,88,3,60,42,2026-04-09,12:38:00,2026-04-09,15:49:00,2026-04-09,15:49:00,6.64,40,105.86,22.72,24.33,2013.3,552.78,2566.08,0,False,Entregada,Entrega realizada en tiempo
4500,84,23,48,45,2026-08-07,19:02:00,2026-08-07,21:43:00,2026-08-07,21:43:00,1.61,29,90.28,16.53,24.57,1344.4,406.14,1750.54,0,False,Entregada,Entrega realizada en tiempo
4501,72,14,26,19,2026-05-05,08:55:00,2026-05-05,21:36:00,2026-05-05,22:25:00,5.95,22,404.63,43.6,24.94,3294.15,1087.38,4381.53,49,True,Tardía,"Hora pico, Distancia larga"
4502,68,15,16,23,2026-01-17,12:55:00,2026-01-17,22:16:00,2026-01-17,22:16:00,0.29,24,256.73,52.83,25.59,2004.65,1351.92,3356.57,0,False,Entregada,Entrega realizada en tiempo
4503,79,27,26,45,2026-03-05,06:49:00,2026-03-05,09:30:00,2026-03-05,09:30:00,6.85,6,89.81,11.54,24.04,1682.05,277.42,1959.47,0,False,Entregada,Entrega realizada en tiempo
4504,28,38,59,46,2026-05-21,05:17:00,2026-05-21,20:07:00,2026-05-21,20:07:00,7.67,71,436.84,37.11,25.17,4019.2,934.06,4953.26,0,False,Entregada,Entrega realizada en tiempo
4505,95,27,32,41,2026-02-12,13:06:00,2026-02-12,20:22:00,2026-02-12,20:50:00,2.07,39,185.68,23.87,24.51,1947.4,585.05,2532.45,28,True,Tardía,Incidencia operativa
4506,95,29,4,37,2026-05-29,19:28:00,2026-05-29,12:46:00,2026-05-30,13:27:00,20.18,27,422.85,44.18,26.55,4848.25,1172.98,6021.23,41,True,Tardía,"Hora pico, Distancia larga"
4507,53,35,59,36,2026-01-27,10:57:00,2026-01-27,14:51:00,2026-01-27,15:48:00,0.6,3,96.45,13.02,24.18,1066.25,314.82,1381.07,57,True,Tardía,Tráfico alto
4508,78,7,44,12,2026-05-21,08:23:00,2026-05-21,20:01:00,2026-05-21,20:47:00,0.76,7,433.67,71.09,26.71,2800.35,1898.81,4699.16,46,True,Tardía,"Hora pico, Distancia larga"
4509,50,10,24,29,2026-03-01,08:09:00,2026-03-01,13:23:00,2026-03-01,13:45:00,6.97,45,188.99,18.96,24.77,2501.95,469.64,2971.59,22,True,Tardía,Hora pico
4510,76,33,29,26,2026-02-14,09:50:00,2026-02-14,15:49:00,2026-02-14,17:07:00,0.28,75,177.67,22.66,26.77,2016.35,606.61,2622.96,78,True,Tardía,"Tráfico alto, Hora pico"
4511,63,18,24,3,2026-05-23,06:40:00,2026-05-23,08:57:00,2026-05-23,08:57:00,0.53,73,63.51,5.95,25.47,1454.55,151.55,1606.1,0,False,Entregada,Entrega realizada en tiempo
4512,58,8,30,15,2026-06-16,10:05:00,2026-06-16,12:28:00,2026-06-16,12:28:00,4.44,44,59.55,6.36,23.38,1593.75,148.7,1742.45,0,False,Entregada,Entrega realizada en tiempo
4513,55,3,58,18,2026-02-14,15:52:00,2026-02-14,08:00:00,2026-02-15,08:43:00,10.28,11,435.48,93.45,26.59,3793.4,2484.84,6278.24,43,True,Tardía,"Distancia larga, Carga pesada"
4514,43,3,55,17,2026-03-09,08:23:00,2026-03-09,14:41:00,2026-03-09,14:41:00,5.09,24,167.86,36.02,24.14,2040.3,869.52,2909.82,0,False,Entregada,Entrega realizada en tiempo
4515,45,33,48,41,2026-02-06,16:47:00,2026-02-06,00:03:00,2026-02-07,00:03:00,0.92,77,204.34,26.06,26.94,2229.7,702.06,2931.76,0,False,Entregada,Entrega realizada en tiempo
4516,33,6,43,44,2026-08-03,08:53:00,2026-08-03,11:03:00,2026-08-03,11:03:00,0.46,29,62.87,9.19,26.27,1092.35,241.42,1333.77,0,False,Entregada,Entrega realizada en tiempo
4517,72,3,17,39,2026-05-10,18:53:00,2026-05-10,03:16:00,2026-05-11,03:56:00,9.43,55,222.31,47.71,26.24,2994.55,1251.91,4246.46,40,True,Tardía,Hora pico
4518,25,29,16,39,2026-04-11,13:47:00,2026-04-11,22:10:00,2026-04-11,22:10:00,21.11,22,211.93,22.15,23.69,3846.65,524.73,4371.38,0,False,Entregada,Entrega realizada en tiempo
4519,61,27,1,46,2026-07-25,18:18:00,2026-07-25,09:08:00,2026-07-26,09:44:00,9.82,16,408.11,52.46,26.19,3650.55,1373.93,5024.48,36,True,Tardía,"Hora pico, Distancia larga"
4520,56,8,13,23,2026-02-18,12:09:00,2026-02-18,21:30:00,2026-02-18,21:30:00,1.44,42,275.55,29.44,24.54,2357.75,722.46,3080.21,0,False,Entregada,Entrega realizada en tiempo
4521,72,13,10,28,2026-07-04,08:53:00,2026-07-04,15:54:00,2026-07-04,16:30:00,21.52,12,267.57,21.82,24.38,4085.85,531.97,4617.82,36,True,Tardía,"Hora pico, Carga pesada"
4522,2,37,43,23,2026-03-11,08:55:00,2026-03-11,18:16:00,2026-03-11,18:16:00,0.61,47,277.67,29.6,26.47,2325.35,783.51,3108.86,0,False,Entregada,Entrega realizada en tiempo
4523,44,1,24,26,2026-05-19,19:40:00,2026-05-19,01:39:00,2026-05-20,01:39:00,0.99,8,178.9,17.27,24.1,1557.5,416.21,1973.71,0,False,Entregada,Entrega realizada en tiempo
4524,68,12,45,1,2026-04-23,09:30:00,2026-04-23,15:49:00,2026-04-23,16:16:00,1.15,10,171.32,24.51,24.23,1551.6,593.88,2145.48,27,True,Tardía,Hora pico
4525,89,12,43,40,2026-02-24,18:33:00,2026-02-24,11:35:00,2026-02-25,11:35:00,1.44,14,478.0,68.38,23.99,3146.0,1640.44,4786.44,0,False,Entregada,Entrega realizada en tiempo
4526,53,31,11,29,2026-03-05,10:09:00,2026-03-05,15:23:00,2026-03-05,15:58:00,22.28,53,192.41,27.33,24.76,4114.05,676.69,4790.74,35,True,Tardía,Carga pesada
4527,56,40,22,33,2026-07-23,19:55:00,2026-07-23,04:49:00,2026-07-24,04:49:00,1.34,16,260.69,40.73,26.38,2065.45,1074.46,3139.91,0,False,Entregada,Entrega realizada en tiempo
4528,98,25,35,29,2026-06-13,17:48:00,2026-06-13,23:02:00,2026-06-13,23:02:00,3.98,38,200.44,42.65,23.6,2204.2,1006.54,3210.74,0,False,Entregada,Entrega realizada en tiempo
4529,74,19,18,39,2026-06-06,09:50:00,2026-06-06,18:13:00,2026-06-06,18:54:00,1.7,10,197.11,19.42,25.55,1735.55,496.18,2231.73,41,True,Tardía,Hora pico
4530,64,11,56,47,2026-07-12,15:26:00,2026-07-12,03:10:00,2026-07-13,04:04:00,3.4,65,357.16,74.72,23.92,3145.8,1787.3,4933.1,54,True,Tardía,"Tráfico alto, Distancia larga"
4531,84,28,58,29,2026-06-15,19:13:00,2026-06-15,00:27:00,2026-06-16,00:56:00,1.65,24,199.65,29.27,23.49,1855.25,687.55,2542.8,29,True,Tardía,Hora pico
4532,92,14,56,7,2026-05-04,17:38:00,2026-05-04,21:49:00,2026-05-04,21:49:00,5.13,2,123.73,13.33,24.21,1647.65,322.72,1970.37,0,False,Entregada,Entrega realizada en tiempo
4533,27,36,44,35,2026-02-26,09:12:00,2026-02-26,12:46:00,2026-02-26,12:46:00,1.57,14,145.49,17.16,26.18,1496.45,449.25,1945.7,0,False,Entregada,Entrega realizada en tiempo
4534,86,7,33,2,2026-01-27,15:25:00,2026-01-27,01:20:00,2026-01-28,01:20:00,0.51,36,294.46,48.27,23.05,2311.3,1112.62,3423.92,0,False,Entregada,Entrega realizada en tiempo
4535,32,28,9,35,2026-01-15,08:55:00,2026-01-15,12:29:00,2026-01-15,13:19:00,4.71,77,148.65,21.8,25.58,2330.25,557.64,2887.89,50,True,Tardía,Hora pico
4536,47,13,5,8,2026-04-01,11:49:00,2026-04-01,15:17:00,2026-04-01,15:17:00,17.79,31,105.26,8.59,25.18,3053.3,216.3,3269.6,0,False,Entregada,Entrega realizada en tiempo
4537,13,24,32,16,2026-03-08,07:55:00,2026-03-08,22:23:00,2026-03-08,22:23:00,3.97,41,450.41,42.21,23.34,3477.05,985.18,4462.23,0,False,Entregada,Entrega realizada en tiempo
4538,87,25,50,28,2026-01-04,19:26:00,2026-01-04,02:27:00,2026-01-05,03:05:00,2.29,24,253.8,54.0,23.24,2190.0,1254.96,3444.96,38,True,Tardía,Hora pico
4539,51,3,10,27,2026-06-17,09:51:00,2026-06-17,21:34:00,2026-06-17,21:34:00,10.16,19,288.9,62.0,26.81,3112.5,1662.22,4774.72,0,False,Entregada,Entrega realizada en tiempo
4540,71,39,9,10,2026-03-28,08:40:00,2026-03-28,11:05:00,2026-03-28,11:05:00,2.26,71,86.18,6.96,23.59,1724.9,164.19,1889.09,0,False,Entregada,Entrega realizada en tiempo
4541,55,7,51,50,2026-03-04,13:02:00,2026-03-04,21:02:00,2026-03-04,21:02:00,0.86,54,269.93,44.25,23.24,2367.65,1028.37,3396.02,0,False,Entregada,Entrega realizada en tiempo
4542,38,3,5,21,2026-08-10,18:54:00,2026-08-10,01:57:00,2026-08-11,01:57:00,3.6,79,267.39,57.38,24.99,2828.95,1433.93,4262.88,0,False,Entregada,Entrega realizada en tiempo
4543,84,2,26,9,2026-07-01,19:04:00,2026-07-01,02:37:00,2026-07-02,02:37:00,5.09,5,198.52,40.02,25.45,2041.6,1018.51,3060.11,0,False,Entregada,Entrega realizada en tiempo
4544,83,23,12,28,2026-05-16,15:26:00,2026-05-16,22:27:00,2026-05-16,22:54:00,0.79,48,279.43,51.18,23.86,2360.15,1221.15,3581.3,27,True,Tardía,Incidencia operativa
4545,71,6,49,26,2026-05-23,09:07:00,2026-05-23,15:06:00,2026-05-23,16:04:00,1.3,38,181.11,26.48,25.1,1839.55,664.65,2504.2,58,True,Tardía,"Tráfico alto, Hora pico, Carga pesada"
4546,59,6,60,18,2026-07-13,09:37:00,2026-07-13,01:45:00,2026-07-14,02:28:00,0.53,3,422.98,61.84,23.1,2691.9,1428.5,4120.4,43,True,Tardía,"Hora pico, Distancia larga"
4547,7,22,55,48,2026-06-20,15:11:00,2026-06-20,20:24:00,2026-06-20,20:24:00,0.94,51,198.99,19.24,24.93,1996.95,479.65,2476.6,0,False,Entregada,Entrega realizada en tiempo
4548,81,12,42,19,2026-05-07,12:32:00,2026-05-07,01:13:00,2026-05-08,01:13:00,1.44,42,354.31,50.69,24.8,2751.55,1257.11,4008.66,0,False,Entregada,Entrega realizada en tiempo
4549,67,35,54,34,2026-06-07,09:04:00,2026-06-07,12:55:00,2026-06-07,13:34:00,1.04,30,106.61,14.39,23.47,1377.05,337.73,1714.78,39,True,Tardía,Hora pico
4550,43,12,10,39,2026-07-20,09:11:00,2026-07-20,17:34:00,2026-07-20,17:34:00,0.21,18,194.29,27.8,25.68,1636.45,713.9,2350.35,0,False,Entregada,Entrega realizada en tiempo
4551,23,21,17,3,2026-01-29,12:37:00,2026-01-29,14:54:00,2026-01-29,14:54:00,0.91,32,61.62,8.62,26.8,1155.1,231.02,1386.12,0,False,Entregada,Entrega realizada en tiempo
4552,38,32,50,24,2026-03-16,10:41:00,2026-03-16,19:18:00,2026-03-16,19:18:00,0.3,11,326.59,29.58,24.61,2250.95,727.96,2978.91,0,False,Entregada,Entrega realizada en tiempo
4553,40,24,39,18,2026-04-27,20:03:00,2026-04-27,12:11:00,2026-04-28,12:11:00,2.11,8,430.91,40.39,25.52,2929.55,1030.75,3960.3,0,False,Entregada,Entrega realizada en tiempo
4554,74,12,48,18,2026-07-12,16:13:00,2026-07-12,08:21:00,2026-07-13,08:21:00,0.57,52,399.04,57.09,25.39,2968.2,1449.52,4417.72,0,False,Entregada,Entrega realizada en tiempo
4555,67,16,31,23,2026-04-03,14:41:00,2026-04-03,00:02:00,2026-04-04,00:02:00,8.18,3,255.05,22.92,26.67,2617.25,611.28,3228.53,0,False,Entregada,Entrega realizada en tiempo
4556,70,16,35,32,2026-04-03,06:00:00,2026-04-03,18:04:00,2026-04-03,18:04:00,10.68,64,358.07,32.17,26.88,3870.35,864.73,4735.08,0,False,Entregada,Entrega realizada en tiempo
4557,79,38,4,47,2026-02-18,08:28:00,2026-02-18,20:12:00,2026-02-18,21:02:00,7.72,19,313.8,26.66,24.13,2993.0,643.31,3636.31,50,True,Tardía,"Tráfico alto, Hora pico, Distancia larga"
4558,27,16,8,49,2026-04-06,16:37:00,2026-04-06,07:08:00,2026-04-07,07:27:00,13.34,54,405.48,36.43,23.33,4293.4,849.91,5143.31,19,True,Tardía,Distancia larga
4559,52,2,6,40,2026-06-23,09:58:00,2026-06-23,03:00:00,2026-06-24,03:00:00,2.0,27,453.28,91.39,23.03,3182.4,2104.71,5287.11,0,False,Entregada,Entrega realizada en tiempo
4560,56,11,12,25,2026-01-14,09:04:00,2026-01-14,18:30:00,2026-01-14,18:30:00,0.49,50,348.96,73.0,23.52,2693.8,1716.96,4410.76,0,False,Entregada,Entrega realizada en tiempo
4561,50,26,54,15,2026-03-01,08:24:00,2026-03-01,10:47:00,2026-03-01,10:47:00,4.03,13,63.36,9.04,26.62,1323.8,240.64,1564.44,0,False,Entregada,Entrega realizada en tiempo
4562,20,13,7,1,2026-01-17,18:05:00,2026-01-17,00:24:00,2026-01-18,01:06:00,11.5,58,202.18,16.49,24.27,3124.9,400.21,3525.11,42,True,Tardía,Hora pico
4563,95,17,3,22,2026-07-15,08:38:00,2026-07-15,16:17:00,2026-07-15,16:17:00,0.68,74,325.64,57.84,25.22,2788.2,1458.72,4246.92,0,False,Entregada,Entrega realizada en tiempo
4564,77,1,1,49,2026-07-28,13:26:00,2026-07-28,03:57:00,2026-07-29,03:57:00,0.79,57,419.85,40.53,23.93,3134.25,969.88,4104.13,0,False,Entregada,Entrega realizada en tiempo
4565,46,11,52,27,2026-02-27,14:38:00,2026-02-27,02:21:00,2026-02-28,02:56:00,3.36,48,301.46,63.07,24.45,2727.3,1542.06,4269.36,35,True,Tardía,Distancia larga
4566,34,8,16,42,2026-01-08,08:45:00,2026-01-08,11:56:00,2026-01-08,11:56:00,5.14,24,96.27,10.29,26.89,1687.35,276.7,1964.05,0,False,Entregada,Entrega realizada en tiempo
4567,97,25,31,7,2026-01-14,15:26:00,2026-01-14,19:37:00,2026-01-14,19:37:00,9.21,42,130.84,27.84,23.09,2411.2,642.83,3054.03,0,False,Entregada,Entrega realizada en tiempo
4568,38,38,11,13,2026-04-04,17:28:00,2026-04-04,05:11:00,2026-04-05,05:59:00,2.99,57,331.2,28.14,24.47,2911.0,688.59,3599.59,48,True,Tardía,"Hora pico, Distancia larga"
4569,11,32,22,13,2026-02-08,08:45:00,2026-02-08,20:28:00,2026-02-08,20:28:00,1.5,64,306.68,27.78,25.5,2695.4,708.39,3403.79,0,False,Entregada,Entrega realizada en tiempo
4570,80,32,45,44,2026-07-16,14:10:00,2026-07-16,16:20:00,2026-07-16,16:20:00,1.52,51,67.67,6.13,24.26,1398.35,148.71,1547.06,0,False,Entregada,Entrega realizada en tiempo
4571,60,34,40,46,2026-08-05,19:38:00,2026-08-05,10:28:00,2026-08-06,11:15:00,2.08,15,377.48,31.35,24.91,2715.4,780.93,3496.33,47,True,Tardía,"Hora pico, Distancia larga"
4572,14,21,56,8,2026-01-24,07:16:00,2026-01-24,10:44:00,2026-01-24,10:44:00,1.31,21,93.48,13.07,23.46,1266.4,306.62,1573.02,0,False,Entregada,Entrega realizada en tiempo
4573,38,33,20,24,2026-03-20,16:28:00,2026-03-20,01:05:00,2026-03-21,01:45:00,0.28,28,299.59,38.21,23.3,2249.95,890.29,3140.24,40,True,Tardía,Tráfico alto
4574,95,31,58,46,2026-03-09,07:36:00,2026-03-09,22:26:00,2026-03-09,22:26:00,9.91,1,415.22,58.98,24.61,3575.1,1451.5,5026.6,0,False,Entregada,Entrega realizada en tiempo
4575,42,20,58,21,2026-06-17,06:34:00,2026-06-17,13:37:00,2026-06-17,13:37:00,0.76,46,321.22,43.58,26.26,2550.1,1144.41,3694.51,0,False,Entregada,Entrega realizada en tiempo
4576,25,17,1,8,2026-06-16,07:59:00,2026-06-16,11:27:00,2026-06-16,11:27:00,0.83,64,96.37,17.12,26.63,1576.85,455.91,2032.76,0,False,Entregada,Entrega realizada en tiempo
4577,60,2,25,7,2026-02-22,06:07:00,2026-02-22,10:18:00,2026-02-22,10:18:00,5.39,14,122.05,24.61,24.81,1761.25,610.57,2371.82,0,False,Entregada,Entrega realizada en tiempo
4578,69,15,55,6,2026-06-20,19:40:00,2026-06-20,20:34:00,2026-06-20,20:34:00,0.78,12,26.57,5.47,23.12,806.85,126.47,933.32,0,False,Entregada,Entrega realizada en tiempo
4579,32,21,31,38,2026-04-08,14:53:00,2026-04-08,19:24:00,2026-04-08,19:24:00,0.49,55,201.01,28.11,23.12,1994.05,649.9,2643.95,0,False,Entregada,Entrega realizada en tiempo
4580,73,5,43,50,2026-08-07,13:18:00,2026-08-07,21:18:00,2026-08-07,21:18:00,4.91,17,246.13,30.92,25.89,2357.65,800.52,3158.17,0,False,Entregada,Entrega realizada en tiempo
4581,91,29,36,10,2026-08-07,12:04:00,2026-08-07,14:29:00,2026-08-07,14:29:00,23.99,16,85.67,8.95,24.12,3455.35,215.87,3671.22,0,False,Entregada,Entrega realizada en tiempo
4582,35,12,20,43,2026-07-01,07:53:00,2026-07-01,23:20:00,2026-07-02,00:36:00,0.63,16,459.2,65.69,26.77,2987.0,1758.52,4745.52,76,True,Tardía,"Tráfico alto, Hora pico, Distancia larga"
4583,19,18,59,49,2026-05-16,08:08:00,2026-05-16,22:39:00,2026-05-16,22:39:00,0.22,30,404.13,37.84,23.25,2782.65,879.78,3662.43,0,False,Entregada,Entrega realizada en tiempo
4584,55,19,9,48,2026-01-19,07:27:00,2026-01-19,12:40:00,2026-01-19,13:29:00,3.82,66,194.24,19.14,26.23,2381.2,502.04,2883.24,49,True,Tardía,"Tráfico alto, Hora pico"
4585,77,23,7,41,2026-06-29,13:39:00,2026-06-29,20:55:00,2026-06-29,21:29:00,1.7,20,210.67,38.58,24.27,1883.35,936.34,2819.69,34,True,Tardía,Carga pesada
4586,9,32,19,28,2026-03-07,13:12:00,2026-03-07,20:13:00,2026-03-07,20:45:00,4.26,30,278.23,25.2,25.32,2557.15,638.06,3195.21,32,True,Tardía,Carga pesada
4587,41,1,28,3,2026-07-19,13:41:00,2026-07-19,15:58:00,2026-07-19,16:14:00,0.73,37,61.35,5.92,24.9,1175.75,147.41,1323.16,16,True,Tardía,Incidencia operativa
4588,84,7,60,15,2026-06-14,12:41:00,2026-06-14,15:04:00,2026-06-14,15:04:00,1.31,55,67.64,11.09,26.16,1409.2,290.11,1699.31,0,False,Entregada,Entrega realizada en tiempo
4589,81,7,49,44,2026-01-04,18:34:00,2026-01-04,20:44:00,2026-01-04,20:44:00,0.53,77,70.05,11.48,23.18,1519.25,266.11,1785.36,0,False,Entregada,Entrega realizada en tiempo
4590,62,35,28,37,2026-08-02,13:28:00,2026-08-02,06:46:00,2026-08-03,07:30:00,1.14,49,492.9,66.52,24.1,3470.5,1603.13,5073.63,44,True,Tardía,"Distancia larga, Carga pesada"
4591,90,21,41,18,2026-06-13,12:31:00,2026-06-13,04:39:00,2026-06-14,04:39:00,1.56,40,408.19,57.09,23.96,3016.95,1367.88,4384.83,0,False,Entregada,Entrega realizada en tiempo
4592,35,15,24,42,2026-08-01,18:15:00,2026-08-01,21:26:00,2026-08-01,21:26:00,0.3,56,90.32,18.58,24.91,1429.6,462.83,1892.43,0,False,Entregada,Entrega realizada en tiempo
4593,13,28,33,50,2026-04-03,08:53:00,2026-04-03,16:53:00,2026-04-03,16:53:00,2.8,47,257.35,37.73,23.31,2442.75,879.49,3322.24,0,False,Entregada,Entrega realizada en tiempo
4594,90,31,52,21,2026-01-13,11:00:00,2026-01-13,18:03:00,2026-01-13,18:20:00,20.75,73,317.22,45.06,26.65,4745.1,1200.85,5945.95,17,True,Tardía,Distancia larga
4595,15,34,21,40,2026-04-12,20:36:00,2026-04-12,13:38:00,2026-04-13,13:38:00,5.31,58,413.13,34.31,23.07,3560.65,791.53,4352.18,0,False,Entregada,Entrega realizada en tiempo
4596,80,23,11,37,2026-01-06,13:46:00,2026-01-06,07:04:00,2026-01-07,07:45:00,0.49,46,417.26,76.42,26.69,3003.3,2039.65,5042.95,41,True,Tardía,Distancia larga
4597,20,33,5,34,2026-03-10,17:46:00,2026-03-10,21:37:00,2026-03-10,21:37:00,0.48,20,109.18,13.93,25.02,1253.9,348.53,1602.43,0,False,Entregada,Entrega realizada en tiempo
4598,51,14,48,39,2026-06-05,09:18:00,2026-06-05,17:41:00,2026-06-05,17:41:00,0.51,10,208.14,22.43,25.54,1671.7,572.86,2244.56,0,False,Entregada,Entrega realizada en tiempo
4599,12,39,23,18,2026-01-10,15:11:00,2026-01-10,07:19:00,2026-01-11,07:19:00,1.7,63,437.98,35.35,26.57,3363.9,939.25,4303.15,0,False,Entregada,Entrega realizada en tiempo
4600,79,2,33,35,2026-07-08,06:25:00,2026-07-08,09:59:00,2026-07-08,09:59:00,7.76,65,147.63,29.76,23.36,2534.15,695.19,3229.34,0,False,Entregada,Entrega realizada en tiempo
4601,16,10,43,8,2026-04-28,13:38:00,2026-04-28,17:06:00,2026-04-28,17:06:00,8.07,18,108.39,10.87,23.59,1992.95,256.42,2249.37,0,False,Entregada,Entrega realizada en tiempo
4602,21,14,16,6,2026-02-17,13:24:00,2026-02-17,14:18:00,2026-02-17,14:18:00,1.74,63,28.58,3.08,24.38,1320.9,75.09,1395.99,0,False,Entregada,Entrega realizada en tiempo
4603,89,14,34,23,2026-07-13,16:07:00,2026-07-13,01:28:00,2026-07-14,01:28:00,5.48,55,271.67,29.27,24.84,2846.35,727.07,3573.42,0,False,Entregada,Entrega realizada en tiempo
4604,15,17,6,13,2026-03-13,09:31:00,2026-03-13,21:14:00,2026-03-13,22:13:00,1.02,64,311.57,55.34,25.8,2671.85,1427.77,4099.62,59,True,Tardía,"Hora pico, Distancia larga, Carga pesada"
4605,33,12,59,7,2026-06-23,12:46:00,2026-06-23,16:57:00,2026-06-23,17:15:00,0.78,20,113.6,16.25,23.74,1306.0,385.77,1691.77,18,True,Tardía,Incidencia operativa
4606,57,39,16,31,2026-03-08,08:23:00,2026-03-08,15:55:00,2026-03-08,15:55:00,5.29,66,190.47,15.37,25.47,2509.35,391.47,2900.82,0,False,Entregada,Entrega realizada en tiempo
4607,79,19,10,22,2026-01-13,13:36:00,2026-01-13,21:15:00,2026-01-13,21:15:00,1.39,18,323.29,31.85,26.39,2399.45,840.52,3239.97,0,False,Entregada,Entrega realizada en tiempo
4608,43,15,56,42,2026-07-26,05:55:00,2026-07-26,09:06:00,2026-07-26,09:06:00,0.69,74,89.65,18.45,25.76,1609.25,475.27,2084.52,0,False,Entregada,Entrega realizada en tiempo
4609,95,36,32,32,2026-06-05,10:25:00,2026-06-05,22:29:00,2026-06-05,22:29:00,1.35,38,388.81,45.85,23.73,2883.05,1088.02,3971.07,0,False,Entregada,Entrega realizada en tiempo
4610,27,30,38,23,2026-04-27,08:14:00,2026-04-27,17:35:00,2026-04-27,17:35:00,2.61,67,267.19,22.95,23.4,2632.95,537.03,3169.98,0,False,Entregada,Entrega realizada en tiempo
4611,88,5,9,38,2026-02-08,07:15:00,2026-02-08,11:46:00,2026-02-08,12:23:00,13.44,42,189.18,23.77,23.96,3125.9,569.53,3695.43,37,True,Tardía,Hora pico
4612,27,4,7,2,2026-05-02,13:12:00,2026-05-02,23:07:00,2026-05-02,23:07:00,1.12,48,296.65,49.86,25.71,2479.25,1281.9,3761.15,0,False,Entregada,Entrega realizada en tiempo
4613,23,17,26,37,2026-03-13,19:53:00,2026-03-13,13:11:00,2026-03-14,13:11:00,0.74,37,489.48,86.94,26.51,3317.4,2304.78,5622.18,0,False,Entregada,Entrega realizada en tiempo
4614,22,14,9,47,2026-02-02,09:14:00,2026-02-02,20:58:00,2026-02-02,20:58:00,5.02,22,308.51,33.24,25.23,2720.55,838.65,3559.2,0,False,Entregada,Entrega realizada en tiempo
4615,32,34,49,21,2026-08-15,18:03:00,2026-08-15,01:06:00,2026-08-16,01:54:00,3.98,74,316.74,26.31,24.92,3073.7,655.65,3729.35,48,True,Tardía,"Hora pico, Distancia larga"
4616,68,23,36,29,2026-05-13,09:30:00,2026-05-13,14:44:00,2026-05-13,15:09:00,0.35,80,204.44,37.44,24.7,2197.2,924.77,3121.97,25,True,Tardía,Hora pico
4617,95,36,12,9,2026-04-07,06:33:00,2026-04-07,14:06:00,2026-04-07,14:06:00,1.77,1,179.9,21.21,26.24,1584.5,556.55,2141.05,0,False,Entregada,Entrega realizada en tiempo
4618,27,29,5,24,2026-01-28,10:04:00,2026-01-28,18:41:00,2026-01-28,18:41:00,25.68,58,307.14,32.09,24.21,5067.7,776.9,5844.6,0,False,Entregada,Entrega realizada en tiempo
4619,92,39,35,36,2026-07-21,10:34:00,2026-07-21,14:28:00,2026-07-21,15:31:00,7.26,1,99.4,8.02,24.75,1731.0,198.49,1929.49,63,True,Tardía,"Tráfico alto, Carga pesada"
4620,95,15,35,8,2026-01-25,10:50:00,2026-01-25,14:18:00,2026-01-25,14:18:00,0.61,27,102.28,21.05,25.68,1288.4,540.56,1828.96,0,False,Entregada,Entrega realizada en tiempo
4621,74,18,26,11,2026-03-20,14:20:00,2026-03-20,17:06:00,2026-03-20,17:31:00,0.89,40,65.82,6.16,26.53,1238.1,163.42,1401.52,25,True,Tardía,Incidencia operativa
4622,2,1,21,15,2026-04-02,13:41:00,2026-04-02,16:04:00,2026-04-02,16:04:00,1.07,65,59.27,5.72,26.42,1423.35,151.12,1574.47,0,False,Entregada,Entrega realizada en tiempo
4623,34,36,47,7,2026-06-20,08:49:00,2026-06-20,13:00:00,2026-06-20,13:37:00,0.77,66,119.69,14.11,25.26,1703.45,356.42,2059.87,37,True,Tardía,Hora pico
4624,96,15,34,21,2026-01-15,08:46:00,2026-01-15,15:49:00,2026-01-15,16:37:00,0.63,69,285.48,58.74,26.9,2542.4,1580.11,4122.51,48,True,Tardía,Hora pico
4625,98,11,22,33,2026-05-05,14:14:00,2026-05-05,23:08:00,2026-05-05,23:52:00,0.64,60,262.47,54.91,26.08,2356.35,1432.05,3788.4,44,True,Tardía,Tráfico alto
4626,13,21,57,16,2026-02-25,06:28:00,2026-02-25,20:56:00,2026-02-25,20:56:00,0.25,3,425.12,59.46,24.66,2674.6,1466.28,4140.88,0,False,Entregada,Entrega realizada en tiempo
4627,64,4,42,43,2026-06-28,15:13:00,2026-06-28,06:40:00,2026-06-29,07:44:00,2.42,30,411.2,69.11,27.0,3038.0,1865.97,4903.97,64,True,Tardía,"Tráfico alto, Distancia larga, Carga pesada"
4628,76,22,22,48,2026-02-26,05:38:00,2026-02-26,10:51:00,2026-02-26,10:51:00,1.47,32,191.46,18.52,25.91,1860.3,479.85,2340.15,0,False,Entregada,Entrega realizada en tiempo
4629,25,17,44,4,2026-02-28,18:31:00,2026-02-28,21:05:00,2026-02-28,21:34:00,0.76,80,108.12,19.2,26.1,1756.6,501.12,2257.72,29,True,Tardía,Hora pico
4630,28,32,37,41,2026-06-16,09:01:00,2026-06-16,16:17:00,2026-06-16,17:07:00,3.89,54,180.28,16.33,23.55,2222.4,384.57,2606.97,50,True,Tardía,Hora pico
4631,7,1,19,24,2026-05-13,08:02:00,2026-05-13,16:39:00,2026-05-13,17:37:00,0.94,62,327.2,31.58,24.8,2726.0,783.18,3509.18,58,True,Tardía,"Tráfico alto, Hora pico, Distancia larga"
4632,89,20,9,20,2026-04-21,20:17:00,2026-04-21,21:50:00,2026-04-21,21:50:00,7.55,62,62.73,8.51,24.44,2064.65,207.98,2272.63,0,False,Entregada,Entrega realizada en tiempo
4633,42,4,50,28,2026-03-26,08:36:00,2026-03-26,15:37:00,2026-03-26,16:11:00,0.37,78,287.67,48.35,26.23,2599.35,1268.22,3867.57,34,True,Tardía,Hora pico
4634,57,40,41,8,2026-02-03,05:52:00,2026-02-03,09:20:00,2026-02-03,09:20:00,0.91,58,97.43,15.22,26.63,1542.15,405.31,1947.46,0,False,Entregada,Entrega realizada en tiempo
4635,96,3,40,23,2026-05-03,20:52:00,2026-05-03,06:13:00,2026-05-04,06:30:00,4.08,78,274.94,59.0,24.26,2906.7,1431.34,4338.04,17,True,Tardía,Incidencia operativa
4636,90,21,1,35,2026-01-26,16:34:00,2026-01-26,20:08:00,2026-01-26,20:41:00,1.58,34,147.66,20.65,26.81,1668.3,553.63,2221.93,33,True,Tardía,Carga pesada
4637,58,35,50,6,2026-07-31,17:16:00,2026-07-31,18:10:00,2026-07-31,18:10:00,1.15,38,27.96,3.77,23.13,1058.8,87.2,1146.0,0,False,Entregada,Entrega realizada en tiempo
4638,41,17,4,41,2026-04-03,07:57:00,2026-04-03,15:13:00,2026-04-03,15:13:00,0.29,48,178.59,31.72,25.66,1805.95,813.94,2619.89,0,False,Entregada,Entrega realizada en tiempo
4639,54,31,52,18,2026-01-03,09:03:00,2026-01-03,01:11:00,2026-01-04,01:11:00,1.51,15,416.32,59.14,25.58,2852.6,1512.8,4365.4,0,False,Entregada,Entrega realizada en tiempo
4640,41,39,48,39,2026-06-23,10:02:00,2026-06-23,18:25:00,2026-06-23,18:43:00,3.02,4,223.22,18.02,26.46,1950.1,476.81,2426.91,18,True,Tardía,Incidencia operativa
4641,11,20,56,3,2026-03-31,20:03:00,2026-03-31,22:20:00,2026-03-31,22:20:00,9.51,50,56.48,7.66,23.08,2133.4,176.79,2310.19,0,False,Entregada,Entrega realizada en tiempo
4642,10,17,51,18,2026-04-21,14:19:00,2026-04-21,06:27:00,2026-04-22,06:43:00,0.4,67,407.73,72.42,23.16,3114.65,1677.25,4791.9,16,True,Tardía,Distancia larga
4643,38,3,2,19,2026-07-02,16:16:00,2026-07-02,04:57:00,2026-07-03,05:38:00,6.44,46,347.85,74.65,25.11,3251.25,1874.46,5125.71,41,True,Tardía,Distancia larga
4644,28,19,47,35,2026-07-27,17:22:00,2026-07-27,20:56:00,2026-07-27,20:56:00,1.2,22,160.26,15.79,23.08,1597.3,364.43,1961.73,0,False,Entregada,Entrega realizada en tiempo
4645,71,38,39,10,2026-08-09,12:25:00,2026-08-09,14:50:00,2026-08-09,14:50:00,12.09,55,78.03,6.63,24.77,2539.15,164.23,2703.38,0,False,Entregada,Entrega realizada en tiempo
4646,8,6,13,34,2026-01-11,18:38:00,2026-01-11,22:29:00,2026-01-11,22:29:00,0.71,43,106.15,15.52,23.36,1445.75,362.55,1808.3,0,False,Entregada,Entrega realizada en tiempo
4647,65,8,11,43,2026-01-28,15:22:00,2026-01-28,06:49:00,2026-01-29,06:49:00,4.83,23,444.54,47.49,24.49,3389.7,1163.03,4552.73,0,False,Entregada,Entrega realizada en tiempo
4648,72,8,24,37,2026-03-26,05:19:00,2026-03-26,22:37:00,2026-03-26,23:06:00,0.95,31,472.26,50.46,26.47,3204.3,1335.68,4539.98,29,True,Tardía,Distancia larga
4649,10,32,17,5,2026-06-11,16:43:00,2026-06-11,02:39:00,2026-06-12,02:39:00,1.97,36,274.79,24.89,26.22,2358.95,652.62,3011.57,0,False,Entregada,Entrega realizada en tiempo
4650,99,25,57,13,2026-07-29,08:40:00,2026-07-29,20:23:00,2026-07-29,20:23:00,4.28,6,318.84,67.84,26.57,2570.2,1802.51,4372.71,0,False,Entregada,Entrega realizada en tiempo
4651,100,11,45,16,2026-02-01,17:25:00,2026-02-01,07:53:00,2026-02-02,08:45:00,1.59,61,406.52,85.05,23.4,3179.6,1990.17,5169.77,52,True,Tardía,"Hora pico, Distancia larga"
4652,66,17,59,19,2026-03-13,15:37:00,2026-03-13,04:18:00,2026-03-14,04:58:00,0.55,54,338.95,60.2,24.01,2681.75,1445.4,4127.15,40,True,Tardía,Distancia larga
4653,40,6,43,35,2026-02-28,09:32:00,2026-02-28,13:06:00,2026-02-28,13:06:00,1.17,9,138.5,20.25,26.42,1381.5,535.0,1916.5,0,False,Entregada,Entrega realizada en tiempo
4654,31,29,41,9,2026-03-11,11:49:00,2026-03-11,19:22:00,2026-03-11,19:22:00,1.4,64,201.34,21.04,25.38,2158.7,534.0,2692.7,0,False,Entregada,Entrega realizada en tiempo
4655,91,11,50,38,2026-04-28,13:36:00,2026-04-28,18:07:00,2026-04-28,18:07:00,3.35,12,199.37,41.71,24.06,1927.85,1003.54,2931.39,0,False,Entregada,Entrega realizada en tiempo
4656,39,34,59,37,2026-03-20,05:56:00,2026-03-20,23:14:00,2026-03-20,23:14:00,4.25,1,426.35,35.41,24.24,3064.75,858.34,3923.09,0,False,Entregada,Entrega realizada en tiempo
4657,44,35,17,26,2026-03-02,08:41:00,2026-03-02,14:40:00,2026-03-02,14:40:00,1.05,38,174.3,23.52,26.37,1780.5,620.22,2400.72,0,False,Entregada,Entrega realizada en tiempo
4658,65,32,36,2,2026-06-14,18:48:00,2026-06-14,04:43:00,2026-06-15,06:09:00,1.3,32,330.63,29.95,26.41,2539.15,790.98,3330.13,86,True,Tardía,"Tráfico alto, Hora pico, Distancia larga"
4659,61,14,29,34,2026-01-12,13:15:00,2026-01-12,17:06:00,2026-01-12,17:06:00,0.95,36,119.18,12.84,24.4,1478.9,313.3,1792.2,0,False,Entregada,Entrega realizada en tiempo
4660,73,7,55,35,2026-04-27,08:27:00,2026-04-27,12:01:00,2026-04-27,12:01:00,1.59,17,153.06,25.09,25.29,1560.3,634.53,2194.83,0,False,Entregada,Entrega realizada en tiempo
4661,40,29,28,30,2026-04-21,16:44:00,2026-04-21,21:52:00,2026-04-21,21:52:00,25.83,52,136.72,14.29,25.77,4182.6,368.25,4550.85,0,False,Entregada,Entrega realizada en tiempo
4662,11,38,8,39,2026-02-18,14:10:00,2026-02-18,22:33:00,2026-02-18,22:33:00,3.02,49,211.96,18.01,23.5,2253.8,423.24,2677.04,0,False,Entregada,Entrega realizada en tiempo
4663,74,40,14,8,2026-04-25,16:55:00,2026-04-25,20:23:00,2026-04-25,20:23:00,0.3,75,97.63,15.25,26.71,1618.15,407.33,2025.48,0,False,Entregada,Entrega realizada en tiempo
4664,2,34,51,23,2026-04-18,17:20:00,2026-04-18,02:41:00,2026-04-19,03:27:00,6.28,74,262.94,21.84,26.38,3034.7,576.14,3610.84,46,True,Tardía,Hora pico
4665,56,14,51,47,2026-06-01,16:31:00,2026-06-01,04:15:00,2026-06-02,04:15:00,2.57,6,341.8,36.83,26.42,2514.0,973.05,3487.05,0,False,Entregada,Entrega realizada en tiempo
4666,58,31,31,8,2026-03-11,06:22:00,2026-03-11,09:50:00,2026-03-11,09:50:00,22.49,58,91.13,12.94,24.87,3668.65,321.82,3990.47,0,False,Entregada,Entrega realizada en tiempo
4667,8,9,24,48,2026-01-05,07:23:00,2026-01-05,12:36:00,2026-01-05,12:36:00,0.45,48,171.38,14.01,24.02,1785.9,336.52,2122.42,0,False,Entregada,Entrega realizada en tiempo
4668,37,3,41,40,2026-06-27,20:20:00,2026-06-27,13:22:00,2026-06-28,13:22:00,8.13,59,421.83,90.52,23.53,3894.15,2129.94,6024.09,0,False,Entregada,Entrega realizada en tiempo
4669,50,14,32,17,2026-03-10,20:17:00,2026-03-10,02:35:00,2026-03-11,02:35:00,4.97,46,171.39,18.47,24.35,2221.95,449.74,2671.69,0,False,Entregada,Entrega realizada en tiempo
4670,86,31,25,49,2026-06-22,16:13:00,2026-06-22,06:44:00,2026-06-23,06:44:00,5.28,31,418.91,59.5,25.76,3370.55,1532.72,4903.27,0,False,Entregada,Entrega realizada en tiempo
4671,24,1,46,22,2026-01-07,13:13:00,2026-01-07,20:52:00,2026-01-07,20:52:00,0.23,2,316.78,30.58,23.64,2122.9,722.91,2845.81,0,False,Entregada,Entrega realizada en tiempo
4672,94,31,9,34,2026-06-10,08:30:00,2026-06-10,12:21:00,2026-06-10,12:21:00,0.75,50,108.81,15.46,25.69,1519.05,397.17,1916.22,0,False,Entregada,Entrega realizada en tiempo
4673,72,32,4,46,2026-05-23,11:53:00,2026-05-23,02:43:00,2026-05-24,02:43:00,2.44,21,402.96,36.5,25.58,2926.8,933.67,3860.47,0,False,Entregada,Entrega realizada en tiempo
4674,55,26,2,16,2026-04-15,16:51:00,2026-04-15,07:19:00,2026-04-16,07:19:00,2.12,79,417.47,59.55,26.15,3431.35,1557.23,4988.58,0,False,Entregada,Entrega realizada en tiempo
4675,24,30,28,44,2026-08-13,12:16:00,2026-08-13,14:26:00,2026-08-13,14:55:00,8.77,70,68.37,5.87,26.85,2278.85,157.61,2436.46,29,True,Tardía,Incidencia operativa
4676,37,13,45,24,2026-01-12,06:30:00,2026-01-12,15:07:00,2026-01-12,15:07:00,11.79,78,320.75,26.16,26.21,3906.75,685.65,4592.4,0,False,Entregada,Entrega realizada en tiempo
4677,56,23,15,31,2026-05-07,17:43:00,2026-05-07,01:15:00,2026-05-08,01:53:00,0.51,68,190.44,34.88,23.42,2047.2,816.89,2864.09,38,True,Tardía,Hora pico
4678,37,37,5,38,2026-01-29,15:12:00,2026-01-29,19:43:00,2026-01-29,19:43:00,0.34,55,179.14,19.1,23.09,1869.7,441.02,2310.72,0,False,Entregada,Entrega realizada en tiempo
4679,88,31,52,12,2026-03-29,09:22:00,2026-03-29,21:00:00,2026-03-29,21:52:00,5.95,5,418.67,59.47,24.71,3228.35,1469.5,4697.85,52,True,Tardía,"Hora pico, Distancia larga"
4680,61,34,4,31,2026-06-09,19:09:00,2026-06-09,02:41:00,2026-06-10,02:57:00,4.81,27,215.3,17.88,25.1,2273.5,448.79,2722.29,16,True,Tardía,Hora pico
4681,26,14,49,48,2026-03-20,05:09:00,2026-03-20,10:22:00,2026-03-20,10:22:00,1.6,27,188.26,20.29,24.92,1817.3,505.63,2322.93,0,False,Entregada,Entrega realizada en tiempo
4682,30,12,54,28,2026-05-27,09:48:00,2026-05-27,16:49:00,2026-05-27,16:49:00,1.22,36,280.77,40.17,23.39,2313.85,939.58,3253.43,0,False,Entregada,Entrega realizada en tiempo
4683,1,6,45,25,2026-06-22,14:58:00,2026-06-22,00:24:00,2026-06-23,00:24:00,0.52,79,327.06,47.82,23.47,2819.3,1122.34,3941.64,0,False,Entregada,Entrega realizada en tiempo
4684,89,12,37,20,2026-04-18,11:02:00,2026-04-18,12:35:00,2026-04-18,12:48:00,0.25,32,56.8,8.13,25.17,1065.0,204.63,1269.63,13,True,Tardía,Incidencia operativa
4685,71,30,39,7,2026-03-09,16:58:00,2026-03-09,21:09:00,2026-03-09,21:09:00,9.69,46,112.64,9.68,23.38,2400.2,226.32,2626.52,0,False,Entregada,Entrega realizada en tiempo
4686,11,10,2,13,2026-07-31,10:36:00,2026-07-31,22:19:00,2026-07-31,22:19:00,4.23,8,331.51,33.25,25.41,2644.55,844.88,3489.43,0,False,Entregada,Entrega realizada en tiempo
4687,50,28,44,28,2026-06-15,11:09:00,2026-06-15,18:10:00,2026-06-15,18:10:00,7.18,28,275.23,40.36,26.71,2818.15,1078.02,3896.17,0,False,Entregada,Entrega realizada en tiempo
4688,25,36,44,14,2026-07-04,18:22:00,2026-07-04,03:07:00,2026-07-05,03:07:00,1.35,37,265.88,31.35,25.12,2260.4,787.51,3047.91,0,False,Entregada,Entrega realizada en tiempo
4689,39,25,16,31,2026-07-04,18:15:00,2026-07-04,01:47:00,2026-07-05,01:47:00,1.94,40,194.63,41.41,25.52,1987.15,1056.78,3043.93,0,False,Entregada,Entrega realizada en tiempo
4690,42,4,48,16,2026-01-03,09:55:00,2026-01-03,00:23:00,2026-01-04,00:23:00,1.55,58,464.03,77.99,23.55,3439.15,1836.66,5275.81,0,False,Entregada,Entrega realizada en tiempo
4691,11,30,37,14,2026-07-28,07:25:00,2026-07-28,16:10:00,2026-07-28,16:10:00,1.08,21,272.06,23.37,26.8,2136.3,626.32,2762.62,0,False,Entregada,Entrega realizada en tiempo
4692,43,23,13,11,2026-04-19,17:39:00,2026-04-19,20:25:00,2026-04-19,21:20:00,0.72,78,72.34,13.25,24.22,1557.7,320.91,1878.61,55,True,Tardía,Hora pico
4693,100,33,16,45,2026-04-30,08:25:00,2026-04-30,11:06:00,2026-04-30,11:06:00,0.22,72,81.25,10.36,26.05,1504.25,269.88,1774.13,0,False,Entregada,Entrega realizada en tiempo
4694,63,38,57,16,2026-07-07,19:56:00,2026-07-07,10:24:00,2026-07-08,10:24:00,12.32,68,431.93,36.7,24.07,4435.65,883.37,5319.02,0,False,Entregada,Entrega realizada en tiempo
4695,77,6,52,11,2026-08-07,19:27:00,2026-08-07,22:13:00,2026-08-07,22:58:00,0.76,57,69.28,10.13,24.03,1378.4,243.42,1621.82,45,True,Tardía,Hora pico
4696,69,25,59,40,2026-01-22,06:18:00,2026-01-22,23:20:00,2026-01-22,23:20:00,3.44,3,445.92,94.88,25.82,3097.6,2449.8,5547.4,0,False,Entregada,Entrega realizada en tiempo
4697,22,39,25,40,2026-07-23,15:20:00,2026-07-23,08:22:00,2026-07-24,08:22:00,7.18,24,496.67,40.09,24.13,3893.35,967.37,4860.72,0,False,Entregada,Entrega realizada en tiempo
4698,96,21,32,15,2026-01-20,19:03:00,2026-01-20,21:26:00,2026-01-20,21:49:00,0.88,19,61.75,8.64,23.31,1048.75,201.4,1250.15,23,True,Tardía,Hora pico
4699,2,30,52,7,2026-05-26,07:08:00,2026-05-26,11:19:00,2026-05-26,11:19:00,10.99,77,121.54,10.44,24.12,2822.7,251.81,3074.51,0,False,Entregada,Entrega realizada en tiempo
4700,89,16,30,4,2026-02-16,16:23:00,2026-02-16,18:57:00,2026-02-16,18:57:00,11.01,57,99.82,8.97,23.4,2556.1,209.9,2766.0,0,False,Entregada,Entrega realizada en tiempo
4701,80,26,15,23,2026-03-23,05:05:00,2026-03-23,14:26:00,2026-03-23,14:26:00,10.98,75,270.4,38.57,23.84,3550.0,919.51,4469.51,0,False,Entregada,Entrega realizada en tiempo
4702,9,6,2,8,2026-07-04,13:32:00,2026-07-04,17:00:00,2026-07-04,17:00:00,1.21,39,105.06,15.36,24.77,1458.3,380.47,1838.77,0,False,Entregada,Entrega realizada en tiempo
4703,29,6,53,15,2026-05-03,06:44:00,2026-05-03,09:07:00,2026-05-03,09:07:00,0.47,6,65.62,9.59,25.86,923.1,248.0,1171.1,0,False,Entregada,Entrega realizada en tiempo
4704,86,30,18,37,2026-02-18,07:57:00,2026-02-18,01:15:00,2026-02-19,01:57:00,10.4,58,438.46,37.67,23.03,4196.3,867.54,5063.84,42,True,Tardía,"Hora pico, Distancia larga"
4705,14,29,14,30,2026-02-24,10:53:00,2026-02-24,16:01:00,2026-02-24,16:01:00,4.91,77,118.74,12.41,25.53,2200.7,316.83,2517.53,0,False,Entregada,Entrega realizada en tiempo
4706,6,6,54,1,2026-01-26,12:36:00,2026-01-26,18:55:00,2026-01-26,18:55:00,0.77,22,181.8,26.58,23.31,1662.0,619.58,2281.58,0,False,Entregada,Entrega realizada en tiempo
4707,71,40,55,11,2026-08-10,09:46:00,2026-08-10,12:32:00,2026-08-10,13:00:00,0.94,34,67.94,10.62,23.31,1205.7,247.55,1453.25,28,True,Tardía,Hora pico
4708,68,25,22,18,2026-08-05,16:59:00,2026-08-05,09:07:00,2026-08-06,09:58:00,9.55,52,406.39,86.47,26.9,3902.95,2326.04,6228.99,51,True,Tardía,"Distancia larga, Carga pesada"
4709,35,16,22,35,2026-07-04,06:53:00,2026-07-04,10:27:00,2026-07-04,10:27:00,4.64,36,147.22,13.23,23.33,1988.1,308.66,2296.76,0,False,Entregada,Entrega realizada en tiempo
4710,72,2,51,3,2026-03-19,13:03:00,2026-03-19,15:20:00,2026-03-19,15:20:00,8.32,11,58.41,11.78,25.99,1712.05,306.16,2018.21,0,False,Entregada,Entrega realizada en tiempo
4711,9,8,37,21,2026-06-06,16:03:00,2026-06-06,23:06:00,2026-06-06,23:06:00,1.79,20,276.25,29.51,25.4,2220.25,749.55,2969.8,0,False,Entregada,Entrega realizada en tiempo
4712,25,18,51,49,2026-05-07,18:38:00,2026-05-07,09:09:00,2026-05-08,09:57:00,0.84,56,406.66,38.08,24.5,3065.3,932.96,3998.26,48,True,Tardía,"Hora pico, Distancia larga"
4713,41,31,23,1,2026-08-03,11:10:00,2026-08-03,17:29:00,2026-08-03,17:29:00,12.01,23,194.69,27.65,26.46,2858.45,731.62,3590.07,0,False,Entregada,Entrega realizada en tiempo
4714,97,4,25,38,2026-08-13,11:42:00,2026-08-13,16:13:00,2026-08-13,16:13:00,1.91,65,175.17,29.44,23.44,2086.85,690.07,2776.92,0,False,Entregada,Entrega realizada en tiempo
4715,94,32,22,17,2026-08-14,08:47:00,2026-08-14,15:05:00,2026-08-14,15:44:00,4.51,67,189.59,17.17,24.2,2434.95,415.51,2850.46,39,True,Tardía,"Hora pico, Carga pesada"
4716,72,7,25,4,2026-04-05,20:01:00,2026-04-05,22:35:00,2026-04-05,22:35:00,0.53,10,98.92,16.22,25.68,1127.6,416.53,1544.13,0,False,Entregada,Entrega realizada en tiempo
4717,43,23,59,32,2026-01-11,20:10:00,2026-01-11,08:14:00,2026-01-12,08:14:00,0.4,52,353.69,64.78,25.19,2724.45,1631.81,4356.26,0,False,Entregada,Entrega realizada en tiempo
4718,42,3,17,18,2026-07-07,12:05:00,2026-07-07,04:13:00,2026-07-08,04:13:00,8.73,39,423.59,90.9,24.12,3802.95,2192.51,5995.46,0,False,Entregada,Entrega realizada en tiempo
4719,18,40,60,17,2026-07-16,08:47:00,2026-07-16,15:05:00,2026-07-16,15:05:00,1.24,52,187.05,29.23,25.52,1975.25,745.95,2721.2,0,False,Entregada,Entrega realizada en tiempo
4720,68,35,4,45,2026-03-30,06:04:00,2026-03-30,08:45:00,2026-03-30,08:45:00,0.89,43,87.24,11.77,23.91,1369.2,281.42,1650.62,0,False,Entregada,Entrega realizada en tiempo
4721,86,33,43,27,2026-07-17,09:26:00,2026-07-17,21:09:00,2026-07-17,22:03:00,0.21,66,303.04,38.65,24.17,2564.2,934.17,3498.37,54,True,Tardía,"Hora pico, Distancia larga"
4722,33,5,27,47,2026-05-25,19:07:00,2026-05-25,06:51:00,2026-05-26,07:49:00,11.92,38,304.33,38.23,24.76,3517.65,946.57,4464.22,58,True,Tardía,"Tráfico alto, Hora pico, Distancia larga"
4723,2,3,28,35,2026-01-20,11:14:00,2026-01-20,14:48:00,2026-01-20,14:48:00,0.58,55,157.67,33.83,24.89,1786.35,842.03,2628.38,0,False,Entregada,Entrega realizada en tiempo
4724,86,15,39,48,2026-06-16,17:25:00,2026-06-16,22:38:00,2026-06-16,22:38:00,0.83,53,175.12,36.03,25.73,1882.6,927.05,2809.65,0,False,Entregada,Entrega realizada en tiempo
4725,41,17,8,30,2026-07-20,07:20:00,2026-07-20,12:28:00,2026-07-20,13:11:00,0.81,5,138.47,24.6,23.06,1313.35,567.28,1880.63,43,True,Tardía,Hora pico
4726,89,30,23,49,2026-01-29,20:56:00,2026-01-29,11:27:00,2026-01-30,12:11:00,4.11,1,352.59,30.29,25.21,2681.95,763.61,3445.56,44,True,Tardía,Distancia larga
4727,23,33,19,24,2026-04-03,17:27:00,2026-04-03,02:04:00,2026-04-04,03:29:00,0.91,14,306.06,39.04,24.71,2233.3,964.68,3197.98,85,True,Tardía,"Tráfico alto, Hora pico, Distancia larga, Carga pesada"
4728,17,6,39,47,2026-02-10,09:35:00,2026-02-10,21:19:00,2026-02-10,22:06:00,0.33,30,335.19,49.0,26.8,2448.95,1313.2,3762.15,47,True,Tardía,"Tráfico alto, Hora pico, Distancia larga"
4729,76,10,8,24,2026-02-10,17:11:00,2026-02-10,01:48:00,2026-02-11,01:48:00,14.33,47,298.64,29.95,25.14,3802.2,752.94,4555.14,0,False,Entregada,Entrega realizada en tiempo
4730,26,28,54,30,2026-03-13,06:57:00,2026-03-13,12:05:00,2026-03-13,12:05:00,2.6,68,124.74,18.29,23.41,1927.7,428.17,2355.87,0,False,Entregada,Entrega realizada en tiempo
4731,88,3,23,38,2026-05-30,11:51:00,2026-05-30,16:22:00,2026-05-30,16:22:00,11.5,37,177.29,38.05,25.51,2832.45,970.66,3803.11,0,False,Entregada,Entrega realizada en tiempo
4732,99,26,38,48,2026-08-05,20:55:00,2026-08-05,02:08:00,2026-08-06,02:38:00,8.54,70,198.16,28.27,24.37,2904.8,688.94,3593.74,30,True,Tardía,Tráfico alto
4733,52,9,4,35,2026-02-25,16:06:00,2026-02-25,19:40:00,2026-02-25,19:40:00,0.29,2,161.02,13.17,25.16,1350.1,331.36,1681.46,0,False,Entregada,Entrega realizada en tiempo
4734,20,23,32,43,2026-01-10,07:54:00,2026-01-10,23:21:00,2026-01-10,23:21:00,1.68,52,476.18,87.21,23.67,3464.9,2064.26,5529.16,0,False,Entregada,Entrega realizada en tiempo
4735,7,26,46,16,2026-04-28,06:14:00,2026-04-28,20:42:00,2026-04-28,20:42:00,3.31,48,438.46,62.55,25.48,3407.3,1593.77,5001.07,0,False,Entregada,Entrega realizada en tiempo
4736,80,7,21,8,2026-04-11,17:57:00,2026-04-11,21:25:00,2026-04-11,21:25:00,1.43,49,108.96,17.86,24.74,1579.8,441.86,2021.66,0,False,Entregada,Entrega realizada en tiempo
4737,53,10,37,26,2026-08-13,14:34:00,2026-08-13,20:33:00,2026-08-13,20:33:00,3.52,51,176.42,17.7,25.98,2142.1,459.85,2601.95,0,False,Entregada,Entrega realizada en tiempo
4738,50,4,9,50,2026-04-03,10:55:00,2026-04-03,18:55:00,2026-04-03,18:55:00,0.99,49,236.31,39.72,23.75,2172.55,943.35,3115.9,0,False,Entregada,Entrega realizada en tiempo
4739,19,4,40,10,2026-02-15,13:55:00,2026-02-15,16:20:00,2026-02-15,16:20:00,1.18,36,87.74,14.75,26.22,1344.7,386.75,1731.45,0,False,Entregada,Entrega realizada en tiempo
4740,3,25,40,18,2026-01-05,17:35:00,2026-01-05,09:43:00,2026-01-06,09:43:00,5.26,60,429.09,91.3,26.29,3651.45,2400.28,6051.73,0,False,Entregada,Entrega realizada en tiempo
4741,84,36,32,7,2026-07-29,20:58:00,2026-07-29,01:09:00,2026-07-30,01:09:00,1.84,26,120.89,14.26,24.15,1496.45,344.38,1840.83,0,False,Entregada,Entrega realizada en tiempo
4742,16,4,4,41,2026-01-02,16:24:00,2026-01-02,23:40:00,2026-01-02,23:40:00,1.63,42,189.87,31.91,25.06,1948.35,799.66,2748.01,0,False,Entregada,Entrega realizada en tiempo
4743,31,37,15,2,2026-07-13,05:17:00,2026-07-13,15:12:00,2026-07-13,16:20:00,0.55,56,318.48,33.95,23.01,2595.4,781.19,3376.59,68,True,Tardía,"Tráfico alto, Distancia larga"
4744,69,39,45,41,2026-05-08,06:24:00,2026-05-08,13:40:00,2026-05-08,13:40:00,8.04,36,196.44,15.85,26.4,2574.2,418.44,2992.64,0,False,Entregada,Entrega realizada en tiempo
4745,32,31,24,40,2026-07-23,05:18:00,2026-07-23,22:20:00,2026-07-23,22:20:00,19.84,37,420.39,59.71,25.44,4881.95,1519.02,6400.97,0,False,Entregada,Entrega realizada en tiempo
4746,7,21,48,36,2026-07-30,10:03:00,2026-07-30,13:57:00,2026-07-30,13:57:00,0.53,34,101.01,14.13,23.51,1330.05,332.2,1662.25,0,False,Entregada,Entrega realizada en tiempo
4747,84,34,37,2,2026-02-10,17:27:00,2026-02-10,03:22:00,2026-02-11,03:54:00,0.36,34,292.59,24.3,24.28,2270.95,590.0,2860.95,32,True,Tardía,"Tráfico alto, Hora pico"
4748,81,4,58,8,2026-06-09,20:59:00,2026-06-09,00:27:00,2026-06-10,00:27:00,1.4,42,90.52,15.21,24.31,1428.6,369.76,1798.36,0,False,Entregada,Entrega realizada en tiempo
4749,62,14,58,35,2026-05-11,05:34:00,2026-05-11,09:08:00,2026-05-11,09:27:00,2.1,37,148.16,15.97,23.1,1746.8,368.91,2115.71,19,True,Tardía,Incidencia operativa
4750,21,33,11,33,2026-03-25,05:28:00,2026-03-25,14:22:00,2026-03-25,14:59:00,0.64,21,304.3,38.81,24.48,2253.5,950.07,3203.57,37,True,Tardía,"Tráfico alto, Distancia larga"
4751,18,35,24,5,2026-03-23,14:57:00,2026-03-23,00:53:00,2026-03-24,01:28:00,0.94,8,283.11,38.21,24.01,2073.55,917.42,2990.97,35,True,Tardía,Tráfico alto
4752,11,6,52,29,2026-05-22,19:30:00,2026-05-22,00:44:00,2026-05-23,01:21:00,1.37,45,197.17,28.83,26.93,1982.85,776.39,2759.24,37,True,Tardía,"Hora pico, Carga pesada"
4753,80,8,57,34,2026-06-12,11:05:00,2026-06-12,14:56:00,2026-06-12,15:08:00,1.37,66,101.47,10.84,26.29,1672.35,284.98,1957.33,12,True,Tardía,Incidencia operativa
4754,14,9,2,46,2026-07-31,05:31:00,2026-07-31,20:21:00,2026-07-31,20:21:00,0.63,34,421.89,34.5,23.17,2944.45,799.37,3743.82,0,False,Entregada,Entrega realizada en tiempo
4755,36,24,5,22,2026-04-20,09:13:00,2026-04-20,16:52:00,2026-04-20,16:52:00,5.32,20,335.16,31.41,25.8,2867.8,810.38,3678.18,0,False,Entregada,Entrega realizada en tiempo
4756,19,25,36,37,2026-05-30,11:28:00,2026-05-30,04:46:00,2026-05-31,04:46:00,7.0,29,493.55,105.01,26.35,3899.75,2767.01,6666.76,0,False,Entregada,Entrega realizada en tiempo
4757,26,3,37,10,2026-06-22,14:11:00,2026-06-22,16:36:00,2026-06-22,16:36:00,6.28,27,76.96,16.52,24.5,1728.8,404.74,2133.54,0,False,Entregada,Entrega realizada en tiempo
4758,7,24,27,13,2026-04-16,06:28:00,2026-04-16,18:11:00,2026-04-16,18:35:00,5.57,11,303.9,28.48,24.91,2664.5,709.44,3373.94,24,True,Tardía,Distancia larga
4759,79,20,40,6,2026-02-05,13:34:00,2026-02-05,14:28:00,2026-02-05,14:28:00,9.94,9,30.97,4.2,26.57,1720.85,111.59,1832.44,0,False,Entregada,Entrega realizada en tiempo
4760,50,38,19,13,2026-04-21,12:13:00,2026-04-21,23:56:00,2026-04-21,23:56:00,10.5,55,324.81,27.6,25.77,3614.05,711.25,4325.3,0,False,Entregada,Entrega realizada en tiempo
4761,11,20,58,48,2026-03-22,11:23:00,2026-03-22,16:36:00,2026-03-22,16:36:00,5.97,54,178.57,24.23,23.47,2421.85,568.68,2990.53,0,False,Entregada,Entrega realizada en tiempo
4762,5,35,38,21,2026-01-28,12:24:00,2026-01-28,19:27:00,2026-01-28,19:27:00,0.61,30,302.46,40.82,26.72,2313.3,1090.71,3404.01,0,False,Entregada,Entrega realizada en tiempo
4763,14,35,29,40,2026-05-21,18:56:00,2026-05-21,11:58:00,2026-05-22,11:58:00,1.06,53,471.59,63.64,23.96,3387.95,1524.81,4912.76,0,False,Entregada,Entrega realizada en tiempo
4764,87,3,9,13,2026-01-03,11:09:00,2026-01-03,22:52:00,2026-01-03,23:21:00,2.46,27,318.61,68.37,23.41,2555.05,1600.54,4155.59,29,True,Tardía,Distancia larga
4765,73,25,1,50,2026-02-07,13:01:00,2026-02-07,21:01:00,2026-02-07,21:01:00,8.81,79,250.71,53.34,25.64,3266.55,1367.64,4634.19,0,False,Entregada,Entrega realizada en tiempo
4766,64,2,17,1,2026-01-07,12:15:00,2026-01-07,18:34:00,2026-01-07,18:34:00,8.93,70,196.72,39.66,26.72,2936.6,1059.72,3996.32,0,False,Entregada,Entrega realizada en tiempo
4767,55,33,20,30,2026-01-11,18:41:00,2026-01-11,23:49:00,2026-01-11,23:49:00,0.7,20,128.9,16.44,25.95,1374.5,426.62,1801.12,0,False,Entregada,Entrega realizada en tiempo
4768,60,21,31,47,2026-05-10,16:27:00,2026-05-10,04:11:00,2026-05-11,05:05:00,1.59,26,314.13,43.93,23.77,2437.65,1044.22,3481.87,54,True,Tardía,"Tráfico alto, Distancia larga, Carga pesada"
4769,8,36,50,34,2026-02-07,09:12:00,2026-02-07,13:03:00,2026-02-07,13:03:00,1.85,6,101.22,11.94,23.12,1239.1,276.05,1515.15,0,False,Entregada,Entrega realizada en tiempo
4770,78,38,35,11,2026-03-17,17:31:00,2026-03-17,20:17:00,2026-03-17,20:17:00,0.42,7,77.6,6.59,24.87,986.0,163.89,1149.89,0,False,Entregada,Entrega realizada en tiempo
4771,13,34,45,26,2026-02-05,08:00:00,2026-02-05,13:59:00,2026-02-05,13:59:00,2.21,73,175.26,14.56,25.5,2181.3,371.28,2552.58,0,False,Entregada,Entrega realizada en tiempo
4772,84,27,54,13,2026-04-14,17:33:00,2026-04-14,05:16:00,2026-04-15,05:16:00,11.09,23,340.79,43.8,25.6,3496.95,1121.28,4618.23,0,False,Entregada,Entrega realizada en tiempo
4773,55,35,37,25,2026-01-03,05:24:00,2026-01-03,14:50:00,2026-01-03,14:50:00,1.34,52,329.11,44.41,25.02,2695.55,1111.14,3806.69,0,False,Entregada,Entrega realizada en tiempo
4774,68,5,57,11,2026-05-05,06:19:00,2026-05-05,09:05:00,2026-05-05,09:05:00,13.26,21,66.94,8.41,25.18,2328.7,211.76,2540.46,0,False,Entregada,Entrega realizada en tiempo
4775,35,25,21,33,2026-01-06,16:34:00,2026-01-06,01:28:00,2026-01-07,01:28:00,4.62,10,300.13,63.86,25.39,2542.65,1621.41,4164.06,0,False,Entregada,Entrega realizada en tiempo
4776,21,19,7,43,2026-06-06,17:38:00,2026-06-06,09:05:00,2026-06-07,09:57:00,2.93,57,451.38,44.47,25.12,3505.9,1117.09,4622.99,52,True,Tardía,"Tráfico alto, Hora pico, Distancia larga"
4777,34,36,47,1,2026-06-08,20:58:00,2026-06-08,03:17:00,2026-06-09,03:17:00,1.03,45,192.26,22.67,24.03,1924.3,544.76,2469.06,0,False,Entregada,Entrega realizada en tiempo
4778,68,30,36,37,2026-01-12,11:57:00,2026-01-12,05:15:00,2026-01-13,06:01:00,12.6,69,413.48,35.52,25.16,4379.4,893.68,5273.08,46,True,Tardía,"Distancia larga, Carga pesada"
4779,89,30,59,48,2026-06-12,08:24:00,2026-06-12,13:37:00,2026-06-12,14:26:00,7.52,8,195.98,16.84,25.75,2295.9,433.63,2729.53,49,True,Tardía,"Tráfico alto, Hora pico"
4780,55,28,48,47,2026-04-17,12:03:00,2026-04-17,23:47:00,2026-04-17,23:47:00,4.49,41,308.76,45.27,25.42,2820.8,1150.76,3971.56,0,False,Entregada,Entrega realizada en tiempo
4781,74,31,41,44,2026-03-19,10:40:00,2026-03-19,12:50:00,2026-03-19,12:50:00,14.52,4,62.8,8.92,25.9,2298.0,231.03,2529.03,0,False,Entregada,Entrega realizada en tiempo
4782,2,14,29,34,2026-02-14,13:45:00,2026-02-14,17:36:00,2026-02-14,17:36:00,1.31,31,116.4,12.54,23.51,1461.0,294.82,1755.82,0,False,Entregada,Entrega realizada en tiempo
4783,95,34,34,32,2026-01-06,12:57:00,2026-01-06,01:01:00,2026-01-07,01:01:00,4.48,11,411.21,34.15,26.82,3092.05,915.9,4007.95,0,False,Entregada,Entrega realizada en tiempo
4784,63,35,41,7,2026-03-02,17:12:00,2026-03-02,21:23:00,2026-03-02,21:46:00,1.13,10,127.79,17.25,26.36,1331.95,454.71,1786.66,23,True,Tardía,Hora pico
4785,86,22,25,9,2026-03-11,18:38:00,2026-03-11,02:11:00,2026-03-12,02:41:00,0.21,78,192.93,18.66,23.79,2109.65,443.92,2553.57,30,True,Tardía,Hora pico
4786,15,32,35,11,2026-04-26,10:46:00,2026-04-26,13:32:00,2026-04-26,13:32:00,1.08,5,77.88,7.05,26.46,1037.4,186.54,1223.94,0,False,Entregada,Entrega realizada en tiempo
4787,62,27,28,9,2026-01-09,19:19:00,2026-01-09,02:52:00,2026-01-10,02:52:00,2.55,2,187.64,24.12,24.76,1709.2,597.21,2306.41,0,False,Entregada,Entrega realizada en tiempo
4788,36,26,17,1,2026-07-15,08:21:00,2026-07-15,14:40:00,2026-07-15,14:40:00,7.69,57,178.63,25.48,24.63,2618.15,627.57,3245.72,0,False,Entregada,Entrega realizada en tiempo
4789,50,9,8,39,2026-06-07,18:32:00,2026-06-07,02:55:00,2026-06-08,02:55:00,0.33,41,218.37,17.86,24.37,1952.85,435.25,2388.1,0,False,Entregada,Entrega realizada en tiempo
4790,17,21,58,22,2026-06-19,12:09:00,2026-06-19,19:48:00,2026-06-19,19:48:00,0.34,34,293.6,41.06,26.15,2274.0,1073.72,3347.72,0,False,Entregada,Entrega realizada en tiempo
4791,52,30,12,40,2026-02-15,06:29:00,2026-02-15,23:31:00,2026-02-16,00:14:00,4.95,21,475.25,40.83,25.46,3539.25,1039.53,4578.78,43,True,Tardía,Distancia larga
4792,6,28,43,2,2026-01-26,13:49:00,2026-01-26,23:44:00,2026-01-27,00:44:00,5.15,34,302.53,44.36,25.87,2799.65,1147.59,3947.24,60,True,Tardía,"Tráfico alto, Distancia larga"
4793,30,36,27,43,2026-05-18,19:13:00,2026-05-18,10:40:00,2026-05-19,10:40:00,1.13,31,432.31,50.98,26.21,3022.55,1336.19,4358.74,0,False,Entregada,Entrega realizada en tiempo
4794,69,39,34,25,2026-02-05,08:22:00,2026-02-05,17:48:00,2026-02-05,17:48:00,8.03,33,313.51,25.3,25.0,3134.55,632.5,3767.05,0,False,Entregada,Entrega realizada en tiempo
4795,54,12,37,27,2026-04-21,07:03:00,2026-04-21,18:46:00,2026-04-21,18:46:00,1.04,30,337.73,48.32,24.49,2532.65,1183.36,3716.01,0,False,Entregada,Entrega realizada en tiempo
4796,35,36,4,36,2026-03-21,09:31:00,2026-03-21,13:25:00,2026-03-21,13:25:00,1.53,11,94.89,11.19,26.33,1215.45,294.63,1510.08,0,False,Entregada,Entrega realizada en tiempo
4797,75,11,27,10,2026-05-04,10:40:00,2026-05-04,13:05:00,2026-05-04,13:27:00,1.4,47,86.52,18.1,23.13,1448.6,418.65,1867.25,22,True,Tardía,Incidencia operativa
4798,94,5,10,28,2026-04-16,12:54:00,2026-04-16,19:55:00,2026-04-16,19:55:00,1.75,50,294.08,36.94,23.15,2545.4,855.16,3400.56,0,False,Entregada,Entrega realizada en tiempo
4799,56,5,19,39,2026-07-20,06:36:00,2026-07-20,14:59:00,2026-07-20,15:28:00,13.41,11,223.7,28.1,23.43,3047.5,658.38,3705.88,29,True,Tardía,Incidencia operativa
4800,51,23,54,43,2026-06-01,13:19:00,2026-06-01,04:46:00,2026-06-02,04:46:00,0.36,44,462.08,84.63,26.74,3198.4,2263.01,5461.41,0,False,Entregada,Entrega realizada en tiempo
4801,32,3,4,7,2026-05-02,19:55:00,2026-05-02,00:06:00,2026-05-03,00:06:00,7.95,35,131.03,28.12,23.52,2230.15,661.38,2891.53,0,False,Entregada,Entrega realizada en tiempo
4802,95,32,47,20,2026-08-09,09:51:00,2026-08-09,11:24:00,2026-08-09,11:24:00,0.39,1,53.63,4.86,24.26,815.15,117.9,933.05,0,False,Entregada,Entrega realizada en tiempo
4803,92,9,22,43,2026-06-22,20:36:00,2026-06-22,12:03:00,2026-06-23,12:03:00,0.44,65,414.0,33.85,24.83,3134.0,840.5,3974.5,0,False,Entregada,Entrega realizada en tiempo
4804,26,4,32,50,2026-02-20,09:06:00,2026-02-20,17:06:00,2026-02-20,17:06:00,1.5,53,271.9,45.7,24.49,2433.5,1119.19,3552.69,0,False,Entregada,Entrega realizada en tiempo
4805,100,26,37,7,2026-01-12,17:03:00,2026-01-12,21:14:00,2026-01-12,21:14:00,5.88,69,131.36,18.74,24.62,2296.8,461.38,2758.18,0,False,Entregada,Entrega realizada en tiempo
4806,9,8,53,32,2026-01-24,09:42:00,2026-01-24,21:46:00,2026-01-24,22:22:00,0.2,33,355.87,38.02,26.8,2563.35,1018.94,3582.29,36,True,Tardía,"Hora pico, Distancia larga"
4807,53,18,12,10,2026-04-28,16:58:00,2026-04-28,19:23:00,2026-04-28,19:23:00,0.23,33,80.37,7.53,26.33,1188.85,198.26,1387.11,0,False,Entregada,Entrega realizada en tiempo
4808,83,20,49,43,2026-04-16,13:08:00,2026-04-16,04:35:00,2026-04-17,04:35:00,11.58,56,409.62,55.58,26.66,4154.1,1481.76,5635.86,0,False,Entregada,Entrega realizada en tiempo
4809,8,21,13,19,2026-05-08,18:43:00,2026-05-08,07:24:00,2026-05-09,08:02:00,1.14,34,369.67,51.7,25.03,2734.35,1294.05,4028.4,38,True,Tardía,"Hora pico, Distancia larga"
4810,90,37,57,23,2026-02-19,20:34:00,2026-02-19,05:55:00,2026-02-20,05:55:00,1.03,64,249.43,26.59,25.4,2362.15,675.39,3037.54,0,False,Entregada,Entrega realizada en tiempo
4811,72,32,60,21,2026-05-25,09:03:00,2026-05-25,16:06:00,2026-05-25,16:06:00,1.15,34,268.38,24.31,25.69,2228.9,624.52,2853.42,0,False,Entregada,Entrega realizada en tiempo
4812,42,11,51,34,2026-07-08,09:48:00,2026-07-08,13:39:00,2026-07-08,14:09:00,1.96,30,104.53,21.87,26.69,1458.65,583.71,2042.36,30,True,Tardía,Hora pico
4813,36,15,2,43,2026-03-05,08:38:00,2026-03-05,00:05:00,2026-03-06,01:29:00,1.0,64,452.55,93.12,23.91,3374.75,2226.5,5601.25,84,True,Tardía,"Tráfico alto, Hora pico, Distancia larga, Carga pesada"
4814,92,10,38,45,2026-03-21,14:43:00,2026-03-21,17:24:00,2026-03-21,17:24:00,11.49,59,84.76,8.5,26.79,2544.8,227.72,2772.52,0,False,Entregada,Entrega realizada en tiempo
4815,64,19,57,46,2026-01-14,12:54:00,2026-01-14,03:44:00,2026-01-15,03:44:00,0.88,61,412.77,40.67,23.52,3139.85,956.56,4096.41,0,False,Entregada,Entrega realizada en tiempo
4816,82,26,47,18,2026-06-08,18:09:00,2026-06-08,10:17:00,2026-06-09,11:00:00,14.69,66,453.25,64.66,24.8,4763.25,1603.57,6366.82,43,True,Tardía,"Hora pico, Distancia larga, Carga pesada"
4817,85,5,2,3,2026-06-02,17:35:00,2026-06-02,19:52:00,2026-06-02,20:44:00,16.62,38,65.56,8.24,23.66,2793.8,194.96,2988.76,52,True,Tardía,"Hora pico, Carga pesada"
4818,73,16,5,25,2026-06-12,11:08:00,2026-06-12,20:34:00,2026-06-12,21:06:00,2.22,16,324.77,29.18,24.42,2473.85,712.58,3186.43,32,True,Tardía,Distancia larga
4819,45,39,31,50,2026-01-13,09:18:00,2026-01-13,17:18:00,2026-01-13,17:18:00,0.23,67,242.45,19.57,23.01,2271.25,450.31,2721.56,0,False,Entregada,Entrega realizada en tiempo
4820,83,24,31,37,2026-05-27,07:23:00,2026-05-27,00:41:00,2026-05-28,00:41:00,0.9,68,449.36,42.11,23.91,3380.8,1006.85,4387.65,0,False,Entregada,Entrega realizada en tiempo
4821,87,23,58,25,2026-03-31,08:41:00,2026-03-31,18:07:00,2026-03-31,18:07:00,1.26,19,366.99,67.21,23.89,2612.95,1605.65,4218.6,0,False,Entregada,Entrega realizada en tiempo
4822,27,17,18,4,2026-07-03,17:44:00,2026-07-03,20:18:00,2026-07-03,20:18:00,0.86,4,114.0,20.25,23.08,1188.0,467.37,1655.37,0,False,Entregada,Entrega realizada en tiempo
4823,84,14,5,47,2026-03-03,13:39:00,2026-03-03,01:23:00,2026-03-04,02:27:00,0.59,38,304.51,32.81,26.43,2385.55,867.17,3252.72,64,True,Tardía,"Tráfico alto, Distancia larga"
4824,80,2,48,31,2026-02-23,08:09:00,2026-02-23,15:41:00,2026-02-23,16:19:00,10.96,67,190.52,38.41,26.18,3084.6,1005.57,4090.17,38,True,Tardía,Hora pico
4825,24,26,20,41,2026-02-08,08:42:00,2026-02-08,15:58:00,2026-02-08,16:29:00,3.87,66,188.59,26.9,26.07,2357.95,701.28,3059.23,31,True,Tardía,Hora pico
4826,71,33,38,14,2026-07-16,17:40:00,2026-07-16,02:25:00,2026-07-17,02:52:00,0.4,59,272.27,34.73,26.42,2373.35,917.57,3290.92,27,True,Tardía,Hora pico
4827,57,2,40,24,2026-06-15,05:40:00,2026-06-15,14:17:00,2026-06-15,14:17:00,7.36,52,316.1,63.73,24.54,3232.5,1563.93,4796.43,0,False,Entregada,Entrega realizada en tiempo
4828,28,12,29,26,2026-02-15,11:45:00,2026-02-15,17:44:00,2026-02-15,18:28:00,1.04,26,164.31,23.51,23.61,1633.55,555.07,2188.62,44,True,Tardía,Tráfico alto
4829,99,32,39,34,2026-01-14,11:47:00,2026-01-14,15:38:00,2026-01-14,16:04:00,1.32,63,102.21,9.26,25.49,1647.05,236.04,1883.09,26,True,Tardía,Incidencia operativa
4830,96,16,29,39,2026-05-13,18:31:00,2026-05-13,02:54:00,2026-05-14,03:35:00,7.05,43,224.2,20.14,25.48,2670.0,513.17,3183.17,41,True,Tardía,Hora pico
4831,80,28,54,13,2026-04-10,08:51:00,2026-04-10,20:34:00,2026-04-10,21:13:00,6.95,67,329.12,48.26,26.47,3376.6,1277.44,4654.04,39,True,Tardía,"Hora pico, Distancia larga"
4832,76,35,44,15,2026-05-10,14:28:00,2026-05-10,16:51:00,2026-05-10,16:51:00,0.47,73,64.09,8.65,23.66,1451.45,204.66,1656.11,0,False,Entregada,Entrega realizada en tiempo
4833,19,39,2,7,2026-04-18,14:06:00,2026-04-18,18:17:00,2026-04-18,18:17:00,4.97,41,122.89,9.92,25.31,1939.45,251.08,2190.53,0,False,Entregada,Entrega realizada en tiempo
4834,22,31,60,19,2026-04-25,20:53:00,2026-04-25,09:34:00,2026-04-26,09:34:00,14.25,64,372.53,52.92,24.44,4299.65,1293.36,5593.01,0,False,Entregada,Entrega realizada en tiempo
4835,43,15,13,14,2026-01-19,17:36:00,2026-01-19,02:21:00,2026-01-20,03:02:00,0.72,30,282.83,58.2,24.2,2226.15,1408.44,3634.59,41,True,Tardía,Hora pico
4836,64,22,58,25,2026-08-14,07:39:00,2026-08-14,17:05:00,2026-08-14,17:05:00,0.35,55,358.84,34.7,26.44,2769.2,917.47,3686.67,0,False,Entregada,Entrega realizada en tiempo
4837,49,24,41,4,2026-02-06,08:51:00,2026-02-06,11:25:00,2026-02-06,11:25:00,1.08,3,96.53,9.05,26.14,1114.65,236.57,1351.22,0,False,Entregada,Entrega realizada en tiempo
4838,22,32,34,28,2026-03-20,14:56:00,2026-03-20,21:57:00,2026-03-20,21:57:00,4.56,67,301.75,27.33,26.02,3000.75,711.13,3711.88,0,False,Entregada,Entrega realizada en tiempo
4839,60,4,50,1,2026-03-31,08:40:00,2026-03-31,14:59:00,2026-03-31,14:59:00,0.34,17,185.04,31.1,23.91,1595.2,743.6,2338.8,0,False,Entregada,Entrega realizada en tiempo
4840,84,4,56,42,2026-07-21,16:12:00,2026-07-21,19:23:00,2026-07-21,19:23:00,0.63,13,97.25,16.34,23.01,1153.25,375.98,1529.23,0,False,Entregada,Entrega realizada en tiempo
4841,28,32,54,25,2026-06-03,09:10:00,2026-06-03,18:36:00,2026-06-03,18:36:00,3.91,72,371.95,33.69,25.3,3326.75,852.36,4179.11,0,False,Entregada,Entrega realizada en tiempo
4842,88,11,46,32,2026-03-15,15:49:00,2026-03-15,03:53:00,2026-03-16,04:39:00,2.78,24,369.29,77.26,24.27,2816.45,1875.1,4691.55,46,True,Tardía,Distancia larga
4843,12,5,48,23,2026-02-11,11:48:00,2026-02-11,21:09:00,2026-02-11,21:09:00,11.29,27,259.13,32.55,23.54,3140.65,766.23,3906.88,0,False,Entregada,Entrega realizada en tiempo
4844,85,2,29,21,2026-04-25,09:46:00,2026-04-25,16:49:00,2026-04-25,18:01:00,15.01,13,315.6,63.63,25.43,3683.0,1618.11,5301.11,72,True,Tardía,"Hora pico, Distancia larga, Carga pesada"
4845,15,38,46,37,2026-04-07,11:20:00,2026-04-07,04:38:00,2026-04-08,04:38:00,8.45,74,436.63,37.1,26.04,4120.15,966.08,5086.23,0,False,Entregada,Entrega realizada en tiempo
4846,84,25,12,41,2026-03-09,09:35:00,2026-03-09,16:51:00,2026-03-09,17:28:00,3.39,36,177.55,37.78,26.07,2014.75,984.92,2999.67,37,True,Tardía,Hora pico
4847,58,5,55,23,2026-04-26,10:42:00,2026-04-26,20:03:00,2026-04-26,20:03:00,15.2,53,266.22,33.44,23.02,3775.1,769.79,4544.89,0,False,Entregada,Entrega realizada en tiempo
4848,57,4,21,44,2026-01-29,20:09:00,2026-01-29,22:19:00,2026-01-29,22:32:00,0.96,45,64.52,10.84,26.16,1278.6,283.57,1562.17,13,True,Tardía,Incidencia operativa
4849,25,6,42,35,2026-04-22,17:08:00,2026-04-22,20:42:00,2026-04-22,20:42:00,1.23,3,137.2,20.06,25.32,1333.0,507.92,1840.92,0,False,Entregada,Entrega realizada en tiempo
4850,36,18,54,48,2026-04-06,16:27:00,2026-04-06,21:40:00,2026-04-06,21:40:00,0.97,10,197.19,18.46,26.22,1662.95,484.02,2146.97,0,False,Entregada,Entrega realizada en tiempo
4851,94,30,44,25,2026-07-23,05:05:00,2026-07-23,14:31:00,2026-07-23,15:10:00,12.27,43,335.86,28.85,26.98,3750.3,778.37,4528.67,39,True,Tardía,"Distancia larga, Carga pesada"
4852,99,6,1,12,2026-04-11,14:21:00,2026-04-11,01:59:00,2026-04-12,01:59:00,0.47,59,407.08,59.51,24.22,3054.4,1441.33,4495.73,0,False,Entregada,Entrega realizada en tiempo
4853,48,27,55,42,2026-08-05,15:23:00,2026-08-05,18:34:00,2026-08-05,18:34:00,4.67,59,91.51,11.76,25.9,1896.55,304.58,2201.13,0,False,Entregada,Entrega realizada en tiempo
4854,76,31,31,20,2026-01-22,06:21:00,2026-01-22,07:54:00,2026-01-22,07:54:00,15.72,1,58.73,8.34,24.3,2373.65,202.66,2576.31,0,False,Entregada,Entrega realizada en tiempo
4855,3,10,16,16,2026-01-14,12:57:00,2026-01-14,03:25:00,2026-01-15,03:25:00,16.12,55,389.44,39.06,23.74,4499.2,927.28,5426.48,0,False,Entregada,Entrega realizada en tiempo
4856,40,32,41,2,2026-08-10,16:53:00,2026-08-10,02:48:00,2026-08-11,02:48:00,3.07,13,322.42,29.2,26.8,2523.1,782.56,3305.66,0,False,Entregada,Entrega realizada en tiempo
4857,43,15,55,30,2026-02-26,05:20:00,2026-02-26,10:28:00,2026-02-26,10:28:00,0.9,27,140.81,28.97,26.49,1510.05,767.42,2277.47,0,False,Entregada,Entrega realizada en tiempo
4858,22,35,39,1,2026-05-06,19:04:00,2026-05-06,01:23:00,2026-05-07,01:45:00,1.04,54,202.3,27.3,26.74,2047.5,730.0,2777.5,22,True,Tardía,Hora pico
4859,84,25,8,23,2026-08-11,06:30:00,2026-08-11,15:51:00,2026-08-11,15:51:00,3.82,15,268.92,57.22,23.2,2346.6,1327.5,3674.1,0,False,Entregada,Entrega realizada en tiempo
4860,51,8,26,39,2026-01-14,10:27:00,2026-01-14,18:50:00,2026-01-14,19:18:00,0.28,59,194.2,20.75,23.23,1971.0,482.02,2453.02,28,True,Tardía,Incidencia operativa
4861,16,8,30,43,2026-08-04,18:28:00,2026-08-04,09:55:00,2026-08-05,11:02:00,1.61,78,409.94,43.8,24.65,3334.7,1079.67,4414.37,67,True,Tardía,"Tráfico alto, Hora pico, Distancia larga"
4862,5,37,60,40,2026-04-10,06:35:00,2026-04-10,23:37:00,2026-04-10,23:37:00,0.43,60,428.02,45.63,24.68,3163.1,1126.15,4289.25,0,False,Entregada,Entrega realizada en tiempo
4863,9,10,10,39,2026-08-09,19:14:00,2026-08-09,03:37:00,2026-08-10,03:37:00,0.72,3,231.04,23.17,26.0,1751.2,602.42,2353.62,0,False,Entregada,Entrega realizada en tiempo
4864,70,34,20,46,2026-05-01,17:54:00,2026-05-01,08:44:00,2026-05-02,08:44:00,0.27,73,435.89,36.2,26.63,3290.45,964.01,4254.46,0,False,Entregada,Entrega realizada en tiempo
4865,20,17,50,14,2026-04-27,14:39:00,2026-04-27,23:24:00,2026-04-27,23:24:00,0.33,52,293.01,52.04,25.96,2414.05,1350.96,3765.01,0,False,Entregada,Entrega realizada en tiempo
4866,69,28,12,29,2026-03-06,19:11:00,2026-03-06,00:25:00,2026-03-07,01:11:00,8.16,30,192.51,28.23,23.26,2518.55,656.63,3175.18,46,True,Tardía,"Hora pico, Carga pesada"
4867,42,17,32,22,2026-06-01,14:01:00,2026-06-01,21:40:00,2026-06-01,21:40:00,0.79,15,290.37,51.58,23.78,2150.85,1226.57,3377.42,0,False,Entregada,Entrega realizada en tiempo
4868,98,14,25,29,2026-08-08,08:46:00,2026-08-08,14:00:00,2026-08-08,14:49:00,7.26,12,200.49,21.6,26.06,2324.45,562.9,2887.35,49,True,Tardía,"Hora pico, Carga pesada"
4869,67,5,18,2,2026-05-18,09:58:00,2026-05-18,19:53:00,2026-05-18,21:11:00,16.65,69,316.35,39.74,23.96,4298.75,952.17,5250.92,78,True,Tardía,"Tráfico alto, Hora pico, Distancia larga, Carga pesada"
4870,11,27,51,21,2026-01-15,11:42:00,2026-01-15,18:45:00,2026-01-15,18:45:00,4.83,22,316.9,40.73,26.13,2743.5,1064.27,3807.77,0,False,Entregada,Entrega realizada en tiempo
4871,85,7,24,37,2026-04-15,10:30:00,2026-04-15,03:48:00,2026-04-16,04:13:00,0.67,69,457.1,74.93,26.53,3404.5,1987.89,5392.39,25,True,Tardía,Distancia larga
4872,79,5,24,7,2026-05-12,07:45:00,2026-05-12,11:56:00,2026-05-12,11:56:00,2.03,31,133.17,16.73,25.32,1616.85,423.6,2040.45,0,False,Entregada,Entrega realizada en tiempo
4873,3,2,18,29,2026-06-02,06:19:00,2026-06-02,11:33:00,2026-06-02,11:33:00,2.49,56,177.23,35.73,24.13,2083.15,862.16,2945.31,0,False,Entregada,Entrega realizada en tiempo
4874,34,4,50,23,2026-06-24,20:04:00,2026-06-24,05:25:00,2026-06-25,05:42:00,1.5,43,282.28,47.44,25.46,2405.4,1207.82,3613.22,17,True,Tardía,Incidencia operativa
4875,20,32,36,37,2026-08-15,07:55:00,2026-08-15,01:13:00,2026-08-16,01:13:00,2.97,10,428.65,38.83,25.74,3020.25,999.48,4019.73,0,False,Entregada,Entrega realizada en tiempo
4876,56,35,39,4,2026-01-06,19:54:00,2026-01-06,22:28:00,2026-01-06,22:28:00,0.2,55,110.36,14.89,23.2,1511.8,345.45,1857.25,0,False,Entregada,Entrega realizada en tiempo
4877,55,34,5,19,2026-03-20,07:27:00,2026-03-20,20:08:00,2026-03-20,20:08:00,8.28,55,395.14,32.82,24.55,3743.7,805.73,4549.43,0,False,Entregada,Entrega realizada en tiempo
4878,14,31,49,30,2026-06-25,08:53:00,2026-06-25,14:01:00,2026-06-25,14:29:00,11.96,78,141.25,20.06,26.55,3026.25,532.59,3558.84,28,True,Tardía,Hora pico
4879,61,4,36,2,2026-03-29,19:47:00,2026-03-29,05:42:00,2026-03-30,05:42:00,1.15,45,308.5,51.85,24.12,2517.5,1250.62,3768.12,0,False,Entregada,Entrega realizada en tiempo
4880,87,1,17,40,2026-06-15,18:31:00,2026-06-15,11:33:00,2026-06-16,11:33:00,0.9,76,451.53,43.58,24.29,3455.65,1058.56,4514.21,0,False,Entregada,Entrega realizada en tiempo
4881,62,12,19,1,2026-01-09,10:03:00,2026-01-09,16:22:00,2026-01-09,16:34:00,1.16,26,188.01,26.9,25.99,1764.05,699.13,2463.18,12,True,Tardía,Incidencia operativa
4882,67,27,6,29,2026-03-30,20:38:00,2026-03-30,01:52:00,2026-03-31,01:52:00,4.45,56,178.41,22.93,23.61,2285.05,541.38,2826.43,0,False,Entregada,Entrega realizada en tiempo
4883,40,40,20,41,2026-04-30,16:16:00,2026-04-30,23:32:00,2026-04-30,23:32:00,0.25,13,197.96,30.93,25.36,1618.8,784.38,2403.18,0,False,Entregada,Entrega realizada en tiempo
4884,45,33,60,14,2026-02-16,14:04:00,2026-02-16,22:49:00,2026-02-16,22:49:00,0.37,77,253.47,32.33,23.33,2420.35,754.26,3174.61,0,False,Entregada,Entrega realizada en tiempo
4885,18,26,15,14,2026-03-09,08:09:00,2026-03-09,16:54:00,2026-03-09,16:54:00,9.68,57,281.05,40.09,24.95,3329.25,1000.25,4329.5,0,False,Entregada,Entrega realizada en tiempo
4886,98,31,4,35,2026-03-25,12:54:00,2026-03-25,16:28:00,2026-03-25,16:28:00,19.42,22,147.87,21.0,23.69,3357.35,497.49,3854.84,0,False,Entregada,Entrega realizada en tiempo
4887,79,24,48,24,2026-03-09,09:44:00,2026-03-09,18:21:00,2026-03-09,19:11:00,6.0,36,341.57,32.01,23.48,3095.85,751.59,3847.44,50,True,Tardía,"Tráfico alto, Hora pico, Distancia larga, Carga pesada"
4888,83,22,31,26,2026-06-04,11:49:00,2026-06-04,17:48:00,2026-06-04,17:48:00,1.28,13,172.25,16.66,24.48,1593.25,407.84,2001.09,0,False,Entregada,Entrega realizada en tiempo
4889,14,14,40,35,2026-07-15,14:23:00,2026-07-15,17:57:00,2026-07-15,18:13:00,2.38,32,161.36,17.39,24.88,1800.8,432.66,2233.46,16,True,Tardía,Incidencia operativa
4890,2,33,49,14,2026-06-06,18:15:00,2026-06-06,03:00:00,2026-06-07,03:00:00,0.41,16,256.29,32.69,26.59,1950.45,869.23,2819.68,0,False,Entregada,Entrega realizada en tiempo
4891,41,10,44,46,2026-02-26,08:17:00,2026-02-26,23:07:00,2026-02-26,23:40:00,8.33,31,381.92,38.31,25.28,3490.6,968.48,4459.08,33,True,Tardía,"Hora pico, Distancia larga"
4892,95,31,51,37,2026-08-15,16:20:00,2026-08-15,09:38:00,2026-08-16,10:16:00,25.2,56,459.31,65.24,26.55,5764.55,1732.12,7496.67,38,True,Tardía,"Distancia larga, Carga pesada"
4893,48,2,1,27,2026-07-01,11:54:00,2026-07-01,23:37:00,2026-07-01,23:37:00,9.26,42,323.63,65.25,25.88,3380.15,1688.67,5068.82,0,False,Entregada,Entrega realizada en tiempo
4894,6,20,51,34,2026-02-13,12:02:00,2026-02-13,15:53:00,2026-02-13,15:53:00,6.43,61,99.42,13.49,25.16,2128.1,339.41,2467.51,0,False,Entregada,Entrega realizada en tiempo
4895,67,25,12,24,2026-07-08,14:33:00,2026-07-08,23:10:00,2026-07-08,23:10:00,6.86,57,328.34,69.86,25.31,3283.7,1768.16,5051.86,0,False,Entregada,Entrega realizada en tiempo
4896,94,29,2,50,2026-04-20,09:40:00,2026-04-20,17:40:00,2026-04-20,17:40:00,11.58,47,264.22,27.61,26.81,3355.1,740.22,4095.32,0,False,Entregada,Entrega realizada en tiempo
4897,93,14,25,2,2026-05-15,06:23:00,2026-05-15,16:18:00,2026-05-15,16:18:00,1.83,46,290.74,31.33,26.31,2504.7,824.29,3328.99,0,False,Entregada,Entrega realizada en tiempo
4898,18,27,10,49,2026-02-21,07:26:00,2026-02-21,21:57:00,2026-02-21,22:21:00,2.37,59,377.34,48.5,24.48,3095.7,1187.28,4282.98,24,True,Tardía,"Hora pico, Distancia larga"
4899,18,29,48,2,2026-07-18,09:53:00,2026-07-18,19:48:00,2026-07-18,19:48:00,23.33,39,326.22,34.09,26.32,4776.1,897.25,5673.35,0,False,Entregada,Entrega realizada en tiempo
4900,37,29,31,22,2026-07-13,15:54:00,2026-07-13,23:33:00,2026-07-13,23:33:00,10.65,70,326.02,34.07,25.7,3755.1,875.6,4630.7,0,False,Entregada,Entrega realizada en tiempo
4901,28,32,6,16,2026-04-23,20:30:00,2026-04-23,10:58:00,2026-04-24,10:58:00,3.42,2,406.46,36.82,26.45,2890.3,973.89,3864.19,0,False,Entregada,Entrega realizada en tiempo
4902,89,22,16,33,2026-02-17,20:59:00,2026-02-17,05:53:00,2026-02-18,05:53:00,0.43,75,306.78,29.67,26.99,2676.9,800.79,3477.69,0,False,Entregada,Entrega realizada en tiempo
4903,23,10,42,50,2026-02-27,15:51:00,2026-02-27,23:51:00,2026-02-27,23:51:00,11.56,43,274.97,27.58,25.99,3374.85,716.8,4091.65,0,False,Entregada,Entrega realizada en tiempo
4904,25,32,51,49,2026-04-10,11:51:00,2026-04-10,02:22:00,2026-04-11,02:22:00,1.71,37,401.72,36.39,23.63,2975.6,859.9,3835.5,0,False,Entregada,Entrega realizada en tiempo
4905,42,25,10,11,2026-02-09,05:34:00,2026-02-09,08:20:00,2026-02-09,08:20:00,2.62,27,68.94,14.67,26.09,1322.7,382.74,1705.44,0,False,Entregada,Entrega realizada en tiempo
4906,33,18,52,9,2026-05-31,15:07:00,2026-05-31,22:40:00,2026-05-31,22:40:00,0.66,27,188.89,17.69,24.79,1726.45,438.54,2164.99,0,False,Entregada,Entrega realizada en tiempo
4907,72,25,3,47,2026-04-21,09:38:00,2026-04-21,21:22:00,2026-04-21,22:13:00,2.02,77,320.54,68.2,25.07,2920.7,1709.77,4630.47,51,True,Tardía,"Tráfico alto, Hora pico, Distancia larga"
4908,20,40,10,5,2026-04-08,08:37:00,2026-04-08,18:33:00,2026-04-08,18:33:00,0.25,67,298.99,46.72,24.51,2555.95,1145.11,3701.06,0,False,Entregada,Entrega realizada en tiempo
4909,40,12,32,33,2026-04-06,18:50:00,2026-04-06,03:44:00,2026-04-07,03:44:00,0.81,14,259.72,37.16,23.98,1991.6,891.1,2882.7,0,False,Entregada,Entrega realizada en tiempo
4910,84,13,41,1,2026-04-03,15:38:00,2026-04-03,21:57:00,2026-04-03,21:57:00,3.95,43,172.9,14.1,25.6,2103.5,360.96,2464.46,0,False,Entregada,Entrega realizada en tiempo
4911,54,12,21,41,2026-01-09,15:39:00,2026-01-09,22:55:00,2026-01-09,23:11:00,0.96,39,179.81,25.72,24.28,1807.05,624.48,2431.53,16,True,Tardía,Incidencia operativa
4912,71,34,35,40,2026-05-30,05:43:00,2026-05-30,22:45:00,2026-05-30,22:45:00,6.38,71,414.42,34.42,26.04,3778.1,896.3,4674.4,0,False,Entregada,Entrega realizada en tiempo
4913,67,25,49,2,2026-05-15,07:05:00,2026-05-15,17:00:00,2026-05-15,18:09:00,2.91,1,329.89,70.19,25.82,2448.45,1812.31,4260.76,69,True,Tardía,"Tráfico alto, Hora pico, Distancia larga"
4914,4,16,50,27,2026-05-11,05:32:00,2026-05-11,17:15:00,2026-05-11,17:15:00,14.27,43,288.74,25.94,25.65,3714.7,665.36,4380.06,0,False,Entregada,Entrega realizada en tiempo
4915,37,17,51,50,2026-03-11,09:51:00,2026-03-11,17:51:00,2026-03-11,18:22:00,0.93,63,251.54,44.68,24.73,2354.7,1104.94,3459.64,31,True,Tardía,"Hora pico, Carga pesada"
4916,92,32,32,27,2026-02-24,20:50:00,2026-02-24,08:33:00,2026-02-25,08:33:00,3.98,29,320.34,29.02,23.29,2731.7,675.88,3407.58,0,False,Entregada,Entrega realizada en tiempo
4917,76,5,44,33,2026-01-15,12:14:00,2026-01-15,21:08:00,2026-01-15,21:08:00,12.73,66,307.93,38.68,25.79,3840.65,997.56,4838.21,0,False,Entregada,Entrega realizada en tiempo
4918,6,38,31,37,2026-05-05,13:49:00,2026-05-05,07:07:00,2026-05-06,07:07:00,3.63,49,462.36,39.28,26.15,3566.8,1027.17,4593.97,0,False,Entregada,Entrega realizada en tiempo
4919,23,8,36,8,2026-05-23,06:04:00,2026-05-23,09:32:00,2026-05-23,09:32:00,2.89,68,90.98,9.72,24.89,1787.9,241.93,2029.83,0,False,Entregada,Entrega realizada en tiempo
4920,60,11,39,6,2026-07-02,10:06:00,2026-07-02,11:00:00,2026-07-02,11:22:00,0.26,16,26.42,5.53,24.43,786.1,135.1,921.2,22,True,Tardía,Incidencia operativa
4921,89,29,20,25,2026-01-02,09:03:00,2026-01-02,18:29:00,2026-01-02,18:29:00,17.92,17,346.93,36.25,23.43,4162.65,849.34,5011.99,0,False,Entregada,Entrega realizada en tiempo
4922,10,32,34,8,2026-04-25,05:19:00,2026-04-25,08:47:00,2026-04-25,08:47:00,2.67,23,90.84,8.23,26.47,1405.2,217.85,1623.05,0,False,Entregada,Entrega realizada en tiempo
4923,64,21,34,35,2026-05-22,07:55:00,2026-05-22,11:29:00,2026-05-22,11:29:00,0.93,11,159.72,22.34,25.44,1479.6,568.33,2047.93,0,False,Entregada,Entrega realizada en tiempo
4924,22,2,27,14,2026-01-07,11:07:00,2026-01-07,19:52:00,2026-01-07,19:52:00,6.67,49,278.14,56.08,26.46,2949.7,1483.88,4433.58,0,False,Entregada,Entrega realizada en tiempo
4925,22,26,6,36,2026-05-26,08:00:00,2026-05-26,11:54:00,2026-05-26,12:23:00,11.5,74,106.43,15.18,26.89,2774.15,408.19,3182.34,29,True,Tardía,"Tráfico alto, Hora pico"
4926,9,30,39,43,2026-08-03,09:48:00,2026-08-03,01:15:00,2026-08-04,02:26:00,6.82,42,473.93,40.72,23.78,3887.65,968.32,4855.97,71,True,Tardía,"Tráfico alto, Hora pico, Distancia larga"
4927,84,2,5,14,2026-06-19,17:02:00,2026-06-19,01:47:00,2026-06-20,02:40:00,6.57,23,291.79,58.83,26.55,2799.95,1561.94,4361.89,53,True,Tardía,Hora pico
4928,12,39,20,1,2026-01-20,11:24:00,2026-01-20,17:43:00,2026-01-20,17:43:00,2.21,79,179.23,14.47,26.46,2249.15,382.88,2632.03,0,False,Entregada,Entrega realizada en tiempo
4929,31,26,3,30,2026-05-07,08:57:00,2026-05-07,14:05:00,2026-05-07,14:49:00,0.97,63,138.55,19.76,24.46,1793.75,483.33,2277.08,44,True,Tardía,Hora pico
4930,90,37,36,1,2026-04-22,09:44:00,2026-04-22,16:03:00,2026-04-22,16:03:00,0.57,45,177.41,18.91,26.84,1804.05,507.54,2311.59,0,False,Entregada,Entrega realizada en tiempo
4931,47,2,8,26,2026-07-01,09:26:00,2026-07-01,15:25:00,2026-07-01,16:02:00,3.97,17,180.75,36.44,26.37,1936.75,960.92,2897.67,37,True,Tardía,"Tráfico alto, Hora pico"
4932,74,18,25,8,2026-05-05,10:02:00,2026-05-05,13:30:00,2026-05-05,13:30:00,0.94,47,100.75,9.43,26.24,1473.75,247.44,1721.19,0,False,Entregada,Entrega realizada en tiempo
4933,44,7,14,15,2026-06-18,08:01:00,2026-06-18,10:24:00,2026-06-18,10:24:00,1.19,76,62.72,10.28,23.81,1540.6,244.77,1785.37,0,False,Entregada,Entrega realizada en tiempo
4934,76,10,19,1,2026-05-03,12:05:00,2026-05-03,18:24:00,2026-05-03,18:24:00,7.4,26,201.86,20.25,25.53,2457.3,516.98,2974.28,0,False,Entregada,Entrega realizada en tiempo
4935,54,27,22,16,2026-03-02,06:14:00,2026-03-02,20:42:00,2026-03-02,21:24:00,1.89,50,420.9,54.1,24.92,3193.5,1348.17,4541.67,42,True,Tardía,Distancia larga
4936,26,15,39,7,2026-05-31,13:55:00,2026-05-31,18:06:00,2026-05-31,18:16:00,0.52,65,123.22,25.35,23.11,1688.1,585.84,2273.94,10,True,Tardía,Incidencia operativa
4937,71,20,7,26,2026-02-06,15:31:00,2026-02-06,21:30:00,2026-02-06,22:12:00,5.93,47,168.52,22.87,25.08,2311.6,573.58,2885.18,42,True,Tardía,Tráfico alto
4938,83,8,18,26,2026-04-03,05:53:00,2026-04-03,11:52:00,2026-04-03,12:40:00,1.02,3,168.34,17.99,26.62,1467.7,478.89,1946.59,48,True,Tardía,Tráfico alto
4939,48,24,33,46,2026-06-22,12:24:00,2026-06-22,03:14:00,2026-06-23,03:14:00,1.77,37,392.05,36.74,23.23,2933.25,853.47,3786.72,0,False,Entregada,Entrega realizada en tiempo
4940,65,7,49,42,2026-06-03,05:08:00,2026-06-03,08:19:00,2026-06-03,08:54:00,0.3,28,102.4,16.79,26.91,1266.0,451.82,1717.82,35,True,Tardía,Tráfico alto
4941,14,39,34,36,2026-06-04,05:25:00,2026-06-04,09:19:00,2026-06-04,09:19:00,3.77,3,103.4,8.35,23.45,1418.0,195.81,1613.81,0,False,Entregada,Entrega realizada en tiempo
4942,63,23,3,30,2026-03-29,08:58:00,2026-03-29,14:06:00,2026-03-29,14:06:00,1.34,75,135.65,24.84,24.56,1912.25,610.07,2522.32,0,False,Entregada,Entrega realizada en tiempo
4943,60,31,41,23,2026-07-25,05:17:00,2026-07-25,14:38:00,2026-07-25,15:00:00,12.22,52,263.02,37.36,25.59,3453.1,956.04,4409.14,22,True,Tardía,Incidencia operativa
4944,85,10,44,41,2026-05-12,12:12:00,2026-05-12,19:28:00,2026-05-12,19:28:00,7.11,78,200.07,20.07,24.38,2835.35,489.31,3324.66,0,False,Entregada,Entrega realizada en tiempo
4945,69,36,54,49,2026-06-13,18:50:00,2026-06-13,09:21:00,2026-06-14,10:04:00,1.02,22,412.49,48.64,23.32,2840.45,1134.28,3974.73,43,True,Tardía,"Hora pico, Distancia larga"
4946,4,15,25,44,2026-03-28,10:18:00,2026-03-28,12:28:00,2026-03-28,12:28:00,1.01,63,60.81,12.51,24.18,1409.05,302.49,1711.54,0,False,Entregada,Entrega realizada en tiempo
4947,33,19,51,10,2026-07-04,18:07:00,2026-07-04,20:32:00,2026-07-04,20:32:00,1.21,75,85.15,8.39,26.75,1646.75,224.43,1871.18,0,False,Entregada,Entrega realizada en tiempo
4948,44,14,5,19,2026-04-04,14:22:00,2026-04-04,03:03:00,2026-04-05,03:03:00,2.36,2,338.9,36.52,26.84,2446.5,980.2,3426.7,0,False,Entregada,Entrega realizada en tiempo
4949,7,10,41,40,2026-01-05,16:46:00,2026-01-05,09:48:00,2026-01-06,09:48:00,16.54,75,432.35,43.37,24.88,4915.75,1079.05,5994.8,0,False,Entregada,Entrega realizada en tiempo
4950,41,28,59,17,2026-02-04,17:44:00,2026-02-04,00:02:00,2026-02-05,00:02:00,8.49,18,186.07,27.28,23.81,2423.35,649.54,3072.89,0,False,Entregada,Entrega realizada en tiempo
4951,81,6,3,40,2026-01-07,19:10:00,2026-01-07,12:12:00,2026-01-08,12:12:00,1.16,34,430.14,62.89,25.58,3038.7,1608.73,4647.43,0,False,Entregada,Entrega realizada en tiempo
4952,15,17,46,28,2026-06-20,12:28:00,2026-06-20,19:29:00,2026-06-20,19:45:00,0.41,6,278.71,49.5,24.67,1982.55,1221.17,3203.72,16,True,Tardía,Incidencia operativa
4953,57,19,8,32,2026-01-16,16:00:00,2026-01-16,04:04:00,2026-01-17,04:34:00,1.48,22,365.78,36.04,24.29,2652.9,875.41,3528.31,30,True,Tardía,Distancia larga
4954,26,6,13,17,2026-07-10,07:28:00,2026-07-10,13:46:00,2026-07-10,14:23:00,0.6,54,167.08,24.43,23.11,1827.4,564.58,2391.98,37,True,Tardía,Hora pico
4955,74,23,20,5,2026-05-06,14:17:00,2026-05-06,00:13:00,2026-05-07,01:00:00,0.52,5,303.6,55.6,24.4,2110.0,1356.64,3466.64,47,True,Tardía,"Tráfico alto, Distancia larga"
4956,71,18,36,11,2026-05-22,08:28:00,2026-05-22,11:14:00,2026-05-22,11:14:00,0.35,25,65.74,6.16,23.85,1063.7,146.92,1210.62,0,False,Entregada,Entrega realizada en tiempo
4957,79,26,40,41,2026-01-27,05:48:00,2026-01-27,13:04:00,2026-01-27,13:32:00,9.32,70,212.54,30.32,24.69,3054.7,748.6,3803.3,28,True,Tardía,Incidencia operativa
4958,85,23,28,7,2026-02-04,06:50:00,2026-02-04,11:01:00,2026-02-04,11:01:00,0.72,49,114.31,20.94,24.11,1535.55,504.86,2040.41,0,False,Entregada,Entrega realizada en tiempo
4959,53,31,25,17,2026-04-29,20:52:00,2026-04-29,03:10:00,2026-04-30,03:10:00,14.78,46,192.5,27.34,24.32,3308.5,664.91,3973.41,0,False,Entregada,Entrega realizada en tiempo
4960,7,36,17,23,2026-01-15,07:41:00,2026-01-15,17:02:00,2026-01-15,17:02:00,1.5,40,275.03,32.43,26.94,2345.15,873.66,3218.81,0,False,Entregada,Entrega realizada en tiempo
4961,74,38,37,10,2026-04-02,17:56:00,2026-04-02,20:21:00,2026-04-02,20:21:00,4.86,2,83.75,7.12,25.32,1420.75,180.28,1601.03,0,False,Entregada,Entrega realizada en tiempo
4962,22,33,28,8,2026-01-03,08:33:00,2026-01-03,12:01:00,2026-01-03,12:01:00,0.27,45,103.13,13.15,26.06,1402.65,342.69,1745.34,0,False,Entregada,Entrega realizada en tiempo
4963,14,17,16,34,2026-06-23,08:20:00,2026-06-23,12:11:00,2026-06-23,12:38:00,0.84,43,118.82,21.1,26.76,1522.1,564.64,2086.74,27,True,Tardía,Hora pico
4964,87,35,49,27,2026-03-28,08:34:00,2026-03-28,20:17:00,2026-03-28,20:17:00,0.5,16,285.48,38.53,25.25,2105.4,972.88,3078.28,0,False,Entregada,Entrega realizada en tiempo
4965,68,3,50,23,2026-02-17,19:54:00,2026-02-17,05:15:00,2026-02-18,05:15:00,6.42,27,279.34,59.94,26.09,2754.7,1563.83,4318.53,0,False,Entregada,Entrega realizada en tiempo
4966,6,22,13,1,2026-04-21,18:14:00,2026-04-21,00:33:00,2026-04-22,00:33:00,1.26,2,176.15,17.04,25.17,1522.75,428.9,1951.65,0,False,Entregada,Entrega realizada en tiempo
4967,7,15,36,34,2026-03-16,05:06:00,2026-03-16,08:57:00,2026-03-16,08:57:00,0.44,56,109.41,22.51,24.86,1539.05,559.6,2098.65,0,False,Entregada,Entrega realizada en tiempo
4968,52,38,10,45,2026-06-26,07:37:00,2026-06-26,10:18:00,2026-06-26,10:18:00,5.09,16,90.04,7.65,24.31,1587.2,185.97,1773.17,0,False,Entregada,Entrega realizada en tiempo
4969,63,7,38,30,2026-01-09,14:31:00,2026-01-09,19:39:00,2026-01-09,19:39:00,0.96,38,138.65,22.73,26.04,1593.25,591.89,2185.14,0,False,Entregada,Entrega realizada en tiempo
4970,45,18,2,28,2026-06-01,08:56:00,2026-06-01,15:57:00,2026-06-01,16:39:00,0.72,40,292.03,27.34,24.88,2352.15,680.22,3032.37,42,True,Tardía,Hora pico
4971,71,20,16,8,2026-07-17,13:47:00,2026-07-17,17:15:00,2026-07-17,17:15:00,4.37,48,106.02,14.39,24.7,1851.1,355.43,2206.53,0,False,Entregada,Entrega realizada en tiempo
4972,41,39,59,30,2026-06-09,09:36:00,2026-06-09,14:44:00,2026-06-09,15:19:00,2.5,49,132.32,10.68,23.66,1803.6,252.69,2056.29,35,True,Tardía,Hora pico
4973,61,14,11,17,2026-02-28,18:48:00,2026-02-28,01:06:00,2026-03-01,02:00:00,1.73,6,177.84,19.16,23.32,1610.2,446.81,2057.01,54,True,Tardía,Hora pico
4974,86,3,21,27,2026-04-14,13:43:00,2026-04-14,01:26:00,2026-04-15,01:26:00,3.83,14,300.34,64.45,24.06,2496.7,1550.67,4047.37,0,False,Entregada,Entrega realizada en tiempo
4975,88,15,20,13,2026-01-06,17:25:00,2026-01-06,05:08:00,2026-01-07,05:08:00,1.09,67,298.33,61.38,23.92,2636.65,1468.21,4104.86,0,False,Entregada,Entrega realizada en tiempo
4976,74,33,29,25,2026-07-27,20:05:00,2026-07-27,05:31:00,2026-07-28,05:59:00,0.8,56,374.14,47.72,25.33,2898.7,1208.75,4107.45,28,True,Tardía,Distancia larga
4977,61,1,11,44,2026-03-10,09:55:00,2026-03-10,12:05:00,2026-03-10,12:05:00,0.23,31,67.34,6.5,23.96,1107.7,155.74,1263.44,0,False,Entregada,Entrega realizada en tiempo
4978,33,14,30,16,2026-05-17,06:04:00,2026-05-17,20:32:00,2026-05-17,20:32:00,2.01,28,390.12,42.04,25.1,2875.6,1055.2,3930.8,0,False,Entregada,Entrega realizada en tiempo
4979,34,13,19,5,2026-02-18,14:55:00,2026-02-18,00:51:00,2026-02-19,00:51:00,9.0,62,311.64,25.42,26.22,3454.2,666.51,4120.71,0,False,Entregada,Entrega realizada en tiempo
4980,96,36,10,27,2026-02-01,07:06:00,2026-02-01,18:49:00,2026-02-01,18:49:00,0.22,37,319.57,37.69,26.7,2415.85,1006.32,3422.17,0,False,Entregada,Entrega realizada en tiempo
4981,22,2,29,14,2026-03-07,17:34:00,2026-03-07,02:19:00,2026-03-08,02:19:00,8.36,62,291.0,58.67,26.0,3287.0,1525.42,4812.42,0,False,Entregada,Entrega realizada en tiempo
4982,94,23,20,8,2026-03-13,13:59:00,2026-03-13,17:27:00,2026-03-13,17:27:00,0.33,45,103.18,18.9,24.67,1408.9,466.26,1875.16,0,False,Entregada,Entrega realizada en tiempo
4983,40,29,58,13,2026-01-17,08:49:00,2026-01-17,20:32:00,2026-01-17,20:32:00,18.77,51,329.25,34.4,24.31,4431.25,836.26,5267.51,0,False,Entregada,Entrega realizada en tiempo
4984,23,26,26,15,2026-05-02,05:00:00,2026-05-02,07:23:00,2026-05-02,07:23:00,13.86,70,66.91,9.54,25.09,2780.55,239.36,3019.91,0,False,Entregada,Entrega realizada en tiempo
4985,78,18,15,36,2026-02-19,06:07:00,2026-02-19,10:01:00,2026-02-19,10:01:00,0.24,39,100.41,9.4,24.46,1338.05,229.92,1567.97,0,False,Entregada,Entrega realizada en tiempo
4986,65,7,26,24,2026-04-21,05:33:00,2026-04-21,14:10:00,2026-04-21,14:10:00,0.84,68,303.95,49.83,26.56,2647.75,1323.48,3971.23,0,False,Entregada,Entrega realizada en tiempo
4987,34,5,33,44,2026-06-08,06:48:00,2026-06-08,08:58:00,2026-06-08,08:58:00,8.5,17,63.45,7.97,26.79,1803.25,213.52,2016.77,0,False,Entregada,Entrega realizada en tiempo
4988,92,12,36,34,2026-07-20,09:27:00,2026-07-20,13:18:00,2026-07-20,13:18:00,0.74,9,119.11,17.04,24.05,1241.55,409.81,1651.36,0,False,Entregada,Entrega realizada en tiempo
4989,49,3,60,35,2026-04-28,09:48:00,2026-04-28,13:22:00,2026-04-28,13:22:00,1.21,56,159.65,34.26,23.31,1867.25,798.6,2665.85,0,False,Entregada,Entrega realizada en tiempo
4990,73,13,45,6,2026-05-13,07:12:00,2026-05-13,08:06:00,2026-05-13,08:06:00,10.69,58,29.16,2.38,26.05,2178.8,62.0,2240.8,0,False,Entregada,Entrega realizada en tiempo
4991,76,13,34,48,2026-01-02,12:21:00,2026-01-02,17:34:00,2026-01-02,17:34:00,18.33,1,178.44,14.55,23.01,3233.2,334.8,3568.0,0,False,Entregada,Entrega realizada en tiempo
4992,83,34,51,48,2026-02-28,11:36:00,2026-02-28,16:49:00,2026-02-28,16:49:00,3.73,15,180.15,14.96,24.61,1893.75,368.17,2261.92,0,False,Entregada,Entrega realizada en tiempo
4993,63,27,17,38,2026-02-17,18:12:00,2026-02-17,22:43:00,2026-02-17,22:43:00,5.23,72,203.38,26.14,24.63,2615.9,643.83,3259.73,0,False,Entregada,Entrega realizada en tiempo
4994,13,14,57,15,2026-07-06,18:41:00,2026-07-06,21:04:00,2026-07-06,21:04:00,6.15,17,58.34,6.29,23.65,1542.7,148.76,1691.46,0,False,Entregada,Entrega realizada en tiempo
4995,63,36,7,36,2026-01-20,14:22:00,2026-01-20,18:16:00,2026-01-20,18:16:00,0.38,27,99.58,11.74,23.74,1251.9,278.71,1530.61,0,False,Entregada,Entrega realizada en tiempo
4996,89,33,35,16,2026-01-09,09:05:00,2026-01-09,23:33:00,2026-01-10,00:09:00,0.27,26,437.24,55.77,25.61,2921.2,1428.27,4349.47,36,True,Tardía,"Hora pico, Distancia larga"
4997,32,33,20,5,2026-07-05,18:48:00,2026-07-05,04:44:00,2026-07-06,04:44:00,0.31,67,289.01,36.86,23.05,2512.05,849.62,3361.67,0,False,Entregada,Entrega realizada en tiempo
4998,66,32,20,39,2026-01-04,18:10:00,2026-01-04,02:33:00,2026-01-05,02:33:00,0.23,53,206.84,18.74,25.74,1981.2,482.37,2463.57,0,False,Entregada,Entrega realizada en tiempo
4999,68,33,5,1,2026-03-28,05:15:00,2026-03-28,11:34:00,2026-03-28,11:59:00,0.71,76,186.49,23.79,25.15,2111.45,598.32,2709.77,25,True,Tardía,Incidencia operativa
5000,23,34,33,43,2026-03-04,17:39:00,2026-03-04,09:06:00,2026-03-05,09:06:00,8.22,29,475.29,39.48,25.16,3930.45,993.32,4923.77,0,False,Entregada,Entrega realizada en tiempo
