numericas__peso_carga,numericas__cantidad_paquetes,numericas__distancia_real_km,numericas__precio_combustible,numericas__costo_envio,numericas__fecha_salida_anio,numericas__fecha_salida_mes,numericas__fecha_salida_dia,numericas__fecha_salida_dia_semana,numericas__fecha_salida_fin_semana,numericas__fecha_salida_semana,numericas__fecha_salida_trimestre,numericas__hora_salida_num,categoricas__tipo_combustible_Diesel,categoricas__tipo_combustible_Gasolina,entrega_tardia
-0.5972851985963457,-1.0414764847940134,0.7468730932507118,-2.1904222328608958,0.0204721462657637,0.0,1.282775394421357,-0.9318152953044371,-1.0081962254017445,-0.638325571740905,1.191408137297947,1.6215115856271138,1.256795002231786,0.0,1.0,1
-0.642362516777594,-1.4786629322513334,1.2388352013869839,1.8289937181801883,0.28570740591732136,0.0,0.8237807099517775,1.3864936340799499,0.9969174609162059,1.5665986829772471,0.9787278941118804,0.2863847139703712,-1.533445513702078,1.0,0.0,0
-0.6530952115826532,-0.6042900373366937,1.243371185818933,0.2900737570762972,0.4770474801898197,0.0,-1.0121980279265403,0.11142372291853707,-1.509474646981232,-0.638325571740905,-0.9353942945627195,-1.0487421576863714,-0.6486455606230499,0.0,1.0,1
-0.4062432310662931,-0.5168527478452297,-0.1273418046423258,1.424014781047583,-0.444158974261092,0.0,-0.5532033434569608,1.038747294672292,-1.0081962254017445,-0.638325571740905,-0.40369368659755284,-1.0487421576863714,1.1796962511336133,1.0,0.0,0
-0.592992120674322,-1.4786629322513334,0.8565824116302183,0.7760484816354212,0.012416359662964505,0.0,1.282775394421357,-0.4681535094275597,0.9969174609162059,1.5665986829772471,1.191408137297947,1.6215115856271138,0.6767186844455352,0.0,1.0,0
-0.6166040492454521,0.27008285757794587,-1.6299827490904326,-0.13515412691293774,-1.57227194777337,0.0,-0.09420865898738136,0.34325461585697575,0.9969174609162059,1.5665986829772471,-0.08467332181845284,0.2863847139703712,0.49682159854979924,0.0,1.0,0
-0.569380192103192,-0.5168527478452297,-0.2588084720767726,-1.1172280494594988,-0.6397995060433556,0.0,1.7417700788909365,-0.4681535094275597,-1.0081962254017445,-0.638325571740905,1.7231087452631138,1.6215115856271138,-0.6523169297229631,0.0,1.0,0
0.7722066585291997,0.051489633849285975,1.2153095872145039,-0.7122491123268974,1.4046743359933385,0.0,0.8237807099517775,0.34325461585697575,-0.005639382242769227,-0.638325571740905,0.8723877725188471,0.2863847139703712,-0.615603238723833,1.0,0.0,1
0.9568090091762165,0.8384252392724616,-1.6383627881257277,-0.2161499143394566,-0.5649352034789968,0.0,1.282775394421357,1.3864936340799499,-1.509474646981232,-0.638325571740905,1.5104285020770472,1.6215115856271138,0.2508398688556296,1.0,0.0,0
-0.5264494128829554,0.6198320155438017,-1.943273199263164,-0.12502965348462108,-1.6906859538521084,0.0,0.8237807099517775,-1.3954770811813144,-0.5069178038222568,-0.638325571740905,0.6597075293327804,0.2863847139703712,-0.6339600842233981,1.0,0.0,1
1.927044619553562,-1.1726324190312094,-0.9246756104684357,1.2114008390529691,0.09909177792315584,0.0,-0.5532033434569608,1.2705781876107307,-0.005639382242769227,-0.638325571740905,-0.40369368659755284,-1.0487421576863714,-0.7698007409201784,1.0,0.0,1
-0.6380694388555704,-0.3856968136080338,-1.9288195539545816,-0.6211288514720618,-1.9651883965880892,0.0,0.8237807099517775,0.6910009552646338,1.4981958824956936,1.5665986829772471,0.8723877725188471,0.2863847139703712,0.4601079075506696,0.0,1.0,0
-0.6724140622317596,-0.8666019058110855,0.25075940614282594,0.4216919116443921,-0.3740191179750668,0.0,-1.0121980279265403,1.3864936340799499,0.4956390393367183,-0.638325571740905,-0.8290541729696862,-1.0487421576863714,-0.6192746078237462,1.0,0.0,0
0.014478405292024868,1.4067676209669773,0.3447081006486116,1.7378734573253527,0.5915850175273618,0.0,0.8237807099517775,-1.0477307417736565,0.9969174609162059,1.5665986829772471,0.6597075293327804,0.2863847139703712,-0.45406299832766217,1.0,0.0,1
-0.5371821076880146,-1.740974800725725,0.12713461009920587,-2.038555131436171,-0.5889208538151508,0.0,0.8237807099517775,1.038747294672292,-0.5069178038222568,-0.638325571740905,0.9787278941118804,0.2863847139703712,0.2912249289546724,0.0,1.0,0
-0.6530952115826532,1.1881743972383174,1.2511361761176925,-1.6943230348734586,0.8805030783946673,0.0,0.3647860254821981,1.734239973487608,0.9969174609162059,1.5665986829772471,0.5533674077397471,0.2863847139703712,-1.3608911660061678,0.0,1.0,0
2.3391801000678325,-0.7791646163196216,1.1581869358087764,-0.6008799046154321,2.0598581230796373,0.0,0.8237807099517775,0.8069164017338532,-1.509474646981232,-0.638325571740905,0.9787278941118804,0.2863847139703712,0.9373858905393571,1.0,0.0,1
-0.6208971271674758,-1.3037883532684054,-1.2298935459741396,1.2114008390529691,-1.6083715629257629,0.0,-0.09420865898738136,-0.004491723550682283,-0.5069178038222568,-0.638325571740905,-0.08467332181845284,0.2863847139703712,1.5982323285236932,1.0,0.0,0
-0.580112886908251,0.0077709891035539986,0.2863553517698135,-1.0969791026028692,-0.1000618036558166,0.0,-0.5532033434569608,-0.4681535094275597,-0.5069178038222568,-0.638325571740905,-0.6163739297836195,-1.0487421576863714,-0.788157586419743,1.0,0.0,0
-0.31823513366480827,-1.1289137742854773,-1.671191014438306,0.7659240082071046,-1.74647076183089,0.0,0.8237807099517775,0.11142372291853707,-1.0081962254017445,-0.638325571740905,0.8723877725188471,0.2863847139703712,1.2017244657330914,1.0,0.0,0
-0.5715267310642037,0.4886760813066058,0.8811843610916351,-0.7831204263251031,0.4800154015697986,0.0,-0.09420865898738136,-0.35223806295834037,1.4981958824956936,1.5665986829772471,-0.19101344341148618,0.2863847139703712,1.756101199819951,0.0,1.0,0
-0.6445090557386058,0.051489633849285975,-0.5459593509467484,0.20907796964977468,-0.7824414417545724,0.0,0.8237807099517775,1.1546627411415114,-0.005639382242769227,-0.638325571740905,0.9787278941118804,0.2863847139703712,1.6606456032222134,0.0,1.0,0
0.016624944253036743,0.0077709891035539986,0.42858537209363023,1.6366287230422005,0.3487605927858467,0.0,0.3647860254821981,1.1546627411415114,-1.509474646981232,-0.638325571740905,0.5533674077397471,0.2863847139703712,-1.4122903334049495,1.0,0.0,1
-0.5371821076880146,0.27008285757794587,0.9951990206268891,1.788495824466929,0.5407669351232385,0.0,0.8237807099517775,-1.3954770811813144,-0.5069178038222568,-0.638325571740905,0.6597075293327804,0.2863847139703712,0.5408780277487553,1.0,0.0,0
-0.2495458869124298,-1.3912256427598693,0.2317697764022945,-0.6211288514720618,-0.26662881987910597,0.0,-0.09420865898738136,0.34325461585697575,0.9969174609162059,1.5665986829772471,-0.08467332181845284,0.2863847139703712,1.3522505988295235,1.0,0.0,0
-0.5328890297659908,0.13892692334074994,0.4326600699731772,0.2900737570762972,0.07092680972539964,0.0,-0.5532033434569608,0.6910009552646338,0.9969174609162059,1.5665986829772471,-0.5100338081905862,-1.0487421576863714,-0.7441011572207874,1.0,0.0,0
0.8194305156714597,-1.6098188664885291,0.8631173044559068,-0.8843651606082518,0.785590164059433,0.0,1.282775394421357,-0.5840689558967791,0.4956390393367183,-0.638325571740905,1.191408137297947,1.6215115856271138,0.9043435686401399,1.0,0.0,1
-0.6037248154793812,0.0077709891035539986,-0.20506858872199007,-0.0440338660581022,-0.5005494804806858,0.0,-1.0121980279265403,-0.5840689558967791,-1.0081962254017445,-0.638325571740905,-1.041734416155753,-1.0487421576863714,1.0254987489372682,0.0,1.0,0
-0.6273367440505112,0.7947065945267296,0.912321203378741,-0.7324980591835271,0.5408880747714008,0.0,0.3647860254821981,1.734239973487608,0.9969174609162059,1.5665986829772471,0.5533674077397471,0.2863847139703712,-0.3549360326300119,0.0,1.0,0
-0.4985444063898017,-1.6535375112342612,-0.7454657848604266,1.6872510901837765,-1.2352008767615135,0.0,-1.0121980279265403,0.11142372291853707,-1.509474646981232,-0.638325571740905,-0.9353942945627195,-1.0487421576863714,1.1796962511336133,1.0,0.0,0
2.5774459247401458,0.5323947260523377,0.973287909387815,1.3835168873343235,2.3393878612143575,0.0,-0.5532033434569608,0.5750855087954145,0.4956390393367183,-0.638325571740905,-0.5100338081905862,-1.0487421576863714,-1.162637234610867,1.0,0.0,0
-0.6638279063877123,0.27008285757794587,1.6447673675003636,1.282272153051175,0.9810489863694529,0.0,-0.09420865898738136,0.34325461585697575,0.9969174609162059,1.5665986829772471,-0.08467332181845284,0.2863847139703712,1.638617388622736,1.0,0.0,0
-0.6530952115826532,-1.3037883532684054,-0.7373163891013322,-0.681875692041951,-1.2384716472618982,0.0,1.282775394421357,-0.23632261648912098,-1.509474646981232,-0.638325571740905,1.2977482588909803,1.6215115856271138,-0.4283634146282712,0.0,1.0,1
-0.5951386596353339,-1.6535375112342612,-0.6897269931119039,-1.6437006677318824,-1.2458005959757228,0.0,0.8237807099517775,1.734239973487608,-1.0081962254017445,-0.638325571740905,1.0850680157049137,0.2863847139703712,-0.788157586419743,0.0,1.0,0
-0.5672336531421801,-0.9540391953025495,1.0031946542018497,0.5229366459275443,0.2587538342011891,0.0,-0.5532033434569608,1.038747294672292,-1.0081962254017445,-0.638325571740905,-0.40369368659755284,-1.0487421576863714,-0.5091335348263568,1.0,0.0,0
-0.5457682635320618,0.051489633849285975,-0.6894963498357031,1.2012763656246526,-0.8398010651594651,0.0,0.8237807099517775,1.3864936340799499,0.9969174609162059,1.5665986829772471,0.9787278941118804,0.2863847139703712,1.2861659550310898,1.0,0.0,1
3.519776528624337,1.2318930419840495,1.6704456522507172,-0.8438672668949924,3.5754968310634077,0.0,-1.0121980279265403,-1.5113925276505338,-1.509474646981232,-0.638325571740905,-1.1480745377487862,-1.0487421576863714,-1.4012762261052105,1.0,0.0,0
-0.40195015314426946,-0.9103205505568176,-1.9597257529654868,-0.995734368319717,-1.9725779151259952,0.0,1.282775394421357,-0.004491723550682283,-0.5069178038222568,-0.638325571740905,1.2977482588909803,1.6215115856271138,-0.8358853847186117,0.0,1.0,1
5.043819190942735,1.0570184630011215,0.22569617012900747,1.6872510901837765,3.25859551147059,0.0,1.282775394421357,-0.9318152953044371,-1.0081962254017445,-0.638325571740905,1.191408137297947,1.6215115856271138,1.5321476847252595,1.0,0.0,1
-0.6810002180758069,-1.6098188664885291,1.11705555155297,0.4216919116443921,0.13888615234450213,0.0,0.8237807099517775,1.038747294672292,-0.5069178038222568,-0.638325571740905,0.9787278941118804,0.2863847139703712,-0.14199662483505912,0.0,1.0,1
2.704091723439843,-0.29825952411656986,-0.8211936605463506,1.5657574090439947,0.8129677245441337,0.0,0.3647860254821981,1.734239973487608,0.9969174609162059,1.5665986829772471,0.5533674077397471,0.2863847139703712,-1.4343185480044276,1.0,0.0,0
-0.5736732700252155,-0.5168527478452297,-0.12726492355025895,-2.0183061845795414,-0.5385873300036765,0.0,-0.5532033434569608,-0.12040717001990163,0.9969174609162059,1.5665986829772471,-0.6163739297836195,-1.0487421576863714,-0.450391629227749,0.0,1.0,0
-0.6166040492454521,1.3630489762212454,-1.8484788127446419,-1.9676838174379652,-1.5021320914873446,0.0,-1.0121980279265403,1.2705781876107307,-0.005639382242769227,-0.638325571740905,-0.8290541729696862,-1.0487421576863714,0.570248980548059,0.0,1.0,0
-0.3740451466511157,-0.9977578400482815,0.7474881419872476,1.0392847907716112,0.15663311080029216,0.0,-1.4711927123961197,-0.8158998488352177,-0.005639382242769227,-0.638325571740905,-1.5734350241209194,-1.0487421576863714,0.04891456836041588,1.0,0.0,0
-0.28174397132760715,-0.6042900373366937,0.016425837522829372,0.6444303270673226,-0.2800147510010505,0.0,-0.09420865898738136,0.34325461585697575,0.9969174609162059,1.5665986829772471,-0.08467332181845284,0.2863847139703712,-1.3535484278063419,1.0,0.0,0
0.965395165020264,-0.07966630038790996,1.5887210513835728,-0.0440338660581022,1.7788141393428873,0.0,-0.09420865898738136,-0.23632261648912098,-1.509474646981232,-0.638325571740905,-0.08467332181845284,0.2863847139703712,0.3462954654533671,1.0,0.0,0
-0.4878117115847425,-1.5661002217427973,0.5663562890775653,-0.813493846610046,-0.17625864234996144,0.0,0.3647860254821981,-0.6999844023659983,0.9969174609162059,1.5665986829772471,0.23434704296064715,0.2863847139703712,-1.4453326553041663,0.0,1.0,1
-0.5758198089862274,-0.47313410309949777,0.36246763291607204,-1.5222069865921004,-0.14427777523508978,0.0,1.282775394421357,0.11142372291853707,-0.005639382242769227,-0.638325571740905,1.2977482588909803,1.6215115856271138,-1.661943432199032,0.0,1.0,0
-0.5049840232728371,-0.6917273268281576,-0.6391392345318652,-0.9349875277498279,-0.9418612187362805,0.0,0.8237807099517775,0.22733916938775642,-0.5069178038222568,-0.638325571740905,0.8723877725188471,0.2863847139703712,-0.9937542560148699,0.0,1.0,1
-0.38692438041718663,-0.2108222346251059,-1.672421111911377,-0.6920001654702677,-1.5826899575153355,0.0,0.3647860254821981,-1.3954770811813144,1.4981958824956936,1.5665986829772471,0.1280069213676138,0.2863847139703712,-0.7257443117212224,0.0,1.0,0
-0.6767071401537833,0.4449574365608738,-1.9199013472748179,1.059533737628241,-1.7958351684570648,0.0,0.8237807099517775,-1.0477307417736565,0.9969174609162059,1.5665986829772471,0.6597075293327804,0.2863847139703712,0.12601331945858837,1.0,0.0,0
-0.03489199081124714,-0.8228832610653536,-1.0241597436030405,0.4520653319293385,-1.008972583818246,0.0,-0.5532033434569608,-0.004491723550682283,1.4981958824956936,1.5665986829772471,-0.6163739297836195,-1.0487421576863714,1.0585410708364849,1.0,0.0,1
-0.5393286466490264,-0.29825952411656986,-1.0186243049742216,1.8391181916085013,-1.1729956674301252,0.0,-0.5532033434569608,1.2705781876107307,-0.005639382242769227,-0.638325571740905,-0.40369368659755284,-1.0487421576863714,-0.002484599038365633,1.0,0.0,0
-0.6359228998945585,0.8821438840181935,1.0094989037513378,1.849242665036818,0.6319850901895195,0.0,-1.0121980279265403,-1.2795616347120953,-0.5069178038222568,-0.638325571740905,-1.1480745377487862,-1.0487421576863714,-1.2837924149079953,1.0,0.0,0
-0.5371821076880146,-0.12338494513364194,-0.06975786668419671,-1.9575593440096521,-0.3854668147264132,0.0,0.3647860254821981,-0.004491723550682283,0.4956390393367183,-0.638325571740905,0.3406871645536805,0.2863847139703712,1.4293493499276957,0.0,1.0,0
-0.4341482375594468,-1.6535375112342612,1.0158031533008258,0.18882902279314498,0.18873511756332612,0.0,1.282775394421357,0.34325461585697575,0.9969174609162059,1.5665986829772471,1.2977482588909803,1.6215115856271138,-1.0892098526126073,1.0,0.0,0
1.3174275546262033,-1.0414764847940134,-0.22959365709134008,0.6343058536390096,0.3317404722190304,0.0,1.7417700788909365,-0.5840689558967791,-1.509474646981232,-0.638325571740905,1.7231087452631138,1.6215115856271138,-1.5628164665013817,1.0,0.0,0
-0.06709007522642452,1.1444557524925854,-1.8444809959571615,-1.1273525228878156,-1.2373208206043553,0.0,-0.5532033434569608,1.5024090805491692,0.9969174609162059,1.5665986829772471,-0.40369368659755284,-1.0487421576863714,-1.5738305738011207,1.0,0.0,0
-0.5393286466490264,-0.9540391953025495,0.6160214745528005,-1.3399664648824294,-0.030527645610603883,0.0,-1.0121980279265403,0.34325461585697575,-0.5069178038222568,-0.638325571740905,-0.9353942945627195,-1.0487421576863714,-0.9093127667168714,0.0,1.0,1
-0.5178632570389081,-1.4349442875056013,-1.9644923806736363,0.9785379502017221,-2.1580427164626177,0.0,0.3647860254821981,-0.4681535094275597,-1.509474646981232,-0.638325571740905,0.3406871645536805,0.2863847139703712,1.4256779808277829,1.0,0.0,0
-0.569380192103192,1.3630489762212454,0.935846817551221,-1.0261077886046635,0.7181153800329803,0.0,-0.09420865898738136,-0.23632261648912098,-1.509474646981232,-0.638325571740905,-0.08467332181845284,0.2863847139703712,-1.3205061059071252,0.0,1.0,1
-0.5221563349609317,0.3575201470694098,1.1848646747560005,-1.9980572377229115,0.7180548102088994,0.0,1.7417700788909365,-1.163646188242876,-0.5069178038222568,-0.638325571740905,1.6167686236700805,1.6215115856271138,0.39035189465232306,0.0,1.0,0
-0.006986984318093417,-0.03594765564217798,-1.1853793936673884,0.9481645299167757,-0.9457982573015583,0.0,0.8237807099517775,-0.8158998488352177,-1.509474646981232,-0.638325571740905,0.7660476509258137,0.2863847139703712,-0.9496978268159143,1.0,0.0,0
-0.5114236401558726,-1.740974800725725,-0.14840722386866415,-0.4186393829057574,-0.7914663455426707,0.0,1.282775394421357,1.038747294672292,0.4956390393367183,-0.638325571740905,1.4040883804840139,1.6215115856271138,0.06360004476006775,1.0,0.0,0
2.607497470194311,1.3193303314755134,1.33278389589277,0.49256322564259797,2.8140130027146104,0.0,0.8237807099517775,-1.3954770811813144,-0.5069178038222568,-0.638325571740905,0.6597075293327804,0.2863847139703712,1.7671153071196901,1.0,0.0,0
-0.6402159778165821,1.5816421999499053,0.7405688437012238,-1.2488462040275938,0.5727478022381096,0.0,-0.09420865898738136,-0.8158998488352177,-0.5069178038222568,-0.638325571740905,-0.19101344341148618,0.2863847139703712,1.6679883414220398,0.0,1.0,0
-0.5264494128829554,1.0132998182553896,-1.6504331195802355,-0.22627438776777328,-1.3727549472499099,0.0,1.282775394421357,-1.163646188242876,1.4981958824956936,1.5665986829772471,1.0850680157049137,1.6215115856271138,-1.133266281811563,1.0,0.0,0
-0.6852932959978305,0.4886760813066058,-0.7731429780045206,1.0696582110565576,-0.8875300865354477,0.0,-1.0121980279265403,-0.6999844023659983,-1.509474646981232,-0.638325571740905,-1.041734416155753,-1.0487421576863714,1.447706195427261,1.0,0.0,0
3.8868346909573597,-0.07966630038790996,-1.8114221263683827,-1.1172280494594988,0.7487637110180657,0.0,-0.5532033434569608,0.9228318482030725,-1.509474646981232,-0.638325571740905,-0.40369368659755284,-1.0487421576863714,1.3375651224298717,1.0,0.0,0
0.10463304165452156,-0.5605713925909617,0.10145632534885171,1.353143467049381,0.014718012978050069,0.0,1.7417700788909365,-0.8158998488352177,0.9969174609162059,1.5665986829772471,1.6167686236700805,1.6215115856271138,1.5248049465254332,1.0,0.0,0
-0.36116591288504474,-0.42941545835376577,-0.9883331546998521,-1.5728293537336766,-1.0776587643263225,0.0,-1.0121980279265403,0.6910009552646338,0.9969174609162059,1.5665986829772471,-0.9353942945627195,-1.0487421576863714,-0.39899246182896747,0.0,1.0,0
0.39656234035213,1.1444557524925854,-1.1160326486230192,0.4318163850727088,-0.4017600974042547,0.0,-1.0121980279265403,-0.9318152953044371,0.9969174609162059,1.5665986829772471,-1.1480745377487862,-1.0487421576863714,0.12601331945858837,1.0,0.0,0
-0.6402159778165821,1.1007371077468535,-1.0199312835393592,0.6545548004956393,-0.9208434897801056,0.0,1.7417700788909365,-0.5840689558967791,-1.509474646981232,-0.638325571740905,1.7231087452631138,1.6215115856271138,-0.5311617494258346,0.0,1.0,1
-0.6230436661284876,-1.6098188664885291,-0.7887498396941071,-1.4513356725938982,-1.3298715118004232,0.0,-0.5532033434569608,0.22733916938775642,-1.0081962254017445,-0.638325571740905,-0.5100338081905862,-1.0487421576863714,-1.0231252088141738,0.0,1.0,1
-0.3998036141832576,1.2756116867297813,0.675219915444335,1.7176245104687229,0.5891016547400325,0.0,0.3647860254821981,0.5750855087954145,-0.5069178038222568,-0.638325571740905,0.4470272861467138,0.2863847139703712,1.2310954185323952,1.0,0.0,0
2.379964340327058,-0.9103205505568176,-1.1766149491717586,-0.7122491123268974,0.21435615314967219,0.0,0.3647860254821981,0.22733916938775642,1.4981958824956936,1.5665986829772471,0.3406871645536805,0.2863847139703712,1.6312746504229096,1.0,0.0,0
-0.6337763609335467,-0.29825952411656986,0.35923862704926135,0.2293269165064044,-0.14076472543838084,0.0,0.3647860254821981,1.2705781876107307,-1.0081962254017445,-0.638325571740905,0.5533674077397471,0.2863847139703712,0.9190290450397917,0.0,1.0,0
-0.580112886908251,1.1881743972383174,-1.6521245036057077,0.5431855927841741,-1.3656077080083289,0.0,0.3647860254821981,-1.6273079741197531,0.4956390393367183,-0.638325571740905,0.1280069213676138,0.2863847139703712,0.3316099890537152,0.0,1.0,0
-0.6595348284656887,0.051489633849285975,-0.20591428073472617,-0.4793862234756502,-0.5230208852148093,0.0,0.8237807099517775,1.2705781876107307,0.4956390393367183,-0.638325571740905,0.9787278941118804,0.2863847139703712,1.7010306633212562,0.0,1.0,0
0.3901227234690945,-1.4786629322513334,-0.6907264473087739,-0.995734368319717,-0.6517923312114324,0.0,-1.4711927123961197,1.8501554199568273,0.9969174609162059,1.5665986829772471,-1.2544146593418195,-1.0487421576863714,1.73040161612056,1.0,0.0,0
-0.06065045834338908,-1.3037883532684054,1.0555506778994277,1.6973755636120933,0.5083620792397985,0.0,-1.0121980279265403,0.6910009552646338,0.9969174609162059,1.5665986829772471,-0.9353942945627195,-1.0487421576863714,0.3426240963534543,1.0,0.0,1
-0.49210478950676617,-0.6042900373366937,-0.9478937002726477,0.7153016410655285,-1.1584589096506381,0.0,0.3647860254821981,0.11142372291853707,0.9969174609162059,1.5665986829772471,0.3406871645536805,0.2863847139703712,0.45276516935084365,0.0,1.0,0
-0.49210478950676617,1.1444557524925854,1.2825805427730659,-0.14527860034125079,0.9864397007126792,0.0,-1.4711927123961197,-0.8158998488352177,-0.005639382242769227,-0.638325571740905,-1.5734350241209194,-1.0487421576863714,0.26185397615536865,1.0,0.0,0
-0.6445090557386058,0.31380150232367787,-0.9984045777606196,-1.420962252308952,-1.0807478253544633,0.0,-1.4711927123961197,-1.163646188242876,-1.509474646981232,-0.638325571740905,-1.5734350241209194,-1.0487421576863714,-1.147951758211215,0.0,1.0,0
-0.08640892587553092,0.4012387918151418,0.9254678701221856,-0.995734368319717,0.769296881381591,0.0,0.3647860254821981,0.9228318482030725,0.9969174609162059,1.5665986829772471,0.4470272861467138,0.2863847139703712,-0.34025055623035966,1.0,0.0,0
-0.3547262960020093,1.1881743972383174,0.2206988991446569,-0.9248630543215112,0.23706983718012073,0.0,0.8237807099517775,-0.4681535094275597,-0.005639382242769227,-0.638325571740905,0.7660476509258137,0.2863847139703712,-1.004768363314609,1.0,0.0,1
0.1904946000949947,0.7072693050352656,-0.7063333089983602,0.9279155830601459,-0.29218928564137114,0.0,-0.09420865898738136,-0.5840689558967791,0.4956390393367183,-0.638325571740905,-0.19101344341148618,0.2863847139703712,-0.47976258202705313,1.0,0.0,0
-0.42556208171539955,0.9258625287639255,1.1212071305245839,-0.17565202062619717,0.8484010716316334,0.0,1.282775394421357,1.038747294672292,0.4956390393367183,-0.638325571740905,1.4040883804840139,1.6215115856271138,-1.1552944964110412,0.0,1.0,1
2.238292768900277,-1.2163510637769415,0.6647640869232326,0.2900737570762972,1.5172736389602823,0.0,-0.09420865898738136,-1.5113925276505338,-0.005639382242769227,-0.638325571740905,-0.2973535650045195,0.2863847139703712,-1.2323932475092136,1.0,0.0,0
0.25489076892534945,0.8821438840181935,0.25514162839064075,-0.5705064843304857,0.540403516178751,0.0,0.8237807099517775,-0.8158998488352177,-1.509474646981232,-0.638325571740905,0.7660476509258137,0.2863847139703712,0.15905564135780526,1.0,0.0,0
-0.44273439340349413,-0.7354459715738897,0.47825055756886553,0.5836834864974335,-0.036100069426073814,0.0,0.3647860254821981,1.734239973487608,0.9969174609162059,1.5665986829772471,0.5533674077397471,0.2863847139703712,-0.7441011572207874,0.0,1.0,1
3.8267316000490283,-0.9103205505568176,-0.28317977826198887,-0.0440338660581022,1.7347193074117764,0.0,0.3647860254821981,0.6910009552646338,-0.005639382242769227,-0.638325571740905,0.4470272861467138,0.2863847139703712,1.4256779808277829,1.0,0.0,0
1.061989418265796,-0.07966630038790996,-1.023314051590304,0.9684134767734054,-0.22453279214267463,0.0,-0.09420865898738136,-1.163646188242876,1.4981958824956936,1.5665986829772471,-0.2973535650045195,0.2863847139703712,-1.5738305738011207,1.0,0.0,1
-0.4341482375594468,1.5816421999499053,0.3435548842676079,-0.2667722814810327,0.3762592929187095,0.0,0.8237807099517775,1.3864936340799499,0.9969174609162059,1.5665986829772471,0.9787278941118804,0.2863847139703712,0.3830091564524971,0.0,1.0,0
0.09390034684946247,0.2263642128322139,0.3686181202814263,1.3835168873343235,0.3935822626059319,0.0,0.8237807099517775,-0.23632261648912098,0.9969174609162059,1.5665986829772471,0.7660476509258137,0.2863847139703712,1.4036497662283047,1.0,0.0,0
-0.42341554275438775,-1.3475069980141374,1.703888927299831,0.7456750613504749,0.8047302284690907,0.0,0.8237807099517775,-1.163646188242876,0.4956390393367183,-0.638325571740905,0.6597075293327804,0.2863847139703712,-0.7257443117212224,1.0,0.0,0
-0.6702675232707478,1.3630489762212454,0.11137398622548557,0.4824387522142813,0.011628951949908845,0.0,0.3647860254821981,1.8501554199568273,1.4981958824956936,1.5665986829772471,0.5533674077397471,0.2863847139703712,1.1466539292343967,0.0,1.0,1
-0.4362947765204587,-1.5223815769970652,1.0793838164401752,1.798620297895242,0.26668848115582594,0.0,1.282775394421357,-1.6273079741197531,-0.5069178038222568,-0.638325571740905,1.0850680157049137,1.6215115856271138,-0.2925227579314909,1.0,0.0,0
-0.642362516777594,-0.03594765564217798,-0.965960756908376,-1.724696455158405,-1.131505337934506,0.0,0.8237807099517775,1.038747294672292,-0.5069178038222568,-0.638325571740905,0.9787278941118804,0.2863847139703712,-1.0818671144127814,0.0,1.0,1
-0.5028374843118253,1.1444557524925854,0.6835230733875636,-0.24652333462440298,0.5084226490638794,0.0,-1.4711927123961197,-1.6273079741197531,-0.005639382242769227,-0.638325571740905,-1.6797751457139527,-1.0487421576863714,1.4844198864263904,1.0,0.0,0
-0.30320936093772544,-0.03594765564217798,0.46372003116821625,1.0089113704866683,0.1862517547759974,0.0,-1.0121980279265403,0.8069164017338532,1.4981958824956936,1.5665986829772471,-0.9353942945627195,-1.0487421576863714,0.2177975469564131,1.0,0.0,1
-0.5779663479472393,-1.5223815769970652,-0.2937124878751578,-1.2690951508842236,-0.8950407447215161,0.0,-0.5532033434569608,-0.004491723550682283,1.4981958824956936,1.5665986829772471,-0.6163739297836195,-1.0487421576863714,-1.331520213206864,0.0,1.0,1
-0.48995825054575437,0.5323947260523377,0.4333519998017798,-0.7628714794684698,0.18292041445153162,0.0,1.7417700788909365,-1.6273079741197531,0.9969174609162059,1.5665986829772471,1.5104285020770472,1.6215115856271138,-1.0414820543137386,1.0,0.0,0
-0.1465120167838621,-0.12338494513364194,-0.6348338933761172,1.1202805781981338,-0.6101808620676505,0.0,-1.4711927123961197,-0.6999844023659983,0.4956390393367183,-0.638325571740905,-1.5734350241209194,-1.0487421576863714,0.42339421655153997,1.0,0.0,0
-0.5972851985963457,0.09520827859501796,-0.7864434069320991,-0.22627438776777328,-0.9355619570318363,0.0,-0.09420865898738136,-1.3954770811813144,0.4956390393367183,-0.638325571740905,-0.2973535650045195,0.2863847139703712,0.6693759462457093,0.0,1.0,0
-0.013426601201128855,0.09520827859501796,-0.7639941280485563,-0.4692617500473335,-0.5883757253984202,0.0,-1.4711927123961197,1.3864936340799499,-1.0081962254017445,-0.638325571740905,-1.2544146593418195,-1.0487421576863714,1.223752680332569,1.0,0.0,0
-0.382631302495163,-0.8666019058110855,-0.16878071326639987,-1.8968125034397594,-0.5410101229669244,0.0,-1.0121980279265403,-0.6999844023659983,-1.509474646981232,-0.638325571740905,-1.041734416155753,-1.0487421576863714,1.5945609594237797,0.0,1.0,1
0.6219489312583718,-0.5168527478452297,1.1858641289528706,-0.20602544091114355,1.1706931055676781,0.0,-0.5532033434569608,0.11142372291853707,-1.509474646981232,-0.638325571740905,-0.5100338081905862,-1.0487421576863714,0.34996683455328026,1.0,0.0,0
0.767913580607176,1.4942049104584412,1.0071924709893298,-0.9248630543215112,1.5580977003910084,0.0,-1.0121980279265403,-0.5840689558967791,-1.0081962254017445,-0.638325571740905,-1.041734416155753,-1.0487421576863714,-1.173651341910606,1.0,0.0,0
1.2895225481330497,-1.6535375112342612,0.13920494155371352,0.5229366459275443,0.4708693581335378,0.0,1.7417700788909365,-1.163646188242876,-0.5069178038222568,-0.638325571740905,1.6167686236700805,1.6215115856271138,1.4073211353282182,1.0,0.0,1
-0.4641997830136124,-1.6098188664885291,0.40144634659400447,-0.9653609480347742,-0.3025467255592554,0.0,1.282775394421357,0.6910009552646338,-1.0081962254017445,-0.638325571740905,1.4040883804840139,1.6215115856271138,0.2177975469564131,0.0,1.0,1
-0.45346708820855336,0.4886760813066058,0.08392743635759234,-0.9349875277498279,-0.08146686766288949,0.0,0.8237807099517775,0.8069164017338532,-1.509474646981232,-0.638325571740905,0.9787278941118804,0.2863847139703712,-0.3329078180305337,1.0,0.0,0
-0.2881835882106427,1.6253608446956371,1.3481601143061557,-0.8337427934666757,1.2597913167911174,0.0,-1.0121980279265403,0.22733916938775642,-1.0081962254017445,-0.638325571740905,-0.9353942945627195,-1.0487421576863714,-0.7073874662216578,1.0,0.0,0
-0.3976570752222458,-1.5661002217427973,-1.219668360729238,1.4442637279042163,-1.5324775733520242,0.0,1.282775394421357,0.9228318482030725,-0.005639382242769227,-0.638325571740905,1.4040883804840139,1.6215115856271138,1.256795002231786,1.0,0.0,0
0.9825674767083586,0.8821438840181935,-1.039535962016426,1.3733924139060105,-0.06892891407808201,0.0,0.3647860254821981,-0.6999844023659983,0.9969174609162059,1.5665986829772471,0.23434704296064715,0.2863847139703712,0.48947886034997334,1.0,0.0,0
0.557552762428017,1.4504862657127093,1.2342223358629685,-1.1273525228878156,1.6085523638506447,0.0,1.7417700788909365,-1.5113925276505338,1.4981958824956936,1.5665986829772471,1.5104285020770472,1.6215115856271138,-0.009827337238191564,1.0,0.0,0
-0.19373587392612224,-1.0851951295397455,-1.9182868443414125,1.3025210999078047,-1.8611900086406754,0.0,-1.0121980279265403,-0.6999844023659983,-1.509474646981232,-0.638325571740905,-1.041734416155753,-1.0487421576863714,-1.4636895008037312,1.0,0.0,0
0.742155113075034,0.4449574365608738,1.2341454547709012,-0.01366044577315582,1.489774938827419,0.0,0.3647860254821981,-0.4681535094275597,-1.509474646981232,-0.638325571740905,0.3406871645536805,0.2863847139703712,-0.6192746078237462,1.0,0.0,1
-0.5264494128829554,0.4012387918151418,-0.714021418205053,0.6140569067823799,-0.7706908958828204,0.0,0.3647860254821981,-1.6273079741197531,0.4956390393367183,-0.638325571740905,0.1280069213676138,0.2863847139703712,-0.2594804360322744,1.0,0.0,0
-0.5672336531421801,1.0570184630011215,0.39252813991424107,-2.028430658007854,0.2234416267618516,0.0,0.3647860254821981,-1.5113925276505338,0.9969174609162059,1.5665986829772471,0.1280069213676138,0.2863847139703712,-1.4783749772033834,0.0,1.0,0
-0.530742490804979,-0.8228832610653536,-1.9289733161387155,0.07745981508167972,-2.0016514306849693,0.0,1.282775394421357,-0.35223806295834037,1.4981958824956936,1.5665986829772471,1.191408137297947,1.6215115856271138,-0.7918289555196562,1.0,0.0,0
-0.5994317375573575,1.1881743972383174,-1.9381990471867467,-0.4996351703322799,-1.6018905917490749,0.0,0.8237807099517775,-0.9318152953044371,1.4981958824956936,1.5665986829772471,0.6597075293327804,0.2863847139703712,0.08195689025963278,0.0,1.0,0
-0.382631302495163,-0.3419781688623018,-0.8927699572606606,1.798620297895242,-0.995102094103652,0.0,0.3647860254821981,-1.6273079741197531,0.4956390393367183,-0.638325571740905,0.1280069213676138,0.2863847139703712,-0.7294156808211356,1.0,0.0,0
-0.48351863366271886,0.09520827859501796,1.5068426883322947,-1.5120825131637874,0.9353793390122312,0.0,-0.5532033434569608,1.734239973487608,-1.509474646981232,-0.638325571740905,-0.2973535650045195,-1.0487421576863714,-1.4379899171043404,0.0,1.0,0
-0.5350355687270028,0.9695811735096576,1.0489389039816719,0.34069612421787326,0.7393753882854803,0.0,-0.09420865898738136,0.8069164017338532,-0.5069178038222568,-0.638325571740905,0.02166679977458048,0.2863847139703712,-0.32923644893062093,0.0,1.0,0
-0.4470274713255178,0.27008285757794587,-1.6734205661082469,1.0797826844848706,-1.510793576330956,0.0,1.282775394421357,-0.12040717001990163,-1.0081962254017445,-0.638325571740905,1.2977482588909803,1.6215115856271138,0.3095817744542374,1.0,0.0,1
0.10677958061553344,-1.4786629322513334,-1.8317956157661184,0.3811940179311327,-1.710673995798903,0.0,-1.0121980279265403,-1.6273079741197531,1.4981958824956936,1.5665986829772471,-1.2544146593418195,-1.0487421576863714,1.5835468521240414,1.0,0.0,0
-0.6488021336606294,-0.5168527478452297,1.2922675603734988,0.20907796964977468,0.5373750249746913,0.0,-0.5532033434569608,-0.4681535094275597,-0.5069178038222568,-0.638325571740905,-0.6163739297836195,-1.0487421576863714,-0.14566799393497187,0.0,1.0,0
1.770347275399699,1.3193303314755134,0.5840389402529583,-0.6211288514720618,1.7516788581545113,0.0,-0.5532033434569608,1.5024090805491692,0.9969174609162059,1.5665986829772471,-0.40369368659755284,-1.0487421576863714,0.36098094185301893,1.0,0.0,0
-0.4856651726237307,-0.29825952411656986,1.6629881863202254,0.7051771676372154,0.9699647085625939,0.0,-0.5532033434569608,-1.3954770811813144,-1.0081962254017445,-0.638325571740905,-0.7227140513766528,-1.0487421576863714,1.106268869135354,1.0,0.0,0
-0.6745606011927714,-0.8228832610653536,0.49962350116347176,-0.06428281291473192,-0.16947482205286757,0.0,-0.09420865898738136,-0.5840689558967791,0.4956390393367183,-0.638325571740905,-0.19101344341148618,0.2863847139703712,-0.8762704448176546,1.0,0.0,1
1.6329687818949419,-1.0414764847940134,0.9935845176934839,1.3430189936210641,1.4734816561495774,0.0,1.7417700788909365,-0.8158998488352177,0.9969174609162059,1.5665986829772471,1.6167686236700805,1.6215115856271138,1.4513775645271738,1.0,0.0,1
-0.3547262960020093,-0.5605713925909617,0.6788333267714808,1.5657574090439947,0.21035854476031357,0.0,1.7417700788909365,-0.23632261648912098,-0.005639382242769227,-0.638325571740905,1.7231087452631138,1.6215115856271138,-0.9753974105153053,1.0,0.0,1
-0.4083897700273049,1.2756116867297813,0.8168348870316164,1.424014781047583,0.6958256847711005,0.0,-1.4711927123961197,0.9228318482030725,0.4956390393367183,-0.638325571740905,-1.3607547809348528,-1.0487421576863714,-1.1369376509114761,1.0,0.0,1
0.5232081390518277,-0.2108222346251059,-0.5348884736891109,1.5050105684741055,-0.1728667322014148,0.0,1.282775394421357,1.1546627411415114,0.9969174609162059,1.5665986829772471,1.4040883804840139,1.6215115856271138,-0.9313409813163492,1.0,0.0,1
1.6029172364407762,1.2318930419840495,1.2759687688553099,-0.3275191220509219,2.1829360056126275,0.0,-0.09420865898738136,1.734239973487608,-0.005639382242769227,-0.638325571740905,0.1280069213676138,0.2863847139703712,1.183367620233526,1.0,0.0,0
-0.4105363089883168,-0.9977578400482815,-0.551802313943835,0.5229366459275443,-0.8875906563595288,0.0,0.8237807099517775,-0.12040717001990163,1.4981958824956936,1.5665986829772471,0.7660476509258137,0.2863847139703712,1.0254987489372682,1.0,0.0,0
-0.5607940362591447,1.3630489762212454,1.3995935648989304,-0.16552754719788051,1.0883181448172514,0.0,1.282775394421357,-1.6273079741197531,-0.5069178038222568,-0.638325571740905,1.0850680157049137,1.6215115856271138,-1.162637234610867,0.0,1.0,1
-0.4856651726237307,-1.4786629322513334,0.7685535612135854,1.667002143327147,0.0036337351711910664,0.0,0.3647860254821981,-0.5840689558967791,1.4981958824956936,1.5665986829772471,0.23434704296064715,0.2863847139703712,0.33528135815362836,1.0,0.0,0
-0.41697592587135224,-1.3475069980141374,-1.3846551843048658,0.09770876193830944,-1.6249071248999294,0.0,-0.09420865898738136,1.5024090805491692,-1.0081962254017445,-0.638325571740905,0.1280069213676138,0.2863847139703712,-0.9607119341156534,0.0,1.0,0
-0.6488021336606294,0.4449574365608738,-0.977569801810482,-0.4793862234756502,-1.037682680432733,0.0,-0.5532033434569608,-0.5840689558967791,-1.0081962254017445,-0.638325571740905,-0.6163739297836195,-1.0487421576863714,-0.7734721100200912,1.0,0.0,0
-0.40195015314426946,1.0132998182553896,-1.9605714449782228,0.7456750613504749,-1.5468326216592676,0.0,-0.09420865898738136,-0.9318152953044371,-1.0081962254017445,-0.638325571740905,-0.19101344341148618,0.2863847139703712,-0.18972442313392787,0.0,1.0,1
2.8457632948666234,0.5761133707980697,1.459791459987335,1.0089113704866683,2.8837894400561477,0.0,-1.0121980279265403,-0.004491723550682283,1.4981958824956936,1.5665986829772471,-1.041734416155753,-1.0487421576863714,-0.21542400683331842,1.0,0.0,0
2.8672286844767423,-1.2600697085226733,-1.155857054313688,1.1304050516264468,0.4281676321562945,0.0,1.7417700788909365,-0.8158998488352177,0.9969174609162059,1.5665986829772471,1.6167686236700805,1.6215115856271138,-0.8432281229184377,1.0,0.0,1
-0.41482938691034044,-1.3037883532684054,0.03380096432995502,-0.5705064843304857,-0.49649130226724525,0.0,-0.09420865898738136,0.11142372291853707,-0.005639382242769227,-0.638325571740905,-0.08467332181845284,0.2863847139703712,-1.3498770587064288,1.0,0.0,1
-0.3718986076901039,-1.6972561559799932,1.2676656109120819,1.0494092641999277,0.41260118736742724,0.0,0.8237807099517775,0.6910009552646338,1.4981958824956936,1.5665986829772471,0.8723877725188471,0.2863847139703712,0.8970008304403143,1.0,0.0,0
-0.4641997830136124,-0.7791646163196216,-1.96164778026716,1.3936413607626403,-1.9801491431361447,0.0,1.7417700788909365,-1.2795616347120953,-1.0081962254017445,-0.638325571740905,1.6167686236700805,1.6215115856271138,-0.6009177623241811,1.0,0.0,0
0.7593274247631286,1.3193303314755134,-0.7148671102177891,-1.177974890029388,0.15778393745783523,0.0,1.7417700788909365,-1.3954770811813144,-1.509474646981232,-0.638325571740905,1.6167686236700805,1.6215115856271138,-1.357219796906255,1.0,0.0,0
-0.6144575102844403,-0.7791646163196216,-1.9334324194785975,-0.16552754719788051,-2.04271777141202,0.0,1.282775394421357,-0.8158998488352177,-0.5069178038222568,-0.638325571740905,1.191408137297947,1.6215115856271138,-0.7220729426213096,0.0,1.0,0
0.36651079489796434,-0.9103205505568176,-0.9077617702137114,1.353143467049381,-0.7101210718016242,0.0,-0.5532033434569608,1.2705781876107307,-0.005639382242769227,-0.638325571740905,-0.40369368659755284,-1.0487421576863714,0.21045480875658715,1.0,0.0,0
1.5514003013764923,-1.2163510637769415,1.448028652901095,1.5252595153307353,1.7467121325798534,0.0,-1.0121980279265403,0.34325461585697575,-0.5069178038222568,-0.638325571740905,-0.9353942945627195,-1.0487421576863714,1.3779501825289144,1.0,0.0,0
-0.6530952115826532,1.6253608446956371,-1.9385834526470815,-2.0486796048644877,-1.535566634380165,0.0,-1.0121980279265403,-1.163646188242876,-0.005639382242769227,-0.638325571740905,-1.1480745377487862,-1.0487421576863714,0.900672199540227,0.0,1.0,0
2.860789067593706,0.09520827859501796,-0.7700677343218435,-0.9451120011781445,1.0288991473935978,0.0,-1.0121980279265403,1.038747294672292,-1.0081962254017445,-0.638325571740905,-0.8290541729696862,-1.0487421576863714,1.7157161397209082,1.0,0.0,0
-0.5886990427522983,-1.1726324190312094,1.064853290039526,0.5938079599257502,0.2467610090331121,0.0,0.8237807099517775,1.5024090805491692,1.4981958824956936,1.5665986829772471,0.9787278941118804,0.2863847139703712,-0.32189371073079504,1.0,0.0,0
-0.15939125054993308,-0.8228832610653536,0.6569222155324062,-0.9856098948914039,0.24518619360700133,0.0,-1.0121980279265403,0.34325461585697575,-0.5069178038222568,-0.638325571740905,-0.9353942945627195,-1.0487421576863714,0.9116863068399661,1.0,0.0,1
-0.5543544193761091,0.31380150232367787,-1.0069383789800486,0.16858007593651525,-1.0365924235992714,0.0,0.3647860254821981,-0.23632261648912098,-0.5069178038222568,-0.638325571740905,0.3406871645536805,0.2863847139703712,-0.3145509725309691,0.0,1.0,0
-0.3998036141832576,-1.0414764847940134,-0.3037070298438585,1.1405295250547633,-0.6957660234943808,0.0,1.7417700788909365,-0.4681535094275597,-1.0081962254017445,-0.638325571740905,1.7231087452631138,1.6215115856271138,0.5115070749494511,1.0,0.0,0
-0.43200169859843507,-0.3856968136080338,-1.339525983261579,0.9279155830601459,-1.3846266327698242,0.0,1.282775394421357,-0.5840689558967791,0.4956390393367183,-0.638325571740905,1.191408137297947,1.6215115856271138,-0.1970671613337538,1.0,0.0,0
0.0509695676292259,0.0077709891035539986,-0.1672430914250614,0.9481645299167757,-0.10127320013744052,0.0,-1.0121980279265403,-0.6999844023659983,-1.509474646981232,-0.638325571740905,-1.041734416155753,-1.0487421576863714,-1.382919380605646,1.0,0.0,0
-0.6767071401537833,-0.3856968136080338,0.15973219313558298,1.424014781047583,-0.341553692267546,0.0,0.8237807099517775,-0.35223806295834037,0.4956390393367183,-0.638325571740905,0.7660476509258137,0.2863847139703712,-0.028184182737756587,1.0,0.0,1
-0.4491740102865296,-0.6917273268281576,0.5211502069422117,-1.481709092878841,0.0037548748193533482,0.0,0.3647860254821981,1.734239973487608,0.9969174609162059,1.5665986829772471,0.5533674077397471,0.2863847139703712,-0.7587866336204393,0.0,1.0,1
-0.24310627002939433,0.6635506602895337,0.3557020968141824,-0.9552364746064576,0.29012900307524875,0.0,-0.09420865898738136,1.5024090805491692,-1.0081962254017445,-0.638325571740905,0.1280069213676138,0.2863847139703712,-0.615603238723833,1.0,0.0,0
-0.4405878544424823,1.1007371077468535,-1.4197129622873847,-0.3477680689075552,-1.1231467022113006,0.0,0.3647860254821981,-0.12040717001990163,-0.005639382242769227,-0.638325571740905,0.3406871645536805,0.2863847139703712,0.6914041608451871,1.0,0.0,0
-0.08426238691451915,-1.1726324190312094,1.1050621011905293,0.8772932159185698,0.5631172002091996,0.0,0.8237807099517775,0.34325461585697575,-0.005639382242769227,-0.638325571740905,0.8723877725188471,0.2863847139703712,1.0218273798373556,1.0,0.0,0
-0.4663463219746242,1.6690794894413692,-0.24727630826673339,1.0899071579131874,-0.08800840866365879,0.0,-0.5532033434569608,0.9228318482030725,-1.509474646981232,-0.638325571740905,-0.40369368659755284,-1.0487421576863714,0.6032913024472758,1.0,0.0,0
-0.6273367440505112,-0.07966630038790996,-1.0197006402631585,0.4216919116443921,-1.1750550414488856,0.0,-0.09420865898738136,1.1546627411415114,0.9969174609162059,1.5665986829772471,0.02166679977458048,0.2863847139703712,-0.7147302044214837,0.0,1.0,0
-0.36760552976808025,0.13892692334074994,1.0856111848975964,1.5252595153307353,0.6786238547320406,0.0,0.8237807099517775,-1.163646188242876,0.4956390393367183,-0.638325571740905,0.6597075293327804,0.2863847139703712,-0.7441011572207874,1.0,0.0,0
-0.5650871141811682,-1.3912256427598693,0.9132437764835443,-1.7044475083017752,0.0921868179778997,0.0,1.7417700788909365,-1.3954770811813144,-1.509474646981232,-0.638325571740905,1.6167686236700805,1.6215115856271138,-1.2764496767081694,0.0,1.0,0
-0.5157167180778963,-0.03594765564217798,0.18448790478113397,-2.200546706289212,-0.15366609796767516,0.0,-1.4711927123961197,-0.35223806295834037,-1.509474646981232,-0.638325571740905,-1.467094902527886,-1.0487421576863714,-0.7147302044214837,0.0,1.0,1
-0.6530952115826532,0.8821438840181935,-0.7327035235773166,1.3025210999078047,-0.7502788651674573,0.0,-0.5532033434569608,-0.23632261648912098,0.4956390393367183,-0.638325571740905,-0.6163739297836195,-1.0487421576863714,-0.9276696122164365,1.0,0.0,0
-0.5200097959999199,0.13892692334074994,-0.15770983600876226,-0.7831204263251031,-0.38692049050436167,0.0,1.7417700788909365,-0.4681535094275597,-1.0081962254017445,-0.638325571740905,1.7231087452631138,1.6215115856271138,-0.8946272903172197,0.0,1.0,1
-0.45132054924754145,-0.9977578400482815,-1.9630316399243646,-1.917061450296389,-2.0224268803448195,0.0,0.8237807099517775,0.11142372291853707,-1.0081962254017445,-0.638325571740905,0.8723877725188471,0.2863847139703712,-1.004768363314609,0.0,1.0,1
-0.6251902050894994,-0.7354459715738897,0.8624253746273047,-0.2161499143394566,0.16359864056962972,0.0,0.8237807099517775,-0.5840689558967791,-0.5069178038222568,-0.638325571740905,0.7660476509258137,0.2863847139703712,0.9961277961379645,1.0,0.0,0
-0.35901937392403294,-0.9540391953025495,-1.96264723446403,-0.1959009674828269,-1.9603428106615934,0.0,0.3647860254821981,-0.4681535094275597,-1.509474646981232,-0.638325571740905,0.3406871645536805,0.2863847139703712,-1.5775019429010335,1.0,0.0,0
-0.5758198089862274,-1.3037883532684054,-0.647903679027495,0.24957586336303772,-1.1244186685170057,0.0,-0.09420865898738136,-0.12040717001990163,-1.0081962254017445,-0.638325571740905,-0.08467332181845284,0.2863847139703712,0.6693759462457093,0.0,1.0,0
-0.6616813674267005,-1.0851951295397455,0.06878186122040733,1.282272153051175,-0.5597867684320952,0.0,1.7417700788909365,-1.5113925276505338,1.4981958824956936,1.5665986829772471,1.5104285020770472,1.6215115856271138,1.1282970837348314,1.0,0.0,0
1.6479945546220247,-1.740974800725725,-1.0183167806059539,-0.550257537473856,-0.2581490445077385,0.0,1.282775394421357,0.22733916938775642,0.4956390393367183,-0.638325571740905,1.2977482588909803,1.6215115856271138,1.756101199819951,1.0,0.0,0
0.04882302866821412,0.6198320155438017,0.20432322653440127,-0.003535972344839162,0.32592576910723536,0.0,-0.5532033434569608,0.5750855087954145,0.4956390393367183,-0.638325571740905,-0.5100338081905862,-1.0487421576863714,-1.133266281811563,1.0,0.0,0
1.7145372624133914,1.1881743972383174,-0.7583049272356035,0.24957586336303772,0.6335599056156308,0.0,0.3647860254821981,0.9228318482030725,0.9969174609162059,1.5665986829772471,0.4470272861467138,0.2863847139703712,-1.4379899171043404,1.0,0.0,0
-0.2924766661326664,-1.0851951295397455,-0.049461258378527835,0.4419408585010219,-0.44458296302966027,0.0,-0.5532033434569608,-1.6273079741197531,1.4981958824956936,1.5665986829772471,-0.8290541729696862,-1.0487421576863714,-0.6339600842233981,1.0,0.0,0
-0.42556208171539955,0.4012387918151418,1.502152941716212,0.8367953222053104,1.0322304877180637,0.0,-1.0121980279265403,-1.6273079741197531,1.4981958824956936,1.5665986829772471,-1.2544146593418195,-1.0487421576863714,-0.41734930732853254,1.0,0.0,0
-0.36975206872909205,0.6635506602895337,-1.9298190081514517,1.788495824466929,-1.5819631196263613,0.0,-1.4711927123961197,-0.004491723550682283,-0.005639382242769227,-0.638325571740905,-1.467094902527886,-1.0487421576863714,0.8419302939416196,1.0,0.0,1
-0.5672336531421801,0.6635506602895337,-1.6026130803146061,-1.7449454020150346,-1.4356264246461916,0.0,-1.0121980279265403,0.4591700623261951,-0.005639382242769227,-0.638325571740905,-0.9353942945627195,-1.0487421576863714,-0.8982986594171324,0.0,1.0,1
-0.4491740102865296,1.3630489762212454,1.5325209730826486,-1.7753188222999774,1.2560359876980833,0.0,1.282775394421357,1.3864936340799499,-1.509474646981232,-0.638325571740905,1.5104285020770472,1.6215115856271138,-1.2103650329097357,0.0,1.0,1
-0.41697592587135224,0.6635506602895337,-1.9550360063494039,-0.6413777983286915,-1.6284807445207201,0.0,1.7417700788909365,-0.9318152953044371,0.4956390393367183,-0.638325571740905,1.6167686236700805,1.6215115856271138,0.7134323754446652,0.0,1.0,0
-0.5522078804150974,-1.0851951295397455,-0.826190931530701,-1.906936976868076,-1.2030988699984795,0.0,-1.4711927123961197,-1.0477307417736565,-1.0081962254017445,-0.638325571740905,-1.5734350241209194,-1.0487421576863714,-1.324177475007038,0.0,1.0,1
1.656580710466072,1.1881743972383174,-0.8934618870892629,0.16858007593651525,0.494370449877042,0.0,-1.4711927123961197,-0.004491723550682283,-0.005639382242769227,-0.638325571740905,-1.467094902527886,-1.0487421576863714,0.37933778735258394,1.0,0.0,0
-0.6788536791147951,1.6253608446956371,0.01896291356103787,-0.8236183200383626,-0.007874531404236199,0.0,1.282775394421357,1.5024090805491692,-1.0081962254017445,-0.638325571740905,1.5104285020770472,1.6215115856271138,-0.29986549613131724,0.0,1.0,0
-0.6530952115826532,0.5761133707980697,0.4574157816187282,0.047086394796733336,0.11950380863851937,0.0,0.8237807099517775,1.2705781876107307,0.4956390393367183,-0.638325571740905,0.9787278941118804,0.2863847139703712,-0.5825609168246165,0.0,1.0,0
1.605063775401788,0.0077709891035539986,0.571507322246049,0.6241813802106929,1.3577932921544928,0.0,0.3647860254821981,-0.4681535094275597,-1.509474646981232,-0.638325571740905,0.3406871645536805,0.2863847139703712,-0.8028430628193953,1.0,0.0,0
1.3496256390413808,1.4942049104584412,0.3192604591744585,1.231649785909599,1.3444073610325482,0.0,-0.5532033434569608,0.22733916938775642,-1.0081962254017445,-0.638325571740905,-0.5100338081905862,-1.0487421576863714,0.9851136888382255,1.0,0.0,0
0.3901227234690945,-0.5605713925909617,-0.2920211038496854,1.2620232061945453,-0.13416261461353013,0.0,-0.09420865898738136,0.4591700623261951,1.4981958824956936,1.5665986829772471,-0.08467332181845284,0.2863847139703712,-0.6229459769236589,1.0,0.0,1
-0.20446856873118144,-0.3419781688623018,0.35577897790624924,1.353143467049381,0.08909775694975848,0.0,-0.5532033434569608,1.734239973487608,-1.509474646981232,-0.638325571740905,-0.2973535650045195,-1.0487421576863714,-0.8725990757177419,1.0,0.0,1
0.321433476716716,0.4012387918151418,-1.6034587723273426,1.494886095045789,-0.992921580436729,0.0,1.7417700788909365,-0.12040717001990163,0.4956390393367183,-0.638325571740905,1.7231087452631138,1.6215115856271138,1.554175899324737,1.0,0.0,0
0.2098134507441011,0.0077709891035539986,-0.0723718238144725,1.2923966264794882,0.06311330241892556,0.0,-0.5532033434569608,-1.2795616347120953,-0.5069178038222568,-0.638325571740905,-0.7227140513766528,-1.0487421576863714,-0.9056413976169587,1.0,0.0,0
-0.5350355687270028,0.13892692334074994,0.08930911280227721,-1.0261077886046635,-0.20078942110284587,0.0,-0.5532033434569608,-0.12040717001990163,0.9969174609162059,1.5665986829772471,-0.6163739297836195,-1.0487421576863714,0.6253195170467536,1.0,0.0,0
0.7464481909970577,0.8821438840181935,-0.31054944703781523,0.16858007593651525,0.3721405448811881,0.0,0.3647860254821981,-0.4681535094275597,-1.509474646981232,-0.638325571740905,0.3406871645536805,0.2863847139703712,-0.9937542560148699,1.0,0.0,0
-0.6702675232707478,-0.25454087937083786,0.3241808490667422,-0.6211288514720618,-0.17928713355402123,0.0,-1.0121980279265403,0.6910009552646338,0.9969174609162059,1.5665986829772471,-0.9353942945627195,-1.0487421576863714,-0.34759329443018555,1.0,0.0,0
-0.6445090557386058,0.5323947260523377,0.9017884937655719,0.1584556025081986,0.4647518059013373,0.0,-0.5532033434569608,0.5750855087954145,0.4956390393367183,-0.638325571740905,-0.5100338081905862,-1.0487421576863714,0.19576933235693492,1.0,0.0,0
1.3045483208601327,0.0077709891035539986,0.11529492192089882,1.0899071579131874,0.8287764486293261,0.0,0.3647860254821981,0.22733916938775642,1.4981958824956936,1.5665986829772471,0.3406871645536805,0.2863847139703712,-0.7551152645205266,1.0,0.0,0
-0.5779663479472393,-1.5661002217427973,-0.3249262112543306,-0.9451120011781445,-0.929323265151473,0.0,0.8237807099517775,-0.12040717001990163,1.4981958824956936,1.5665986829772471,0.7660476509258137,0.2863847139703712,0.9337145214394436,1.0,0.0,0
-0.668120984309736,0.4449574365608738,1.2283793728658816,-0.10478070662799135,0.6893447135944121,0.0,0.3647860254821981,-0.6999844023659983,0.9969174609162059,1.5665986829772471,0.23434704296064715,0.2863847139703712,1.5321476847252595,0.0,1.0,1
0.08316765204440328,-1.0414764847940134,0.0620163251185177,0.2900737570762972,-0.13507116197474808,0.0,-0.5532033434569608,1.5024090805491692,0.9969174609162059,1.5665986829772471,-0.40369368659755284,-1.0487421576863714,1.7634439380197773,1.0,0.0,0
-0.668120984309736,-0.47313410309949777,-1.035384383044812,0.8165463753486807,-1.2976483653892266,0.0,-1.0121980279265403,0.11142372291853707,-1.509474646981232,-0.638325571740905,-0.9353942945627195,-1.0487421576863714,-0.494448058426705,0.0,1.0,1
-0.569380192103192,1.6690794894413692,0.27605328543284535,0.5634345396408038,0.2661433527390949,0.0,0.8237807099517775,-1.2795616347120953,-0.005639382242769227,-0.638325571740905,0.6597075293327804,0.2863847139703712,-0.6082605005240072,1.0,0.0,0
-0.45132054924754145,-0.25454087937083786,-0.8113528807617838,0.24957586336303772,-0.9503409941076479,0.0,-0.09420865898738136,-0.9318152953044371,-1.0081962254017445,-0.638325571740905,-0.19101344341148618,0.2863847139703712,1.587218221223954,1.0,0.0,0
-0.5586474972981328,1.4504862657127093,-0.9953293340779424,-0.0440338660581022,-0.7778987049484827,0.0,-1.0121980279265403,0.4591700623261951,-0.005639382242769227,-0.638325571740905,-0.9353942945627195,-1.0487421576863714,-0.2374522214327962,0.0,1.0,0
4.438495203937399,1.6253608446956371,-1.023314051590304,-0.7426225326118401,2.0589495757184193,0.0,1.282775394421357,1.5024090805491692,-1.0081962254017445,-0.638325571740905,1.5104285020770472,1.6215115856271138,-0.7441011572207874,1.0,0.0,0
0.4802773598315912,-0.6480086820824257,1.136045181293501,0.2900737570762972,1.02241817621691,0.0,-1.4711927123961197,0.34325461585697575,1.4981958824956936,1.5665986829772471,-1.467094902527886,-1.0487421576863714,-0.32923644893062093,1.0,0.0,0
1.5192022169613153,1.5379235552041732,-1.112188594019673,0.09770876193830944,0.322049300366039,0.0,0.3647860254821981,-0.4681535094275597,-1.509474646981232,-0.638325571740905,0.3406871645536805,0.2863847139703712,1.34857922972961,1.0,0.0,1
-0.5951386596353339,-1.2163510637769415,0.6067957435047693,-2.0486796048644877,-0.12743936414051768,0.0,-1.0121980279265403,-0.8158998488352177,1.4981958824956936,1.5665986829772471,-1.1480745377487862,-1.0487421576863714,-1.357219796906255,0.0,1.0,0
-0.5264494128829554,-1.3475069980141374,1.5930263925393209,-0.7122491123268974,0.6592415110260578,0.0,0.8237807099517775,-1.0477307417736565,0.9969174609162059,1.5665986829772471,0.6597075293327804,0.2863847139703712,-0.6082605005240072,1.0,0.0,1
-0.5951386596353339,0.4886760813066058,-0.702258611118813,-0.01366044577315582,-0.7808060565043802,0.0,-1.0121980279265403,-1.2795616347120953,-0.5069178038222568,-0.638325571740905,-1.1480745377487862,-1.0487421576863714,1.256795002231786,0.0,1.0,0
-0.655241750543665,-0.7354459715738897,0.7157362509636063,-0.5705064843304857,0.031071865479973024,0.0,-0.5532033434569608,0.8069164017338532,1.4981958824956936,1.5665986829772471,-0.5100338081905862,-1.0487421576863714,1.3375651224298717,1.0,0.0,0
0.3536315611318935,1.1007371077468535,-0.02916465007285896,0.5533100662124871,0.420596404146145,0.0,-0.09420865898738136,0.11142372291853707,-0.005639382242769227,-0.638325571740905,-0.08467332181845284,0.2863847139703712,-1.636243848499641,1.0,0.0,0
-0.3053558998987373,1.3630489762212454,1.3035690809073373,1.0494092641999277,1.1568226158530839,0.0,0.8237807099517775,-1.6273079741197531,-1.509474646981232,-0.638325571740905,0.6597075293327804,0.2863847139703712,-0.31822234163088187,1.0,0.0,0
0.08531419100541515,0.31380150232367787,-1.0400741296608944,-0.8742406871799386,-0.7017018662543378,0.0,0.8237807099517775,-1.2795616347120953,-0.005639382242769227,-0.638325571740905,0.6597075293327804,0.2863847139703712,-0.9607119341156534,1.0,0.0,0
-0.13577932197880302,-1.4786629322513334,0.0729334401920216,-0.08453175977136164,-0.34694440661077225,0.0,1.282775394421357,0.11142372291853707,-0.005639382242769227,-0.638325571740905,1.2977482588909803,1.6215115856271138,1.6459601268225617,1.0,0.0,0
-0.507130562233849,0.2263642128322139,1.22491972372287,-0.4793862234756502,0.7290179483675956,0.0,0.8237807099517775,1.6183245270183886,-1.509474646981232,-0.638325571740905,1.0850680157049137,0.2863847139703712,1.1136116073351794,0.0,1.0,1
-0.6852932959978305,0.3575201470694098,-0.6066185325875547,-1.167850416601075,-0.7854093631345511,0.0,-0.09420865898738136,-0.5840689558967791,0.4956390393367183,-0.638325571740905,-0.19101344341148618,0.2863847139703712,-0.6119318696239203,0.0,1.0,1
-0.6852932959978305,0.8384252392724616,1.3605379701289306,-1.7753188222999774,0.8709936160139197,0.0,1.282775394421357,-0.4681535094275597,0.9969174609162059,1.5665986829772471,1.191408137297947,1.6215115856271138,1.0842406545358758,0.0,1.0,1
0.8451889832036017,0.8821438840181935,0.4589534034600667,1.7075000370404063,1.034108152264581,0.0,0.3647860254821981,0.34325461585697575,-1.509474646981232,-0.638325571740905,0.4470272861467138,0.2863847139703712,-0.9166555049166975,1.0,0.0,1
-0.2795974323665954,0.9695811735096576,-0.7331648101297181,0.5128121724992277,-0.5204769526033991,0.0,0.3647860254821981,1.3864936340799499,-0.5069178038222568,-0.638325571740905,0.5533674077397471,0.2863847139703712,-0.8982986594171324,1.0,0.0,0
-0.5414751856100382,0.27008285757794587,1.3737615179644425,-0.550257537473856,0.8365899559358001,0.0,1.282775394421357,-1.3954770811813144,0.4956390393367183,-0.638325571740905,1.0850680157049137,1.6215115856271138,-1.3865907497055587,0.0,1.0,1
0.9589555481372287,-1.3475069980141374,0.915627090337619,1.4543882013325293,0.9638471563303934,0.0,-0.5532033434569608,1.2705781876107307,-0.005639382242769227,-0.638325571740905,-0.40369368659755284,-1.0487421576863714,-0.5017907966265309,1.0,0.0,0
-0.22164088041927607,-0.42941545835376577,1.0257976952695267,-0.42876385633407404,0.5878902582584086,0.0,1.7417700788909365,-1.3954770811813144,-1.509474646981232,-0.638325571740905,1.6167686236700805,1.6215115856271138,1.245780894932047,1.0,0.0,1
-0.4641997830136124,1.2756116867297813,-0.27933572365864245,0.8469197956336271,-0.19927517550081597,0.0,-0.09420865898738136,-0.4681535094275597,0.9969174609162059,1.5665986829772471,-0.19101344341148618,0.2863847139703712,1.8331999509181238,1.0,0.0,1
-0.030598912889223482,0.1826455680864819,-0.23981884233624137,1.5860063559006243,-0.16571949295983354,0.0,1.7417700788909365,-0.8158998488352177,0.9969174609162059,1.5665986829772471,1.6167686236700805,1.6215115856271138,1.2164099421327432,1.0,0.0,0
-0.4126828479493286,1.4067676209669773,1.4080504850262923,-0.6920001654702677,1.188258354551225,0.0,0.8237807099517775,-0.9318152953044371,1.4981958824956936,1.5665986829772471,0.6597075293327804,0.2863847139703712,1.5468331611249113,1.0,0.0,0
1.8647949896842193,-0.2108222346251059,-0.32984660114661407,-0.4388883297623907,0.7457957896380873,0.0,-0.5532033434569608,-0.4681535094275597,-0.5069178038222568,-0.638325571740905,-0.6163739297836195,-1.0487421576863714,0.551892135048494,1.0,0.0,0
4.45137443770347,0.8384252392724616,-0.8437198205219606,0.16858007593651525,2.0332679703079926,0.0,-0.5532033434569608,1.1546627411415114,-0.5069178038222568,-0.638325571740905,-0.40369368659755284,-1.0487421576863714,-0.4724198438272272,1.0,0.0,0
-0.3976570752222458,1.5379235552041732,-0.8285742453847758,1.6568776698988301,-0.5362856766885916,0.0,1.282775394421357,-0.9318152953044371,-1.0081962254017445,-0.638325571740905,1.191408137297947,1.6215115856271138,-0.6229459769236589,1.0,0.0,0
-0.47922555574069525,-1.4786629322513334,-0.05599615120421689,-0.15540307376956747,-0.6423434386547656,0.0,1.7417700788909365,-0.9318152953044371,0.4956390393367183,-0.638325571740905,1.6167686236700805,1.6215115856271138,-1.518760037302426,0.0,1.0,0
-0.5886990427522983,-0.6042900373366937,0.739184984044019,-0.25664780805271603,0.11617246831405359,0.0,-1.0121980279265403,1.1546627411415114,-0.5069178038222568,-0.638325571740905,-0.8290541729696862,-1.0487421576863714,1.256795002231786,0.0,1.0,0
1.0297913338506186,0.13892692334074994,1.376529237278852,1.5860063559006243,1.6964391785924606,0.0,-0.09420865898738136,0.4591700623261951,1.4981958824956936,1.5665986829772471,-0.08467332181845284,0.2863847139703712,0.3646523109529321,1.0,0.0,0
0.06170226243428509,1.4067676209669773,-0.7710671885187135,-0.8944896340365684,-0.2608141167673115,0.0,-0.5532033434569608,0.4591700623261951,-0.005639382242769227,-0.638325571740905,-0.5100338081905862,-1.0487421576863714,1.0585410708364849,1.0,0.0,0
1.581451846830658,0.6198320155438017,1.2141563708335001,-0.02378491920147248,1.9864474962932273,0.0,-0.09420865898738136,0.8069164017338532,-0.5069178038222568,-0.638325571740905,0.02166679977458048,0.2863847139703712,0.8419302939416196,1.0,0.0,0
1.6394083987779773,-0.07966630038790996,0.8767252577517535,0.5431855927841741,1.5982554937568414,0.0,-1.0121980279265403,1.2705781876107307,-0.005639382242769227,-0.638325571740905,-0.8290541729696862,-1.0487421576863714,-1.4453326553041663,1.0,0.0,1
-0.21949434145826419,-0.03594765564217798,0.7011288434708898,-0.22627438776777328,0.42053583432206415,0.0,0.8237807099517775,1.734239973487608,-1.0081962254017445,-0.638325571740905,1.0850680157049137,0.2863847139703712,1.271480478631438,1.0,0.0,0
-0.40409669210528126,0.4886760813066058,0.8603495851414978,1.515135041902422,0.5580899048104602,0.0,-0.09420865898738136,-1.0477307417736565,-1.509474646981232,-0.638325571740905,-0.19101344341148618,0.2863847139703712,-1.324177475007038,1.0,0.0,0
-0.17012394535499217,0.4449574365608738,1.1987032713280477,1.0190358439149814,0.9470087452358208,0.0,0.8237807099517775,0.11142372291853707,-1.0081962254017445,-0.638325571740905,0.8723877725188471,0.2863847139703712,-0.7808148482199171,1.0,0.0,0
-0.5886990427522983,-0.2108222346251059,-0.6633567785329475,0.37106954450281604,-0.901582285722285,0.0,-1.4711927123961197,-1.3954770811813144,0.9969174609162059,1.5665986829772471,-1.6797751457139527,-1.0487421576863714,-1.382919380605646,0.0,1.0,0
-0.5865525037912865,-0.5605713925909617,-0.7190186891894034,1.4543882013325293,-1.0217528166993783,0.0,-0.5532033434569608,-1.5113925276505338,-1.509474646981232,-0.638325571740905,-0.7227140513766528,-1.0487421576863714,-0.9056413976169587,1.0,0.0,0
-0.08211584795350736,1.6690794894413692,-0.6209952968040703,-0.07440728634304498,-0.16559835331167125,0.0,-0.09420865898738136,0.9228318482030725,-0.005639382242769227,-0.638325571740905,0.02166679977458048,0.2863847139703712,-0.8028430628193953,1.0,0.0,0
-0.5543544193761091,-1.0414764847940134,0.12290615003552476,-1.0058588417480336,-0.44688461634474586,0.0,0.8237807099517775,0.11142372291853707,-1.0081962254017445,-0.638325571740905,0.8723877725188471,0.2863847139703712,-0.7661293718202652,1.0,0.0,0
-0.5221563349609317,-1.3475069980141374,-0.17562313046035657,-2.1802977594325825,-0.7317444989986114,0.0,-0.5532033434569608,-0.004491723550682283,1.4981958824956936,1.5665986829772471,-0.6163739297836195,-1.0487421576863714,-1.6142156339001634,0.0,1.0,0
-0.6187505882064639,0.051489633849285975,0.8014586686182308,-0.6312533249003749,0.29364205287195827,0.0,-1.4711927123961197,-1.5113925276505338,0.4956390393367183,-0.638325571740905,-1.6797751457139527,-1.0487421576863714,0.838258924841706,0.0,1.0,0
-0.5886990427522983,0.9258625287639255,-0.043925819749708814,-2.1701732860042657,-0.16160074492231208,0.0,-1.0121980279265403,-0.35223806295834037,-0.005639382242769227,-0.638325571740905,-1.041734416155753,-1.0487421576863714,0.27286808345510777,0.0,1.0,1
-0.5285959518439672,-0.7354459715738897,-0.6509020416181052,-1.1476014697444452,-0.9741449349715582,0.0,-1.4711927123961197,-0.9318152953044371,-0.5069178038222568,-0.638325571740905,-1.5734350241209194,-1.0487421576863714,-1.3645625351060808,0.0,1.0,0
-0.5586474972981328,0.1826455680864819,0.6622270108850242,0.5431855927841741,0.24694271850535582,0.0,1.282775394421357,0.34325461585697575,0.9969174609162059,1.5665986829772471,1.2977482588909803,1.6215115856271138,-0.6596596679227891,1.0,0.0,1
3.601345009142787,-1.3037883532684054,-0.21752332563683222,-1.0058588417480336,1.5720287599296834,0.0,-1.0121980279265403,-0.9318152953044371,0.9969174609162059,1.5665986829772471,-1.1480745377487862,-1.0487421576863714,-1.2580928312086046,1.0,0.0,0
0.8387493663205662,-0.12338494513364194,-0.7494636016479067,1.7378734573253527,-0.14445948470733347,0.0,0.8237807099517775,-0.35223806295834037,0.4956390393367183,-0.638325571740905,0.7660476509258137,0.2863847139703712,-1.1956795565100837,1.0,0.0,0
-0.5371821076880146,-1.2163510637769415,-0.6371403261381251,-0.560382010902169,-1.074751412770425,0.0,-1.4711927123961197,-0.9318152953044371,-0.5069178038222568,-0.638325571740905,-1.5734350241209194,-1.0487421576863714,0.9337145214394436,0.0,1.0,0
-0.47063939989664794,0.7072693050352656,-1.950807546285723,0.5431855927841741,-1.645743144383861,0.0,-1.0121980279265403,-1.5113925276505338,-1.509474646981232,-0.638325571740905,-1.1480745377487862,-1.0487421576863714,0.5408780277487553,1.0,0.0,0
-0.6380694388555704,0.09520827859501796,1.2830418293254675,0.24957586336303772,0.6718400344349467,0.0,-0.09420865898738136,1.3864936340799499,-1.509474646981232,-0.638325571740905,0.1280069213676138,0.2863847139703712,-1.3865907497055587,1.0,0.0,1
-0.5844059648302747,0.051489633849285975,-1.1204917519629012,1.67712661675546,-1.2011606356278814,0.0,1.282775394421357,0.5750855087954145,-1.509474646981232,-0.638325571740905,1.4040883804840139,1.6215115856271138,-0.39899246182896747,1.0,0.0,1
3.7151115740764133,0.2263642128322139,-0.66704707095216,-0.11490518005630801,1.621272026907696,0.0,0.8237807099517775,-0.8158998488352177,-1.509474646981232,-0.638325571740905,0.7660476509258137,0.2863847139703712,1.2017244657330914,1.0,0.0,1
-0.6080178934014048,0.9695811735096576,-0.10696831524459008,-0.681875692041951,-0.21247939715051684,0.0,0.3647860254821981,-1.163646188242876,-1.0081962254017445,-0.638325571740905,0.23434704296064715,0.2863847139703712,0.06360004476006775,0.0,1.0,0
-0.6208971271674758,-0.6480086820824257,1.2123112246238938,-2.1701732860042657,0.4610570466323841,0.0,-0.5532033434569608,1.5024090805491692,0.9969174609162059,1.5665986829772471,-0.40369368659755284,-1.0487421576863714,-0.7477725263207006,0.0,1.0,1
-0.4663463219746242,0.9695811735096576,-0.16739685360919535,-0.3173946486226088,-0.18013511109115832,0.0,-0.09420865898738136,0.22733916938775642,0.4956390393367183,-0.638325571740905,-0.08467332181845284,0.2863847139703712,0.6767186844455352,1.0,0.0,0
0.3042611650286214,0.09520827859501796,1.486315436750425,-0.0946562331996783,1.363789704738531,0.0,-0.5532033434569608,1.2705781876107307,-0.005639382242769227,-0.638325571740905,-0.40369368659755284,-1.0487421576863714,-0.85791359931809,1.0,0.0,1
-0.5200097959999199,-0.5605713925909617,-1.0230834083141034,-0.18577649405451382,-1.2237531800101673,0.0,-0.5532033434569608,-0.23632261648912098,0.4956390393367183,-0.638325571740905,-0.6163739297836195,-1.0487421576863714,1.8148431054185585,0.0,1.0,0
-0.5844059648302747,1.5816421999499053,1.266281751254877,-0.995734368319717,1.0184205678275509,0.0,-0.5532033434569608,1.8501554199568273,-1.0081962254017445,-0.638325571740905,-0.2973535650045195,-1.0487421576863714,-0.68535925162218,1.0,0.0,0
-0.5844059648302747,-0.7354459715738897,-0.7754494107665285,-0.7628714794684698,-1.1037643585053178,0.0,0.3647860254821981,0.22733916938775642,1.4981958824956936,1.5665986829772471,0.3406871645536805,0.2863847139703712,0.026886353760938092,1.0,0.0,0
0.029504178019107617,-0.29825952411656986,0.8851052967870484,1.3835168873343235,0.6478543840987928,0.0,0.3647860254821981,1.2705781876107307,-1.0081962254017445,-0.638325571740905,0.5533674077397471,0.2863847139703712,0.8566157703412715,1.0,0.0,0
-0.605871354440393,1.0132998182553896,-1.1191847733977633,-1.0868546291745524,-0.9990391326689297,0.0,-0.09420865898738136,-0.6999844023659983,-0.005639382242769227,-0.638325571740905,-0.19101344341148618,0.2863847139703712,0.12968468855850152,0.0,1.0,0
1.1693163663163875,-0.9540391953025495,-0.6146141661625152,-0.7932448997534162,-0.035797220305667836,0.0,1.7417700788909365,-0.23632261648912098,-0.005639382242769227,-0.638325571740905,1.7231087452631138,1.6215115856271138,-1.206693663809823,1.0,0.0,0
-0.530742490804979,1.1444557524925854,1.2170778523320434,-0.3173946486226088,0.9130290739262695,0.0,0.8237807099517775,0.11142372291853707,-1.0081962254017445,-0.638325571740905,0.8723877725188471,0.2863847139703712,0.32793861995380247,0.0,1.0,0
-0.5522078804150974,-0.5605713925909617,-1.9308953434403886,0.24957586336303772,-1.9571326099852902,0.0,-0.09420865898738136,0.5750855087954145,-1.509474646981232,-0.638325571740905,0.02166679977458048,0.2863847139703712,-0.14566799393497187,0.0,1.0,1
-0.5865525037912865,-0.6917273268281576,-0.7651473444295602,-2.1904222328608958,-1.0871682267070701,0.0,-0.09420865898738136,-0.23632261648912098,-1.509474646981232,-0.638325571740905,-0.08467332181845284,0.2863847139703712,0.18475522505719622,0.0,1.0,0
-0.5285959518439672,0.1826455680864819,1.306951848958282,-1.6943230348734586,0.7718408139930016,0.0,1.282775394421357,0.8069164017338532,-0.5069178038222568,-0.638325571740905,1.4040883804840139,1.6215115856271138,-0.8248712774188731,0.0,1.0,0
-0.6573882895046768,-0.42941545835376577,0.7013594867470908,1.2215253124812822,0.08637211486610465,0.0,0.8237807099517775,1.6183245270183886,-1.509474646981232,-0.638325571740905,1.0850680157049137,0.2863847139703712,1.054869701736572,1.0,0.0,0
-0.40409669210528126,0.9695811735096576,0.9519918468852756,0.016712974511790556,0.736892025498151,0.0,-0.5532033434569608,-1.5113925276505338,-1.509474646981232,-0.638325571740905,-0.7227140513766528,-1.0487421576863714,1.3963070280284793,1.0,0.0,0
-0.5522078804150974,1.1881743972383174,0.008660847224069717,-0.9248630543215112,-0.04143021394521919,0.0,0.3647860254821981,-0.9318152953044371,-0.005639382242769227,-0.638325571740905,0.23434704296064715,0.2863847139703712,1.1282970837348314,0.0,1.0,1
0.606923158531289,-1.2163510637769415,-1.2620298424581156,-0.5097596437605929,-0.9213886181968364,0.0,-1.4711927123961197,-0.9318152953044371,-0.5069178038222568,-0.638325571740905,-1.5734350241209194,-1.0487421576863714,1.7083734015210825,1.0,0.0,1
3.695792723427307,-0.6042900373366937,-1.8113452452763157,-0.06428281291473192,0.5247159317417215,0.0,-1.0121980279265403,-1.163646188242876,-0.005639382242769227,-0.638325571740905,-1.1480745377487862,-1.0487421576863714,0.6730473153456223,1.0,0.0,0
-0.5951386596353339,-1.3475069980141374,-1.0422268002387685,-2.038555131436171,-1.4556750364170674,0.0,0.3647860254821981,-1.5113925276505338,0.9969174609162059,1.5665986829772471,0.1280069213676138,0.2863847139703712,-1.5995301575005116,0.0,1.0,0
-0.49210478950676617,-0.8228832610653536,-0.7281675391453678,-1.3703398851673758,-1.0338062116915363,0.0,1.7417700788909365,-1.6273079741197531,0.9969174609162059,1.5665986829772471,1.5104285020770472,1.6215115856271138,0.01954361556111216,0.0,1.0,1
-0.5908455817133101,0.2263642128322139,1.0133429583546842,-0.2161499143394566,0.515085329712811,0.0,0.3647860254821981,0.11142372291853707,0.9969174609162059,1.5665986829772471,0.3406871645536805,0.2863847139703712,0.7831883883430114,0.0,1.0,0
0.32787309359975153,0.8384252392724616,1.074694069824093,-0.05415833948641526,1.2175741494065238,0.0,-1.0121980279265403,0.22733916938775642,-1.0081962254017445,-0.638325571740905,-0.9353942945627195,-1.0487421576863714,1.220081311232656,1.0,0.0,0
-0.6659744453487241,1.2318930419840495,-0.710869293430309,-1.5019580397354708,-0.6628160391942101,0.0,-1.0121980279265403,-1.5113925276505338,-1.509474646981232,-0.638325571740905,-1.1480745377487862,-1.0487421576863714,-0.8872845521173937,0.0,1.0,1
1.077015190992879,1.5379235552041732,-0.23013182473580854,-0.9856098948914039,0.7674192168350743,0.0,0.8237807099517775,-0.8158998488352177,-1.509474646981232,-0.638325571740905,0.7660476509258137,0.2863847139703712,1.3706074443290883,1.0,0.0,0
-0.4083897700273049,-0.07966630038790996,1.0489389039816719,-0.07440728634304498,0.5782596562294986,0.0,-1.0121980279265403,0.4591700623261951,-0.005639382242769227,-0.638325571740905,-0.9353942945627195,-1.0487421576863714,-1.4269758098046015,1.0,0.0,0
-0.530742490804979,-0.9977578400482815,-0.7125606774557814,0.006588501083473899,-1.0820803614842496,0.0,-1.4711927123961197,1.8501554199568273,0.9969174609162059,1.5665986829772471,-1.2544146593418195,-1.0487421576863714,-0.9239982431165233,1.0,0.0,0
2.010759639033023,0.051489633849285975,-0.8345709705659962,-0.681875692041951,0.4886768864134098,0.0,-0.09420865898738136,1.2705781876107307,1.4981958824956936,1.5665986829772471,0.02166679977458048,0.2863847139703712,-1.1369376509114761,1.0,0.0,1
-0.4277086206764114,-1.6972561559799932,-0.1753924871841558,-0.7527470060401568,-0.7557907191588461,0.0,-0.5532033434569608,-1.5113925276505338,-1.509474646981232,-0.638325571740905,-0.7227140513766528,-1.0487421576863714,0.6032913024472758,1.0,0.0,1
0.26347692476939677,-1.2163510637769415,-1.439625165132719,0.806421901920364,-1.255128348884227,0.0,-0.5532033434569608,-1.2795616347120953,-0.5069178038222568,-0.638325571740905,-0.7227140513766528,-1.0487421576863714,1.194381727533265,1.0,0.0,1
-0.4641997830136124,-0.9103205505568176,1.263590913032535,0.23945138993472107,0.5317420313351399,0.0,-0.09420865898738136,1.2705781876107307,1.4981958824956936,1.5665986829772471,0.02166679977458048,0.2863847139703712,-1.2397359857090395,1.0,0.0,1
-0.6337763609335467,-0.9977578400482815,-0.7626102683913515,1.7277489838970361,-1.1796583480790568,0.0,-1.4711927123961197,-1.0477307417736565,-1.0081962254017445,-0.638325571740905,-1.5734350241209194,-1.0487421576863714,-0.03552692093758252,1.0,0.0,0
-0.6466555946996178,1.4942049104584412,0.3005783538021954,-0.9754854214630873,0.20309016587057002,0.0,-1.4711927123961197,-1.5113925276505338,0.4956390393367183,-0.638325571740905,-1.6797751457139527,-1.0487421576863714,-0.08325471923645127,0.0,1.0,1
2.596764775389252,-0.47313410309949777,1.3446235840710767,1.4847616216174757,2.4199457272423484,0.0,1.282775394421357,1.1546627411415114,0.9969174609162059,1.5665986829772471,1.4040883804840139,1.6215115856271138,-0.04654102823732161,1.0,0.0,0
-0.5886990427522983,0.051489633849285975,1.5266011289934953,-0.4388883297623907,0.8818961843485349,0.0,-0.09420865898738136,-0.4681535094275597,0.9969174609162059,1.5665986829772471,-0.19101344341148618,0.2863847139703712,-0.9827401487151312,0.0,1.0,0
-0.6123109713234285,-1.3475069980141374,0.7161206564239406,0.10783323536662609,-0.08007376170902188,0.0,1.7417700788909365,-0.35223806295834037,-0.5069178038222568,-0.638325571740905,1.7231087452631138,1.6215115856271138,-0.013498706338104726,0.0,1.0,0
-0.3418470622359383,1.5379235552041732,0.8433588637947065,-0.12502965348462108,0.8124225961274031,0.0,0.3647860254821981,-1.163646188242876,-1.0081962254017445,-0.638325571740905,0.23434704296064715,0.2863847139703712,1.4256779808277829,1.0,0.0,1
2.9123060026579908,-0.29825952411656986,1.0603173056075774,1.424014781047583,2.4127984880007665,0.0,-0.09420865898738136,0.34325461585697575,0.9969174609162059,1.5665986829772471,-0.08467332181845284,0.2863847139703712,1.282494585931177,1.0,0.0,0
-0.6166040492454521,-1.740974800725725,-1.6122232168229722,-0.02378491920147248,-2.0040742236482174,0.0,-0.5532033434569608,-0.35223806295834037,-0.005639382242769227,-0.638325571740905,-0.6163739297836195,-1.0487421576863714,-0.8799418139175678,0.0,1.0,0
0.14756382087475814,0.3575201470694098,-1.297472025900969,1.1810274187680228,-0.8596679674580975,0.0,0.3647860254821981,-1.2795616347120953,-1.509474646981232,-0.638325571740905,0.23434704296064715,0.2863847139703712,-1.6252297411999024,1.0,0.0,0
-0.6080178934014048,-0.47313410309949777,-0.3797424298980504,0.12808218222325582,-0.7471898041393163,0.0,1.282775394421357,0.8069164017338532,-0.5069178038222568,-0.638325571740905,1.4040883804840139,1.6215115856271138,-0.6302887151234853,0.0,1.0,0
0.357924639053917,0.7947065945267296,1.740023040571287,-0.0946562331996783,1.7490137858949384,0.0,0.8237807099517775,1.6183245270183886,-1.509474646981232,-0.638325571740905,1.0850680157049137,0.2863847139703712,1.6716597105219526,1.0,0.0,0
-0.6380694388555704,1.0570184630011215,-0.875394830453535,-0.9552364746064576,-0.8154519958788243,0.0,-1.0121980279265403,0.4591700623261951,-0.005639382242769227,-0.638325571740905,-0.9353942945627195,-1.0487421576863714,0.6583618389459706,0.0,1.0,0
-0.2774508934055835,1.1007371077468535,1.21015855404602,-0.9349875277498279,1.0408314027375933,0.0,0.3647860254821981,-0.23632261648912098,-0.5069178038222568,-0.638325571740905,0.3406871645536805,0.2863847139703712,0.01954361556111216,1.0,0.0,1
0.2870888533405269,1.1444557524925854,-1.9621090668195615,-0.40851490947744434,-1.1301122319806383,0.0,-0.5532033434569608,-1.163646188242876,-0.005639382242769227,-0.638325571740905,-0.7227140513766528,-1.0487421576863714,-0.0905974574362772,1.0,0.0,1
-0.5715267310642037,0.09520827859501796,0.18602552662247246,1.5860063559006243,-0.1548774944492991,0.0,-0.5532033434569608,0.11142372291853707,-1.509474646981232,-0.638325571740905,-0.5100338081905862,-1.0487421576863714,-1.54813099010173,1.0,0.0,0
-0.5114236401558726,-1.2163510637769415,0.7710137561597274,-0.9451120011781445,0.04918224288025044,0.0,-0.09420865898738136,1.6183245270183886,-0.5069178038222568,-0.638325571740905,0.1280069213676138,0.2863847139703712,1.6643169723221263,0.0,1.0,1
2.5323686065588973,-0.07966630038790996,-0.7127144396399151,-0.8742406871799386,0.8499758870577447,0.0,0.8237807099517775,0.4591700623261951,0.4956390393367183,-0.638325571740905,0.8723877725188471,0.2863847139703712,-0.68535925162218,1.0,0.0,0
-0.07138315314844818,-1.0851951295397455,1.3964414401241863,-0.4996351703322799,0.8193275560726593,0.0,-0.09420865898738136,0.6910009552646338,-1.0081962254017445,-0.638325571740905,0.02166679977458048,0.2863847139703712,1.4660630409268258,1.0,0.0,1
0.868800911774732,-1.6098188664885291,-0.7641478902326901,1.0392847907716112,-0.4685686133658142,0.0,-1.0121980279265403,1.1546627411415114,-0.5069178038222568,-0.638325571740905,-0.8290541729696862,-1.0487421576863714,0.33528135815362836,1.0,0.0,0
-0.5607940362591447,-0.7791646163196216,-1.6631953808633457,-0.37814148919249796,-1.7995299277260177,0.0,0.3647860254821981,-1.0477307417736565,-0.5069178038222568,-0.638325571740905,0.23434704296064715,0.2863847139703712,-1.2874637840079084,0.0,1.0,0
-0.3418470622359383,-0.07966630038790996,1.0263358629139951,-0.7426225326118401,0.5980054188799688,0.0,1.282775394421357,-0.9318152953044371,-1.0081962254017445,-0.638325571740905,1.191408137297947,1.6215115856271138,-1.5848446811008594,1.0,0.0,1
0.6477073987905138,0.9258625287639255,1.1335081052552927,1.6163797761855707,1.463790484296586,0.0,-0.5532033434569608,1.038747294672292,-1.0081962254017445,-0.638325571740905,-0.40369368659755284,-1.0487421576863714,-0.9937542560148699,1.0,0.0,0
-0.6767071401537833,-1.3912256427598693,0.8053796043136441,-1.4108377788806352,-0.05578526225246256,0.0,-0.5532033434569608,-0.5840689558967791,-1.0081962254017445,-0.638325571740905,-0.6163739297836195,-1.0487421576863714,-1.001096994214696,0.0,1.0,1
-0.5092771011948608,1.4504862657127093,0.24022669652965675,-1.167850416601075,0.22338105693777074,0.0,1.282775394421357,-1.2795616347120953,0.9969174609162059,1.5665986829772471,1.0850680157049137,1.6215115856271138,-0.997425625114783,0.0,1.0,1
-0.45346708820855336,-0.5605713925909617,-1.927512575389444,0.34069612421787326,-1.8987432995710172,0.0,0.3647860254821981,0.11142372291853707,0.9969174609162059,1.5665986829772471,0.3406871645536805,0.2863847139703712,1.00347053433779,1.0,0.0,0
-0.4191224648323641,0.4449574365608738,1.123744206562793,-0.45913727661902043,0.7474311748882796,0.0,1.7417700788909365,-1.5113925276505338,1.4981958824956936,1.5665986829772471,1.5104285020770472,1.6215115856271138,-0.5348331185257478,0.0,1.0,0
-0.6380694388555704,0.7947065945267296,0.10314770937432433,-1.9778082908662817,-0.10266630609130814,0.0,0.8237807099517775,-1.0477307417736565,0.9969174609162059,1.5665986829772471,0.6597075293327804,0.2863847139703712,0.13702742675832746,0.0,1.0,0
0.160443054640829,-0.9977578400482815,0.4038296604480792,-0.2870212283376624,0.18752372108170218,0.0,-0.5532033434569608,-0.9318152953044371,0.9969174609162059,1.5665986829772471,-0.7227140513766528,-1.0487421576863714,1.6496314959224745,1.0,0.0,0
-0.009133523279105197,0.5761133707980697,-1.392650817879826,1.4645126747608461,-0.9746294935642078,0.0,-0.09420865898738136,0.5750855087954145,-1.509474646981232,-0.638325571740905,0.02166679977458048,0.2863847139703712,1.756101199819951,1.0,0.0,0
-0.6337763609335467,0.6635506602895337,-0.7094085526810374,-0.03390939262978554,-0.7694794994011964,0.0,1.7417700788909365,-1.2795616347120953,-1.0081962254017445,-0.638325571740905,1.6167686236700805,1.6215115856271138,-0.7514438954206134,0.0,1.0,0
0.7636205026851524,-1.740974800725725,-1.6714985388065737,1.4746371481891591,-1.2718456203306372,0.0,0.3647860254821981,-0.4681535094275597,-1.509474646981232,-0.638325571740905,0.3406871645536805,0.2863847139703712,-0.47609121292713996,1.0,0.0,0
2.79424635980234,-1.0414764847940134,-0.9394367801452858,0.7557995347787915,0.6059400658346051,0.0,1.282775394421357,-1.2795616347120953,0.9969174609162059,1.5665986829772471,1.0850680157049137,1.6215115856271138,-1.5701592047012076,1.0,0.0,0
-0.42556208171539955,-0.9977578400482815,-1.416407075328507,-1.2690951508842236,-1.577238673348028,0.0,-1.0121980279265403,0.22733916938775642,-1.0081962254017445,-0.638325571740905,-0.9353942945627195,-1.0487421576863714,1.1539966674342224,0.0,1.0,1
-0.5157167180778963,-1.2163510637769415,1.4460297445073547,0.19895349622146163,0.5785625053499046,0.0,0.3647860254821981,-1.0477307417736565,-0.5069178038222568,-0.638325571740905,0.23434704296064715,0.2863847139703712,0.9227004141397053,1.0,0.0,0
0.08746072996642694,0.2263642128322139,0.43150685359217344,-0.9653609480347742,0.4394941892594781,0.0,-1.4711927123961197,-0.12040717001990163,-0.5069178038222568,-0.638325571740905,-1.467094902527886,-1.0487421576863714,1.102597500035441,1.0,0.0,1
-0.5586474972981328,-1.2600697085226733,-1.2654126105090604,-0.681875692041951,-1.5915331518311904,0.0,0.8237807099517775,-0.35223806295834037,0.4956390393367183,-0.638325571740905,0.7660476509258137,0.2863847139703712,-1.2103650329097357,0.0,1.0,0
-0.5350355687270028,0.0077709891035539986,-1.8389455573283429,-1.289344097740857,-1.7490146944423004,0.0,-0.09420865898738136,-0.35223806295834037,1.4981958824956936,1.5665986829772471,-0.19101344341148618,0.2863847139703712,0.7648315428434467,0.0,1.0,0
-0.5758198089862274,0.0077709891035539986,-1.4454681281298054,-1.9575593440096521,-1.462034867945593,0.0,0.8237807099517775,-0.23632261648912098,0.9969174609162059,1.5665986829772471,0.7660476509258137,0.2863847139703712,-1.4196330716047754,0.0,1.0,0
-0.5672336531421801,-1.6098188664885291,-0.7310121395518442,1.768246877610299,-1.2528872653932226,0.0,0.3647860254821981,0.34325461585697575,-1.509474646981232,-0.638325571740905,0.4470272861467138,0.2863847139703712,1.8405426891179495,1.0,0.0,0
-0.39551053626123395,-0.42941545835376577,-0.9752633690484741,1.0696582110565576,-1.0867442379385017,0.0,0.8237807099517775,-0.5840689558967791,-0.5069178038222568,-0.638325571740905,0.7660476509258137,0.2863847139703712,-0.82119990831896,1.0,0.0,1
1.2315659961857306,-0.6042900373366937,0.831211651248132,0.5229366459275443,1.2159387641563315,0.0,1.282775394421357,1.8501554199568273,0.4956390393367183,-0.638325571740905,1.5104285020770472,1.6215115856271138,-0.7551152645205266,1.0,0.0,1
-0.6208971271674758,-0.9977578400482815,0.3945270483079811,0.5330611193558574,-0.26075354694323005,0.0,0.3647860254821981,0.34325461585697575,-1.509474646981232,-0.638325571740905,0.4470272861467138,0.2863847139703712,-1.0414820543137386,0.0,1.0,1
1.5170556780003035,0.8384252392724616,-0.5221262124060008,-0.3477680689075552,0.6306525540597333,0.0,-1.0121980279265403,0.11142372291853707,-1.509474646981232,-0.638325571740905,-0.9353942945627195,-1.0487421576863714,1.0511983326366592,1.0,0.0,0
-0.6101644323624166,1.4067676209669773,1.1375059220427728,-0.24652333462440298,0.8636646673000947,0.0,-0.5532033434569608,-0.23632261648912098,0.4956390393367183,-0.638325571740905,-0.6163739297836195,-1.0487421576863714,-0.9093127667168714,0.0,1.0,0
-0.5758198089862274,1.3193303314755134,-0.3133940474442914,1.5860063559006243,-0.27940905276023853,0.0,-0.09420865898738136,-0.8158998488352177,-0.5069178038222568,-0.638325571740905,-0.19101344341148618,0.2863847139703712,-0.12731114843540686,1.0,0.0,0
-0.6337763609335467,0.27008285757794587,-0.21021962189047416,0.2900737570762972,-0.4634201783189125,0.0,1.282775394421357,-0.4681535094275597,0.9969174609162059,1.5665986829772471,1.191408137297947,1.6215115856271138,-1.2801210458080823,0.0,1.0,1
-0.6359228998945585,-0.07966630038790996,0.7792400330108887,1.7277489838970361,0.23737268630052671,0.0,-1.0121980279265403,-1.3954770811813144,-1.0081962254017445,-0.638325571740905,-1.1480745377487862,-1.0487421576863714,-0.9093127667168714,1.0,0.0,1
-0.6015782765183694,-0.3856968136080338,1.2707408545947592,-0.5806309577587988,0.5761397123866567,0.0,-0.5532033434569608,1.3864936340799499,0.4956390393367183,-0.638325571740905,-0.40369368659755284,-1.0487421576863714,-0.8248712774188731,0.0,1.0,1
-0.6144575102844403,-0.42941545835376577,-0.018247534999355067,-0.39839043604912766,-0.45633350890141267,0.0,-1.4711927123961197,-0.004491723550682283,-0.005639382242769227,-0.638325571740905,-1.467094902527886,-1.0487421576863714,-0.5164762730261828,0.0,1.0,0
-0.5908455817133101,-1.6972561559799932,-1.1245664498424484,-0.12502965348462108,-1.5956518998687117,0.0,-0.09420865898738136,0.5750855087954145,-1.509474646981232,-0.638325571740905,0.02166679977458048,0.2863847139703712,-0.17136757763436283,0.0,1.0,0
-0.5500613414540855,-1.3912256427598693,1.3187915371365893,1.424014781047583,0.4201724153775767,0.0,1.7417700788909365,-0.12040717001990163,0.4956390393367183,-0.638325571740905,1.7231087452631138,1.6215115856271138,0.9373858905393571,1.0,0.0,0
-0.09499508171957824,1.2756116867297813,1.3603073268527301,0.047086394796733336,1.3008576575181685,0.0,-0.09420865898738136,-0.6999844023659983,-0.005639382242769227,-0.638325571740905,-0.19101344341148618,0.2863847139703712,0.2875535598547596,1.0,0.0,0
-0.2924766661326664,-0.7791646163196216,1.2656667025183417,0.14833112907988552,0.6593626506742201,0.0,0.8237807099517775,-0.004491723550682283,-1.509474646981232,-0.638325571740905,0.8723877725188471,0.2863847139703712,1.627603281322997,1.0,0.0,0
-0.5650871141811682,0.0077709891035539986,1.2285331350500157,-1.7550698754433476,0.6507011658306094,0.0,1.282775394421357,-1.6273079741197531,-0.5069178038222568,-0.638325571740905,1.0850680157049137,1.6215115856271138,-1.2984778913076471,0.0,1.0,0
1.0362309507336542,0.3575201470694098,-1.6342880902461805,1.7378734573253527,-0.6235062233655138,0.0,-0.09420865898738136,1.5024090805491692,-1.0081962254017445,-0.638325571740905,0.1280069213676138,0.2863847139703712,-1.3608911660061678,1.0,0.0,1
0.7764997364512233,-0.07966630038790996,-0.5765580255893858,-0.7223735857552104,-0.03367727646282597,0.0,0.3647860254821981,1.2705781876107307,-1.0081962254017445,-0.638325571740905,0.5533674077397471,0.2863847139703712,-1.2911351531078212,1.0,0.0,0
-0.030598912889223482,1.6253608446956371,0.02396018454538845,-0.6312533249003749,0.3619042446114662,0.0,1.7417700788909365,-0.9318152953044371,0.4956390393367183,-0.638325571740905,1.6167686236700805,1.6215115856271138,-1.357219796906255,1.0,0.0,0
-0.45346708820855336,0.3575201470694098,-0.12803373447092797,-1.6335761943035694,-0.27753138821372125,0.0,-0.09420865898738136,-1.3954770811813144,0.4956390393367183,-0.638325571740905,-0.2973535650045195,0.2863847139703712,-0.3696215090296638,0.0,1.0,0
0.0509695676292259,0.7947065945267296,0.5379102850128016,0.5533100662124871,0.6287143196891352,0.0,-0.09420865898738136,-0.12040717001990163,-1.0081962254017445,-0.638325571740905,-0.08467332181845284,0.2863847139703712,-0.5531899640253124,1.0,0.0,0
0.2742096195744559,0.5323947260523377,0.613484398514592,1.2012763656246526,0.7560926597318907,0.0,0.8237807099517775,-1.0477307417736565,0.9969174609162059,1.5665986829772471,0.6597075293327804,0.2863847139703712,-1.2213791402094747,1.0,0.0,1
-0.45990670509158876,0.3575201470694098,1.0347927830413572,0.4520653319293385,0.6349530115694985,0.0,-0.09420865898738136,0.9228318482030725,-0.005639382242769227,-0.638325571740905,0.02166679977458048,0.2863847139703712,-1.0781957453128685,0.0,1.0,1
-0.6380694388555704,0.9258625287639255,0.38015028409146556,-1.5424559334487338,0.14464028563221576,0.0,0.8237807099517775,0.6910009552646338,1.4981958824956936,1.5665986829772471,0.8723877725188471,0.2863847139703712,-0.8468994920183509,0.0,1.0,1
-0.5457682635320618,-0.12338494513364194,1.0428652977083843,0.6849282207805857,0.48625409345016196,0.0,-0.09420865898738136,-0.8158998488352177,-0.5069178038222568,-0.638325571740905,-0.19101344341148618,0.2863847139703712,0.3205958817539765,0.0,1.0,0
-0.6101644323624166,-0.47313410309949777,-0.7606882410896783,-1.3602154117390628,-1.0485246789432672,0.0,-0.09420865898738136,-1.3954770811813144,0.4956390393367183,-0.638325571740905,-0.2973535650045195,0.2863847139703712,-0.6816878825222669,0.0,1.0,0
2.186775833835993,1.4942049104584412,-1.9504231408253883,1.667002143327147,0.028709642340806044,0.0,0.3647860254821981,-0.4681535094275597,-1.509474646981232,-0.638325571740905,0.3406871645536805,0.2863847139703712,1.5945609594237797,1.0,0.0,0
-0.5028374843118253,0.27008285757794587,0.970750833349606,-1.0261077886046635,0.5408880747714008,0.0,-1.0121980279265403,1.3864936340799499,0.4956390393367183,-0.638325571740905,-0.8290541729696862,-1.0487421576863714,-0.7808148482199171,0.0,1.0,0
-0.26242512067850077,0.6198320155438017,-0.38873751766988085,-0.25664780805271603,-0.3169623436905802,0.0,0.8237807099517775,-0.23632261648912098,0.9969174609162059,1.5665986829772471,0.7660476509258137,0.2863847139703712,1.054869701736572,1.0,0.0,0
2.0708627299413545,0.4012387918151418,-1.8161118729844652,1.6265042496138875,-0.17316958132182075,0.0,0.8237807099517775,0.11142372291853707,-1.0081962254017445,-0.638325571740905,0.8723877725188471,0.2863847139703712,0.5739203496479718,1.0,0.0,0
-0.4641997830136124,1.4504862657127093,0.09069297245948196,0.5330611193558574,0.13101207521394664,0.0,-1.0121980279265403,-0.23632261648912098,0.4956390393367183,-0.638325571740905,-1.041734416155753,-1.0487421576863714,0.4931502294498865,1.0,0.0,1
-0.4191224648323641,-0.9103205505568176,0.3569321942872534,0.8266708487769937,-0.1571185779403038,0.0,0.3647860254821981,0.6910009552646338,-0.005639382242769227,-0.638325571740905,0.4470272861467138,0.2863847139703712,1.34857922972961,1.0,0.0,1
-0.580112886908251,1.7127981341871013,0.12090724164178471,0.5836834864974335,0.14754763718811273,0.0,0.8237807099517775,-0.6999844023659983,-1.0081962254017445,-0.638325571740905,0.7660476509258137,0.2863847139703712,-0.22276674503314436,0.0,1.0,0
-0.26242512067850077,1.4067676209669773,0.8196026063460259,-1.0058588417480336,0.8094546747474242,0.0,0.3647860254821981,0.22733916938775642,1.4981958824956936,1.5665986829772471,0.3406871645536805,0.2863847139703712,0.9667568433386609,1.0,0.0,0
-0.507130562233849,0.6635506602895337,1.2380663904663147,0.8165463753486807,0.8362871068153942,0.0,-1.0121980279265403,0.8069164017338532,1.4981958824956936,1.5665986829772471,-0.9353942945627195,-1.0487421576863714,0.570248980548059,1.0,0.0,0
-0.47493247781867154,-1.4786629322513334,-1.6204494936741334,0.6241813802106929,-1.872455995919778,0.0,0.3647860254821981,1.734239973487608,0.9969174609162059,1.5665986829772471,0.5533674077397471,0.2863847139703712,0.3205958817539765,1.0,0.0,0
2.1932154507190287,1.1881743972383174,0.4883988617217,1.5961308293289411,1.8859015883184416,0.0,0.8237807099517775,0.11142372291853707,-1.0081962254017445,-0.638325571740905,0.8723877725188471,0.2863847139703712,-1.0451534234136517,1.0,0.0,1
0.5038892884027214,-0.6917273268281576,-1.9580343689400144,-1.177974890029388,-1.4115802044859564,0.0,-1.0121980279265403,0.4591700623261951,-0.005639382242769227,-0.638325571740905,-0.9353942945627195,-1.0487421576863714,1.7230588779207345,1.0,0.0,0
0.7142501065818803,-1.6098188664885291,1.4825482632391453,-1.167850416601075,1.214242809082058,0.0,1.7417700788909365,-0.35223806295834037,-0.5069178038222568,-0.638325571740905,1.7231087452631138,1.6215115856271138,-0.31822234163088187,1.0,0.0,1
-0.5736732700252155,0.4012387918151418,1.0247982410726566,0.47231427878596827,0.5725660927658665,0.0,0.8237807099517775,0.6910009552646338,1.4981958824956936,1.5665986829772471,0.8723877725188471,0.2863847139703712,0.9997991652378773,0.0,1.0,0
0.42232080788427195,-0.7791646163196216,-1.6195269205693306,0.9582890033450923,-1.210306679064142,0.0,-1.0121980279265403,-0.6999844023659983,-1.509474646981232,-0.638325571740905,-1.041734416155753,-1.0487421576863714,0.4417510620511046,1.0,0.0,0
-0.3718986076901039,1.2318930419840495,-1.40756574974081,0.34069612421787326,-1.0457384670355319,0.0,0.8237807099517775,-1.5113925276505338,-1.0081962254017445,-0.638325571740905,0.6597075293327804,0.2863847139703712,-0.979068779615218,1.0,0.0,0
-0.6788536791147951,0.8821438840181935,0.31264868525670303,-1.167850416601075,0.05875227508507955,0.0,1.7417700788909365,-0.35223806295834037,-0.5069178038222568,-0.638325571740905,1.7231087452631138,1.6215115856271138,1.00347053433779,0.0,1.0,0
0.39441580139111826,1.2318930419840495,-1.9212852069320228,1.7176245104687229,-1.0179974876063442,0.0,0.3647860254821981,0.11142372291853707,0.9969174609162059,1.5665986829772471,0.3406871645536805,0.2863847139703712,-1.4306471789045145,1.0,0.0,0
-0.22593395834129973,0.0077709891035539986,1.314332433796707,0.7760484816354212,0.9096977336018037,0.0,1.7417700788909365,-0.5840689558967791,-1.509474646981232,-0.638325571740905,1.7231087452631138,1.6215115856271138,-0.21542400683331842,1.0,0.0,1
3.871808918230277,-1.1726324190312094,1.090377812605746,0.19895349622146163,2.7841520794425803,0.0,-0.5532033434569608,-0.5840689558967791,-1.0081962254017445,-0.638325571740905,-0.6163739297836195,-1.0487421576863714,-0.8505708611182641,1.0,0.0,1
0.4373465806113546,0.27008285757794587,-1.9533446223239315,0.2597003367913508,-1.2322329553815348,0.0,-1.0121980279265403,1.1546627411415114,-0.5069178038222568,-0.638325571740905,-0.8290541729696862,-1.0487421576863714,1.2053958348330043,1.0,0.0,0
-0.5586474972981328,-0.42941545835376577,-0.9984045777606196,-0.25664780805271603,-1.19704188759036,0.0,0.8237807099517775,0.4591700623261951,0.4956390393367183,-0.638325571740905,0.8723877725188471,0.2863847139703712,-1.2911351531078212,0.0,1.0,1
0.26347692476939677,0.5323947260523377,-0.7282444202374346,-0.2971457017659791,-0.3070288925412642,0.0,-0.5532033434569608,-1.6273079741197531,1.4981958824956936,1.5665986829772471,-0.8290541729696862,-1.0487421576863714,1.1393111910345703,1.0,0.0,1
3.9877220221249154,1.1444557524925854,-1.036383837241682,1.494886095045789,1.6876565541006872,0.0,-0.09420865898738136,1.734239973487608,-0.005639382242769227,-0.638325571740905,0.1280069213676138,0.2863847139703712,1.2751518477313508,1.0,0.0,0
-0.4856651726237307,0.4449574365608738,-0.801512100977217,0.7153016410655285,-0.8069116506833757,0.0,-0.09420865898738136,-1.2795616347120953,0.9969174609162059,1.5665986829772471,-0.2973535650045195,0.2863847139703712,-0.6192746078237462,1.0,0.0,0
-0.33755398431391465,-1.4349442875056013,1.3846017519458795,1.5758818824723113,0.5822572646188579,0.0,-1.4711927123961197,0.5750855087954145,-1.0081962254017445,-0.638325571740905,-1.3607547809348528,-1.0487421576863714,0.8309161866418805,1.0,0.0,0
1.8003988208538642,-1.0414764847940134,-1.8497089102177127,-0.5198841171889096,-0.6720832222786332,0.0,0.3647860254821981,-1.5113925276505338,0.9969174609162059,1.5665986829772471,0.1280069213676138,0.2863847139703712,0.952071366939009,1.0,0.0,0
-0.3482866791189738,0.09520827859501796,0.7630950036768337,-1.03623226203298,0.4257448391930467,0.0,0.3647860254821981,-1.0477307417736565,-0.5069178038222568,-0.638325571740905,0.23434704296064715,0.2863847139703712,0.14437016495815339,1.0,0.0,0
-0.5049840232728371,0.8821438840181935,-1.4255559252844714,-0.560382010902169,-1.2125477625551462,0.0,0.8237807099517775,-1.6273079741197531,-1.509474646981232,-0.638325571740905,0.6597075293327804,0.2863847139703712,-0.03552692093758252,1.0,0.0,0
-0.5908455817133101,-0.12338494513364194,0.7836222552587035,0.8165463753486807,0.2565733205342658,0.0,0.8237807099517775,1.5024090805491692,1.4981958824956936,1.5665986829772471,0.9787278941118804,0.2863847139703712,1.6863451869216044,0.0,1.0,1
1.6072103143628003,-1.1726324190312094,0.3330990557465056,-0.8033693731817328,0.90951602412956,0.0,0.3647860254821981,-0.004491723550682283,0.4956390393367183,-0.638325571740905,0.3406871645536805,0.2863847139703712,-0.5385044876256606,1.0,0.0,1
-0.6509486726216414,0.13892692334074994,0.9842050244613184,-0.2768967549093494,0.43882792119458525,0.0,-1.0121980279265403,-1.5113925276505338,-1.509474646981232,-0.638325571740905,-1.1480745377487862,-1.0487421576863714,0.29856766715449834,1.0,0.0,0
-0.6380694388555704,0.31380150232367787,0.018424745916569427,-1.5424559334487338,-0.27601714261169136,0.0,1.282775394421357,-0.8158998488352177,-0.5069178038222568,-0.638325571740905,1.191408137297947,1.6215115856271138,1.183367620233526,0.0,1.0,0
-0.5049840232728371,0.051489633849285975,0.9944302097062202,-0.4692617500473335,0.5098763248418284,0.0,0.3647860254821981,0.8069164017338532,0.4956390393367183,-0.638325571740905,0.4470272861467138,0.2863847139703712,0.8015452338425768,0.0,1.0,1
1.6887787948812494,-0.5605713925909617,0.7979990194752191,1.646753196470517,1.457491222592142,0.0,-1.0121980279265403,-1.3954770811813144,-1.0081962254017445,-0.638325571740905,-1.1480745377487862,-1.0487421576863714,0.6840614226453611,1.0,0.0,1
-0.5908455817133101,-0.07966630038790996,-1.8480175261922405,-1.1374769963161286,-1.8070405859120862,0.0,-1.4711927123961197,1.038747294672292,0.9969174609162059,1.5665986829772471,-1.3607547809348528,-1.0487421576863714,0.8272448175419678,0.0,1.0,0
0.04667648970720224,0.31380150232367787,1.7300284986025865,0.7760484816354212,1.458884328546009,0.0,0.8237807099517775,-0.004491723550682283,-1.509474646981232,-0.638325571740905,0.8723877725188471,0.2863847139703712,-0.6266173460235721,1.0,0.0,0
-0.6230436661284876,-1.0851951295397455,-0.39965463274338453,-0.8438672668949924,-0.9070335698895927,0.0,0.3647860254821981,0.5750855087954145,-0.5069178038222568,-0.638325571740905,0.4470272861467138,0.2863847139703712,0.397694632852149,0.0,1.0,0
-0.4577601661305769,-0.9103205505568176,0.7287291555229172,1.768246877610299,0.1139919546471303,0.0,-0.09420865898738136,0.8069164017338532,-0.5069178038222568,-0.638325571740905,0.02166679977458048,0.2863847139703712,0.4380796929511918,1.0,0.0,1
0.19264113905600647,-1.6098188664885291,-0.5684086298302915,0.6241813802106929,-0.6959477329666243,0.0,-1.0121980279265403,0.5750855087954145,0.4956390393367183,-0.638325571740905,-0.9353942945627195,-1.0487421576863714,0.6546904698460574,1.0,0.0,1
1.7961057429318408,-0.6042900373366937,1.2100816729539527,-0.8843651606082518,1.8330241318955578,0.0,1.7417700788909365,-1.0477307417736565,-0.005639382242769227,-0.638325571740905,1.6167686236700805,1.6215115856271138,-1.206693663809823,1.0,0.0,1
-0.6488021336606294,-0.3419781688623018,0.8221396823842344,0.2597003367913508,0.20575523813014243,0.0,-0.5532033434569608,-0.35223806295834037,-0.005639382242769227,-0.638325571740905,-0.6163739297836195,-1.0487421576863714,0.37199504915275805,0.0,1.0,0
-0.3246747505478437,1.2318930419840495,0.3476295821471549,-0.9754854214630873,0.36372133933390205,0.0,1.282775394421357,-0.6999844023659983,-0.005639382242769227,-0.638325571740905,1.191408137297947,1.6215115856271138,-1.2360646166091267,1.0,0.0,1
-0.2280804973023115,1.1881743972383174,0.04910030165127375,1.7176245104687229,0.17335038224670252,0.0,-0.09420865898738136,-0.35223806295834037,1.4981958824956936,1.5665986829772471,-0.19101344341148618,0.2863847139703712,-0.85791359931809,1.0,0.0,0
-0.5328890297659908,-1.6098188664885291,-1.6389009557701963,0.06733534165336305,-1.948773974262085,0.0,0.3647860254821981,1.734239973487608,0.9969174609162059,1.5665986829772471,0.5533674077397471,0.2863847139703712,-0.7514438954206134,0.0,1.0,0
-0.5908455817133101,-1.2600697085226733,-0.5694849651192284,0.7659240082071046,-1.0614260514725617,0.0,-1.0121980279265403,-1.163646188242876,-0.005639382242769227,-0.638325571740905,-1.1480745377487862,-1.0487421576863714,1.2678091095315251,0.0,1.0,0
-0.6294832830115231,0.9258625287639255,0.6910574204101222,-0.9248630543215112,0.3944302401430684,0.0,-0.09420865898738136,-0.4681535094275597,0.9969174609162059,1.5665986829772471,-0.19101344341148618,0.2863847139703712,0.43440832385127864,0.0,1.0,1
2.0708627299413545,-1.6972561559799932,-0.9800299967566237,-0.02378491920147248,0.020351006617600868,0.0,0.3647860254821981,-0.4681535094275597,-1.509474646981232,-0.638325571740905,0.3406871645536805,0.2863847139703712,-1.6656148012989451,1.0,0.0,1
-0.5972851985963457,1.2318930419840495,0.8744188249897455,-0.7628714794684698,0.6248984207720196,0.0,0.8237807099517775,0.11142372291853707,-1.0081962254017445,-0.638325571740905,0.8723877725188471,0.2863847139703712,0.40136600195206174,0.0,1.0,1
-0.4191224648323641,-0.12338494513364194,1.0682360580904706,-0.12502965348462108,0.5777145278127681,0.0,1.7417700788909365,-0.12040717001990163,0.4956390393367183,-0.638325571740905,1.7231087452631138,1.6215115856271138,1.054869701736572,1.0,0.0,0
-0.5157167180778963,-0.7791646163196216,-0.49521783018257604,0.7051771676372154,-0.8539138341703838,0.0,-1.4711927123961197,0.9228318482030725,0.4956390393367183,-0.638325571740905,-1.3607547809348528,-1.0487421576863714,-1.1406090200113892,0.0,1.0,0
-0.6702675232707478,0.6198320155438017,-0.5779418852465906,0.4824387522142813,-0.6961900122629491,0.0,-1.0121980279265403,-1.0477307417736565,0.4956390393367183,-0.638325571740905,-1.1480745377487862,-1.0487421576863714,-0.30720823433114314,1.0,0.0,0
-0.36975206872909205,-0.9977578400482815,0.8792623337899619,-0.4692617500473335,0.2628725822387105,0.0,0.8237807099517775,0.6910009552646338,1.4981958824956936,1.5665986829772471,0.8723877725188471,0.2863847139703712,-0.9717260414153921,1.0,0.0,1
-0.48137209470170705,0.7947065945267296,1.2259960590118066,-0.5806309577587988,0.8703879177731076,0.0,-1.4711927123961197,1.1546627411415114,1.4981958824956936,1.5665986829772471,-1.3607547809348528,-1.0487421576863714,1.1246257146349186,0.0,1.0,0
-0.5328890297659908,-0.42941545835376577,-0.09774258419655837,0.09770876193830944,-0.4729296406996602,0.0,-0.5532033434569608,-1.163646188242876,-0.005639382242769227,-0.638325571740905,-0.7227140513766528,-1.0487421576863714,0.5225211822491902,1.0,0.0,1
2.0322250286431416,-0.2108222346251059,-0.5452674211181463,-0.16552754719788051,0.6705680681292413,0.0,-1.4711927123961197,0.11142372291853707,0.4956390393367183,-0.638325571740905,-1.467094902527886,-1.0487421576863714,-0.9900828869149572,1.0,0.0,0
-0.5500613414540855,-1.6535375112342612,1.4059746955404853,1.7075000370404063,0.43071156476770467,0.0,0.3647860254821981,0.34325461585697575,-1.509474646981232,-0.638325571740905,0.4470272861467138,0.2863847139703712,1.7267302470206471,1.0,0.0,0
-0.5178632570389081,-1.4349442875056013,1.5109173862118417,-0.9147385808931981,0.5800161811278531,0.0,-0.09420865898738136,1.5024090805491692,-1.0081962254017445,-0.638325571740905,0.1280069213676138,0.2863847139703712,-0.9239982431165233,0.0,1.0,1
1.2401521520297776,0.8384252392724616,-1.368202630602543,0.5533100662124871,-0.19218850608331614,0.0,-0.09420865898738136,-1.163646188242876,1.4981958824956936,1.5665986829772471,-0.2973535650045195,0.2863847139703712,0.5996199333473627,1.0,0.0,0
-0.5393286466490264,0.3575201470694098,-1.3122331955778195,0.18882902279314498,-1.2589442478013422,0.0,-0.5532033434569608,1.6183245270183886,1.4981958824956936,1.5665986829772471,-0.40369368659755284,-1.0487421576863714,0.7428033282439689,0.0,1.0,0
-0.6445090557386058,0.7509879497809976,0.30257726219593545,-1.1982238368860214,0.04112645627745125,0.0,1.282775394421357,-0.6999844023659983,-0.005639382242769227,-0.638325571740905,1.191408137297947,1.6215115856271138,0.11867058125876243,0.0,1.0,0
-0.37833822457313937,1.2756116867297813,-0.3103956848536813,-1.1071035760311858,-0.17528952516466262,0.0,1.7417700788909365,-0.004491723550682283,0.9969174609162059,1.5665986829772471,1.7231087452631138,1.6215115856271138,0.6106340406471018,1.0,0.0,1
-0.5779663479472393,-1.5223815769970652,0.16496010739613412,-1.167850416601075,-0.5336811742531,0.0,1.282775394421357,0.4591700623261951,1.4981958824956936,1.5665986829772471,1.2977482588909803,1.6215115856271138,-0.5164762730261828,1.0,0.0,0
0.4931565935976623,0.8384252392724616,-1.9452721076569042,-0.813493846610046,-1.0683915812418994,0.0,0.3647860254821981,1.1546627411415114,-1.509474646981232,-0.638325571740905,0.5533674077397471,0.2863847139703712,-1.672957539498771,1.0,0.0,0
0.21410652866612467,1.4504862657127093,0.8560442439857499,-1.1273525228878156,1.1167859621354137,0.0,-1.0121980279265403,0.5750855087954145,0.4956390393367183,-0.638325571740905,-0.9353942945627195,-1.0487421576863714,-0.0795833501365385,1.0,0.0,0
-0.5114236401558726,-1.3475069980141374,-0.26142242920704817,0.34069612421787326,-0.7932834402651066,0.0,-1.0121980279265403,0.22733916938775642,-1.0081962254017445,-0.638325571740905,-0.9353942945627195,-1.0487421576863714,1.0365128562370074,1.0,0.0,0
-0.5886990427522983,1.3193303314755134,0.15204408392889018,-2.028430658007854,0.08001228333757905,0.0,0.3647860254821981,0.9228318482030725,0.9969174609162059,1.5665986829772471,0.4470272861467138,0.2863847139703712,-0.7587866336204393,0.0,1.0,0
-0.3718986076901039,0.2263642128322139,1.1497300156814145,1.100031631341504,0.7460986387584934,0.0,0.8237807099517775,1.2705781876107307,0.4956390393367183,-0.638325571740905,0.9787278941118804,0.2863847139703712,-0.12363977933549408,1.0,0.0,1
-0.3718986076901039,0.9258625287639255,0.0010496191094437801,-0.11490518005630801,-0.0038163531907961677,0.0,-0.5532033434569608,-0.6999844023659983,-1.509474646981232,-0.638325571740905,-0.6163739297836195,-1.0487421576863714,-1.0084397324145218,1.0,0.0,0
-0.6638279063877123,-0.7791646163196216,0.29681118029091585,-0.1959009674828269,-0.3135098637179521,0.0,-1.4711927123961197,1.734239973487608,0.4956390393367183,-0.638325571740905,-1.2544146593418195,-1.0487421576863714,-0.68535925162218,0.0,1.0,0
0.8108443598274124,-1.5223815769970652,-1.81849518683854,1.7075000370404063,-1.3125485421132008,0.0,0.8237807099517775,-0.12040717001990163,1.4981958824956936,1.5665986829772471,0.7660476509258137,0.2863847139703712,-0.4614057365274881,1.0,0.0,1
-0.23666665314635882,-1.740974800725725,-0.26188371575944974,-0.17565202062619717,-0.725808656238654,0.0,-1.4711927123961197,-1.5113925276505338,0.4956390393367183,-0.638325571740905,-1.6797751457139527,-1.0487421576863714,1.8148431054185585,1.0,0.0,0
0.16258959360184097,-0.9103205505568176,-0.5992379477491295,-0.995734368319717,-0.5821370335180569,0.0,-0.09420865898738136,-0.4681535094275597,0.9969174609162059,1.5665986829772471,-0.19101344341148618,0.2863847139703712,0.9410572596392699,1.0,0.0,1
-0.382631302495163,1.7127981341871013,0.01265866401154983,-0.03390939262978554,0.1737138011911899,0.0,-0.5532033434569608,-0.12040717001990163,0.9969174609162059,1.5665986829772471,-0.6163739297836195,-1.0487421576863714,1.0071419034377036,0.0,1.0,0
-0.5779663479472393,-1.6098188664885291,0.007200106474798104,-0.17565202062619717,-0.6773527969736971,0.0,1.282775394421357,-1.6273079741197531,-0.5069178038222568,-0.638325571740905,1.0850680157049137,1.6215115856271138,0.4601079075506696,0.0,1.0,0
-0.3482866791189738,1.4067676209669773,0.24130303181859364,1.798620297895242,0.30539259874371005,0.0,0.8237807099517775,1.1546627411415114,-0.005639382242769227,-0.638325571740905,0.9787278941118804,0.2863847139703712,-0.2594804360322744,1.0,0.0,1
1.9291911585145742,1.5379235552041732,0.5442914156543569,-0.6515022717570046,1.8584634580096602,0.0,0.3647860254821981,-0.23632261648912098,-0.5069178038222568,-0.638325571740905,0.3406871645536805,0.2863847139703712,1.5027767319259557,1.0,0.0,0
-0.5285959518439672,1.7127981341871013,-1.380964891885653,-1.0159833151763467,-1.0066103606790793,0.0,-1.4711927123961197,-0.004491723550682283,-0.005639382242769227,-0.638325571740905,-1.467094902527886,-1.0487421576863714,0.09297099755937187,0.0,1.0,0
-0.44273439340349413,-0.5168527478452297,-0.8414133877599527,-1.3905888320240056,-1.0273252405148485,0.0,0.3647860254821981,1.8501554199568273,1.4981958824956936,1.5665986829772471,0.5533674077397471,0.2863847139703712,0.7317892209442298,0.0,1.0,0
-0.5951386596353339,-0.9103205505568176,-1.6411305074401372,0.23945138993472107,-1.8306022474796715,0.0,-0.09420865898738136,-0.9318152953044371,-1.0081962254017445,-0.638325571740905,-0.19101344341148618,0.2863847139703712,-1.158965865510954,0.0,1.0,0
-0.5886990427522983,0.6198320155438017,0.6011065426918165,-1.5525804068770468,0.2787418761479838,0.0,0.8237807099517775,-0.23632261648912098,0.9969174609162059,1.5665986829772471,0.7660476509258137,0.2863847139703712,1.3412364915297845,0.0,1.0,1
-0.33540744535290284,-0.3419781688623018,1.2500598408287555,0.10783323536662609,0.719750765283173,0.0,-1.0121980279265403,0.6910009552646338,0.9969174609162059,1.5665986829772471,-0.9353942945627195,-1.0487421576863714,-0.6376314533233113,1.0,0.0,1
-0.2989162830157018,-0.5168527478452297,1.087302568923069,-0.6008799046154321,0.5733535004789215,0.0,1.282775394421357,0.8069164017338532,-0.5069178038222568,-0.638325571740905,1.4040883804840139,1.6215115856271138,0.7244464827444039,1.0,0.0,0
-0.5436217245710501,0.27008285757794587,-0.28387170809059126,-1.6639496145885122,-0.47056741756049375,0.0,0.3647860254821981,1.5024090805491692,-0.005639382242769227,-0.638325571740905,0.5533674077397471,0.2863847139703712,-0.5935750241243553,0.0,1.0,0
1.4698318208580432,-0.25454087937083786,1.1793292361271814,1.0190358439149814,1.7021933118801742,0.0,1.7417700788909365,-0.8158998488352177,0.9969174609162059,1.5665986829772471,1.6167686236700805,1.6215115856271138,1.2164099421327432,1.0,0.0,0
0.033797255941131275,-0.47313410309949777,-1.0336929990193393,1.1607784719113932,-0.9001891797684177,0.0,0.8237807099517775,0.5750855087954145,0.9969174609162059,1.5665986829772471,0.8723877725188471,0.2863847139703712,-1.4159617025048625,1.0,0.0,0
-0.6745606011927714,-0.25454087937083786,0.751024672222326,0.30019823050461025,0.15457373678153172,0.0,-1.4711927123961197,-0.4681535094275597,1.4981958824956936,1.5665986829772471,-1.5734350241209194,-1.0487421576863714,0.863958508541097,0.0,1.0,0
-0.655241750543665,0.5323947260523377,1.1095980856224779,0.5735590130691168,0.6224150579846904,0.0,-1.0121980279265403,0.4591700623261951,-0.005639382242769227,-0.638325571740905,-0.9353942945627195,-1.0487421576863714,-0.14199662483505912,0.0,1.0,0
0.15614997671880546,-0.07966630038790996,-0.6903420418484392,0.39131849135944574,-0.4734141992923099,0.0,0.8237807099517775,-0.23632261648912098,0.9969174609162059,1.5665986829772471,0.7660476509258137,0.2863847139703712,-1.4453326553041663,1.0,0.0,0
0.9739813208643111,-0.47313410309949777,0.33094638516863184,-0.9147385808931981,0.7055168566240919,0.0,-1.0121980279265403,0.9228318482030725,-1.509474646981232,-0.638325571740905,-0.8290541729696862,-1.0487421576863714,-0.7918289555196562,1.0,0.0,0
-0.4663463219746242,-1.6098188664885291,1.3675341495070212,0.7760484816354212,0.45736228736343093,0.0,0.8237807099517775,0.4591700623261951,0.4956390393367183,-0.638325571740905,0.8723877725188471,0.2863847139703712,1.605575066723519,0.0,1.0,0
0.46095850918248477,0.2263642128322139,-1.368202630602543,-0.05415833948641526,-0.7676018348546794,0.0,0.3647860254821981,1.038747294672292,1.4981958824956936,1.5665986829772471,0.4470272861467138,0.2863847139703712,0.5959485642474499,1.0,0.0,0
-0.5758198089862274,1.6253608446956371,-1.6292908192618305,0.1787045493648319,-1.2482839587630519,0.0,0.8237807099517775,1.6183245270183886,-1.509474646981232,-0.638325571740905,1.0850680157049137,0.2863847139703712,0.5996199333473627,0.0,1.0,1
-0.39551053626123395,-0.3419781688623018,1.5009228442431415,1.4442637279042163,0.8834709997746457,0.0,-0.09420865898738136,0.34325461585697575,0.9969174609162059,1.5665986829772471,-0.08467332181845284,0.2863847139703712,0.23248302335606494,1.0,0.0,0
-0.5822594258692628,1.1007371077468535,-1.6587362775234638,1.4341392544758997,-1.3914104530669185,0.0,0.3647860254821981,1.038747294672292,1.4981958824956936,1.5665986829772471,0.4470272861467138,0.2863847139703712,0.8823153540406624,1.0,0.0,0
-0.5414751856100382,0.7072693050352656,-0.7295513988025726,0.23945138993472107,-0.7235675727476499,0.0,-1.0121980279265403,-0.35223806295834037,-0.005639382242769227,-0.638325571740905,-1.041734416155753,-1.0487421576863714,-0.8395567538185249,1.0,0.0,0
0.6283885481414073,-0.7354459715738897,-0.9957906206303441,-1.167850416601075,-0.5929184622045099,0.0,-0.09420865898738136,-0.9318152953044371,-1.0081962254017445,-0.638325571740905,-0.19101344341148618,0.2863847139703712,-0.7000447280218318,1.0,0.0,0
-0.507130562233849,1.4067676209669773,0.36369773038914305,1.5252595153307353,0.31217641904080395,0.0,-1.4711927123961197,-0.004491723550682283,-0.005639382242769227,-0.638325571740905,-1.467094902527886,-1.0487421576863714,1.388964289828653,1.0,0.0,1
-0.4620532440526007,-1.740974800725725,-0.17500808172382107,0.05721086822505,-0.7845613855974143,0.0,1.282775394421357,1.2705781876107307,1.4981958824956936,1.5665986829772471,1.4040883804840139,1.6215115856271138,-0.806514431919308,1.0,0.0,1
-0.49210478950676617,-1.1289137742854773,-0.0509988802198663,0.12808218222325582,-0.5681454041553003,0.0,-1.0121980279265403,-0.6999844023659983,-1.509474646981232,-0.638325571740905,-1.041734416155753,-1.0487421576863714,-0.30720823433114314,0.0,1.0,1
-0.1787101011990395,-0.3419781688623018,1.2538270143400347,1.4442637279042163,0.8111506298216977,0.0,0.3647860254821981,1.038747294672292,1.4981958824956936,1.5665986829772471,0.4470272861467138,0.2863847139703712,-0.6376314533233113,1.0,0.0,1
-0.6788536791147951,-1.1726324190312094,-1.2757146768460288,-1.4513356725938982,-1.6481053675230273,0.0,-0.09420865898738136,-1.0477307417736565,-1.509474646981232,-0.638325571740905,-0.19101344341148618,0.2863847139703712,1.374278813429001,0.0,1.0,0
-0.6659744453487241,-1.2163510637769415,-0.686344225060959,-0.4996351703322799,-1.1861998890798258,0.0,-1.4711927123961197,0.8069164017338532,-0.005639382242769227,-0.638325571740905,-1.3607547809348528,-1.0487421576863714,-0.8175285392190471,0.0,1.0,0
2.369231645521998,0.7947065945267296,1.2515205815780273,-0.813493846610046,2.499231626964634,0.0,1.7417700788909365,-0.5840689558967791,-1.509474646981232,-0.638325571740905,1.7231087452631138,1.6215115856271138,-0.986411517815044,1.0,0.0,0
-0.592992120674322,-0.29825952411656986,-0.6936479288073171,-1.603202774018623,-0.9472519330795071,0.0,1.282775394421357,1.5024090805491692,-1.0081962254017445,-0.638325571740905,1.5104285020770472,1.6215115856271138,1.6679883414220398,0.0,1.0,0
-0.26886473756153617,-0.1671035898793739,-0.22621088904039527,0.8367953222053104,-0.3669930183816484,0.0,0.8237807099517775,-1.163646188242876,0.4956390393367183,-0.638325571740905,0.6597075293327804,0.2863847139703712,-0.4100065691287066,1.0,0.0,1
0.13253804814767528,1.2318930419840495,-0.627683951813893,-0.22627438776777328,-0.14663999837425676,0.0,0.3647860254821981,1.3864936340799499,-0.5069178038222568,-0.638325571740905,0.5533674077397471,0.2863847139703712,-0.6376314533233113,1.0,0.0,0
-0.36975206872909205,0.13892692334074994,0.8773403064882888,0.4621898053576516,0.5133288048144565,0.0,0.3647860254821981,-0.8158998488352177,0.4956390393367183,-0.638325571740905,0.23434704296064715,0.2863847139703712,-0.14933936303488504,1.0,0.0,1
-0.49639786742878983,-1.5661002217427973,1.0256439330853928,-1.9373103971530188,0.18073990078460833,0.0,-1.0121980279265403,0.34325461585697575,-0.5069178038222568,-0.638325571740905,-0.9353942945627195,-1.0487421576863714,1.6753310796218654,0.0,1.0,0
0.49530313255867403,1.4067676209669773,0.36346708711294207,-0.3477680689075552,0.877716866486932,0.0,0.8237807099517775,1.5024090805491692,1.4981958824956936,1.5665986829772471,0.9787278941118804,0.2863847139703712,1.2347667876323078,1.0,0.0,1
-0.05206430249934176,-0.03594765564217798,0.35808541066825716,1.2620232061945453,0.24476220483843253,0.0,1.282775394421357,0.9228318482030725,-0.005639382242769227,-0.638325571740905,1.4040883804840139,1.6215115856271138,-0.5642040713250516,1.0,0.0,0
-0.4620532440526007,0.4886760813066058,1.0557813211756284,-1.1273525228878156,0.6793506926210148,0.0,1.7417700788909365,-0.6999844023659983,1.4981958824956936,1.5665986829772471,1.6167686236700805,1.6215115856271138,1.6716597105219526,1.0,0.0,0
-0.42556208171539955,0.9258625287639255,0.29119886057002997,-0.3275191220509219,0.19448925085103974,0.0,0.3647860254821981,-0.35223806295834037,-1.0081962254017445,-0.638325571740905,0.3406871645536805,0.2863847139703712,-0.9753974105153053,0.0,1.0,1
-0.3311143674308792,-1.5661002217427973,-1.797122243243934,0.8266708487769937,-1.9498642310955467,0.0,0.3647860254821981,-0.35223806295834037,-1.0081962254017445,-0.638325571740905,0.3406871645536805,0.2863847139703712,1.2384381567322207,1.0,0.0,1
0.09604688581047426,-0.29825952411656986,-1.0894317907678621,0.7659240082071046,-0.8702071168482257,0.0,1.282775394421357,-0.6999844023659983,-0.005639382242769227,-0.638325571740905,1.191408137297947,1.6215115856271138,-1.6142156339001634,1.0,0.0,0
-0.6573882895046768,1.1444557524925854,0.5011611230048102,-1.289344097740857,0.27753047966635985,0.0,1.7417700788909365,-0.12040717001990163,0.4956390393367183,-0.638325571740905,1.7231087452631138,1.6215115856271138,-0.8395567538185249,0.0,1.0,1
-0.44273439340349413,-0.5605713925909617,-0.8877726862763102,-1.0564812088896098,-1.073540016288801,0.0,-1.4711927123961197,1.2705781876107307,-1.509474646981232,-0.638325571740905,-1.2544146593418195,-1.0487421576863714,-0.5972463932242684,1.0,0.0,1
-0.39551053626123395,1.7127981341871013,0.4602603820252046,0.4419408585010219,0.5190829381021701,0.0,-1.0121980279265403,-0.12040717001990163,0.9969174609162059,1.5665986829772471,-1.041734416155753,-1.0487421576863714,-0.6449741915231372,1.0,0.0,0
0.3171403987946924,-0.12338494513364194,-1.9495005677205852,0.07745981508167972,-1.384263213825337,0.0,0.8237807099517775,1.734239973487608,-1.0081962254017445,-0.638325571740905,1.0850680157049137,0.2863847139703712,1.3302223842300454,1.0,0.0,1
-0.6595348284656887,-0.25454087937083786,-1.9643386184895024,0.2900737570762972,-1.976212104570867,0.0,-0.5532033434569608,1.6183245270183886,1.4981958824956936,1.5665986829772471,-0.40369368659755284,-1.0487421576863714,-1.5701592047012076,0.0,1.0,0
1.250884846834837,-1.0414764847940134,-0.6868055116133606,0.7254261144938451,-0.06602156252218448,0.0,-0.5532033434569608,-1.6273079741197531,1.4981958824956936,1.5665986829772471,-0.8290541729696862,-1.0487421576863714,-0.8468994920183509,1.0,0.0,0
0.08531419100541515,-1.3912256427598693,1.5343661192922549,-0.6008799046154321,0.9485835606619315,0.0,-1.4711927123961197,-0.5840689558967791,0.9969174609162059,1.5665986829772471,-1.5734350241209194,-1.0487421576863714,1.4440348263273475,1.0,0.0,0
2.513049755909791,-0.3419781688623018,1.3164851043745813,0.006588501083473899,2.3796062244042715,0.0,-0.5532033434569608,-0.4681535094275597,-0.5069178038222568,-0.638325571740905,-0.6163739297836195,-1.0487421576863714,-0.061226504636973475,1.0,0.0,1
-0.655241750543665,-1.5661002217427973,-1.1434023173988457,-0.25664780805271603,-1.6177598856583482,0.0,-0.09420865898738136,0.8069164017338532,-0.5069178038222568,-0.638325571740905,0.02166679977458048,0.2863847139703712,-1.3608911660061678,0.0,1.0,0
-0.4277086206764114,0.31380150232367787,0.9564509502251578,0.3103227039329269,0.5817121362021267,0.0,1.282775394421357,-0.6999844023659983,-0.005639382242769227,-0.638325571740905,1.191408137297947,1.6215115856271138,-0.4650771056274013,1.0,0.0,0
-0.42341554275438775,-1.5223815769970652,0.7461042823300428,0.8367953222053104,0.011386672653584281,0.0,-1.4711927123961197,-1.2795616347120953,1.4981958824956936,1.5665986829772471,-1.6797751457139527,-1.0487421576863714,-1.316834736807212,1.0,0.0,0
-0.2881835882106427,0.3575201470694098,0.36377461148120993,0.806421901920364,0.20321130551873232,0.0,1.282775394421357,-0.4681535094275597,0.9969174609162059,1.5665986829772471,1.191408137297947,1.6215115856271138,-1.192008187410171,1.0,0.0,1
-0.4856651726237307,-0.03594765564217798,0.8588888443922258,-0.05415833948641526,0.3946119496153121,0.0,0.3647860254821981,1.2705781876107307,-1.0081962254017445,-0.638325571740905,0.5533674077397471,0.2863847139703712,-0.8028430628193953,1.0,0.0,1
-0.5264494128829554,-0.42941545835376577,0.21362583867449983,-0.06428281291473192,-0.2239876637259441,0.0,-1.4711927123961197,1.1546627411415114,1.4981958824956936,1.5665986829772471,-1.3607547809348528,-1.0487421576863714,1.6716597105219526,0.0,1.0,0
-0.605871354440393,0.4449574365608738,0.08861718297367462,-0.15540307376956747,-0.17347243044222674,0.0,0.3647860254821981,1.2705781876107307,-1.0081962254017445,-0.638325571740905,0.5533674077397471,0.2863847139703712,-0.8505708611182641,1.0,0.0,1
-0.27315781548355983,0.4012387918151418,0.5399860744986089,0.5026876990709146,0.3602082895371926,0.0,0.8237807099517775,-0.35223806295834037,0.4956390393367183,-0.638325571740905,0.7660476509258137,0.2863847139703712,0.21412617785649993,1.0,0.0,0
-0.47063939989664794,-0.47313410309949777,0.7759341460520108,0.6950526942088987,0.24082516627315478,0.0,1.282775394421357,-0.35223806295834037,1.4981958824956936,1.5665986829772471,1.191408137297947,1.6215115856271138,1.5064481010258686,0.0,1.0,1
-0.5457682635320618,-1.6535375112342612,0.05002287475607692,-0.3173946486226088,-0.6351356295891035,0.0,0.3647860254821981,0.5750855087954145,-0.5069178038222568,-0.638325571740905,0.4470272861467138,0.2863847139703712,-0.18238168493410153,0.0,1.0,0
-0.6509486726216414,1.4504862657127093,-0.12957135631226688,0.2799492836479805,-0.14791196467996154,0.0,-1.4711927123961197,1.3864936340799499,-1.0081962254017445,-0.638325571740905,-1.2544146593418195,-1.0487421576863714,0.2288116542561518,1.0,0.0,0
-0.2860370492496308,-0.7791646163196216,0.054328215911824906,1.3835168873343235,-0.2913413081042341,0.0,-1.0121980279265403,0.5750855087954145,0.4956390393367183,-0.638325571740905,-0.9353942945627195,-1.0487421576863714,-0.7257443117212224,1.0,0.0,1
0.7893789702172943,0.1826455680864819,0.3480139876074896,1.6062553027572577,0.7601508379453307,0.0,0.3647860254821981,-1.3954770811813144,1.4981958824956936,1.5665986829772471,0.1280069213676138,0.2863847139703712,-0.4724198438272272,1.0,0.0,0
-0.5586474972981328,1.5379235552041732,-0.8008201711486147,1.3936413607626403,-0.6052747063170737,0.0,1.282775394421357,0.22733916938775642,0.4956390393367183,-0.638325571740905,1.2977482588909803,1.6215115856271138,-0.7147302044214837,1.0,0.0,0
-0.6595348284656887,-1.4786629322513334,-0.29917104541190975,-1.9575593440096521,-0.9356830966799986,0.0,0.3647860254821981,-0.6999844023659983,0.9969174609162059,1.5665986829772471,0.23434704296064715,0.2863847139703712,0.926371783239618,0.0,1.0,0
0.767913580607176,1.0132998182553896,-0.8002051224120793,1.4645126747608461,0.027558815683263536,0.0,1.7417700788909365,-0.6999844023659983,1.4981958824956936,1.5665986829772471,1.6167686236700805,1.6215115856271138,-1.5150886682025129,1.0,0.0,0
1.1972213728095413,0.6198320155438017,-1.9353544467802706,1.1304050516264468,-0.7116958872277352,0.0,1.7417700788909365,-1.6273079741197531,0.9969174609162059,1.5665986829772471,1.5104285020770472,1.6215115856271138,1.2751518477313508,1.0,0.0,0
-0.25169242587344154,1.4942049104584412,-1.3901137418416174,-0.8236183200383626,-0.9060038828802125,0.0,1.7417700788909365,-0.8158998488352177,0.9969174609162059,1.5665986829772471,1.6167686236700805,1.6215115856271138,-0.6376314533233113,1.0,0.0,0
-0.01557314016214073,0.3575201470694098,-1.306390232580733,-0.7831204263251031,-0.9587601996549343,0.0,1.7417700788909365,-1.6273079741197531,0.9969174609162059,1.5665986829772471,1.5104285020770472,1.6215115856271138,-0.7991716937194822,1.0,0.0,0
-0.6724140622317596,0.13892692334074994,-1.113341810400677,1.1810274187680228,-1.2258125540289282,0.0,0.8237807099517775,1.038747294672292,-0.5069178038222568,-0.638325571740905,0.9787278941118804,0.2863847139703712,-0.15301073213479782,1.0,0.0,1
-0.6831467570368187,-0.6042900373366937,0.40536728228941815,-2.160048812575953,-0.20012315303795306,0.0,-0.09420865898738136,-1.163646188242876,1.4981958824956936,1.5665986829772471,-0.2973535650045195,0.2863847139703712,-0.5348331185257478,0.0,1.0,0
-0.6724140622317596,0.9695811735096576,0.5540553143468566,1.7581224041819825,0.27195805585088995,0.0,0.3647860254821981,0.22733916938775642,1.4981958824956936,1.5665986829772471,0.3406871645536805,0.2863847139703712,-1.1516231273111281,1.0,0.0,0
0.5146219832077804,0.6198320155438017,1.0843042063324588,1.282272153051175,1.2820810120529977,0.0,-0.5532033434569608,-1.6273079741197531,1.4981958824956936,1.5665986829772471,-0.8290541729696862,-1.0487421576863714,0.9190290450397917,1.0,0.0,0
-0.5951386596353339,-0.29825952411656986,1.1269732124296035,-1.03623226203298,0.4858906745056745,0.0,0.8237807099517775,1.2705781876107307,0.4956390393367183,-0.638325571740905,0.9787278941118804,0.2863847139703712,1.2641377404316116,1.0,0.0,1
0.9267574637220513,0.8384252392724616,0.07731566243983644,0.3305716507895566,0.7697814399742406,0.0,1.282775394421357,1.734239973487608,-0.005639382242769227,-0.638325571740905,1.5104285020770472,1.6215115856271138,1.00347053433779,1.0,0.0,0
0.0810211130833915,1.5379235552041732,1.0676210093539353,-1.0058588417480336,1.2277498798521649,0.0,0.3647860254821981,1.038747294672292,1.4981958824956936,1.5665986829772471,0.4470272861467138,0.2863847139703712,-1.162637234610867,1.0,0.0,0
-0.6573882895046768,-1.6098188664885291,-1.102578457511307,0.2293269165064044,-1.5964998774058483,0.0,1.7417700788909365,-0.5840689558967791,-1.509474646981232,-0.638325571740905,1.7231087452631138,1.6215115856271138,1.1613394056340487,0.0,1.0,0
0.12609843126463985,-1.0414764847940134,-1.6791097669211996,-0.6312533249003749,-1.4825680383091184,0.0,-0.09420865898738136,-0.8158998488352177,-0.5069178038222568,-0.638325571740905,-0.19101344341148618,0.2863847139703712,0.14804153405806655,1.0,0.0,0
3.0969083533050075,1.4942049104584412,1.220845025843323,1.3025210999078047,3.0407864240746085,0.0,-0.5532033434569608,1.2705781876107307,-0.005639382242769227,-0.638325571740905,-0.40369368659755284,-1.0487421576863714,-1.004768363314609,1.0,0.0,1
-0.49210478950676617,1.6690794894413692,0.9333866226050793,-0.7729959528967865,0.827625621971783,0.0,-1.4711927123961197,-1.163646188242876,-1.509474646981232,-0.638325571740905,-1.5734350241209194,-1.0487421576863714,-0.6596596679227891,0.0,1.0,0
0.11321919749856887,0.3575201470694098,0.21923815839538527,1.494886095045789,0.31587117830975714,0.0,-1.0121980279265403,0.11142372291853707,-1.509474646981232,-0.638325571740905,-0.9353942945627195,-1.0487421576863714,0.735460590044143,1.0,0.0,0
-0.5972851985963457,-0.29825952411656986,-0.5882439515835588,-0.6717512186136343,-0.866633497227435,0.0,0.8237807099517775,1.038747294672292,-0.5069178038222568,-0.638325571740905,0.9787278941118804,0.2863847139703712,1.0989261309355276,0.0,1.0,0
-0.5049840232728371,1.4504862657127093,0.42428003093788225,-1.8563146097265,0.3708080087514019,0.0,-0.09420865898738136,-1.163646188242876,1.4981958824956936,1.5665986829772471,-0.2973535650045195,0.2863847139703712,-0.3329078180305337,0.0,1.0,0
-0.4684928609356361,-1.740974800725725,-1.0862796659931182,0.05721086822505,-1.506129699876704,0.0,0.3647860254821981,1.6183245270183886,0.4956390393367183,-0.638325571740905,0.5533674077397471,0.2863847139703712,-0.9607119341156534,0.0,1.0,1
-0.6745606011927714,-0.03594765564217798,1.6069418702034348,0.7051771676372154,0.8773534475424453,0.0,0.8237807099517775,0.22733916938775642,-0.5069178038222568,-0.638325571740905,0.8723877725188471,0.2863847139703712,-1.4930604536030352,1.0,0.0,1
0.321433476716716,1.3630489762212454,-0.0857491338341176,-0.7324980591835271,0.4159930975159744,0.0,1.282775394421357,0.11142372291853707,-0.005639382242769227,-0.638325571740905,1.2977482588909803,1.6215115856271138,-1.2727783076082564,1.0,0.0,0
-0.6788536791147951,-0.47313410309949777,1.3759141885423163,-1.7449454020150346,0.5960066146852893,0.0,-0.5532033434569608,0.11142372291853707,-1.509474646981232,-0.638325571740905,-0.5100338081905862,-1.0487421576863714,0.588605826047624,0.0,1.0,1
0.6520004767125372,0.31380150232367787,0.7353409294406726,0.8367953222053104,1.01684575240144,0.0,-0.09420865898738136,-1.3954770811813144,0.4956390393367183,-0.638325571740905,-0.2973535650045195,0.2863847139703712,-1.0231252088141738,1.0,0.0,0
0.20337383386106558,-0.8666019058110855,0.18940829467341727,1.646753196470517,0.07189592691069899,0.0,-0.09420865898738136,-0.6999844023659983,-0.005639382242769227,-0.638325571740905,-0.19101344341148618,0.2863847139703712,0.8052166029424895,1.0,0.0,0
-0.569380192103192,1.4942049104584412,-0.8368005222359369,0.06733534165336305,-0.6493695382481847,0.0,-1.4711927123961197,-1.163646188242876,-1.509474646981232,-0.638325571740905,-1.5734350241209194,-1.0487421576863714,1.271480478631438,1.0,0.0,1
1.0319378728116304,0.2263642128322139,-0.08282765233557438,1.3227700467644345,0.567296518070802,0.0,0.3647860254821981,-0.004491723550682283,0.4956390393367183,-0.638325571740905,0.3406871645536805,0.2863847139703712,-1.3682339042059937,1.0,0.0,0
-0.06709007522642452,-0.2108222346251059,0.22930958145615285,1.667002143327147,0.09606328671909603,0.0,0.8237807099517775,0.8069164017338532,-1.509474646981232,-0.638325571740905,0.9787278941118804,0.2863847139703712,1.6643169723221263,1.0,0.0,1
1.6801926390372022,-1.3475069980141374,-0.801512100977217,1.7581224041819825,0.018049353302515857,0.0,0.3647860254821981,-0.12040717001990163,-0.005639382242769227,-0.638325571740905,0.3406871645536805,0.2863847139703712,0.03422909196076402,1.0,0.0,0
0.2098134507441011,-0.3856968136080338,-1.8104226721715126,0.6950526942088987,-1.3934092572615977,0.0,1.282775394421357,-1.5113925276505338,-0.005639382242769227,-0.638325571740905,1.0850680157049137,1.6215115856271138,-0.0905974574362772,1.0,0.0,0
1.1349717429401982,-0.07966630038790996,-0.7238621979896198,1.768246877610299,0.05257415302879765,0.0,-1.0121980279265403,1.3864936340799499,0.4956390393367183,-0.638325571740905,-0.8290541729696862,-1.0487421576863714,-0.3108796034310559,1.0,0.0,0
0.8709474507357438,1.2318930419840495,0.11921585761631208,1.363267940477694,0.8585162322531931,0.0,-1.4711927123961197,1.5024090805491692,-0.5069178038222568,-0.638325571740905,-1.2544146593418195,-1.0487421576863714,-0.9386837195161752,1.0,0.0,0
-0.5393286466490264,-0.9977578400482815,-0.8253452395179647,-0.4490128031907038,-1.17578187933786,0.0,0.8237807099517775,-1.3954770811813144,-0.5069178038222568,-0.638325571740905,0.6597075293327804,0.2863847139703712,-0.11262567203575499,1.0,0.0,0
-0.49639786742878983,0.4012387918151418,1.2893460788749553,-1.6437006677318824,0.8245971307677232,0.0,1.282775394421357,-0.9318152953044371,-1.0081962254017445,-0.638325571740905,1.191408137297947,1.6215115856271138,0.8566157703412715,0.0,1.0,0
-0.6230436661284876,-1.5661002217427973,0.249452427577688,-1.7753188222999774,-0.5022454355549589,0.0,1.282775394421357,-0.004491723550682283,-0.5069178038222568,-0.638325571740905,1.2977482588909803,1.6215115856271138,-1.2801210458080823,0.0,1.0,0
-0.5822594258692628,0.7509879497809976,0.15204408392889018,-1.5829538271619932,-0.04233876130643713,0.0,0.8237807099517775,-0.4681535094275597,-0.005639382242769227,-0.638325571740905,0.7660476509258137,0.2863847139703712,-0.12363977933549408,0.0,1.0,0
3.3222949442112495,-0.9977578400482815,-0.3502969716364169,1.2012763656246526,1.3777813341012874,0.0,0.8237807099517775,-0.23632261648912098,0.9969174609162059,1.5665986829772471,0.7660476509258137,0.2863847139703712,-0.788157586419743,1.0,0.0,0
-0.6037248154793812,-1.1726324190312094,0.8885649459300601,0.4520653319293385,0.09939462704356182,0.0,-1.4711927123961197,1.6183245270183886,-0.005639382242769227,-0.638325571740905,-1.2544146593418195,-1.0487421576863714,-1.3645625351060808,0.0,1.0,0
-0.4083897700273049,-0.29825952411656986,-1.8396374871569452,-0.7021246388985807,-1.745925633414159,0.0,-0.5532033434569608,1.1546627411415114,-0.5069178038222568,-0.638325571740905,-0.40369368659755284,-1.0487421576863714,1.131968452834745,1.0,0.0,0
-0.5758198089862274,-1.1726324190312094,1.2023935637472598,0.6950526942088987,0.3623888032041159,0.0,-1.0121980279265403,1.3864936340799499,0.4956390393367183,-0.638325571740905,-0.8290541729696862,-1.0487421576863714,-0.9313409813163492,1.0,0.0,0
-0.592992120674322,1.4942049104584412,-1.1245664498424484,1.778371351038612,-0.8894077510819647,0.0,1.282775394421357,-0.35223806295834037,1.4981958824956936,1.5665986829772471,1.191408137297947,1.6215115856271138,-0.8909559212173065,1.0,0.0,0
-0.24525280899040613,-1.740974800725725,0.5121551191703809,-1.1071035760311858,-0.12083725331566698,0.0,1.282775394421357,0.4591700623261951,1.4981958824956936,1.5665986829772471,1.2977482588909803,1.6215115856271138,-0.5128049039262697,1.0,0.0,0
0.2720630806134441,-1.5661002217427973,-0.9005349475594202,-1.046356735461293,-0.903096531324315,0.0,-0.5532033434569608,1.2705781876107307,-0.005639382242769227,-0.638325571740905,-0.40369368659755284,-1.0487421576863714,-0.21542400683331842,1.0,0.0,0
-0.6187505882064639,-1.6972561559799932,1.0672366038936008,0.6343058536390096,0.11538506060099793,0.0,-1.4711927123961197,0.4591700623261951,-1.509474646981232,-0.638325571740905,-1.3607547809348528,-1.0487421576863714,1.6165891740232579,0.0,1.0,0
0.5983370026872417,-1.1726324190312094,1.0942987483011593,0.20907796964977468,0.9398615059942396,0.0,-0.5532033434569608,1.3864936340799499,0.4956390393367183,-0.638325571740905,-0.40369368659755284,-1.0487421576863714,0.6106340406471018,1.0,0.0,0
-0.2774508934055835,1.1881743972383174,0.29742622902745114,1.0494092641999277,0.3411287949516158,0.0,-0.5532033434569608,-0.004491723550682283,1.4981958824956936,1.5665986829772471,-0.6163739297836195,-1.0487421576863714,-0.7771434791200044,1.0,0.0,1
-0.5414751856100382,1.5816421999499053,-1.063061576188906,-0.37814148919249796,-0.7924960325520509,0.0,0.3647860254821981,-0.23632261648912098,-0.5069178038222568,-0.638325571740905,0.3406871645536805,0.2863847139703712,0.26185397615536865,0.0,1.0,0
0.7636205026851524,0.1826455680864819,-0.6120002090322396,-0.39839043604912766,-0.010721313136052306,0.0,0.8237807099517775,-0.8158998488352177,-1.509474646981232,-0.638325571740905,0.7660476509258137,0.2863847139703712,1.844214058217862,1.0,0.0,0
-0.5522078804150974,1.6253608446956371,0.5243792128090223,-0.6717512186136343,0.4617838845213584,0.0,1.282775394421357,-0.35223806295834037,1.4981958824956936,1.5665986829772471,1.191408137297947,1.6215115856271138,1.6312746504229096,0.0,1.0,0
-0.36975206872909205,0.1826455680864819,-1.165390309729987,1.059533737628241,-1.0863202491699333,0.0,0.8237807099517775,-0.35223806295834037,0.4956390393367183,-0.638325571740905,0.7660476509258137,0.2863847139703712,-0.07591198103662533,1.0,0.0,0
2.457239742923483,0.31380150232367787,0.11191215386995401,-0.813493846610046,1.5444694899727391,0.0,-1.4711927123961197,-0.35223806295834037,-1.509474646981232,-0.638325571740905,-1.467094902527886,-1.0487421576863714,-0.7404297881208747,1.0,0.0,0
-0.3482866791189738,-1.3912256427598693,0.7291135609832514,1.4746371481891591,0.06947313394745115,0.0,-1.4711927123961197,-1.2795616347120953,1.4981958824956936,1.5665986829772471,-1.6797751457139527,-1.0487421576863714,-1.2984778913076471,1.0,0.0,0
-0.4985444063898017,-0.3419781688623018,-0.8557901519764681,0.6950526942088987,-1.0313834187282884,0.0,1.7417700788909365,-1.163646188242876,-0.5069178038222568,-0.638325571740905,1.6167686236700805,1.6215115856271138,0.6840614226453611,0.0,1.0,0
-0.37833822457313937,0.5761133707980697,0.3026541432880023,-0.03390939262978554,0.15263550241093354,0.0,0.3647860254821981,1.5024090805491692,-0.005639382242769227,-0.638325571740905,0.5533674077397471,0.2863847139703712,-0.986411517815044,0.0,1.0,1
-0.45132054924754145,1.4504862657127093,1.5083803101736333,1.5758818824723113,1.2551880101609467,0.0,-0.5532033434569608,1.1546627411415114,-0.5069178038222568,-0.638325571740905,-0.40369368659755284,-1.0487421576863714,0.5849344569477108,1.0,0.0,1
1.9206050026705266,-1.6098188664885291,-0.3903520206032864,1.6062553027572577,0.4195061473126834,0.0,-1.4711927123961197,1.734239973487608,0.4956390393367183,-0.638325571740905,-1.2544146593418195,-1.0487421576863714,0.9337145214394436,1.0,0.0,0
-0.5157167180778963,0.8384252392724616,0.9884334845249996,0.8165463753486807,0.6735359895092202,0.0,-0.09420865898738136,0.4591700623261951,1.4981958824956936,1.5665986829772471,-0.08467332181845284,0.2863847139703712,-0.9717260414153921,1.0,0.0,0
0.7700601195681879,-1.5223815769970652,-0.14710024530352625,-0.8944896340365684,-0.018777099738851503,0.0,-0.09420865898738136,-0.35223806295834037,1.4981958824956936,1.5665986829772471,-0.19101344341148618,0.2863847139703712,0.8492730321414451,1.0,0.0,0
-0.5178632570389081,1.4067676209669773,-0.15032925117033735,0.8874176893468865,-0.09885040717419268,0.0,0.8237807099517775,0.4591700623261951,0.4956390393367183,-0.638325571740905,0.8723877725188471,0.2863847139703712,-0.07224061193671218,1.0,0.0,0
-0.25383896483445345,-0.7354459715738897,0.5096949242242393,0.5533100662124871,0.09527587900604093,0.0,-1.0121980279265403,0.22733916938775642,-1.0081962254017445,-0.638325571740905,-0.9353942945627195,-1.0487421576863714,-1.3058206295074732,1.0,0.0,0
-0.44273439340349413,0.5761133707980697,-1.941197409777357,0.5735590130691168,-1.6514972776715746,0.0,-0.09420865898738136,0.9228318482030725,-0.005639382242769227,-0.638325571740905,0.02166679977458048,0.2863847139703712,1.844214058217862,0.0,1.0,0
-0.17227048431600406,0.5761133707980697,1.2720478331598966,-0.5198841171889096,1.032654476486632,0.0,-1.4711927123961197,-0.8158998488352177,-0.005639382242769227,-0.638325571740905,-1.5734350241209194,-1.0487421576863714,-0.8101858010192212,1.0,0.0,0
-0.2667181986005244,0.0077709891035539986,-0.2274409865134661,-0.6312533249003749,-0.32798605167335776,0.0,1.282775394421357,-1.5113925276505338,-0.005639382242769227,-0.638325571740905,1.0850680157049137,1.6215115856271138,0.8052166029424895,1.0,0.0,0
-0.40409669210528126,0.4449574365608738,1.098911613825175,1.5050105684741055,0.7363468970814205,0.0,-1.4711927123961197,0.8069164017338532,-0.005639382242769227,-0.638325571740905,-1.3607547809348528,-1.0487421576863714,1.4513775645271738,1.0,0.0,0
-0.507130562233849,-1.4349442875056013,1.2275336808531456,-1.1374769963161286,0.3628127919726841,0.0,1.282775394421357,0.4591700623261951,1.4981958824956936,1.5665986829772471,1.2977482588909803,1.6215115856271138,-1.4600181317038183,0.0,1.0,1
-0.5908455817133101,-0.03594765564217798,-0.8290355319371773,-0.4490128031907038,-0.9945569656869212,0.0,-0.5532033434569608,1.1546627411415114,-0.5069178038222568,-0.638325571740905,-0.40369368659755284,-1.0487421576863714,-1.2250505093093877,0.0,1.0,0
-0.580112886908251,0.4012387918151418,-0.03454632651754383,0.06733534165336305,-0.2656597026938071,0.0,1.282775394421357,-1.5113925276505338,-0.005639382242769227,-0.638325571740905,1.0850680157049137,1.6215115856271138,-1.382919380605646,1.0,0.0,1
-0.1271931661347557,-0.6480086820824257,1.1860947722290711,1.3835168873343235,0.7190239273941982,0.0,-0.5532033434569608,0.34325461585697575,-0.5069178038222568,-0.638325571740905,-0.5100338081905862,-1.0487421576863714,0.4087087401518877,1.0,0.0,0
-0.5028374843118253,-1.5223815769970652,1.2057763317982046,-2.1195509188626933,0.32871198101497057,0.0,-0.5532033434569608,-0.004491723550682283,1.4981958824956936,1.5665986829772471,-0.6163739297836195,-1.0487421576863714,1.554175899324737,0.0,1.0,1
-0.6745606011927714,0.5323947260523377,0.8287514563019903,-0.7426225326118401,0.3902509222814661,0.0,0.8237807099517775,-0.23632261648912098,0.9969174609162059,1.5665986829772471,0.7660476509258137,0.2863847139703712,-1.2323932475092136,0.0,1.0,1
-0.6702675232707478,-1.740974800725725,-0.8208861361780829,-0.6920001654702677,-1.4109139364210634,0.0,-0.5532033434569608,1.3864936340799499,0.4956390393367183,-0.638325571740905,-0.40369368659755284,-1.0487421576863714,1.00347053433779,0.0,1.0,0
-0.43200169859843507,1.2756116867297813,1.0629312627378527,-0.6110043780437452,0.8763843303571459,0.0,1.282775394421357,-0.004491723550682283,-0.5069178038222568,-0.638325571740905,1.2977482588909803,1.6215115856271138,1.2641377404316116,1.0,0.0,0
-0.5543544193761091,-1.740974800725725,-0.6716599364761758,-0.550257537473856,-1.22793249787177,0.0,0.8237807099517775,-1.6273079741197531,-1.509474646981232,-0.638325571740905,0.6597075293327804,0.2863847139703712,-0.6192746078237462,0.0,1.0,0
-0.6123109713234285,-1.5661002217427973,-1.0639072682016422,-0.25664780805271603,-1.530902757925913,0.0,-1.0121980279265403,-1.6273079741197531,1.4981958824956936,1.5665986829772471,-1.2544146593418195,-1.0487421576863714,0.47479338395032145,0.0,1.0,0
3.9812824052418803,0.8821438840181935,-0.09566679471075146,-1.0261077886046635,2.367007700995383,0.0,-0.09420865898738136,-0.9318152953044371,-1.0081962254017445,-0.638325571740905,-0.19101344341148618,0.2863847139703712,-0.5568613331252256,1.0,0.0,0
-0.6294832830115231,1.2318930419840495,-0.7543071104481234,-0.4490128031907038,-0.6764442496124792,0.0,1.7417700788909365,-1.3954770811813144,-1.509474646981232,-0.638325571740905,1.6167686236700805,1.6215115856271138,1.3302223842300454,1.0,0.0,1
-0.39336399730022215,-0.3419781688623018,-0.31493166928563004,-1.3703398851673758,-0.5459162787175015,0.0,-0.09420865898738136,-1.6273079741197531,-0.5069178038222568,-0.638325571740905,-0.2973535650045195,0.2863847139703712,-0.9717260414153921,0.0,1.0,0
-0.4362947765204587,0.7509879497809976,1.1375059220427728,0.35082059764618634,0.8164202045167617,0.0,0.8237807099517775,-0.6999844023659983,-1.0081962254017445,-0.638325571740905,0.7660476509258137,0.2863847139703712,-0.6927019898220059,0.0,1.0,0
-0.5500613414540855,-1.5661002217427973,0.448958861491366,0.11795770879493915,-0.30387926168904156,0.0,-0.09420865898738136,-1.3954770811813144,0.4956390393367183,-0.638325571740905,-0.2973535650045195,0.2863847139703712,-0.34025055623035966,1.0,0.0,0
-0.2881835882106427,0.31380150232367787,1.137429040950706,-0.4388883297623907,0.8030342733948177,0.0,0.3647860254821981,1.5024090805491692,-0.005639382242769227,-0.638325571740905,0.5533674077397471,0.2863847139703712,-0.7441011572207874,1.0,0.0,1
-0.5758198089862274,-1.6972561559799932,-0.858173465830543,0.4216919116443921,-1.3772976840559996,0.0,-0.09420865898738136,0.9228318482030725,-0.005639382242769227,-0.638325571740905,0.02166679977458048,0.2863847139703712,1.7414157234202992,0.0,1.0,0
2.004320022149988,-1.4349442875056013,-1.0296183011397924,1.2923966264794882,0.001877210272836048,0.0,-0.5532033434569608,-1.6273079741197531,1.4981958824956936,1.5665986829772471,-0.8290541729696862,-1.0487421576863714,1.679002448721778,1.0,0.0,1
0.48457043775361497,-0.3419781688623018,-0.3366890183405706,0.016712974511790556,-0.0675963779482958,0.0,-1.4711927123961197,-1.5113925276505338,0.4956390393367183,-0.638325571740905,-1.6797751457139527,-1.0487421576863714,-0.832214015618699,1.0,0.0,0
-0.5779663479472393,-0.3856968136080338,0.16634396705333887,0.8266708487769937,-0.28062044924186247,0.0,0.8237807099517775,1.6183245270183886,-1.509474646981232,-0.638325571740905,1.0850680157049137,0.2863847139703712,-0.18972442313392787,1.0,0.0,0
-0.47063939989664794,1.5816421999499053,0.18118201782225604,0.4520653319293385,0.22774208427161674,0.0,-1.4711927123961197,1.2705781876107307,-1.509474646981232,-0.638325571740905,-1.2544146593418195,-1.0487421576863714,-1.3498770587064288,0.0,1.0,0
0.34289886632683436,-0.5605713925909617,1.3351672097468448,0.4520653319293385,1.1211469894692596,0.0,0.8237807099517775,1.6183245270183886,-1.509474646981232,-0.638325571740905,1.0850680157049137,0.2863847139703712,1.1393111910345703,1.0,0.0,0
0.39656234035213,1.1444557524925854,1.431652980290839,1.1911518921963395,1.6054027329984226,0.0,-1.4711927123961197,1.1546627411415114,1.4981958824956936,1.5665986829772471,-1.3607547809348528,-1.0487421576863714,0.2655253452552818,1.0,0.0,0
0.03809033386315493,-1.6972561559799932,1.795377426859475,0.32044717736123995,1.0597291878509265,0.0,0.3647860254821981,-1.0477307417736565,-0.5069178038222568,-0.638325571740905,0.23434704296064715,0.2863847139703712,-0.013498706338104726,1.0,0.0,0
4.586606392247216,0.7072693050352656,-0.9450490998661716,-0.9248630543215112,2.0006814049523083,0.0,-1.0121980279265403,-0.8158998488352177,1.4981958824956936,1.5665986829772471,-1.1480745377487862,-1.0487421576863714,0.8933294613404007,1.0,0.0,0
-0.2581320427564771,1.4504862657127093,0.7364941458216768,0.7254261144938451,0.7560926597318907,0.0,-0.5532033434569608,-0.9318152953044371,0.9969174609162059,1.5665986829772471,-0.7227140513766528,-1.0487421576863714,0.5372066586488421,1.0,0.0,0
-0.5006909453508135,-0.07966630038790996,0.40721242849902406,0.05721086822505,0.020593285913925983,0.0,0.8237807099517775,0.34325461585697575,-0.005639382242769227,-0.638325571740905,0.8723877725188471,0.2863847139703712,-0.806514431919308,1.0,0.0,0
-0.5908455817133101,-1.6972561559799932,0.8906407354158674,-0.7527470060401568,-0.00799567105239848,0.0,-1.0121980279265403,-0.8158998488352177,1.4981958824956936,1.5665986829772471,-1.1480745377487862,-1.0487421576863714,-1.1295949127116502,1.0,0.0,1
-0.4878117115847425,-0.6042900373366937,-0.10235544972057423,-0.7021246388985807,-0.4898891914423951,0.0,-0.5532033434569608,-0.004491723550682283,1.4981958824956936,1.5665986829772471,-0.6163739297836195,-1.0487421576863714,-1.2397359857090395,1.0,0.0,0
-0.6831467570368187,-0.7791646163196216,1.073694615627223,-1.3095930445974866,0.2876456402879195,0.0,-1.4711927123961197,1.8501554199568273,0.9969174609162059,1.5665986829772471,-1.2544146593418195,-1.0487421576863714,1.5248049465254332,0.0,1.0,0
-0.4126828479493286,-1.4786629322513334,0.5586681798708725,-0.7628714794684698,-0.120534404195261,0.0,0.8237807099517775,-1.0477307417736565,0.9969174609162059,1.5665986829772471,0.6597075293327804,0.2863847139703712,-0.43937752192801033,1.0,0.0,0
-0.09070200379755458,-0.6917273268281576,-0.08398086871657856,-0.37814148919249796,-0.27068699809254654,0.0,1.282775394421357,-1.2795616347120953,0.9969174609162059,1.5665986829772471,1.0850680157049137,1.6215115856271138,-0.22276674503314436,1.0,0.0,0
-0.39336399730022215,-0.25454087937083786,0.19086903542268888,1.1405295250547633,-0.12804506238132965,0.0,-0.09420865898738136,1.6183245270183886,-0.5069178038222568,-0.638325571740905,0.1280069213676138,0.2863847139703712,0.9630854742387472,1.0,0.0,0
-0.5951386596353339,0.9695811735096576,-0.29878663995157523,-0.07440728634304498,-0.35633272934335763,0.0,1.282775394421357,-0.35223806295834037,1.4981958824956936,1.5665986829772471,1.191408137297947,1.6215115856271138,0.4270655856514527,1.0,0.0,0
-0.06709007522642452,1.1007371077468535,0.5101562107766409,0.8671687424902568,0.608060009677447,0.0,-1.0121980279265403,-1.2795616347120953,-0.5069178038222568,-0.638325571740905,-1.1480745377487862,-1.0487421576863714,1.3045228005306544,1.0,0.0,0
-0.12504662717374385,1.1007371077468535,-1.0346924532162096,0.1787045493648319,-0.6417377404139537,0.0,-1.0121980279265403,-1.0477307417736565,0.4956390393367183,-0.638325571740905,-1.1480745377487862,-1.0487421576863714,1.2678091095315251,1.0,0.0,0
-0.31823513366480827,0.9695811735096576,1.2781214394331841,-0.03390939262978554,1.0422850785155424,0.0,0.3647860254821981,1.8501554199568273,1.4981958824956936,1.5665986829772471,0.5533674077397471,0.2863847139703712,0.46745064575049555,1.0,0.0,0
-0.30320936093772544,-0.5168527478452297,-0.9269051621383765,-0.06428281291473192,-1.0159381135875836,0.0,0.3647860254821981,-0.5840689558967791,1.4981958824956936,1.5665986829772471,0.23434704296064715,0.2863847139703712,-1.4930604536030352,1.0,0.0,0
1.2744967754059668,-0.07966630038790996,-0.7062564279062934,0.12808218222325582,0.1451854140489463,0.0,-1.4711927123961197,0.11142372291853707,0.4956390393367183,-0.638325571740905,-1.467094902527886,-1.0487421576863714,0.9814423197383126,1.0,0.0,0
-0.5758198089862274,-0.6917273268281576,-1.9338937060309989,-0.7122491123268974,-2.001893709981294,0.0,0.3647860254821981,-1.0477307417736565,-0.5069178038222568,-0.638325571740905,0.23434704296064715,0.2863847139703712,0.06360004476006775,0.0,1.0,0
3.2965364766791074,-0.6042900373366937,-1.651201930500905,0.37106954450281604,0.42556312972080296,0.0,-1.0121980279265403,-0.6999844023659983,-1.509474646981232,-0.638325571740905,-1.041734416155753,-1.0487421576863714,-0.4871053202268791,1.0,0.0,1
-0.6337763609335467,0.6635506602895337,-0.39296597773356196,-1.420962252308952,-0.5201741034829932,0.0,0.3647860254821981,-1.5113925276505338,0.9969174609162059,1.5665986829772471,0.1280069213676138,0.2863847139703712,-0.45773436742757495,0.0,1.0,0
-0.4105363089883168,-0.6917273268281576,0.4615673605903425,0.20907796964977468,-0.021381602174343046,0.0,-1.4711927123961197,-1.0477307417736565,-1.0081962254017445,-0.638325571740905,-1.5734350241209194,-1.0487421576863714,1.7157161397209082,1.0,0.0,0
0.05311610659023778,-0.29825952411656986,0.7287291555229172,-0.23639886119608633,0.5379807232155032,0.0,1.7417700788909365,-0.5840689558967791,-1.509474646981232,-0.638325571740905,1.7231087452631138,1.6215115856271138,0.5739203496479718,1.0,0.0,1
4.062850885760329,-0.03594765564217798,-0.8203479685336142,-0.40851490947744434,1.6385949965949183,0.0,-1.4711927123961197,-1.0477307417736565,-1.0081962254017445,-0.638325571740905,-1.5734350241209194,-1.0487421576863714,-0.30720823433114314,1.0,0.0,0
0.08746072996642694,0.7509879497809976,-1.9440420101838334,1.7479979307536657,-1.3157587427895043,0.0,0.3647860254821981,-0.35223806295834037,-1.0081962254017445,-0.638325571740905,0.3406871645536805,0.2863847139703712,-0.14566799393497187,1.0,0.0,0
1.0469636455387132,-0.8666019058110855,1.008345687370334,1.1709029453397062,1.1931645103018016,0.0,0.8237807099517775,-0.4681535094275597,-0.005639382242769227,-0.638325571740905,0.7660476509258137,0.2863847139703712,0.3830091564524971,1.0,0.0,1
1.8647949896842193,-0.8666019058110855,-0.7669924906391663,1.788495824466929,0.25602819211753525,0.0,0.3647860254821981,0.22733916938775642,1.4981958824956936,1.5665986829772471,0.3406871645536805,0.2863847139703712,-1.001096994214696,1.0,0.0,0
-0.48351863366271886,0.5761133707980697,-0.7932858241260557,1.849242665036818,-0.7701457674660895,0.0,1.282775394421357,0.8069164017338532,-0.5069178038222568,-0.638325571740905,1.4040883804840139,1.6215115856271138,1.5688613757243888,1.0,0.0,1
-0.4384413154814705,-0.3419781688623018,-1.2874774839322687,-0.9248630543215112,-1.337563879458735,0.0,-1.4711927123961197,-0.4681535094275597,1.4981958824956936,1.5665986829772471,-1.5734350241209194,-1.0487421576863714,0.18842659415710897,1.0,0.0,0
-0.6724140622317596,0.3575201470694098,-0.14602391001458936,-0.7729959528967865,-0.4152671681743616,0.0,-1.0121980279265403,-0.8158998488352177,1.4981958824956936,1.5665986829772471,-1.1480745377487862,-1.0487421576863714,-0.450391629227749,0.0,1.0,0
-0.48137209470170705,0.4012387918151418,-1.9255905480877706,-0.5401330640455393,-1.6997714274642879,0.0,-0.5532033434569608,-1.6273079741197531,1.4981958824956936,1.5665986829772471,-0.8290541729696862,-1.0487421576863714,1.6459601268225617,1.0,0.0,0
1.188635216965494,-0.6042900373366937,1.061778046356849,1.5657574090439947,1.37335973694336,0.0,1.282775394421357,1.038747294672292,0.4956390393367183,-0.638325571740905,1.4040883804840139,1.6215115856271138,1.1613394056340487,1.0,0.0,0
-0.6037248154793812,-0.29825952411656986,-0.3137784529046261,0.02683744794010362,-0.6540334147024366,0.0,1.7417700788909365,-0.23632261648912098,-0.005639382242769227,-0.638325571740905,1.7231087452631138,1.6215115856271138,0.48580749125006056,1.0,0.0,0
-0.5479148024930737,1.7127981341871013,0.279512934575857,0.5735590130691168,0.2906741314919793,0.0,1.282775394421357,1.3864936340799499,-1.509474646981232,-0.638325571740905,1.5104285020770472,1.6215115856271138,1.4513775645271738,0.0,1.0,1
4.942931859775179,-1.4349442875056013,-0.09051576154226716,1.0696582110565576,2.400139394767797,0.0,1.7417700788909365,-1.5113925276505338,1.4981958824956936,1.5665986829772471,1.5104285020770472,1.6215115856271138,-1.1259235436117372,1.0,0.0,0
-0.3525797570409975,0.13892692334074994,0.6080258409778398,-0.6717512186136343,0.3108438829110177,0.0,0.8237807099517775,1.2705781876107307,0.4956390393367183,-0.638325571740905,0.9787278941118804,0.2863847139703712,-0.7330870499210483,1.0,0.0,1
-0.45132054924754145,0.1826455680864819,-1.0912000558854016,-0.4996351703322799,-1.0739034352332881,0.0,0.8237807099517775,-0.23632261648912098,0.9969174609162059,1.5665986829772471,0.7660476509258137,0.2863847139703712,1.7010306633212562,1.0,0.0,0
-0.13363278301779113,-0.1671035898793739,-1.6580443476948614,-0.2161499143394566,-1.4187274437275377,0.0,-0.09420865898738136,1.3864936340799499,-1.509474646981232,-0.638325571740905,0.1280069213676138,0.2863847139703712,-0.8725990757177419,1.0,0.0,1
-0.4083897700273049,1.4504862657127093,-0.5787875772593267,0.6646792739239524,-0.3649336443628874,0.0,1.282775394421357,1.2705781876107307,1.4981958824956936,1.5665986829772471,1.4040883804840139,1.6215115856271138,-1.015782470614348,0.0,1.0,0
-0.5779663479472393,1.2756116867297813,1.0194934457200386,0.6950526942088987,0.7597874190008433,0.0,-1.4711927123961197,1.3864936340799499,-1.0081962254017445,-0.638325571740905,-1.2544146593418195,-1.0487421576863714,-1.496731822702948,0.0,1.0,1
0.17546882736791186,0.9258625287639255,0.9965828802840939,-0.0440338660581022,1.0894084016507126,0.0,-0.09420865898738136,0.5750855087954145,-1.509474646981232,-0.638325571740905,0.02166679977458048,0.2863847139703712,-0.6596596679227891,1.0,0.0,0
-0.09070200379755458,-1.5223815769970652,1.6872826114133745,0.14833112907988552,0.9406489137072952,0.0,-0.5532033434569608,1.038747294672292,-1.0081962254017445,-0.638325571740905,-0.40369368659755284,-1.0487421576863714,-0.22276674503314436,1.0,0.0,0
0.37509695074201166,0.9258625287639255,1.2651285348738732,1.515135041902422,1.4136386699573555,0.0,-0.5532033434569608,0.34325461585697575,-0.5069178038222568,-0.638325571740905,-0.5100338081905862,-1.0487421576863714,-0.1970671613337538,1.0,0.0,0
0.3901227234690945,-0.9103205505568176,1.282196137312731,0.9279155830601459,1.0285357284491103,0.0,1.7417700788909365,-0.12040717001990163,0.4956390393367183,-0.638325571740905,1.7231087452631138,1.6215115856271138,-0.4650771056274013,1.0,0.0,0
-0.507130562233849,-1.1289137742854773,1.0176482995104323,-1.3804643585956924,0.26529537520195834,0.0,-1.4711927123961197,-1.5113925276505338,0.4956390393367183,-0.638325571740905,-1.6797751457139527,-1.0487421576863714,1.4330207190276092,0.0,1.0,0
0.321433476716716,-0.42941545835376577,-0.7414679680729462,-1.03623226203298,-0.4979449780451943,0.0,0.3647860254821981,0.6910009552646338,-0.005639382242769227,-0.638325571740905,0.4470272861467138,0.2863847139703712,1.745087092520212,1.0,0.0,0
-0.39336399730022215,0.0077709891035539986,-0.6601277726661366,1.6265042496138875,-0.7403454140181411,0.0,0.3647860254821981,0.11142372291853707,0.9969174609162059,1.5665986829772471,0.3406871645536805,0.2863847139703712,-0.43570615282809716,1.0,0.0,0
-0.36760552976808025,-0.9103205505568176,-0.2252883159355921,-0.8539917403233089,-0.5867403401482275,0.0,-1.0121980279265403,-1.2795616347120953,-0.5069178038222568,-0.638325571740905,-1.1480745377487862,-1.0487421576863714,-0.2741659124319263,1.0,0.0,0
0.042383411785178585,0.9695811735096576,-0.3033226243835238,-1.1476014697444452,-0.00012159392184298361,0.0,1.282775394421357,-0.35223806295834037,1.4981958824956936,1.5665986829772471,1.191408137297947,1.6215115856271138,0.3205958817539765,1.0,0.0,0
-0.4470274713255178,-0.47313410309949777,1.3197909913334591,-0.01366044577315582,0.6826214631213997,0.0,0.8237807099517775,1.5024090805491692,1.4981958824956936,1.5665986829772471,0.9787278941118804,0.2863847139703712,0.5775917187478848,0.0,1.0,1
-0.42341554275438775,-0.6042900373366937,-1.0255436032602452,0.02683744794010362,-1.1808697445606806,0.0,-0.09420865898738136,0.22733916938775642,0.4956390393367183,-0.638325571740905,-0.08467332181845284,0.2863847139703712,1.297180062330829,0.0,1.0,1
-0.668120984309736,-0.5168527478452297,-0.0043320573352410895,-1.9676838174379652,-0.4950376264892968,0.0,1.7417700788909365,-1.5113925276505338,1.4981958824956936,1.5665986829772471,1.5104285020770472,1.6215115856271138,-1.316834736807212,0.0,1.0,0
0.952515931254193,0.3575201470694098,0.8156816706506127,-0.8438672668949924,1.2594278978466305,0.0,0.3647860254821981,1.5024090805491692,-0.005639382242769227,-0.638325571740905,0.5533674077397471,0.2863847139703712,-0.979068779615218,1.0,0.0,0
-0.6380694388555704,0.2263642128322139,0.7127378883729958,-0.16552754719788051,0.2516065949596078,0.0,-0.09420865898738136,-0.004491723550682283,-0.5069178038222568,-0.638325571740905,-0.08467332181845284,0.2863847139703712,-0.7624580027203525,0.0,1.0,1
-0.5221563349609317,0.3575201470694098,0.2083979244139487,-0.4692617500473335,-0.051242525446372846,0.0,-0.09420865898738136,0.9228318482030725,-0.005639382242769227,-0.638325571740905,0.02166679977458048,0.2863847139703712,0.8970008304403143,0.0,1.0,0
-0.5607940362591447,-0.6480086820824257,-1.0648298413064452,-0.35789254233586826,-1.2990414713430942,0.0,-1.0121980279265403,1.038747294672292,-1.0081962254017445,-0.638325571740905,-0.8290541729696862,-1.0487421576863714,-1.2287218784093006,1.0,0.0,1
-0.5822594258692628,1.5379235552041732,-1.9441957723679673,0.5128121724992277,-1.5193944913504855,0.0,-1.4711927123961197,1.5024090805491692,-0.5069178038222568,-0.638325571740905,-1.2544146593418195,-1.0487421576863714,0.7574888046436212,0.0,1.0,0
-0.6831467570368187,0.9258625287639255,0.3021159756435338,-1.6841985614451418,0.05772258807569932,0.0,0.3647860254821981,-1.5113925276505338,0.9969174609162059,1.5665986829772471,0.1280069213676138,0.2863847139703712,-0.9313409813163492,0.0,1.0,0
-0.6638279063877123,-1.1289137742854773,-0.34637603594100363,-1.177974890029388,-0.8977663868051698,0.0,1.282775394421357,0.22733916938775642,0.4956390393367183,-0.638325571740905,1.2977482588909803,1.6215115856271138,-0.3108796034310559,0.0,1.0,0
-0.45990670509158876,1.0570184630011215,1.1834808150987959,-1.8664390831548165,0.9071538009903937,0.0,1.7417700788909365,-0.23632261648912098,-0.005639382242769227,-0.638325571740905,1.7231087452631138,1.6215115856271138,-0.1970671613337538,0.0,1.0,0
-0.4191224648323641,-1.2163510637769415,1.4911589455506413,-0.8236183200383626,0.6686298337586432,0.0,-0.5532033434569608,0.6910009552646338,0.9969174609162059,1.5665986829772471,-0.5100338081905862,-1.0487421576863714,0.8309161866418805,1.0,0.0,1
-0.4105363089883168,-0.5605713925909617,0.23230794404676294,1.5556329356156817,-0.17292730202549564,0.0,-1.4711927123961197,0.8069164017338532,-0.005639382242769227,-0.638325571740905,-1.3607547809348528,-1.0487421576863714,-1.4747036081034701,1.0,0.0,0
0.49101005463665026,-0.6042900373366937,-0.18615584007352573,1.1506539984830764,-0.0035135040703901874,0.0,-1.0121980279265403,0.22733916938775642,-1.0081962254017445,-0.638325571740905,-0.9353942945627195,-1.0487421576863714,1.6092464358234315,1.0,0.0,0
-0.6745606011927714,-0.6042900373366937,0.5028525070302828,0.5938079599257502,-0.11847503017650055,0.0,-0.09420865898738136,-0.5840689558967791,0.4956390393367183,-0.638325571740905,-0.19101344341148618,0.2863847139703712,-0.7624580027203525,1.0,0.0,1
-0.592992120674322,0.31380150232367787,-0.2920211038496854,-1.917061450296389,-0.49515876613745907,0.0,-1.0121980279265403,-0.9318152953044371,0.9969174609162059,1.5665986829772471,-1.1480745377487862,-1.0487421576863714,-0.2080812686334925,0.0,1.0,0
1.3904098793006054,-1.6098188664885291,-0.040389289514630285,0.4216919116443921,0.3960050555691797,0.0,-0.09420865898738136,1.5024090805491692,-1.0081962254017445,-0.638325571740905,0.1280069213676138,0.2863847139703712,-0.7294156808211356,1.0,0.0,0
-0.6230436661284876,-0.9540391953025495,-1.6558147960249205,-0.4996351703322799,-1.8676104099932822,0.0,-1.0121980279265403,-0.35223806295834037,-0.005639382242769227,-0.638325571740905,-1.041734416155753,-1.0487421576863714,-0.1860530540340147,0.0,1.0,0
-0.5951386596353339,-0.9540391953025495,-0.32100527555891734,-0.35789254233586826,-0.8002489700344442,0.0,1.282775394421357,1.038747294672292,0.4956390393367183,-0.638325571740905,1.4040883804840139,1.6215115856271138,-0.986411517815044,1.0,0.0,1
-0.4878117115847425,-1.3037883532684054,1.0088838550148025,-0.550257537473856,0.23052829617935144,0.0,0.8237807099517775,-0.35223806295834037,0.4956390393367183,-0.638325571740905,0.7660476509258137,0.2863847139703712,-0.006155968138278794,0.0,1.0,0
0.5167685221687922,-0.07966630038790996,0.8011511442499629,-0.6717512186136343,0.905154996795714,0.0,-1.0121980279265403,0.8069164017338532,1.4981958824956936,1.5665986829772471,-0.9353942945627195,-1.0487421576863714,0.7978738647426632,1.0,0.0,0
-0.39551053626123395,0.7509879497809976,1.0061161357003932,-0.7831204263251031,0.7359229083128522,0.0,-0.5532033434569608,0.22733916938775642,-1.0081962254017445,-0.638325571740905,-0.5100338081905862,-1.0487421576863714,-0.615603238723833,1.0,0.0,1
-0.3075024388597491,-1.740974800725725,-0.486760910055214,-0.16552754719788051,-0.9429514755697421,0.0,0.3647860254821981,-0.6999844023659983,0.9969174609162059,1.5665986829772471,0.23434704296064715,0.2863847139703712,0.6583618389459706,1.0,0.0,1
1.7767868922827343,-1.2163510637769415,-1.0913538180695352,-0.45913727661902043,-0.1267125262515429,0.0,-0.09420865898738136,-0.4681535094275597,0.9969174609162059,1.5665986829772471,-0.19101344341148618,0.2863847139703712,1.3779501825289144,1.0,0.0,0
-0.5865525037912865,-0.42941545835376577,0.9429198780213781,0.5330611193558574,0.31665858602281277,0.0,1.282775394421357,0.11142372291853707,-0.005639382242769227,-0.638325571740905,1.2977482588909803,1.6215115856271138,-0.04286965913740845,0.0,1.0,0
0.7228362624259276,0.051489633849285975,-0.6762728020001915,1.7581224041819825,-0.11344773477776116,0.0,1.7417700788909365,-0.12040717001990163,0.4956390393367183,-0.638325571740905,1.7231087452631138,1.6215115856271138,-1.4453326553041663,1.0,0.0,0
-0.5758198089862274,-0.42941545835376577,1.2103891973222205,-1.7145719817300882,0.5334379864094135,0.0,1.282775394421357,1.3864936340799499,-1.509474646981232,-0.638325571740905,1.5104285020770472,1.6215115856271138,1.1613394056340487,0.0,1.0,0
-0.6402159778165821,1.0570184630011215,-1.662810975403011,-0.35789254233586826,-1.4370195306000588,0.0,0.3647860254821981,0.11142372291853707,0.9969174609162059,1.5665986829772471,0.3406871645536805,0.2863847139703712,0.9190290450397917,0.0,1.0,0
-0.530742490804979,1.1881743972383174,0.04095090589217937,-0.995734368319717,-0.0038769230148775844,0.0,-1.0121980279265403,-0.9318152953044371,0.9969174609162059,1.5665986829772471,-1.1480745377487862,-1.0487421576863714,-0.8468994920183509,0.0,1.0,1
0.4373465806113546,-0.12338494513364194,0.887796135009391,0.5735590130691168,0.9189043468621455,0.0,0.8237807099517775,-1.5113925276505338,-1.0081962254017445,-0.638325571740905,0.6597075293327804,0.2863847139703712,1.0989261309355276,1.0,0.0,1
-0.5522078804150974,-0.9540391953025495,-0.1725478867776794,-1.8158167160132404,-0.6590607101011761,0.0,-1.4711927123961197,0.34325461585697575,1.4981958824956936,1.5665986829772471,-1.467094902527886,-1.0487421576863714,-0.7808148482199171,0.0,1.0,0
-0.6788536791147951,-0.07966630038790996,0.521534612402546,-0.14527860034125079,0.010114706347878942,0.0,-0.09420865898738136,0.11142372291853707,-0.005639382242769227,-0.638325571740905,-0.08467332181845284,0.2863847139703712,-0.31822234163088187,1.0,0.0,1
-0.2645716596395125,0.9258625287639255,-0.12580418280098735,-0.9046141074648815,-0.04318673884357365,0.0,-0.5532033434569608,-0.35223806295834037,-0.005639382242769227,-0.638325571740905,-0.6163739297836195,-1.0487421576863714,-0.43937752192801033,1.0,0.0,0
2.5044636000657436,-0.8666019058110855,1.5219113823774124,1.7075000370404063,2.4203091461868356,0.0,-1.4711927123961197,1.038747294672292,0.9969174609162059,1.5665986829772471,-1.3607547809348528,-1.0487421576863714,0.6583618389459706,1.0,0.0,1
0.033797255941131275,0.6198320155438017,-0.24581556751746175,0.7051771676372154,-0.03719032625953546,0.0,1.282775394421357,-0.35223806295834037,1.4981958824956936,1.5665986829772471,1.191408137297947,1.6215115856271138,0.206783439656674,1.0,0.0,0
-0.6488021336606294,0.7072693050352656,0.3621601085478046,-1.1982238368860214,0.07595410512413903,0.0,0.8237807099517775,0.34325461585697575,-0.005639382242769227,-0.638325571740905,0.8723877725188471,0.2863847139703712,1.5321476847252595,0.0,1.0,1
-0.4942513284677779,-0.9103205505568176,1.3548487693159783,-0.7426225326118401,0.5866788617767846,0.0,-0.09420865898738136,1.3864936340799499,-1.509474646981232,-0.638325571740905,0.1280069213676138,0.2863847139703712,-1.3278488441069511,1.0,0.0,0
2.055836957214272,-0.8228832610653536,0.8103768752979946,-0.681875692041951,1.6162447315089565,0.0,0.8237807099517775,-0.004491723550682283,-1.509474646981232,-0.638325571740905,0.8723877725188471,0.2863847139703712,0.2802108216549337,1.0,0.0,0
3.616370781869869,-0.9540391953025495,-1.9443495345521011,0.7254261144938451,0.297579091437236,0.0,0.3647860254821981,0.8069164017338532,0.4956390393367183,-0.638325571740905,0.4470272861467138,0.2863847139703712,1.2751518477313508,1.0,0.0,1
-0.569380192103192,-0.1671035898793739,0.7794706762870893,1.5252595153307353,0.25572534299712923,0.0,-1.4711927123961197,-1.163646188242876,-1.509474646981232,-0.638325571740905,-1.5734350241209194,-1.0487421576863714,1.2017244657330914,1.0,0.0,0
-0.1400723999008266,0.4449574365608738,-1.673574328292381,0.35082059764618634,-1.2989203316949316,0.0,-1.4711927123961197,-0.12040717001990163,-0.5069178038222568,-0.638325571740905,-1.467094902527886,-1.0487421576863714,0.9630854742387472,1.0,0.0,0
2.6611609442196067,1.1881743972383174,-1.3725079717582909,1.6062553027572577,0.6838934294271045,0.0,0.8237807099517775,1.1546627411415114,-0.005639382242769227,-0.638325571740905,0.9787278941118804,0.2863847139703712,-0.8982986594171324,1.0,0.0,0
-0.5285959518439672,0.09520827859501796,0.03287839122515185,0.7760484816354212,-0.2513046543865638,0.0,-0.5532033434569608,0.22733916938775642,-1.0081962254017445,-0.638325571740905,-0.5100338081905862,-1.0487421576863714,0.5408780277487553,0.0,1.0,1
1.2744967754059668,-1.6972561559799932,0.29781063448778583,-0.5401330640455393,0.5776539579886867,0.0,-1.4711927123961197,0.5750855087954145,-1.0081962254017445,-0.638325571740905,-1.3607547809348528,-1.0487421576863714,-1.4343185480044276,1.0,0.0,1
-0.4985444063898017,1.0570184630011215,-0.21191100591594655,-1.6335761943035694,-0.21399364275254673,0.0,0.8237807099517775,-0.004491723550682283,-1.509474646981232,-0.638325571740905,0.8723877725188471,0.2863847139703712,-0.2521376978324485,0.0,1.0,0
-0.6316298219725348,-0.3419781688623018,0.08238981451625343,0.24957586336303772,-0.3673564373261352,0.0,-0.5532033434569608,-0.12040717001990163,0.9969174609162059,1.5665986829772471,-0.6163739297836195,-1.0487421576863714,-0.6927019898220059,0.0,1.0,0
-0.6616813674267005,0.5323947260523377,1.4600989843556027,-0.4996351703322799,0.8949186965259921,0.0,-1.4711927123961197,-0.004491723550682283,-0.005639382242769227,-0.638325571740905,-1.467094902527886,-1.0487421576863714,-0.2521376978324485,0.0,1.0,1
-0.0585039193823772,-1.0414764847940134,0.29012252528109306,-0.05415833948641526,-0.035312661713018154,0.0,-0.09420865898738136,-1.2795616347120953,0.9969174609162059,1.5665986829772471,-0.2973535650045195,0.2863847139703712,-0.13832525573514595,1.0,0.0,1
0.3514850221708817,0.7072693050352656,-1.9621090668195615,-1.0767301557462394,-1.1906820560618343,0.0,-0.5532033434569608,1.734239973487608,-1.509474646981232,-0.638325571740905,-0.2973535650045195,-1.0487421576863714,-0.6596596679227891,1.0,0.0,0
-0.4663463219746242,0.3575201470694098,-1.0414579893180993,-0.11490518005630801,-1.0044298470121562,0.0,-1.4711927123961197,1.8501554199568273,0.9969174609162059,1.5665986829772471,-1.2544146593418195,-1.0487421576863714,1.410992504428131,0.0,1.0,0
-0.5543544193761091,1.1444557524925854,1.5486660024167036,-0.5907554311871154,1.1609413638906054,0.0,-1.4711927123961197,-0.5840689558967791,0.9969174609162059,1.5665986829772471,-1.5734350241209194,-1.0487421576863714,0.7464746973438817,0.0,1.0,1
-0.6273367440505112,-0.1671035898793739,-0.0947442216059483,-0.25664780805271603,-0.46572183163399805,0.0,1.282775394421357,-0.23632261648912098,-1.509474646981232,-0.638325571740905,1.2977482588909803,1.6215115856271138,0.7795170192430986,1.0,0.0,0
-0.6724140622317596,0.27008285757794587,0.04594817687652995,0.2293269165064044,-0.2834066611495977,0.0,1.282775394421357,-1.163646188242876,1.4981958824956936,1.5665986829772471,1.0850680157049137,1.6215115856271138,0.6253195170467536,0.0,1.0,0
1.1950748338485295,-1.2163510637769415,0.9607562913809053,-0.4490128031907038,1.161728771603661,0.0,-1.0121980279265403,-0.6999844023659983,-1.509474646981232,-0.638325571740905,-1.041734416155753,-1.0487421576863714,-0.43570615282809716,1.0,0.0,1
0.905292074111933,0.0077709891035539986,1.0186477537073022,0.9279155830601459,1.315152136001331,0.0,-1.0121980279265403,-0.004491723550682283,1.4981958824956936,1.5665986829772471,-1.041734416155753,-1.0487421576863714,-0.43570615282809716,1.0,0.0,0
-0.5822594258692628,1.0132998182553896,1.0226455704947823,-0.4996351703322799,0.7017009577069765,0.0,-0.5532033434569608,1.5024090805491692,0.9969174609162059,1.5665986829772471,-0.40369368659755284,-1.0487421576863714,-0.788157586419743,1.0,0.0,1
2.3155681714967025,0.5323947260523377,1.1588019845453121,-1.167850416601075,2.3377524759641646,0.0,1.7417700788909365,-0.23632261648912098,-0.005639382242769227,-0.638325571740905,1.7231087452631138,1.6215115856271138,0.8492730321414451,1.0,0.0,1
-0.642362516777594,1.5379235552041732,-1.1288717909981965,-1.1374769963161286,-0.9109706084548705,0.0,0.3647860254821981,-0.6999844023659983,0.9969174609162059,1.5665986829772471,0.23434704296064715,0.2863847139703712,-0.9093127667168714,0.0,1.0,1
-0.6767071401537833,0.7509879497809976,-1.1093439936131966,-0.8236183200383626,-1.0894093101980744,0.0,1.282775394421357,0.34325461585697575,0.9969174609162059,1.5665986829772471,1.2977482588909803,1.6215115856271138,0.15905564135780526,0.0,1.0,0
-0.23237357522433516,1.4504862657127093,0.30403800294520705,0.6140569067823799,0.42992415705464954,0.0,-0.5532033434569608,0.8069164017338532,1.4981958824956936,1.5665986829772471,-0.5100338081905862,-1.0487421576863714,1.6349460195228225,1.0,0.0,1
-0.6488021336606294,1.6253608446956371,0.3721546505165053,-1.177974890029388,0.2873427911675135,0.0,1.282775394421357,1.3864936340799499,-1.509474646981232,-0.638325571740905,1.5104285020770472,1.6215115856271138,-1.162637234610867,1.0,0.0,1
2.5280755286368737,1.2318930419840495,0.5359882577111283,-1.0666056823179229,2.122063332411025,0.0,-0.5532033434569608,-0.23632261648912098,0.4956390393367183,-0.638325571740905,-0.6163739297836195,-1.0487421576863714,-0.8836131830174805,1.0,0.0,1
-0.5264494128829554,0.1826455680864819,0.999811886150905,1.1810274187680228,0.5310757632702471,0.0,0.8237807099517775,0.11142372291853707,-1.0081962254017445,-0.638325571740905,0.8723877725188471,0.2863847139703712,1.131968452834745,1.0,0.0,0
-0.2946232050936781,-1.1289137742854773,-1.6468965893451568,0.796297428492051,-1.714005336123369,0.0,1.282775394421357,1.734239973487608,-0.005639382242769227,-0.638325571740905,1.5104285020770472,1.6215115856271138,-0.8982986594171324,1.0,0.0,0
-0.6852932959978305,0.5323947260523377,0.4137473213247131,1.2114008390529691,0.05723802948304964,0.0,-1.4711927123961197,1.734239973487608,0.4956390393367183,-0.638325571740905,-1.2544146593418195,-1.0487421576863714,-1.1883368183102578,1.0,0.0,0
-0.4062432310662931,-0.7791646163196216,1.1175937191974386,-0.02378491920147248,0.4785011559677687,0.0,-0.5532033434569608,-1.6273079741197531,1.4981958824956936,1.5665986829772471,-0.8290541729696862,-1.0487421576863714,-0.5495185949253997,1.0,0.0,0
-0.22378741938028784,0.09520827859501796,1.0642382413029907,0.3305716507895566,0.7332578360532793,0.0,-0.5532033434569608,1.734239973487608,-1.509474646981232,-0.638325571740905,-0.2973535650045195,-1.0487421576863714,0.9300431523395307,1.0,0.0,0
-0.4341482375594468,-0.25454087937083786,0.126596442454737,1.646753196470517,-0.20169796846406382,0.0,0.8237807099517775,0.22733916938775642,-0.5069178038222568,-0.638325571740905,0.8723877725188471,0.2863847139703712,0.9300431523395307,1.0,0.0,1
0.7528878078800932,-1.5661002217427973,-0.6783485914859984,0.016712974511790556,-0.4566969278458995,0.0,-1.0121980279265403,-0.8158998488352177,1.4981958824956936,1.5665986829772471,-1.1480745377487862,-1.0487421576863714,0.5849344569477108,1.0,0.0,0
1.2165402234586478,0.2263642128322139,-1.8424820875634216,-0.25664780805271603,-0.7148455180799576,0.0,-0.5532033434569608,1.2705781876107307,-0.005639382242769227,-0.638325571740905,-0.40369368659755284,-1.0487421576863714,-1.158965865510954,1.0,0.0,1
-0.6187505882064639,0.4886760813066058,-0.785597714919363,0.036961921368420275,-0.8597891071062598,0.0,1.282775394421357,0.22733916938775642,0.4956390393367183,-0.638325571740905,1.2977482588909803,1.6215115856271138,1.3302223842300454,0.0,1.0,0
-0.4212690037933759,1.6253608446956371,-0.7810617304874142,0.2597003367913508,-0.4927965429982926,0.0,-0.09420865898738136,-0.4681535094275597,0.9969174609162059,1.5665986829772471,-0.19101344341148618,0.2863847139703712,-1.4122903334049495,0.0,1.0,0
0.3085542429506451,1.4504862657127093,0.35354942623630864,0.30019823050461025,0.7742030371321681,0.0,-1.0121980279265403,0.4591700623261951,-0.005639382242769227,-0.638325571740905,-0.9353942945627195,-1.0487421576863714,0.6069626715471886,1.0,0.0,0
0.4094415741182009,-1.1289137742854773,-0.7478490987145013,0.8165463753486807,-0.6083637673452147,0.0,0.3647860254821981,1.2705781876107307,-1.0081962254017445,-0.638325571740905,0.5533674077397471,0.2863847139703712,-0.979068779615218,1.0,0.0,0
-0.6144575102844403,0.4449574365608738,0.7999979278689592,-1.9373103971530188,0.38213456585458544,0.0,1.282775394421357,1.5024090805491692,-1.0081962254017445,-0.638325571740905,1.5104285020770472,1.6215115856271138,0.47112201485040833,0.0,1.0,0
-0.6123109713234285,-0.07966630038790996,0.2066296592964092,0.3103227039329269,-0.200426002158359,0.0,-0.5532033434569608,1.2705781876107307,-0.005639382242769227,-0.638325571740905,-0.40369368659755284,-1.0487421576863714,1.117282976435093,0.0,1.0,1
-0.5457682635320618,-1.4349442875056013,0.23653640411044408,-1.2285972571709642,-0.43973737710316463,0.0,0.8237807099517775,0.5750855087954145,0.9969174609162059,1.5665986829772471,0.8723877725188471,0.2863847139703712,0.889658092240488,0.0,1.0,0
1.2294194572247183,1.3193303314755134,-1.6290601759856294,1.1202805781981338,-0.29715601121602914,0.0,1.282775394421357,0.9228318482030725,-0.005639382242769227,-0.638325571740905,1.4040883804840139,1.6215115856271138,-1.5150886682025129,1.0,0.0,0
0.6670262494396201,1.0132998182553896,-1.933816824938932,0.7051771676372154,-0.9224788750302978,0.0,-1.0121980279265403,0.4591700623261951,-0.005639382242769227,-0.638325571740905,-0.9353942945627195,-1.0487421576863714,-0.9827401487151312,1.0,0.0,0
0.06814187931732053,-0.9540391953025495,1.2075445969157441,1.2114008390529691,0.7783217851696895,0.0,-0.5532033434569608,-1.5113925276505338,-1.509474646981232,-0.638325571740905,-0.7227140513766528,-1.0487421576863714,-0.18972442313392787,1.0,0.0,1
-0.27530435444457174,1.4942049104584412,1.210927364966689,1.059533737628241,1.1298690441369517,0.0,-0.5532033434569608,-1.6273079741197531,1.4981958824956936,1.5665986829772471,-0.8290541729696862,-1.0487421576863714,1.1356398219346577,1.0,0.0,0
2.2318531520172415,1.6690794894413692,0.6556152369672683,1.6265042496138875,2.146048982747179,0.0,-1.0121980279265403,-1.3954770811813144,-1.0081962254017445,-0.638325571740905,-1.1480745377487862,-1.0487421576863714,-0.3696215090296638,1.0,0.0,0
-0.5157167180778963,-0.6480086820824257,0.41959028432179957,-1.3298419914541164,-0.10411998186925718,0.0,1.282775394421357,1.6183245270183886,-0.5069178038222568,-0.638325571740905,1.5104285020770472,1.6215115856271138,1.844214058217862,0.0,1.0,0
-0.4362947765204587,-1.1289137742854773,0.4282009666332955,0.36094507107450297,-0.15911738213498283,0.0,0.8237807099517775,0.4591700623261951,0.4956390393367183,-0.638325571740905,0.8723877725188471,0.2863847139703712,-1.2287218784093006,1.0,0.0,0
-0.4577601661305769,-1.1726324190312094,-1.8341020485281263,-2.1397998657193233,-1.963250162217491,0.0,0.8237807099517775,-1.5113925276505338,-1.0081962254017445,-0.638325571740905,0.6597075293327804,0.2863847139703712,-1.2984778913076471,0.0,1.0,0
-0.28389051028861906,-1.6535375112342612,1.4557936431998548,0.9481645299167757,0.6201739744936863,0.0,0.3647860254821981,-0.5840689558967791,1.4981958824956936,1.5665986829772471,0.23434704296064715,0.2863847139703712,-0.8138571701191339,1.0,0.0,0
-0.6015782765183694,-0.6042900373366937,0.1612698149769219,-1.0868546291745524,-0.3463992781940417,0.0,0.8237807099517775,0.11142372291853707,-1.0081962254017445,-0.638325571740905,0.8723877725188471,0.2863847139703712,1.1429825601344838,0.0,1.0,1
-0.05421084146035354,0.7509879497809976,-1.1459393934370543,0.6140569067823799,-0.7669355667897862,0.0,0.3647860254821981,0.4591700623261951,-1.0081962254017445,-0.638325571740905,0.4470272861467138,0.2863847139703712,0.041571830160589955,1.0,0.0,0
-0.642362516777594,-1.3037883532684054,1.2897304843352901,-0.7628714794684698,0.3645693168710386,0.0,-0.09420865898738136,1.3864936340799499,-1.509474646981232,-0.638325571740905,0.1280069213676138,0.2863847139703712,-0.3769642472294897,0.0,1.0,0
0.5983370026872417,-0.8666019058110855,0.3049605760500102,-0.4996351703322799,0.3858293251235386,0.0,0.8237807099517775,1.734239973487608,-1.0081962254017445,-0.638325571740905,1.0850680157049137,0.2863847139703712,0.01954361556111216,1.0,0.0,0
0.5382339117789106,1.1007371077468535,0.9416128994562406,-0.10478070662799135,1.2895916702390657,0.0,-0.5532033434569608,-1.2795616347120953,-0.5069178038222568,-0.638325571740905,-0.7227140513766528,-1.0487421576863714,0.5739203496479718,1.0,0.0,0
-0.5715267310642037,-1.3037883532684054,-1.3215358077179176,-0.02378491920147248,-1.6527086741531984,0.0,-1.0121980279265403,-1.3954770811813144,-1.0081962254017445,-0.638325571740905,-1.1480745377487862,-1.0487421576863714,-0.9607119341156534,0.0,1.0,0
-0.5264494128829554,-0.03594765564217798,0.7211179274082912,-0.05415833948641526,0.2630542917109542,0.0,1.7417700788909365,-1.3954770811813144,-1.509474646981232,-0.638325571740905,1.6167686236700805,1.6215115856271138,1.7414157234202992,1.0,0.0,1
-0.605871354440393,-0.9103205505568176,-1.6114544059023033,-1.3197175180257996,-1.8132792777924494,0.0,-1.0121980279265403,-0.9318152953044371,0.9969174609162059,1.5665986829772471,-1.1480745377487862,-1.0487421576863714,1.1282970837348314,0.0,1.0,0
-0.5436217245710501,1.1881743972383174,-1.6139914819405117,0.016712974511790556,-1.3149713350764487,0.0,-1.4711927123961197,1.8501554199568273,0.9969174609162059,1.5665986829772471,-1.2544146593418195,-1.0487421576863714,0.03790046106067718,1.0,0.0,0
-0.5114236401558726,0.8821438840181935,-0.038697905489158094,-1.03623226203298,-0.1235628953993208,0.0,-1.4711927123961197,-0.8158998488352177,-0.005639382242769227,-0.638325571740905,-1.5734350241209194,-1.0487421576863714,-0.18972442313392787,0.0,1.0,0
0.199080755939042,1.4942049104584412,0.9424585914689765,1.6568776698988301,1.1860778408843018,0.0,1.282775394421357,-1.2795616347120953,0.9969174609162059,1.5665986829772471,1.0850680157049137,1.6215115856271138,1.2164099421327432,1.0,0.0,0
-0.5607940362591447,0.7509879497809976,-1.027773154930186,-1.177974890029388,-0.9597293168402333,0.0,-1.0121980279265403,1.5024090805491692,0.9969174609162059,1.5665986829772471,-0.8290541729696862,-1.0487421576863714,-1.4012762261052105,1.0,0.0,0
-0.48137209470170705,-0.6480086820824257,0.4049828768290834,-1.0969791026028692,-0.09624590473870168,0.0,0.3647860254821981,-0.5840689558967791,1.4981958824956936,1.5665986829772471,0.23434704296064715,0.2863847139703712,0.8492730321414451,1.0,0.0,0
1.1607302104723403,-1.1289137742854773,-0.9011499962959557,0.036961921368420275,-0.3051512279947469,0.0,-1.0121980279265403,1.5024090805491692,0.9969174609162059,1.5665986829772471,-0.8290541729696862,-1.0487421576863714,-0.21909537593323158,1.0,0.0,0
1.5642795351425633,-0.8228832610653536,0.9805147320421062,1.7479979307536657,1.4728759579087656,0.0,1.7417700788909365,-0.6999844023659983,1.4981958824956936,1.5665986829772471,1.6167686236700805,1.6215115856271138,-1.0451534234136517,1.0,0.0,0
-0.668120984309736,1.2756116867297813,-1.9632622832005655,0.5026876990709146,-1.6410186981055275,0.0,-0.5532033434569608,-0.12040717001990163,0.9969174609162059,1.5665986829772471,-0.6163739297836195,-1.0487421576863714,1.1209543455350057,0.0,1.0,0
-0.5479148024930737,1.7127981341871013,0.24084174526619204,0.19895349622146163,0.26020750997913755,0.0,-1.0121980279265403,-0.35223806295834037,-0.005639382242769227,-0.638325571740905,-1.041734416155753,-1.0487421576863714,1.8478854273177756,0.0,1.0,0
-0.6595348284656887,-0.5168527478452297,1.0256439330853928,-0.0946562331996783,0.3212618926529833,0.0,1.7417700788909365,-0.23632261648912098,-0.005639382242769227,-0.638325571740905,1.7231087452631138,1.6215115856271138,-1.0414820543137386,0.0,1.0,0
-0.5371821076880146,-0.9540391953025495,-1.9191325363541487,0.7760484816354212,-2.026606198206422,0.0,1.282775394421357,-1.6273079741197531,-0.5069178038222568,-0.638325571740905,1.0850680157049137,1.6215115856271138,1.5101194701257814,0.0,1.0,1
-0.4105363089883168,-0.3856968136080338,1.3232506404764708,0.18882902279314498,0.7253231890986429,0.0,0.3647860254821981,1.3864936340799499,-0.5069178038222568,-0.638325571740905,0.5533674077397471,0.2863847139703712,0.3426240963534543,0.0,1.0,0
-0.642362516777594,-1.6535375112342612,-0.14663895875112465,0.5836834864974335,-0.8445860812618796,0.0,-0.09420865898738136,-1.3954770811813144,0.4956390393367183,-0.638325571740905,-0.2973535650045195,0.2863847139703712,0.4601079075506696,0.0,1.0,0
-0.30320936093772544,-1.3037883532684054,1.2958809717006445,1.3430189936210641,0.5608155468941141,0.0,-1.0121980279265403,0.6910009552646338,0.9969174609162059,1.5665986829772471,-0.9353942945627195,-1.0487421576863714,1.3412364915297845,1.0,0.0,0
0.2720630806134441,-0.6042900373366937,-1.0663674631477837,1.1506539984830764,-0.8205398611016448,0.0,-1.0121980279265403,-0.6999844023659983,-1.509474646981232,-0.638325571740905,-1.041734416155753,-1.0487421576863714,-1.54813099010173,1.0,0.0,0
-0.3912174583392103,-0.2108222346251059,-0.15302008939267955,0.7355505879221582,-0.3880713171619042,0.0,0.3647860254821981,-0.004491723550682283,0.4956390393367183,-0.638325571740905,0.3406871645536805,0.2863847139703712,-0.5715468095248775,1.0,0.0,1
0.1303915091866635,-0.3419781688623018,1.0627006194616522,-0.0946562331996783,0.8350151405096888,0.0,-1.4711927123961197,-1.163646188242876,-1.509474646981232,-0.638325571740905,-1.5734350241209194,-1.0487421576863714,-0.5678754404249643,1.0,0.0,0
-0.4277086206764114,1.2756116867297813,0.19740392824837794,-1.7550698754433476,0.1969120438142876,0.0,-1.0121980279265403,0.22733916938775642,-1.0081962254017445,-0.638325571740905,-0.9353942945627195,-1.0487421576863714,-0.3769642472294897,0.0,1.0,1
0.692784716971762,-0.6480086820824257,0.2667506732927468,1.2721476796228584,0.4574834270115938,0.0,0.3647860254821981,-0.35223806295834037,-1.0081962254017445,-0.638325571740905,0.3406871645536805,0.2863847139703712,-0.9019700285170456,1.0,0.0,0
-0.6251902050894994,1.0132998182553896,0.5918039305517184,0.13820665565156887,0.3380397339234746,0.0,-1.0121980279265403,-1.5113925276505338,-1.509474646981232,-0.638325571740905,-1.1480745377487862,-1.0487421576863714,0.5151784440493643,0.0,1.0,0
-0.3525797570409975,-1.1726324190312094,-1.8470949530874372,-0.2971457017659791,-1.914128034887641,0.0,1.282775394421357,1.8501554199568273,0.4956390393367183,-0.638325571740905,1.5104285020770472,1.6215115856271138,-1.6582720630991192,1.0,0.0,0
0.43090696372831927,1.1007371077468535,1.405052122435682,0.796297428492051,1.59413674571932,0.0,0.8237807099517775,-0.8158998488352177,-1.509474646981232,-0.638325571740905,0.7660476509258137,0.2863847139703712,0.07461415205980684,1.0,0.0,0
-0.6767071401537833,-1.3037883532684054,-0.954121068730069,-0.6616267451853213,-1.4226039124687344,0.0,1.7417700788909365,-1.5113925276505338,1.4981958824956936,1.5665986829772471,1.5104285020770472,1.6215115856271138,0.4050373710519749,0.0,1.0,0
-0.4191224648323641,0.09520827859501796,1.3340139933658406,1.5556329356156817,0.8355602689264199,0.0,0.3647860254821981,0.9228318482030725,0.9969174609162059,1.5665986829772471,0.4470272861467138,0.2863847139703712,0.22146891605632585,1.0,0.0,0
-0.6831467570368187,-1.4786629322513334,0.2093973786108187,1.535383988759052,-0.5483390716807494,0.0,-1.4711927123961197,1.734239973487608,0.4956390393367183,-0.638325571740905,-1.2544146593418195,-1.0487421576863714,-0.7918289555196562,1.0,0.0,1
0.20766691178308933,0.27008285757794587,0.18133578000638975,-0.6920001654702677,0.31992935652319715,0.0,-1.4711927123961197,1.1546627411415114,1.4981958824956936,1.5665986829772471,-1.3607547809348528,-1.0487421576863714,-0.8542422302181768,1.0,0.0,1
1.581451846830658,-1.1726324190312094,1.30925828172029,-0.8033693731817328,1.6640343227090206,0.0,1.7417700788909365,-0.23632261648912098,-0.005639382242769227,-0.638325571740905,1.7231087452631138,1.6215115856271138,-0.979068779615218,1.0,0.0,0
-0.6166040492454521,-1.6535375112342612,-0.7589968570642058,-1.6841985614451418,-1.3124879722891196,0.0,1.282775394421357,1.1546627411415114,0.9969174609162059,1.5665986829772471,1.4040883804840139,1.6215115856271138,-1.4857177154032093,0.0,1.0,0
-0.655241750543665,0.3575201470694098,-1.1317163914046724,1.7176245104687229,-1.1821417108663856,0.0,-0.09420865898738136,-0.8158998488352177,-0.5069178038222568,-0.638325571740905,-0.19101344341148618,0.2863847139703712,-0.6523169297229631,1.0,0.0,0
-0.00269390639606976,-0.25454087937083786,0.9332328604209452,-0.3477680689075552,0.6772913186022543,0.0,-0.5532033434569608,0.6910009552646338,0.9969174609162059,1.5665986829772471,-0.5100338081905862,-1.0487421576863714,-0.5862322859245294,1.0,0.0,1
-0.5908455817133101,1.1881743972383174,0.6866751981623074,1.1506539984830764,0.47092992795761923,0.0,-1.4711927123961197,-0.23632261648912098,-1.0081962254017445,-0.638325571740905,-1.467094902527886,-1.0487421576863714,0.6620332080458833,1.0,0.0,0
-0.14221893886183845,-0.8228832610653536,-0.6902651607563722,0.36094507107450297,-0.8064876619148071,0.0,1.282775394421357,-1.163646188242876,1.4981958824956936,1.5665986829772471,1.0850680157049137,1.6215115856271138,0.9227004141397053,1.0,0.0,1
-0.6724140622317596,-0.25454087937083786,-0.11903864669909772,0.6039324333540632,-0.5296835658637409,0.0,-0.5532033434569608,0.22733916938775642,-1.0081962254017445,-0.638325571740905,-0.5100338081905862,-1.0487421576863714,0.14804153405806655,1.0,0.0,0
0.7700601195681879,0.8821438840181935,0.10199449299332015,0.9582890033450923,0.7104835821987499,0.0,-1.4711927123961197,-0.9318152953044371,-0.5069178038222568,-0.638325571740905,-1.5734350241209194,-1.0487421576863714,1.6679883414220398,1.0,0.0,0
-0.5994317375573575,-1.1289137742854773,0.48493921257868833,1.3835168873343235,-0.20648298456647865,0.0,0.8237807099517775,-1.0477307417736565,0.9969174609162059,1.5665986829772471,0.6597075293327804,0.2863847139703712,0.6657045771457965,1.0,0.0,0
-0.21090818561421687,-1.6535375112342612,0.5011611230048102,-0.9856098948914039,-0.09073405074731261,0.0,-0.09420865898738136,-1.0477307417736565,-1.509474646981232,-0.638325571740905,-0.19101344341148618,0.2863847139703712,-0.17871031583418875,1.0,0.0,0
-0.5414751856100382,1.6690794894413692,1.4028225707657411,-0.6920001654702677,1.1696028487342165,0.0,-0.09420865898738136,-0.23632261648912098,-1.509474646981232,-0.638325571740905,-0.08467332181845284,0.2863847139703712,-1.2911351531078212,1.0,0.0,1
1.7961057429318408,-0.42941545835376577,1.3427784378614707,1.1506539984830764,1.9763323356716682,0.0,0.8237807099517775,1.3864936340799499,0.9969174609162059,1.5665986829772471,0.9787278941118804,0.2863847139703712,1.5321476847252595,1.0,0.0,1
-0.5951386596353339,-1.740974800725725,-0.9414356885390258,1.788495824466929,-1.4634885437235416,0.0,0.8237807099517775,-0.23632261648912098,0.9969174609162059,1.5665986829772471,0.7660476509258137,0.2863847139703712,0.5408780277487553,1.0,0.0,0
-0.5500613414540855,-0.3419781688623018,-0.6372172072301919,-1.3399664648824294,-0.888256924424422,0.0,-0.09420865898738136,-1.0477307417736565,-1.509474646981232,-0.638325571740905,-0.19101344341148618,0.2863847139703712,-0.8615849684180027,0.0,1.0,0
4.0564112688772935,-0.47313410309949777,0.1684966376312131,-0.10478070662799135,2.3170981659524768,0.0,-0.09420865898738136,-0.35223806295834037,1.4981958824956936,1.5665986829772471,-0.19101344341148618,0.2863847139703712,0.7758456501431858,1.0,0.0,0
-0.569380192103192,-0.8666019058110855,-1.610454951705433,-1.0261077886046635,-1.7822069580387956,0.0,-1.4711927123961197,0.8069164017338532,-0.005639382242769227,-0.638325571740905,-1.3607547809348528,-1.0487421576863714,0.18842659415710897,1.0,0.0,0
2.695505567595796,0.6198320155438017,1.0971433487076356,1.4746371481891591,2.522974998004463,0.0,-0.5532033434569608,-0.23632261648912098,0.4956390393367183,-0.638325571740905,-0.6163739297836195,-1.0487421576863714,0.8786439849407489,1.0,0.0,1
-0.48137209470170705,1.1007371077468535,-1.3529032932812244,-1.3804643585956924,-1.0935280582355957,0.0,-1.4711927123961197,0.5750855087954145,-1.0081962254017445,-0.638325571740905,-1.3607547809348528,-1.0487421576863714,-0.6890306207220928,0.0,1.0,1
-0.5371821076880146,1.0132998182553896,1.143887052684328,-0.3376435954792385,0.822658896397125,0.0,-0.5532033434569608,-1.163646188242876,-0.005639382242769227,-0.638325571740905,-0.7227140513766528,-1.0487421576863714,-0.8725990757177419,1.0,0.0,0
1.3560652559244164,-1.6098188664885291,-0.6828076948258803,0.12808218222325582,-0.12949873815927815,0.0,0.8237807099517775,0.4591700623261951,0.4956390393367183,-0.638325571740905,0.8723877725188471,0.2863847139703712,-1.5921874193006855,1.0,0.0,0
0.9267574637220513,-0.8666019058110855,1.3067980867741484,0.9481645299167757,1.3604583644140653,0.0,0.3647860254821981,-0.8158998488352177,0.4956390393367183,-0.638325571740905,0.23434704296064715,0.2863847139703712,0.41238010925180085,1.0,0.0,0
0.199080755939042,-1.5223815769970652,-1.2801737801859103,1.1405295250547633,-1.2336866311594836,0.0,-1.4711927123961197,-0.4681535094275597,1.4981958824956936,1.5665986829772471,-1.5734350241209194,-1.0487421576863714,-1.4306471789045145,1.0,0.0,1
0.5833112299601589,1.3630489762212454,0.6143300905273283,-0.5097596437605929,1.1153322863574646,0.0,-1.4711927123961197,-1.5113925276505338,0.4956390393367183,-0.638325571740905,-1.6797751457139527,-1.0487421576863714,1.7634439380197773,1.0,0.0,1
-0.5736732700252155,0.7072693050352656,-1.024697911247509,-0.45913727661902043,-0.9742660746197205,0.0,-1.4711927123961197,-0.4681535094275597,1.4981958824956936,1.5665986829772471,-1.5734350241209194,-1.0487421576863714,0.4601079075506696,0.0,1.0,0
-0.6745606011927714,0.4886760813066058,-0.8472563507570391,0.07745981508167972,-0.9398624145416012,0.0,1.7417700788909365,-1.2795616347120953,-1.0081962254017445,-0.638325571740905,1.6167686236700805,1.6215115856271138,0.35730957275310615,1.0,0.0,0
-0.23666665314635882,0.4886760813066058,1.0364841670668294,1.1405295250547633,0.7913442973471467,0.0,-0.5532033434569608,0.4591700623261951,-0.005639382242769227,-0.638325571740905,-0.5100338081905862,-1.0487421576863714,-0.5458472258254865,1.0,0.0,1
-0.4212690037933759,1.3630489762212454,0.2772065018138491,-1.5424559334487338,0.2828000543614238,0.0,1.282775394421357,1.8501554199568273,0.4956390393367183,-0.638325571740905,1.5104285020770472,1.6215115856271138,-0.6229459769236589,0.0,1.0,1
1.3367464052753097,0.6635506602895337,-1.9597257529654868,1.0494092641999277,-0.6424645783029282,0.0,-1.4711927123961197,-1.3954770811813144,0.9969174609162059,1.5665986829772471,-1.6797751457139527,-1.0487421576863714,0.6289908861466664,1.0,0.0,0
-0.37619168561212757,0.4012387918151418,1.0848423739769273,1.4543882013325293,0.7313196016826812,0.0,-1.0121980279265403,0.6910009552646338,0.9969174609162059,1.5665986829772471,-0.9353942945627195,-1.0487421576863714,-0.9643833032155662,1.0,0.0,0
3.873955457191289,-0.7791646163196216,-0.8873882808159756,-0.2768967549093494,1.314425298112356,0.0,1.282775394421357,-1.0477307417736565,-1.509474646981232,-0.638325571740905,1.191408137297947,1.6215115856271138,-0.9570405650157402,1.0,0.0,1
0.6970777948937856,-0.3856968136080338,0.31910669699032473,-0.2161499143394566,0.5593013012920841,0.0,1.282775394421357,-0.35223806295834037,1.4981958824956936,1.5665986829772471,1.191408137297947,1.6215115856271138,1.0328414871370946,1.0,0.0,0
-0.569380192103192,1.1881743972383174,0.09584400562796583,-2.1296753922910066,0.017564794709866174,0.0,-1.0121980279265403,-1.5113925276505338,-1.509474646981232,-0.638325571740905,-1.1480745377487862,-1.0487421576863714,0.9227004141397053,0.0,1.0,0
0.48457043775361497,-0.9540391953025495,-1.618834990740728,1.2114008390529691,-1.2133957400922828,0.0,0.8237807099517775,0.34325461585697575,-0.005639382242769227,-0.638325571740905,0.8723877725188471,0.2863847139703712,1.5835468521240414,1.0,0.0,0
-0.09499508171957824,1.4504862657127093,0.9979667399412987,-0.3477680689075552,1.0541567640354566,0.0,-1.4711927123961197,-0.8158998488352177,-0.005639382242769227,-0.638325571740905,-1.5734350241209194,-1.0487421576863714,-1.0745243762129555,1.0,0.0,1
0.040236872824166804,-0.8228832610653536,0.3420941435183363,1.2620232061945453,0.109812636785528,0.0,-1.4711927123961197,-0.8158998488352177,-0.005639382242769227,-0.638325571740905,-1.5734350241209194,-1.0487421576863714,-1.158965865510954,1.0,0.0,0
-0.47063939989664794,0.5761133707980697,-0.25680956368303254,1.6973755636120933,-0.3402211561377593,0.0,0.3647860254821981,-0.9318152953044371,-0.005639382242769227,-0.638325571740905,0.23434704296064715,0.2863847139703712,-0.7991716937194822,1.0,0.0,1
-0.4684928609356361,-1.5223815769970652,1.2007021797217878,0.8165463753486807,0.34409671633159417,0.0,-0.5532033434569608,-0.8158998488352177,1.4981958824956936,1.5665986829772471,-0.7227140513766528,-1.0487421576863714,-0.14566799393497187,1.0,0.0,0
0.13468458710868705,0.27008285757794587,1.197011887302575,1.4746371481891591,1.0789298220846661,0.0,0.3647860254821981,1.8501554199568273,1.4981958824956936,1.5665986829772471,0.5533674077397471,0.2863847139703712,1.131968452834745,1.0,0.0,1
-0.04347814665529445,0.4449574365608738,1.1343537972680289,-0.7223735857552104,0.9677841948956711,0.0,-1.4711927123961197,1.3864936340799499,-1.0081962254017445,-0.638325571740905,-1.2544146593418195,-1.0487421576863714,1.2274240494324824,1.0,0.0,0
0.44378619749439013,1.2318930419840495,0.46087543076173987,-0.7324980591835271,0.8866206306268684,0.0,1.282775394421357,1.038747294672292,0.4956390393367183,-0.638325571740905,1.4040883804840139,1.6215115856271138,-1.001096994214696,1.0,0.0,1
-0.6831467570368187,-1.1289137742854773,-0.13133962142980593,-0.2768967549093494,-0.7392551571846795,0.0,-0.5532033434569608,1.6183245270183886,1.4981958824956936,1.5665986829772471,-0.40369368659755284,-1.0487421576863714,-0.5495185949253997,0.0,1.0,0
-0.4212690037933759,0.4886760813066058,-0.7381620811140683,0.5330611193558574,-0.7109690493387609,0.0,1.282775394421357,-0.12040717001990163,-1.0081962254017445,-0.638325571740905,1.2977482588909803,1.6215115856271138,1.8075003672187329,0.0,1.0,0
-0.38477784145617483,-1.740974800725725,-0.6219178699088734,0.3103227039329269,-1.0930434996429463,0.0,0.3647860254821981,-0.8158998488352177,0.4956390393367183,-0.638325571740905,0.23434704296064715,0.2863847139703712,1.3155369078303936,1.0,0.0,0
0.25489076892534945,-0.5605713925909617,-1.3794272700443146,-0.0440338660581022,-1.0671801847602753,0.0,0.8237807099517775,-1.3954770811813144,-0.5069178038222568,-0.638325571740905,0.6597075293327804,0.2863847139703712,-1.6435865866994672,1.0,0.0,1
-0.5243028739219436,0.7947065945267296,-1.8187258301147409,-0.25664780805271603,-1.5525867549469812,0.0,-0.09420865898738136,-0.4681535094275597,0.9969174609162059,1.5665986829772471,-0.19101344341148618,0.2863847139703712,0.030557722860850862,0.0,1.0,0
0.5940439247652181,-1.0851951295397455,1.1325086510584226,-0.9856098948914039,0.9869242593053288,0.0,1.282775394421357,1.6183245270183886,-0.5069178038222568,-0.638325571740905,1.5104285020770472,1.6215115856271138,1.1907103584333523,1.0,0.0,0
-0.6380694388555704,0.2263642128322139,-0.8016658631613509,0.02683744794010362,-0.9414977997917934,0.0,-1.4711927123961197,1.2705781876107307,-1.509474646981232,-0.638325571740905,-1.2544146593418195,-1.0487421576863714,0.8235734484420542,0.0,1.0,0
-0.6080178934014048,-0.5168527478452297,0.10960572110794609,-1.9778082908662817,-0.3713540457154944,0.0,-1.0121980279265403,1.038747294672292,-1.0081962254017445,-0.638325571740905,-0.8290541729696862,-1.0487421576863714,1.8148431054185585,0.0,1.0,0
-0.4470274713255178,-1.3912256427598693,-1.9218233745764912,0.37106954450281604,-2.074759208350973,0.0,0.3647860254821981,-0.9318152953044371,-0.005639382242769227,-0.638325571740905,0.23434704296064715,0.2863847139703712,-0.7184015735213964,1.0,0.0,0
2.5280755286368737,-0.9103205505568176,1.3779899780281235,-0.9552364746064576,2.3105566249517078,0.0,-0.5532033434569608,1.2705781876107307,-0.005639382242769227,-0.638325571740905,-0.40369368659755284,-1.0487421576863714,0.7758456501431858,1.0,0.0,0
3.9383516260216433,0.8384252392724616,0.44419223378321643,1.1304050516264468,2.758409904208072,0.0,0.8237807099517775,0.6910009552646338,1.4981958824956936,1.5665986829772471,0.8723877725188471,0.2863847139703712,0.7244464827444039,1.0,0.0,0
-0.6337763609335467,-0.6480086820824257,-0.7066408333666279,-1.3399664648824294,-1.0580341413240149,0.0,-1.4711927123961197,-1.5113925276505338,0.4956390393367183,-0.638325571740905,-1.6797751457139527,-1.0487421576863714,0.5151784440493643,0.0,1.0,0
-0.5629405752201564,1.5379235552041732,1.124436136391395,-0.20602544091114355,0.9090920353609918,0.0,1.7417700788909365,-0.12040717001990163,0.4956390393367183,-0.638325571740905,1.7231087452631138,1.6215115856271138,0.6400049934464055,0.0,1.0,1
2.0451042624092124,0.7947065945267296,1.5330591407271175,-0.3680170157641849,2.5381174540247624,0.0,-1.4711927123961197,-0.12040717001990163,-0.5069178038222568,-0.638325571740905,-1.467094902527886,-1.0487421576863714,-0.4724198438272272,1.0,0.0,1
-0.4641997830136124,0.6198320155438017,0.12990232941361496,-0.35789254233586826,-0.022229579711479572,0.0,0.8237807099517775,0.9228318482030725,-1.0081962254017445,-0.638325571740905,0.9787278941118804,0.2863847139703712,-1.4453326553041663,1.0,0.0,0
-0.5135701791168844,1.4942049104584412,-1.9468097294982427,-1.1577259431727585,-1.4923803498102721,0.0,0.8237807099517775,-1.3954770811813144,-0.5069178038222568,-0.638325571740905,0.6597075293327804,0.2863847139703712,-1.2654355694084305,0.0,1.0,0
-0.4942513284677779,-1.6535375112342612,1.1475773451035403,-0.40851490947744434,0.2586326945530268,0.0,0.8237807099517775,0.5750855087954145,0.9969174609162059,1.5665986829772471,0.8723877725188471,0.2863847139703712,0.7134323754446652,0.0,1.0,0
0.9632486260592522,-1.1726324190312094,-1.3145396283398274,1.1304050516264468,-0.7519748202417307,0.0,0.8237807099517775,0.5750855087954145,0.9969174609162059,1.5665986829772471,0.8723877725188471,0.2863847139703712,-1.0671816380131296,1.0,0.0,1
-0.5264494128829554,1.5816421999499053,1.0942987483011593,-0.3477680689075552,0.9156335763617611,0.0,-0.5532033434569608,1.2705781876107307,-0.005639382242769227,-0.638325571740905,-0.40369368659755284,-1.0487421576863714,1.0071419034377036,0.0,1.0,1
-0.5715267310642037,-0.3419781688623018,-0.19292137617541538,-0.14527860034125079,-0.5503378758754289,0.0,0.3647860254821981,-0.6999844023659983,0.9969174609162059,1.5665986829772471,0.23434704296064715,0.2863847139703712,1.6863451869216044,0.0,1.0,0
0.6884916390497383,1.3193303314755134,-0.600929331774602,0.16858007593651525,0.2075723328525783,0.0,-1.4711927123961197,0.22733916938775642,0.9969174609162059,1.5665986829772471,-1.467094902527886,-1.0487421576863714,0.8970008304403143,1.0,0.0,0
-0.4062432310662931,-0.5168527478452297,-0.9822595484265646,1.535383988759052,-1.117695418043993,0.0,-0.09420865898738136,-1.2795616347120953,0.9969174609162059,1.5665986829772471,-0.2973535650045195,0.2863847139703712,1.3155369078303936,1.0,0.0,1
-0.6616813674267005,-0.8666019058110855,0.3723852937927059,0.2293269165064044,-0.272140673870495,0.0,0.3647860254821981,1.2705781876107307,-1.0081962254017445,-0.638325571740905,0.5533674077397471,0.2863847139703712,1.4697344100267384,1.0,0.0,0
-0.47063939989664794,-0.03594765564217798,-1.0503761959978628,0.006588501083473899,-1.1010992862457452,0.0,0.3647860254821981,-0.4681535094275597,-1.509474646981232,-0.638325571740905,0.3406871645536805,0.2863847139703712,1.220081311232656,1.0,0.0,0
-0.6273367440505112,0.9258625287639255,-1.9216696123923571,0.12808218222325582,-1.662763264950677,0.0,-0.5532033434569608,1.734239973487608,-1.509474646981232,-0.638325571740905,-0.2973535650045195,-1.0487421576863714,0.952071366939009,0.0,1.0,1
0.09390034684946247,-1.3912256427598693,-1.274253936096757,0.7051771676372154,-1.2593076667458296,0.0,1.282775394421357,-1.6273079741197531,-0.5069178038222568,-0.638325571740905,1.0850680157049137,1.6215115856271138,0.4197228474516268,1.0,0.0,1
-0.5736732700252155,0.9695811735096576,-0.9550436418348721,0.2698248102196674,-0.8612427828842085,0.0,-0.09420865898738136,-0.35223806295834037,1.4981958824956936,1.5665986829772471,-0.19101344341148618,0.2863847139703712,0.2471684997557168,1.0,0.0,0
0.26347692476939677,0.6635506602895337,-0.28225720515718566,0.2698248102196674,0.0734101725127289,0.0,-0.5532033434569608,-0.9318152953044371,0.9969174609162059,1.5665986829772471,-0.7227140513766528,-1.0487421576863714,-1.0855384835126944,1.0,0.0,0
1.100627119564009,0.13892692334074994,0.3503973014615644,1.494886095045789,0.9279898204743249,0.0,-0.09420865898738136,-0.004491723550682283,-0.5069178038222568,-0.638325571740905,-0.08467332181845284,0.2863847139703712,-1.1149094363119982,1.0,0.0,0
-0.5457682635320618,-0.29825952411656986,1.2308395678120236,-1.9474348705813354,0.595582625916721,0.0,1.282775394421357,-0.35223806295834037,1.4981958824956936,1.5665986829772471,1.191408137297947,1.6215115856271138,1.0879120236357893,0.0,1.0,1
-0.4384413154814705,0.31380150232367787,0.8192182008856912,-1.5829538271619932,0.467538017809072,0.0,-0.09420865898738136,1.3864936340799499,-1.509474646981232,-0.638325571740905,0.1280069213676138,0.2863847139703712,-0.7037160971217447,0.0,1.0,1
-0.6294832830115231,0.0077709891035539986,-0.642598883674877,0.8165463753486807,-0.8597891071062598,0.0,0.3647860254821981,0.9228318482030725,0.9969174609162059,1.5665986829772471,0.4470272861467138,0.2863847139703712,0.47479338395032145,0.0,1.0,0
-0.6251902050894994,1.5816421999499053,1.6885895899785124,-1.0969791026028692,1.3281140783547067,0.0,0.3647860254821981,0.11142372291853707,0.9969174609162059,1.5665986829772471,0.3406871645536805,0.2863847139703712,-0.615603238723833,1.0,0.0,1
2.298395859808608,0.7072693050352656,-1.592157251793504,-0.2667722814810327,0.19951654624977913,0.0,0.8237807099517775,1.3864936340799499,0.9969174609162059,1.5665986829772471,0.9787278941118804,0.2863847139703712,1.7414157234202992,1.0,0.0,0
-0.4942513284677779,-1.3475069980141374,-1.918748130893814,-0.9248630543215112,-2.08929596613046,0.0,-0.09420865898738136,1.1546627411415114,0.9969174609162059,1.5665986829772471,0.02166679977458048,0.2863847139703712,-0.2080812686334925,1.0,0.0,0
1.0190586390455596,0.09520827859501796,1.270663973502692,-0.813493846610046,1.5972863765715422,0.0,0.3647860254821981,0.34325461585697575,-1.509474646981232,-0.638325571740905,0.4470272861467138,0.2863847139703712,-0.5825609168246165,1.0,0.0,0
0.7035174117768211,-1.6535375112342612,-0.806816896329835,0.4115674382160755,-0.6051535666689114,0.0,-1.4711927123961197,-1.2795616347120953,1.4981958824956936,1.5665986829772471,-1.6797751457139527,-1.0487421576863714,-1.2544214621086913,1.0,0.0,0
-0.47063939989664794,-1.4786629322513334,1.205853212890272,-1.4412111991655816,0.35663466991640225,0.0,-1.0121980279265403,-1.2795616347120953,-0.5069178038222568,-0.638325571740905,-1.1480745377487862,-1.0487421576863714,-0.14933936303488504,0.0,1.0,0
-0.6166040492454521,-1.2600697085226733,-0.6016981426952712,-1.471584619450528,-1.10134156554207,0.0,-0.09420865898738136,0.5750855087954145,-1.509474646981232,-0.638325571740905,0.02166679977458048,0.2863847139703712,1.7267302470206471,0.0,1.0,0
-0.6788536791147951,0.2263642128322139,-1.9355082089644042,0.2293269165064044,-1.8577980984921285,0.0,0.8237807099517775,-0.004491723550682283,-1.509474646981232,-0.638325571740905,0.8723877725188471,0.2863847139703712,-0.9717260414153921,1.0,0.0,0
-0.4620532440526007,-0.6480086820824257,-1.1710026294508729,-0.05415833948641526,-1.3269641602445257,0.0,0.3647860254821981,0.8069164017338532,0.4956390393367183,-0.638325571740905,0.4470272861467138,0.2863847139703712,-1.5591450974014687,1.0,0.0,0
0.7764997364512233,-1.740974800725725,-0.2209829747798441,-0.14527860034125079,-0.12180637050096634,0.0,-0.09420865898738136,1.6183245270183886,-0.5069178038222568,-0.638325571740905,0.1280069213676138,0.2863847139703712,1.8295285818182103,1.0,0.0,0
-0.6144575102844403,1.6690794894413692,1.023260619231318,0.11795770879493915,0.829382146870138,0.0,0.3647860254821981,-1.6273079741197531,0.4956390393367183,-0.638325571740905,0.1280069213676138,0.2863847139703712,-1.331520213206864,1.0,0.0,1
1.0233517169675832,1.3630489762212454,1.2836568780620028,-0.7021246388985807,1.890989453541262,0.0,-0.09420865898738136,-0.8158998488352177,-0.5069178038222568,-0.638325571740905,-0.19101344341148618,0.2863847139703712,0.18108385595728305,1.0,0.0,0
-0.4470274713255178,-0.25454087937083786,-0.2594235208133081,0.09770876193830944,-0.5130874340654933,0.0,-0.09420865898738136,1.1546627411415114,0.9969174609162059,1.5665986829772471,0.02166679977458048,0.2863847139703712,0.6400049934464055,1.0,0.0,0
0.027357639058095837,-1.2163510637769415,1.2146945384779686,-0.25664780805271603,0.7027912145404381,0.0,1.282775394421357,-1.163646188242876,1.4981958824956936,1.5665986829772471,1.0850680157049137,1.6215115856271138,-1.4049475952051236,1.0,0.0,0
-0.5822594258692628,-1.6535375112342612,0.4071355474069572,-1.0058588417480336,-0.3743825369195542,0.0,-1.4711927123961197,-1.6273079741197531,-0.005639382242769227,-0.638325571740905,-1.6797751457139527,-1.0487421576863714,-0.5935750241243553,1.0,0.0,1
-0.4684928609356361,-0.03594765564217798,-0.5345809493208432,-0.7628714794684698,-0.6935249400033764,0.0,0.3647860254821981,0.6910009552646338,-0.005639382242769227,-0.638325571740905,0.4470272861467138,0.2863847139703712,0.8345875557417932,1.0,0.0,0
-0.3418470622359383,0.9258625287639255,0.472715118940047,-0.8843651606082518,0.384739068290077,0.0,0.8237807099517775,1.2705781876107307,0.4956390393367183,-0.638325571740905,0.9787278941118804,0.2863847139703712,-1.0781957453128685,1.0,0.0,1
-0.6466555946996178,1.0570184630011215,-0.3293084335021456,0.4216919116443921,-0.39007012135658375,0.0,-0.5532033434569608,-1.0477307417736565,0.4956390393367183,-0.638325571740905,-0.7227140513766528,-1.0487421576863714,1.1393111910345703,0.0,1.0,1
-0.0885554648365428,1.6690794894413692,0.4707162105463069,0.37106954450281604,0.690858959196442,0.0,0.8237807099517775,-0.12040717001990163,1.4981958824956936,1.5665986829772471,0.7660476509258137,0.2863847139703712,1.8331999509181238,1.0,0.0,0
-0.3397005232749265,0.2263642128322139,0.0148882156814909,-1.7651943488716644,-0.1298015872796841,0.0,-0.5532033434569608,-0.12040717001990163,0.9969174609162059,1.5665986829772471,-0.6163739297836195,-1.0487421576863714,-0.9386837195161752,0.0,1.0,1
-0.6745606011927714,0.3575201470694098,-0.9493544410219193,-1.7449454020150346,-1.0493726564804036,0.0,-0.5532033434569608,0.11142372291853707,-1.509474646981232,-0.638325571740905,-0.5100338081905862,-1.0487421576863714,-0.9166555049166975,0.0,1.0,0
-0.4620532440526007,0.1826455680864819,-0.7554603268291271,-1.1071035760311858,-0.8154519958788243,0.0,-0.09420865898738136,0.8069164017338532,-0.5069178038222568,-0.638325571740905,0.02166679977458048,0.2863847139703712,-0.6302887151234853,1.0,0.0,1
0.31499385983368067,0.9695811735096576,-1.3116181468412842,0.6343058536390096,-0.6406474835804923,0.0,1.282775394421357,-1.5113925276505338,-0.005639382242769227,-0.638325571740905,1.0850680157049137,1.6215115856271138,-0.7110588353215705,1.0,0.0,0
0.46525158710450837,-0.03594765564217798,1.3889839741936945,0.8570442690619401,1.3488895280145572,0.0,-1.4711927123961197,-0.5840689558967791,0.9969174609162059,1.5665986829772471,-1.5734350241209194,-1.0487421576863714,-0.7808148482199171,1.0,0.0,1
0.6090696974923009,0.6198320155438017,0.4657958206540232,-0.6110043780437452,0.8480982225112274,0.0,-0.5532033434569608,-0.23632261648912098,0.4956390393367183,-0.638325571740905,-0.6163739297836195,-1.0487421576863714,-0.21175263773340566,1.0,0.0,0
-0.40409669210528126,1.0132998182553896,-1.345599589534866,1.7075000370404063,-1.0635459953154036,0.0,-0.09420865898738136,1.1546627411415114,0.9969174609162059,1.5665986829772471,0.02166679977458048,0.2863847139703712,-0.7771434791200044,1.0,0.0,0
-0.5629405752201564,-1.740974800725725,-1.131485748128472,-0.35789254233586826,-1.5950462016278997,0.0,1.7417700788909365,-0.35223806295834037,-0.5069178038222568,-0.638325571740905,1.7231087452631138,1.6215115856271138,0.6583618389459706,0.0,1.0,1
-0.5243028739219436,-1.1289137742854773,0.31872229152999004,1.0899071579131874,-0.29503606737318727,0.0,-1.0121980279265403,-0.5840689558967791,-1.0081962254017445,-0.638325571740905,-1.041734416155753,-1.0487421576863714,-0.23378085233288345,1.0,0.0,1
-0.41482938691034044,-1.3912256427598693,-0.18054352035263987,0.6950526942088987,-0.6847423155116029,0.0,0.3647860254821981,-0.23632261648912098,-0.5069178038222568,-0.638325571740905,0.3406871645536805,0.2863847139703712,1.6863451869216044,0.0,1.0,1
-0.655241750543665,-0.12338494513364194,-0.5125160758976348,-0.6008799046154321,-0.8009152380993372,0.0,-1.4711927123961197,-0.35223806295834037,-1.509474646981232,-0.638325571740905,-1.467094902527886,-1.0487421576863714,-1.5407882519019038,0.0,1.0,0
-0.32896782846986733,-0.25454087937083786,0.7717056859883297,1.3733924139060105,0.3659018530008248,0.0,0.8237807099517775,-0.004491723550682283,-1.509474646981232,-0.638325571740905,0.8723877725188471,0.2863847139703712,-0.8689277066178287,1.0,0.0,0
-0.5092771011948608,0.4449574365608738,-1.6545078174597825,-1.2387217305992808,-1.49225921016211,0.0,1.282775394421357,0.11142372291853707,-0.005639382242769227,-0.638325571740905,1.2977482588909803,1.6215115856271138,0.3462954654533671,0.0,1.0,0
-0.45132054924754145,-1.3475069980141374,-1.044763876276977,0.32044717736123995,-1.3765102763429442,0.0,0.3647860254821981,-0.4681535094275597,-1.509474646981232,-0.638325571740905,0.3406871645536805,0.2863847139703712,1.3963070280284793,1.0,0.0,0
-0.49210478950676617,0.1826455680864819,0.7081250228489804,1.0797826844848706,0.3206561944121714,0.0,1.282775394421357,-0.6999844023659983,-0.005639382242769227,-0.638325571740905,1.191408137297947,1.6215115856271138,0.05992867566015498,1.0,0.0,0
-0.27530435444457174,-0.9540391953025495,1.3426246756773366,1.7075000370404063,0.6909195290205234,0.0,-1.0121980279265403,1.5024090805491692,0.9969174609162059,1.5665986829772471,-0.8290541729696862,-1.0487421576863714,0.863958508541097,1.0,0.0,0
-0.17656356223802772,-1.3037883532684054,0.1465086453000716,-0.5907554311871154,-0.27323093070395665,0.0,-1.4711927123961197,-0.35223806295834037,-1.509474646981232,-0.638325571740905,-1.467094902527886,-1.0487421576863714,-0.5128049039262697,1.0,0.0,0
-0.6724140622317596,-0.5605713925909617,1.053859293873955,-1.177974890029388,0.3265314673480473,0.0,0.3647860254821981,-0.23632261648912098,-0.5069178038222568,-0.638325571740905,0.3406871645536805,0.2863847139703712,0.555563504148407,0.0,1.0,1
-0.3418470622359383,-1.4786629322513334,0.7175813971732122,1.231649785909599,0.044639506074160736,0.0,0.3647860254821981,-1.6273079741197531,0.4956390393367183,-0.638325571740905,0.1280069213676138,0.2863847139703712,-1.2837924149079953,1.0,0.0,0
-0.17012394535499217,-0.6042900373366937,1.5330591407271175,-0.6211288514720618,0.9778387856931494,0.0,-1.4711927123961197,0.5750855087954145,-1.0081962254017445,-0.638325571740905,-1.3607547809348528,-1.0487421576863714,0.39035189465232306,1.0,0.0,0
-0.49210478950676617,-1.1726324190312094,1.6503796872212495,0.07745981508167972,0.7625736309085785,0.0,-0.5532033434569608,0.9228318482030725,-1.509474646981232,-0.638325571740905,-0.40369368659755284,-1.0487421576863714,-0.8982986594171324,0.0,1.0,1
2.0579834961752836,1.4504862657127093,-1.2225898422277812,0.1584556025081986,0.519749206167063,0.0,-0.5532033434569608,-0.9318152953044371,0.9969174609162059,1.5665986829772471,-0.7227140513766528,-1.0487421576863714,1.8221858436183846,1.0,0.0,0
-0.5522078804150974,-0.7354459715738897,1.102140619691986,-1.4007133054523222,0.39364283243001275,0.0,-0.09420865898738136,-1.163646188242876,1.4981958824956936,1.5665986829772471,-0.2973535650045195,0.2863847139703712,0.6143054097470145,0.0,1.0,0
0.21195998970511287,-0.7791646163196216,-1.0921995100822717,-0.18577649405451382,-0.913575110890362,0.0,1.282775394421357,-0.6999844023659983,-0.005639382242769227,-0.638325571740905,1.191408137297947,1.6215115856271138,-0.450391629227749,1.0,0.0,0
-0.5479148024930737,0.5761133707980697,-0.6635105407170815,-1.9575593440096521,-0.7042457988657482,0.0,-1.4711927123961197,1.6183245270183886,-0.005639382242769227,-0.638325571740905,-1.2544146593418195,-1.0487421576863714,0.1737411177574571,0.0,1.0,0
0.42661388580629556,-0.03594765564217798,-0.5428072261720044,1.2721476796228584,-0.19485357834288855,0.0,-0.5532033434569608,0.4591700623261951,-0.005639382242769227,-0.638325571740905,-0.5100338081905862,-1.0487421576863714,0.29489629805458556,1.0,0.0,0
0.031650716980119495,-0.47313410309949777,-0.7260148685674939,0.09770876193830944,-0.6590001402770946,0.0,1.282775394421357,-0.35223806295834037,1.4981958824956936,1.5665986829772471,1.191408137297947,1.6215115856271138,-0.7257443117212224,1.0,0.0,0
-0.5371821076880146,0.8384252392724616,1.027412198202932,-2.1904222328608958,0.6921309255021474,0.0,0.3647860254821981,-0.6999844023659983,0.9969174609162059,1.5665986829772471,0.23434704296064715,0.2863847139703712,1.223752680332569,0.0,1.0,1
1.0340844117726424,-0.03594765564217798,-1.9519607626667268,1.0899071579131874,-0.9622126796275626,0.0,-0.5532033434569608,0.5750855087954145,0.4956390393367183,-0.638325571740905,-0.5100338081905862,-1.0487421576863714,1.410992504428131,1.0,0.0,0
-0.4277086206764114,1.3630489762212454,0.11122022404135141,-0.45913727661902043,0.1483956147252498,0.0,1.282775394421357,0.22733916938775642,0.4956390393367183,-0.638325571740905,1.2977482588909803,1.6215115856271138,-0.5715468095248775,0.0,1.0,0
-0.5650871141811682,0.13892692334074994,-1.2116727271542778,-0.38826596262081464,-1.242711534947582,0.0,-1.4711927123961197,-1.2795616347120953,1.4981958824956936,1.5665986829772471,-1.6797751457139527,-1.0487421576863714,-0.5605327022251384,0.0,1.0,0
0.10248650269350978,0.3575201470694098,1.5375182440669992,-1.1172280494594988,1.3484049694219074,0.0,-0.09420865898738136,-1.6273079741197531,-0.5069178038222568,-0.638325571740905,-0.2973535650045195,0.2863847139703712,0.01954361556111216,1.0,0.0,1
0.0702884182783324,1.5379235552041732,0.6986686485247481,0.6444303270673226,0.9310183116783847,0.0,0.8237807099517775,1.734239973487608,-1.0081962254017445,-0.638325571740905,1.0850680157049137,0.2863847139703712,0.48580749125006056,1.0,0.0,0
-0.6488021336606294,1.4942049104584412,0.9903555118266727,1.41389030761927,0.7453112310454377,0.0,1.282775394421357,-1.163646188242876,1.4981958824956936,1.5665986829772471,1.0850680157049137,1.6215115856271138,0.5004929676497124,1.0,0.0,1
-0.013426601201128855,0.4012387918151418,0.33371410448304134,1.4645126747608461,0.3442784258038379,0.0,-1.4711927123961197,-0.12040717001990163,-0.5069178038222568,-0.638325571740905,-1.467094902527886,-1.0487421576863714,0.41605147835171363,1.0,0.0,0
-0.5371821076880146,-0.6042900373366937,-1.365050505827799,-0.11490518005630801,-1.5125501012293106,0.0,0.3647860254821981,-1.6273079741197531,0.4956390393367183,-0.638325571740905,0.1280069213676138,0.2863847139703712,-0.6963733589219187,0.0,1.0,0
-0.5178632570389081,-1.0851951295397455,1.4125864694582413,0.08758428850999637,0.5800767509519346,0.0,-0.09420865898738136,-1.0477307417736565,-1.509474646981232,-0.638325571740905,-0.19101344341148618,0.2863847139703712,0.8786439849407489,0.0,1.0,0
-0.6488021336606294,-1.4786629322513334,-1.3642816949071295,0.4014429647877624,-1.7687604570927702,0.0,1.282775394421357,-0.9318152953044371,-1.0081962254017445,-0.638325571740905,1.191408137297947,1.6215115856271138,0.07461415205980684,0.0,1.0,0
-0.6702675232707478,1.3630489762212454,0.47778927101646396,-0.4490128031907038,0.3003047335208898,0.0,0.8237807099517775,-1.3954770811813144,-0.5069178038222568,-0.638325571740905,0.6597075293327804,0.2863847139703712,-0.7551152645205266,0.0,1.0,0
-0.4491740102865296,1.5816421999499053,-0.7636097225882215,-0.8944896340365684,-0.5044865190459636,0.0,-1.4711927123961197,0.9228318482030725,0.4956390393367183,-0.638325571740905,-1.3607547809348528,-1.0487421576863714,0.05992867566015498,1.0,0.0,0
-0.5243028739219436,-0.3419781688623018,-1.4310913639132898,-1.5222069865921004,-1.4991641701073664,0.0,-1.4711927123961197,1.2705781876107307,-1.509474646981232,-0.638325571740905,-1.2544146593418195,-1.0487421576863714,-0.5862322859245294,0.0,1.0,0
-0.6166040492454521,1.1881743972383174,0.6736054125109296,-1.9879327642945948,0.44609630008432877,0.0,-1.4711927123961197,-0.5840689558967791,0.9969174609162059,1.5665986829772471,-1.5734350241209194,-1.0487421576863714,1.844214058217862,0.0,1.0,1
-0.5908455817133101,1.1881743972383174,1.5621970746204827,-1.1374769963161286,1.1606990845942808,0.0,0.8237807099517775,0.8069164017338532,-1.509474646981232,-0.638325571740905,0.9787278941118804,0.2863847139703712,1.308194169630568,1.0,0.0,1
-0.42556208171539955,-0.12338494513364194,0.07639308933503326,0.6444303270673226,-0.20733096210361515,0.0,-1.4711927123961197,0.6910009552646338,-0.5069178038222568,-0.638325571740905,-1.3607547809348528,-1.0487421576863714,0.24349713065580364,1.0,0.0,0
-0.6402159778165821,0.27008285757794587,1.049938358178542,1.7378734573253527,0.5257456187511017,0.0,-0.09420865898738136,1.3864936340799499,-1.509474646981232,-0.638325571740905,0.1280069213676138,0.2863847139703712,1.8368713200180367,1.0,0.0,1
0.0702884182783324,-0.07966630038790996,0.700744438010555,-0.1959009674828269,0.5740803383678963,0.0,0.8237807099517775,0.11142372291853707,-1.0081962254017445,-0.638325571740905,0.8723877725188471,0.2863847139703712,0.06360004476006775,1.0,0.0,0
-0.6659744453487241,-1.3912256427598693,0.3437086464517416,-1.603202774018623,-0.4134500734519257,0.0,0.8237807099517775,0.22733916938775642,-0.5069178038222568,-0.638325571740905,0.8723877725188471,0.2863847139703712,-0.7110588353215705,0.0,1.0,1
-0.5135701791168844,0.8384252392724616,-1.663656667415747,-0.5300085906172263,-1.4146692655140978,0.0,-1.4711927123961197,0.11142372291853707,0.4956390393367183,-0.638325571740905,-1.467094902527886,-1.0487421576863714,-0.832214015618699,0.0,1.0,1
-0.6509486726216414,0.2263642128322139,0.3542413560649108,-1.917061450296389,-0.0380988736207534,0.0,1.282775394421357,-0.004491723550682283,-0.5069178038222568,-0.638325571740905,1.2977482588909803,1.6215115856271138,-0.6486455606230499,0.0,1.0,0
-0.4556136271695651,0.8821438840181935,-0.7196337379259387,-1.7145719817300882,-0.6285335187642531,0.0,1.282775394421357,0.9228318482030725,-0.005639382242769227,-0.638325571740905,1.4040883804840139,1.6215115856271138,-0.8542422302181768,0.0,1.0,0
-0.6273367440505112,-1.3912256427598693,-0.983028359347234,-1.4007133054523222,-1.4368983909518966,0.0,1.282775394421357,0.5750855087954145,-1.509474646981232,-0.638325571740905,1.4040883804840139,1.6215115856271138,-0.6927019898220059,0.0,1.0,0
-0.6144575102844403,1.4067676209669773,1.2189229985416496,-1.8056922425849238,0.9253853180388338,0.0,0.8237807099517775,1.5024090805491692,1.4981958824956936,1.5665986829772471,0.9787278941118804,0.2863847139703712,1.4550489336270866,0.0,1.0,0
1.1671698273553757,-0.25454087937083786,-1.34375444332526,-0.8944896340365684,-0.45639407872549353,0.0,1.7417700788909365,-0.8158998488352177,0.9969174609162059,1.5665986829772471,1.6167686236700805,1.6215115856271138,-0.2741659124319263,1.0,0.0,0
-0.5586474972981328,1.2756116867297813,-0.20668309165539542,0.7861729550637343,-0.19533813693553823,0.0,-1.4711927123961197,-0.23632261648912098,-1.0081962254017445,-0.638325571740905,-1.467094902527886,-1.0487421576863714,1.0879120236357893,1.0,0.0,0
-0.6745606011927714,-1.1289137742854773,-0.7301664475391079,0.8772932159185698,-1.2061879310266206,0.0,-1.0121980279265403,-0.004491723550682283,1.4981958824956936,1.5665986829772471,-1.041734416155753,-1.0487421576863714,-0.7551152645205266,1.0,0.0,0
0.6777589442446792,0.1826455680864819,-0.5012914364558633,0.6849282207805857,0.028043374275913215,0.0,-0.09420865898738136,-0.9318152953044371,-1.0081962254017445,-0.638325571740905,-0.19101344341148618,0.2863847139703712,-0.050212397337234385,1.0,0.0,0
1.396849496183641,0.7509879497809976,-0.6160749069117868,-0.4996351703322799,0.4694156823555893,0.0,0.3647860254821981,-0.4681535094275597,-1.509474646981232,-0.638325571740905,0.3406871645536805,0.2863847139703712,0.8786439849407489,1.0,0.0,0
-0.6488021336606294,-0.5605713925909617,-0.6904189229405062,-0.7426225326118401,-1.0343513401082671,0.0,1.7417700788909365,-0.6999844023659983,1.4981958824956936,1.5665986829772471,1.6167686236700805,1.6215115856271138,1.3779501825289144,0.0,1.0,1
1.9828546325398697,0.4886760813066058,-1.3022386536091188,-0.3376435954792385,0.20139421079629644,0.0,-0.09420865898738136,-1.0477307417736565,-1.509474646981232,-0.638325571740905,-0.19101344341148618,0.2863847139703712,1.7597725689198638,1.0,0.0,0
-0.569380192103192,-0.3419781688623018,0.561128374817014,-0.7729959528967865,0.04494235519456671,0.0,0.8237807099517775,0.5750855087954145,0.9969174609162059,1.5665986829772471,0.8723877725188471,0.2863847139703712,1.2861659550310898,0.0,1.0,0
-0.6230436661284876,1.0570184630011215,1.2133106788207637,-0.23639886119608633,0.8385887601304797,0.0,1.7417700788909365,-1.6273079741197531,0.9969174609162059,1.5665986829772471,1.5104285020770472,1.6215115856271138,-1.0267965779140868,1.0,0.0,0
-0.6445090557386058,0.2263642128322139,-1.1295637208267988,1.1607784719113932,-1.2034622889429667,0.0,0.3647860254821981,1.2705781876107307,-1.0081962254017445,-0.638325571740905,0.5533674077397471,0.2863847139703712,-1.636243848499641,1.0,0.0,0
0.09819342477148613,-0.3856968136080338,-0.20937392987773784,0.6849282207805857,-0.19503528781513224,0.0,0.8237807099517775,0.8069164017338532,-1.509474646981232,-0.638325571740905,0.9787278941118804,0.2863847139703712,1.2788232168312634,1.0,0.0,0
-0.6144575102844403,-0.1671035898793739,1.0666215551570655,-0.15540307376956747,0.45651430982629443,0.0,-1.0121980279265403,1.2705781876107307,-0.005639382242769227,-0.638325571740905,-0.8290541729696862,-1.0487421576863714,-0.8285426465187858,1.0,0.0,0
-0.6509486726216414,-0.7791646163196216,1.428577736608162,-1.4614601460222114,0.5854068954710799,0.0,0.8237807099517775,0.5750855087954145,0.9969174609162059,1.5665986829772471,0.8723877725188471,0.2863847139703712,-0.9093127667168714,0.0,1.0,1
-0.6595348284656887,1.2756116867297813,1.0275659603870662,-1.0868546291745524,0.7201141842276598,0.0,-1.4711927123961197,0.9228318482030725,0.4956390393367183,-0.638325571740905,-1.3607547809348528,-1.0487421576863714,-0.7991716937194822,0.0,1.0,1
-0.4684928609356361,-1.6535375112342612,-1.6356719499033854,-0.01366044577315582,-1.9195793190549486,0.0,-0.09420865898738136,-0.5840689558967791,0.4956390393367183,-0.638325571740905,-0.19101344341148618,0.2863847139703712,1.0695551781362238,0.0,1.0,0
0.008038788408989429,0.3575201470694098,-1.1223368981725073,0.8874176893468865,-0.8004306795066876,0.0,-1.4711927123961197,-1.3954770811813144,0.9969174609162059,1.5665986829772471,-1.6797751457139527,-1.0487421576863714,0.45276516935084365,1.0,0.0,0
-0.642362516777594,-1.4786629322513334,-1.1644677366251839,0.34069612421787326,-1.6077052948608697,0.0,-1.0121980279265403,-1.2795616347120953,-0.5069178038222568,-0.638325571740905,-1.1480745377487862,-1.0487421576863714,1.8478854273177756,0.0,1.0,0
-0.6702675232707478,1.4067676209669773,-1.0330010691907372,-0.35789254233586826,-0.8802617076457042,0.0,-1.4711927123961197,-0.9318152953044371,-0.5069178038222568,-0.638325571740905,-1.5734350241209194,-1.0487421576863714,-0.7037160971217447,1.0,0.0,0
-0.5350355687270028,-1.6972561559799932,-0.37143927195482207,-1.5525804068770468,-0.9708135946470924,0.0,0.3647860254821981,-0.9318152953044371,-0.005639382242769227,-0.638325571740905,0.23434704296064715,0.2863847139703712,-1.1259235436117372,0.0,1.0,0
-0.6359228998945585,0.9258625287639255,-0.11850047905462928,-1.0159833151763467,-0.24700419687679862,0.0,1.7417700788909365,-0.9318152953044371,0.4956390393367183,-0.638325571740905,1.6167686236700805,1.6215115856271138,1.73040161612056,0.0,1.0,0
-0.19373587392612224,-0.3419781688623018,0.32556470872394694,0.9582890033450923,0.07135079849396844,0.0,0.8237807099517775,-1.163646188242876,0.4956390393367183,-0.638325571740905,0.6597075293327804,0.2863847139703712,1.1870389893334394,1.0,0.0,0
-0.6359228998945585,1.3630489762212454,0.4518803429899092,-1.5627048803053636,0.29927504651150905,0.0,-0.09420865898738136,-0.9318152953044371,-1.0081962254017445,-0.638325571740905,-0.19101344341148618,0.2863847139703712,0.030557722860850862,0.0,1.0,1
-0.5951386596353339,-0.12338494513364194,-0.8107378320252483,-0.9653609480347742,-1.0019464842248273,0.0,-1.0121980279265403,0.4591700623261951,-0.005639382242769227,-0.638325571740905,-0.9353942945627195,-1.0487421576863714,-0.024512813637843817,0.0,1.0,0
-0.569380192103192,1.5379235552041732,-0.9239067995477664,-0.0946562331996783,-0.7083039770791882,0.0,-0.5532033434569608,0.34325461585697575,-0.5069178038222568,-0.638325571740905,-0.5100338081905862,-1.0487421576863714,-0.5862322859245294,1.0,0.0,0
0.0917538078884506,-1.1289137742854773,1.4844702905408185,-0.6312533249003749,0.9710549653960555,0.0,-1.4711927123961197,0.9228318482030725,0.4956390393367183,-0.638325571740905,-1.3607547809348528,-1.0487421576863714,0.9887850579381382,1.0,0.0,0
3.214967996160658,1.4504862657127093,-0.19092246778167532,-0.550257537473856,1.9854783791079278,0.0,-1.4711927123961197,0.6910009552646338,-0.5069178038222568,-0.638325571740905,-1.3607547809348528,-1.0487421576863714,-1.3021492604075602,1.0,0.0,0
-0.5049840232728371,0.3575201470694098,-0.741698611349147,0.02683744794010362,-0.790073239588803,0.0,-0.5532033434569608,-0.6999844023659983,-1.509474646981232,-0.638325571740905,-0.6163739297836195,-1.0487421576863714,-1.2874637840079084,0.0,1.0,0
1.6866322559202376,-1.6098188664885291,-0.6672008331362939,1.1304050516264468,0.06935199429928887,0.0,-1.4711927123961197,1.038747294672292,0.9969174609162059,1.5665986829772471,-1.3607547809348528,-1.0487421576863714,-0.7551152645205266,1.0,0.0,1
-0.6659744453487241,-1.0414764847940134,-0.9891019656205213,-1.0666056823179229,-1.3859591688996107,0.0,0.3647860254821981,1.5024090805491692,-0.005639382242769227,-0.638325571740905,0.5533674077397471,0.2863847139703712,-0.1750389467342756,0.0,1.0,0
-0.4277086206764114,0.9258625287639255,-0.03854414330502394,-0.2667722814810327,-0.06650612111483416,0.0,-0.5532033434569608,-0.8158998488352177,1.4981958824956936,1.5665986829772471,-0.7227140513766528,-1.0487421576863714,1.2604663713316988,1.0,0.0,0
-0.580112886908251,0.13892692334074994,1.1335849863473595,-1.1172280494594988,0.5964911732779389,0.0,-1.0121980279265403,-1.0477307417736565,0.4956390393367183,-0.638325571740905,-1.1480745377487862,-1.0487421576863714,0.4380796929511918,0.0,1.0,0
-0.5586474972981328,0.5761133707980697,1.2126187489921616,-1.9474348705813354,0.7677826357795611,0.0,-0.09420865898738136,-1.0477307417736565,-1.509474646981232,-0.638325571740905,-0.19101344341148618,0.2863847139703712,0.8859867231405751,0.0,1.0,1
-0.5135701791168844,-1.0851951295397455,0.5342199925935893,-1.1273525228878156,-0.10951069621248341,0.0,-1.0121980279265403,0.22733916938775642,-1.0081962254017445,-0.638325571740905,-0.9353942945627195,-1.0487421576863714,-0.6009177623241811,0.0,1.0,1
-0.3976570752222458,-1.5661002217427973,0.5176905577991996,-0.7122491123268974,-0.16372068876515394,0.0,-1.4711927123961197,-0.4681535094275597,1.4981958824956936,1.5665986829772471,-1.5734350241209194,-1.0487421576863714,0.33528135815362836,0.0,1.0,1
-0.5371821076880146,1.5816421999499053,-0.5318132300064339,0.12808218222325582,-0.37153575518773807,0.0,-1.4711927123961197,-0.8158998488352177,-0.005639382242769227,-0.638325571740905,-1.5734350241209194,-1.0487421576863714,-0.667002406122615,0.0,1.0,0
-0.6831467570368187,-1.5661002217427973,-0.849409021334913,0.4216919116443921,-1.4018890326329652,0.0,1.282775394421357,1.734239973487608,-0.005639382242769227,-0.638325571740905,1.5104285020770472,1.6215115856271138,1.1980530966331786,1.0,0.0,1
-0.3160885947037964,1.6690794894413692,1.0112671688688775,-0.6515022717570046,0.9883173652591964,0.0,-0.5532033434569608,-0.23632261648912098,0.4956390393367183,-0.638325571740905,-0.6163739297836195,-1.0487421576863714,-1.324177475007038,1.0,0.0,0
2.4035762688981874,1.4942049104584412,0.7742427620265382,-0.8944896340365684,2.2976552524224134,0.0,-1.0121980279265403,-1.5113925276505338,-1.509474646981232,-0.638325571740905,-1.1480745377487862,-1.0487421576863714,0.39035189465232306,1.0,0.0,1
0.25703730788636125,0.1826455680864819,-0.6572831722596603,1.646753196470517,-0.3322865091831229,0.0,-1.4711927123961197,1.3864936340799499,-1.0081962254017445,-0.638325571740905,-1.2544146593418195,-1.0487421576863714,-1.5407882519019038,1.0,0.0,0
-0.13363278301779113,1.1007371077468535,-0.08213572250697221,1.1709029453397062,0.10387679402557067,0.0,-0.09420865898738136,1.5024090805491692,-1.0081962254017445,-0.638325571740905,0.1280069213676138,0.2863847139703712,1.3192082769303064,1.0,0.0,1
-0.6208971271674758,-0.9977578400482815,0.7564832297590778,0.6849282207805857,0.024409184831041448,0.0,1.282775394421357,-0.004491723550682283,-0.5069178038222568,-0.638325571740905,1.2977482588909803,1.6215115856271138,0.1517129031579793,0.0,1.0,0
-0.2946232050936781,-1.6098188664885291,0.20901297315048398,-0.8236183200383626,-0.3584526731861995,0.0,1.282775394421357,1.5024090805491692,-1.0081962254017445,-0.638325571740905,1.5104285020770472,1.6215115856271138,0.7831883883430114,1.0,0.0,0
-0.5779663479472393,-1.5661002217427973,0.9874340303281295,0.1787045493648319,0.1046036319145449,0.0,1.282775394421357,-0.5840689558967791,0.4956390393367183,-0.638325571740905,1.191408137297947,1.6215115856271138,1.752429830720038,1.0,0.0,0
-0.6273367440505112,-1.1726324190312094,-0.7999744791358786,-2.038555131436171,-1.2442257805496117,0.0,1.282775394421357,1.2705781876107307,1.4981958824956936,1.5665986829772471,1.4040883804840139,1.6215115856271138,-1.5518023592016428,0.0,1.0,1
0.4394931195723666,-0.2108222346251059,-0.3722080828754913,1.5657574090439947,-0.09194544722893654,0.0,-1.0121980279265403,1.2705781876107307,-0.005639382242769227,-0.638325571740905,-0.8290541729696862,-1.0487421576863714,0.8786439849407489,1.0,0.0,0
-0.49210478950676617,-0.47313410309949777,-1.3346824744613626,0.006588501083473899,-1.4341121790441616,0.0,-0.5532033434569608,-0.12040717001990163,0.9969174609162059,1.5665986829772471,-0.6163739297836195,-1.0487421576863714,-0.11996841023558093,1.0,0.0,0
-0.4191224648323641,0.2263642128322139,-1.1242589254741806,0.2799492836479805,-1.0720863405108523,0.0,0.3647860254821981,1.1546627411415114,-1.509474646981232,-0.638325571740905,0.5533674077397471,0.2863847139703712,-1.5995301575005116,1.0,0.0,1
-0.5607940362591447,1.0570184630011215,-0.6160749069117868,0.7153016410655285,-0.5675397059144884,0.0,0.3647860254821981,1.6183245270183886,0.4956390393367183,-0.638325571740905,0.5533674077397471,0.2863847139703712,-0.5935750241243553,0.0,1.0,0
-0.5221563349609317,-0.3419781688623018,0.18633305099074032,0.2698248102196674,-0.22368481460553813,0.0,-1.4711927123961197,-0.23632261648912098,-1.0081962254017445,-0.638325571740905,-1.467094902527886,-1.0487421576863714,-1.2580928312086046,0.0,1.0,0
-0.4491740102865296,1.3193303314755134,0.17318638424729535,-0.20602544091114355,0.17540975626546296,0.0,-0.5532033434569608,-1.3954770811813144,-1.0081962254017445,-0.638325571740905,-0.7227140513766528,-1.0487421576863714,0.015872246461199,1.0,0.0,0
-0.38477784145617483,0.7509879497809976,0.33394474775924193,0.4419408585010219,0.212417918779074,0.0,-0.09420865898738136,-0.5840689558967791,0.4956390393367183,-0.638325571740905,-0.19101344341148618,0.2863847139703712,-0.34025055623035966,0.0,1.0,0
3.3716653403145216,0.6198320155438017,0.4875531697089641,0.24957586336303772,2.424306754576194,0.0,-1.4711927123961197,0.5750855087954145,-1.0081962254017445,-0.638325571740905,-1.3607547809348528,-1.0487421576863714,-0.29986549613131724,1.0,0.0,0
-0.47063939989664794,0.1826455680864819,-1.7993517949138749,1.110156104769817,-1.6427146531798011,0.0,0.8237807099517775,1.1546627411415114,-0.005639382242769227,-0.638325571740905,0.9787278941118804,0.2863847139703712,0.39035189465232306,1.0,0.0,0
-0.2860370492496308,-1.3037883532684054,0.8018430740785656,0.9481645299167757,0.18128502920133943,0.0,1.7417700788909365,-1.2795616347120953,-1.0081962254017445,-0.638325571740905,1.6167686236700805,1.6215115856271138,0.5372066586488421,1.0,0.0,0
0.41373465204022464,1.5379235552041732,-0.9003811853752864,-0.06428281291473192,-0.1349500223265858,0.0,1.282775394421357,1.3864936340799499,-1.509474646981232,-0.638325571740905,1.5104285020770472,1.6215115856271138,0.4821361221501474,1.0,0.0,0
-0.6015782765183694,-1.1726324190312094,-0.5903966221614328,-0.18577649405451382,-1.064575682324784,0.0,-0.5532033434569608,0.22733916938775642,-1.0081962254017445,-0.638325571740905,-0.5100338081905862,-1.0487421576863714,-1.2544214621086913,0.0,1.0,1
-0.21305472457522875,0.4449574365608738,1.1918608541340907,1.0089113704866683,0.9173901012601156,0.0,-1.0121980279265403,1.2705781876107307,-0.005639382242769227,-0.638325571740905,-0.8290541729696862,-1.0487421576863714,-0.7257443117212224,1.0,0.0,0
-0.5844059648302747,1.3630489762212454,-1.2348139358664232,-0.39839043604912766,-1.0004928084468785,0.0,-1.0121980279265403,1.1546627411415114,-0.5069178038222568,-0.638325571740905,-0.8290541729696862,-1.0487421576863714,0.761160173743534,1.0,0.0,0
-0.2667181986005244,-0.8666019058110855,-1.125873428407586,1.1405295250547633,-1.2296284529460435,0.0,-0.09420865898738136,0.5750855087954145,-1.509474646981232,-0.638325571740905,0.02166679977458048,0.2863847139703712,-0.6229459769236589,1.0,0.0,0
-0.5972851985963457,0.5761133707980697,-1.1619306605869753,-0.8236183200383626,-1.1247820874614929,0.0,-1.4711927123961197,-0.5840689558967791,0.9969174609162059,1.5665986829772471,-1.5734350241209194,-1.0487421576863714,1.4954339937261294,0.0,1.0,1
2.5795924637011574,-1.3912256427598693,0.744720422672838,1.059533737628241,1.7341136091709646,0.0,-1.0121980279265403,0.22733916938775642,-1.0081962254017445,-0.638325571740905,-0.9353942945627195,-1.0487421576863714,-1.0561675307133906,1.0,0.0,1
-0.5543544193761091,-1.0851951295397455,1.5927957492631204,-1.1982238368860214,0.7014586784106513,0.0,0.8237807099517775,1.2705781876107307,0.4956390393367183,-0.638325571740905,0.9787278941118804,0.2863847139703712,-1.0965525908124334,0.0,1.0,0
-0.49210478950676617,1.6253608446956371,1.491773994287177,-1.6234517208752528,1.2578530824205192,0.0,0.3647860254821981,-1.2795616347120953,-1.509474646981232,-0.638325571740905,0.23434704296064715,0.2863847139703712,-1.001096994214696,0.0,1.0,0
-0.5092771011948608,-0.3856968136080338,1.5175291601295977,-0.06428281291473192,0.822658896397125,0.0,-1.4711927123961197,-0.8158998488352177,-0.005639382242769227,-0.638325571740905,-1.5734350241209194,-1.0487421576863714,0.7795170192430986,1.0,0.0,0
-0.5522078804150974,0.4886760813066058,-0.09904956276169627,-1.177974890029388,-0.28134728713083673,0.0,1.282775394421357,0.6910009552646338,-1.0081962254017445,-0.638325571740905,1.4040883804840139,1.6215115856271138,-0.49811942752661775,0.0,1.0,0
-0.5200097959999199,1.4067676209669773,0.480018822686405,-1.6234517208752528,0.39655018398591024,0.0,-0.5532033434569608,0.6910009552646338,0.9969174609162059,1.5665986829772471,-0.5100338081905862,-1.0487421576863714,1.8368713200180367,0.0,1.0,0
0.8859732234628263,1.4942049104584412,-0.3892756853143493,1.6872510901837765,0.5245342222694778,0.0,1.282775394421357,-1.6273079741197531,-0.5069178038222568,-0.638325571740905,1.0850680157049137,1.6215115856271138,0.11867058125876243,1.0,0.0,0
-0.6445090557386058,-1.6098188664885291,-1.2149017330210885,-0.23639886119608633,-1.6777240114987324,0.0,1.282775394421357,-0.23632261648912098,-1.509474646981232,-0.638325571740905,1.2977482588909803,1.6215115856271138,1.282494585931177,1.0,0.0,0
1.5664260741035752,-1.3037883532684054,0.40913445580069724,-1.1476014697444452,0.9173295314360347,0.0,-1.0121980279265403,-1.3954770811813144,-1.0081962254017445,-0.638325571740905,-1.1480745377487862,-1.0487421576863714,-0.14933936303488504,1.0,0.0,1
1.0040328663184768,0.7509879497809976,1.1111357074638164,-1.0767301557462394,1.6084917940265633,0.0,-0.09420865898738136,0.6910009552646338,-1.0081962254017445,-0.638325571740905,0.02166679977458048,0.2863847139703712,-0.9239982431165233,1.0,0.0,1
-0.5414751856100382,1.6253608446956371,1.006884946621062,1.059533737628241,0.8479770828630651,0.0,1.282775394421357,1.8501554199568273,0.4956390393367183,-0.638325571740905,1.5104285020770472,1.6215115856271138,1.5578472684246505,1.0,0.0,0
0.08316765204440328,0.5761133707980697,0.15488868433536654,0.36094507107450297,0.29667054407601806,0.0,-1.4711927123961197,0.8069164017338532,-0.005639382242769227,-0.638325571740905,-1.3607547809348528,-1.0487421576863714,-0.7514438954206134,1.0,0.0,1
-0.3418470622359383,-0.29825952411656986,0.5399091934065421,-1.5728293537336766,0.16632428265328353,0.0,1.282775394421357,-0.4681535094275597,0.9969174609162059,1.5665986829772471,1.191408137297947,1.6215115856271138,0.3462954654533671,0.0,1.0,0
-0.655241750543665,-1.0414764847940134,1.1302790993884815,-0.2870212283376624,0.2898261539548428,0.0,-0.09420865898738136,-1.6273079741197531,-0.5069178038222568,-0.638325571740905,-0.2973535650045195,0.2863847139703712,-0.13465388663523317,0.0,1.0,0
-0.38048476353415117,-0.47313410309949777,1.173486273130095,0.4621898053576516,0.6049103788252249,0.0,0.8237807099517775,0.8069164017338532,-1.509474646981232,-0.638325571740905,0.9787278941118804,0.2863847139703712,-0.05388376643714754,0.0,1.0,0
1.581451846830658,1.1881743972383174,0.4333519998017798,-0.12502965348462108,1.4972855970134875,0.0,-1.4711927123961197,1.5024090805491692,-0.5069178038222568,-0.638325571740905,-1.2544146593418195,-1.0487421576863714,-0.8468994920183509,1.0,0.0,0
-0.6445090557386058,0.8384252392724616,-0.6918796636897778,-0.560382010902169,-0.7229618745068379,0.0,-0.5532033434569608,1.3864936340799499,0.4956390393367183,-0.638325571740905,-0.40369368659755284,-1.0487421576863714,0.4601079075506696,0.0,1.0,0
0.6326816260634308,1.4942049104584412,0.20270872360099595,0.9785379502017221,0.8479770828630651,0.0,1.282775394421357,0.4591700623261951,1.4981958824956936,1.5665986829772471,1.2977482588909803,1.6215115856271138,0.27286808345510777,1.0,0.0,1
-0.39336399730022215,-1.5223815769970652,-0.7509243423971785,0.9076666362035162,-1.151069391112732,0.0,-0.09420865898738136,-0.35223806295834037,1.4981958824956936,1.5665986829772471,-0.19101344341148618,0.2863847139703712,-0.5715468095248775,1.0,0.0,0
-0.041331607694282575,-1.1726324190312094,0.05655776758176597,-0.813493846610046,-0.23870613097767487,0.0,-0.09420865898738136,-0.9318152953044371,-1.0081962254017445,-0.638325571740905,-0.19101344341148618,0.2863847139703712,-0.4834339511269659,1.0,0.0,0
-0.4277086206764114,1.4504862657127093,1.2057763317982046,1.2721476796228584,1.0301105438752218,0.0,1.282775394421357,-1.3954770811813144,0.4956390393367183,-0.638325571740905,1.0850680157049137,1.6215115856271138,0.8713012467409234,1.0,0.0,0
-0.38048476353415117,1.2756116867297813,0.38337928995827664,0.24957586336303772,0.37008117086242764,0.0,1.282775394421357,0.11142372291853707,-0.005639382242769227,-0.638325571740905,1.2977482588909803,1.6215115856271138,0.15538427225789248,0.0,1.0,0
-0.6745606011927714,1.1444557524925854,-0.6955699561089903,0.10783323536662609,-0.6749905738345304,0.0,0.8237807099517775,-0.35223806295834037,0.4956390393367183,-0.638325571740905,0.7660476509258137,0.2863847139703712,1.2347667876323078,1.0,0.0,1
-0.6509486726216414,0.051489633849285975,0.3378656834546552,-0.45913727661902043,-0.08976493356201326,0.0,-0.09420865898738136,0.11142372291853707,-0.005639382242769227,-0.638325571740905,-0.08467332181845284,0.2863847139703712,-1.5701592047012076,0.0,1.0,0
1.0598428793047843,-0.03594765564217798,0.11960026307664681,-0.9552364746064576,0.6843779880197541,0.0,-0.09420865898738136,-0.8158998488352177,-0.5069178038222568,-0.638325571740905,-0.19101344341148618,0.2863847139703712,-0.9900828869149572,1.0,0.0,1
-0.4191224648323641,0.09520827859501796,-0.2096814542460057,-0.3275191220509219,-0.3806212287999175,0.0,0.8237807099517775,1.038747294672292,-0.5069178038222568,-0.638325571740905,0.9787278941118804,0.2863847139703712,1.6459601268225617,0.0,1.0,1
-0.5049840232728371,1.2756116867297813,-0.8775475010314089,-2.200546706289212,-0.6935855098274578,0.0,1.282775394421357,1.8501554199568273,0.4956390393367183,-0.638325571740905,1.5104285020770472,1.6215115856271138,0.8125593411423159,0.0,1.0,0
-0.5565009583371209,-1.3037883532684054,1.0855343038055296,0.796297428492051,0.2521517233763389,0.0,1.282775394421357,-0.6999844023659983,-0.005639382242769227,-0.638325571740905,1.191408137297947,1.6215115856271138,-1.133266281811563,0.0,1.0,1
0.5790181520381352,-0.6042900373366937,-0.775987578410997,1.424014781047583,-0.418537938674746,0.0,-0.09420865898738136,1.1546627411415114,0.9969174609162059,1.5665986829772471,0.02166679977458048,0.2863847139703712,0.6877327917452742,1.0,0.0,1
0.018771483214048524,-1.6535375112342612,-0.6489031332243651,0.1584556025081986,-0.8671786256441658,0.0,-0.5532033434569608,0.22733916938775642,-1.0081962254017445,-0.638325571740905,-0.5100338081905862,-1.0487421576863714,0.8859867231405751,1.0,0.0,0
-0.5243028739219436,-0.3856968136080338,0.763710052413369,0.016712974511790556,0.2202919959096295,0.0,1.282775394421357,1.5024090805491692,-1.0081962254017445,-0.638325571740905,1.5104285020770472,1.6215115856271138,-0.85791359931809,0.0,1.0,1
0.0037457104869657726,0.1826455680864819,1.4435695495612129,0.06733534165336305,1.1798997188280198,0.0,1.282775394421357,1.6183245270183886,-0.5069178038222568,-0.638325571740905,1.5104285020770472,1.6215115856271138,1.1760248820337005,1.0,0.0,0
0.5253546780128395,1.6253608446956371,-0.6951086695565887,-0.9856098948914039,0.10914636872063462,0.0,0.3647860254821981,-1.3954770811813144,1.4981958824956936,1.5665986829772471,0.1280069213676138,0.2863847139703712,1.8075003672187329,1.0,0.0,0
-0.6359228998945585,1.6690794894413692,-1.046839665762784,1.0696582110565576,-0.8136349011563884,0.0,-1.4711927123961197,0.6910009552646338,-0.5069178038222568,-0.638325571740905,-1.3607547809348528,-1.0487421576863714,1.6165891740232579,1.0,0.0,1
2.8006859766853758,-0.1671035898793739,-1.943580723631432,-0.8944896340365684,0.012295220014802223,0.0,1.7417700788909365,-1.6273079741197531,0.9969174609162059,1.5665986829772471,1.5104285020770472,1.6215115856271138,-0.9753974105153053,1.0,0.0,0
-0.6166040492454521,-0.9103205505568176,-1.6704222035176368,-0.9856098948914039,-1.8657933152708464,0.0,0.3647860254821981,-1.3954770811813144,1.4981958824956936,1.5665986829772471,0.1280069213676138,0.2863847139703712,0.5482207659485812,0.0,1.0,0
-0.6101644323624166,-1.0851951295397455,-0.77491124312206,-0.0440338660581022,-1.1954065023401677,0.0,-1.4711927123961197,0.8069164017338532,-0.005639382242769227,-0.638325571740905,-1.3607547809348528,-1.0487421576863714,0.9447286287391826,0.0,1.0,1
-0.6488021336606294,-0.3419781688623018,0.42574077168715385,1.849242665036818,-0.10654277483250503,0.0,-0.09420865898738136,0.9228318482030725,-0.005639382242769227,-0.638325571740905,0.02166679977458048,0.2863847139703712,-0.8505708611182641,1.0,0.0,0
-0.004840445357081541,1.6690794894413692,0.04956158820367534,-0.17565202062619717,0.40630192566298307,0.0,-0.5532033434569608,-0.23632261648912098,0.4956390393367183,-0.638325571740905,-0.6163739297836195,-1.0487421576863714,-0.641302822423224,1.0,0.0,0
-0.605871354440393,0.6198320155438017,0.34278607334693845,0.8671687424902568,0.0655360953821734,0.0,0.8237807099517775,-0.9318152953044371,1.4981958824956936,1.5665986829772471,0.6597075293327804,0.2863847139703712,-0.6927019898220059,1.0,0.0,1
0.21839960658814841,-1.740974800725725,1.1455015556177335,1.3025210999078047,0.6397985974959941,0.0,0.3647860254821981,0.6910009552646338,-0.005639382242769227,-0.638325571740905,0.4470272861467138,0.2863847139703712,-1.2140364020096488,1.0,0.0,0
-0.6831467570368187,-1.6535375112342612,-1.356439823516303,-0.07440728634304498,-1.8207293661544364,0.0,-1.4711927123961197,-1.5113925276505338,0.4956390393367183,-0.638325571740905,-1.6797751457139527,-1.0487421576863714,1.1907103584333523,0.0,1.0,0
0.1711757494458883,0.0077709891035539986,-1.126949763696523,0.35082059764618634,-0.7895281111720722,0.0,-0.09420865898738136,-0.35223806295834037,1.4981958824956936,1.5665986829772471,-0.19101344341148618,0.2863847139703712,1.4660630409268258,1.0,0.0,1
0.10892611957654522,1.1444557524925854,1.4154310698647175,1.1202805781981338,1.4302953715796844,0.0,0.8237807099517775,-0.8158998488352177,-1.509474646981232,-0.638325571740905,0.7660476509258137,0.2863847139703712,1.6716597105219526,1.0,0.0,0
-0.6788536791147951,1.3193303314755134,-1.9333555383865304,-0.38826596262081464,-1.6138228470930704,0.0,1.282775394421357,0.4591700623261951,1.4981958824956936,1.5665986829772471,1.2977482588909803,1.6215115856271138,0.7758456501431858,0.0,1.0,0
-0.5028374843118253,1.6253608446956371,-1.0527595098519376,0.09770876193830944,-0.7528833676029486,0.0,1.7417700788909365,-1.6273079741197531,0.9969174609162059,1.5665986829772471,1.5104285020770472,1.6215115856271138,1.374278813429001,0.0,1.0,0
-0.580112886908251,1.7127981341871013,-1.6094554975085629,-0.4186393829057574,-1.2156973934073685,0.0,0.3647860254821981,1.8501554199568273,1.4981958824956936,1.5665986829772471,0.5533674077397471,0.2863847139703712,1.2494522640319599,0.0,1.0,0
-0.6015782765183694,-0.8228832610653536,1.6386168801350092,-0.23639886119608633,0.7690546020852664,0.0,-1.0121980279265403,1.3864936340799499,0.4956390393367183,-0.638325571740905,-0.8290541729696862,-1.0487421576863714,0.8235734484420542,1.0,0.0,1
-0.38477784145617483,1.6253608446956371,1.2544420630765705,1.0392847907716112,1.131443859563063,0.0,-0.09420865898738136,1.3864936340799499,-1.509474646981232,-0.638325571740905,0.1280069213676138,0.2863847139703712,-0.7844862173198303,1.0,0.0,1
-0.5221563349609317,1.7127981341871013,0.35731659974758817,0.047086394796733336,0.36650755124163675,0.0,-0.09420865898738136,-0.12040717001990163,-1.0081962254017445,-0.638325571740905,-0.08467332181845284,0.2863847139703712,1.1099402382352668,1.0,0.0,0
0.3686573338589763,1.2318930419840495,-0.09189962119947193,1.282272153051175,0.4087247186262309,0.0,-1.4711927123961197,-1.5113925276505338,0.4956390393367183,-0.638325571740905,-1.6797751457139527,-1.0487421576863714,-0.9496978268159143,1.0,0.0,0
-0.5565009583371209,0.7509879497809976,1.0408663893146444,-0.5705064843304857,0.6724457326757586,0.0,-1.0121980279265403,0.8069164017338532,1.4981958824956936,1.5665986829772471,-0.9353942945627195,-1.0487421576863714,1.3779501825289144,0.0,1.0,1
-0.6702675232707478,-1.6098188664885291,1.4863923178424918,-1.8968125034397594,0.43592056963868775,0.0,1.282775394421357,-1.2795616347120953,0.9969174609162059,1.5665986829772471,1.0850680157049137,1.6215115856271138,-0.8836131830174805,0.0,1.0,0
-0.27530435444457174,-0.7791646163196216,-1.2574169769341,-0.4186393829057574,-1.318726664169483,0.0,-1.4711927123961197,0.34325461585697575,1.4981958824956936,1.5665986829772471,-1.467094902527886,-1.0487421576863714,0.8309161866418805,1.0,0.0,0
