numericas__peso_carga,numericas__cantidad_paquetes,numericas__distancia_real_km,numericas__precio_combustible,numericas__costo_envio,numericas__fecha_salida_anio,numericas__fecha_salida_mes,numericas__fecha_salida_dia,numericas__fecha_salida_dia_semana,numericas__fecha_salida_fin_semana,numericas__fecha_salida_semana,numericas__fecha_salida_trimestre,numericas__hora_salida_num,categoricas__tipo_combustible_Diesel,categoricas__tipo_combustible_Gasolina,entrega_tardia
-0.47493247781867154,-1.6535375112342612,-0.7720666427155838,0.9481645299167757,-1.242832674595744,0.0,1.282775394421357,-0.35223806295834037,1.4981958824956936,1.5665986829772471,1.191408137297947,1.6215115856271138,1.1429825601344838,1.0,0.0,0
0.1904946000949947,-1.5223815769970652,0.1686503998153468,-0.18577649405451382,-0.0970938822758382,0.0,-0.09420865898738136,-0.23632261648912098,-1.509474646981232,-0.638325571740905,-0.08467332181845284,0.2863847139703712,-0.7110588353215705,1.0,0.0,0
1.459099126052984,-0.9103205505568176,0.10637671524113498,-1.1071035760311858,0.7054562868000105,0.0,-1.4711927123961197,-0.35223806295834037,-1.509474646981232,-0.638325571740905,-1.467094902527886,-1.0487421576863714,0.08562825935954554,1.0,0.0,0
4.794820671465362,-1.0851951295397455,0.48847574281376727,0.006588501083473899,2.8502337575151655,0.0,0.8237807099517775,-1.0477307417736565,0.9969174609162059,1.5665986829772471,0.6597075293327804,0.2863847139703712,-0.7477725263207006,1.0,0.0,0
1.7617611195556515,-0.1671035898793739,1.1402736413571823,0.7153016410655285,1.8555561064537627,0.0,1.7417700788909365,-0.35223806295834037,-0.5069178038222568,-0.638325571740905,1.7231087452631138,1.6215115856271138,-0.002484599038365633,1.0,0.0,1
-0.38048476353415117,0.7509879497809976,-0.7614570520103475,-1.1071035760311858,-0.6481581417665607,0.0,0.3647860254821981,0.6910009552646338,-0.005639382242769227,-0.638325571740905,0.4470272861467138,0.2863847139703712,1.5578472684246505,1.0,0.0,0
1.6544341715050601,-0.8228832610653536,1.4085886526707607,-0.8539917403233089,1.8610073906210705,0.0,-0.09420865898738136,1.2705781876107307,1.4981958824956936,1.5665986829772471,0.02166679977458048,0.2863847139703712,1.4073211353282182,1.0,0.0,0
-0.5414751856100382,0.051489633849285975,0.2731318039343017,-0.23639886119608633,-0.07898350487556079,0.0,-1.4711927123961197,0.34325461585697575,1.4981958824956936,1.5665986829772471,-1.467094902527886,-1.0487421576863714,-1.2580928312086046,0.0,1.0,1
-0.5393286466490264,-0.9103205505568176,1.3112571901140302,0.39131849135944574,0.5268964454086442,0.0,0.3647860254821981,0.6910009552646338,-0.005639382242769227,-0.638325571740905,0.4470272861467138,0.2863847139703712,-1.2177077711095619,0.0,1.0,0
-0.1400723999008266,0.8384252392724616,0.16173110152932346,0.06733534165336305,0.23422305544830463,0.0,1.282775394421357,0.8069164017338532,-0.5069178038222568,-0.638325571740905,1.4040883804840139,1.6215115856271138,-0.006155968138278794,1.0,0.0,0
-0.42556208171539955,1.1881743972383174,1.4335750075925122,-0.9349875277498279,1.1526432979914816,0.0,0.8237807099517775,-0.12040717001990163,1.4981958824956936,1.5665986829772471,0.7660476509258137,0.2863847139703712,-0.6559882988228759,1.0,0.0,1
-0.4341482375594468,-0.6042900373366937,-0.32346547050505897,0.8772932159185698,-0.6338030934593171,0.0,-1.4711927123961197,1.1546627411415114,1.4981958824956936,1.5665986829772471,-1.3607547809348528,-1.0487421576863714,1.565190006624476,1.0,0.0,0
-0.6187505882064639,-0.03594765564217798,-1.6225252831599408,1.2923966264794882,-1.6354462742900575,0.0,1.282775394421357,-0.4681535094275597,0.9969174609162059,1.5665986829772471,1.191408137297947,1.6215115856271138,0.6914041608451871,1.0,0.0,1
-0.592992120674322,1.0132998182553896,-1.2071367427223287,0.5229366459275443,-1.0610626325280745,0.0,-1.4711927123961197,-1.0477307417736565,-1.0081962254017445,-0.638325571740905,-1.5734350241209194,-1.0487421576863714,-1.0378106852138258,1.0,0.0,0
-0.42556208171539955,0.8821438840181935,-0.6678158818728294,-0.2667722814810327,-0.5707499065907919,0.0,0.3647860254821981,-0.004491723550682283,0.4956390393367183,-0.638325571740905,0.3406871645536805,0.2863847139703712,0.29489629805458556,1.0,0.0,1
-0.5758198089862274,0.13892692334074994,1.1751776571555677,-0.38826596262081464,0.6316822410691135,0.0,0.3647860254821981,-0.4681535094275597,-1.509474646981232,-0.638325571740905,0.3406871645536805,0.2863847139703712,-0.3145509725309691,0.0,1.0,0
-0.5586474972981328,-0.42941545835376577,-0.6782717103939315,0.02683744794010362,-0.9448291401162592,0.0,-0.09420865898738136,0.5750855087954145,-1.509474646981232,-0.638325571740905,0.02166679977458048,0.2863847139703712,1.209067203932917,0.0,1.0,0
-0.5779663479472393,-1.6098188664885291,1.2856557864557432,-1.7449454020150346,0.3298628076725131,0.0,0.8237807099517775,0.22733916938775642,-0.5069178038222568,-0.638325571740905,0.8723877725188471,0.2863847139703712,-1.0524961616134778,0.0,1.0,1
0.6026300806092654,-1.2163510637769415,0.8871810862728553,1.100031631341504,0.7694180210297539,0.0,0.8237807099517775,1.038747294672292,-0.5069178038222568,-0.638325571740905,0.9787278941118804,0.2863847139703712,-0.9827401487151312,1.0,0.0,1
-0.5200097959999199,0.7947065945267296,0.18963893794961828,0.19895349622146163,0.032101552489353244,0.0,0.3647860254821981,0.8069164017338532,0.4956390393367183,-0.638325571740905,0.4470272861467138,0.2863847139703712,1.7267302470206471,0.0,1.0,0
-0.5951386596353339,0.1826455680864819,-0.32377299487332684,-1.8461901362981832,-0.5504590155235912,0.0,0.3647860254821981,1.2705781876107307,-1.0081962254017445,-0.638325571740905,0.5533674077397471,0.2863847139703712,-0.7110588353215705,0.0,1.0,0
1.0448171065777014,-1.3475069980141374,1.6172439365404034,0.8165463753486807,1.5650632301603458,0.0,-0.5532033434569608,1.038747294672292,-1.0081962254017445,-0.638325571740905,-0.40369368659755284,-1.0487421576863714,-1.0121111015144348,1.0,0.0,1
1.5900380026747056,0.4886760813066058,-1.2550336630800252,1.5556329356156817,0.016898526644972798,0.0,-1.4711927123961197,1.038747294672292,0.9969174609162059,1.5665986829772471,-1.3607547809348528,-1.0487421576863714,-0.953369195915827,1.0,0.0,0
1.1929282948875173,1.0132998182553896,1.0487082607054714,-1.03623226203298,1.7240590183734856,0.0,0.8237807099517775,1.734239973487608,-1.0081962254017445,-0.638325571740905,1.0850680157049137,0.2863847139703712,1.4844198864263904,1.0,0.0,0
-0.5672336531421801,-0.8666019058110855,1.6902040929119182,-2.1195509188626933,0.8193881258967407,0.0,0.8237807099517775,-0.8158998488352177,-1.509474646981232,-0.638325571740905,0.7660476509258137,0.2863847139703712,-1.1295949127116502,0.0,1.0,1
-0.668120984309736,-0.6480086820824257,0.48340159073734984,-2.0588040782928005,-0.13985617807716288,0.0,-1.0121980279265403,-0.12040717001990163,0.9969174609162059,1.5665986829772471,-1.041734416155753,-1.0487421576863714,0.26185397615536865,0.0,1.0,0
-0.4556136271695651,0.2263642128322139,-1.315846606904965,0.5431855927841741,-1.2436200823087997,0.0,0.3647860254821981,0.5750855087954145,-0.5069178038222568,-0.638325571740905,0.4470272861467138,0.2863847139703712,-0.986411517815044,1.0,0.0,0
-0.5951386596353339,0.051489633849285975,-0.8780087875838103,-0.13515412691293774,-1.0161803928839084,0.0,-0.5532033434569608,1.6183245270183886,1.4981958824956936,1.5665986829772471,-0.40369368659755284,-1.0487421576863714,1.792814890819081,0.0,1.0,1
-0.6702675232707478,-1.4786629322513334,0.967983114035197,0.4824387522142813,0.056571761418156265,0.0,1.282775394421357,0.8069164017338532,-0.5069178038222568,-0.638325571740905,1.4040883804840139,1.6215115856271138,-0.4871053202268791,0.0,1.0,0
0.28494231437951495,1.3630489762212454,-0.6881893712705651,-0.5705064843304857,-0.07922578417188535,0.0,-0.5532033434569608,1.5024090805491692,0.9969174609162059,1.5665986829772471,-0.40369368659755284,-1.0487421576863714,1.1723535129337876,1.0,0.0,0
-0.6080178934014048,0.9258625287639255,-1.0430724922515047,1.6366287230422005,-0.9596687470161522,0.0,-1.4711927123961197,-0.4681535094275597,1.4981958824956936,1.5665986829772471,-1.5734350241209194,-1.0487421576863714,-0.11262567203575499,1.0,0.0,0
-0.3654589908070684,0.6635506602895337,0.7142755102143347,0.6545548004956393,0.5035770631373837,0.0,0.3647860254821981,-0.35223806295834037,-1.0081962254017445,-0.638325571740905,0.3406871645536805,0.2863847139703712,0.9630854742387472,0.0,1.0,0
1.396849496183641,1.3193303314755134,0.17364767079969695,-0.7021246388985807,1.2175741494065238,0.0,-1.0121980279265403,1.038747294672292,-1.0081962254017445,-0.638325571740905,-0.8290541729696862,-1.0487421576863714,-1.1149094363119982,1.0,0.0,1
1.0061794052794886,-1.6535375112342612,0.11583308956536727,1.2215253124812822,0.2925517960384966,0.0,1.282775394421357,0.5750855087954145,-1.509474646981232,-0.638325571740905,1.4040883804840139,1.6215115856271138,-0.6523169297229631,1.0,0.0,0
-0.5350355687270028,0.2263642128322139,1.5396709146448728,-1.9676838174379652,0.9612426538949018,0.0,-1.0121980279265403,-1.0477307417736565,0.4956390393367183,-0.638325571740905,-1.1480745377487862,-1.0487421576863714,1.054869701736572,0.0,1.0,0
-0.4856651726237307,0.5323947260523377,0.4925504406933142,0.8367953222053104,0.23198197195730047,0.0,-0.5532033434569608,-0.12040717001990163,0.9969174609162059,1.5665986829772471,-0.6163739297836195,-1.0487421576863714,0.5922771951475367,0.0,1.0,0
-0.6788536791147951,-1.6535375112342612,0.540754885419278,0.09770876193830944,-0.32362502433951174,0.0,-0.09420865898738136,-0.6999844023659983,-0.005639382242769227,-0.638325571740905,-0.19101344341148618,0.2863847139703712,1.704702032421169,0.0,1.0,0
-0.5264494128829554,1.1444557524925854,-1.6385165503098618,1.5657574090439947,-1.3342931089583503,0.0,1.282775394421357,-1.5113925276505338,-0.005639382242769227,-0.638325571740905,1.0850680157049137,1.6215115856271138,0.735460590044143,1.0,0.0,0
-0.40409669210528126,-1.0851951295397455,-0.7252460576468246,-0.7628714794684698,-1.0399843337478183,0.0,-1.0121980279265403,-0.5840689558967791,-1.0081962254017445,-0.638325571740905,-1.041734416155753,-1.0487421576863714,-0.32189371073079504,1.0,0.0,0
-0.5908455817133101,-1.5661002217427973,1.3670728629546196,-1.0261077886046635,0.39642904433774795,0.0,-1.0121980279265403,1.2705781876107307,-0.005639382242769227,-0.638325571740905,-0.8290541729696862,-1.0487421576863714,1.2347667876323078,0.0,1.0,0
-0.15295163366689757,-0.3856968136080338,1.7862285769035107,1.4442637279042163,1.2354422475104767,0.0,-0.5532033434569608,0.11142372291853707,-1.509474646981232,-0.638325571740905,-0.5100338081905862,-1.0487421576863714,0.6950755299451001,1.0,0.0,0
-0.5779663479472393,-0.9103205505568176,1.28473321335094,0.4824387522142813,0.4841947194314009,0.0,-0.09420865898738136,-1.0477307417736565,-1.509474646981232,-0.638325571740905,-0.19101344341148618,0.2863847139703712,0.5372066586488421,0.0,1.0,1
-0.48995825054575437,0.2263642128322139,0.7161975375160079,-1.3399664648824294,0.3379185942753123,0.0,0.3647860254821981,-0.9318152953044371,-0.005639382242769227,-0.638325571740905,0.23434704296064715,0.2863847139703712,0.6730473153456223,0.0,1.0,0
0.482423898792603,1.0132998182553896,0.48040322814673975,-0.1959009674828269,0.8753546433477657,0.0,-0.5532033434569608,-1.2795616347120953,-0.5069178038222568,-0.638325571740905,-0.7227140513766528,-1.0487421576863714,-1.133266281811563,1.0,0.0,0
-0.6767071401537833,0.27008285757794587,-1.9474247782347782,0.7153016410655285,-1.8562838528900987,0.0,1.282775394421357,1.2705781876107307,1.4981958824956936,1.5665986829772471,1.4040883804840139,1.6215115856271138,1.1796962511336133,0.0,1.0,0
-0.47063939989664794,-0.07966630038790996,-1.147246372002192,-0.8337427934666757,-1.1871084364410438,0.0,-1.0121980279265403,0.22733916938775642,-1.0081962254017445,-0.638325571740905,-0.9353942945627195,-1.0487421576863714,1.752429830720038,0.0,1.0,0
-0.42985515963742316,0.051489633849285975,1.5609669771474122,-0.6515022717570046,0.9986142353529998,0.0,-1.0121980279265403,1.3864936340799499,0.4956390393367183,-0.638325571740905,-0.8290541729696862,-1.0487421576863714,-0.2521376978324485,1.0,0.0,0
-0.5135701791168844,-0.07966630038790996,1.5112249105801097,-1.481709092878841,0.8831075808301588,0.0,-0.09420865898738136,0.9228318482030725,-0.005639382242769227,-0.638325571740905,0.02166679977458048,0.2863847139703712,0.8015452338425768,0.0,1.0,1
-0.5908455817133101,-0.8666019058110855,-0.10166351989197207,-0.10478070662799135,-0.6056381252615611,0.0,-0.5532033434569608,0.6910009552646338,0.9969174609162059,1.5665986829772471,-0.5100338081905862,-1.0487421576863714,-1.5628164665013817,0.0,1.0,0
0.3085542429506451,0.31380150232367787,0.4292773019222324,0.6241813802106929,0.5818938456743704,0.0,0.8237807099517775,-1.0477307417736565,0.9969174609162059,1.5665986829772471,0.6597075293327804,0.2863847139703712,-0.7514438954206134,1.0,0.0,0
-0.1293397050957675,0.09520827859501796,-1.147169490910125,-0.25664780805271603,-0.9556711386267933,0.0,-1.0121980279265403,-0.004491723550682283,1.4981958824956936,1.5665986829772471,-1.041734416155753,-1.0487421576863714,1.7487584616201255,1.0,0.0,0
-0.5028374843118253,-0.3856968136080338,0.9768244396228934,-0.05415833948641526,0.4003055130789443,0.0,-0.09420865898738136,1.2705781876107307,1.4981958824956936,1.5665986829772471,0.02166679977458048,0.2863847139703712,1.5248049465254332,0.0,1.0,0
-0.4620532440526007,1.1444557524925854,0.5126932868148494,1.4746371481891591,0.39685303310631626,0.0,-1.0121980279265403,0.4591700623261951,-0.005639382242769227,-0.638325571740905,-0.9353942945627195,-1.0487421576863714,-0.18972442313392787,1.0,0.0,0
-0.33755398431391465,0.051489633849285975,0.8512776162776002,-0.6515022717570046,0.4915842379693068,0.0,-1.0121980279265403,-0.35223806295834037,-0.005639382242769227,-0.638325571740905,-1.041734416155753,-1.0487421576863714,-0.3329078180305337,1.0,0.0,1
-0.49639786742878983,-0.03594765564217798,0.9874340303281295,-0.11490518005630801,0.4898277130709523,0.0,0.3647860254821981,-0.6999844023659983,0.9969174609162059,1.5665986829772471,0.23434704296064715,0.2863847139703712,1.3632647061292626,0.0,1.0,0
0.8086978208664007,0.5323947260523377,-0.7403916327840094,0.24957586336303772,-0.008904218413616423,0.0,0.3647860254821981,0.9228318482030725,0.9969174609162059,1.5665986829772471,0.4470272861467138,0.2863847139703712,1.436692088127522,1.0,0.0,0
0.28279577541850315,-0.9103205505568176,-0.3173918642317717,-0.681875692041951,-0.292249855465452,0.0,-0.09420865898738136,0.11142372291853707,-0.005639382242769227,-0.638325571740905,-0.08467332181845284,0.2863847139703712,0.17741248685737027,1.0,0.0,0
4.850630684451669,0.5761133707980697,-0.17862149305096667,1.5657574090439947,2.724430232898521,0.0,0.3647860254821981,1.038747294672292,1.4981958824956936,1.5665986829772471,0.4470272861467138,0.2863847139703712,-1.4930604536030352,1.0,0.0,1
-0.19158933496511046,-1.6972561559799932,-0.5577221580329884,-0.7932448997534162,-0.923750841336003,0.0,1.282775394421357,-1.2795616347120953,0.9969174609162059,1.5665986829772471,1.0850680157049137,1.6215115856271138,1.3412364915297845,1.0,0.0,0
-0.6659744453487241,-0.1671035898793739,1.3033384376311363,-0.6616267451853213,0.613935282613323,0.0,0.8237807099517775,0.9228318482030725,-1.0081962254017445,-0.638325571740905,0.9787278941118804,0.2863847139703712,0.39402326375223584,1.0,0.0,0
-0.10572777652463743,0.4012387918151418,-0.6053115540224168,1.1911518921963395,-0.4476114542337201,0.0,0.8237807099517775,-0.004491723550682283,-1.509474646981232,-0.638325571740905,0.8723877725188471,0.2863847139703712,1.752429830720038,1.0,0.0,0
-0.6659744453487241,-1.1726324190312094,0.31318685290117143,0.9481645299167757,-0.38904043434720353,0.0,-1.0121980279265403,-0.9318152953044371,0.9969174609162059,1.5665986829772471,-1.1480745377487862,-1.0487421576863714,-1.4710322390035573,1.0,0.0,0
-0.6573882895046768,-0.42941545835376577,0.3744610832785128,-1.5424559334487338,-0.17117077712714118,0.0,0.3647860254821981,-0.5840689558967791,1.4981958824956936,1.5665986829772471,0.23434704296064715,0.2863847139703712,1.223752680332569,0.0,1.0,0
-0.6273367440505112,0.5761133707980697,0.9615251023015747,-0.18577649405451382,0.5311969029184094,0.0,-1.4711927123961197,-0.4681535094275597,1.4981958824956936,1.5665986829772471,-1.5734350241209194,-1.0487421576863714,-0.979068779615218,0.0,1.0,1
3.7322838857645086,0.9258625287639255,1.618781558381742,1.7277489838970361,3.5868839579906733,0.0,0.3647860254821981,0.9228318482030725,0.9969174609162059,1.5665986829772471,0.4470272861467138,0.2863847139703712,0.32793861995380247,1.0,0.0,0
-0.5607940362591447,-0.9540391953025495,-0.34775989559820814,0.5634345396408038,-0.8019449251087175,0.0,-1.0121980279265403,-0.004491723550682283,1.4981958824956936,1.5665986829772471,-1.041734416155753,-1.0487421576863714,-0.7330870499210483,1.0,0.0,0
1.1328252039791864,1.6253608446956371,0.8229084933049039,1.67712661675546,1.6479227495034223,0.0,-1.0121980279265403,0.4591700623261951,-0.005639382242769227,-0.638325571740905,-0.9353942945627195,-1.0487421576863714,1.2641377404316116,1.0,0.0,0
-0.6488021336606294,0.4886760813066058,1.1199770330515133,1.6163797761855707,0.6245350018275323,0.0,-0.5532033434569608,0.6910009552646338,0.9969174609162059,1.5665986829772471,-0.5100338081905862,-1.0487421576863714,-0.4724198438272272,1.0,0.0,0
0.8366028273595544,0.27008285757794587,0.9686750438637991,0.5229366459275443,1.2951640940545361,0.0,1.7417700788909365,-0.004491723550682283,0.9969174609162059,1.5665986829772471,1.7231087452631138,1.6215115856271138,0.7207751136444911,1.0,0.0,0
-0.569380192103192,-0.5605713925909617,1.1442714581446625,-1.8866880300114461,0.45590861158548246,0.0,-1.4711927123961197,-0.4681535094275597,1.4981958824956936,1.5665986829772471,-1.5734350241209194,-1.0487421576863714,1.0952547618356148,0.0,1.0,0
0.9009989961899091,-0.3419781688623018,1.3396263130867265,-0.2161499143394566,1.4880789837531458,0.0,-0.09420865898738136,0.22733916938775642,0.4956390393367183,-0.638325571740905,-0.08467332181845284,0.2863847139703712,-0.7073874662216578,1.0,0.0,1
4.827018755880539,0.9695811735096576,-0.6775797805653291,-0.9754854214630873,2.405227259990617,0.0,-1.0121980279265403,-1.2795616347120953,-0.5069178038222568,-0.638325571740905,-1.1480745377487862,-1.0487421576863714,-0.9680546723154794,1.0,0.0,1
1.2272729182637065,1.2756116867297813,-0.5589522555060592,1.41389030761927,0.5350128018355248,0.0,-0.5532033434569608,1.3864936340799499,0.4956390393367183,-0.638325571740905,-0.40369368659755284,-1.0487421576863714,1.8148431054185585,1.0,0.0,0
-0.5350355687270028,-0.9977578400482815,-0.46807880468295043,-1.167850416601075,-0.8918911138692938,0.0,1.282775394421357,0.9228318482030725,-0.005639382242769227,-0.638325571740905,1.4040883804840139,1.6215115856271138,1.7267302470206471,1.0,0.0,0
-0.6123109713234285,-1.3037883532684054,1.222536409868795,0.7153016410655285,0.32859084136680833,0.0,1.282775394421357,-1.163646188242876,1.4981958824956936,1.5665986829772471,1.0850680157049137,1.6215115856271138,-0.9239982431165233,0.0,1.0,0
0.2291323013932075,0.27008285757794587,0.4305073993953034,1.798620297895242,0.5283501211865932,0.0,1.282775394421357,1.3864936340799499,-1.509474646981232,-0.638325571740905,1.5104285020770472,1.6215115856271138,1.4807485173264776,1.0,0.0,1
-0.44273439340349413,-0.2108222346251059,1.0264896250981288,-0.8337427934666757,0.5121174083328326,0.0,0.8237807099517775,-0.35223806295834037,0.4956390393367183,-0.638325571740905,0.7660476509258137,0.2863847139703712,-1.6032015266004245,1.0,0.0,0
2.422895119547294,0.5323947260523377,-0.6792711645908015,1.3126455733361178,0.9502189459121243,0.0,1.7417700788909365,-0.23632261648912098,-0.005639382242769227,-0.638325571740905,1.7231087452631138,1.6215115856271138,-1.0084397324145218,1.0,0.0,1
0.28279577541850315,0.0077709891035539986,1.583570018215089,1.3430189936210641,1.4089142236790222,0.0,1.7417700788909365,-0.9318152953044371,0.4956390393367183,-0.638325571740905,1.6167686236700805,1.6215115856271138,-0.17871031583418875,1.0,0.0,0
-0.6123109713234285,1.7127981341871013,1.2166934468717086,0.7760484816354212,0.9926783925930425,0.0,-1.4711927123961197,-0.4681535094275597,1.4981958824956936,1.5665986829772471,-1.5734350241209194,-1.0487421576863714,-1.001096994214696,1.0,0.0,0
-0.6187505882064639,-0.1671035898793739,0.42235800363620907,-0.35789254233586826,-0.053483608937377,0.0,-0.09420865898738136,1.6183245270183886,-0.5069178038222568,-0.638325571740905,0.1280069213676138,0.2863847139703712,-0.024512813637843817,0.0,1.0,0
-0.6273367440505112,0.4886760813066058,-1.6024593181304725,-0.4692617500473335,-1.5081890738954644,0.0,-1.4711927123961197,0.8069164017338532,-0.005639382242769227,-0.638325571740905,-1.3607547809348528,-1.0487421576863714,1.271480478631438,0.0,1.0,1
-0.4405878544424823,-0.12338494513364194,-1.938890977015349,-1.1982238368860214,-1.8035275361153769,0.0,-1.4711927123961197,-0.8158998488352177,-0.005639382242769227,-0.638325571740905,-1.5734350241209194,-1.0487421576863714,-1.0194538397142607,0.0,1.0,1
-0.5092771011948608,-0.29825952411656986,-0.0612240654647676,-0.6211288514720618,-0.4017600974042547,0.0,-0.09420865898738136,0.22733916938775642,0.4956390393367183,-0.638325571740905,-0.08467332181845284,0.2863847139703712,0.09664236665928463,1.0,0.0,1
-0.6402159778165821,-1.6972561559799932,0.3866851769171546,-0.7324980591835271,-0.4328929869819893,0.0,-0.5532033434569608,-1.163646188242876,-0.005639382242769227,-0.638325571740905,-0.7227140513766528,-1.0487421576863714,1.0952547618356148,0.0,1.0,1
-0.6123109713234285,1.4067676209669773,-1.9531908601397978,-1.1273525228878156,-1.5725142270696948,0.0,-1.4711927123961197,-0.23632261648912098,-1.0081962254017445,-0.638325571740905,-1.467094902527886,-1.0487421576863714,-0.3512646635300987,1.0,0.0,0
-0.6702675232707478,-0.3419781688623018,1.200010249893185,-0.2161499143394566,0.4913419586729822,0.0,-1.0121980279265403,-1.2795616347120953,-0.5069178038222568,-0.638325571740905,-1.1480745377487862,-1.0487421576863714,-1.001096994214696,0.0,1.0,1
-0.18300317912106315,1.2318930419840495,-0.5540318656137759,0.4520653319293385,-0.2666893897031874,0.0,-0.09420865898738136,-1.6273079741197531,-0.5069178038222568,-0.638325571740905,-0.2973535650045195,0.2863847139703712,0.8859867231405751,1.0,0.0,0
-0.6616813674267005,-0.8228832610653536,0.8130677135203369,-0.9451120011781445,0.08473672961591246,0.0,0.8237807099517775,-0.23632261648912098,0.9969174609162059,1.5665986829772471,0.7660476509258137,0.2863847139703712,1.374278813429001,1.0,0.0,1
-0.4663463219746242,-0.29825952411656986,0.01804034045623514,0.5634345396408038,-0.31508467914406285,0.0,-0.09420865898738136,-1.0477307417736565,-1.509474646981232,-0.638325571740905,-0.19101344341148618,0.2863847139703712,-1.4122903334049495,1.0,0.0,0
1.0297913338506186,-0.25454087937083786,0.8025350039071677,1.4645126747608461,1.1570043253253277,0.0,-1.4711927123961197,0.22733916938775642,0.9969174609162059,1.5665986829772471,-1.467094902527886,-1.0487421576863714,-0.20440989953357971,1.0,0.0,0
-0.5586474972981328,0.9258625287639255,-1.9312797489007232,0.02683744794010362,-1.631569805548861,0.0,1.282775394421357,1.1546627411415114,0.9969174609162059,1.5665986829772471,1.4040883804840139,1.6215115856271138,1.6826738178216916,0.0,1.0,0
-0.5350355687270028,0.3575201470694098,1.0890708340406086,0.19895349622146163,0.6353164305139852,0.0,0.3647860254821981,-0.23632261648912098,-0.5069178038222568,-0.638325571740905,0.3406871645536805,0.2863847139703712,0.5335352895489293,0.0,1.0,1
-0.6616813674267005,-0.1671035898793739,0.39890927055579595,0.1787045493648319,-0.09618533491462027,0.0,-1.4711927123961197,0.11142372291853707,0.4956390393367183,-0.638325571740905,-1.467094902527886,-1.0487421576863714,0.004858139161460298,0.0,1.0,0
-0.07138315314844818,0.6198320155438017,0.5383715715652031,0.20907796964977468,0.5212634517690928,0.0,1.7417700788909365,-0.6999844023659983,1.4981958824956936,1.5665986829772471,1.6167686236700805,1.6215115856271138,-0.7808148482199171,1.0,0.0,0
-0.6402159778165821,-0.07966630038790996,0.9371537961163585,0.05721086822505,0.359360312000056,0.0,-0.5532033434569608,-1.3954770811813144,-1.0081962254017445,-0.638325571740905,-0.7227140513766528,-1.0487421576863714,-0.8395567538185249,1.0,0.0,0
-0.5221563349609317,0.3575201470694098,-0.3541410262397633,1.7581224041819825,-0.4944319282484848,0.0,1.282775394421357,-0.9318152953044371,-1.0081962254017445,-0.638325571740905,1.191408137297947,1.6215115856271138,-0.2815086506317522,1.0,0.0,0
-0.4577601661305769,-0.9540391953025495,-0.13902773063649873,-1.1071035760311858,-0.5793508216103217,0.0,1.7417700788909365,-0.12040717001990163,0.4956390393367183,-0.638325571740905,1.7231087452631138,1.6215115856271138,-0.9680546723154794,1.0,0.0,1
-0.48995825054575437,0.0077709891035539986,-0.2827953728016541,-1.1273525228878156,-0.4975815591007069,0.0,-1.0121980279265403,1.2705781876107307,-0.005639382242769227,-0.638325571740905,-0.8290541729696862,-1.0487421576863714,-0.8762704448176546,1.0,0.0,0
-0.5221563349609317,0.27008285757794587,0.7558681810225425,0.2293269165064044,0.36069284812984226,0.0,1.282775394421357,0.22733916938775642,0.4956390393367183,-0.638325571740905,1.2977482588909803,1.6215115856271138,-1.5261027755022518,0.0,1.0,0
-0.6659744453487241,-0.9540391953025495,1.3436241298742067,-0.8236183200383626,0.4712327770780252,0.0,1.282775394421357,-0.23632261648912098,-1.509474646981232,-0.638325571740905,1.2977482588909803,1.6215115856271138,-1.496731822702948,0.0,1.0,0
-0.40195015314426946,1.3630489762212454,0.7410301302536253,0.49256322564259797,0.6591203713778955,0.0,0.8237807099517775,0.34325461585697575,-0.005639382242769227,-0.638325571740905,0.8723877725188471,0.2863847139703712,1.32287964603022,0.0,1.0,1
-0.43200169859843507,1.4504862657127093,1.139351068252379,-0.9147385808931981,0.9753554229058207,0.0,0.3647860254821981,-0.004491723550682283,0.4956390393367183,-0.638325571740905,0.3406871645536805,0.2863847139703712,1.1099402382352668,1.0,0.0,1
-0.4341482375594468,0.2263642128322139,-0.16485977757098663,0.7153016410655285,-0.3247152811729734,0.0,1.282775394421357,-0.12040717001990163,-1.0081962254017445,-0.638325571740905,1.2977482588909803,1.6215115856271138,-0.19339579223384062,1.0,0.0,1
-0.5436217245710501,0.3575201470694098,0.8626560179035053,0.3305716507895566,0.452092712668367,0.0,-0.09420865898738136,1.6183245270183886,-0.5069178038222568,-0.638325571740905,0.1280069213676138,0.2863847139703712,1.6716597105219526,0.0,1.0,0
-0.4191224648323641,1.3193303314755134,-0.14710024530352625,0.6343058536390096,-0.05996458011406487,0.0,0.3647860254821981,-0.5840689558967791,1.4981958824956936,1.5665986829772471,0.23434704296064715,0.2863847139703712,1.0585410708364849,0.0,1.0,1
-0.5672336531421801,0.09520827859501796,-1.834409572896394,-0.10478070662799135,-1.7442296783398858,0.0,-1.0121980279265403,0.22733916938775642,-1.0081962254017445,-0.638325571740905,-0.9353942945627195,-1.0487421576863714,1.5101194701257814,0.0,1.0,0
1.0963340416419853,1.4504862657127093,-0.0911308102788029,-0.07440728634304498,0.8684496834025095,0.0,-0.09420865898738136,0.6910009552646338,-1.0081962254017445,-0.638325571740905,0.02166679977458048,0.2863847139703712,0.2471684997557168,1.0,0.0,1
-0.6466555946996178,-1.4786629322513334,-0.5002919822589933,-2.0486796048644877,-1.0868653775866641,0.0,0.3647860254821981,0.6910009552646338,-0.005639382242769227,-0.638325571740905,0.4470272861467138,0.2863847139703712,0.4784647530502346,0.0,1.0,0
-0.6724140622317596,-1.5223815769970652,-0.9117595870011918,1.3126455733361178,-1.4352630057017044,0.0,-0.09420865898738136,0.5750855087954145,-1.509474646981232,-0.638325571740905,0.02166679977458048,0.2863847139703712,0.709761006344752,1.0,0.0,0
-0.5393286466490264,0.27008285757794587,1.1666438559361385,1.4543882013325293,0.6746262463426819,0.0,1.282775394421357,1.1546627411415114,0.9969174609162059,1.5665986829772471,1.4040883804840139,1.6215115856271138,-0.9166555049166975,1.0,0.0,0
1.8368899831910652,1.4504862657127093,-0.33184550954035413,-0.550257537473856,1.0967373503645375,0.0,0.8237807099517775,-0.35223806295834037,0.4956390393367183,-0.638325571740905,0.7660476509258137,0.2863847139703712,0.7244464827444039,1.0,0.0,0
-0.5565009583371209,-0.8228832610653536,1.083304752135589,0.8165463753486807,0.3569980888608891,0.0,0.8237807099517775,-0.35223806295834037,0.4956390393367183,-0.638325571740905,0.7660476509258137,0.2863847139703712,1.0915833927357022,0.0,1.0,0
-0.12075354925172017,-1.3475069980141374,0.8676532888878559,1.5556329356156817,0.31671915584689364,0.0,-1.0121980279265403,0.22733916938775642,-1.0081962254017445,-0.638325571740905,-0.9353942945627195,-1.0487421576863714,-1.4086189643050366,1.0,0.0,0
0.06814187931732053,0.8384252392724616,-1.2161318304941595,0.10783323536662609,-0.7338038730173718,0.0,0.3647860254821981,-1.163646188242876,-1.0081962254017445,-0.638325571740905,0.23434704296064715,0.2863847139703712,0.36098094185301893,1.0,0.0,1
-0.2924766661326664,-0.9103205505568176,-0.1077371261652591,-0.8236183200383626,-0.45173020227124155,0.0,-1.4711927123961197,1.734239973487608,0.4956390393367183,-0.638325571740905,-1.2544146593418195,-1.0487421576863714,-1.2323932475092136,1.0,0.0,0
-0.35901937392403294,-1.3912256427598693,-0.7350099563393243,0.016712974511790556,-1.0900755782629676,0.0,1.282775394421357,0.34325461585697575,0.9969174609162059,1.5665986829772471,1.2977482588909803,1.6215115856271138,-1.0892098526126073,0.0,1.0,0
0.21195998970511287,0.051489633849285975,1.1421956686588555,-0.4996351703322799,1.0308979515882775,0.0,-1.4711927123961197,0.5750855087954145,-1.0081962254017445,-0.638325571740905,-1.3607547809348528,-1.0487421576863714,-0.7514438954206134,1.0,0.0,0
-0.4577601661305769,-0.8228832610653536,0.4298154695667013,0.3103227039329269,-0.1021211776745776,0.0,-1.0121980279265403,1.2705781876107307,-0.005639382242769227,-0.638325571740905,-0.8290541729696862,-1.0487421576863714,1.183367620233526,1.0,0.0,0
-0.5522078804150974,-1.5223815769970652,1.573959881706723,0.8367953222053104,0.5909187494624684,0.0,-0.5532033434569608,1.8501554199568273,-1.0081962254017445,-0.638325571740905,-0.2973535650045195,-1.0487421576863714,0.544549396848668,1.0,0.0,1
-0.45132054924754145,1.4504862657127093,-1.4393945218565183,0.07745981508167972,-1.0671801847602753,0.0,-1.4711927123961197,0.11142372291853707,0.4956390393367183,-0.638325571740905,-1.467094902527886,-1.0487421576863714,-1.0818671144127814,1.0,0.0,1
-0.47063939989664794,1.2756116867297813,-0.7974374030976699,-1.3399664648824294,-0.6110894094288685,0.0,-0.5532033434569608,1.2705781876107307,-0.005639382242769227,-0.638325571740905,-0.40369368659755284,-1.0487421576863714,1.4183352426279574,0.0,1.0,1
-0.6037248154793812,-1.3037883532684054,0.22423542937973587,1.6973755636120933,-0.45306273840102773,0.0,1.282775394421357,0.22733916938775642,0.4956390393367183,-0.638325571740905,1.2977482588909803,1.6215115856271138,0.21412617785649993,1.0,0.0,0
-0.5178632570389081,-0.2108222346251059,-0.6640487083615498,1.5252595153307353,-0.8621513302454265,0.0,-0.5532033434569608,0.5750855087954145,0.4956390393367183,-0.638325571740905,-0.5100338081905862,-1.0487421576863714,-1.54813099010173,1.0,0.0,0
0.6026300806092654,1.4504862657127093,0.3663116875194184,1.7378734573253527,0.9502189459121243,0.0,-0.5532033434569608,-1.3954770811813144,-1.0081962254017445,-0.638325571740905,-0.7227140513766528,-1.0487421576863714,-1.1956795565100837,1.0,0.0,1
-0.6208971271674758,-1.2163510637769415,-0.1594012200342349,-0.24652333462440298,-0.7456149887132051,0.0,1.282775394421357,0.4591700623261951,1.4981958824956936,1.5665986829772471,1.2977482588909803,1.6215115856271138,1.4256779808277829,0.0,1.0,0
-0.5457682635320618,1.0570184630011215,0.35224244767117074,-0.5705064843304857,0.20381700375954429,0.0,0.3647860254821981,1.6183245270183886,0.4956390393367183,-0.638325571740905,0.5533674077397471,0.2863847139703712,-0.9900828869149572,0.0,1.0,0
-0.5371821076880146,-0.3856968136080338,-1.6310590843793698,-0.9451120011781445,-1.6736658332852923,0.0,0.8237807099517775,1.734239973487608,-1.0081962254017445,-0.638325571740905,1.0850680157049137,0.2863847139703712,0.5335352895489293,0.0,1.0,0
0.4480792754164139,0.27008285757794587,-1.0942752995680787,-0.6616267451853213,-0.5493687586901296,0.0,1.282775394421357,1.2705781876107307,1.4981958824956936,1.5665986829772471,1.4040883804840139,1.6215115856271138,0.0011867700615471371,1.0,0.0,0
1.9442169312416566,-1.6535375112342612,0.1615773393451893,0.796297428492051,0.8579711038364625,0.0,0.3647860254821981,1.3864936340799499,-0.5069178038222568,-0.638325571740905,0.5533674077397471,0.2863847139703712,0.6546904698460574,1.0,0.0,0
-0.5586474972981328,-0.7791646163196216,-1.3136939363270912,-1.3602154117390628,-1.5229681109712763,0.0,0.3647860254821981,1.6183245270183886,0.4956390393367183,-0.638325571740905,0.5533674077397471,0.2863847139703712,1.399978397128392,0.0,1.0,0
-0.32038167262582007,-0.7354459715738897,-1.025620484352312,-1.1071035760311858,-1.1518567988257877,0.0,-1.4711927123961197,-1.3954770811813144,0.9969174609162059,1.5665986829772471,-1.6797751457139527,-1.0487421576863714,-1.4600181317038183,1.0,0.0,0
-0.6810002180758069,-1.0414764847940134,-0.7397765840474738,-1.0767301557462394,-1.198011004775659,0.0,-1.0121980279265403,0.8069164017338532,1.4981958824956936,1.5665986829772471,-0.9353942945627195,-1.0487421576863714,1.4440348263273475,1.0,0.0,1
-0.11002085444666108,0.8384252392724616,0.39352759411111105,-0.12502965348462108,0.4338006257958459,0.0,-1.0121980279265403,1.3864936340799499,0.4956390393367183,-0.638325571740905,-0.8290541729696862,-1.0487421576863714,0.7317892209442298,1.0,0.0,0
-0.1787101011990395,0.9258625287639255,0.7524085318795308,-0.813493846610046,0.6971582209008867,0.0,0.8237807099517775,-1.5113925276505338,-1.0081962254017445,-0.638325571740905,0.6597075293327804,0.2863847139703712,1.844214058217862,1.0,0.0,0
-0.5844059648302747,-0.6480086820824257,1.099911068022045,-0.9248630543215112,0.3930977040132822,0.0,0.3647860254821981,1.2705781876107307,-1.0081962254017445,-0.638325571740905,0.5533674077397471,0.2863847139703712,-1.0451534234136517,0.0,1.0,0
-0.4770790167796834,0.9258625287639255,1.4387260407609965,-2.1195509188626933,1.0694809295279992,0.0,-0.5532033434569608,-1.6273079741197531,1.4981958824956936,1.5665986829772471,-0.8290541729696862,-1.0487421576863714,0.6510191007461446,0.0,1.0,0
-0.5350355687270028,-0.2108222346251059,1.3805270540663321,-0.3376435954792385,0.7389513995169121,0.0,-1.0121980279265403,-0.004491723550682283,1.4981958824956936,1.5665986829772471,-1.041734416155753,-1.0487421576863714,0.2912249289546724,0.0,1.0,1
-0.3482866791189738,1.4504862657127093,-1.070749685395599,0.6140569067823799,-0.7186008471729917,0.0,0.3647860254821981,1.8501554199568273,1.4981958824956936,1.5665986829772471,0.5533674077397471,0.2863847139703712,0.6069626715471886,1.0,0.0,0
-0.5629405752201564,-0.07966630038790996,1.4794730195564685,1.3936413607626403,0.8302301244072745,0.0,-0.09420865898738136,1.2705781876107307,1.4981958824956936,1.5665986829772471,0.02166679977458048,0.2863847139703712,0.10398510485911057,1.0,0.0,1
0.40300195723516535,0.4012387918151418,-1.9396597879360185,0.6849282207805857,-1.2117603548420908,0.0,1.282775394421357,-0.004491723550682283,-0.5069178038222568,-0.638325571740905,1.2977482588909803,1.6215115856271138,-0.5348331185257478,1.0,0.0,0
-0.39336399730022215,0.3575201470694098,0.29696494247504956,1.7581224041819825,0.09121770079260035,0.0,-1.4711927123961197,1.5024090805491692,-0.5069178038222568,-0.638325571740905,-1.2544146593418195,-1.0487421576863714,0.9337145214394436,1.0,0.0,0
-0.569380192103192,1.5379235552041732,0.38868408531089466,0.8874176893468865,0.32580462945907307,0.0,-0.09420865898738136,1.3864936340799499,-1.509474646981232,-0.638325571740905,0.1280069213676138,0.2863847139703712,-1.324177475007038,1.0,0.0,0
-0.5972851985963457,0.9695811735096576,0.5243792128090223,-1.4918335663071578,0.2909769806123853,0.0,0.3647860254821981,0.8069164017338532,0.4956390393367183,-0.638325571740905,0.4470272861467138,0.2863847139703712,-0.12363977933549408,0.0,1.0,1
-0.009133523279105197,0.4449574365608738,-0.6170743611086568,-0.7122491123268974,-0.3926746237920753,0.0,1.282775394421357,-0.004491723550682283,-0.5069178038222568,-0.638325571740905,1.2977482588909803,1.6215115856271138,-0.6449741915231372,1.0,0.0,0
-0.42341554275438775,0.09520827859501796,1.4334212454083786,-0.2161499143394566,0.9114542585001588,0.0,0.8237807099517775,0.5750855087954145,0.9969174609162059,1.5665986829772471,0.8723877725188471,0.2863847139703712,0.8713012467409234,1.0,0.0,1
-0.039185068733270795,0.8384252392724616,-1.9221308989447587,-0.14527860034125079,-1.3505863916361922,0.0,0.8237807099517775,-0.12040717001990163,1.4981958824956936,1.5665986829772471,0.7660476509258137,0.2863847139703712,-1.1295949127116502,1.0,0.0,0
-0.49639786742878983,0.4886760813066058,-0.8960758442195385,-0.5401330640455393,-0.8777783448583751,0.0,0.8237807099517775,-1.0477307417736565,0.9969174609162059,1.5665986829772471,0.6597075293327804,0.2863847139703712,1.4807485173264776,0.0,1.0,0
-0.5006909453508135,-1.2163510637769415,0.3980635785430596,1.0696582110565576,-0.23858499132951258,0.0,0.3647860254821981,1.734239973487608,0.9969174609162059,1.5665986829772471,0.5533674077397471,0.2863847139703712,0.16639837955763118,1.0,0.0,1
-0.5479148024930737,-0.2108222346251059,0.8960992929526191,-0.45913727661902043,0.3500325590915515,0.0,0.8237807099517775,1.038747294672292,-0.5069178038222568,-0.638325571740905,0.9787278941118804,0.2863847139703712,-0.806514431919308,0.0,1.0,1
-0.25383896483445345,1.3193303314755134,-1.6470503515292907,1.0291603173432982,-1.1484043188531594,0.0,-1.0121980279265403,0.34325461585697575,-0.5069178038222568,-0.638325571740905,-0.9353942945627195,-1.0487421576863714,0.9116863068399661,1.0,0.0,0
-0.5672336531421801,0.1826455680864819,-1.3044682052790597,0.5026876990709146,-1.307339537242218,0.0,0.3647860254821981,-0.004491723550682283,0.4956390393367183,-0.638325571740905,0.3406871645536805,0.2863847139703712,1.8295285818182103,0.0,1.0,0
-0.47063939989664794,-1.5223815769970652,-1.9525758114032623,1.4746371481891591,-2.141386014840289,0.0,0.3647860254821981,-1.2795616347120953,-1.509474646981232,-0.638325571740905,0.23434704296064715,0.2863847139703712,0.5996199333473627,1.0,0.0,0
-0.47278593885765974,0.7072693050352656,-0.06729767173805506,-0.08453175977136164,-0.16305442070026058,0.0,0.3647860254821981,1.3864936340799499,-0.5069178038222568,-0.638325571740905,0.5533674077397471,0.2863847139703712,0.570248980548059,0.0,1.0,0
-0.5285959518439672,0.1826455680864819,-0.6501332306974359,0.10783323536662609,-0.7700246278179272,0.0,-1.0121980279265403,1.038747294672292,-1.0081962254017445,-0.638325571740905,-0.8290541729696862,-1.0487421576863714,-1.2948065222077343,0.0,1.0,0
-0.2946232050936781,-0.6042900373366937,1.0633925492902543,1.4645126747608461,0.537556734446935,0.0,-1.4711927123961197,1.3864936340799499,-1.0081962254017445,-0.638325571740905,-1.2544146593418195,-1.0487421576863714,1.0438555944368328,1.0,0.0,0
-0.655241750543665,1.3193303314755134,-0.6715061742920418,-1.167850416601075,-0.6063649631505353,0.0,-1.0121980279265403,-0.8158998488352177,1.4981958824956936,1.5665986829772471,-1.1480745377487862,-1.0487421576863714,-1.5995301575005116,0.0,1.0,0
-0.6831467570368187,1.0570184630011215,-1.8125753427493865,1.2114008390529691,-1.5792374775427076,0.0,1.282775394421357,-0.8158998488352177,-0.5069178038222568,-0.638325571740905,1.191408137297947,1.6215115856271138,-0.6706737752225277,1.0,0.0,0
-0.42556208171539955,1.3630489762212454,-0.3219278486637205,-0.8742406871799386,-0.1916433776665856,0.0,-0.09420865898738136,1.038747294672292,0.4956390393367183,-0.638325571740905,0.02166679977458048,0.2863847139703712,-1.5664878356012946,1.0,0.0,0
-0.1271931661347557,-0.9540391953025495,0.2714404199088295,1.4746371481891591,-0.06941347267073168,0.0,-0.5532033434569608,0.22733916938775642,-1.0081962254017445,-0.638325571740905,-0.5100338081905862,-1.0487421576863714,-0.6266173460235721,1.0,0.0,0
-0.4212690037933759,0.6198320155438017,-0.6496719441450343,-0.8236183200383626,-0.6121796662623301,0.0,-0.5532033434569608,-0.9318152953044371,0.9969174609162059,1.5665986829772471,-0.7227140513766528,-1.0487421576863714,-0.9717260414153921,1.0,0.0,1
-0.592992120674322,1.7127981341871013,-0.10204792535230636,0.4621898053576516,-0.03537323153709957,0.0,-0.09420865898738136,-0.35223806295834037,1.4981958824956936,1.5665986829772471,-0.19101344341148618,0.2863847139703712,0.9630854742387472,0.0,1.0,0
-0.642362516777594,-0.29825952411656986,-0.1418723310429751,-2.1397998657193233,-0.5404044247261125,0.0,0.3647860254821981,1.6183245270183886,0.4956390393367183,-0.638325571740905,0.5533674077397471,0.2863847139703712,-1.0561675307133906,0.0,1.0,1
-0.12504662717374385,1.1007371077468535,1.1496531345893477,-0.0440338660581022,1.0791721013809907,0.0,0.8237807099517775,-1.5113925276505338,-1.0081962254017445,-0.638325571740905,0.6597075293327804,0.2863847139703712,-0.2594804360322744,1.0,0.0,0
-0.5972851985963457,0.8821438840181935,-1.2142098031924864,0.4824387522142813,-1.0981313648657665,0.0,1.282775394421357,-0.9318152953044371,-1.0081962254017445,-0.638325571740905,1.191408137297947,1.6215115856271138,0.900672199540227,0.0,1.0,0
2.425041658508306,-1.3912256427598693,1.1517289240751545,-0.7324980591835271,1.9675497111798947,0.0,0.3647860254821981,-1.2795616347120953,-1.509474646981232,-0.638325571740905,0.23434704296064715,0.2863847139703712,0.5298639204490162,1.0,0.0,1
-0.47278593885765974,-0.8228832610653536,-1.144094247227448,-0.16552754719788051,-1.3505863916361922,0.0,-0.5532033434569608,-0.23632261648912098,0.4956390393367183,-0.638325571740905,-0.6163739297836195,-1.0487421576863714,0.07094278295989367,1.0,0.0,1
-0.03703852977225892,0.8384252392724616,0.46902482652083427,1.2012763656246526,0.5344676734187938,0.0,1.282775394421357,-1.5113925276505338,-0.005639382242769227,-0.638325571740905,1.0850680157049137,1.6215115856271138,1.0915833927357022,1.0,0.0,0
-0.605871354440393,0.7072693050352656,1.094913797037695,0.14833112907988552,0.677473028074498,0.0,1.282775394421357,0.11142372291853707,-0.005639382242769227,-0.638325571740905,1.2977482588909803,1.6215115856271138,1.1760248820337005,1.0,0.0,0
0.6090696974923009,1.6690794894413692,-0.013096501830870771,-0.4490128031907038,0.70339691278125,0.0,-0.09420865898738136,1.1546627411415114,0.9969174609162059,1.5665986829772471,0.02166679977458048,0.2863847139703712,-0.36227877082983784,1.0,0.0,0
-0.43200169859843507,0.9258625287639255,-1.3193831371400437,0.4014429647877624,-1.0780221832708095,0.0,-1.0121980279265403,-0.6999844023659983,-1.509474646981232,-0.638325571740905,-1.041734416155753,-1.0487421576863714,-0.7147302044214837,1.0,0.0,0
-0.6123109713234285,-1.4786629322513334,-1.8284897288072408,1.7176245104687229,-2.1138873147074255,0.0,-1.4711927123961197,0.8069164017338532,-0.005639382242769227,-0.638325571740905,-1.3607547809348528,-1.0487421576863714,-0.8468994920183509,1.0,0.0,0
0.1411242039917226,1.4942049104584412,0.14450973690633154,1.768246877610299,0.5247159317417215,0.0,0.3647860254821981,0.11142372291853707,0.9969174609162059,1.5665986829772471,0.3406871645536805,0.2863847139703712,0.48947886034997334,1.0,0.0,0
0.8044047429443769,-0.8228832610653536,1.1627229202407254,1.0392847907716112,1.1875920864863316,0.0,-1.0121980279265403,0.11142372291853707,-1.509474646981232,-0.638325571740905,-0.9353942945627195,-1.0487421576863714,-0.10161156473601629,1.0,0.0,0
-0.4641997830136124,-0.6042900373366937,0.19225289507989363,1.1810274187680228,-0.2444602642653885,0.0,-0.09420865898738136,0.4591700623261951,1.4981958824956936,1.5665986829772471,-0.08467332181845284,0.2863847139703712,0.9153576759398789,1.0,0.0,1
-0.019866218084164385,-0.6042900373366937,0.4079812394196935,0.9582890033450923,0.17625773380260004,0.0,1.282775394421357,1.734239973487608,-0.005639382242769227,-0.638325571740905,1.5104285020770472,1.6215115856271138,-0.2374522214327962,1.0,0.0,1
-0.6831467570368187,1.2756116867297813,0.4698705185335706,1.1709029453397062,0.2674153190448002,0.0,-0.09420865898738136,0.11142372291853707,-0.005639382242769227,-0.638325571740905,-0.08467332181845284,0.2863847139703712,-0.1970671613337538,1.0,0.0,0
-0.6402159778165821,1.3193303314755134,-1.0561422779028824,-2.0081817111512246,-0.9009160176573919,0.0,1.282775394421357,0.8069164017338532,-0.5069178038222568,-0.638325571740905,1.4040883804840139,1.6215115856271138,-0.5825609168246165,0.0,1.0,0
-0.507130562233849,0.7072693050352656,0.5060815128970935,1.282272153051175,0.269292983591317,0.0,-1.0121980279265403,0.5750855087954145,0.4956390393367183,-0.638325571740905,-0.9353942945627195,-1.0487421576863714,1.106268869135354,1.0,0.0,0
-0.48995825054575437,-1.0851951295397455,-0.7808310872112134,-0.7122491123268974,-1.1322321758234801,0.0,1.7417700788909365,-0.4681535094275597,-1.0081962254017445,-0.638325571740905,1.7231087452631138,1.6215115856271138,-0.5788895477247034,1.0,0.0,0
0.0509695676292259,-1.3037883532684054,1.2223826476846613,1.4341392544758997,0.7027912145404381,0.0,-0.09420865898738136,-0.6999844023659983,-0.005639382242769227,-0.638325571740905,-0.19101344341148618,0.2863847139703712,0.05992867566015498,1.0,0.0,1
-0.5350355687270028,1.6690794894413692,-1.9449645832886366,-1.289344097740857,-1.464275951436597,0.0,1.282775394421357,0.9228318482030725,-0.005639382242769227,-0.638325571740905,1.4040883804840139,1.6215115856271138,0.588605826047624,0.0,1.0,0
-0.5457682635320618,-1.4786629322513334,1.3333989446293053,0.7254261144938451,0.4147211312102691,0.0,-1.0121980279265403,-0.004491723550682283,1.4981958824956936,1.5665986829772471,-1.041734416155753,-1.0487421576863714,1.1356398219346577,0.0,1.0,0
-0.3482866791189738,1.2318930419840495,1.527754345374499,1.0494092641999277,1.2801427776823995,0.0,1.7417700788909365,-0.004491723550682283,0.9969174609162059,1.5665986829772471,1.7231087452631138,1.6215115856271138,0.3830091564524971,1.0,0.0,0
-0.1379258609398148,0.6635506602895337,-1.3345287122772285,1.2215253124812822,-0.9821401517502759,0.0,1.282775394421357,-0.5840689558967791,0.4956390393367183,-0.638325571740905,1.191408137297947,1.6215115856271138,-1.0378106852138258,1.0,0.0,0
-0.42341554275438775,-0.12338494513364194,-0.27779810181730374,-0.2161499143394566,-0.4851647451640617,0.0,0.8237807099517775,0.4591700623261951,0.4956390393367183,-0.638325571740905,0.8723877725188471,0.2863847139703712,-1.4343185480044276,0.0,1.0,0
-0.5371821076880146,1.4067676209669773,-1.606995302562421,0.4318163850727088,-1.2573694323752311,0.0,-1.4711927123961197,-0.9318152953044371,-0.5069178038222568,-0.638325571740905,-1.5734350241209194,-1.0487421576863714,0.7795170192430986,0.0,1.0,0
-0.5135701791168844,0.9258625287639255,-0.615844263635586,-1.0159833151763467,-0.5697807894054926,0.0,-1.0121980279265403,0.6910009552646338,0.9969174609162059,1.5665986829772471,-0.9353942945627195,-1.0487421576863714,-0.8028430628193953,0.0,1.0,0
-0.3976570752222458,0.7509879497809976,-0.7264761551198954,0.32044717736123995,-0.6302900436626079,0.0,-1.0121980279265403,1.5024090805491692,0.9969174609162059,1.5665986829772471,-0.8290541729696862,-1.0487421576863714,-0.8799418139175678,0.0,1.0,0
-0.5672336531421801,-0.07966630038790996,1.2105429595063544,-0.6920001654702677,0.6159340868080025,0.0,-0.5532033434569608,1.2705781876107307,-0.005639382242769227,-0.638325571740905,-0.40369368659755284,-1.0487421576863714,0.23248302335606494,1.0,0.0,0
-0.6101644323624166,1.5379235552041732,0.0963821732724347,0.6039324333540632,0.07250162515151096,0.0,0.3647860254821981,-0.4681535094275597,-1.509474646981232,-0.638325571740905,0.3406871645536805,0.2863847139703712,1.2788232168312634,0.0,1.0,0
-0.011280062240117074,-0.8228832610653536,1.390444714942966,-0.8438672668949924,0.9066692423977439,0.0,-0.09420865898738136,-0.6999844023659983,-0.005639382242769227,-0.638325571740905,-0.19101344341148618,0.2863847139703712,-0.1970671613337538,1.0,0.0,1
-0.6852932959978305,1.5379235552041732,1.3466224924648171,-2.1802977594325825,1.015089227503085,0.0,-1.0121980279265403,-0.23632261648912098,0.4956390393367183,-0.638325571740905,-1.041734416155753,-1.0487421576863714,1.410992504428131,0.0,1.0,1
-0.5865525037912865,-1.6972561559799932,-1.319998185876579,0.5431855927841741,-1.7471975997198645,0.0,-1.4711927123961197,-1.2795616347120953,1.4981958824956936,1.5665986829772471,-1.6797751457139527,-1.0487421576863714,0.21045480875658715,0.0,1.0,1
-0.37833822457313937,-0.42941545835376577,0.3597767946937298,0.2293269165064044,-0.025258070915539377,0.0,1.7417700788909365,-0.23632261648912098,-0.005639382242769227,-0.638325571740905,1.7231087452631138,1.6215115856271138,-1.496731822702948,1.0,0.0,0
-0.08211584795350736,1.1444557524925854,0.03987457060324248,-0.9552364746064576,0.23876579225439434,0.0,-1.0121980279265403,-0.35223806295834037,-0.005639382242769227,-0.638325571740905,-1.041734416155753,-1.0487421576863714,1.7891435217191676,1.0,0.0,1
0.5360873728178986,0.7509879497809976,0.1608085284245203,-1.1273525228878156,0.5957037655648832,0.0,1.282775394421357,0.6910009552646338,-1.0081962254017445,-0.638325571740905,1.4040883804840139,1.6215115856271138,-0.5348331185257478,1.0,0.0,1
-0.36760552976808025,-0.47313410309949777,-0.14625455329078993,1.1607784719113932,-0.4275628424628445,0.0,-0.09420865898738136,0.6910009552646338,-1.0081962254017445,-0.638325571740905,0.02166679977458048,0.2863847139703712,1.2604663713316988,1.0,0.0,1
0.6305350871024191,-0.47313410309949777,1.1020637385999192,0.8469197956336271,1.1192087550986616,0.0,0.3647860254821981,-0.23632261648912098,-0.5069178038222568,-0.638325571740905,0.3406871645536805,0.2863847139703712,-0.6890306207220928,1.0,0.0,0
1.411875268910724,-0.8666019058110855,1.1053696255587968,0.23945138993472107,1.4755410301683378,0.0,0.8237807099517775,-1.0477307417736565,0.9969174609162059,1.5665986829772471,0.6597075293327804,0.2863847139703712,-1.4526753935039924,1.0,0.0,0
-0.17012394535499217,0.9695811735096576,-0.5554157252709807,-0.7324980591835271,-0.31865829876485374,0.0,-1.0121980279265403,-0.35223806295834037,-0.005639382242769227,-0.638325571740905,-1.041734416155753,-1.0487421576863714,0.26185397615536865,1.0,0.0,0
0.027357639058095837,0.4012387918151418,-1.6389778368622632,0.6039324333540632,-1.1868661571447188,0.0,0.3647860254821981,0.34325461585697575,-1.509474646981232,-0.638325571740905,0.4470272861467138,0.2863847139703712,-0.4871053202268791,1.0,0.0,0
-0.47278593885765974,-0.6042900373366937,-0.4001928003878532,0.35082059764618634,-0.7160569145615815,0.0,-0.5532033434569608,1.2705781876107307,-0.005639382242769227,-0.638325571740905,-0.40369368659755284,-1.0487421576863714,-0.020841444537930656,1.0,0.0,0
-0.655241750543665,1.0132998182553896,0.6886741065560473,-0.8742406871799386,0.3973981615230468,0.0,-1.4711927123961197,0.5750855087954145,-1.0081962254017445,-0.638325571740905,-1.3607547809348528,-1.0487421576863714,-0.5421758567255738,0.0,1.0,1
-0.4341482375594468,1.1007371077468535,0.14535542891906786,0.6241813802106929,0.11350739605448062,0.0,-1.4711927123961197,0.5750855087954145,-1.0081962254017445,-0.638325571740905,-1.3607547809348528,-1.0487421576863714,-0.5899036550244425,1.0,0.0,1
0.8859732234628263,0.13892692334074994,-0.9794149480200884,-0.7729959528967865,-0.24082607482051674,0.0,-1.4711927123961197,1.8501554199568273,0.9969174609162059,1.5665986829772471,-1.2544146593418195,-1.0487421576863714,1.3449078606296974,1.0,0.0,0
-0.5114236401558726,-1.740974800725725,0.3605456056143988,-1.9879327642945948,-0.39049411012515206,0.0,0.8237807099517775,-0.5840689558967791,-0.5069178038222568,-0.638325571740905,0.7660476509258137,0.2863847139703712,1.1356398219346577,0.0,1.0,0
-0.3718986076901039,-1.1289137742854773,1.001810794544645,0.4115674382160755,0.3291359697835389,0.0,0.3647860254821981,1.8501554199568273,1.4981958824956936,1.5665986829772471,0.5533674077397471,0.2863847139703712,-0.832214015618699,0.0,1.0,0
-0.0885554648365428,1.2756116867297813,-1.3879610712637436,1.667002143327147,-0.8606976544674777,0.0,0.8237807099517775,-0.8158998488352177,-1.509474646981232,-0.638325571740905,0.7660476509258137,0.2863847139703712,1.106268869135354,1.0,0.0,0
3.373811879275533,0.4012387918151418,0.2159322714365073,0.036961921368420275,2.1630691033139953,0.0,1.7417700788909365,-1.0477307417736565,-0.005639382242769227,-0.638325571740905,1.6167686236700805,1.6215115856271138,0.9997991652378773,1.0,0.0,0
-0.2795974323665954,-1.0414764847940134,-0.3385341645501769,-0.6413777983286915,-0.6553659508322228,0.0,1.282775394421357,1.1546627411415114,0.9969174609162059,1.5665986829772471,1.4040883804840139,1.6215115856271138,0.6253195170467536,1.0,0.0,0
-0.580112886908251,1.5816421999499053,1.0868412823706675,-1.8563146097265,0.8794733913852871,0.0,1.7417700788909365,-0.9318152953044371,0.4956390393367183,-0.638325571740905,1.6167686236700805,1.6215115856271138,-1.0598388998133037,0.0,1.0,1
-0.6316298219725348,0.9695811735096576,1.629391149086978,-2.149924339147636,1.1421647184254347,0.0,-0.09420865898738136,1.038747294672292,0.4956390393367183,-0.638325571740905,0.02166679977458048,0.2863847139703712,0.4637792766505824,0.0,1.0,0
-0.05635738042136542,0.27008285757794587,1.0750015941923603,-0.995734368319717,0.8749912244032783,0.0,0.3647860254821981,1.734239973487608,0.9969174609162059,1.5665986829772471,0.5533674077397471,0.2863847139703712,-1.6142156339001634,1.0,0.0,0
-0.24525280899040613,1.1007371077468535,0.48463168821042085,-0.30727017519429217,0.4874049201077044,0.0,0.3647860254821981,-0.004491723550682283,0.4956390393367183,-0.638325571740905,0.3406871645536805,0.2863847139703712,1.1907103584333523,1.0,0.0,0
-0.6616813674267005,0.051489633849285975,-0.6261463299725544,-0.5300085906172263,-0.8553069401242515,0.0,-1.4711927123961197,1.5024090805491692,-0.5069178038222568,-0.638325571740905,-1.2544146593418195,-1.0487421576863714,0.2802108216549337,1.0,0.0,0
3.036805262396676,-0.6917273268281576,-0.1486378671448647,0.21920244307809136,1.443378453581223,0.0,-1.4711927123961197,1.2705781876107307,-1.509474646981232,-0.638325571740905,-1.2544146593418195,-1.0487421576863714,1.1356398219346577,1.0,0.0,0
-0.6767071401537833,1.3630489762212454,-1.962493472279896,-1.6133272474469396,-1.6258762420852284,0.0,-1.0121980279265403,-0.23632261648912098,0.4956390393367183,-0.638325571740905,-1.041734416155753,-1.0487421576863714,0.8052166029424895,0.0,1.0,0
1.1392648208622216,-0.9540391953025495,0.09215371320875358,1.768246877610299,0.5040616217300333,0.0,-1.0121980279265403,0.11142372291853707,-1.509474646981232,-0.638325571740905,-0.9353942945627195,-1.0487421576863714,-0.8799418139175678,1.0,0.0,1
-0.39551053626123395,1.4942049104584412,-0.8129673836951894,0.37106954450281604,-0.5324697777714761,0.0,1.282775394421357,-1.3954770811813144,0.4956390393367183,-0.638325571740905,1.0850680157049137,1.6215115856271138,0.32793861995380247,0.0,1.0,1
-0.5178632570389081,1.2756116867297813,0.9516843225170082,1.241774259337912,0.7402839356466983,0.0,1.282775394421357,-0.12040717001990163,-1.0081962254017445,-0.638325571740905,1.2977482588909803,1.6215115856271138,1.2164099421327432,1.0,0.0,0
0.7206897234649158,-1.3912256427598693,-0.24989026539700895,-0.5300085906172263,-0.09854755805378669,0.0,0.8237807099517775,-1.163646188242876,0.4956390393367183,-0.638325571740905,0.6597075293327804,0.2863847139703712,1.4807485173264776,1.0,0.0,1
-0.569380192103192,1.7127981341871013,-0.6123077334005075,-1.03623226203298,-0.424049792666135,0.0,-1.4711927123961197,-0.6999844023659983,0.4956390393367183,-0.638325571740905,-1.5734350241209194,-1.0487421576863714,0.1223419503586756,0.0,1.0,1
3.931912009138608,0.8384252392724616,-0.1421029743191761,0.05721086822505,2.2928702363199984,0.0,0.8237807099517775,0.6910009552646338,1.4981958824956936,1.5665986829772471,0.8723877725188471,0.2863847139703712,-1.6105442648002504,1.0,0.0,0
0.5017427494417096,0.7509879497809976,-1.9607252071623567,-0.17565202062619717,-1.0951028736617068,0.0,0.8237807099517775,1.3864936340799499,0.9969174609162059,1.5665986829772471,0.9787278941118804,0.2863847139703712,-0.9423550886160884,1.0,0.0,0
-0.5049840232728371,-0.3856968136080338,0.25813999098125084,-0.39839043604912766,-0.16711259891370114,0.0,-0.5532033434569608,-1.163646188242876,-0.005639382242769227,-0.638325571740905,-0.7227140513766528,-1.0487421576863714,0.3646523109529321,0.0,1.0,0
-0.5500613414540855,1.1881743972383174,-0.1906918245054745,-1.0159833151763467,-0.19727637130613637,0.0,-0.09420865898738136,-0.9318152953044371,-1.0081962254017445,-0.638325571740905,-0.19101344341148618,0.2863847139703712,-0.85791359931809,0.0,1.0,0
-0.580112886908251,0.2263642128322139,-1.4442380306567348,0.4621898053576516,-1.4150326844585848,0.0,-1.4711927123961197,1.2705781876107307,-1.509474646981232,-0.638325571740905,-1.2544146593418195,-1.0487421576863714,0.5922771951475367,0.0,1.0,1
0.6155093143753363,0.051489633849285975,-1.80273456296482,-1.1071035760311858,-1.061486621296643,0.0,1.282775394421357,-0.35223806295834037,1.4981958824956936,1.5665986829772471,1.191408137297947,1.6215115856271138,0.7574888046436212,1.0,0.0,0
-0.5951386596353339,-0.6480086820824257,1.0045016327669878,-0.3173946486226088,0.31187356992039794,0.0,-0.09420865898738136,0.6910009552646338,-1.0081962254017445,-0.638325571740905,0.02166679977458048,0.2863847139703712,1.4073211353282182,0.0,1.0,0
0.3536315611318935,1.1444557524925854,0.07101141289034839,-0.2667722814810327,0.5092100567769351,0.0,0.3647860254821981,1.3864936340799499,-0.5069178038222568,-0.638325571740905,0.5533674077397471,0.2863847139703712,-0.12363977933549408,1.0,0.0,1
-0.3912174583392103,0.4012387918151418,1.391213525863635,0.6039324333540632,0.9642105752748803,0.0,-1.4711927123961197,-0.9318152953044371,-0.5069178038222568,-0.638325571740905,-1.5734350241209194,-1.0487421576863714,-0.4724198438272272,0.0,1.0,1
-0.23666665314635882,-1.5661002217427973,-0.6498257063291683,-0.18577649405451382,-0.9926793011404041,0.0,-0.09420865898738136,-0.4681535094275597,0.9969174609162059,1.5665986829772471,-0.19101344341148618,0.2863847139703712,-0.30353686523122997,1.0,0.0,1
-0.5865525037912865,-0.03594765564217798,0.4700242807177043,0.3305716507895566,0.031314144776297584,0.0,-1.0121980279265403,1.1546627411415114,-0.5069178038222568,-0.638325571740905,-0.8290541729696862,-1.0487421576863714,1.414663873528044,1.0,0.0,1
-0.4470274713255178,-0.2108222346251059,0.37630622948811915,0.2597003367913508,-0.002544386885090829,0.0,-1.4711927123961197,0.8069164017338532,-0.005639382242769227,-0.638325571740905,-1.3607547809348528,-1.0487421576863714,0.555563504148407,1.0,0.0,1
-0.0885554648365428,0.5323947260523377,-0.5978540880919248,1.4746371481891591,-0.40297149388587866,0.0,-0.5532033434569608,-1.0477307417736565,0.4956390393367183,-0.638325571740905,-0.7227140513766528,-1.0487421576863714,-0.17871031583418875,1.0,0.0,0
-0.6445090557386058,0.4012387918151418,0.3666192118876863,0.7659240082071046,0.01405174491315669,0.0,0.8237807099517775,0.8069164017338532,-1.509474646981232,-0.638325571740905,0.9787278941118804,0.2863847139703712,0.6032913024472758,0.0,1.0,0
0.3042611650286214,1.7127981341871013,-0.7051032115252894,0.4318163850727088,-0.004119202311202149,0.0,-0.5532033434569608,-1.2795616347120953,-0.5069178038222568,-0.638325571740905,-0.7227140513766528,-1.0487421576863714,0.9594141051388345,1.0,0.0,0
0.08746072996642694,-0.1671035898793739,-0.17208660022527783,0.12808218222325582,-0.12326004627891482,0.0,-1.0121980279265403,0.22733916938775642,-1.0081962254017445,-0.638325571740905,-0.9353942945627195,-1.0487421576863714,-1.2103650329097357,1.0,0.0,0
-0.5479148024930737,-1.5661002217427973,0.5542090765309903,-0.9653609480347742,-0.21974777604026036,0.0,-1.4711927123961197,0.34325461585697575,1.4981958824956936,1.5665986829772471,-1.467094902527886,-1.0487421576863714,-1.500403191802861,0.0,1.0,0
-0.530742490804979,-1.3912256427598693,-0.7890573640623747,0.16858007593651525,-1.229567883121962,0.0,0.8237807099517775,0.34325461585697575,-0.005639382242769227,-0.638325571740905,0.8723877725188471,0.2863847139703712,-0.7734721100200912,0.0,1.0,0
-0.42985515963742316,-0.12338494513364194,0.38607012818061887,1.7581224041819825,0.03422149633219511,0.0,0.8237807099517775,1.1546627411415114,-0.005639382242769227,-0.638325571740905,0.9787278941118804,0.2863847139703712,-1.2544214621086913,1.0,0.0,1
0.8516286000866372,1.2756116867297813,1.3713782041103677,-0.1959009674828269,1.8438055605820103,0.0,0.3647860254821981,-0.004491723550682283,0.4956390393367183,-0.638325571740905,0.3406871645536805,0.2863847139703712,-1.3792480115057328,1.0,0.0,0
-0.6359228998945585,-0.07966630038790996,-0.21291046011281659,1.3328945201927476,-0.5442808934673093,0.0,1.282775394421357,0.34325461585697575,0.9969174609162059,1.5665986829772471,1.2977482588909803,1.6215115856271138,-0.5972463932242684,1.0,0.0,0
-0.6767071401537833,0.9695811735096576,-1.1201842275946332,-0.8438672668949924,-1.0494937961285662,0.0,1.282775394421357,0.9228318482030725,-0.005639382242769227,-0.638325571740905,1.4040883804840139,1.6215115856271138,-0.6229459769236589,0.0,1.0,0
-0.5028374843118253,1.1007371077468535,0.18863948375274825,-0.8742406871799386,0.10884351960022863,0.0,-0.09420865898738136,-0.6999844023659983,-0.005639382242769227,-0.638325571740905,-0.19101344341148618,0.2863847139703712,1.1796962511336133,0.0,1.0,1
-0.6273367440505112,0.1826455680864819,1.2373744606377122,0.5026876990709146,0.6613008850448188,0.0,-0.5532033434569608,-0.35223806295834037,-0.005639382242769227,-0.638325571740905,-0.6163739297836195,-1.0487421576863714,0.2655253452552818,1.0,0.0,0
2.4443605091574123,-1.4786629322513334,-0.2839485891826581,1.3227700467644345,0.8279890409162703,0.0,1.282775394421357,1.2705781876107307,1.4981958824956936,1.5665986829772471,1.4040883804840139,1.6215115856271138,-0.3439219253302728,1.0,0.0,0
-0.6466555946996178,0.5761133707980697,0.9586036208030315,0.5634345396408038,0.5179926812687085,0.0,1.282775394421357,1.038747294672292,0.4956390393367183,-0.638325571740905,1.4040883804840139,1.6215115856271138,1.4770771482265648,0.0,1.0,1
-0.530742490804979,-0.7354459715738897,1.5480509536801683,-1.9271859237247058,0.7570617769171895,0.0,1.282775394421357,0.34325461585697575,0.9969174609162059,1.5665986829772471,1.2977482588909803,1.6215115856271138,-0.5972463932242684,0.0,1.0,1
-0.05421084146035354,0.13892692334074994,-0.8540218868589289,1.2721476796228584,-0.6726283506953638,0.0,-0.5532033434569608,-0.004491723550682283,1.4981958824956936,1.5665986829772471,-0.6163739297836195,-1.0487421576863714,1.0915833927357022,1.0,0.0,1
0.012331866331013087,1.4067676209669773,0.229463343640287,-0.550257537473856,0.49957945474802506,0.0,1.7417700788909365,-1.2795616347120953,-1.0081962254017445,-0.638325571740905,1.6167686236700805,1.6215115856271138,-1.6178870030000765,1.0,0.0,1
-0.6745606011927714,-0.5605713925909617,0.8367470898769506,-0.4895106969039632,0.15427088766112573,0.0,0.3647860254821981,1.1546627411415114,-1.509474646981232,-0.638325571740905,0.5533674077397471,0.2863847139703712,1.5211335774255204,1.0,0.0,1
-0.2495458869124298,-0.7791646163196216,0.9815141862389762,-0.003535972344839162,0.45972451050259794,0.0,-0.5532033434569608,1.6183245270183886,1.4981958824956936,1.5665986829772471,-0.40369368659755284,-1.0487421576863714,-0.13832525573514595,1.0,0.0,1
-0.530742490804979,-0.3856968136080338,-0.6566681235231248,-1.29946857116917,-0.9023696934353408,0.0,0.8237807099517775,1.1546627411415114,-0.005639382242769227,-0.638325571740905,0.9787278941118804,0.2863847139703712,0.06360004476006775,0.0,1.0,0
1.0297913338506186,-1.0414764847940134,-0.07906047882429527,0.674803747352269,0.2880090592324069,0.0,0.8237807099517775,-0.35223806295834037,0.4956390393367183,-0.638325571740905,0.7660476509258137,0.2863847139703712,1.6936879251214307,1.0,0.0,0
0.357924639053917,1.3630489762212454,1.0653145765919274,1.4543882013325293,1.3434382438472494,0.0,0.8237807099517775,-1.0477307417736565,0.9969174609162059,1.5665986829772471,0.6597075293327804,0.2863847139703712,-0.82119990831896,1.0,0.0,1
-0.6810002180758069,0.6198320155438017,-1.4137162371061642,-0.45913727661902043,-1.3607015522577517,0.0,0.8237807099517775,0.11142372291853707,-1.0081962254017445,-0.638325571740905,0.8723877725188471,0.2863847139703712,-1.0267965779140868,0.0,1.0,0
-0.5736732700252155,-0.9540391953025495,0.07685437588743485,-0.16552754719788051,-0.47468616559801463,0.0,-1.0121980279265403,-0.5840689558967791,-1.0081962254017445,-0.638325571740905,-1.041734416155753,-1.0487421576863714,0.6216481479468405,1.0,0.0,1
-0.5951386596353339,0.4012387918151418,-1.810115147803245,1.282272153051175,-1.6729995652203993,0.0,0.8237807099517775,-0.5840689558967791,-0.5069178038222568,-0.638325571740905,0.7660476509258137,0.2863847139703712,-0.14566799393497187,1.0,0.0,0
1.1650232883943639,0.6635506602895337,1.1070610095842695,-0.05415833948641526,1.6767539857660718,0.0,-1.0121980279265403,0.6910009552646338,0.9969174609162059,1.5665986829772471,-0.9353942945627195,-1.0487421576863714,-0.07591198103662533,1.0,0.0,0
0.4802773598315912,-0.29825952411656986,0.6547695449545324,1.6872510901837765,0.7207804522925533,0.0,0.8237807099517775,-0.8158998488352177,-1.509474646981232,-0.638325571740905,0.7660476509258137,0.2863847139703712,0.889658092240488,1.0,0.0,1
0.31499385983368067,-0.03594765564217798,-0.09289907539634196,1.7581224041819825,0.09660841513582713,0.0,-1.4711927123961197,1.1546627411415114,1.4981958824956936,1.5665986829772471,-1.3607547809348528,-1.0487421576863714,-1.6399152175995542,1.0,0.0,0
-0.6659744453487241,0.6635506602895337,-1.9481935891554476,-0.0946562331996783,-1.7636120220458686,0.0,-0.5532033434569608,-1.163646188242876,-0.005639382242769227,-0.638325571740905,-0.7227140513766528,-1.0487421576863714,-0.4063352000287934,1.0,0.0,0
-0.4191224648323641,1.1007371077468535,-1.280635066738312,-0.9653609480347742,-1.0014619256321775,0.0,-0.5532033434569608,1.3864936340799499,0.4956390393367183,-0.638325571740905,-0.40369368659755284,-1.0487421576863714,-0.24479495963262254,1.0,0.0,0
-0.6616813674267005,1.3193303314755134,0.8954842442160839,0.30019823050461025,0.6245350018275323,0.0,1.7417700788909365,-1.5113925276505338,1.4981958824956936,1.5665986829772471,1.5104285020770472,1.6215115856271138,0.5959485642474499,0.0,1.0,0
-0.5221563349609317,-0.9977578400482815,0.3458613170296158,-1.6943230348734586,-0.24337000743192685,0.0,-0.09420865898738136,-0.004491723550682283,-0.5069178038222568,-0.638325571740905,-0.08467332181845284,0.2863847139703712,1.0622124399363984,0.0,1.0,0
-0.6445090557386058,0.09520827859501796,1.6885895899785124,1.6568776698988301,0.9877116670183844,0.0,-1.0121980279265403,-1.5113925276505338,-1.509474646981232,-0.638325571740905,-1.1480745377487862,-1.0487421576863714,0.9924564270380518,1.0,0.0,0
0.458811970221473,0.1826455680864819,-1.6238322617250784,-0.6717512186136343,-0.9798990682592718,0.0,1.282775394421357,-0.5840689558967791,0.4956390393367183,-0.638325571740905,1.191408137297947,1.6215115856271138,0.015872246461199,1.0,0.0,0
-0.5565009583371209,-1.5661002217427973,0.2555260338509755,-0.3376435954792385,-0.459907128522203,0.0,0.3647860254821981,-1.0477307417736565,-0.5069178038222568,-0.638325571740905,0.23434704296064715,0.2863847139703712,0.37199504915275805,0.0,1.0,1
-0.6080178934014048,-0.9103205505568176,-0.24235591837445009,0.006588501083473899,-0.7358632470361325,0.0,-1.4711927123961197,-1.163646188242876,-1.509474646981232,-0.638325571740905,-1.5734350241209194,-1.0487421576863714,-0.30353686523122997,0.0,1.0,0
-0.6810002180758069,-0.29825952411656986,-0.7649167011533594,0.5735590130691168,-1.053067415749357,0.0,-1.4711927123961197,1.3864936340799499,-1.0081962254017445,-0.638325571740905,-1.2544146593418195,-1.0487421576863714,-0.8138571701191339,1.0,0.0,0
-0.5522078804150974,-0.2108222346251059,0.6583829562816778,-0.30727017519429217,0.16032787006924534,0.0,0.3647860254821981,-0.004491723550682283,0.4956390393367183,-0.638325571740905,0.3406871645536805,0.2863847139703712,-0.494448058426705,0.0,1.0,1
-0.5371821076880146,0.13892692334074994,0.9553746149362204,-1.2184727837426512,0.4803182506902046,0.0,-1.0121980279265403,-0.9318152953044371,0.9969174609162059,1.5665986829772471,-1.1480745377487862,-1.0487421576863714,0.2691967143551946,0.0,1.0,1
-0.44273439340349413,1.2318930419840495,0.020500535402376778,1.0494092641999277,0.039369931379096786,0.0,-1.0121980279265403,-0.6999844023659983,-1.509474646981232,-0.638325571740905,-1.041734416155753,-1.0487421576863714,1.0365128562370074,1.0,0.0,0
-0.07567623107047183,1.7127981341871013,0.829135861762325,0.11795770879493915,0.9901950298057137,0.0,-0.09420865898738136,-0.4681535094275597,0.9969174609162059,1.5665986829772471,-0.19101344341148618,0.2863847139703712,-1.4416612862042535,1.0,0.0,0
2.251172002666348,-1.5223815769970652,1.5983311878919388,-0.39839043604912766,2.192203188697051,0.0,-0.5532033434569608,-1.163646188242876,-0.005639382242769227,-0.638325571740905,-0.7227140513766528,-1.0487421576863714,-1.2727783076082564,1.0,0.0,0
-0.6166040492454521,0.0077709891035539986,1.4504888478472366,-0.5198841171889096,0.7964927323940484,0.0,0.3647860254821981,-1.163646188242876,-1.0081962254017445,-0.638325571740905,0.23434704296064715,0.2863847139703712,-0.7294156808211356,1.0,0.0,0
-0.3160885947037964,1.0570184630011215,1.2916525116369633,0.036961921368420275,1.0735391077414393,0.0,0.3647860254821981,-1.0477307417736565,-0.5069178038222568,-0.638325571740905,0.23434704296064715,0.2863847139703712,-0.24112359053270938,1.0,0.0,1
-0.6166040492454521,1.5816421999499053,-0.5482657837087563,-2.0183061845795414,-0.42931936736119897,0.0,0.8237807099517775,-0.9318152953044371,1.4981958824956936,1.5665986829772471,0.6597075293327804,0.2863847139703712,-0.8432281229184377,0.0,1.0,0
-0.6788536791147951,0.5761133707980697,-1.0197006402631585,-2.0588040782928005,-1.058760979212989,0.0,1.282775394421357,1.6183245270183886,-0.5069178038222568,-0.638325571740905,1.5104285020770472,1.6215115856271138,0.526192551349103,0.0,1.0,0
-0.6402159778165821,-0.8666019058110855,1.344392940794876,-0.9451120011781445,0.505757576804307,0.0,-1.0121980279265403,1.5024090805491692,0.9969174609162059,1.5665986829772471,-0.8290541729696862,-1.0487421576863714,-1.0671816380131296,1.0,0.0,1
-0.5285959518439672,0.4012387918151418,0.1438946881697958,1.535383988759052,-0.09600362544237656,0.0,0.8237807099517775,0.22733916938775642,-0.5069178038222568,-0.638325571740905,0.8723877725188471,0.2863847139703712,-1.2434073548089526,1.0,0.0,0
-0.6166040492454521,1.1881743972383174,-0.949815727574321,-1.7550698754433476,-0.8328961052142089,0.0,-1.4711927123961197,-0.004491723550682283,-0.005639382242769227,-0.638325571740905,-1.467094902527886,-1.0487421576863714,1.8111717363186457,0.0,1.0,0
0.45451889229944925,1.6690794894413692,1.2570560202068457,1.6062553027572577,1.6168504297497686,0.0,0.3647860254821981,-1.2795616347120953,-1.509474646981232,-0.638325571740905,0.23434704296064715,0.2863847139703712,1.0108132725376164,1.0,0.0,1
-0.5243028739219436,0.13892692334074994,0.27051784680402635,-1.7044475083017752,-0.05196936333534709,0.0,-0.09420865898738136,-1.0477307417736565,-1.509474646981232,-0.638325571740905,-0.19101344341148618,0.2863847139703712,1.2861659550310898,0.0,1.0,0
-0.01771967912315251,-1.2163510637769415,-0.9887175601601865,1.667002143327147,-1.0585792697407457,0.0,1.282775394421357,-0.004491723550682283,-0.5069178038222568,-0.638325571740905,1.2977482588909803,1.6215115856271138,-0.5605327022251384,1.0,0.0,0
0.482423898792603,-0.25454087937083786,-0.5684086298302915,-0.10478070662799135,-0.23198288050466187,0.0,-0.5532033434569608,-0.9318152953044371,0.9969174609162059,1.5665986829772471,-0.7227140513766528,-1.0487421576863714,0.14069879585824022,1.0,0.0,0
-0.38477784145617483,1.5379235552041732,-0.5665634836206852,1.100031631341504,-0.3225953373301315,0.0,-0.5532033434569608,-0.23632261648912098,0.4956390393367183,-0.638325571740905,-0.6163739297836195,-1.0487421576863714,1.38529292072874,1.0,0.0,1
-0.4491740102865296,0.4012387918151418,-0.03600706726681544,-0.24652333462440298,-0.19291534397229038,0.0,0.3647860254821981,-0.6999844023659983,0.9969174609162059,1.5665986829772471,0.23434704296064715,0.2863847139703712,-0.10161156473601629,1.0,0.0,1
0.0810211130833915,1.4942049104584412,-0.725784225291293,1.3328945201927476,-0.19485357834288855,0.0,-0.09420865898738136,-0.23632261648912098,-1.509474646981232,-0.638325571740905,-0.08467332181845284,0.2863847139703712,-0.6743451443224409,1.0,0.0,0
-0.6767071401537833,-1.740974800725725,-0.806816896329835,1.8087447713235585,-1.4034638480590764,0.0,0.3647860254821981,-1.2795616347120953,-1.509474646981232,-0.638325571740905,0.23434704296064715,0.2863847139703712,-1.4343185480044276,1.0,0.0,0
-0.3504332180799856,1.0132998182553896,0.13905117936957936,-0.08453175977136164,0.13640278955717286,0.0,-0.09420865898738136,1.2705781876107307,1.4981958824956936,1.5665986829772471,0.02166679977458048,0.2863847139703712,1.3559219679294363,1.0,0.0,0
0.033797255941131275,1.6253608446956371,1.106215317571533,1.1202805781981338,1.2508875526511816,0.0,0.8237807099517775,-0.23632261648912098,0.9969174609162059,1.5665986829772471,0.7660476509258137,0.2863847139703712,-0.4283634146282712,1.0,0.0,0
-0.3633124518460566,0.1826455680864819,-0.7341642643265882,1.798620297895242,-0.7429499164536326,0.0,-1.4711927123961197,-0.8158998488352177,-0.005639382242769227,-0.638325571740905,-1.5734350241209194,-1.0487421576863714,0.9704282124385736,1.0,0.0,0
-0.5951386596353339,0.3575201470694098,-0.059225157071027545,0.18882902279314498,-0.3032735634482296,0.0,1.282775394421357,-1.0477307417736565,-1.509474646981232,-0.638325571740905,1.191408137297947,1.6215115856271138,1.73040161612056,0.0,1.0,1
0.23771845723725482,-1.1726324190312094,0.09838108166617476,1.5657574090439947,-0.04827460406639391,0.0,-0.09420865898738136,-0.35223806295834037,1.4981958824956936,1.5665986829772471,-0.19101344341148618,0.2863847139703712,1.3155369078303936,1.0,0.0,0
-0.42985515963742316,-1.3475069980141374,-0.732242237024915,-0.24652333462440298,-1.1181799766366427,0.0,0.3647860254821981,-0.8158998488352177,0.4956390393367183,-0.638325571740905,0.23434704296064715,0.2863847139703712,0.5739203496479718,1.0,0.0,0
0.9031455351509209,-0.9540391953025495,1.23568307661224,0.07745981508167972,1.271723572135113,0.0,-1.4711927123961197,1.734239973487608,0.4956390393367183,-0.638325571740905,-1.2544146593418195,-1.0487421576863714,-0.7073874662216578,1.0,0.0,0
-0.6659744453487241,-0.3419781688623018,1.0104983579482079,-1.6538251411601992,0.3444601352760816,0.0,0.8237807099517775,0.11142372291853707,-1.0081962254017445,-0.638325571740905,0.8723877725188471,0.2863847139703712,-0.641302822423224,0.0,1.0,1
0.42232080788427195,-1.2600697085226733,0.8093005400090573,0.14833112907988552,0.5966123129261012,0.0,-0.09420865898738136,-1.2795616347120953,0.9969174609162059,1.5665986829772471,-0.2973535650045195,0.2863847139703712,0.6289908861466664,1.0,0.0,1
-0.580112886908251,-0.6480086820824257,-1.8274133935183037,-0.9552364746064576,-1.910736124739094,0.0,-1.4711927123961197,-0.35223806295834037,-1.509474646981232,-0.638325571740905,-1.467094902527886,-1.0487421576863714,-0.10528293383592906,0.0,1.0,0
3.8911277688793833,1.3630489762212454,1.05824151612177,0.047086394796733336,3.3318244287847563,0.0,-1.0121980279265403,0.22733916938775642,-1.0081962254017445,-0.638325571740905,-0.9353942945627195,-1.0487421576863714,1.2347667876323078,1.0,0.0,0
-0.6230436661284876,1.0132998182553896,0.060478703277179226,-0.3477680689075552,-0.07934692382004763,0.0,0.8237807099517775,0.5750855087954145,0.9969174609162059,1.5665986829772471,0.8723877725188471,0.2863847139703712,-0.8762704448176546,1.0,0.0,0
0.9933001715134175,0.6635506602895337,0.4410401090084726,-0.9147385808931981,1.0551258812207558,0.0,-1.4711927123961197,0.11142372291853707,0.4956390393367183,-0.638325571740905,-1.467094902527886,-1.0487421576863714,-1.0304679470139997,1.0,0.0,1
-0.5157167180778963,-0.29825952411656986,-1.9351238035040697,-0.7122491123268974,-1.881723179004201,0.0,-1.0121980279265403,0.5750855087954145,0.4956390393367183,-0.638325571740905,-0.9353942945627195,-1.0487421576863714,0.9961277961379645,0.0,1.0,0
-0.5178632570389081,0.7072693050352656,0.945456954059587,-0.7223735857552104,0.6093925458072332,0.0,-0.5532033434569608,0.5750855087954145,0.4956390393367183,-0.638325571740905,-0.5100338081905862,-1.0487421576863714,1.3559219679294363,1.0,0.0,0
-0.6767071401537833,-0.8666019058110855,0.5293764837933729,-0.9147385808931981,-0.1569368684680601,0.0,0.8237807099517775,0.8069164017338532,-1.509474646981232,-0.638325571740905,0.9787278941118804,0.2863847139703712,-0.07224061193671218,0.0,1.0,0
-0.6509486726216414,1.5816421999499053,0.2865859950460141,-0.18577649405451382,0.2090260086305268,0.0,-0.09420865898738136,-1.6273079741197531,-0.5069178038222568,-0.638325571740905,-0.2973535650045195,0.2863847139703712,-0.6963733589219187,0.0,1.0,1
-0.2710112765225481,-0.9103205505568176,0.1435102827094615,-0.4388883297623907,-0.24167405235765327,0.0,-0.5532033434569608,1.038747294672292,-1.0081962254017445,-0.638325571740905,-0.40369368659755284,-1.0487421576863714,-1.346205689606516,1.0,0.0,0
-0.4083897700273049,0.7509879497809976,-0.017401842986618753,0.11795770879493915,-0.07771153856985545,0.0,0.3647860254821981,-0.23632261648912098,-0.5069178038222568,-0.638325571740905,0.3406871645536805,0.2863847139703712,-1.1883368183102578,0.0,1.0,0
0.6992243338547975,1.0570184630011215,-0.16762749688539613,-0.14527860034125079,0.4968538126643713,0.0,-0.09420865898738136,-0.23632261648912098,-1.509474646981232,-0.638325571740905,-0.08467332181845284,0.2863847139703712,0.36832368005284527,1.0,0.0,0
-0.44273439340349413,0.9258625287639255,1.0883789042120058,-0.9046141074648815,0.8128465848959714,0.0,1.282775394421357,-0.8158998488352177,-0.5069178038222568,-0.638325571740905,1.191408137297947,1.6215115856271138,-1.5811733120009466,1.0,0.0,0
0.3085542429506451,-0.47313410309949777,1.2637446752166686,0.9886624236300351,1.064877622897828,0.0,-1.0121980279265403,0.9228318482030725,-1.509474646981232,-0.638325571740905,-0.8290541729696862,-1.0487421576863714,-1.004768363314609,1.0,0.0,0
-0.43200169859843507,0.5761133707980697,1.1872479886100753,0.21920244307809136,0.8192669862485779,0.0,-1.4711927123961197,-0.23632261648912098,-1.0081962254017445,-0.638325571740905,-1.467094902527886,-1.0487421576863714,-1.6435865866994672,1.0,0.0,0
3.843903911737123,0.6198320155438017,-0.6381397803349951,-0.7527470060401568,1.8039506163365837,0.0,-0.09420865898738136,-1.0477307417736565,-1.509474646981232,-0.638325571740905,-0.19101344341148618,0.2863847139703712,0.7648315428434467,1.0,0.0,0
-0.4491740102865296,1.1007371077468535,0.297733753395719,-0.4490128031907038,0.22507701201204378,0.0,-0.09420865898738136,-0.35223806295834037,1.4981958824956936,1.5665986829772471,-0.19101344341148618,0.2863847139703712,-0.5642040713250516,0.0,1.0,0
-0.5951386596353339,-1.6098188664885291,-0.6512864470784399,0.24957586336303772,-1.2058245120821334,0.0,0.3647860254821981,0.4591700623261951,-1.0081962254017445,-0.638325571740905,0.4470272861467138,0.2863847139703712,-0.7808148482199171,1.0,0.0,1
-0.4663463219746242,-1.6972561559799932,0.2548341040223729,-1.2083483103143344,-0.438647120269703,0.0,0.3647860254821981,-0.8158998488352177,0.4956390393367183,-0.638325571740905,0.23434704296064715,0.2863847139703712,0.5996199333473627,0.0,1.0,1
-0.6509486726216414,-1.6098188664885291,0.428969777553965,-1.0159833151763467,-0.38625422243946833,0.0,-0.5532033434569608,-1.0477307417736565,0.4956390393367183,-0.638325571740905,-0.7227140513766528,-1.0487421576863714,-0.7844862173198303,1.0,0.0,0
-0.5758198089862274,0.0077709891035539986,-0.8767018090186726,0.6646792739239524,-1.0139393093929039,0.0,-0.09420865898738136,0.4591700623261951,1.4981958824956936,1.5665986829772471,-0.08467332181845284,0.2863847139703712,1.4550489336270866,1.0,0.0,0
2.049397340331236,0.3575201470694098,-0.837646214248673,-0.3173946486226088,0.5758974330903323,0.0,-1.0121980279265403,-0.4681535094275597,-0.5069178038222568,-0.638325571740905,-1.041734416155753,-1.0487421576863714,-1.4379899171043404,1.0,0.0,0
0.1797619052899356,-0.7791646163196216,0.34570755484548166,-0.7628714794684698,0.20109136167589045,0.0,-0.5532033434569608,1.3864936340799499,0.4956390393367183,-0.638325571740905,-0.40369368659755284,-1.0487421576863714,1.6606456032222134,1.0,0.0,1
-0.569380192103192,1.4504862657127093,0.303807359669006,-0.8944896340365684,0.23955319996745,0.0,-1.0121980279265403,-0.12040717001990163,0.9969174609162059,1.5665986829772471,-1.041734416155753,-1.0487421576863714,1.3816215516288273,1.0,0.0,0
-0.5522078804150974,0.2263642128322139,-0.6309129576807039,-1.1374769963161286,-0.7585163612425,0.0,-1.4711927123961197,0.34325461585697575,1.4981958824956936,1.5665986829772471,-1.467094902527886,-1.0487421576863714,-0.8762704448176546,0.0,1.0,0
1.9377773143586212,0.2263642128322139,0.38330240886620975,1.241774259337912,1.4457406767203895,0.0,0.8237807099517775,-1.5113925276505338,-1.0081962254017445,-0.638325571740905,0.6597075293327804,0.2863847139703712,0.39035189465232306,1.0,0.0,0
-0.2388131921073707,-1.3475069980141374,0.0569421730421007,0.6241813802106929,-0.3886164455786353,0.0,-0.09420865898738136,0.4591700623261951,1.4981958824956936,1.5665986829772471,-0.08467332181845284,0.2863847139703712,1.8111717363186457,1.0,0.0,0
0.4502258143774257,0.9695811735096576,-0.5426534639878707,-0.5097596437605929,0.04148987522193865,0.0,-0.09420865898738136,0.5750855087954145,-1.509474646981232,-0.638325571740905,0.02166679977458048,0.2863847139703712,-0.5862322859245294,1.0,0.0,0
-0.6509486726216414,0.5323947260523377,0.4065973797624887,-1.7753188222999774,0.07098737954948105,0.0,-0.09420865898738136,-0.6999844023659983,-0.005639382242769227,-0.638325571740905,-0.19101344341148618,0.2863847139703712,0.8456016630415324,0.0,1.0,1
-0.4985444063898017,-0.9977578400482815,0.13190123780735546,-1.481709092878841,-0.39861046655203264,0.0,-0.5532033434569608,-0.4681535094275597,-0.5069178038222568,-0.638325571740905,-0.6163739297836195,-1.0487421576863714,-0.6229459769236589,0.0,1.0,1
-0.6337763609335467,0.13892692334074994,-1.151474832065873,-2.0790530251494306,-1.2340500501039706,0.0,-1.0121980279265403,-0.004491723550682283,1.4981958824956936,1.5665986829772471,-1.041734416155753,-1.0487421576863714,1.5101194701257814,0.0,1.0,1
-0.6445090557386058,0.5761133707980697,-1.9312028678086564,-1.3197175180257996,-1.7574944698136679,0.0,0.8237807099517775,-0.12040717001990163,1.4981958824956936,1.5665986829772471,0.7660476509258137,0.2863847139703712,-1.331520213206864,0.0,1.0,0
-0.6638279063877123,-1.6098188664885291,1.7161899020305398,-1.2792196243125402,0.6205979632622545,0.0,0.8237807099517775,0.9228318482030725,-1.0081962254017445,-0.638325571740905,0.9787278941118804,0.2863847139703712,-0.5642040713250516,0.0,1.0,1
1.074868652031867,-0.7354459715738897,-0.10027966023476731,0.6646792739239524,0.3645693168710386,0.0,-0.5532033434569608,-0.004491723550682283,1.4981958824956936,1.5665986829772471,-0.6163739297836195,-1.0487421576863714,0.709761006344752,1.0,0.0,1
4.25174631432937,-1.4349442875056013,0.1630380800944609,-0.3680170157641849,2.209829007504679,0.0,1.282775394421357,1.6183245270183886,-0.5069178038222568,-0.638325571740905,1.5104285020770472,1.6215115856271138,-0.6816878825222669,1.0,0.0,0
0.9761278598253234,-0.03594765564217798,-0.7054876169856239,1.4645126747608461,-0.012901826802975587,0.0,-0.5532033434569608,-1.0477307417736565,0.4956390393367183,-0.638325571740905,-0.7227140513766528,-1.0487421576863714,0.36098094185301893,1.0,0.0,0
-0.34614014015796196,1.5816421999499053,1.4481824150852287,-0.5806309577587988,1.2961937810639164,0.0,-0.5532033434569608,-0.9318152953044371,0.9969174609162059,1.5665986829772471,-0.7227140513766528,-1.0487421576863714,0.3022390362544115,1.0,0.0,0
-0.5522078804150974,0.5323947260523377,1.08076767609738,-1.8056922425849238,0.6578484050721901,0.0,0.8237807099517775,-0.12040717001990163,1.4981958824956936,1.5665986829772471,0.7660476509258137,0.2863847139703712,0.22146891605632585,0.0,1.0,0
-0.03274545185023526,-0.6042900373366937,1.5357499789494595,0.036961921368420275,1.0574881043599222,0.0,1.282775394421357,0.9228318482030725,-0.005639382242769227,-0.638325571740905,1.4040883804840139,1.6215115856271138,1.5248049465254332,1.0,0.0,0
-0.6144575102844403,1.3630489762212454,0.1228292689434579,0.14833112907988552,0.05215016426022884,0.0,-0.09420865898738136,-1.0477307417736565,-1.509474646981232,-0.638325571740905,-0.19101344341148618,0.2863847139703712,-1.5040745609027741,0.0,1.0,0
-0.5865525037912865,1.3193303314755134,-0.5491883568135595,1.0696582110565576,-0.4712336856253866,0.0,-0.5532033434569608,0.9228318482030725,-1.509474646981232,-0.638325571740905,-0.40369368659755284,-1.0487421576863714,1.245780894932047,1.0,0.0,0
0.8580682169696726,-1.6972561559799932,0.8704978892943322,0.02683744794010362,0.7938276601344755,0.0,0.3647860254821981,-0.35223806295834037,-1.0081962254017445,-0.638325571740905,0.3406871645536805,0.2863847139703712,0.735460590044143,1.0,0.0,1
-0.38048476353415117,0.6635506602895337,0.8144515731775416,0.6140569067823799,0.5740197685438149,0.0,0.8237807099517775,-0.4681535094275597,-0.005639382242769227,-0.638325571740905,0.7660476509258137,0.2863847139703712,-0.7514438954206134,1.0,0.0,1
0.7035174117768211,-0.9103205505568176,0.056404005397631816,-1.0261077886046635,0.23967433961561227,0.0,1.7417700788909365,-0.9318152953044371,0.4956390393367183,-0.638325571740905,1.6167686236700805,1.6215115856271138,1.6973592942213436,1.0,0.0,0
-0.6616813674267005,-1.2600697085226733,-0.7638403658644223,0.7557995347787915,-1.254522650643415,0.0,-1.0121980279265403,1.5024090805491692,0.9969174609162059,1.5665986829772471,-0.8290541729696862,-1.0487421576863714,0.8492730321414451,0.0,1.0,0
2.8865475351258487,-0.5605713925909617,-1.385347114133468,1.2923966264794882,0.41332802525640144,0.0,-0.09420865898738136,1.1546627411415114,0.9969174609162059,1.5665986829772471,0.02166679977458048,0.2863847139703712,-0.5568613331252256,1.0,0.0,0
-0.4556136271695651,0.0077709891035539986,0.4990853335190033,0.19895349622146163,0.1377958955110405,0.0,-1.0121980279265403,-1.5113925276505338,-1.509474646981232,-0.638325571740905,-1.1480745377487862,-1.0487421576863714,1.2421095258321342,0.0,1.0,0
-0.6573882895046768,-0.29825952411656986,0.9920468958521453,0.21920244307809136,0.3444601352760816,0.0,-1.4711927123961197,-0.35223806295834037,-1.509474646981232,-0.638325571740905,-1.467094902527886,-1.0487421576863714,-0.82119990831896,0.0,1.0,0
-0.0284523739282117,1.1444557524925854,-0.2606536182863789,1.282272153051175,0.03228326196159695,0.0,0.3647860254821981,-1.0477307417736565,-0.5069178038222568,-0.638325571740905,0.23434704296064715,0.2863847139703712,-0.6927019898220059,1.0,0.0,1
0.868800911774732,-0.9540391953025495,0.9130900142994101,0.4520653319293385,0.9981902465844316,0.0,-0.5532033434569608,1.6183245270183886,1.4981958824956936,1.5665986829772471,-0.40369368659755284,-1.0487421576863714,1.6239319122230835,1.0,0.0,0
0.008038788408989429,-1.0851951295397455,1.127742023350273,-0.2971457017659791,0.6524576907289639,0.0,-0.5532033434569608,0.22733916938775642,-1.0081962254017445,-0.638325571740905,-0.5100338081905862,-1.0487421576863714,-0.22276674503314436,1.0,0.0,1
0.7121035676208685,0.09520827859501796,0.32387332469847435,1.494886095045789,0.6781392961393908,0.0,-0.09420865898738136,-0.4681535094275597,0.9969174609162059,1.5665986829772471,-0.19101344341148618,0.2863847139703712,-0.6302887151234853,1.0,0.0,0
1.6651668663101193,-0.8228832610653536,1.0310256095300778,1.2518987327662285,1.5696059669664355,0.0,1.282775394421357,-0.8158998488352177,-0.5069178038222568,-0.638325571740905,1.191408137297947,1.6215115856271138,0.8199020793421414,1.0,0.0,1
-0.6273367440505112,1.6690794894413692,0.5733524684556555,-1.6437006677318824,0.4676591574572343,0.0,-0.5532033434569608,-1.5113925276505338,-1.509474646981232,-0.638325571740905,-0.7227140513766528,-1.0487421576863714,-0.24112359053270938,0.0,1.0,0
-0.6810002180758069,-1.5223815769970652,-0.7661467986264302,-1.5930783005903064,-1.3253893448184146,0.0,-0.09420865898738136,0.11142372291853707,-0.005639382242769227,-0.638325571740905,-0.08467332181845284,0.2863847139703712,0.40136600195206174,0.0,1.0,0
0.08316765204440328,0.9695811735096576,-1.031155922981131,0.18882902279314498,-0.5505195853476726,0.0,-1.0121980279265403,1.038747294672292,-1.0081962254017445,-0.638325571740905,-0.8290541729696862,-1.0487421576863714,0.030557722860850862,1.0,0.0,1
-0.30320936093772544,-1.5223815769970652,1.1736400353142293,1.3430189936210641,0.4160536673400553,0.0,-1.4711927123961197,-0.004491723550682283,-0.005639382242769227,-0.638325571740905,-1.467094902527886,-1.0487421576863714,-0.23010948323297029,1.0,0.0,0
-0.6745606011927714,-0.07966630038790996,-1.1124192372958737,-0.5705064843304857,-1.2747529718865347,0.0,1.7417700788909365,-1.3954770811813144,-1.509474646981232,-0.638325571740905,1.6167686236700805,1.6215115856271138,0.8676298776410105,0.0,1.0,0
-0.5092771011948608,1.7127981341871013,-1.3719698041138224,-0.4388883297623907,-0.9886211229269641,0.0,0.3647860254821981,-1.5113925276505338,0.9969174609162059,1.5665986829772471,0.1280069213676138,0.2863847139703712,-0.9093127667168714,0.0,1.0,0
-0.42556208171539955,-0.07966630038790996,0.8669613590592533,1.059533737628241,0.42519971077631613,0.0,-1.0121980279265403,-0.35223806295834037,-0.005639382242769227,-0.638325571740905,-1.041734416155753,-1.0487421576863714,0.1113278430589365,1.0,0.0,1
0.49744967151968583,-0.7791646163196216,1.0570114186486994,-0.6110043780437452,0.9407700533554575,0.0,0.8237807099517775,-1.5113925276505338,-1.0081962254017445,-0.638325571740905,0.6597075293327804,0.2863847139703712,1.3449078606296974,1.0,0.0,1
0.1303915091866635,0.2263642128322139,-1.0153952991074104,0.6444303270673226,-0.6762019703161544,0.0,1.7417700788909365,-0.6999844023659983,1.4981958824956936,1.5665986829772471,1.6167686236700805,1.6215115856271138,0.36832368005284527,1.0,0.0,0
-0.5844059648302747,-1.6972561559799932,0.9261597999507877,-1.7550698754433476,0.023621777117985788,0.0,0.3647860254821981,0.5750855087954145,-0.5069178038222568,-0.638325571740905,0.4470272861467138,0.2863847139703712,-0.13465388663523317,0.0,1.0,0
-0.6724140622317596,-1.2163510637769415,-0.6672008331362939,-0.8944896340365684,-1.1747521923284796,0.0,-0.09420865898738136,1.1546627411415114,0.9969174609162059,1.5665986829772471,0.02166679977458048,0.2863847139703712,0.8456016630415324,0.0,1.0,0
-0.02201275704517617,-0.5605713925909617,1.0105752390402747,0.7254261144938451,0.6594837903223829,0.0,-1.4711927123961197,0.34325461585697575,1.4981958824956936,1.5665986829772471,-1.467094902527886,-1.0487421576863714,-1.6142156339001634,1.0,0.0,1
-0.41482938691034044,-1.3475069980141374,-0.7490023150955053,-0.5907554311871154,-1.1229044229149758,0.0,-1.4711927123961197,-0.12040717001990163,-0.5069178038222568,-0.638325571740905,-1.467094902527886,-1.0487421576863714,1.117282976435093,1.0,0.0,0
-0.27315781548355983,0.5761133707980697,-0.5554926063630475,0.21920244307809136,-0.46408644638380536,0.0,0.3647860254821981,-0.9318152953044371,-0.005639382242769227,-0.638325571740905,0.23434704296064715,0.2863847139703712,-0.7147302044214837,1.0,0.0,1
-0.6810002180758069,0.7072693050352656,0.7184270891859486,1.0291603173432982,0.3384637226920434,0.0,-0.09420865898738136,-0.12040717001990163,-1.0081962254017445,-0.638325571740905,-0.08467332181845284,0.2863847139703712,0.5298639204490162,1.0,0.0,1
4.060704346799318,-1.1726324190312094,-0.08205884141490535,-1.1374769963161286,1.9670651525872445,0.0,1.282775394421357,-0.4681535094275597,0.9969174609162059,1.5665986829772471,1.191408137297947,1.6215115856271138,-0.14933936303488504,1.0,0.0,0
-0.6337763609335467,1.4504862657127093,-0.8035878904630241,-0.24652333462440298,-0.6692364405468167,0.0,1.7417700788909365,-0.9318152953044371,0.4956390393367183,-0.638325571740905,1.6167686236700805,1.6215115856271138,0.17741248685737027,1.0,0.0,0
-0.0992881596416019,0.5761133707980697,-0.2861012597605321,0.8469197956336271,-0.1537266677917566,0.0,-0.5532033434569608,0.34325461585697575,-0.5069178038222568,-0.638325571740905,-0.5100338081905862,-1.0487421576863714,1.1723535129337876,1.0,0.0,0
0.20766691178308933,-0.9540391953025495,-1.6377477393891924,1.515135041902422,-1.384566062945743,0.0,-0.5532033434569608,1.6183245270183886,1.4981958824956936,1.5665986829772471,-0.40369368659755284,-1.0487421576863714,1.2164099421327432,1.0,0.0,0
-0.6208971271674758,0.27008285757794587,1.0643151223950575,-1.9676838174379652,0.5479747441889006,0.0,-1.4711927123961197,1.1546627411415114,1.4981958824956936,1.5665986829772471,-1.3607547809348528,-1.0487421576863714,0.8676298776410105,0.0,1.0,1
-0.5886990427522983,-1.6535375112342612,-0.6711986499237742,-1.4108377788806352,-1.2275690789272828,0.0,-1.0121980279265403,0.9228318482030725,-1.509474646981232,-0.638325571740905,-0.8290541729696862,-1.0487421576863714,1.6422887577226488,0.0,1.0,0
-0.530742490804979,0.6198320155438017,1.0013495079922434,-0.2768967549093494,0.6267760853185369,0.0,-1.4711927123961197,1.1546627411415114,1.4981958824956936,1.5665986829772471,-1.3607547809348528,-1.0487421576863714,0.6069626715471886,0.0,1.0,0
-0.6402159778165821,0.5323947260523377,-0.10543069340325117,0.9380400564884626,-0.32635066642316557,0.0,-1.4711927123961197,1.038747294672292,0.9969174609162059,1.5665986829772471,-1.3607547809348528,-1.0487421576863714,-1.3645625351060808,1.0,0.0,0
-0.5865525037912865,-0.6480086820824257,-1.946579086222042,0.3305716507895566,-2.00825354150982,0.0,-0.5532033434569608,-1.6273079741197531,1.4981958824956936,1.5665986829772471,-0.8290541729696862,-1.0487421576863714,-0.41734930732853254,1.0,0.0,0
0.557552762428017,-1.740974800725725,1.38583184941895,1.788495824466929,1.0205405116703927,0.0,-1.4711927123961197,0.6910009552646338,-0.5069178038222568,-0.638325571740905,-1.3607547809348528,-1.0487421576863714,1.8295285818182103,1.0,0.0,0
-0.5522078804150974,-1.6972561559799932,0.5074653725542982,0.47231427878596827,-0.2880705376038497,0.0,-0.09420865898738136,-0.4681535094275597,0.9969174609162059,1.5665986829772471,-0.19101344341148618,0.2863847139703712,-0.5899036550244425,0.0,1.0,0
-0.6037248154793812,0.2263642128322139,0.3743842021864459,-0.4490128031907038,0.0044211428842467265,0.0,0.8237807099517775,-0.5840689558967791,-0.5069178038222568,-0.638325571740905,0.7660476509258137,0.2863847139703712,0.31692451265406335,0.0,1.0,0
0.023064561136072182,0.8821438840181935,-1.6367482851923223,-0.6312533249003749,-1.080929534826707,0.0,-0.09420865898738136,-0.5840689558967791,0.4956390393367183,-0.638325571740905,-0.19101344341148618,0.2863847139703712,0.838258924841706,1.0,0.0,1
-0.5436217245710501,0.4886760813066058,0.37930459207872924,-0.6717512186136343,0.10036374422886117,0.0,-0.5532033434569608,1.5024090805491692,0.9969174609162059,1.5665986829772471,-0.40369368659755284,-1.0487421576863714,-1.5885160502007725,0.0,1.0,0
0.8473355221646135,0.31380150232367787,-0.875241068269401,-0.42876385633407404,-0.14179441244776106,0.0,-0.5532033434569608,-0.5840689558967791,-1.0081962254017445,-0.638325571740905,-0.6163739297836195,-1.0487421576863714,-1.2397359857090395,1.0,0.0,0
1.8325969052690416,0.8384252392724616,0.4634125067999484,-1.0159833151763467,1.5851724117553028,0.0,0.8237807099517775,0.22733916938775642,-0.5069178038222568,-0.638325571740905,0.8723877725188471,0.2863847139703712,0.41238010925180085,1.0,0.0,1
-0.5328890297659908,-1.5661002217427973,0.26598186237207777,-0.6717512186136343,-0.43834427114929697,0.0,0.8237807099517775,1.1546627411415114,-0.005639382242769227,-0.638325571740905,0.9787278941118804,0.2863847139703712,0.397694632852149,0.0,1.0,0
-0.6123109713234285,-0.2108222346251059,0.2919676714906994,-1.2387217305992808,-0.16226701298720547,0.0,-1.4711927123961197,1.1546627411415114,1.4981958824956936,1.5665986829772471,-1.3607547809348528,-1.0487421576863714,1.4954339937261294,0.0,1.0,1
0.8129908987884242,-0.5605713925909617,0.17510841154896856,-0.003535972344839162,0.47250474338373,0.0,0.3647860254821981,-1.2795616347120953,-1.509474646981232,-0.638325571740905,0.23434704296064715,0.2863847139703712,1.4550489336270866,1.0,0.0,1
1.2444452299518012,0.8821438840181935,1.588644170291506,1.424014781047583,2.149440892895726,0.0,0.3647860254821981,-1.0477307417736565,-0.5069178038222568,-0.638325571740905,0.23434704296064715,0.2863847139703712,0.23615439245597772,1.0,0.0,0
-0.07352969210946005,0.31380150232367787,1.4228116547031424,-0.6717512186136343,1.1490091085466099,0.0,-1.0121980279265403,1.1546627411415114,-0.5069178038222568,-0.638325571740905,-0.8290541729696862,-1.0487421576863714,0.26185397615536865,1.0,0.0,1
-0.30320936093772544,1.5816421999499053,0.34424681409621005,1.363267940477694,0.4506996067144994,0.0,1.282775394421357,0.8069164017338532,-0.5069178038222568,-0.638325571740905,1.4040883804840139,1.6215115856271138,1.6753310796218654,1.0,0.0,1
-0.4577601661305769,-1.740974800725725,-1.2384273471935685,0.08758428850999637,-1.6199403993252712,0.0,-1.4711927123961197,1.6183245270183886,-0.005639382242769227,-0.638325571740905,-1.2544146593418195,-1.0487421576863714,0.9740995815384864,1.0,0.0,0
0.7206897234649158,-0.47313410309949777,-1.7990442705456071,-0.4388883297623907,-1.11551490437707,0.0,-0.5532033434569608,0.22733916938775642,-1.0081962254017445,-0.638325571740905,-0.5100338081905862,-1.0487421576863714,-1.5444596210018169,1.0,0.0,0
0.5275012169738513,1.4067676209669773,-1.213594754455951,-0.5705064843304857,-0.34658098766628487,0.0,0.3647860254821981,0.11142372291853707,0.9969174609162059,1.5665986829772471,0.3406871645536805,0.2863847139703712,0.3242672508538893,1.0,0.0,1
-0.13148624405677936,1.5379235552041732,1.074386545455825,1.5252595153307353,1.1131517726905418,0.0,-0.09420865898738136,-0.004491723550682283,-0.5069178038222568,-0.638325571740905,-0.08467332181845284,0.2863847139703712,-0.9496978268159143,1.0,0.0,0
-0.14221893886183845,1.3630489762212454,-1.3109262170126816,0.4621898053576516,-0.8109092590727346,0.0,0.3647860254821981,0.22733916938775642,1.4981958824956936,1.5665986829772471,0.3406871645536805,0.2863847139703712,-0.6045891314240943,1.0,0.0,1
0.8988524572288973,-1.3037883532684054,1.3357053773913132,1.1506539984830764,1.2705727454775704,0.0,1.282775394421357,1.2705781876107307,1.4981958824956936,1.5665986829772471,1.4040883804840139,1.6215115856271138,1.0585410708364849,1.0,0.0,1
-0.668120984309736,-0.07966630038790996,-1.6754194745019872,0.6545548004956393,-1.714671604188262,0.0,-0.5532033434569608,1.734239973487608,-1.509474646981232,-0.638325571740905,-0.2973535650045195,-1.0487421576863714,-1.4269758098046015,0.0,1.0,0
0.7228362624259276,1.1881743972383174,0.9343860768019494,1.67712661675546,1.4074605479010736,0.0,-1.4711927123961197,0.22733916938775642,0.9969174609162059,1.5665986829772471,-1.467094902527886,-1.0487421576863714,-1.2360646166091267,1.0,0.0,1
-0.45990670509158876,1.6253608446956371,1.3597691592082617,-2.09930197200606,1.1720256416974644,0.0,-1.0121980279265403,0.34325461585697575,-0.5069178038222568,-0.638325571740905,-0.9353942945627195,-1.0487421576863714,-0.9753974105153053,0.0,1.0,0
-0.6273367440505112,0.8821438840181935,-0.7975142841897367,1.7378734573253527,-0.7868024690884184,0.0,-1.0121980279265403,-1.6273079741197531,1.4981958824956936,1.5665986829772471,-1.2544146593418195,-1.0487421576863714,1.0622124399363984,1.0,0.0,1
-0.6659744453487241,-0.3856968136080338,1.4539484969902483,-0.5198841171889096,0.6841357087234295,0.0,-0.09420865898738136,0.34325461585697575,0.9969174609162059,1.5665986829772471,-0.08467332181845284,0.2863847139703712,-0.3439219253302728,0.0,1.0,1
-0.5114236401558726,-0.3856968136080338,0.22823324616721596,0.16858007593651525,-0.194308449926158,0.0,-0.5532033434569608,0.9228318482030725,-1.509474646981232,-0.638325571740905,-0.40369368659755284,-1.0487421576863714,0.6583618389459706,0.0,1.0,0
-0.5822594258692628,1.1881743972383174,-0.5142074599231072,0.49256322564259797,-0.47032513826416866,0.0,1.282775394421357,-1.0477307417736565,-1.509474646981232,-0.638325571740905,1.191408137297947,1.6215115856271138,1.5505045302248242,0.0,1.0,0
0.45451889229944925,-1.3037883532684054,0.47110061600664116,-0.5907554311871154,0.33864543216428655,0.0,-1.4711927123961197,0.9228318482030725,0.4956390393367183,-0.638325571740905,-1.3607547809348528,-1.0487421576863714,-0.7367584190209615,1.0,0.0,1
-0.41697592587135224,0.09520827859501796,-1.016087228936013,0.2293269165064044,-1.0147267171059595,0.0,-0.5532033434569608,-0.12040717001990163,0.9969174609162059,1.5665986829772471,-0.6163739297836195,-1.0487421576863714,1.7707866762196027,1.0,0.0,0
-0.5522078804150974,0.9258625287639255,1.0348696641334243,-1.03623226203298,0.7089087667726386,0.0,0.8237807099517775,-0.35223806295834037,0.4956390393367183,-0.638325571740905,0.7660476509258137,0.2863847139703712,0.2875535598547596,0.0,1.0,1
-0.4062432310662931,-0.6917273268281576,0.5316829165553808,0.09770876193830944,0.03628087035095556,0.0,1.282775394421357,-0.5840689558967791,0.4956390393367183,-0.638325571740905,1.191408137297947,1.6215115856271138,1.0879120236357893,0.0,1.0,1
0.9417832364491341,0.7509879497809976,0.4553399921329213,-0.2768967549093494,1.0567006966468666,0.0,0.8237807099517775,-0.6999844023659983,-1.0081962254017445,-0.638325571740905,0.7660476509258137,0.2863847139703712,-0.5568613331252256,1.0,0.0,0
-0.6831467570368187,0.8384252392724616,-1.9586494176765497,-1.0666056823179229,-1.742776002561937,0.0,-1.4711927123961197,0.5750855087954145,-1.0081962254017445,-0.638325571740905,-1.3607547809348528,-1.0487421576863714,1.3926356589285664,1.0,0.0,0
-0.6638279063877123,1.0570184630011215,-0.9047634076231014,-2.149924339147636,-0.8531264264573282,0.0,-0.5532033434569608,0.11142372291853707,-1.509474646981232,-0.638325571740905,-0.5100338081905862,-1.0487421576863714,1.80382899811882,0.0,1.0,0
-0.6831467570368187,-0.42941545835376577,-1.0088604062817217,-0.0440338660581022,-1.27554037959959,0.0,-0.09420865898738136,0.9228318482030725,-0.005639382242769227,-0.638325571740905,0.02166679977458048,0.2863847139703712,1.4036497662283047,0.0,1.0,0
-0.3053558998987373,-1.0414764847940134,0.9238533671887802,0.13820665565156887,0.32465380280153056,0.0,-0.09420865898738136,0.6910009552646338,-1.0081962254017445,-0.638325571740905,0.02166679977458048,0.2863847139703712,-0.49811942752661775,1.0,0.0,1
-0.030598912889223482,1.0132998182553896,-0.163399036821715,0.9582890033450923,0.07861917738371199,0.0,-0.09420865898738136,-1.3954770811813144,0.4956390393367183,-0.638325571740905,-0.2973535650045195,0.2863847139703712,-1.3902621188054718,1.0,0.0,0
0.8387493663205662,-0.3856968136080338,-1.0549121804298116,0.8266708487769937,-0.4432504268998741,0.0,0.8237807099517775,1.2705781876107307,0.4956390393367183,-0.638325571740905,0.9787278941118804,0.2863847139703712,-0.9129841358167846,1.0,0.0,0
-0.3075024388597491,1.6690794894413692,1.110751302003482,0.8772932159185698,1.0715403035467597,0.0,-0.09420865898738136,0.5750855087954145,-1.509474646981232,-0.638325571740905,0.02166679977458048,0.2863847139703712,1.3375651224298717,1.0,0.0,0
-0.17012394535499217,-0.3856968136080338,-0.5842461347960787,0.30019823050461025,-0.6417983102380351,0.0,1.7417700788909365,-0.004491723550682283,0.9969174609162059,1.5665986829772471,1.7231087452631138,1.6215115856271138,-1.1112380672120854,1.0,0.0,0
-0.6488021336606294,0.6635506602895337,0.5308372245426445,0.5533100662124871,0.19915312730529228,0.0,1.282775394421357,-0.35223806295834037,1.4981958824956936,1.5665986829772471,1.191408137297947,1.6215115856271138,-1.1222521745118244,0.0,1.0,0
-0.2581320427564771,0.4449574365608738,1.2073139536395436,-0.9349875277498279,0.9041253097863338,0.0,-0.09420865898738136,-0.6999844023659983,-0.005639382242769227,-0.638325571740905,-0.19101344341148618,0.2863847139703712,-0.4100065691287066,1.0,0.0,0
-0.5844059648302747,1.7127981341871013,1.5472821427594987,1.7479979307536657,1.2688767904032967,0.0,-0.09420865898738136,-0.23632261648912098,-1.509474646981232,-0.638325571740905,-0.08467332181845284,0.2863847139703712,1.4403634572274349,1.0,0.0,1
-0.6273367440505112,0.27008285757794587,0.9260829188587208,-2.089177498577747,0.4354360110460381,0.0,-1.4711927123961197,-0.8158998488352177,-0.005639382242769227,-0.638325571740905,-1.5734350241209194,-1.0487421576863714,-0.9827401487151312,0.0,1.0,1
1.2895225481330497,-1.2163510637769415,1.143963933776395,-1.0868546291745524,1.3593681075806041,0.0,-0.09420865898738136,-0.4681535094275597,0.9969174609162059,1.5665986829772471,-0.19101344341148618,0.2863847139703712,-1.4857177154032093,1.0,0.0,0
-0.6273367440505112,0.09520827859501796,0.8493555889759271,-0.5401330640455393,0.3362226392010387,0.0,1.282775394421357,0.6910009552646338,-1.0081962254017445,-0.638325571740905,1.4040883804840139,1.6215115856271138,-1.5261027755022518,0.0,1.0,0
-0.5844059648302747,0.6198320155438017,0.20647589711227549,-0.8843651606082518,-0.029740237897548222,0.0,-1.0121980279265403,-1.5113925276505338,-1.509474646981232,-0.638325571740905,-1.1480745377487862,-1.0487421576863714,1.0732265472361366,0.0,1.0,0
-0.6144575102844403,1.6690794894413692,-1.2054453586968565,0.8367953222053104,-0.9264764834196569,0.0,0.8237807099517775,-1.163646188242876,0.4956390393367183,-0.638325571740905,0.6597075293327804,0.2863847139703712,-0.4871053202268791,1.0,0.0,0
-0.03489199081124714,-0.3419781688623018,-1.1763843058955576,-1.0058588417480336,-1.0222979451161092,0.0,1.282775394421357,-0.35223806295834037,1.4981958824956936,1.5665986829772471,1.191408137297947,1.6215115856271138,-0.8909559212173065,1.0,0.0,1
0.8730939896967556,0.4886760813066058,1.2517512248542277,1.4442637279042163,1.5872317857740639,0.0,0.3647860254821981,0.9228318482030725,0.9969174609162059,1.5665986829772471,0.4470272861467138,0.2863847139703712,1.1466539292343967,1.0,0.0,0
-0.6208971271674758,1.3193303314755134,1.122360346905588,1.3025210999078047,0.8262930858419968,0.0,0.3647860254821981,0.22733916938775642,1.4981958824956936,1.5665986829772471,0.3406871645536805,0.2863847139703712,-1.346205689606516,1.0,0.0,0
-0.34399360119695016,-0.2108222346251059,0.6810628784414214,-0.4388883297623907,0.2957014268907187,0.0,-0.5532033434569608,-1.2795616347120953,-0.5069178038222568,-0.638325571740905,-0.7227140513766528,-1.0487421576863714,1.6643169723221263,1.0,0.0,1
-0.6702675232707478,-0.3419781688623018,1.1534971891926942,-1.2589706774559106,0.4546972151038585,0.0,-0.5532033434569608,0.8069164017338532,1.4981958824956936,1.5665986829772471,-0.5100338081905862,-1.0487421576863714,1.1282970837348314,0.0,1.0,0
0.5596993013890288,1.5379235552041732,-0.9094531542391838,-1.0666056823179229,-0.059722300817740305,0.0,-1.4711927123961197,-0.35223806295834037,-1.509474646981232,-0.638325571740905,-1.467094902527886,-1.0487421576863714,-0.8799418139175678,1.0,0.0,1
-0.5672336531421801,-0.29825952411656986,-1.059909451414162,-0.995734368319717,-1.2212698172228384,0.0,-0.09420865898738136,-0.6999844023659983,-0.005639382242769227,-0.638325571740905,-0.19101344341148618,0.2863847139703712,-0.6963733589219187,0.0,1.0,1
-0.5994317375573575,0.6635506602895337,-0.7612264087341467,-0.6211288514720618,-0.7909212171259399,0.0,0.3647860254821981,0.11142372291853707,0.9969174609162059,1.5665986829772471,0.3406871645536805,0.2863847139703712,-0.4467202601278362,0.0,1.0,0
0.6605866325565846,0.8384252392724616,0.16449882084373255,-0.9046141074648815,0.688254456760951,0.0,1.282775394421357,1.3864936340799499,-1.509474646981232,-0.638325571740905,1.5104285020770472,1.6215115856271138,0.5078357058495383,1.0,0.0,1
0.7850858922952705,0.4886760813066058,-1.1557801732216209,1.7479979307536657,-0.35917951107517376,0.0,0.8237807099517775,0.22733916938775642,-0.5069178038222568,-0.638325571740905,0.8723877725188471,0.2863847139703712,1.297180062330829,1.0,0.0,0
-0.4684928609356361,-1.2600697085226733,0.926006037766654,-1.3095930445974866,0.18582776600742915,0.0,-0.5532033434569608,0.34325461585697575,-0.5069178038222568,-0.638325571740905,-0.5100338081905862,-1.0487421576863714,1.5725327448243023,0.0,1.0,1
-0.6380694388555704,-1.3037883532684054,0.2744387824994396,0.36094507107450297,-0.4328929869819893,0.0,-1.0121980279265403,-1.5113925276505338,-1.509474646981232,-0.638325571740905,-1.1480745377487862,-1.0487421576863714,-1.0488247925135648,1.0,0.0,0
-0.6251902050894994,-1.0414764847940134,1.2043155910489332,-0.45913727661902043,0.36511444528776965,0.0,1.282775394421357,1.1546627411415114,0.9969174609162059,1.5665986829772471,1.4040883804840139,1.6215115856271138,0.5592348732483199,1.0,0.0,0
-0.42556208171539955,-1.6535375112342612,-0.8186565845081418,-0.9147385808931981,-1.2516758689115988,0.0,0.8237807099517775,-1.2795616347120953,-0.005639382242769227,-0.638325571740905,0.6597075293327804,0.2863847139703712,1.6349460195228225,1.0,0.0,0
-0.24095973106838248,1.1444557524925854,-0.05714936758522063,-0.8843651606082518,0.07268333462375465,0.0,-0.09420865898738136,1.3864936340799499,-1.509474646981232,-0.638325571740905,0.1280069213676138,0.2863847139703712,-0.9607119341156534,1.0,0.0,0
0.6520004767125372,-1.5661002217427973,-0.21175724373181262,1.5252595153307353,-0.1460343001334448,0.0,0.8237807099517775,-0.4681535094275597,-0.005639382242769227,-0.638325571740905,0.7660476509258137,0.2863847139703712,-0.9643833032155662,1.0,0.0,0
1.1650232883943639,-1.2163510637769415,0.40321461171154394,0.02683744794010362,0.7055168566240919,0.0,0.3647860254821981,1.038747294672292,1.4981958824956936,1.5665986829772471,0.4470272861467138,0.2863847139703712,-1.4049475952051236,1.0,0.0,0
0.018771483214048524,-0.6917273268281576,-0.6950317884645218,0.6343058536390096,-0.6903147393270731,0.0,0.3647860254821981,-1.163646188242876,-1.0081962254017445,-0.638325571740905,0.23434704296064715,0.2863847139703712,0.9483999978390955,1.0,0.0,0
0.6863451000887265,1.1881743972383174,1.2665123945310781,0.5634345396408038,1.6485284477442343,0.0,-1.4711927123961197,0.4591700623261951,-1.509474646981232,-0.638325571740905,-1.3607547809348528,-1.0487421576863714,-0.8101858010192212,1.0,0.0,0
-0.004840445357081541,1.0132998182553896,1.3075668976948174,0.8266708487769937,1.2520383793087242,0.0,1.7417700788909365,-1.6273079741197531,0.9969174609162059,1.5665986829772471,1.5104285020770472,1.6215115856271138,-0.832214015618699,1.0,0.0,0
-0.4277086206764114,0.7509879497809976,1.1923990217785596,-0.4186393829057574,0.8645126448372318,0.0,1.282775394421357,1.8501554199568273,0.4956390393367183,-0.638325571740905,1.5104285020770472,1.6215115856271138,1.3302223842300454,0.0,1.0,0
-0.10143469860261377,-1.2600697085226733,1.5795722014276086,0.7254261144938451,0.9078806388793679,0.0,-1.0121980279265403,-0.5840689558967791,-1.0081962254017445,-0.638325571740905,-1.041734416155753,-1.0487421576863714,0.13702742675832746,1.0,0.0,1
-0.48995825054575437,-1.1289137742854773,-1.6305977978269681,0.4419408585010219,-1.8114016132459323,0.0,-0.09420865898738136,1.3864936340799499,-1.509474646981232,-0.638325571740905,0.1280069213676138,0.2863847139703712,1.1503252983343095,1.0,0.0,1
-0.2473993479514179,-0.5168527478452297,-0.7425443033618834,-0.15540307376956747,-0.839195366918653,0.0,1.282775394421357,1.8501554199568273,0.4956390393367183,-0.638325571740905,1.5104285020770472,1.6215115856271138,1.4330207190276092,1.0,0.0,1
-0.5500613414540855,-0.7354459715738897,0.617559096394139,-1.9271859237247058,0.013082627727857331,0.0,-0.5532033434569608,0.4591700623261951,-0.005639382242769227,-0.638325571740905,-0.5100338081905862,-1.0487421576863714,-0.11262567203575499,0.0,1.0,1
-0.6831467570368187,0.8821438840181935,-1.214440446468687,0.3811940179311327,-1.1467689336029672,0.0,1.282775394421357,-0.35223806295834037,1.4981958824956936,1.5665986829772471,1.191408137297947,1.6215115856271138,1.3522505988295235,0.0,1.0,1
-0.6767071401537833,-0.29825952411656986,0.3838405765106782,-1.3197175180257996,-0.14561031136487654,0.0,0.8237807099517775,1.038747294672292,-0.5069178038222568,-0.638325571740905,0.9787278941118804,0.2863847139703712,0.6400049934464055,0.0,1.0,1
1.4633922039750078,-0.9103205505568176,-0.573098376446374,1.5556329356156817,0.17256297453364686,0.0,-0.5532033434569608,0.22733916938775642,-1.0081962254017445,-0.638325571740905,-0.5100338081905862,-1.0487421576863714,1.1723535129337876,1.0,0.0,0
-0.38048476353415117,1.5816421999499053,-0.18123545018124224,0.796297428492051,-0.006905414218937391,0.0,-0.09420865898738136,-1.163646188242876,1.4981958824956936,1.5665986829772471,-0.2973535650045195,0.2863847139703712,-1.500403191802861,1.0,0.0,0
0.9568090091762165,0.27008285757794587,1.0799219840846437,-0.37814148919249796,1.4506468324709667,0.0,0.8237807099517775,-0.5840689558967791,-0.5069178038222568,-0.638325571740905,0.7660476509258137,0.2863847139703712,0.7281178518443171,1.0,0.0,1
-0.6037248154793812,-1.1726324190312094,1.6441523187638283,0.006588501083473899,0.6946748581135574,0.0,-1.0121980279265403,1.5024090805491692,0.9969174609162059,1.5665986829772471,-0.8290541729696862,-1.0487421576863714,-0.4320347837281844,1.0,0.0,0
0.8473355221646135,0.6198320155438017,-0.5782494096148583,0.6950526942088987,0.16002502094883936,0.0,-0.09420865898738136,-0.6999844023659983,-0.005639382242769227,-0.638325571740905,-0.19101344341148618,0.2863847139703712,1.1539966674342224,1.0,0.0,0
-0.36975206872909205,-0.5168527478452297,-1.945425869841038,-2.038555131436171,-1.8559204339456115,0.0,-1.0121980279265403,-0.6999844023659983,-1.509474646981232,-0.638325571740905,-1.041734416155753,-1.0487421576863714,-0.5935750241243553,0.0,1.0,0
-0.6294832830115231,0.7072693050352656,-0.3946573617590344,-0.10478070662799135,-0.5093926747965402,0.0,1.282775394421357,-1.6273079741197531,-0.5069178038222568,-0.638325571740905,1.0850680157049137,1.6215115856271138,0.19944070145684806,0.0,1.0,0
-0.29676974405469003,-1.4349442875056013,0.42435691202994913,-0.2870212283376624,-0.15124330500442731,0.0,-0.5532033434569608,1.5024090805491692,0.9969174609162059,1.5665986829772471,-0.40369368659755284,-1.0487421576863714,0.09297099755937187,1.0,0.0,0
-0.5414751856100382,-0.9103205505568176,-0.7234009114372183,0.34069612421787326,-1.0772953453818352,0.0,-1.4711927123961197,1.6183245270183886,-0.005639382242769227,-0.638325571740905,-1.2544146593418195,-1.0487421576863714,-1.2030222947099096,1.0,0.0,1
0.31499385983368067,1.5379235552041732,-1.8207247385084808,1.0797826844848706,-0.915755624557285,0.0,-0.5532033434569608,-1.5113925276505338,-1.509474646981232,-0.638325571740905,-0.7227140513766528,-1.0487421576863714,-0.5531899640253124,1.0,0.0,1
-0.5221563349609317,-1.3037883532684054,-0.7615339331024146,0.20907796964977468,-1.1836559564684157,0.0,-0.09420865898738136,0.11142372291853707,-0.005639382242769227,-0.638325571740905,-0.08467332181845284,0.2863847139703712,1.7340729852204728,0.0,1.0,0
-0.6080178934014048,-1.740974800725725,0.11575620847330041,-2.0689285517211173,-0.6378612716727574,0.0,-1.4711927123961197,1.5024090805491692,-0.5069178038222568,-0.638325571740905,-1.2544146593418195,-1.0487421576863714,-0.7184015735213964,0.0,1.0,1
0.357924639053917,0.5761133707980697,-0.17631506028895896,-0.13515412691293774,0.1907944915820871,0.0,-0.5532033434569608,1.1546627411415114,-0.5069178038222568,-0.638325571740905,-0.40369368659755284,-1.0487421576863714,-0.2888513888315781,1.0,0.0,0
-0.48351863366271886,-1.0851951295397455,-1.2813269965669143,0.9177911096318293,-1.522907541147195,0.0,-1.0121980279265403,-0.12040717001990163,0.9969174609162059,1.5665986829772471,-1.041734416155753,-1.0487421576863714,-0.10161156473601629,1.0,0.0,0
-0.5328890297659908,-1.3037883532684054,-1.6881048546930302,-0.7426225326118401,-1.9197004587031108,0.0,0.3647860254821981,0.5750855087954145,-0.5069178038222568,-0.638325571740905,0.4470272861467138,0.2863847139703712,0.5408780277487553,0.0,1.0,0
-0.6144575102844403,-1.3475069980141374,0.3843018630630798,-1.2387217305992808,-0.3427045189250885,0.0,1.282775394421357,-0.6999844023659983,-0.005639382242769227,-0.638325571740905,1.191408137297947,1.6215115856271138,0.889658092240488,0.0,1.0,0
-0.47278593885765974,-0.47313410309949777,0.7395693895043537,0.7456750613504749,0.21096424300112554,0.0,0.3647860254821981,1.8501554199568273,1.4981958824956936,1.5665986829772471,0.5533674077397471,0.2863847139703712,1.297180062330829,0.0,1.0,0
0.3536315611318935,1.5816421999499053,0.3560096211824503,-0.995734368319717,0.8306541131758428,0.0,-0.5532033434569608,-0.6999844023659983,-1.509474646981232,-0.638325571740905,-0.6163739297836195,-1.0487421576863714,-0.16769620853444966,1.0,0.0,0
-0.4191224648323641,-1.2163510637769415,1.2725091197122982,-1.1982238368860214,0.49636925407172156,0.0,-1.0121980279265403,0.34325461585697575,-0.5069178038222568,-0.638325571740905,-0.9353942945627195,-1.0487421576863714,-0.6302887151234853,0.0,1.0,0
0.321433476716716,-0.2108222346251059,1.1467316530908045,0.6444303270673226,1.0381057606539394,0.0,-0.5532033434569608,-1.0477307417736565,0.4956390393367183,-0.638325571740905,-0.7227140513766528,-1.0487421576863714,-0.8689277066178287,1.0,0.0,1
0.033797255941131275,0.4886760813066058,0.6650716112915005,1.4442637279042163,0.6513674338955022,0.0,-0.09420865898738136,-0.9318152953044371,-1.0081962254017445,-0.638325571740905,-0.19101344341148618,0.2863847139703712,-0.450391629227749,1.0,0.0,0
1.396849496183641,0.4449574365608738,-0.00802234975445377,0.19895349622146163,0.8806242180428296,0.0,0.3647860254821981,0.9228318482030725,0.9969174609162059,1.5665986829772471,0.4470272861467138,0.2863847139703712,1.223752680332569,1.0,0.0,0
-0.6402159778165821,1.5379235552041732,0.8708054136625997,-2.0183061845795414,0.6656619123786648,0.0,-1.0121980279265403,0.22733916938775642,-1.0081962254017445,-0.638325571740905,-0.9353942945627195,-1.0487421576863714,1.256795002231786,0.0,1.0,0
-0.5951386596353339,0.27008285757794587,0.5640498563155574,-2.1397998657193233,0.16838365667204455,0.0,0.8237807099517775,0.4591700623261951,0.4956390393367183,-0.638325571740905,0.8723877725188471,0.2863847139703712,-0.1970671613337538,0.0,1.0,0
-0.6767071401537833,-1.6535375112342612,1.21115800824289,-0.2971457017659791,0.20575523813014243,0.0,0.8237807099517775,1.038747294672292,-0.5069178038222568,-0.638325571740905,0.9787278941118804,0.2863847139703712,-1.1222521745118244,0.0,1.0,1
1.7252699572184504,0.0077709891035539986,0.4233574578330791,1.8188692447518715,1.3089134441209676,0.0,-1.0121980279265403,0.4591700623261951,-0.005639382242769227,-0.638325571740905,-0.9353942945627195,-1.0487421576863714,0.9777709506383999,1.0,0.0,1
-0.21090818561421687,0.9258625287639255,0.31995238900306106,-0.7527470060401568,0.33828201321979967,0.0,-1.4711927123961197,-0.35223806295834037,-1.509474646981232,-0.638325571740905,-1.467094902527886,-1.0487421576863714,-1.5775019429010335,1.0,0.0,1
-0.4878117115847425,1.2756116867297813,-0.356678102277972,0.12808218222325582,-0.27353377982436267,0.0,-1.0121980279265403,1.038747294672292,-1.0081962254017445,-0.638325571740905,-0.8290541729696862,-1.0487421576863714,1.6239319122230835,0.0,1.0,0
3.060417190967806,-1.4786629322513334,1.3593847537479269,0.2698248102196674,2.470339820877903,0.0,0.3647860254821981,1.734239973487608,0.9969174609162059,1.5665986829772471,0.5533674077397471,0.2863847139703712,0.6803900535454483,1.0,0.0,0
-0.6273367440505112,-1.0851951295397455,0.5552854118199276,0.4621898053576516,-0.1571185779403038,0.0,-0.09420865898738136,-0.5840689558967791,0.4956390393367183,-0.638325571740905,-0.19101344341148618,0.2863847139703712,-0.6229459769236589,1.0,0.0,1
-0.6788536791147951,-1.3912256427598693,-0.5567227038361184,0.6849282207805857,-1.1301122319806383,0.0,-0.09420865898738136,-1.163646188242876,1.4981958824956936,1.5665986829772471,-0.2973535650045195,0.2863847139703712,1.5174622083256075,1.0,0.0,0
1.0791617299538907,-1.6098188664885291,-0.039389835317760254,1.2114008390529691,0.22113997344676603,0.0,0.3647860254821981,0.8069164017338532,0.4956390393367183,-0.638325571740905,0.4470272861467138,0.2863847139703712,-0.5458472258254865,1.0,0.0,1
-0.4641997830136124,-1.2600697085226733,0.1478156238652095,0.34069612421787326,-0.4248372003791907,0.0,-0.09420865898738136,-0.35223806295834037,1.4981958824956936,1.5665986829772471,-0.19101344341148618,0.2863847139703712,-1.3021492604075602,0.0,1.0,0
-0.6767071401537833,-0.5605713925909617,-0.5624119046490711,-0.23639886119608633,-0.9492507372741866,0.0,-0.09420865898738136,-1.3954770811813144,0.4956390393367183,-0.638325571740905,-0.2973535650045195,0.2863847139703712,-0.6633310370227018,0.0,1.0,0
-0.47063939989664794,-1.6535375112342612,1.6928949311342603,-0.7122491123268974,0.7015798180588142,0.0,-1.4711927123961197,0.22733916938775642,0.9969174609162059,1.5665986829772471,-1.467094902527886,-1.0487421576863714,1.1356398219346577,0.0,1.0,1
-0.6294832830115231,0.31380150232367787,0.578349739440006,-1.8866880300114461,0.16995847209815532,0.0,-1.4711927123961197,-0.12040717001990163,-0.5069178038222568,-0.638325571740905,-1.467094902527886,-1.0487421576863714,1.3926356589285664,0.0,1.0,0
-0.26027858171748885,1.2318930419840495,0.7024358220360276,0.2597003367913508,0.6795929719173399,0.0,-0.09420865898738136,0.5750855087954145,-1.509474646981232,-0.638325571740905,0.02166679977458048,0.2863847139703712,-1.2617642003085174,1.0,0.0,1
-0.4083897700273049,-1.3912256427598693,1.444876528126351,-1.2083483103143344,0.5994590946579172,0.0,-0.09420865898738136,0.8069164017338532,-0.5069178038222568,-0.638325571740905,0.02166679977458048,0.2863847139703712,-0.7184015735213964,0.0,1.0,1
-0.6080178934014048,0.8384252392724616,-0.11281127824167654,-1.4614601460222114,-0.2461562193396621,0.0,-0.5532033434569608,-0.8158998488352177,1.4981958824956936,1.5665986829772471,-0.7227140513766528,-1.0487421576863714,-0.43937752192801033,0.0,1.0,0
0.3557781000929052,0.4012387918151418,-1.822954290178422,1.2620232061945453,-1.1464660844825612,0.0,-1.0121980279265403,-0.23632261648912098,0.4956390393367183,-0.638325571740905,-1.041734416155753,-1.0487421576863714,0.2655253452552818,1.0,0.0,0
0.692784716971762,0.6635506602895337,-1.4496197071014199,1.4037658341909534,-0.6040027400113684,0.0,0.3647860254821981,0.5750855087954145,-0.5069178038222568,-0.638325571740905,0.4470272861467138,0.2863847139703712,-0.0905974574362772,1.0,0.0,0
-0.6745606011927714,0.6635506602895337,-1.9375839984502115,0.1787045493648319,-1.7600989722491591,0.0,-0.09420865898738136,0.5750855087954145,-1.509474646981232,-0.638325571740905,0.02166679977458048,0.2863847139703712,0.5996199333473627,1.0,0.0,1
-0.3654589908070684,0.3575201470694098,0.2562948447716445,1.1202805781981338,0.0749244181147588,0.0,-1.4711927123961197,0.6910009552646338,-0.5069178038222568,-0.638325571740905,-1.3607547809348528,-1.0487421576863714,0.40136600195206174,1.0,0.0,1
0.7464481909970577,1.3630489762212454,0.24983683303802273,0.4520653319293385,0.9202368829919322,0.0,0.3647860254821981,-0.9318152953044371,-0.005639382242769227,-0.638325571740905,0.23434704296064715,0.2863847139703712,0.43073695475136586,1.0,0.0,1
1.0941875026809735,0.4886760813066058,-1.6071490647465552,0.4318163850727088,-0.5403438549020316,0.0,1.7417700788909365,-1.163646188242876,-0.5069178038222568,-0.638325571740905,1.6167686236700805,1.6215115856271138,-1.4857177154032093,1.0,0.0,0
-0.05206430249934176,0.8384252392724616,1.1138265456861591,0.8165463753486807,1.0339870126164181,0.0,0.3647860254821981,0.4591700623261951,-1.0081962254017445,-0.638325571740905,0.4470272861467138,0.2863847139703712,1.462391671826913,1.0,0.0,0
-0.030598912889223482,1.5379235552041732,0.9434580456658466,-0.4388883297623907,1.0669369969165892,0.0,1.7417700788909365,-1.0477307417736565,-0.005639382242769227,-0.638325571740905,1.6167686236700805,1.6215115856271138,0.041571830160589955,1.0,0.0,0
0.682052022166703,1.2318930419840495,-1.931433511084857,-0.6110043780437452,-0.8636655758474564,0.0,1.282775394421357,-1.2795616347120953,0.9969174609162059,1.5665986829772471,1.0850680157049137,1.6215115856271138,-1.0781957453128685,1.0,0.0,0
-0.0585039193823772,1.2318930419840495,1.2907299385321602,-0.6616267451853213,1.2569445350593014,0.0,-1.4711927123961197,0.4591700623261951,-1.509474646981232,-0.638325571740905,-1.3607547809348528,-1.0487421576863714,-0.18972442313392787,1.0,0.0,0
-0.1486585557448739,1.4067676209669773,-0.6368328017698575,0.3305716507895566,-0.2737760591206872,0.0,1.282775394421357,0.4591700623261951,1.4981958824956936,1.5665986829772471,1.2977482588909803,1.6215115856271138,0.7428033282439689,1.0,0.0,0
-0.5436217245710501,-1.6098188664885291,-1.8049641146347608,-0.3173946486226088,-2.0856617766855883,0.0,-1.4711927123961197,-0.5840689558967791,0.9969174609162059,1.5665986829772471,-1.5734350241209194,-1.0487421576863714,-0.2080812686334925,1.0,0.0,1
-0.6788536791147951,0.051489633849285975,-1.4380875432913807,0.8266708487769937,-1.5046760240987551,0.0,0.8237807099517775,0.8069164017338532,-1.509474646981232,-0.638325571740905,0.9787278941118804,0.2863847139703712,-1.2544214621086913,0.0,1.0,0
-0.6445090557386058,-0.03594765564217798,-1.0156259423836114,0.7557995347787915,-1.1718448407725823,0.0,-0.09420865898738136,-0.12040717001990163,-1.0081962254017445,-0.638325571740905,-0.08467332181845284,0.2863847139703712,1.627603281322997,1.0,0.0,0
-0.6530952115826532,0.7072693050352656,0.03603051599989609,-0.6413777983286915,-0.1834058815915427,0.0,-0.5532033434569608,0.11142372291853707,-1.509474646981232,-0.638325571740905,-0.5100338081905862,-1.0487421576863714,0.41605147835171363,1.0,0.0,0
-0.5994317375573575,0.6635506602895337,-1.2198221229133719,-0.9451120011781445,-1.1522202177702747,0.0,1.282775394421357,-1.163646188242876,1.4981958824956936,1.5665986829772471,1.0850680157049137,1.6215115856271138,-0.3696215090296638,0.0,1.0,0
-0.5092771011948608,1.3630489762212454,1.4342669374211148,-1.1071035760311858,1.1447086510368447,0.0,-1.4711927123961197,-0.12040717001990163,-0.5069178038222568,-0.638325571740905,-1.467094902527886,-1.0487421576863714,-1.507745930002687,0.0,1.0,0
2.364938567599975,0.13892692334074994,-0.7319347126566471,0.34069612421787326,0.7888003647357366,0.0,-0.5532033434569608,1.734239973487608,-1.509474646981232,-0.638325571740905,-0.2973535650045195,-1.0487421576863714,-0.08325471923645127,1.0,0.0,0
0.040236872824166804,-0.03594765564217798,-1.396110467022838,1.2012763656246526,-1.0851694225123907,0.0,0.3647860254821981,1.8501554199568273,1.4981958824956936,1.5665986829772471,0.5533674077397471,0.2863847139703712,0.9116863068399661,1.0,0.0,0
0.2720630806134441,-0.5168527478452297,0.9078621000388589,0.07745981508167972,0.7542149951853734,0.0,-1.4711927123961197,-0.23632261648912098,-1.0081962254017445,-0.638325571740905,-1.467094902527886,-1.0487421576863714,-0.1860530540340147,1.0,0.0,0
-0.6573882895046768,1.1881743972383174,-0.21137283827147813,-2.1195509188626933,-0.2741394780651746,0.0,0.8237807099517775,1.734239973487608,-1.0081962254017445,-0.638325571740905,1.0850680157049137,0.2863847139703712,0.5078357058495383,0.0,1.0,0
-0.6337763609335467,0.7509879497809976,1.1531896648244262,0.796297428492051,0.7173279723199252,0.0,-0.09420865898738136,-0.6999844023659983,-0.005639382242769227,-0.638325571740905,-0.19101344341148618,0.2863847139703712,0.2471684997557168,1.0,0.0,0
-0.2280804973023115,0.9695811735096576,0.3267179251049507,0.5634345396408038,0.34361215773894505,0.0,-1.4711927123961197,-0.6999844023659983,0.4956390393367183,-0.638325571740905,-1.5734350241209194,-1.0487421576863714,-1.357219796906255,1.0,0.0,0
0.2720630806134441,-1.740974800725725,1.0599329001472426,-0.9856098948914039,0.6026692953342208,0.0,1.7417700788909365,-0.004491723550682283,0.9969174609162059,1.5665986829772471,1.7231087452631138,1.6215115856271138,-0.4724198438272272,1.0,0.0,0
-0.4212690037933759,-0.03594765564217798,-1.92835826740218,-1.177974890029388,-1.7649445581756549,0.0,-1.0121980279265403,-0.12040717001990163,0.9969174609162059,1.5665986829772471,-1.041734416155753,-1.0487421576863714,1.3632647061292626,1.0,0.0,0
-0.40409669210528126,-0.7354459715738897,-1.9448108211045028,1.5961308293289411,-1.9232740783239015,0.0,0.3647860254821981,-0.9318152953044371,-0.005639382242769227,-0.638325571740905,0.23434704296064715,0.2863847139703712,-0.2374522214327962,1.0,0.0,0
-0.5457682635320618,-0.6480086820824257,-0.8012045766089494,-0.2768967549093494,-1.0828677691973052,0.0,0.3647860254821981,-1.3954770811813144,1.4981958824956936,1.5665986829772471,0.1280069213676138,0.2863847139703712,-0.11262567203575499,0.0,1.0,0
0.025211100097083963,-1.0851951295397455,-1.2557255929086273,1.3733924139060105,-1.215636823583287,0.0,1.282775394421357,0.9228318482030725,-0.005639382242769227,-0.638325571740905,1.4040883804840139,1.6215115856271138,1.612917804923345,1.0,0.0,0
-0.668120984309736,0.9695811735096576,-1.3179223963907722,-1.289344097740857,-1.2004337977389068,0.0,1.7417700788909365,-1.6273079741197531,0.9969174609162059,1.5665986829772471,1.5104285020770472,1.6215115856271138,1.5358190538251724,0.0,1.0,0
2.291956242925573,0.8821438840181935,0.33678934816571826,0.7659240082071046,1.7543439304140838,0.0,-1.4711927123961197,0.4591700623261951,-1.509474646981232,-0.638325571740905,-1.3607547809348528,-1.0487421576863714,-1.522431406402339,1.0,0.0,0
0.29782154814558603,-1.3037883532684054,-0.6388317101635975,-1.1071035760311858,-0.6242330612544882,0.0,-0.09420865898738136,-1.5113925276505338,-0.005639382242769227,-0.638325571740905,-0.2973535650045195,0.2863847139703712,0.3316099890537152,1.0,0.0,0
-0.5028374843118253,-1.3912256427598693,1.4246568009127487,-1.9271859237247058,0.53022778573311,0.0,1.282775394421357,-0.8158998488352177,-0.5069178038222568,-0.638325571740905,1.191408137297947,1.6215115856271138,-0.9717260414153921,0.0,1.0,1
-0.40409669210528126,-0.47313410309949777,0.7551762511939403,-0.15540307376956747,0.2620246047015734,0.0,0.8237807099517775,0.5750855087954145,0.9969174609162059,1.5665986829772471,0.8723877725188471,0.2863847139703712,0.838258924841706,1.0,0.0,0
-0.580112886908251,-0.6042900373366937,0.499239095703137,-1.5019580397354708,-0.06802036671686407,0.0,0.3647860254821981,1.3864936340799499,-0.5069178038222568,-0.638325571740905,0.5533674077397471,0.2863847139703712,-0.9643833032155662,0.0,1.0,0
0.45666543126046105,1.4504862657127093,0.40167698987020545,-0.8539917403233089,0.8957061042390477,0.0,-1.0121980279265403,-0.9318152953044371,0.9969174609162059,1.5665986829772471,-1.1480745377487862,-1.0487421576863714,-0.5642040713250516,1.0,0.0,0
0.840895905281578,1.6690794894413692,-0.15194375410374267,0.8671687424902568,0.7248386305059933,0.0,-0.5532033434569608,-1.163646188242876,-0.005639382242769227,-0.638325571740905,-0.7227140513766528,-1.0487421576863714,0.3462954654533671,1.0,0.0,1
-0.4341482375594468,0.4012387918151418,-0.9899476576332573,0.8570442690619401,-0.9359859458004046,0.0,0.8237807099517775,-0.5840689558967791,-0.5069178038222568,-0.638325571740905,0.7660476509258137,0.2863847139703712,-0.9019700285170456,1.0,0.0,0
2.5023170611047316,1.4942049104584412,0.3497822527250291,1.2721476796228584,2.01897349182483,0.0,-1.0121980279265403,0.8069164017338532,1.4981958824956936,1.5665986829772471,-0.9353942945627195,-1.0487421576863714,0.6546904698460574,1.0,0.0,1
-0.4341482375594468,0.4886760813066058,0.623863345943627,-0.6515022717570046,0.35481757519396634,0.0,1.7417700788909365,-1.6273079741197531,0.9969174609162059,1.5665986829772471,1.5104285020770472,1.6215115856271138,-1.3682339042059937,0.0,1.0,0
-0.530742490804979,0.7509879497809976,0.3557020968141824,-0.4388883297623907,0.1471842182436259,0.0,1.282775394421357,-0.5840689558967791,0.4956390393367183,-0.638325571740905,1.191408137297947,1.6215115856271138,0.33528135815362836,0.0,1.0,1
0.4502258143774257,0.6635506602895337,1.0946831537614938,-0.3376435954792385,1.2636072157082328,0.0,-0.09420865898738136,0.9228318482030725,-0.005639382242769227,-0.638325571740905,0.02166679977458048,0.2863847139703712,-1.382919380605646,1.0,0.0,0
-0.5393286466490264,0.9258625287639255,-0.6261463299725544,-0.7527470060401568,-0.5924339036118602,0.0,-0.5532033434569608,0.9228318482030725,-1.509474646981232,-0.638325571740905,-0.40369368659755284,-1.0487421576863714,-0.7147302044214837,0.0,1.0,0
2.0472508013702244,-0.8228832610653536,-0.5681779865540907,-0.9552364746064576,0.5253216299825334,0.0,-1.4711927123961197,1.2705781876107307,-1.509474646981232,-0.638325571740905,-1.2544146593418195,-1.0487421576863714,0.0011867700615471371,1.0,0.0,0
-0.6767071401537833,1.2756116867297813,1.517298516853397,1.7075000370404063,1.0962527917718878,0.0,0.3647860254821981,0.4591700623261951,-1.0081962254017445,-0.638325571740905,0.4470272861467138,0.2863847139703712,0.052585937460329045,1.0,0.0,0
2.9251852364240616,0.5761133707980697,1.3784512645805251,-0.39839043604912766,2.864528235998328,0.0,-1.4711927123961197,-1.5113925276505338,0.4956390393367183,-0.638325571740905,-1.6797751457139527,-1.0487421576863714,0.6473477316462314,1.0,0.0,0
1.2079540676146001,-0.47313410309949777,0.015657026602160354,0.14833112907988552,0.5891622245641139,0.0,0.3647860254821981,-0.12040717001990163,-0.005639382242769227,-0.638325571740905,0.3406871645536805,0.2863847139703712,1.5835468521240414,1.0,0.0,0
-0.48351863366271886,0.4449574365608738,1.4417244033516066,-1.1476014697444452,0.9616060728393887,0.0,-0.5532033434569608,-1.6273079741197531,1.4981958824956936,1.5665986829772471,-0.8290541729696862,-1.0487421576863714,0.2581826070554559,0.0,1.0,0
0.5876043078821825,-0.7791646163196216,-1.8501701967701143,-0.8337427934666757,-1.2987386222226882,0.0,-1.4711927123961197,1.1546627411415114,1.4981958824956936,1.5665986829772471,-1.3607547809348528,-1.0487421576863714,0.4197228474516268,1.0,0.0,0
-0.5049840232728371,0.09520827859501796,0.823831066409707,-1.6133272474469396,0.3851630570586453,0.0,-0.09420865898738136,-0.12040717001990163,-1.0081962254017445,-0.638325571740905,-0.08467332181845284,0.2863847139703712,-0.6927019898220059,0.0,1.0,1
-0.6509486726216414,1.1881743972383174,1.1564955517833042,0.7659240082071046,0.8071530214323386,0.0,-0.09420865898738136,0.9228318482030725,-0.005639382242769227,-0.638325571740905,0.02166679977458048,0.2863847139703712,-0.8762704448176546,1.0,0.0,0
0.6520004767125372,-1.3037883532684054,0.7280372256943145,1.0797826844848706,0.6525182605530453,0.0,-1.0121980279265403,-0.9318152953044371,0.9969174609162059,1.5665986829772471,-1.1480745377487862,-1.0487421576863714,-0.9350123504162624,1.0,0.0,0
-0.47493247781867154,0.27008285757794587,1.1278957855344067,-0.10478070662799135,0.6804409494544764,0.0,-0.5532033434569608,-0.5840689558967791,-1.0081962254017445,-0.638325571740905,-0.6163739297836195,-1.0487421576863714,1.2421095258321342,1.0,0.0,0
-0.5779663479472393,0.8384252392724616,-0.7422367789936155,-1.289344097740857,-0.7250818183496798,0.0,1.282775394421357,1.038747294672292,0.4956390393367183,-0.638325571740905,1.4040883804840139,1.6215115856271138,0.5335352895489293,0.0,1.0,0
-0.3654589908070684,1.3630489762212454,0.7205797597638227,-2.0081817111512246,0.6636025383599038,0.0,0.8237807099517775,1.1546627411415114,-0.005639382242769227,-0.638325571740905,0.9787278941118804,0.2863847139703712,-1.6178870030000765,0.0,1.0,0
0.9632486260592522,-0.03594765564217798,1.0743096643637582,1.1911518921963395,1.3820212217869712,0.0,1.282775394421357,-1.6273079741197531,-0.5069178038222568,-0.638325571740905,1.0850680157049137,1.6215115856271138,-0.9496978268159143,1.0,0.0,1
-0.01771967912315251,0.9695811735096576,-0.6944167397279863,0.9886624236300351,-0.342159390508358,0.0,1.282775394421357,1.5024090805491692,-1.0081962254017445,-0.638325571740905,1.5104285020770472,1.6215115856271138,-1.522431406402339,1.0,0.0,1
4.288237476666572,-0.6917273268281576,-1.094044656291878,0.9177911096318293,1.4047954756415013,0.0,-0.09420865898738136,1.5024090805491692,-1.0081962254017445,-0.638325571740905,0.1280069213676138,0.2863847139703712,-1.162637234610867,1.0,0.0,0
-0.5779663479472393,-0.9540391953025495,-0.05576550792801587,-1.167850416601075,-0.5815919051013259,0.0,1.282775394421357,-1.3954770811813144,0.4956390393367183,-0.638325571740905,1.0850680157049137,1.6215115856271138,-0.9386837195161752,0.0,1.0,1
2.137405437732721,-0.03594765564217798,-0.6558224315103887,-0.6008799046154321,0.6815917761120195,0.0,0.8237807099517775,-1.0477307417736565,0.9969174609162059,1.5665986829772471,0.6597075293327804,0.2863847139703712,-0.10895430293584223,1.0,0.0,0
3.929765470177596,1.7127981341871013,-1.0551428237060123,-0.7426225326118401,1.766155046109917,0.0,0.3647860254821981,-0.9318152953044371,-0.005639382242769227,-0.638325571740905,0.23434704296064715,0.2863847139703712,-0.8395567538185249,1.0,0.0,0
-0.642362516777594,0.09520827859501796,-1.1156482431626848,1.5961308293289411,-1.2203612698616204,0.0,-1.0121980279265403,-0.12040717001990163,0.9969174609162059,1.5665986829772471,-1.041734416155753,-1.0487421576863714,0.3462954654533671,1.0,0.0,0
0.18405498321195918,-1.4349442875056013,-0.5583372067695239,-0.6413777983286915,-0.6540939845265178,0.0,1.7417700788909365,-0.35223806295834037,-0.5069178038222568,-0.638325571740905,1.7231087452631138,1.6215115856271138,-0.38063561632940246,1.0,0.0,1
-0.47278593885765974,-1.5223815769970652,-1.3419861782077207,-1.8461901362981832,-1.6615518684690531,0.0,-0.09420865898738136,0.8069164017338532,-0.5069178038222568,-0.638325571740905,0.02166679977458048,0.2863847139703712,-0.2484663287325353,0.0,1.0,0
1.1306786650181746,-0.7354459715738897,-1.373430544863094,1.768246877610299,-0.6069706613913474,0.0,-1.4711927123961197,-0.8158998488352177,-0.005639382242769227,-0.638325571740905,-1.5734350241209194,-1.0487421576863714,-0.8468994920183509,1.0,0.0,0
-0.5500613414540855,-0.5605713925909617,1.0268740305584636,-0.45913727661902043,0.3743210585481114,0.0,1.7417700788909365,-0.8158998488352177,0.9969174609162059,1.5665986829772471,1.6167686236700805,1.6215115856271138,1.399978397128392,1.0,0.0,1
0.7829393533342588,0.4449574365608738,-0.8758561170059365,-1.0666056823179229,-0.14954734993015428,0.0,0.3647860254821981,-1.3954770811813144,1.4981958824956936,1.5665986829772471,0.1280069213676138,0.2863847139703712,-0.32923644893062093,1.0,0.0,1
0.5983370026872417,-1.1289137742854773,0.33832697000705675,-0.5300085906172263,0.3539695976568293,0.0,1.282775394421357,1.2705781876107307,1.4981958824956936,1.5665986829772471,1.4040883804840139,1.6215115856271138,1.605575066723519,1.0,0.0,1
-0.5350355687270028,-1.4349442875056013,0.7154287265953384,0.9481645299167757,-0.056390960493274515,0.0,-1.0121980279265403,0.4591700623261951,-0.005639382242769227,-0.638325571740905,-0.9353942945627195,-1.0487421576863714,-0.5972463932242684,1.0,0.0,1
-0.6251902050894994,-0.07966630038790996,1.0716957072334823,0.4621898053576516,0.47383727951351673,0.0,1.7417700788909365,-1.3954770811813144,-1.509474646981232,-0.638325571740905,1.6167686236700805,1.6215115856271138,-1.133266281811563,0.0,1.0,1
0.321433476716716,1.0570184630011215,-0.3483749443347437,0.8772932159185698,0.14124837548366856,0.0,0.8237807099517775,1.5024090805491692,1.4981958824956936,1.5665986829772471,0.9787278941118804,0.2863847139703712,-0.4614057365274881,1.0,0.0,0
-0.5844059648302747,1.4504862657127093,1.1379672085951744,-1.6841985614451418,0.8882560158770605,0.0,-1.4711927123961197,1.6183245270183886,-0.005639382242769227,-0.638325571740905,-1.2544146593418195,-1.0487421576863714,0.555563504148407,0.0,1.0,0
-0.4470274713255178,-0.42941545835376577,1.3796813620535957,-0.5300085906172263,0.7394965279336426,0.0,1.282775394421357,-0.8158998488352177,-0.5069178038222568,-0.638325571740905,1.191408137297947,1.6215115856271138,0.717103744544578,1.0,0.0,0
-0.33755398431391465,0.13892692334074994,0.5249942615455581,0.7153016410655285,0.2539082482746934,0.0,0.8237807099517775,0.9228318482030725,-1.0081962254017445,-0.638325571740905,0.9787278941118804,0.2863847139703712,-1.4673608699036442,1.0,0.0,0
-0.6509486726216414,-0.6917273268281576,1.205930093982339,-1.5728293537336766,0.42937902863791844,0.0,-1.0121980279265403,1.1546627411415114,-0.5069178038222568,-0.638325571740905,-0.8290541729696862,-1.0487421576863714,0.05992867566015498,0.0,1.0,0
0.06170226243428509,1.5816421999499053,0.4910896999440426,0.3103227039329269,0.7723253725856508,0.0,1.7417700788909365,-0.9318152953044371,0.4956390393367183,-0.638325571740905,1.6167686236700805,1.6215115856271138,-1.2287218784093006,1.0,0.0,0
-0.4362947765204587,0.0077709891035539986,0.6948245939214017,-1.8563146097265,0.3029092359563808,0.0,0.8237807099517775,0.5750855087954145,0.9969174609162059,1.5665986829772471,0.8723877725188471,0.2863847139703712,-0.9386837195161752,0.0,1.0,1
-0.6251902050894994,1.1007371077468535,0.9393833477862995,0.6849282207805857,0.6312582523005452,0.0,1.282775394421357,-0.23632261648912098,-1.509474646981232,-0.638325571740905,1.2977482588909803,1.6215115856271138,-1.5628164665013817,0.0,1.0,0
0.6520004767125372,-1.2163510637769415,-1.2450391211113243,0.3305716507895566,-0.8825633609607897,0.0,0.3647860254821981,-0.8158998488352177,0.4956390393367183,-0.638325571740905,0.23434704296064715,0.2863847139703712,0.17741248685737027,1.0,0.0,0
-0.5157167180778963,-1.1289137742854773,-0.9709580278927262,-0.07440728634304498,-1.3062492804087567,0.0,1.7417700788909365,-0.6999844023659983,1.4981958824956936,1.5665986829772471,1.6167686236700805,1.6215115856271138,1.5835468521240414,0.0,1.0,1
-0.6251902050894994,-0.29825952411656986,-0.19407459255641935,0.6343058536390096,-0.5718401634242536,0.0,1.282775394421357,1.734239973487608,-0.005639382242769227,-0.638325571740905,1.5104285020770472,1.6215115856271138,0.7795170192430986,0.0,1.0,0
-0.6187505882064639,1.4504862657127093,-0.12726492355025895,-0.05415833948641526,-0.12792392273316683,0.0,0.3647860254821981,1.3864936340799499,-0.5069178038222568,-0.638325571740905,0.5533674077397471,0.2863847139703712,1.3632647061292626,0.0,1.0,0
-0.48137209470170705,-0.8228832610653536,-1.071518496316268,0.7861729550637343,-1.2982540636300386,0.0,0.3647860254821981,-0.8158998488352177,0.4956390393367183,-0.638325571740905,0.23434704296064715,0.2863847139703712,0.7648315428434467,1.0,0.0,1
-0.382631302495163,-1.6972561559799932,1.2565178525623772,-0.9046141074648815,0.3977615804675342,0.0,-1.0121980279265403,-0.8158998488352177,1.4981958824956936,1.5665986829772471,-1.1480745377487862,-1.0487421576863714,0.6143054097470145,1.0,0.0,1
-0.6724140622317596,1.2756116867297813,-0.16985704855533698,-1.1577259431727585,-0.2305292047267134,0.0,-0.09420865898738136,-0.8158998488352177,-0.5069178038222568,-0.638325571740905,-0.19101344341148618,0.2863847139703712,0.4197228474516268,0.0,1.0,0
1.2981087039770969,0.7947065945267296,-0.5587216122298587,1.7075000370404063,0.4685677048184522,0.0,1.7417700788909365,-0.9318152953044371,0.4956390393367183,-0.638325571740905,1.6167686236700805,1.6215115856271138,0.11499921215884966,1.0,0.0,1
-0.17227048431600406,-0.3419781688623018,0.047870204178203146,0.16858007593651525,-0.1353134412710732,0.0,0.8237807099517775,-0.4681535094275597,-0.005639382242769227,-0.638325571740905,0.7660476509258137,0.2863847139703712,-1.1956795565100837,1.0,0.0,0
-0.4384413154814705,-1.2163510637769415,-0.9665758056449113,-0.02378491920147248,-1.2785688708036498,0.0,-1.0121980279265403,1.3864936340799499,0.4956390393367183,-0.638325571740905,-0.8290541729696862,-1.0487421576863714,-0.5605327022251384,0.0,1.0,0
-0.05635738042136542,-0.5168527478452297,-0.7526926075147178,1.353143467049381,-0.739376296832842,0.0,0.3647860254821981,1.734239973487608,0.9969174609162059,1.5665986829772471,0.5533674077397471,0.2863847139703712,-0.2484663287325353,1.0,0.0,0
-0.6101644323624166,1.1007371077468535,-0.7804466817508787,-0.05415833948641526,-0.7152089370244447,0.0,-1.0121980279265403,1.1546627411415114,-0.5069178038222568,-0.638325571740905,-0.8290541729696862,-1.0487421576863714,-1.4673608699036442,0.0,1.0,0
-0.37833822457313937,-0.07966630038790996,0.6722215528537249,0.7861729550637343,0.29842706897437254,0.0,-1.0121980279265403,-1.3954770811813144,-1.0081962254017445,-0.638325571740905,-1.1480745377487862,-1.0487421576863714,1.3595933370293491,1.0,0.0,0
-0.4212690037933759,-0.6042900373366937,1.1301253372043478,0.6545548004956393,0.5186589493336019,0.0,-0.5532033434569608,-0.9318152953044371,0.9969174609162059,1.5665986829772471,-0.7227140513766528,-1.0487421576863714,-0.8872845521173937,1.0,0.0,0
-0.333260906391891,0.5323947260523377,-0.9924847336714661,-1.0666056823179229,-0.8519755997997857,0.0,-1.0121980279265403,0.6910009552646338,0.9969174609162059,1.5665986829772471,-0.9353942945627195,-1.0487421576863714,0.47479338395032145,1.0,0.0,0
-0.4470274713255178,-1.3475069980141374,0.9751330555974209,-0.7426225326118401,0.2172635047055697,0.0,-0.09420865898738136,-0.9318152953044371,-1.0081962254017445,-0.638325571740905,-0.19101344341148618,0.2863847139703712,-1.2507500930087785,0.0,1.0,1
-0.5393286466490264,-1.0414764847940134,0.3405565216769978,-0.13515412691293774,-0.26693166899951193,0.0,0.3647860254821981,-0.004491723550682283,0.4956390393367183,-0.638325571740905,0.3406871645536805,0.2863847139703712,-1.4673608699036442,1.0,0.0,0
0.6906381780107502,-1.3475069980141374,-1.3608989268561849,1.3126455733361178,-0.9811104647408957,0.0,1.282775394421357,1.8501554199568273,0.4956390393367183,-0.638325571740905,1.5104285020770472,1.6215115856271138,-0.7037160971217447,1.0,0.0,0
-0.4083897700273049,-1.4349442875056013,1.2189998796337165,-1.3804643585956924,0.41181377965437155,0.0,1.282775394421357,-1.163646188242876,1.4981958824956936,1.5665986829772471,1.0850680157049137,1.6215115856271138,-0.05755513553706031,0.0,1.0,1
2.5645666909740745,1.3193303314755134,-1.4361655159897073,0.9279155830601459,0.6083022889737721,0.0,-0.5532033434569608,-0.6999844023659983,-1.509474646981232,-0.638325571740905,-0.6163739297836195,-1.0487421576863714,-0.4467202601278362,1.0,0.0,1
-0.569380192103192,-0.9540391953025495,0.9306189032906699,-1.3905888320240056,0.20036452378691622,0.0,-0.09420865898738136,-1.5113925276505338,-0.005639382242769227,-0.638325571740905,-0.2973535650045195,0.2863847139703712,1.7891435217191676,0.0,1.0,0
3.292243398757084,-1.0414764847940134,-0.21813837437336775,0.6444303270673226,1.4552501391011372,0.0,-1.4711927123961197,-1.5113925276505338,0.4956390393367183,-0.638325571740905,-1.6797751457139527,-1.0487421576863714,-0.8468994920183509,1.0,0.0,0
2.186775833835993,-0.47313410309949777,-0.2235969319101197,0.8570442690619401,0.9530657276439404,0.0,-1.4711927123961197,-0.6999844023659983,0.4956390393367183,-0.638325571740905,-1.5734350241209194,-1.0487421576863714,1.5321476847252595,1.0,0.0,0
0.28279577541850315,-1.6535375112342612,-0.9703429791561908,-0.8438672668949924,-0.9714192928879043,0.0,0.3647860254821981,0.6910009552646338,-0.005639382242769227,-0.638325571740905,0.4470272861467138,0.2863847139703712,-1.5811733120009466,1.0,0.0,0
-0.580112886908251,0.7947065945267296,0.274208139223239,-2.1904222328608958,0.06480925749319916,0.0,-1.4711927123961197,-0.9318152953044371,-0.5069178038222568,-0.638325571740905,-1.5734350241209194,-1.0487421576863714,-1.2397359857090395,0.0,1.0,0
-0.333260906391891,-1.1726324190312094,0.7806238926680935,0.6646792739239524,0.16699055071817692,0.0,-1.4711927123961197,1.8501554199568273,0.9969174609162059,1.5665986829772471,-1.2544146593418195,-1.0487421576863714,-0.10528293383592906,1.0,0.0,0
-0.019866218084164385,1.0132998182553896,-0.3383035212739761,0.13820665565156887,-0.053120189992889595,0.0,-0.09420865898738136,1.1546627411415114,0.9969174609162059,1.5665986829772471,0.02166679977458048,0.2863847139703712,-1.4012762261052105,1.0,0.0,0
-0.5157167180778963,-0.5605713925909617,-0.5772499554179883,0.14833112907988552,-0.8700859772000631,0.0,0.8237807099517775,-1.6273079741197531,-1.509474646981232,-0.638325571740905,0.6597075293327804,0.2863847139703712,1.4660630409268258,1.0,0.0,1
2.5881786195452046,1.4504862657127093,0.6040280241903597,-0.14527860034125079,2.2580425874733105,0.0,1.282775394421357,-0.8158998488352177,-0.5069178038222568,-0.638325571740905,1.191408137297947,1.6215115856271138,-1.316834736807212,1.0,0.0,0
1.459099126052984,1.0132998182553896,1.2132337977286969,0.9380400564884626,2.0038916056286125,0.0,1.282775394421357,0.8069164017338532,-0.5069178038222568,-0.638325571740905,1.4040883804840139,1.6215115856271138,-0.6780165134223537,1.0,0.0,1
-0.29676974405469003,-0.9103205505568176,0.475713481530657,-0.9653609480347742,0.005511399717707816,0.0,-1.0121980279265403,-1.163646188242876,-0.005639382242769227,-0.638325571740905,-1.1480745377487862,-1.0487421576863714,0.10765647395902372,1.0,0.0,0
0.2312788403542193,-1.5661002217427973,-0.19392083037228539,1.0190358439149814,-0.3694158113448962,0.0,0.8237807099517775,0.6910009552646338,1.4981958824956936,1.5665986829772471,0.8723877725188471,0.2863847139703712,-0.6963733589219187,1.0,0.0,1
-0.6337763609335467,1.1007371077468535,1.2865014784684792,1.6062553027572577,0.89988542210065,0.0,-1.0121980279265403,-0.35223806295834037,-0.005639382242769227,-0.638325571740905,-1.041734416155753,-1.0487421576863714,-1.2030222947099096,1.0,0.0,0
1.1306786650181746,0.3575201470694098,-0.009483090503725384,1.100031631341504,0.7098778839579379,0.0,0.8237807099517775,-1.3954770811813144,-0.5069178038222568,-0.638325571740905,0.6597075293327804,0.2863847139703712,1.6092464358234315,1.0,0.0,1
-0.5715267310642037,-0.5605713925909617,0.24722287590774739,-0.11490518005630801,-0.252031492275538,0.0,-0.5532033434569608,-0.35223806295834037,-0.005639382242769227,-0.638325571740905,-0.6163739297836195,-1.0487421576863714,0.8970008304403143,1.0,0.0,1
3.150571827330303,-0.25454087937083786,-1.1853793936673884,1.2518987327662285,0.7877101079022749,0.0,-0.09420865898738136,0.6910009552646338,-1.0081962254017445,-0.638325571740905,0.02166679977458048,0.2863847139703712,0.5849344569477108,1.0,0.0,0
0.39656234035213,-0.03594765564217798,-0.6938785720835179,-0.550257537473856,-0.33083283340517383,0.0,1.7417700788909365,-1.2795616347120953,-1.0081962254017445,-0.638325571740905,1.6167686236700805,1.6215115856271138,1.462391671826913,1.0,0.0,0
0.4931565935976623,-0.07966630038790996,1.464942493155819,1.0392847907716112,1.4147894966148986,0.0,-0.5532033434569608,-1.163646188242876,-0.005639382242769227,-0.638325571740905,-0.7227140513766528,-1.0487421576863714,-0.5128049039262697,1.0,0.0,1
-0.3418470622359383,0.5761133707980697,-1.0025561567322336,1.2923966264794882,-0.8550646608279266,0.0,-0.5532033434569608,-0.12040717001990163,0.9969174609162059,1.5665986829772471,-0.6163739297836195,-1.0487421576863714,0.10765647395902372,1.0,0.0,0
-0.5565009583371209,-0.29825952411656986,-1.8268752258738352,0.7659240082071046,-1.8194573998487313,0.0,1.282775394421357,0.9228318482030725,-0.005639382242769227,-0.638325571740905,1.4040883804840139,1.6215115856271138,-1.0304679470139997,0.0,1.0,0
-0.37833822457313937,1.2318930419840495,-0.9678827842100493,0.7355505879221582,-0.7029738325600432,0.0,-1.4711927123961197,-1.5113925276505338,0.4956390393367183,-0.638325571740905,-1.6797751457139527,-1.0487421576863714,0.7905311265428376,1.0,0.0,1
0.7485947299580695,0.27008285757794587,0.15973219313558298,-0.4895106969039632,0.6081811493256093,0.0,0.3647860254821981,-1.3954770811813144,1.4981958824956936,1.5665986829772471,0.1280069213676138,0.2863847139703712,-0.18972442313392787,1.0,0.0,1
-0.25169242587344154,-1.0851951295397455,-1.8517078186114528,-0.15540307376956747,-1.8414442459902056,0.0,0.3647860254821981,-1.6273079741197531,0.4956390393367183,-0.638325571740905,0.1280069213676138,0.2863847139703712,1.7597725689198638,1.0,0.0,0
0.12180535334261619,1.1444557524925854,0.26944151151508944,-0.0440338660581022,0.5347099527151188,0.0,-0.09420865898738136,-0.8158998488352177,-0.5069178038222568,-0.638325571740905,-0.19101344341148618,0.2863847139703712,-0.8762704448176546,1.0,0.0,0
-0.09070200379755458,-1.740974800725725,-0.16608987504405745,-1.0666056823179229,-0.5679636946830567,0.0,0.8237807099517775,-1.163646188242876,0.4956390393367183,-0.638325571740905,0.6597075293327804,0.2863847139703712,-0.12363977933549408,1.0,0.0,0
0.37939002866403543,0.9695811735096576,-1.0530670342202053,-0.5198841171889096,-0.4006092707467122,0.0,0.8237807099517775,-0.9318152953044371,1.4981958824956936,1.5665986829772471,0.6597075293327804,0.2863847139703712,-0.1640248394345369,1.0,0.0,1
-0.605871354440393,-1.1726324190312094,1.3512353579888325,-0.2971457017659791,0.4626924318825763,0.0,0.3647860254821981,-0.4681535094275597,-1.509474646981232,-0.638325571740905,0.3406871645536805,0.2863847139703712,-1.5261027755022518,1.0,0.0,0
3.983428944202892,0.8821438840181935,0.7278834635101809,0.9886624236300351,3.0170430530347794,0.0,-1.4711927123961197,-0.23632261648912098,-1.0081962254017445,-0.638325571740905,-1.467094902527886,-1.0487421576863714,1.3816215516288273,1.0,0.0,1
-0.655241750543665,-1.6535375112342612,0.38061157064386714,-0.1959009674828269,-0.43646660660278025,0.0,0.3647860254821981,-1.163646188242876,-1.0081962254017445,-0.638325571740905,0.23434704296064715,0.2863847139703712,0.45276516935084365,1.0,0.0,1
-0.45132054924754145,-1.4349442875056013,-1.1687730777809318,-0.03390939262978554,-1.4935917462918962,0.0,-0.09420865898738136,1.5024090805491692,-1.0081962254017445,-0.638325571740905,0.1280069213676138,0.2863847139703712,1.3522505988295235,0.0,1.0,1
-0.5114236401558726,1.4942049104584412,-0.8182721790478074,0.1787045493648319,-0.6020645056407702,0.0,1.282775394421357,-0.8158998488352177,-0.5069178038222568,-0.638325571740905,1.191408137297947,1.6215115856271138,0.6803900535454483,0.0,1.0,0
1.6544341715050601,0.3575201470694098,1.4943879514174525,0.2293269165064044,2.190264954326452,0.0,0.3647860254821981,-1.3954770811813144,1.4981958824956936,1.5665986829772471,0.1280069213676138,0.2863847139703712,-0.39899246182896747,1.0,0.0,0
-0.6745606011927714,-0.6917273268281576,-0.7768332704237331,-0.995734368319717,-1.146042095713993,0.0,0.3647860254821981,-0.23632261648912098,-0.5069178038222568,-0.638325571740905,0.3406871645536805,0.2863847139703712,-0.7037160971217447,1.0,0.0,0
-0.6767071401537833,-0.6917273268281576,-0.7566904243021981,-0.6717512186136343,-1.1313841982863433,0.0,-0.09420865898738136,0.4591700623261951,1.4981958824956936,1.5665986829772471,-0.08467332181845284,0.2863847139703712,-0.8946272903172197,0.0,1.0,1
0.08746072996642694,1.4067676209669773,0.939921515430768,1.4746371481891591,1.1017040759391954,0.0,0.8237807099517775,-1.5113925276505338,-1.0081962254017445,-0.638325571740905,0.6597075293327804,0.2863847139703712,-0.0905974574362772,1.0,0.0,0
-0.44488093236450604,-1.2600697085226733,-1.8307961615692485,-0.01366044577315582,-1.9727596245982386,0.0,-0.5532033434569608,0.5750855087954145,0.4956390393367183,-0.638325571740905,-0.5100338081905862,-1.0487421576863714,-1.4747036081034701,1.0,0.0,0
0.259183846847373,-0.3856968136080338,-0.5936256280282439,0.4318163850727088,-0.40690853245115643,0.0,-0.5532033434569608,-1.3954770811813144,-1.0081962254017445,-0.638325571740905,-0.7227140513766528,-1.0487421576863714,-1.2323932475092136,1.0,0.0,0
-0.5844059648302747,-1.2600697085226733,-1.5997684799081298,0.6849282207805857,-1.8694880745397993,0.0,-1.4711927123961197,-0.6999844023659983,0.4956390393367183,-0.638325571740905,-1.5734350241209194,-1.0487421576863714,0.33895272725354114,1.0,0.0,0
-0.40195015314426946,-1.6098188664885291,0.9417666616403744,-0.7628714794684698,0.1582684960504849,0.0,1.282775394421357,-0.004491723550682283,-0.5069178038222568,-0.638325571740905,1.2977482588909803,1.6215115856271138,-0.9643833032155662,1.0,0.0,1
0.39656234035213,1.3630489762212454,1.1262044015089345,1.7479979307536657,1.4132146811887873,0.0,1.282775394421357,-0.23632261648912098,-1.509474646981232,-0.638325571740905,1.2977482588909803,1.6215115856271138,0.42339421655153997,1.0,0.0,0
-0.4556136271695651,1.4942049104584412,-0.45877619254285235,-1.0159833151763467,-0.28734369971487544,0.0,-0.5532033434569608,1.6183245270183886,1.4981958824956936,1.5665986829772471,-0.40369368659755284,-1.0487421576863714,-0.7991716937194822,0.0,1.0,0
-0.6595348284656887,-0.12338494513364194,0.7803163682998256,0.1584556025081986,0.21520413068680927,0.0,-1.0121980279265403,-0.004491723550682283,1.4981958824956936,1.5665986829772471,-1.041734416155753,-1.0487421576863714,-1.4416612862042535,1.0,0.0,1
4.000601255890987,-0.42941545835376577,1.4492587503741656,1.0797826844848706,3.3043257286518934,0.0,-0.5532033434569608,0.4591700623261951,-0.005639382242769227,-0.638325571740905,-0.5100338081905862,-1.0487421576863714,-1.3205061059071252,1.0,0.0,0
-0.3547262960020093,0.4886760813066058,-0.8981516337053455,1.1709029453397062,-0.7994615623213884,0.0,-0.09420865898738136,-0.5840689558967791,0.4956390393367183,-0.638325571740905,-0.19101344341148618,0.2863847139703712,0.5959485642474499,1.0,0.0,0
-0.17227048431600406,-1.1726324190312094,0.9662917300097243,-1.1071035760311858,0.4041214119960598,0.0,0.3647860254821981,-0.4681535094275597,-1.509474646981232,-0.638325571740905,0.3406871645536805,0.2863847139703712,1.3449078606296974,1.0,0.0,0
-0.5607940362591447,0.8821438840181935,-1.2453466454795923,-0.813493846610046,-1.1020684034310442,0.0,-0.5532033434569608,0.6910009552646338,0.9969174609162059,1.5665986829772471,-0.5100338081905862,-1.0487421576863714,-1.0194538397142607,0.0,1.0,0
-0.47278593885765974,-0.9977578400482815,0.17856806069198067,-1.0564812088896098,-0.34730782555525963,0.0,0.8237807099517775,-0.4681535094275597,-0.005639382242769227,-0.638325571740905,0.7660476509258137,0.2863847139703712,-0.6045891314240943,1.0,0.0,1
-0.5221563349609317,1.2756116867297813,-0.6149985716228499,-1.2285972571709642,-0.4964307324431644,0.0,1.7417700788909365,-1.0477307417736565,-0.005639382242769227,-0.638325571740905,1.6167686236700805,1.6215115856271138,1.4513775645271738,0.0,1.0,0
-0.4663463219746242,1.4504862657127093,-1.9661837646991087,-0.6008799046154321,-1.490684394735999,0.0,-1.4711927123961197,0.4591700623261951,-1.509474646981232,-0.638325571740905,-1.3607547809348528,-1.0487421576863714,-0.641302822423224,0.0,1.0,0
-0.31823513366480827,-0.12338494513364194,0.6845994086765004,-1.481709092878841,0.33240674028392375,0.0,-0.09420865898738136,-0.004491723550682283,-0.5069178038222568,-0.638325571740905,-0.08467332181845284,0.2863847139703712,-1.0084397324145218,0.0,1.0,0
0.7915255091783061,-0.03594765564217798,-1.3397566265377796,-0.17565202062619717,-0.616782972892501,0.0,-0.09420865898738136,-0.6999844023659983,-0.005639382242769227,-0.638325571740905,-0.19101344341148618,0.2863847139703712,0.008529508261373069,1.0,0.0,0
-0.5886990427522983,0.5323947260523377,-0.14440940708118402,-0.4692617500473335,-0.32798605167335776,0.0,-0.5532033434569608,-1.5113925276505338,-1.509474646981232,-0.638325571740905,-0.7227140513766528,-1.0487421576863714,-1.2103650329097357,0.0,1.0,0
-0.10358123756362556,1.6690794894413692,0.8817994098281704,-0.45913727661902043,1.0062460331872307,0.0,1.7417700788909365,-1.6273079741197531,0.9969174609162059,1.5665986829772471,1.5104285020770472,1.6215115856271138,1.462391671826913,1.0,0.0,1
-0.41697592587135224,-0.8666019058110855,-0.23343771169468647,-1.1880993634577048,-0.6113316887251934,0.0,-1.0121980279265403,-0.9318152953044371,0.9969174609162059,1.5665986829772471,-1.1480745377487862,-1.0487421576863714,1.0915833927357022,0.0,1.0,1
-0.5758198089862274,-0.7791646163196216,-0.08751739895165708,-0.9046141074648815,-0.5666311585532705,0.0,-1.4711927123961197,-0.8158998488352177,-0.005639382242769227,-0.638325571740905,-1.5734350241209194,-1.0487421576863714,-1.0635102689132165,0.0,1.0,1
0.19693421697803004,0.7947065945267296,-0.9724956497340649,0.32044717736123995,-0.47886548345961755,0.0,-0.09420865898738136,-0.004491723550682283,-0.5069178038222568,-0.638325571740905,-0.08467332181845284,0.2863847139703712,-0.9607119341156534,1.0,0.0,1
-0.5672336531421801,-0.7791646163196216,1.1205152006959818,-0.6920001654702677,0.3899480731610601,0.0,0.3647860254821981,-0.6999844023659983,0.9969174609162059,1.5665986829772471,0.23434704296064715,0.2863847139703712,1.0622124399363984,1.0,0.0,0
-0.5221563349609317,-1.4349442875056013,1.5916425328821162,-0.9349875277498279,0.6411917034498612,0.0,-1.4711927123961197,0.6910009552646338,-0.5069178038222568,-0.638325571740905,-1.3607547809348528,-1.0487421576863714,-0.85791359931809,0.0,1.0,1
0.21195998970511287,-0.1671035898793739,-0.9396674234214866,1.1911518921963395,-0.6577281739713895,0.0,0.8237807099517775,0.4591700623261951,0.4956390393367183,-0.638325571740905,0.8723877725188471,0.2863847139703712,1.1576680365341359,1.0,0.0,0
-0.5135701791168844,-1.6972561559799932,-0.6726593906730458,0.5330611193558574,-1.1960122005809797,0.0,0.3647860254821981,-0.4681535094275597,-1.509474646981232,-0.638325571740905,0.3406871645536805,0.2863847139703712,0.8272448175419678,1.0,0.0,0
-0.5157167180778963,-0.8666019058110855,1.1114432318320844,1.788495824466929,0.39249200577247023,0.0,-1.0121980279265403,-1.5113925276505338,-1.509474646981232,-0.638325571740905,-1.1480745377487862,-1.0487421576863714,-0.641302822423224,1.0,0.0,1
-0.5114236401558726,1.4504862657127093,1.5423617528672156,0.5330611193558574,1.2480407709193655,0.0,1.7417700788909365,-0.4681535094275597,-1.0081962254017445,-0.638325571740905,1.7231087452631138,1.6215115856271138,-1.4526753935039924,0.0,1.0,0
-0.03489199081124714,-0.2108222346251059,-0.9945605231572732,1.4442637279042163,-0.8499767956051061,0.0,-0.09420865898738136,-0.12040717001990163,-1.0081962254017445,-0.638325571740905,-0.08467332181845284,0.2863847139703712,1.029170118037181,1.0,0.0,1
-0.6831467570368187,-0.5168527478452297,0.038029424393636144,0.10783323536662609,-0.47014342879192494,0.0,0.3647860254821981,1.1546627411415114,-1.509474646981232,-0.638325571740905,0.5533674077397471,0.2863847139703712,-1.4563467626039053,0.0,1.0,0
-0.5114236401558726,1.4504862657127093,-0.10912098582246385,1.3835168873343235,-0.05305962016880873,0.0,-0.09420865898738136,0.34325461585697575,0.9969174609162059,1.5665986829772471,-0.08467332181845284,0.2863847139703712,1.0438555944368328,1.0,0.0,1
-0.12075354925172017,0.31380150232367787,1.1815587877971225,0.11795770879493915,0.93229027798409,0.0,-1.4711927123961197,0.11142372291853707,0.4956390393367183,-0.638325571740905,-1.467094902527886,-1.0487421576863714,0.6657045771457965,1.0,0.0,0
-0.6080178934014048,0.09520827859501796,-0.8320338945277874,0.6140569067823799,-0.9775368451201051,0.0,0.3647860254821981,0.4591700623261951,-1.0081962254017445,-0.638325571740905,0.4470272861467138,0.2863847139703712,-1.3755766424058198,0.0,1.0,1
-0.5457682635320618,-0.9540391953025495,1.2176160199765118,0.7153016410655285,0.43979703837988404,0.0,1.282775394421357,0.4591700623261951,1.4981958824956936,1.5665986829772471,1.2977482588909803,1.6215115856271138,-0.9386837195161752,0.0,1.0,1
-0.5844059648302747,-1.6972561559799932,-1.6334423982334445,0.36094507107450297,-1.992929376017277,0.0,0.8237807099517775,-0.35223806295834037,0.4956390393367183,-0.638325571740905,0.7660476509258137,0.2863847139703712,1.1356398219346577,1.0,0.0,1
-0.5328890297659908,-0.42941545835376577,1.6113240924512497,-0.3173946486226088,0.8735375486253297,0.0,1.7417700788909365,-1.3954770811813144,-1.509474646981232,-0.638325571740905,1.6167686236700805,1.6215115856271138,1.1760248820337005,0.0,1.0,1
0.928904002683063,0.9695811735096576,0.4065204986704219,1.41389030761927,1.0594263387305205,0.0,0.3647860254821981,1.6183245270183886,0.4956390393367183,-0.638325571740905,0.5533674077397471,0.2863847139703712,0.0011867700615471371,1.0,0.0,0
-0.2559855037954652,1.5379235552041732,-1.1690806021491995,-0.9046141074648815,-0.7245972597570302,0.0,-1.0121980279265403,-1.5113925276505338,-1.509474646981232,-0.638325571740905,-1.1480745377487862,-1.0487421576863714,1.6863451869216044,1.0,0.0,0
-0.45132054924754145,-0.07966630038790996,-0.2483526435556705,-0.2161499143394566,-0.4680234849490831,0.0,0.8237807099517775,1.2705781876107307,0.4956390393367183,-0.638325571740905,0.9787278941118804,0.2863847139703712,-0.806514431919308,0.0,1.0,1
-0.6316298219725348,-0.8228832610653536,-0.7855208338272961,-0.560382010902169,-1.1577320717616635,0.0,-1.4711927123961197,0.6910009552646338,-0.5069178038222568,-0.638325571740905,-1.3607547809348528,-1.0487421576863714,-0.3769642472294897,0.0,1.0,0
-0.6488021336606294,-1.0851951295397455,1.085226779437262,-0.560382010902169,0.24827525463514202,0.0,-1.4711927123961197,-1.3954770811813144,0.9969174609162059,1.5665986829772471,-1.6797751457139527,-1.0487421576863714,-0.8285426465187858,1.0,0.0,0
-0.42341554275438775,-1.1289137742854773,0.17180252459009104,0.11795770879493915,-0.3538493665560284,0.0,-0.09420865898738136,-0.9318152953044371,-1.0081962254017445,-0.638325571740905,-0.19101344341148618,0.2863847139703712,0.5335352895489293,0.0,1.0,0
-0.1486585557448739,-0.3856968136080338,-1.3156928447208311,0.9886624236300351,-1.2059456517302956,0.0,1.282775394421357,1.3864936340799499,-1.509474646981232,-0.638325571740905,1.5104285020770472,1.6215115856271138,1.2751518477313508,1.0,0.0,0
-0.3718986076901039,-0.2108222346251059,0.06770552593147044,-0.25664780805271603,-0.20327278389017514,0.0,1.7417700788909365,-0.5840689558967791,-1.509474646981232,-0.638325571740905,1.7231087452631138,1.6215115856271138,-0.15668210123471096,0.0,1.0,0
0.5833112299601589,-0.8666019058110855,0.4386567951543978,-0.9653609480347742,0.482680473829371,0.0,-0.09420865898738136,-0.5840689558967791,0.4956390393367183,-0.638325571740905,-0.19101344341148618,0.2863847139703712,0.3242672508538893,1.0,0.0,0
1.7961057429318408,-0.42941545835376577,-0.40342180625466406,-1.0058588417480336,0.6006099213154598,0.0,-0.09420865898738136,-1.0477307417736565,-1.509474646981232,-0.638325571740905,-0.19101344341148618,0.2863847139703712,-0.9276696122164365,1.0,0.0,0
-0.580112886908251,-0.47313410309949777,1.5724991409574514,0.9785379502017221,0.8066078930156081,0.0,-0.5532033434569608,-0.6999844023659983,-1.509474646981232,-0.638325571740905,-0.6163739297836195,-1.0487421576863714,0.863958508541097,1.0,0.0,0
-0.18300317912106315,-1.5223815769970652,0.8339793705625415,0.1584556025081986,0.21629438752027036,0.0,-1.0121980279265403,-0.23632261648912098,0.4956390393367183,-0.638325571740905,-1.041734416155753,-1.0487421576863714,0.041571830160589955,1.0,0.0,0
-0.13148624405677936,-1.1289137742854773,-0.6635105407170815,-0.6211288514720618,-0.8471905836973711,0.0,-1.4711927123961197,0.4591700623261951,-1.509474646981232,-0.638325571740905,-1.3607547809348528,-1.0487421576863714,-0.8799418139175678,1.0,0.0,1
1.0941875026809735,-0.6042900373366937,-0.3029382189231893,-0.7021246388985807,0.24488334448659535,0.0,1.282775394421357,1.734239973487608,-0.005639382242769227,-0.638325571740905,1.5104285020770472,1.6215115856271138,-0.5017907966265309,1.0,0.0,0
-0.605871354440393,1.3193303314755134,0.5328361329363845,-0.8539917403233089,0.37032345015875223,0.0,-1.4711927123961197,1.5024090805491692,-0.5069178038222568,-0.638325571740905,-1.2544146593418195,-1.0487421576863714,0.7538174355437076,1.0,0.0,0
-0.6702675232707478,-1.5661002217427973,0.957834809882362,0.10783323536662609,0.029194200933455722,0.0,-0.5532033434569608,1.6183245270183886,1.4981958824956936,1.5665986829772471,-0.40369368659755284,-1.0487421576863714,-0.7110588353215705,1.0,0.0,1
-0.4083897700273049,1.6690794894413692,0.6085640086223087,-1.5930783005903064,0.6189625780120623,0.0,1.282775394421357,0.22733916938775642,0.4956390393367183,-0.638325571740905,1.2977482588909803,1.6215115856271138,1.5468331611249113,0.0,1.0,1
-0.5543544193761091,1.6690794894413692,-1.4271704282178768,-0.6110043780437452,-1.0672407545843565,0.0,0.3647860254821981,1.3864936340799499,-0.5069178038222568,-0.638325571740905,0.5533674077397471,0.2863847139703712,-0.6633310370227018,0.0,1.0,0
0.6283885481414073,-1.3037883532684054,0.46625710720642477,0.2799492836479805,0.4329526482587093,0.0,-0.5532033434569608,-0.35223806295834037,-0.005639382242769227,-0.638325571740905,-0.6163739297836195,-1.0487421576863714,0.6987468990450133,1.0,0.0,0
0.0810211130833915,-0.03594765564217798,1.1963968385660397,1.494886095045789,0.9803221484804786,0.0,1.282775394421357,-1.5113925276505338,-0.005639382242769227,-0.638325571740905,1.0850680157049137,1.6215115856271138,1.587218221223954,1.0,0.0,1
-0.6101644323624166,-1.1726324190312094,-0.9492775599298525,0.5128121724992277,-1.3521612070623032,0.0,1.7417700788909365,-0.35223806295834037,-0.5069178038222568,-0.638325571740905,1.7231087452631138,1.6215115856271138,1.818514474518472,0.0,1.0,1
-0.6208971271674758,-1.3037883532684054,-0.7167122564273954,0.5128121724992277,-1.2040679871837787,0.0,1.282775394421357,-1.5113925276505338,-0.005639382242769227,-0.638325571740905,1.0850680157049137,1.6215115856271138,1.2127385730328304,1.0,0.0,0
-0.5479148024930737,-1.3037883532684054,0.819295081977758,1.0797826844848706,0.04724400850965228,0.0,-0.5532033434569608,0.4591700623261951,-0.005639382242769227,-0.638325571740905,-0.5100338081905862,-1.0487421576863714,0.1003137357591978,1.0,0.0,0
0.30640770398963335,1.3193303314755134,1.270663973502692,-0.02378491920147248,1.4664555565561586,0.0,0.3647860254821981,0.4591700623261951,-1.0081962254017445,-0.638325571740905,0.4470272861467138,0.2863847139703712,1.4550489336270866,1.0,0.0,1
-0.02201275704517617,0.09520827859501796,-1.9471172538665105,1.2721476796228584,-1.525330334110443,0.0,-1.0121980279265403,1.1546627411415114,-0.5069178038222568,-0.638325571740905,-0.8290541729696862,-1.0487421576863714,1.587218221223954,1.0,0.0,0
-0.5157167180778963,-0.8228832610653536,0.8964836984129538,0.5533100662124871,0.232829949494437,0.0,0.8237807099517775,-0.004491723550682283,-1.509474646981232,-0.638325571740905,0.8723877725188471,0.2863847139703712,-1.0304679470139997,1.0,0.0,0
-0.2066151076921932,1.3193303314755134,-0.795207851427729,-0.4692617500473335,-0.4506399454377799,0.0,1.282775394421357,-0.35223806295834037,1.4981958824956936,1.5665986829772471,1.191408137297947,1.6215115856271138,-0.13465388663523317,1.0,0.0,0
-0.5114236401558726,-1.3912256427598693,0.48124892015947607,-0.7628714794684698,-0.21787011149374308,0.0,1.282775394421357,-1.3954770811813144,0.4956390393367183,-0.638325571740905,1.0850680157049137,1.6215115856271138,-0.8982986594171324,1.0,0.0,0
0.5918973858042063,-0.29825952411656986,1.2070833103633427,-0.38826596262081464,1.21890668553631,0.0,-1.4711927123961197,-0.9318152953044371,-0.5069178038222568,-0.638325571740905,-1.5734350241209194,-1.0487421576863714,1.447706195427261,1.0,0.0,1
-0.5178632570389081,-1.6972561559799932,1.0684667013666718,-1.5829538271619932,0.1732898124226211,0.0,-0.5532033434569608,1.1546627411415114,-0.5069178038222568,-0.638325571740905,-0.40369368659755284,-1.0487421576863714,-0.03552692093758252,0.0,1.0,1
-0.6294832830115231,-0.2108222346251059,0.16519075067233513,-1.9474348705813354,-0.27183782475008905,0.0,1.282775394421357,-1.2795616347120953,0.9969174609162059,1.5665986829772471,1.0850680157049137,1.6215115856271138,-1.2580928312086046,0.0,1.0,0
-0.45990670509158876,0.2263642128322139,-0.8588653956591453,-0.7324980591835271,-0.8860158409334178,0.0,-1.0121980279265403,1.3864936340799499,0.4956390393367183,-0.638325571740905,-0.8290541729696862,-1.0487421576863714,-1.5995301575005116,0.0,1.0,0
-0.5607940362591447,-0.42941545835376577,-0.6580519831803295,-0.2161499143394566,-0.9301106728645286,0.0,-1.4711927123961197,0.6910009552646338,-0.5069178038222568,-0.638325571740905,-1.3607547809348528,-1.0487421576863714,-1.133266281811563,0.0,1.0,0
0.4995962104806976,-1.0414764847940134,1.7736200778045348,0.9076666362035162,1.4484057489799624,0.0,0.3647860254821981,0.34325461585697575,-1.509474646981232,-0.638325571740905,0.4470272861467138,0.2863847139703712,-0.1860530540340147,1.0,0.0,1
-0.36975206872909205,0.7509879497809976,0.6340885311885288,-0.6515022717570046,0.45736228736343093,0.0,-0.09420865898738136,1.5024090805491692,-1.0081962254017445,-0.638325571740905,0.1280069213676138,0.2863847139703712,-1.6435865866994672,0.0,1.0,0
1.742442268906545,0.6635506602895337,0.9339247902495478,0.23945138993472107,1.866216395492053,0.0,0.8237807099517775,-0.004491723550682283,-1.509474646981232,-0.638325571740905,0.8723877725188471,0.2863847139703712,0.41238010925180085,1.0,0.0,1
-0.3912174583392103,-1.3037883532684054,1.1827120041781263,1.5050105684741055,0.4219895101000126,0.0,-1.4711927123961197,-1.163646188242876,-1.509474646981232,-0.638325571740905,-1.5734350241209194,-1.0487421576863714,-0.6045891314240943,1.0,0.0,1
-0.6337763609335467,1.2318930419840495,0.5380640471969357,0.14833112907988552,0.3393117002291799,0.0,-1.4711927123961197,0.4591700623261951,-1.509474646981232,-0.638325571740905,-1.3607547809348528,-1.0487421576863714,0.8088879720424024,1.0,0.0,1
-0.5629405752201564,-0.42941545835376577,-0.6807319053400731,0.5026876990709146,-0.9491901674501054,0.0,-1.0121980279265403,-1.163646188242876,-0.005639382242769227,-0.638325571740905,-1.1480745377487862,-1.0487421576863714,-1.2948065222077343,0.0,1.0,0
-0.6037248154793812,0.3575201470694098,-1.305390778383863,-0.7223735857552104,-1.2898954279068338,0.0,-0.5532033434569608,0.8069164017338532,1.4981958824956936,1.5665986829772471,-0.5100338081905862,-1.0487421576863714,1.4954339937261294,0.0,1.0,0
-0.05421084146035354,-1.3912256427598693,1.7396386351109525,1.4645126747608461,1.0315642196531702,0.0,-0.5532033434569608,0.6910009552646338,0.9969174609162059,1.5665986829772471,-0.5100338081905862,-1.0487421576863714,-0.13465388663523317,1.0,0.0,0
1.9012861520214202,1.2318930419840495,0.9675218274827954,0.8772932159185698,2.1083139823445944,0.0,-1.0121980279265403,0.4591700623261951,-0.005639382242769227,-0.638325571740905,-0.9353942945627195,-1.0487421576863714,-1.5114172991026,1.0,0.0,0
-0.44488093236450604,-0.9977578400482815,0.09223059430082044,1.0190358439149814,-0.39957958373733143,0.0,-1.4711927123961197,-1.3954770811813144,0.9969174609162059,1.5665986829772471,-1.6797751457139527,-1.0487421576863714,-0.9129841358167846,1.0,0.0,0
-0.40409669210528126,-1.1726324190312094,-1.8139592024065911,0.9076666362035162,-1.9170959562676195,0.0,0.3647860254821981,0.6910009552646338,-0.005639382242769227,-0.638325571740905,0.4470272861467138,0.2863847139703712,-0.9680546723154794,1.0,0.0,1
-0.32038167262582007,-1.740974800725725,1.1432720039477924,0.4318163850727088,0.3339815557100345,0.0,1.282775394421357,0.22733916938775642,0.4956390393367183,-0.638325571740905,1.2977482588909803,1.6215115856271138,1.3118655387304807,1.0,0.0,0
-0.40195015314426946,-1.1726324190312094,-0.7845213796304259,-0.6515022717570046,-1.1048546153387795,0.0,-0.09420865898738136,-1.6273079741197531,-0.5069178038222568,-0.638325571740905,-0.2973535650045195,0.2863847139703712,-1.0561675307133906,0.0,1.0,0
-0.6166040492454521,1.3193303314755134,1.3417021025725333,0.7861729550637343,1.0015215869088974,0.0,0.8237807099517775,1.1546627411415114,-0.005639382242769227,-0.638325571740905,0.9787278941118804,0.2863847139703712,1.0218273798373556,0.0,1.0,0
-0.5844059648302747,1.4942049104584412,-0.9594258640826869,0.2900737570762972,-0.7544581830290599,0.0,0.3647860254821981,-1.0477307417736565,-0.5069178038222568,-0.638325571740905,0.23434704296064715,0.2863847139703712,-1.1112380672120854,0.0,1.0,0
-0.42985515963742316,0.7947065945267296,-0.9014575206642234,-2.1397998657193233,-0.7766267386427776,0.0,0.8237807099517775,1.5024090805491692,1.4981958824956936,1.5665986829772471,0.9787278941118804,0.2863847139703712,1.1209543455350057,0.0,1.0,0
-0.4384413154814705,-0.9977578400482815,1.1063690797556673,-1.1577259431727585,0.40303115516259813,0.0,-0.09420865898738136,-0.6999844023659983,-0.005639382242769227,-0.638325571740905,-0.19101344341148618,0.2863847139703712,-0.09426882653619036,1.0,0.0,0
-0.4126828479493286,-1.5661002217427973,1.3044147729200737,1.2012763656246526,0.4476105456863587,0.0,0.8237807099517775,-1.0477307417736565,0.9969174609162059,1.5665986829772471,0.6597075293327804,0.2863847139703712,1.5835468521240414,1.0,0.0,0
0.2742096195744559,-0.47313410309949777,1.401054305648202,-0.5401330640455393,1.1536729850008618,0.0,-1.4711927123961197,-1.6273079741197531,-0.005639382242769227,-0.638325571740905,-1.6797751457139527,-1.0487421576863714,-0.4100065691287066,1.0,0.0,0
-0.4663463219746242,-0.7791646163196216,-1.6037662966956103,1.4037658341909534,-1.6994080085198007,0.0,-0.5532033434569608,0.34325461585697575,-0.5069178038222568,-0.638325571740905,-0.5100338081905862,-1.0487421576863714,-0.16035347033462374,1.0,0.0,1
-0.6509486726216414,1.4942049104584412,-1.6132226710198423,-0.45913727661902043,-1.3070972579458933,0.0,0.8237807099517775,-0.4681535094275597,-0.005639382242769227,-0.638325571740905,0.7660476509258137,0.2863847139703712,0.9740995815384864,0.0,1.0,1
-0.6831467570368187,-1.3912256427598693,-0.9638849674225689,1.4847616216174757,-1.4533128132779007,0.0,-1.0121980279265403,0.22733916938775642,-1.0081962254017445,-0.638325571740905,-0.9353942945627195,-1.0487421576863714,-1.3939334879053846,1.0,0.0,0
-0.6445090557386058,-0.7354459715738897,0.33901889983565936,-2.109426445434377,-0.2596632901097684,0.0,-0.5532033434569608,0.9228318482030725,-1.509474646981232,-0.638325571740905,-0.40369368659755284,-1.0487421576863714,0.31692451265406335,0.0,1.0,1
3.835317755893076,0.5761133707980697,-0.2209829747798441,-0.4692617500473335,2.118065724021667,0.0,0.8237807099517775,-0.23632261648912098,0.9969174609162059,1.5665986829772471,0.7660476509258137,0.2863847139703712,0.8015452338425768,1.0,0.0,0
-0.6573882895046768,0.5323947260523377,0.13943558482991408,0.49256322564259797,-0.14312694857754726,0.0,-0.09420865898738136,1.2705781876107307,1.4981958824956936,1.5665986829772471,0.02166679977458048,0.2863847139703712,-0.9827401487151312,0.0,1.0,0
0.1411242039917226,1.2756116867297813,-0.8116604051300514,1.110156104769817,-0.27704682962107213,0.0,0.3647860254821981,1.2705781876107307,-1.0081962254017445,-0.638325571740905,0.5533674077397471,0.2863847139703712,0.6877327917452742,1.0,0.0,0
-0.2989162830157018,0.4012387918151418,0.35370318842044235,0.047086394796733336,0.19891084800896716,0.0,0.8237807099517775,1.734239973487608,-1.0081962254017445,-0.638325571740905,1.0850680157049137,0.2863847139703712,1.1282970837348314,1.0,0.0,1
4.105781664980566,-0.1671035898793739,-0.8118910484062523,-0.6515022717570046,1.640412091317354,0.0,1.282775394421357,0.34325461585697575,0.9969174609162059,1.5665986829772471,1.2977482588909803,1.6215115856271138,0.49682159854979924,1.0,0.0,1
-0.5500613414540855,-0.2108222346251059,-0.6356027042967867,-1.906936976868076,-0.8579114425597427,0.0,0.3647860254821981,1.3864936340799499,-0.5069178038222568,-0.638325571740905,0.5533674077397471,0.2863847139703712,-0.615603238723833,0.0,1.0,0
-0.03274545185023526,-0.5605713925909617,-0.5704075382240316,-0.0946562331996783,-0.5921310544914543,0.0,0.3647860254821981,-0.23632261648912098,-0.5069178038222568,-0.638325571740905,0.3406871645536805,0.2863847139703712,0.9373858905393571,1.0,0.0,0
-0.4105363089883168,0.7947065945267296,0.42558700950302014,-0.5097596437605929,0.279771563157364,0.0,1.7417700788909365,-1.2795616347120953,-1.0081962254017445,-0.638325571740905,1.6167686236700805,1.6215115856271138,-1.5261027755022518,1.0,0.0,0
2.5881786195452046,-0.07966630038790996,-0.7137138938367854,0.34069612421787326,0.8806847878669111,0.0,1.282775394421357,-1.0477307417736565,-1.509474646981232,-0.638325571740905,1.191408137297947,1.6215115856271138,0.2875535598547596,1.0,0.0,0
3.5863192364157044,-1.6098188664885291,1.7410224947681572,1.3936413607626403,3.038727050055848,0.0,0.3647860254821981,1.1546627411415114,-1.509474646981232,-0.638325571740905,0.5533674077397471,0.2863847139703712,0.8272448175419678,1.0,0.0,0
0.45666543126046105,1.1007371077468535,0.1085293858190092,1.849242665036818,0.5872239901935158,0.0,1.282775394421357,0.6910009552646338,-1.0081962254017445,-0.638325571740905,1.4040883804840139,1.6215115856271138,-0.7808148482199171,1.0,0.0,0
-0.4277086206764114,0.9695811735096576,0.635011104293332,1.1911518921963395,0.47383727951351673,0.0,-0.5532033434569608,0.9228318482030725,-1.509474646981232,-0.638325571740905,-0.40369368659755284,-1.0487421576863714,0.041571830160589955,1.0,0.0,0
0.7314224182699749,-1.5661002217427973,-1.6675776031111604,0.6343058536390096,-1.2481628191148895,0.0,-0.5532033434569608,-1.0477307417736565,0.4956390393367183,-0.638325571740905,-0.7227140513766528,-1.0487421576863714,0.012200877361286229,1.0,0.0,0
0.682052022166703,1.0132998182553896,1.2093897431253506,-0.4692617500473335,1.562337588076692,0.0,1.282775394421357,0.34325461585697575,0.9969174609162059,1.5665986829772471,1.2977482588909803,1.6215115856271138,1.4697344100267384,1.0,0.0,0
-0.5285959518439672,0.8821438840181935,-1.3124638388540202,1.8087447713235585,-1.1367749126295699,0.0,-0.09420865898738136,0.34325461585697575,0.9969174609162059,1.5665986829772471,-0.08467332181845284,0.2863847139703712,-0.34759329443018555,1.0,0.0,0
-0.3998036141832576,1.1881743972383174,-0.8497165457031809,1.8087447713235585,-0.6316831496164752,0.0,-0.5532033434569608,-1.3954770811813144,-1.0081962254017445,-0.638325571740905,-0.7227140513766528,-1.0487421576863714,0.4931502294498865,1.0,0.0,0
-0.6638279063877123,0.27008285757794587,-1.1517823564341407,-1.8360656628698702,-1.2221783645840563,0.0,1.282775394421357,-1.5113925276505338,-0.005639382242769227,-0.638325571740905,1.0850680157049137,1.6215115856271138,-0.6082605005240072,0.0,1.0,0
-0.5607940362591447,1.1881743972383174,-1.1330233699698105,0.30019823050461025,-0.9457376874774771,0.0,0.3647860254821981,0.11142372291853707,0.9969174609162059,1.5665986829772471,0.3406871645536805,0.2863847139703712,-1.5921874193006855,0.0,1.0,0
-0.668120984309736,-0.8666019058110855,-1.0188549482504223,-0.7932448997534162,-1.3718463998886918,0.0,-0.5532033434569608,1.1546627411415114,-0.5069178038222568,-0.638325571740905,-0.40369368659755284,-1.0487421576863714,0.8419302939416196,1.0,0.0,0
0.6326816260634308,0.9258625287639255,0.282818821534735,-0.6717512186136343,0.7851056054667834,0.0,0.3647860254821981,-0.4681535094275597,-1.509474646981232,-0.638325571740905,0.3406871645536805,0.2863847139703712,1.5027767319259557,1.0,0.0,0
0.6391212429464664,1.3630489762212454,0.44388470941494895,1.4746371481891591,1.0125452948916749,0.0,0.8237807099517775,1.5024090805491692,1.4981958824956936,1.5665986829772471,0.9787278941118804,0.2863847139703712,0.46745064575049555,1.0,0.0,0
-0.6166040492454521,0.27008285757794587,-1.955189768533538,-1.0868546291745524,-1.8284823036368296,0.0,-1.4711927123961197,1.038747294672292,0.9969174609162059,1.5665986829772471,-1.3607547809348528,-1.0487421576863714,-1.6692861703988582,1.0,0.0,0
0.7507412689190813,1.0132998182553896,-0.3101650415774805,0.5431855927841741,0.40393970252381606,0.0,0.8237807099517775,0.34325461585697575,-0.005639382242769227,-0.638325571740905,0.8723877725188471,0.2863847139703712,1.6753310796218654,1.0,0.0,0
-0.6208971271674758,0.8384252392724616,-0.7761413405951307,-1.7651943488716644,-0.7760210404019657,0.0,-0.5532033434569608,-0.9318152953044371,0.9969174609162059,1.5665986829772471,-0.7227140513766528,-1.0487421576863714,-0.6633310370227018,0.0,1.0,0
-0.5479148024930737,-0.6042900373366937,-1.9451952265648371,-2.0081817111512246,-1.9756669761541361,0.0,0.3647860254821981,1.2705781876107307,-1.0081962254017445,-0.638325571740905,0.5533674077397471,0.2863847139703712,0.6179767788469277,0.0,1.0,0
-0.580112886908251,-1.1726324190312094,-0.6554380260500539,0.6039324333540632,-1.1037037886812366,0.0,-1.4711927123961197,1.5024090805491692,-0.5069178038222568,-0.638325571740905,-1.2544146593418195,-1.0487421576863714,-1.192008187410171,0.0,1.0,0
-0.6402159778165821,1.6690794894413692,-0.9753402501405413,-0.05415833948641526,-0.7597277577241238,0.0,-1.4711927123961197,-0.004491723550682283,-0.005639382242769227,-0.638325571740905,-1.467094902527886,-1.0487421576863714,-0.09426882653619036,1.0,0.0,0
-0.10787431548564921,-1.5661002217427973,-0.13749010879516024,0.3103227039329269,-0.5163582045658777,0.0,-0.5532033434569608,1.1546627411415114,-0.5069178038222568,-0.638325571740905,-0.40369368659755284,-1.0487421576863714,-0.47609121292713996,1.0,0.0,0
-0.45990670509158876,0.3575201470694098,-0.6771184940129276,-1.6234517208752528,-0.7137552612464959,0.0,0.8237807099517775,-1.2795616347120953,-0.005639382242769227,-0.638325571740905,0.6597075293327804,0.2863847139703712,-1.0855384835126944,0.0,1.0,0
1.0576963403437725,-0.12338494513364194,0.5791954314527419,1.41389030761927,1.025870656189538,0.0,-0.5532033434569608,-1.3954770811813144,-1.0081962254017445,-0.638325571740905,-0.7227140513766528,-1.0487421576863714,0.23248302335606494,1.0,0.0,1
-0.6080178934014048,0.0077709891035539986,-0.9224460587984946,-1.7449454020150346,-1.0681493019455743,0.0,1.282775394421357,-1.3954770811813144,0.4956390393367183,-0.638325571740905,1.0850680157049137,1.6215115856271138,1.1907103584333523,0.0,1.0,0
-0.507130562233849,-1.1726324190312094,0.7188114946462832,0.7051771676372154,0.020169297145357718,0.0,-0.09420865898738136,-1.5113925276505338,-0.005639382242769227,-0.638325571740905,-0.2973535650045195,0.2863847139703712,-0.832214015618699,0.0,1.0,1
-0.18085664016005137,0.27008285757794587,-0.5120547893452332,-0.7324980591835271,-0.4456126500390405,0.0,-1.0121980279265403,0.11142372291853707,-1.509474646981232,-0.638325571740905,-0.9353942945627195,-1.0487421576863714,-0.788157586419743,1.0,0.0,0
1.7445888078675569,1.5816421999499053,0.9757481043339566,0.5735590130691168,2.103892385186666,0.0,-0.5532033434569608,-0.35223806295834037,-0.005639382242769227,-0.638325571740905,-0.6163739297836195,-1.0487421576863714,1.2053958348330043,1.0,0.0,0
-0.6080178934014048,-1.6972561559799932,-0.2309775167485446,-1.471584619450528,-0.9013400064259606,0.0,1.282775394421357,1.2705781876107307,1.4981958824956936,1.5665986829772471,1.4040883804840139,1.6215115856271138,-0.3439219253302728,0.0,1.0,1
0.458811970221473,-1.0414764847940134,0.9078621000388589,1.7277489838970361,0.743312426850758,0.0,-0.5532033434569608,-0.8158998488352177,1.4981958824956936,1.5665986829772471,-0.7227140513766528,-1.0487421576863714,-0.986411517815044,1.0,0.0,1
-0.09714162068059011,1.2318930419840495,1.3708400364658992,1.7581224041819825,1.298253155082677,0.0,0.3647860254821981,0.8069164017338532,0.4956390393367183,-0.638325571740905,0.4470272861467138,0.2863847139703712,1.8295285818182103,1.0,0.0,0
1.5149091390392913,0.5323947260523377,0.07539363513816323,1.4442637279042163,1.0323516273662259,0.0,0.3647860254821981,1.3864936340799499,-0.5069178038222568,-0.638325571740905,0.5533674077397471,0.2863847139703712,-0.3953210927290543,1.0,0.0,0
0.6348281650244426,1.6690794894413692,0.053328761714954875,0.5938079599257502,0.7702659985668904,0.0,1.7417700788909365,-1.0477307417736565,-0.005639382242769227,-0.638325571740905,1.6167686236700805,1.6215115856271138,1.5321476847252595,1.0,0.0,0
1.6286757039729183,1.3193303314755134,1.5481278347722351,-0.9248630543215112,2.4312722843455314,0.0,0.8237807099517775,-1.2795616347120953,-0.005639382242769227,-0.638325571740905,0.6597075293327804,0.2863847139703712,0.11867058125876243,1.0,0.0,1
1.4462198922869132,-0.9977578400482815,0.6487728197733118,1.5050105684741055,1.106125673097123,0.0,0.3647860254821981,-1.6273079741197531,0.4956390393367183,-0.638325571740905,0.1280069213676138,0.2863847139703712,-0.8836131830174805,1.0,0.0,1
-0.38477784145617483,-0.29825952411656986,-0.6771953751049946,-1.0666056823179229,-0.8167845320086105,0.0,-1.4711927123961197,-1.3954770811813144,0.9969174609162059,1.5665986829772471,-1.6797751457139527,-1.0487421576863714,-1.346205689606516,1.0,0.0,0
0.4695446650265321,-0.1671035898793739,0.8768021388438203,0.1787045493648319,0.9187226373899023,0.0,-1.0121980279265403,1.038747294672292,-1.0081962254017445,-0.638325571740905,-0.8290541729696862,-1.0487421576863714,1.4807485173264776,1.0,0.0,0
-0.5908455817133101,1.6690794894413692,0.14112696885538673,0.11795770879493915,0.14772934666035645,0.0,0.3647860254821981,0.11142372291853707,0.9969174609162059,1.5665986829772471,0.3406871645536805,0.2863847139703712,1.374278813429001,1.0,0.0,1
1.4505129702089368,-0.3856968136080338,0.4333519998017798,0.18882902279314498,1.0745082249267386,0.0,-1.0121980279265403,-0.12040717001990163,0.9969174609162059,1.5665986829772471,-1.041734416155753,-1.0487421576863714,0.6473477316462314,1.0,0.0,1
-0.5178632570389081,-0.6042900373366937,1.1293565262836784,0.6545548004956393,0.46354040941971336,0.0,1.282775394421357,0.34325461585697575,0.9969174609162059,1.5665986829772471,1.2977482588909803,1.6215115856271138,0.5849344569477108,1.0,0.0,0
-0.5543544193761091,0.8384252392724616,0.2659049812800105,0.2900737570762972,0.08249564612490831,0.0,0.8237807099517775,0.9228318482030725,-1.0081962254017445,-0.638325571740905,0.9787278941118804,0.2863847139703712,0.1223419503586756,0.0,1.0,1
-0.5350355687270028,0.7509879497809976,-1.350981265979551,-0.02378491920147248,-1.199828099498095,0.0,1.282775394421357,1.8501554199568273,0.4956390393367183,-0.638325571740905,1.5104285020770472,1.6215115856271138,0.29856766715449834,0.0,1.0,0
-0.6123109713234285,0.4449574365608738,0.9801303265817715,0.06733534165336305,0.525261060158452,0.0,-1.0121980279265403,-0.12040717001990163,0.9969174609162059,1.5665986829772471,-1.041734416155753,-1.0487421576863714,-0.7147302044214837,0.0,1.0,0
0.42661388580629556,0.9695811735096576,-0.056380556664551176,-0.13515412691293774,0.411268651237641,0.0,-1.0121980279265403,0.22733916938775642,-1.0081962254017445,-0.638325571740905,-0.9353942945627195,-1.0487421576863714,0.17741248685737027,1.0,0.0,0
-0.5200097959999199,0.9258625287639255,0.8873348484569895,-1.1071035760311858,0.6108462215851823,0.0,-0.09420865898738136,0.6910009552646338,-1.0081962254017445,-0.638325571740905,0.02166679977458048,0.2863847139703712,1.6936879251214307,0.0,1.0,0
-0.6316298219725348,-1.1289137742854773,1.153574070284761,-0.9653609480347742,0.30212182824332573,0.0,-0.5532033434569608,0.9228318482030725,-1.509474646981232,-0.638325571740905,-0.40369368659755284,-1.0487421576863714,1.6202605431231707,1.0,0.0,1
-0.5243028739219436,0.9258625287639255,-0.11826983577842827,-0.1959009674828269,-0.18382987036011095,0.0,-0.5532033434569608,1.6183245270183886,1.4981958824956936,1.5665986829772471,-0.40369368659755284,-1.0487421576863714,0.20311207055676123,0.0,1.0,0
-0.5436217245710501,-0.9103205505568176,-1.6741893770289162,0.02683744794010362,-1.8275737562756116,0.0,-0.09420865898738136,-1.6273079741197531,-0.5069178038222568,-0.638325571740905,-0.2973535650045195,0.2863847139703712,-1.331520213206864,0.0,1.0,0
-0.5200097959999199,-0.5168527478452297,1.3761448318185172,1.363267940477694,0.6761404919447118,0.0,-1.0121980279265403,-1.163646188242876,-0.005639382242769227,-0.638325571740905,-1.1480745377487862,-1.0487421576863714,1.5174622083256075,1.0,0.0,0
-0.580112886908251,1.6253608446956371,-0.6963387670296596,1.7581224041819825,-0.5156919365009849,0.0,0.8237807099517775,1.1546627411415114,-0.005639382242769227,-0.638325571740905,0.9787278941118804,0.2863847139703712,-0.8175285392190471,1.0,0.0,0
2.188922372797005,0.31380150232367787,-1.6454358485958853,0.36094507107450297,0.008539890921767622,0.0,0.8237807099517775,0.9228318482030725,-1.0081962254017445,-0.638325571740905,0.9787278941118804,0.2863847139703712,-0.7734721100200912,1.0,0.0,1
0.40300195723516535,-0.6480086820824257,-0.08244324687524009,1.353143467049381,0.018836761015570965,0.0,1.282775394421357,0.34325461585697575,0.9969174609162059,1.5665986829772471,1.2977482588909803,1.6215115856271138,-0.8872845521173937,1.0,0.0,0
0.44593273645540193,-1.6535375112342612,-1.1103434478100667,1.0291603173432982,-0.9896508099363444,0.0,-1.0121980279265403,0.22733916938775642,-1.0081962254017445,-0.638325571740905,-0.9353942945627195,-1.0487421576863714,-0.8652563375179159,1.0,0.0,0
1.5428141455324453,1.0570184630011215,0.7818539901411641,-0.560382010902169,1.720969957345345,0.0,1.282775394421357,1.8501554199568273,0.4956390393367183,-0.638325571740905,1.5104285020770472,1.6215115856271138,1.679002448721778,1.0,0.0,1
-0.4362947765204587,-1.740974800725725,0.3739997967261112,-1.1880993634577048,-0.33749551405410544,0.0,0.3647860254821981,0.22733916938775642,1.4981958824956936,1.5665986829772471,0.3406871645536805,0.2863847139703712,1.0438555944368328,0.0,1.0,0
-0.6166040492454521,-1.3912256427598693,-1.6448976809514166,0.30019823050461025,-1.9522870240587946,0.0,-0.5532033434569608,0.22733916938775642,-1.0081962254017445,-0.638325571740905,-0.5100338081905862,-1.0487421576863714,-1.4159617025048625,0.0,1.0,0
-0.6810002180758069,0.9695811735096576,-0.7525388453305839,1.6265042496138875,-0.762271690335534,0.0,-1.0121980279265403,1.2705781876107307,-0.005639382242769227,-0.638325571740905,-0.8290541729696862,-1.0487421576863714,1.539490422925085,1.0,0.0,0
-0.6745606011927714,0.9258625287639255,-1.6181430609121257,-1.3399664648824294,-1.4502843220738408,0.0,1.282775394421357,0.5750855087954145,-1.509474646981232,-0.638325571740905,1.4040883804840139,1.6215115856271138,1.6239319122230835,0.0,1.0,1
-0.5285959518439672,1.2318930419840495,0.19855714462938168,-0.42876385633407404,0.13119378468618978,0.0,1.282775394421357,-1.5113925276505338,-0.005639382242769227,-0.638325571740905,1.0850680157049137,1.6215115856271138,0.47479338395032145,1.0,0.0,0
-0.1980289518481459,-1.3912256427598693,-1.266950232350399,0.09770876193830944,-1.4183034549589695,0.0,-0.09420865898738136,1.3864936340799499,-1.509474646981232,-0.638325571740905,0.1280069213676138,0.2863847139703712,1.1576680365341359,1.0,0.0,0
0.14327074295273437,-0.25454087937083786,-1.953037097955664,-0.8033693731817328,-1.514246056303584,0.0,0.3647860254821981,-0.4681535094275597,-1.509474646981232,-0.638325571740905,0.3406871645536805,0.2863847139703712,-0.03552692093758252,1.0,0.0,0
-0.3654589908070684,1.4067676209669773,0.0833892687131239,0.06733534165336305,0.17129100822794208,0.0,-1.0121980279265403,1.5024090805491692,0.9969174609162059,1.5665986829772471,-0.8290541729696862,-1.0487421576863714,-0.8248712774188731,1.0,0.0,0
-0.43200169859843507,-0.9977578400482815,0.7833147308904357,-0.4692617500473335,0.15215094381828387,0.0,0.3647860254821981,-0.5840689558967791,1.4981958824956936,1.5665986829772471,0.23434704296064715,0.2863847139703712,-0.35860740172992467,0.0,1.0,1
-0.3998036141832576,0.1826455680864819,-0.3469910846775389,-2.1296753922910066,-0.4585140225683354,0.0,-0.09420865898738136,0.34325461585697575,0.9969174609162059,1.5665986829772471,-0.08467332181845284,0.2863847139703712,-0.7037160971217447,0.0,1.0,1
-0.5672336531421801,-0.6480086820824257,-1.6309053221952357,-0.5907554311871154,-1.748651275497813,0.0,-1.4711927123961197,0.34325461585697575,1.4981958824956936,1.5665986829772471,-1.467094902527886,-1.0487421576863714,-0.68535925162218,0.0,1.0,1
-0.36116591288504474,-0.7791646163196216,-0.9951755718938086,-0.03390939262978554,-1.16057885349348,0.0,-0.5532033434569608,-0.6999844023659983,-1.509474646981232,-0.638325571740905,-0.6163739297836195,-1.0487421576863714,1.7634439380197773,1.0,0.0,0
-0.24095973106838248,0.6198320155438017,-0.6302210278521015,-0.2667722814810327,-0.4950981963133782,0.0,0.3647860254821981,-1.3954770811813144,1.4981958824956936,1.5665986829772471,0.1280069213676138,0.2863847139703712,-1.335191582306777,1.0,0.0,0
-0.605871354440393,0.8384252392724616,-1.3021617725170518,0.796297428492051,-1.181960001394142,0.0,0.8237807099517775,-0.9318152953044371,1.4981958824956936,1.5665986829772471,0.6597075293327804,0.2863847139703712,0.9961277961379645,1.0,0.0,0
-0.4770790167796834,-1.2163510637769415,-0.9095300353312509,-0.06428281291473192,-1.255431198004633,0.0,-0.5532033434569608,0.8069164017338532,1.4981958824956936,1.5665986829772471,-0.5100338081905862,-1.0487421576863714,0.2471684997557168,0.0,1.0,0
-0.5779663479472393,-1.2163510637769415,1.516375943748594,-0.9147385808931981,0.5988533964171053,0.0,-1.4711927123961197,0.5750855087954145,-1.0081962254017445,-0.638325571740905,-1.3607547809348528,-1.0487421576863714,1.7377443543203863,0.0,1.0,1
-0.642362516777594,0.4449574365608738,1.4336518886845795,1.4037658341909534,0.8656029016706929,0.0,0.3647860254821981,1.5024090805491692,-0.005639382242769227,-0.638325571740905,0.5533674077397471,0.2863847139703712,0.48947886034997334,1.0,0.0,0
-0.37619168561212757,0.051489633849285975,1.0895321205930095,0.9177911096318293,0.6574849861277032,0.0,0.8237807099517775,-0.12040717001990163,1.4981958824956936,1.5665986829772471,0.7660476509258137,0.2863847139703712,-1.3792480115057328,1.0,0.0,0
-0.382631302495163,1.6253608446956371,1.0367916914350974,-1.5120825131637874,0.9611820840708205,0.0,0.3647860254821981,0.4591700623261951,-1.0081962254017445,-0.638325571740905,0.4470272861467138,0.2863847139703712,-0.45773436742757495,0.0,1.0,0
-0.37619168561212757,0.5323947260523377,0.29611925046231324,1.778371351038612,0.13900729199266443,0.0,-1.0121980279265403,-0.6999844023659983,-1.509474646981232,-0.638325571740905,-1.041734416155753,-1.0487421576863714,-0.2741659124319263,1.0,0.0,0
-0.5779663479472393,-1.3912256427598693,0.9117830357342726,1.1202805781981338,0.08376761243061366,0.0,0.3647860254821981,1.3864936340799499,-0.5069178038222568,-0.638325571740905,0.5533674077397471,0.2863847139703712,-0.6890306207220928,1.0,0.0,1
-0.5285959518439672,1.4942049104584412,1.1114432318320844,-0.7223735857552104,0.9085469069442612,0.0,-1.0121980279265403,-1.0477307417736565,0.4956390393367183,-0.638325571740905,-1.1480745377487862,-1.0487421576863714,-0.26315180513218717,1.0,0.0,0
-0.569380192103192,1.3630489762212454,1.5229108365742825,0.4419408585010219,1.1806265567169942,0.0,-0.5532033434569608,-1.6273079741197531,1.4981958824956936,1.5665986829772471,-0.8290541729696862,-1.0487421576863714,-0.47976258202705313,0.0,1.0,1
-0.6166040492454521,-1.740974800725725,0.08115971704318282,0.806421901920364,-0.6699632784357913,0.0,-1.0121980279265403,-0.9318152953044371,0.9969174609162059,1.5665986829772471,-1.1480745377487862,-1.0487421576863714,1.3706074443290883,0.0,1.0,0
-0.4491740102865296,1.1444557524925854,0.1377442008044419,1.0089113704866683,0.10872237995206635,0.0,1.282775394421357,-0.5840689558967791,0.4956390393367183,-0.638325571740905,1.191408137297947,1.6215115856271138,-1.2580928312086046,1.0,0.0,0
-0.32682128950885553,1.1444557524925854,-0.1544808301419512,1.3227700467644345,-0.05245392192799677,0.0,0.3647860254821981,-1.2795616347120953,-1.509474646981232,-0.638325571740905,0.23434704296064715,0.2863847139703712,-0.5788895477247034,1.0,0.0,0
-0.38692438041718663,-1.740974800725725,0.5010842419127434,-0.7122491123268974,-0.20951147577053844,0.0,-0.5532033434569608,1.038747294672292,-1.0081962254017445,-0.638325571740905,-0.40369368659755284,-1.0487421576863714,0.01954361556111216,1.0,0.0,1
0.29782154814558603,-1.2600697085226733,1.1579562925325757,1.1304050516264468,0.8010354692001381,0.0,1.282775394421357,1.3864936340799499,-1.509474646981232,-0.638325571740905,1.5104285020770472,1.6215115856271138,0.20311207055676123,1.0,0.0,0
-0.02201275704517617,-1.0414764847940134,-1.9431963181710972,-1.1172280494594988,-1.774211741260078,0.0,-1.0121980279265403,0.34325461585697575,-0.5069178038222568,-0.638325571740905,-0.9353942945627195,-1.0487421576863714,-0.832214015618699,1.0,0.0,0
-0.33540744535290284,0.4886760813066058,-1.8352552649091303,1.7176245104687229,-1.5268445797124728,0.0,0.8237807099517775,0.22733916938775642,-0.5069178038222568,-0.638325571740905,0.8723877725188471,0.2863847139703712,1.1870389893334394,1.0,0.0,1
-0.3397005232749265,1.2318930419840495,0.36177570308746987,0.7659240082071046,0.36638641159347446,0.0,-1.0121980279265403,-1.5113925276505338,-1.509474646981232,-0.638325571740905,-1.1480745377487862,-1.0487421576863714,-0.6523169297229631,1.0,0.0,1
2.2425858468223008,-1.0414764847940134,0.5229184720597507,0.08758428850999637,1.4467097939056888,0.0,0.8237807099517775,1.038747294672292,-0.5069178038222568,-0.638325571740905,0.9787278941118804,0.2863847139703712,1.8478854273177756,1.0,0.0,0
-0.4942513284677779,0.6635506602895337,0.19432868456570054,-1.8259411894415536,0.021259553978818808,0.0,1.282775394421357,1.734239973487608,-0.005639382242769227,-0.638325571740905,1.5104285020770472,1.6215115856271138,-0.9386837195161752,0.0,1.0,1
-0.5436217245710501,1.2318930419840495,0.6536932096655951,1.5758818824723113,0.4812873678755034,0.0,-0.5532033434569608,1.6183245270183886,1.4981958824956936,1.5665986829772471,-0.40369368659755284,-1.0487421576863714,-0.8285426465187858,1.0,0.0,1
-0.4556136271695651,1.0570184630011215,0.253988412009637,-0.7628714794684698,0.17728742081198026,0.0,-1.4711927123961197,1.2705781876107307,-1.509474646981232,-0.638325571740905,-1.2544146593418195,-1.0487421576863714,-0.5788895477247034,0.0,1.0,0
0.22483922347118396,0.09520827859501796,-0.9880256303315842,1.667002143327147,-0.6304111833107702,0.0,0.8237807099517775,0.9228318482030725,-1.0081962254017445,-0.638325571740905,0.9787278941118804,0.2863847139703712,-0.9386837195161752,1.0,0.0,1
-0.6852932959978305,-0.9977578400482815,0.8420518852295685,1.5758818824723113,0.05548150458469462,0.0,0.8237807099517775,0.9228318482030725,-1.0081962254017445,-0.638325571740905,0.9787278941118804,0.2863847139703712,-1.2984778913076471,1.0,0.0,0
-0.05421084146035354,-1.4786629322513334,1.1779453764699768,1.8289937181801883,0.5696587412099688,0.0,-1.4711927123961197,0.34325461585697575,1.4981958824956936,1.5665986829772471,-1.467094902527886,-1.0487421576863714,0.9814423197383126,1.0,0.0,0
1.5192022169613153,1.6690794894413692,-1.6516632170533065,1.1202805781981338,-0.07389563965273999,0.0,-0.09420865898738136,0.5750855087954145,-1.509474646981232,-0.638325571740905,0.02166679977458048,0.2863847139703712,-1.335191582306777,1.0,0.0,0
-0.6273367440505112,-0.9103205505568176,0.7710906372517944,-1.0058588417480336,0.05166560566757971,0.0,0.8237807099517775,1.5024090805491692,1.4981958824956936,1.5665986829772471,0.9787278941118804,0.2863847139703712,-1.3902621188054718,0.0,1.0,1
-0.5629405752201564,1.4942049104584412,-1.6804936265784045,-2.149924339147636,-1.310428598270359,0.0,1.282775394421357,-1.3954770811813144,0.4956390393367183,-0.638325571740905,1.0850680157049137,1.6215115856271138,0.33895272725354114,0.0,1.0,0
2.1030608143565317,0.6198320155438017,-0.6882662523626323,-0.4996351703322799,0.7820165444386422,0.0,-0.5532033434569608,-1.163646188242876,-0.005639382242769227,-0.638325571740905,-0.7227140513766528,-1.0487421576863714,-1.4747036081034701,1.0,0.0,0
1.9742684766958223,0.7947065945267296,0.7827765632459672,-0.7831204263251031,1.9070404569227788,0.0,0.8237807099517775,1.3864936340799499,0.9969174609162059,1.5665986829772471,0.9787278941118804,0.2863847139703712,1.704702032421169,1.0,0.0,0
-0.6123109713234285,1.1444557524925854,-0.17546936827622264,-0.7021246388985807,-0.23010521595814512,0.0,0.8237807099517775,-0.004491723550682283,-1.509474646981232,-0.638325571740905,0.8723877725188471,0.2863847139703712,0.7024182681449261,0.0,1.0,0
0.5682854572330761,0.7072693050352656,1.0537824127818882,1.7581224041819825,1.3077020476393437,0.0,1.282775394421357,-0.5840689558967791,0.4956390393367183,-0.638325571740905,1.191408137297947,1.6215115856271138,-1.3792480115057328,1.0,0.0,0
-0.642362516777594,-1.0414764847940134,1.4228885357952092,-1.9980572377229115,0.5276232832976184,0.0,-0.09420865898738136,-0.6999844023659983,-0.005639382242769227,-0.638325571740905,-0.19101344341148618,0.2863847139703712,-0.45773436742757495,0.0,1.0,0
-0.5049840232728371,0.3575201470694098,-0.05530422137561429,-1.420962252308952,-0.2493058501918842,0.0,0.3647860254821981,0.34325461585697575,-1.509474646981232,-0.638325571740905,0.4470272861467138,0.2863847139703712,-0.8432281229184377,0.0,1.0,0
-0.4491740102865296,0.8821438840181935,-1.0179323751456193,-1.6437006677318824,-0.8599102467544223,0.0,-0.5532033434569608,1.038747294672292,-1.0081962254017445,-0.638325571740905,-0.40369368659755284,-1.0487421576863714,-0.7257443117212224,0.0,1.0,1
0.46525158710450837,-1.3475069980141374,-1.953037097955664,0.8772932159185698,-1.57481588038478,0.0,0.3647860254821981,-0.5840689558967791,1.4981958824956936,1.5665986829772471,0.23434704296064715,0.2863847139703712,-0.47609121292713996,1.0,0.0,0
4.292530554588595,0.6635506602895337,1.1633379689772607,-1.167850416601075,3.486095770719562,0.0,1.282775394421357,-0.23632261648912098,-1.509474646981232,-0.638325571740905,1.2977482588909803,1.6215115856271138,0.06360004476006775,1.0,0.0,1
-0.5178632570389081,-0.42941545835376577,-1.8168806839051344,0.1584556025081986,-1.8188517016079193,0.0,1.282775394421357,1.734239973487608,-0.005639382242769227,-0.638325571740905,1.5104285020770472,1.6215115856271138,0.21045480875658715,0.0,1.0,0
-0.6810002180758069,1.4504862657127093,-0.3692866013769481,0.23945138993472107,-0.3537282269078661,0.0,-1.4711927123961197,-0.9318152953044371,-0.5069178038222568,-0.638325571740905,-1.5734350241209194,-1.0487421576863714,0.4380796929511918,0.0,1.0,0
-0.5672336531421801,1.7127981341871013,-1.0655217711350475,-0.9451120011781445,-0.7798975091431622,0.0,0.3647860254821981,0.11142372291853707,0.9969174609162059,1.5665986829772471,0.3406871645536805,0.2863847139703712,-0.9460264577160011,1.0,0.0,1
-0.6015782765183694,0.7947065945267296,1.2196149283702518,-1.8461901362981832,0.7975224194034286,0.0,0.8237807099517775,1.6183245270183886,-1.509474646981232,-0.638325571740905,1.0850680157049137,0.2863847139703712,-0.9166555049166975,0.0,1.0,0
-0.27530435444457174,-0.5605713925909617,-1.3615139755927204,-0.7831204263251031,-1.3522823467104657,0.0,-1.4711927123961197,1.038747294672292,0.9969174609162059,1.5665986829772471,-1.3607547809348528,-1.0487421576863714,-1.0121111015144348,1.0,0.0,0
-0.4856651726237307,-0.3856968136080338,0.8671920023354543,0.5634345396408038,0.32362411579215034,0.0,1.282775394421357,1.6183245270183886,-0.5069178038222568,-0.638325571740905,1.5104285020770472,1.6215115856271138,-0.7771434791200044,1.0,0.0,0
-0.12075354925172017,-1.0851951295397455,-0.11188870513687336,-0.06428281291473192,-0.39685394165367766,0.0,1.282775394421357,0.11142372291853707,-0.005639382242769227,-0.638325571740905,1.2977482588909803,1.6215115856271138,-1.1883368183102578,1.0,0.0,0
0.2870888533405269,1.3193303314755134,0.6741435801553981,0.5634345396408038,0.9855917231755426,0.0,0.8237807099517775,-0.6999844023659983,-1.0081962254017445,-0.638325571740905,0.7660476509258137,0.2863847139703712,1.5174622083256075,1.0,0.0,1
-0.3998036141832576,1.6253608446956371,1.6469969191703047,1.1911518921963395,1.4322336059502827,0.0,-1.4711927123961197,-0.4681535094275597,1.4981958824956936,1.5665986829772471,-1.5734350241209194,-1.0487421576863714,0.9557427360389217,1.0,0.0,1
-0.1872962570430868,-1.3475069980141374,1.001810794544645,-1.167850416601075,0.3848602079382393,0.0,-0.09420865898738136,1.5024090805491692,-1.0081962254017445,-0.638325571740905,0.1280069213676138,0.2863847139703712,0.9080149377400526,1.0,0.0,1
-0.2559855037954652,0.2263642128322139,0.9359236986432878,0.1584556025081986,0.6430693679963785,0.0,-1.4711927123961197,-0.35223806295834037,-1.509474646981232,-0.638325571740905,-1.467094902527886,-1.0487421576863714,0.26185397615536865,1.0,0.0,0
-0.6445090557386058,-0.7354459715738897,1.0417889624194476,1.8188692447518715,0.2940054718164451,0.0,-1.0121980279265403,-0.12040717001990163,0.9969174609162059,1.5665986829772471,-1.041734416155753,-1.0487421576863714,-0.9276696122164365,1.0,0.0,1
-0.6702675232707478,1.4067676209669773,1.1445021014208634,0.21920244307809136,0.835257419806014,0.0,0.3647860254821981,-0.23632261648912098,-0.5069178038222568,-0.638325571740905,0.3406871645536805,0.2863847139703712,0.23615439245597772,1.0,0.0,0
-0.5886990427522983,0.8821438840181935,0.30772829536441926,-0.15540307376956747,0.10575445857208741,0.0,-0.5532033434569608,1.734239973487608,-1.509474646981232,-0.638325571740905,-0.2973535650045195,-1.0487421576863714,-1.2544214621086913,0.0,1.0,0
-0.5844059648302747,1.2756116867297813,0.3444774573724111,-1.2083483103143344,0.22435017412306954,0.0,-1.0121980279265403,0.34325461585697575,-0.5069178038222568,-0.638325571740905,-0.9353942945627195,-1.0487421576863714,-0.2704945433320131,0.0,1.0,1
-0.5135701791168844,-1.6972561559799932,-1.3346055933692955,-0.25664780805271603,-1.7175183859200784,0.0,-1.0121980279265403,-0.23632261648912098,0.4956390393367183,-0.638325571740905,-1.041734416155753,-1.0487421576863714,-0.7771434791200044,0.0,1.0,0
0.09819342477148613,-1.6972561559799932,1.355079412592179,0.6039324333540632,0.7467649068233861,0.0,1.282775394421357,-0.004491723550682283,-0.5069178038222568,-0.638325571740905,1.2977482588909803,1.6215115856271138,-0.6045891314240943,1.0,0.0,1
-0.6488021336606294,0.9695811735096576,-0.7297820420787734,-0.11490518005630801,-0.7261720751831412,0.0,1.282775394421357,0.34325461585697575,0.9969174609162059,1.5665986829772471,1.2977482588909803,1.6215115856271138,1.38529292072874,0.0,1.0,0
-0.5285959518439672,-0.9540391953025495,0.4814026823436098,-0.003535972344839162,-0.13052842516865837,0.0,0.8237807099517775,1.1546627411415114,-0.005639382242769227,-0.638325571740905,0.9787278941118804,0.2863847139703712,-0.7771434791200044,0.0,1.0,1
-0.6810002180758069,0.5761133707980697,-0.13303100545527854,-1.289344097740857,-0.3614205945661779,0.0,-1.0121980279265403,0.6910009552646338,0.9969174609162059,1.5665986829772471,-0.9353942945627195,-1.0487421576863714,-0.32189371073079504,0.0,1.0,0
-0.1872962570430868,-0.12338494513364194,1.3134098606919038,0.23945138993472107,0.901702516823086,0.0,-0.09420865898738136,0.6910009552646338,-1.0081962254017445,-0.638325571740905,0.02166679977458048,0.2863847139703712,-0.832214015618699,1.0,0.0,1
-0.6466555946996178,-0.3856968136080338,-1.6664243867301565,-1.0868546291745524,-1.7633091729254626,0.0,1.282775394421357,0.5750855087954145,-1.509474646981232,-0.638325571740905,1.4040883804840139,1.6215115856271138,-0.788157586419743,0.0,1.0,1
-0.5479148024930737,0.4012387918151418,0.9010196828449024,-0.8236183200383626,0.4895854337746277,0.0,-1.0121980279265403,0.5750855087954145,0.4956390393367183,-0.638325571740905,-0.9353942945627195,-1.0487421576863714,-1.0194538397142607,0.0,1.0,1
-0.580112886908251,-1.6972561559799932,1.3905984771270996,0.21920244307809136,0.39194687735573913,0.0,0.3647860254821981,-1.0477307417736565,-0.5069178038222568,-0.638325571740905,0.23434704296064715,0.2863847139703712,1.2604663713316988,0.0,1.0,0
-0.4942513284677779,-1.3037883532684054,1.4695553586798344,0.7861729550637343,0.5898284926290073,0.0,-1.0121980279265403,0.5750855087954145,0.4956390393367183,-0.638325571740905,-0.9353942945627195,-1.0487421576863714,0.15538427225789248,0.0,1.0,0
-0.6638279063877123,1.6253608446956371,0.0942295026945605,-0.01366044577315582,0.05990310174262205,0.0,-1.0121980279265403,-0.6999844023659983,-1.509474646981232,-0.638325571740905,-1.041734416155753,-1.0487421576863714,-1.3792480115057328,1.0,0.0,0
-0.26886473756153617,-0.03594765564217798,1.6413845994494187,-0.681875692041951,1.1334426637577426,0.0,-0.5532033434569608,-0.35223806295834037,-0.005639382242769227,-0.638325571740905,-0.6163739297836195,-1.0487421576863714,-0.10895430293584223,1.0,0.0,0
0.48457043775361497,-0.03594765564217798,1.3771442860153873,-0.4996351703322799,1.3504643434406678,0.0,-1.0121980279265403,0.22733916938775642,-1.0081962254017445,-0.638325571740905,-0.9353942945627195,-1.0487421576863714,1.653302865022388,1.0,0.0,0
0.3772434897030236,0.051489633849285975,0.3980635785430596,0.7153016410655285,0.5379201533914217,0.0,0.3647860254821981,-0.35223806295834037,-1.0081962254017445,-0.638325571740905,0.3406871645536805,0.2863847139703712,-0.82119990831896,1.0,0.0,0
-0.03274545185023526,0.8821438840181935,1.4249643252810167,-1.0767301557462394,1.2997068308606259,0.0,-0.09420865898738136,-0.8158998488352177,-0.5069178038222568,-0.638325571740905,-0.19101344341148618,0.2863847139703712,-0.5825609168246165,1.0,0.0,0
-0.6659744453487241,0.4012387918151418,0.1085293858190092,-1.6538251411601992,-0.20139511934365784,0.0,0.8237807099517775,0.8069164017338532,-1.509474646981232,-0.638325571740905,0.9787278941118804,0.2863847139703712,-1.4306471789045145,0.0,1.0,1
-0.26886473756153617,-1.1726324190312094,0.05863355706757289,-1.0159833151763467,-0.3654787727796185,0.0,-0.5532033434569608,1.3864936340799499,0.4956390393367183,-0.638325571740905,-0.40369368659755284,-1.0487421576863714,0.35730957275310615,1.0,0.0,1
-0.04777122457731811,1.4067676209669773,0.8708054136625997,-1.1374769963161286,0.9709338257478932,0.0,1.7417700788909365,-0.4681535094275597,-1.0081962254017445,-0.638325571740905,1.7231087452631138,1.6215115856271138,0.03790046106067718,1.0,0.0,1
0.7035174117768211,1.5379235552041732,-1.1490146371197314,0.6444303270673226,-0.1672943083859443,0.0,-1.4711927123961197,-0.6999844023659983,0.4956390393367183,-0.638325571740905,-1.5734350241209194,-1.0487421576863714,1.4697344100267384,1.0,0.0,0
-0.3568728349630211,-0.6917273268281576,1.2981105233705856,0.06733534165336305,0.6679635656937504,0.0,-0.09420865898738136,1.6183245270183886,-0.5069178038222568,-0.638325571740905,0.1280069213676138,0.2863847139703712,-0.21909537593323158,1.0,0.0,1
4.524356762377872,-1.6972561559799932,0.32587223309221436,-0.5806309577587988,2.433816216956942,0.0,0.3647860254821981,-1.2795616347120953,-1.509474646981232,-0.638325571740905,0.23434704296064715,0.2863847139703712,1.1099402382352668,1.0,0.0,1
-0.06923661418743639,0.9695811735096576,-1.0786684378784923,-0.13515412691293774,-0.6739608868251502,0.0,1.282775394421357,-0.4681535094275597,0.9969174609162059,1.5665986829772471,1.191408137297947,1.6215115856271138,-0.41367793822861937,1.0,0.0,0
0.9933001715134175,-0.7791646163196216,-0.9505076574029233,0.14833112907988552,-0.3609966057976096,0.0,-0.5532033434569608,-0.004491723550682283,1.4981958824956936,1.5665986829772471,-0.6163739297836195,-1.0487421576863714,-1.2727783076082564,1.0,0.0,0
-0.6616813674267005,1.1881743972383174,-0.7646860578771586,1.0797826844848706,-0.7124832949407909,0.0,-0.5532033434569608,1.734239973487608,-1.509474646981232,-0.638325571740905,-0.2973535650045195,-1.0487421576863714,-0.09426882653619036,1.0,0.0,0
-0.6080178934014048,1.5379235552041732,-0.6469811059226919,-0.6211288514720618,-0.5119366074079503,0.0,1.282775394421357,0.22733916938775642,0.4956390393367183,-0.638325571740905,1.2977482588909803,1.6215115856271138,-0.40266383092888025,0.0,1.0,0
0.5554062234670052,1.4504862657127093,-1.0016335836274306,1.515135041902422,-0.15415065656032484,0.0,-0.09420865898738136,0.6910009552646338,-1.0081962254017445,-0.638325571740905,0.02166679977458048,0.2863847139703712,0.8566157703412715,1.0,0.0,0
1.7360026520235097,-1.3912256427598693,-1.0173942075011508,0.24957586336303772,-0.13022557604825238,0.0,-0.09420865898738136,-0.35223806295834037,1.4981958824956936,1.5665986829772471,-0.19101344341148618,0.2863847139703712,-0.9900828869149572,1.0,0.0,0
-0.47493247781867154,-0.6480086820824257,1.4545635457267836,-0.6515022717570046,0.7342875230626601,0.0,-0.5532033434569608,-1.2795616347120953,-0.5069178038222568,-0.638325571740905,-0.7227140513766528,-1.0487421576863714,0.48580749125006056,1.0,0.0,0
-0.17441702327701583,1.0570184630011215,-0.24112582090137927,-0.1959009674828269,-0.05408930717818895,0.0,0.3647860254821981,1.1546627411415114,-1.509474646981232,-0.638325571740905,0.5533674077397471,0.2863847139703712,0.7574888046436212,1.0,0.0,0
-0.4556136271695651,0.7947065945267296,0.5388328581176047,-1.5829538271619932,0.3435515879148636,0.0,-1.0121980279265403,0.4591700623261951,-0.005639382242769227,-0.638325571740905,-0.9353942945627195,-1.0487421576863714,-0.7477725263207006,0.0,1.0,1
-0.6273367440505112,-0.9540391953025495,1.1299715750202142,-0.10478070662799135,0.3247143726256114,0.0,0.3647860254821981,0.8069164017338532,0.4956390393367183,-0.638325571740905,0.4470272861467138,0.2863847139703712,1.561518637524563,0.0,1.0,1
-0.039185068733270795,-1.4349442875056013,0.8492787078838597,1.5252595153307353,0.3288936904872143,0.0,0.3647860254821981,1.2705781876107307,-1.0081962254017445,-0.638325571740905,0.5533674077397471,0.2863847139703712,-0.3953210927290543,1.0,0.0,0
-0.39551053626123395,0.13892692334074994,-1.9258980724560384,-0.30727017519429217,-1.709704878613604,0.0,0.3647860254821981,1.734239973487608,0.9969174609162059,1.5665986829772471,0.5533674077397471,0.2863847139703712,1.080569285435963,1.0,0.0,0
-0.6573882895046768,0.051489633849285975,-1.62729191086809,0.24957586336303772,-1.6416243963463395,0.0,1.282775394421357,1.6183245270183886,-0.5069178038222568,-0.638325571740905,1.5104285020770472,1.6215115856271138,1.0218273798373556,0.0,1.0,1
0.18834806113398272,-0.9103205505568176,1.1917839730420239,-1.0767301557462394,0.8434343460569754,0.0,-1.4711927123961197,-1.0477307417736565,-1.0081962254017445,-0.638325571740905,-1.5734350241209194,-1.0487421576863714,1.2053958348330043,1.0,0.0,1
-0.5629405752201564,0.8821438840181935,0.35662466991898556,1.241774259337912,0.15881362446721545,0.0,0.8237807099517775,0.22733916938775642,-0.5069178038222568,-0.638325571740905,0.8723877725188471,0.2863847139703712,-0.28518001973166496,1.0,0.0,0
1.9055792299434438,-0.9540391953025495,-0.043695176473508235,-0.40851490947744434,0.8295032865183003,0.0,0.8237807099517775,1.038747294672292,-0.5069178038222568,-0.638325571740905,0.9787278941118804,0.2863847139703712,0.7942024956427505,1.0,0.0,0
0.5382339117789106,-0.5168527478452297,-0.8095077345521775,-0.24652333462440298,-0.44858057141901947,0.0,-0.09420865898738136,1.038747294672292,0.4956390393367183,-0.638325571740905,0.02166679977458048,0.2863847139703712,0.4197228474516268,1.0,0.0,0
-0.08211584795350736,0.1826455680864819,0.16373000992306352,-0.5401330640455393,0.12313799808339114,0.0,0.3647860254821981,0.34325461585697575,-1.509474646981232,-0.638325571740905,0.4470272861467138,0.2863847139703712,0.5482207659485812,1.0,0.0,0
0.6863451000887265,-0.8228832610653536,-1.2737157684522886,1.2518987327662285,-0.7985530149601705,0.0,-0.5532033434569608,0.22733916938775642,-1.0081962254017445,-0.638325571740905,-0.5100338081905862,-1.0487421576863714,0.7868597574429249,1.0,0.0,0
0.518915061129804,1.1881743972383174,-0.6389854723477314,-0.7021246388985807,0.05281643232512221,0.0,-1.0121980279265403,-1.5113925276505338,-1.509474646981232,-0.638325571740905,-1.1480745377487862,-1.0487421576863714,1.3412364915297845,1.0,0.0,0
-0.6037248154793812,1.5816421999499053,-0.6033126456286767,-0.2870212283376624,-0.4654189825135921,0.0,-1.0121980279265403,-0.23632261648912098,0.4956390393367183,-0.638325571740905,-1.041734416155753,-1.0487421576863714,-0.32923644893062093,0.0,1.0,0
-0.5243028739219436,-0.42941545835376577,1.1197463897753124,1.1607784719113932,0.4910996793766576,0.0,-0.09420865898738136,-1.6273079741197531,-0.5069178038222568,-0.638325571740905,-0.2973535650045195,0.2863847139703712,-0.8982986594171324,1.0,0.0,0
-0.5672336531421801,-0.03594765564217798,1.0709268963128133,-0.4996351703322799,0.5156304581295421,0.0,-1.0121980279265403,0.4591700623261951,-0.005639382242769227,-0.638325571740905,-0.9353942945627195,-1.0487421576863714,-1.6178870030000765,0.0,1.0,0
2.7169709572059144,1.5816421999499053,-0.5193584930915915,-0.6920001654702677,1.4747536224552829,0.0,0.3647860254821981,1.8501554199568273,1.4981958824956936,1.5665986829772471,0.5533674077397471,0.2863847139703712,-0.4907766893267918,1.0,0.0,0
-0.07352969210946005,1.3193303314755134,1.5900280299487108,0.7254261144938451,1.503645428542013,0.0,0.8237807099517775,1.6183245270183886,-1.509474646981232,-0.638325571740905,1.0850680157049137,0.2863847139703712,0.1113278430589365,1.0,0.0,1
1.731709574101486,0.6198320155438017,-0.15386578140541587,0.7153016410655285,0.9934658003060981,0.0,-0.09420865898738136,0.9228318482030725,-0.005639382242769227,-0.638325571740905,0.02166679977458048,0.2863847139703712,-1.004768363314609,1.0,0.0,0
4.189496684460027,0.6198320155438017,-0.9096069164233177,1.0089113704866683,1.7851134010473315,0.0,0.8237807099517775,-0.004491723550682283,-1.509474646981232,-0.638325571740905,0.8723877725188471,0.2863847139703712,-0.5348331185257478,1.0,0.0,1
-0.6638279063877123,-0.9540391953025495,0.3065750789834155,-0.8033693731817328,-0.3445821834716058,0.0,0.8237807099517775,0.34325461585697575,-0.005639382242769227,-0.638325571740905,0.8723877725188471,0.2863847139703712,0.6289908861466664,1.0,0.0,1
-0.6595348284656887,0.8821438840181935,-1.9506537841015892,-0.40851490947744434,-1.713460207706638,0.0,0.8237807099517775,-0.9318152953044371,1.4981958824956936,1.5665986829772471,0.6597075293327804,0.2863847139703712,0.5078357058495383,1.0,0.0,0
-0.6123109713234285,-0.03594765564217798,1.5618126691601482,0.7456750613504749,0.876929458773877,0.0,-1.0121980279265403,0.4591700623261951,-0.005639382242769227,-0.638325571740905,-0.9353942945627195,-1.0487421576863714,-1.0781957453128685,0.0,1.0,0
-0.4491740102865296,1.0570184630011215,1.0803832706370453,-1.6740740880168288,0.831986649305629,0.0,-0.09420865898738136,-1.6273079741197531,-0.5069178038222568,-0.638325571740905,-0.2973535650045195,0.2863847139703712,1.1393111910345703,0.0,1.0,0
-0.13577932197880302,0.7509879497809976,0.46502700973335415,1.798620297895242,0.4562114607058884,0.0,1.282775394421357,0.8069164017338532,-0.5069178038222568,-0.638325571740905,1.4040883804840139,1.6215115856271138,-0.43570615282809716,1.0,0.0,0
-0.6294832830115231,-1.740974800725725,-1.4142544047506327,-0.15540307376956747,-1.8553753055288806,0.0,0.8237807099517775,-0.4681535094275597,-0.005639382242769227,-0.638325571740905,0.7660476509258137,0.2863847139703712,-0.9460264577160011,0.0,1.0,0
0.7979651260613416,-1.0851951295397455,0.7500252180254561,1.1506539984830764,0.8006720502556507,0.0,-0.5532033434569608,-1.163646188242876,-0.005639382242769227,-0.638325571740905,-0.7227140513766528,-1.0487421576863714,-0.09794019563610314,1.0,0.0,0
-0.5414751856100382,-0.9540391953025495,0.47894248739746814,-1.8765635565831296,-0.13973503842900006,0.0,0.3647860254821981,-0.9318152953044371,-0.005639382242769227,-0.638325571740905,0.23434704296064715,0.2863847139703712,0.026886353760938092,0.0,1.0,0
-0.28174397132760715,-1.6972561559799932,1.3516966445412342,1.1506539984830764,0.5296826573163794,0.0,-1.4711927123961197,1.6183245270183886,-0.005639382242769227,-0.638325571740905,-1.2544146593418195,-1.0487421576863714,-0.85791359931809,1.0,0.0,0
-0.5908455817133101,1.2318930419840495,-0.06414554696331083,0.8570442690619401,-0.11090380216635104,0.0,0.3647860254821981,-0.8158998488352177,0.4956390393367183,-0.638325571740905,0.23434704296064715,0.2863847139703712,1.3706074443290883,1.0,0.0,0
-0.5865525037912865,-0.5168527478452297,-0.6902651607563722,-0.7223735857552104,-0.9894085306400194,0.0,-1.0121980279265403,1.038747294672292,-1.0081962254017445,-0.638325571740905,-0.8290541729696862,-1.0487421576863714,0.45276516935084365,0.0,1.0,0
-0.5886990427522983,-1.6098188664885291,0.43665788676065775,-0.7729959528967865,-0.3450667420642549,0.0,0.3647860254821981,0.5750855087954145,-0.5069178038222568,-0.638325571740905,0.4470272861467138,0.2863847139703712,-0.4467202601278362,0.0,1.0,1
-0.4405878544424823,1.3630489762212454,1.2852713809954084,-1.5728293537336766,1.066089019379452,0.0,-1.4711927123961197,1.734239973487608,0.4956390393367183,-0.638325571740905,-1.2544146593418195,-1.0487421576863714,-1.5297741446021649,0.0,1.0,0
-0.6166040492454521,-0.8228832610653536,-0.12149884164523936,-1.1172280494594988,-0.6261107258010052,0.0,-1.0121980279265403,1.2705781876107307,-0.005639382242769227,-0.638325571740905,-0.8290541729696862,-1.0487421576863714,-1.533445513702078,0.0,1.0,0
-0.5200097959999199,-0.12338494513364194,0.7886195262430538,0.4824387522142813,0.300486442993133,0.0,0.8237807099517775,-0.8158998488352177,-1.509474646981232,-0.638325571740905,0.7660476509258137,0.2863847139703712,-0.42102067642844526,0.0,1.0,0
1.0877478857979381,-0.3419781688623018,0.9375382015766932,-1.0261077886046635,1.2766902977097714,0.0,0.8237807099517775,0.4591700623261951,0.4956390393367183,-0.638325571740905,0.8723877725188471,0.2863847139703712,1.4183352426279574,1.0,0.0,1
0.014478405292024868,1.2756116867297813,-0.7707596641504458,0.7659240082071046,-0.3162960756256868,0.0,-1.0121980279265403,-0.5840689558967791,-1.0081962254017445,-0.638325571740905,-1.041734416155753,-1.0487421576863714,1.3338937533299582,1.0,0.0,0
-0.47922555574069525,0.4886760813066058,1.10729165286047,0.05721086822505,0.7102413029024248,0.0,-0.09420865898738136,1.1546627411415114,0.9969174609162059,1.5665986829772471,0.02166679977458048,0.2863847139703712,-0.8432281229184377,1.0,0.0,0
-0.5500613414540855,0.4449574365608738,-1.644667037675216,-0.23639886119608633,-1.5075228058305712,0.0,-1.0121980279265403,0.6910009552646338,0.9969174609162059,1.5665986829772471,-0.9353942945627195,-1.0487421576863714,0.08562825935954554,0.0,1.0,0
-0.5672336531421801,-0.8228832610653536,0.22485047811627115,0.6140569067823799,-0.3253815492378662,0.0,-0.09420865898738136,0.22733916938775642,0.4956390393367183,-0.638325571740905,-0.08467332181845284,0.2863847139703712,-0.9460264577160011,1.0,0.0,1
0.6305350871024191,-1.5661002217427973,1.0620855707251164,0.49256322564259797,0.845433150251655,0.0,0.3647860254821981,-0.8158998488352177,0.4956390393367183,-0.638325571740905,0.23434704296064715,0.2863847139703712,-0.953369195915827,1.0,0.0,0
-0.38692438041718663,-1.3037883532684054,1.1473467018273398,-1.5525804068770468,0.39655018398591024,0.0,-0.5532033434569608,0.11142372291853707,-1.509474646981232,-0.638325571740905,-0.5100338081905862,-1.0487421576863714,-1.3865907497055587,0.0,1.0,1
0.20122729490005378,1.4942049104584412,1.0527060774929513,1.6872510901837765,1.2741463650983607,0.0,1.282775394421357,-1.163646188242876,1.4981958824956936,1.5665986829772471,1.0850680157049137,1.6215115856271138,-1.4783749772033834,1.0,0.0,1
-0.19588241288713412,-0.2108222346251059,-1.2558793550927614,0.5938079599257502,-1.146708363778886,0.0,0.3647860254821981,-1.5113925276505338,0.9969174609162059,1.5665986829772471,0.1280069213676138,0.2863847139703712,-0.5642040713250516,1.0,0.0,0
-0.5200097959999199,-0.7791646163196216,0.05609648102936439,0.9177911096318293,-0.421990418647374,0.0,0.8237807099517775,0.8069164017338532,-1.509474646981232,-0.638325571740905,0.9787278941118804,0.2863847139703712,-0.8468994920183509,1.0,0.0,0
0.5918973858042063,1.1444557524925854,-0.7674537771915679,1.494886095045789,-0.016899435192334753,0.0,-1.0121980279265403,1.5024090805491692,0.9969174609162059,1.5665986829772471,-0.8290541729696862,-1.0487421576863714,-0.7294156808211356,1.0,0.0,0
-0.5736732700252155,1.1007371077468535,1.0813058437418483,0.6140569067823799,0.7721436631134077,0.0,-1.0121980279265403,-0.12040717001990163,0.9969174609162059,1.5665986829772471,-1.041734416155753,-1.0487421576863714,-1.0818671144127814,0.0,1.0,0
0.6498539377515254,-0.3856968136080338,0.9745180068608855,-0.995734368319717,1.0490083289885548,0.0,0.8237807099517775,1.2705781876107307,0.4956390393367183,-0.638325571740905,0.9787278941118804,0.2863847139703712,0.7648315428434467,1.0,0.0,1
-0.6101644323624166,1.7127981341871013,1.246062024041275,-0.42876385633407404,1.0170274618736832,0.0,0.8237807099517775,1.3864936340799499,0.9969174609162059,1.5665986829772471,0.9787278941118804,0.2863847139703712,0.2838821907548465,0.0,1.0,0
-0.6273367440505112,1.3193303314755134,0.8218321580159665,-0.4186393829057574,0.5858914540637296,0.0,1.282775394421357,-1.0477307417736565,-1.509474646981232,-0.638325571740905,1.191408137297947,1.6215115856271138,-1.2801210458080823,1.0,0.0,0
-0.12075354925172017,-1.1289137742854773,-1.8267983447817684,-0.3680170157641849,-1.75761560946183,0.0,0.3647860254821981,-1.5113925276505338,0.9969174609162059,1.5665986829772471,0.1280069213676138,0.2863847139703712,-1.5664878356012946,1.0,0.0,0
-0.44488093236450604,1.5816421999499053,1.6819009349686895,0.7355505879221582,1.4246018081160523,0.0,-0.5532033434569608,-0.23632261648912098,0.4956390393367183,-0.638325571740905,-0.6163739297836195,-1.0487421576863714,0.7428033282439689,0.0,1.0,0
-0.37833822457313937,-1.2600697085226733,-1.3219202131782524,-0.40851490947744434,-1.53429466807446,0.0,-0.09420865898738136,-0.8158998488352177,-0.5069178038222568,-0.638325571740905,-0.19101344341148618,0.2863847139703712,0.030557722860850862,0.0,1.0,0
-0.6080178934014048,0.4449574365608738,0.27835971819485283,-0.560382010902169,-0.02519750109145851,0.0,0.3647860254821981,-1.0477307417736565,-0.5069178038222568,-0.638325571740905,0.23434704296064715,0.2863847139703712,-0.6486455606230499,0.0,1.0,1
-0.5758198089862274,-1.3912256427598693,0.9898942252742712,-2.028430658007854,0.1465179501787325,0.0,-0.5532033434569608,1.3864936340799499,0.4956390393367183,-0.638325571740905,-0.40369368659755284,-1.0487421576863714,-1.661943432199032,0.0,1.0,0
0.705663950737833,0.2263642128322139,0.07785383008430488,-1.1071035760311858,0.5097551851936656,0.0,-1.4711927123961197,1.1546627411415114,1.4981958824956936,1.5665986829772471,-1.3607547809348528,-1.0487421576863714,0.7978738647426632,1.0,0.0,1
-0.382631302495163,1.5379235552041732,-0.3871230147364753,-1.0969791026028692,-0.1800139714429955,0.0,-1.0121980279265403,0.11142372291853707,-1.509474646981232,-0.638325571740905,-0.9353942945627195,-1.0487421576863714,-0.009827337238191564,0.0,1.0,1
-0.5994317375573575,1.0132998182553896,-1.5925416572538387,-2.038555131436171,-1.3683333500919828,0.0,-0.09420865898738136,-1.163646188242876,1.4981958824956936,1.5665986829772471,-0.2973535650045195,0.2863847139703712,-0.986411517815044,0.0,1.0,0
0.9890070935913939,0.3575201470694098,-0.8832367018443614,-0.45913727661902043,-0.05845033451203497,0.0,0.8237807099517775,-0.004491723550682283,-1.509474646981232,-0.638325571740905,0.8723877725188471,0.2863847139703712,0.7244464827444039,1.0,0.0,1
-0.6380694388555704,-1.5661002217427973,0.2562948447716445,-2.038555131436171,-0.5053344965831001,0.0,-1.0121980279265403,-1.0477307417736565,0.4956390393367183,-0.638325571740905,-1.1480745377487862,-1.0487421576863714,1.6716597105219526,0.0,1.0,0
2.178189677991946,-0.12338494513364194,-0.1873090564545297,-0.25664780805271603,1.0543384735077002,0.0,-1.0121980279265403,1.3864936340799499,0.4956390393367183,-0.638325571740905,-0.8290541729696862,-1.0487421576863714,-1.4343185480044276,1.0,0.0,0
-0.655241750543665,0.3575201470694098,-1.149629685856267,0.8266708487769937,-1.1962544798773043,0.0,-1.0121980279265403,-1.0477307417736565,0.4956390393367183,-0.638325571740905,-1.1480745377487862,-1.0487421576863714,1.4513775645271738,0.0,1.0,0
4.5887529312082265,1.2318930419840495,0.793539916135337,0.6545548004956393,3.4879128654419977,0.0,-1.0121980279265403,-1.2795616347120953,-0.5069178038222568,-0.638325571740905,-1.1480745377487862,-1.0487421576863714,-0.5972463932242684,1.0,0.0,0
-0.4985444063898017,1.0132998182553896,0.4051366390132171,-0.7324980591835271,0.2624485934701422,0.0,-1.0121980279265403,-1.0477307417736565,0.4956390393367183,-0.638325571740905,-1.1480745377487862,-1.0487421576863714,-0.6192746078237462,1.0,0.0,0
-0.5393286466490264,-0.5168527478452297,0.5518257626769155,0.8469197956336271,0.015808269811511157,0.0,1.282775394421357,1.5024090805491692,-1.0081962254017445,-0.638325571740905,1.5104285020770472,1.6215115856271138,-0.5642040713250516,1.0,0.0,0
2.2554650805883716,0.31380150232367787,1.2628989832039323,0.8671687424902568,2.3373890570196774,0.0,-0.09420865898738136,0.22733916938775642,0.4956390393367183,-0.638325571740905,-0.08467332181845284,0.2863847139703712,-0.002484599038365633,1.0,0.0,0
-0.4620532440526007,1.0132998182553896,0.37177024505617057,-1.0767301557462394,0.25675503000650945,0.0,1.7417700788909365,-1.3954770811813144,-1.509474646981232,-0.638325571740905,1.6167686236700805,1.6215115856271138,-0.5605327022251384,1.0,0.0,1
-0.6251902050894994,0.051489633849285975,0.8980982013463592,-0.3376435954792385,0.3661441322971499,0.0,0.3647860254821981,-1.2795616347120953,-1.509474646981232,-0.638325571740905,0.23434704296064715,0.2863847139703712,-1.5885160502007725,0.0,1.0,0
0.6949312559327738,0.4012387918151418,-1.5939255169110433,-1.167850416601075,-0.7746279344480981,0.0,0.8237807099517775,1.734239973487608,-1.0081962254017445,-0.638325571740905,1.0850680157049137,0.2863847139703712,-1.4159617025048625,1.0,0.0,0
-0.5972851985963457,-1.1726324190312094,0.7121228396364605,0.806421901920364,-0.035978929777911534,0.0,-1.0121980279265403,-0.004491723550682283,1.4981958824956936,1.5665986829772471,-1.041734416155753,-1.0487421576863714,1.1760248820337005,1.0,0.0,0
-0.5607940362591447,-0.42941545835376577,1.0130354339864165,-0.06428281291473192,0.3864350233643506,0.0,0.8237807099517775,0.5750855087954145,0.9969174609162059,1.5665986829772471,0.8723877725188471,0.2863847139703712,0.13702742675832746,0.0,1.0,0
-0.5607940362591447,-0.42941545835376577,0.9050943807244498,-0.8641162137516221,0.3013949903543509,0.0,0.8237807099517775,1.3864936340799499,0.9969174609162059,1.5665986829772471,0.9787278941118804,0.2863847139703712,-0.9753974105153053,0.0,1.0,1
-0.4277086206764114,0.6198320155438017,0.673451650326796,-0.5907554311871154,0.42659281673018373,0.0,1.282775394421357,-0.004491723550682283,-0.5069178038222568,-0.638325571740905,1.2977482588909803,1.6215115856271138,0.9997991652378773,1.0,0.0,1
-0.382631302495163,-1.740974800725725,1.1822507176257246,-1.0564812088896098,0.3295599585521071,0.0,1.7417700788909365,-0.23632261648912098,-0.005639382242769227,-0.638325571740905,1.7231087452631138,1.6215115856271138,-1.5958587884005986,0.0,1.0,0
-0.6638279063877123,0.0077709891035539986,-1.932586727465861,-1.6538251411601992,-1.8954725290706325,0.0,-0.09420865898738136,-0.004491723550682283,-0.5069178038222568,-0.638325571740905,-0.08467332181845284,0.2863847139703712,1.00347053433779,0.0,1.0,0
-0.10572777652463743,-1.4786629322513334,-0.7593043814324735,0.7153016410655285,-0.9856532015469854,0.0,-0.09420865898738136,0.34325461585697575,0.9969174609162059,1.5665986829772471,-0.08467332181845284,0.2863847139703712,-0.7294156808211356,1.0,0.0,0
-0.6080178934014048,0.31380150232367787,-0.5714838735129687,0.6140569067823799,-0.7238098520439744,0.0,0.3647860254821981,0.9228318482030725,0.9969174609162059,1.5665986829772471,0.4470272861467138,0.2863847139703712,-0.7441011572207874,0.0,1.0,0
-0.03489199081124714,-0.03594765564217798,0.38015028409146556,-0.8236183200383626,0.27183691620272765,0.0,-1.0121980279265403,1.3864936340799499,0.4956390393367183,-0.638325571740905,-0.8290541729696862,-1.0487421576863714,-1.6289011102998152,1.0,0.0,0
-0.25169242587344154,-0.7354459715738897,-1.1387125707827632,1.5556329356156817,-1.2021903226372617,0.0,0.8237807099517775,-1.5113925276505338,-1.0081962254017445,-0.638325571740905,0.6597075293327804,0.2863847139703712,-1.4159617025048625,1.0,0.0,0
-0.2388131921073707,-0.42941545835376577,-0.7265530362119623,1.7176245104687229,-0.802368913877286,0.0,-0.5532033434569608,0.8069164017338532,1.4981958824956936,1.5665986829772471,-0.5100338081905862,-1.0487421576863714,-0.8505708611182641,1.0,0.0,0
-0.2173478024972524,-0.29825952411656986,-0.36321299510366084,0.9684134767734054,-0.4749284448943398,0.0,0.8237807099517775,0.4591700623261951,0.4956390393367183,-0.638325571740905,0.8723877725188471,0.2863847139703712,0.526192551349103,1.0,0.0,0
-0.0778227700314837,-0.25454087937083786,-0.6725825095809788,-1.0159833151763467,-0.6302294738385265,0.0,1.7417700788909365,-1.6273079741197531,0.9969174609162059,1.5665986829772471,1.5104285020770472,1.6215115856271138,-0.1750389467342756,1.0,0.0,1
-0.5844059648302747,0.6198320155438017,-1.0856646172565827,0.30019823050461025,-1.0477372712302115,0.0,-1.4711927123961197,-1.2795616347120953,1.4981958824956936,1.5665986829772471,-1.6797751457139527,-1.0487421576863714,-0.05755513553706031,1.0,0.0,0
0.5983370026872417,0.6635506602895337,0.47909624958160185,-0.03390939262978554,0.8622109915221462,0.0,-0.09420865898738136,0.9228318482030725,-0.005639382242769227,-0.638325571740905,0.02166679977458048,0.2863847139703712,0.6400049934464055,1.0,0.0,0
-0.6831467570368187,0.31380150232367787,-1.80273456296482,0.7557995347787915,-1.7362344615611678,0.0,-1.0121980279265403,1.5024090805491692,0.9969174609162059,1.5665986829772471,-0.8290541729696862,-1.0487421576863714,0.40136600195206174,1.0,0.0,0
-0.5886990427522983,1.0132998182553896,-1.9317410354531248,-0.6211288514720618,-1.6295104315301003,0.0,-1.0121980279265403,-0.9318152953044371,0.9969174609162059,1.5665986829772471,-1.1480745377487862,-1.0487421576863714,-1.0341393161139127,1.0,0.0,1
-0.6595348284656887,0.0077709891035539986,0.13958934701404824,-0.24652333462440298,-0.26051126764690546,0.0,0.3647860254821981,0.11142372291853707,0.9969174609162059,1.5665986829772471,0.3406871645536805,0.2863847139703712,-0.9350123504162624,0.0,1.0,1
-0.5715267310642037,-0.6042900373366937,0.3962953134255206,1.1607784719113932,-0.14427777523508978,0.0,-1.0121980279265403,-0.8158998488352177,1.4981958824956936,1.5665986829772471,-1.1480745377487862,-1.0487421576863714,0.9116863068399661,1.0,0.0,0
-0.5951386596353339,0.13892692334074994,-0.246584378438131,1.2923966264794882,-0.49933808399906193,0.0,-1.0121980279265403,1.1546627411415114,-0.5069178038222568,-0.638325571740905,-0.8290541729696862,-1.0487421576863714,-0.14199662483505912,1.0,0.0,0
1.6372618598169655,1.2318930419840495,1.0540130560580894,0.036961921368420275,2.0274532671961976,0.0,1.7417700788909365,-1.3954770811813144,-1.509474646981232,-0.638325571740905,1.6167686236700805,1.6215115856271138,0.9887850579381382,1.0,0.0,0
-0.6724140622317596,1.0570184630011215,-1.5941561601872445,-0.0946562331996783,-1.4011016249199097,0.0,1.282775394421357,1.3864936340799499,-1.509474646981232,-0.638325571740905,1.5104285020770472,1.6215115856271138,0.2838821907548465,0.0,1.0,1
0.7335689572309867,-1.2163510637769415,1.053167364045353,-0.15540307376956747,0.9740834566001153,0.0,0.3647860254821981,0.9228318482030725,0.9969174609162059,1.5665986829772471,0.4470272861467138,0.2863847139703712,0.8309161866418805,1.0,0.0,1
-0.32896782846986733,1.1444557524925854,1.0474012821403333,-0.20602544091114355,0.8932227414517185,0.0,-0.5532033434569608,1.2705781876107307,-0.005639382242769227,-0.638325571740905,-0.40369368659755284,-1.0487421576863714,1.3449078606296974,1.0,0.0,0
0.9804209377473468,-0.9540391953025495,0.12398248532446164,0.1787045493648319,0.4394941892594781,0.0,-1.4711927123961197,-0.8158998488352177,-0.005639382242769227,-0.638325571740905,-1.5734350241209194,-1.0487421576863714,0.13702742675832746,1.0,0.0,0
-0.5178632570389081,-0.25454087937083786,-0.060609016728232296,-1.3602154117390628,-0.39642995288510935,0.0,1.282775394421357,1.8501554199568273,0.4956390393367183,-0.638325571740905,1.5104285020770472,1.6215115856271138,1.4440348263273475,0.0,1.0,1
-0.5629405752201564,-0.2108222346251059,-0.7210175975831434,0.6241813802106929,-0.9324728960036951,0.0,-1.0121980279265403,-1.3954770811813144,-1.0081962254017445,-0.638325571740905,-1.1480745377487862,-1.0487421576863714,0.5372066586488421,0.0,1.0,0
0.5468200676229579,-0.25454087937083786,0.8017661929864986,0.6849282207805857,0.8838344187191332,0.0,1.282775394421357,1.734239973487608,-0.005639382242769227,-0.638325571740905,1.5104285020770472,1.6215115856271138,1.2127385730328304,1.0,0.0,0
-0.4384413154814705,0.4012387918151418,-1.9331248951103295,-0.0946562331996783,-1.6814793405917667,0.0,-1.0121980279265403,-1.5113925276505338,-1.509474646981232,-0.638325571740905,-1.1480745377487862,-1.0487421576863714,-0.6119318696239203,0.0,1.0,1
-0.5006909453508135,-0.9977578400482815,0.8712667002150013,-0.40851490947744434,0.1826781351552065,0.0,-1.0121980279265403,0.34325461585697575,-0.5069178038222568,-0.638325571740905,-0.9353942945627195,-1.0487421576863714,-0.09794019563610314,0.0,1.0,0
-0.12504662717374385,0.051489633849285975,0.2233128562749327,0.5431855927841741,0.11677816655486555,0.0,-1.0121980279265403,-1.163646188242876,-0.005639382242769227,-0.638325571740905,-1.1480745377487862,-1.0487421576863714,-1.3976048570052977,1.0,0.0,1
2.8028325156463874,-0.29825952411656986,-1.3195368993241776,0.5431855927841741,0.4760783630045209,0.0,-1.4711927123961197,1.5024090805491692,-0.5069178038222568,-0.638325571740905,-1.2544146593418195,-1.0487421576863714,1.1356398219346577,1.0,0.0,1
-0.6616813674267005,-1.1726324190312094,1.4399561382340675,-0.7324980591835271,0.501093700350055,0.0,1.282775394421357,-1.0477307417736565,-1.509474646981232,-0.638325571740905,1.191408137297947,1.6215115856271138,-1.3976048570052977,0.0,1.0,0
-0.42341554275438775,-1.3037883532684054,1.0703118475762776,1.8391181916085013,0.31526548006894517,0.0,-0.5532033434569608,0.8069164017338532,1.4981958824956936,1.5665986829772471,-0.5100338081905862,-1.0487421576863714,-0.18972442313392787,1.0,0.0,0
-0.6573882895046768,-0.5605713925909617,0.5640498563155574,0.30019823050461025,-0.05087910650188545,0.0,1.282775394421357,0.9228318482030725,-0.005639382242769227,-0.638325571740905,1.4040883804840139,1.6215115856271138,1.7230588779207345,0.0,1.0,0
-0.530742490804979,-1.6535375112342612,-1.0190087104345562,0.7254261144938451,-1.4688792580667682,0.0,-1.0121980279265403,0.34325461585697575,-0.5069178038222568,-0.638325571740905,-0.9353942945627195,-1.0487421576863714,1.308194169630568,0.0,1.0,1
0.7936720481393178,0.7947065945267296,-1.28394095369719,0.4216919116443921,-0.3874656189210922,0.0,-0.5532033434569608,-0.12040717001990163,0.9969174609162059,1.5665986829772471,-0.6163739297836195,-1.0487421576863714,0.39402326375223584,1.0,0.0,0
4.165884755888897,1.1007371077468535,0.5794260747289429,1.1709029453397062,3.0515072829369796,0.0,-1.4711927123961197,-1.3954770811813144,0.9969174609162059,1.5665986829772471,-1.6797751457139527,-1.0487421576863714,-0.7918289555196562,1.0,0.0,0
-0.05635738042136542,-1.2163510637769415,0.09791979511377318,1.0190358439149814,-0.22429051284635007,0.0,1.7417700788909365,-0.35223806295834037,-0.5069178038222568,-0.638325571740905,1.7231087452631138,1.6215115856271138,0.27653945255502055,1.0,0.0,1
-0.592992120674322,-0.47313410309949777,-1.9193631796303494,-0.7729959528967865,-1.9516813258179826,0.0,1.282775394421357,-0.12040717001990163,-1.0081962254017445,-0.638325571740905,1.2977482588909803,1.6215115856271138,-1.342534320506603,1.0,0.0,0
1.3410394831973336,1.0132998182553896,1.5479740725881015,0.06733534165336305,2.2009858131888245,0.0,0.8237807099517775,-1.5113925276505338,-1.0081962254017445,-0.638325571740905,0.6597075293327804,0.2863847139703712,-0.8175285392190471,1.0,0.0,0
-0.5715267310642037,-0.7354459715738897,0.37484548873884754,0.39131849135944574,-0.19025027171271797,0.0,-1.0121980279265403,-1.0477307417736565,0.4956390393367183,-0.638325571740905,-1.1480745377487862,-1.0487421576863714,0.8125593411423159,1.0,0.0,1
-0.6530952115826532,-0.7354459715738897,0.6543082584021308,-1.4918335663071578,-0.016112027479279093,0.0,0.8237807099517775,-0.4681535094275597,-0.005639382242769227,-0.638325571740905,0.7660476509258137,0.2863847139703712,1.3045228005306544,0.0,1.0,0
-0.5457682635320618,1.3193303314755134,-0.8427203663250905,0.12808218222325582,-0.679472740816539,0.0,-0.09420865898738136,-0.004491723550682283,-0.5069178038222568,-0.638325571740905,-0.08467332181845284,0.2863847139703712,0.45276516935084365,0.0,1.0,0
0.23342537931523127,-0.29825952411656986,0.5913426439993168,0.11795770879493915,0.5314997520388154,0.0,0.3647860254821981,0.5750855087954145,-0.5069178038222568,-0.638325571740905,0.4470272861467138,0.2863847139703712,-0.40266383092888025,1.0,0.0,0
-0.569380192103192,1.2318930419840495,-0.5727908520781063,-0.4186393829057574,-0.4995197934713051,0.0,-1.4711927123961197,0.8069164017338532,-0.005639382242769227,-0.638325571740905,-1.3607547809348528,-1.0487421576863714,0.9740995815384864,0.0,1.0,0
-0.2495458869124298,0.13892692334074994,0.7750115729472076,-0.4996351703322799,0.5005485719333239,0.0,1.7417700788909365,-0.12040717001990163,0.4956390393367183,-0.638325571740905,1.7231087452631138,1.6215115856271138,0.7574888046436212,1.0,0.0,0
-0.5393286466490264,-1.6098188664885291,0.5406011232351442,1.667002143327147,-0.23531422082912767,0.0,1.7417700788909365,-0.004491723550682283,0.9969174609162059,1.5665986829772471,1.7231087452631138,1.6215115856271138,-1.0414820543137386,1.0,0.0,1
-0.5758198089862274,-0.9103205505568176,0.3736922723578438,-0.6616267451853213,-0.23234629944914928,0.0,0.3647860254821981,0.11142372291853707,0.9969174609162059,1.5665986829772471,0.3406871645536805,0.2863847139703712,-0.2484663287325353,0.0,1.0,0
-0.5285959518439672,0.7947065945267296,-0.1715484325808094,0.9279155830601459,-0.25730106697060195,0.0,-1.0121980279265403,-1.163646188242876,-0.005639382242769227,-0.638325571740905,-1.1480745377487862,-1.0487421576863714,0.952071366939009,1.0,0.0,0
0.5038892884027214,-0.6042900373366937,-0.6777335427494631,1.7277489838970361,-0.3835285803558145,0.0,0.8237807099517775,1.5024090805491692,1.4981958824956936,1.5665986829772471,0.9787278941118804,0.2863847139703712,-0.5568613331252256,1.0,0.0,0
-0.21520126353624053,0.9258625287639255,0.9493778897550003,0.2799492836479805,0.8317443700093045,0.0,1.282775394421357,-1.3954770811813144,0.4956390393367183,-0.638325571740905,1.0850680157049137,1.6215115856271138,0.05625730656024182,1.0,0.0,1
-0.25169242587344154,1.6690794894413692,-1.1510904266055384,0.6241813802106929,-0.6789276123998081,0.0,-0.09420865898738136,0.11142372291853707,-0.005639382242769227,-0.638325571740905,-0.08467332181845284,0.2863847139703712,-0.5311617494258346,1.0,0.0,0
-0.42341554275438775,-1.1726324190312094,1.2370669362694449,-0.6008799046154321,0.4757149440600335,0.0,-0.09420865898738136,-0.6999844023659983,-0.005639382242769227,-0.638325571740905,-0.19101344341148618,0.2863847139703712,-1.0267965779140868,1.0,0.0,1
1.1907817559265055,-1.6098188664885291,1.207929002376079,1.1709029453397062,1.2668174163845363,0.0,-1.0121980279265403,1.2705781876107307,-0.005639382242769227,-0.638325571740905,-0.8290541729696862,-1.0487421576863714,0.29856766715449834,1.0,0.0,0
-0.5479148024930737,-0.6042900373366937,-0.3484518254268105,-1.0058588417480336,-0.7176922998117737,0.0,1.282775394421357,1.1546627411415114,0.9969174609162059,1.5665986829772471,1.4040883804840139,1.6215115856271138,1.6349460195228225,0.0,1.0,0
1.210100606575612,-1.4786629322513334,1.567655632157235,0.6039324333540632,1.5901997071540424,0.0,1.7417700788909365,-1.3954770811813144,-1.509474646981232,-0.638325571740905,1.6167686236700805,1.6215115856271138,-0.8505708611182641,1.0,0.0,1
1.9485100091636807,-0.9540391953025495,0.984896954289921,0.2900737570762972,1.6640948925331016,0.0,-0.5532033434569608,0.34325461585697575,-0.5069178038222568,-0.638325571740905,-0.5100338081905862,-1.0487421576863714,-0.9203268740166106,1.0,0.0,0
-0.6702675232707478,0.09520827859501796,-1.603305010143209,-0.7324980591835271,-1.6203038182697587,0.0,-0.5532033434569608,-1.0477307417736565,0.4956390393367183,-0.638325571740905,-0.7227140513766528,-1.0487421576863714,-0.9239982431165233,0.0,1.0,0
-0.6316298219725348,-0.7791646163196216,-1.9531908601397978,0.2698248102196674,-2.067975388053879,0.0,-1.0121980279265403,-0.004491723550682283,1.4981958824956936,1.5665986829772471,-1.041734416155753,-1.0487421576863714,0.004858139161460298,0.0,1.0,0
0.9546624702152048,1.4942049104584412,0.874649468265946,0.13820665565156887,1.5590668175763076,0.0,-1.0121980279265403,-0.8158998488352177,1.4981958824956936,1.5665986829772471,-1.1480745377487862,-1.0487421576863714,0.1627270104577184,1.0,0.0,0
-0.605871354440393,1.2318930419840495,-1.919747585090684,-1.6639496145885122,-1.5812968515614683,0.0,0.3647860254821981,-0.4681535094275597,-1.509474646981232,-0.638325571740905,0.3406871645536805,0.2863847139703712,-0.11629704113566816,0.0,1.0,0
-0.05635738042136542,-0.25454087937083786,1.4004392569116666,0.5026876990709146,1.015089227503085,0.0,1.282775394421357,1.5024090805491692,-1.0081962254017445,-0.638325571740905,1.5104285020770472,1.6215115856271138,-0.8432281229184377,1.0,0.0,0
0.5296477559348632,-0.3419781688623018,0.9221619831633077,1.282272153051175,0.9496132476713123,0.0,1.282775394421357,-0.6999844023659983,-0.005639382242769227,-0.638325571740905,1.191408137297947,1.6215115856271138,-0.6780165134223537,1.0,0.0,0
-0.2946232050936781,0.8384252392724616,-0.7031043031315491,-0.560382010902169,-0.5343474423179928,0.0,-1.0121980279265403,-0.4681535094275597,-0.5069178038222568,-0.638325571740905,-1.041734416155753,-1.0487421576863714,1.447706195427261,1.0,0.0,0
-0.48351863366271886,0.31380150232367787,1.219845571646453,-0.06428281291473192,0.7577280449820829,0.0,1.282775394421357,-1.6273079741197531,-0.5069178038222568,-0.638325571740905,1.0850680157049137,1.6215115856271138,-1.500403191802861,1.0,0.0,0
-0.5479148024930737,1.6253608446956371,0.42650958260782335,1.494886095045789,0.38710129142924343,0.0,1.282775394421357,-0.23632261648912098,-1.509474646981232,-0.638325571740905,1.2977482588909803,1.6215115856271138,0.03790046106067718,1.0,0.0,0
0.6520004767125372,-1.740974800725725,-1.3782740536633105,0.13820665565156887,-1.103824928329399,0.0,0.3647860254821981,0.11142372291853707,0.9969174609162059,1.5665986829772471,0.3406871645536805,0.2863847139703712,-0.7955003246195693,1.0,0.0,0
1.6501410935830365,-0.5168527478452297,1.4790886140961337,-1.0159833151763467,1.981965329311219,0.0,-0.5532033434569608,-0.35223806295834037,-0.005639382242769227,-0.638325571740905,-0.6163739297836195,-1.0487421576863714,-1.5628164665013817,1.0,0.0,0
0.05526264555124956,-0.29825952411656986,-0.11396449462268028,-1.1577259431727585,-0.12471372205686386,0.0,0.3647860254821981,1.734239973487608,0.9969174609162059,1.5665986829772471,0.5533674077397471,0.2863847139703712,1.6349460195228225,1.0,0.0,0
-0.10787431548564921,0.7947065945267296,1.2978798800943845,-0.06428281291473192,1.1378036910915885,0.0,-1.0121980279265403,0.6910009552646338,0.9969174609162059,1.5665986829772471,-0.9353942945627195,-1.0487421576863714,-1.1369376509114761,1.0,0.0,1
-0.026305834967199824,0.5761133707980697,0.767015939372247,0.6950526942088987,0.7171462628476815,0.0,0.3647860254821981,-0.4681535094275597,-1.509474646981232,-0.638325571740905,0.3406871645536805,0.2863847139703712,-0.2704945433320131,1.0,0.0,0
-0.48351863366271886,0.8384252392724616,1.3513122390808994,-1.2387217305992808,0.9775965063968248,0.0,-1.0121980279265403,-1.163646188242876,-0.005639382242769227,-0.638325571740905,-1.1480745377487862,-1.0487421576863714,-0.5238190112260087,0.0,1.0,1
-0.5951386596353339,-0.29825952411656986,-1.6319816574841726,0.49256322564259797,-1.6877180324721297,0.0,0.3647860254821981,1.5024090805491692,-0.005639382242769227,-0.638325571740905,0.5533674077397471,0.2863847139703712,0.570248980548059,1.0,0.0,0
-0.4985444063898017,-0.1671035898793739,1.3812189838949347,0.5330611193558574,0.7697814399742406,0.0,0.8237807099517775,0.22733916938775642,-0.5069178038222568,-0.638325571740905,0.8723877725188471,0.2863847139703712,-0.5495185949253997,0.0,1.0,0
-0.5522078804150974,1.6253608446956371,-0.8543294112271965,0.5431855927841741,-0.6244147707267317,0.0,0.8237807099517775,0.4591700623261951,0.4956390393367183,-0.638325571740905,0.8723877725188471,0.2863847139703712,1.5688613757243888,0.0,1.0,1
-0.15080509470588577,-1.0414764847940134,-1.1073450852194564,-0.8843651606082518,-1.1883804027467488,0.0,-0.5532033434569608,1.6183245270183886,1.4981958824956936,1.5665986829772471,-0.40369368659755284,-1.0487421576863714,-0.8762704448176546,1.0,0.0,1
-0.5672336531421801,-0.5168527478452297,0.3034229542086713,0.2900737570762972,-0.1956409860559442,0.0,1.7417700788909365,-0.8158998488352177,0.9969174609162059,1.5665986829772471,1.6167686236700805,1.6215115856271138,-1.5811733120009466,0.0,1.0,0
-0.6573882895046768,-0.07966630038790996,-0.2594235208133081,-0.25664780805271603,-0.5930396018526722,0.0,0.8237807099517775,0.8069164017338532,-1.509474646981232,-0.638325571740905,0.9787278941118804,0.2863847139703712,-0.49811942752661775,0.0,1.0,0
0.2505976910033257,1.3193303314755134,-1.9385065715550145,0.7659240082071046,-1.0933463487633523,0.0,-1.0121980279265403,-1.0477307417736565,0.4956390393367183,-0.638325571740905,-1.1480745377487862,-1.0487421576863714,-1.4049475952051236,1.0,0.0,0
-0.5500613414540855,1.3630489762212454,0.9343091957098821,-1.5222069865921004,0.7278065518859717,0.0,-0.09420865898738136,-0.6999844023659983,-0.005639382242769227,-0.638325571740905,-0.19101344341148618,0.2863847139703712,0.8859867231405751,0.0,1.0,0
-0.6359228998945585,0.4012387918151418,-1.9310491056245227,0.5330611193558574,-1.791292431650975,0.0,0.8237807099517775,-0.6999844023659983,-1.0081962254017445,-0.638325571740905,0.7660476509258137,0.2863847139703712,-0.8725990757177419,1.0,0.0,0
-0.6810002180758069,0.9695811735096576,0.6543851394941976,-0.01366044577315582,0.34615609035035516,0.0,-1.4711927123961197,-1.2795616347120953,1.4981958824956936,1.5665986829772471,-1.6797751457139527,-1.0487421576863714,1.2421095258321342,0.0,1.0,1
-0.21949434145826419,-1.1289137742854773,-0.7556909701053279,-0.9046141074648815,-0.9694810585173061,0.0,0.3647860254821981,0.22733916938775642,1.4981958824956936,1.5665986829772471,0.3406871645536805,0.2863847139703712,0.22514028515623902,1.0,0.0,0
-0.5650871141811682,0.2263642128322139,-0.7246310089102891,0.5026876990709146,-0.8396193556872216,0.0,0.8237807099517775,1.5024090805491692,1.4981958824956936,1.5665986829772471,0.9787278941118804,0.2863847139703712,0.526192551349103,1.0,0.0,0
-0.4062432310662931,1.4067676209669773,-0.5942406767647792,-1.0969791026028692,-0.3855879543745755,0.0,-0.5532033434569608,1.1546627411415114,-0.5069178038222568,-0.638325571740905,-0.40369368659755284,-1.0487421576863714,-0.2888513888315781,1.0,0.0,0
-0.6509486726216414,-1.1726324190312094,1.0805370328211794,-0.6515022717570046,0.22398675517858269,0.0,0.8237807099517775,-1.3954770811813144,-0.5069178038222568,-0.638325571740905,0.6597075293327804,0.2863847139703712,-0.4907766893267918,0.0,1.0,1
-0.4126828479493286,0.5323947260523377,-0.7573054730387334,1.0089113704866683,-0.7115141777554918,0.0,-0.09420865898738136,1.734239973487608,-0.005639382242769227,-0.638325571740905,0.1280069213676138,0.2863847139703712,-0.7661293718202652,1.0,0.0,1
-0.49639786742878983,-0.3419781688623018,-1.5841616182185436,0.7659240082071046,-1.6040105355919168,0.0,0.8237807099517775,1.038747294672292,-0.5069178038222568,-0.638325571740905,0.9787278941118804,0.2863847139703712,-0.5128049039262697,0.0,1.0,0
0.4781308208705794,-0.47313410309949777,-0.9354389633578056,1.363267940477694,-0.5720218728964973,0.0,1.282775394421357,0.9228318482030725,-0.005639382242769227,-0.638325571740905,1.4040883804840139,1.6215115856271138,0.11867058125876243,1.0,0.0,0
-0.05206430249934176,0.13892692334074994,-0.842105317588555,0.35082059764618634,-0.6620286314811544,0.0,-1.4711927123961197,-1.5113925276505338,0.4956390393367183,-0.638325571740905,-1.6797751457139527,-1.0487421576863714,-1.5444596210018169,1.0,0.0,0
-0.5951386596353339,-0.2108222346251059,-1.0356150263210127,0.7456750613504749,-1.1984955633683088,0.0,1.282775394421357,0.8069164017338532,-0.5069178038222568,-0.638325571740905,1.4040883804840139,1.6215115856271138,0.48947886034997334,0.0,1.0,0
1.7038045676083322,1.7127981341871013,0.42873913427776394,0.6646792739239524,1.678995069257076,0.0,-1.4711927123961197,1.5024090805491692,-0.5069178038222568,-0.638325571740905,-1.2544146593418195,-1.0487421576863714,0.24349713065580364,1.0,0.0,0
0.9460763143711576,0.31380150232367787,-0.2308237545644109,1.3328945201927476,0.42162609115552524,0.0,-1.0121980279265403,-0.5840689558967791,-1.0081962254017445,-0.638325571740905,-1.041734416155753,-1.0487421576863714,1.1246257146349186,1.0,0.0,0
-0.5672336531421801,1.1444557524925854,-0.7563828999339303,-2.1904222328608958,-0.6623314806015603,0.0,-1.4711927123961197,0.22733916938775642,0.9969174609162059,1.5665986829772471,-1.467094902527886,-1.0487421576863714,1.7340729852204728,0.0,1.0,0
2.3584989507169394,0.1826455680864819,-0.5520329572200359,1.7479979307536657,0.9365907354938552,0.0,1.7417700788909365,-1.0477307417736565,-0.005639382242769227,-0.638325571740905,1.6167686236700805,1.6215115856271138,-0.2704945433320131,1.0,0.0,0
-0.4277086206764114,0.8384252392724616,-0.9208315558650892,-0.06428281291473192,-0.7809877659766237,0.0,1.282775394421357,-0.9318152953044371,-1.0081962254017445,-0.638325571740905,1.191408137297947,1.6215115856271138,-0.10528293383592906,0.0,1.0,1
2.139551976693733,0.13892692334074994,-0.7893648884306426,0.2597003367913508,0.6163580755765707,0.0,-0.5532033434569608,0.6910009552646338,0.9969174609162059,1.5665986829772471,-0.5100338081905862,-1.0487421576863714,1.1796962511336133,1.0,0.0,0
-0.4341482375594468,-1.5223815769970652,-0.2631906943245874,1.5252595153307353,-0.7898309602924782,0.0,1.282775394421357,1.6183245270183886,-0.5069178038222568,-0.638325571740905,1.5104285020770472,1.6215115856271138,-0.8652563375179159,1.0,0.0,0
-0.31179551678177275,0.0077709891035539986,1.4465679121518236,1.282272153051175,0.9654219717565042,0.0,0.8237807099517775,-0.9318152953044371,1.4981958824956936,1.5665986829772471,0.6597075293327804,0.2863847139703712,-1.2030222947099096,1.0,0.0,0
-0.6488021336606294,1.7127981341871013,-1.2736388873602216,-0.7831204263251031,-0.9898930892326692,0.0,1.7417700788909365,-0.8158998488352177,0.9969174609162059,1.5665986829772471,1.6167686236700805,1.6215115856271138,-0.16769620853444966,0.0,1.0,0
0.9632486260592522,0.0077709891035539986,-0.8108915942093822,1.2215253124812822,-0.09352026265504786,0.0,-0.09420865898738136,1.1546627411415114,0.9969174609162059,1.5665986829772471,0.02166679977458048,0.2863847139703712,-0.7441011572207874,1.0,0.0,0
0.5489666065839697,1.7127981341871013,-1.0256973654443788,1.67712661675546,-0.11859616982466284,0.0,-1.4711927123961197,1.2705781876107307,-1.509474646981232,-0.638325571740905,-1.2544146593418195,-1.0487421576863714,-0.6449741915231372,1.0,0.0,1
-0.30320936093772544,0.051489633849285975,-1.9631854021084985,-0.9046141074648815,-1.7063735382891383,0.0,0.8237807099517775,1.038747294672292,-0.5069178038222568,-0.638325571740905,0.9787278941118804,0.2863847139703712,1.3192082769303064,1.0,0.0,0
-0.6080178934014048,-0.07966630038790996,-0.6155367392673183,1.545508462187365,-0.8457369079194224,0.0,-1.4711927123961197,-0.12040717001990163,-0.5069178038222568,-0.638325571740905,-1.467094902527886,-1.0487421576863714,-0.35860740172992467,1.0,0.0,0
0.20552037282207736,0.31380150232367787,1.693586860962863,0.5229366459275443,1.5198175715716924,0.0,-1.0121980279265403,-0.004491723550682283,1.4981958824956936,1.5665986829772471,-1.041734416155753,-1.0487421576863714,0.6216481479468405,1.0,0.0,0
-0.6638279063877123,0.8821438840181935,0.9157039714296858,0.6849282207805857,0.5423417505493492,0.0,1.282775394421357,-0.23632261648912098,-1.509474646981232,-0.638325571740905,1.2977482588909803,1.6215115856271138,0.6106340406471018,0.0,1.0,0
-0.6724140622317596,0.9695811735096576,1.1019099764157851,-0.15540307376956747,0.7035786222534932,0.0,-1.4711927123961197,-1.2795616347120953,1.4981958824956936,1.5665986829772471,-1.6797751457139527,-1.0487421576863714,1.223752680332569,0.0,1.0,1
-0.580112886908251,-1.1289137742854773,-0.9263669944939081,-1.2387217305992808,-1.3074606768903805,0.0,0.8237807099517775,-1.2795616347120953,-0.005639382242769227,-0.638325571740905,0.6597075293327804,0.2863847139703712,-0.9276696122164365,0.0,1.0,1
4.206668996148122,-0.5605713925909617,1.0849192550689941,1.2114008390529691,3.1045058790080264,0.0,-0.5532033434569608,1.3864936340799499,0.4956390393367183,-0.638325571740905,-0.40369368659755284,-1.0487421576863714,0.4380796929511918,1.0,0.0,1
-0.668120984309736,0.5761133707980697,0.9281587083445282,-1.5627048803053636,0.4818930661163154,0.0,1.7417700788909365,-0.35223806295834037,-0.5069178038222568,-0.638325571740905,1.7231087452631138,1.6215115856271138,-0.8358853847186117,0.0,1.0,1
0.2892353923015387,0.1826455680864819,-1.9322023220055264,-0.6616267451853213,-1.3185449546972392,0.0,1.282775394421357,-0.6999844023659983,-0.005639382242769227,-0.638325571740905,1.191408137297947,1.6215115856271138,0.7060896372448393,1.0,0.0,0
-0.2774508934055835,0.4886760813066058,-0.7573054730387334,-1.177974890029388,-0.644887371266176,0.0,-1.0121980279265403,0.5750855087954145,0.4956390393367183,-0.638325571740905,-0.9353942945627195,-1.0487421576863714,-1.5664878356012946,1.0,0.0,0
-0.6208971271674758,0.6198320155438017,-0.8050486312122958,-2.1195509188626933,-0.8472511535214523,0.0,-0.5532033434569608,0.4591700623261951,-0.005639382242769227,-0.638325571740905,-0.5100338081905862,-1.0487421576863714,-0.9937542560148699,0.0,1.0,0
-0.2388131921073707,1.5379235552041732,-0.8350322571183977,0.7254261144938451,-0.45173020227124155,0.0,0.8237807099517775,1.5024090805491692,1.4981958824956936,1.5665986829772471,0.9787278941118804,0.2863847139703712,1.6716597105219526,1.0,0.0,0
-0.6402159778165821,-1.4349442875056013,0.8843364858663789,-0.20602544091114355,0.017322515413541063,0.0,-1.0121980279265403,-0.35223806295834037,-0.005639382242769227,-0.638325571740905,-1.041734416155753,-1.0487421576863714,0.41238010925180085,0.0,1.0,1
-0.5865525037912865,1.2318930419840495,-0.7835219254335558,-0.4186393829057574,-0.6752328531308552,0.0,-1.4711927123961197,-0.35223806295834037,-1.509474646981232,-0.638325571740905,-1.467094902527886,-1.0487421576863714,-0.14199662483505912,1.0,0.0,0
-0.5500613414540855,-0.8666019058110855,-1.205752883065124,-1.7955677691566108,-1.452464835740764,0.0,0.8237807099517775,-0.6999844023659983,-1.0081962254017445,-0.638325571740905,0.7660476509258137,0.2863847139703712,-1.3792480115057328,0.0,1.0,0
-0.5565009583371209,0.051489633849285975,0.5169217468785305,-0.5907554311871154,0.1046036319145449,0.0,-0.09420865898738136,-1.0477307417736565,-1.509474646981232,-0.638325571740905,-0.19101344341148618,0.2863847139703712,-1.4636895008037312,0.0,1.0,0
-0.6187505882064639,-0.07966630038790996,-1.601921150486004,-0.15540307376956747,-1.6289047332892883,0.0,1.282775394421357,-0.4681535094275597,0.9969174609162059,1.5665986829772471,1.191408137297947,1.6215115856271138,1.4954339937261294,0.0,1.0,1
-0.44488093236450604,-1.2163510637769415,-1.3125407199460872,0.5330611193558574,-1.5547672686139042,0.0,-1.4711927123961197,1.5024090805491692,-0.5069178038222568,-0.638325571740905,-1.2544146593418195,-1.0487421576863714,0.2288116542561518,1.0,0.0,0
-0.5028374843118253,1.5379235552041732,0.8831832694853752,-1.2387217305992808,0.752943028879668,0.0,-0.09420865898738136,0.9228318482030725,-0.005639382242769227,-0.638325571740905,0.02166679977458048,0.2863847139703712,0.8088879720424024,0.0,1.0,1
-0.5178632570389081,-0.12338494513364194,1.0849961361610612,0.5026876990709146,0.535194511307768,0.0,-1.0121980279265403,-1.0477307417736565,0.4956390393367183,-0.638325571740905,-1.1480745377487862,-1.0487421576863714,-0.7257443117212224,0.0,1.0,0
-0.4491740102865296,-1.6972561559799932,-1.0077071899007177,-0.6312533249003749,-1.4236335994781146,0.0,-1.0121980279265403,-0.8158998488352177,1.4981958824956936,1.5665986829772471,-1.1480745377487862,-1.0487421576863714,1.3779501825289144,0.0,1.0,1
-0.3547262960020093,1.2318930419840495,-0.3276170494766732,0.4014429647877624,-0.18522297631397858,0.0,1.282775394421357,-0.4681535094275597,0.9969174609162059,1.5665986829772471,1.191408137297947,1.6215115856271138,-1.2691069385083436,1.0,0.0,0
0.7206897234649158,-1.5223815769970652,0.37461484546264695,-0.22627438776777328,0.3643876073987949,0.0,-0.09420865898738136,-0.8158998488352177,-0.5069178038222568,-0.638325571740905,-0.19101344341148618,0.2863847139703712,0.8859867231405751,1.0,0.0,0
-0.49210478950676617,0.31380150232367787,1.4729381267307793,1.2114008390529691,0.9522783199308847,0.0,0.8237807099517775,-0.5840689558967791,-0.5069178038222568,-0.638325571740905,0.7660476509258137,0.2863847139703712,1.6863451869216044,1.0,0.0,0
-0.3740451466511157,-0.9103205505568176,-0.569100559658894,0.39131849135944574,-0.8612427828842085,0.0,0.8237807099517775,1.5024090805491692,1.4981958824956936,1.5665986829772471,0.9787278941118804,0.2863847139703712,-0.8982986594171324,1.0,0.0,0
-0.5221563349609317,-1.740974800725725,-1.9484242324316483,-0.4490128031907038,-2.215644619163835,0.0,0.8237807099517775,1.038747294672292,-0.5069178038222568,-0.638325571740905,0.9787278941118804,0.2863847139703712,1.7083734015210825,0.0,1.0,0
-0.40409669210528126,0.09520827859501796,-0.11358008916234555,0.06733534165336305,-0.2964291733270549,0.0,-1.0121980279265403,1.3864936340799499,0.4956390393367183,-0.638325571740905,-0.8290541729696862,-1.0487421576863714,0.717103744544578,0.0,1.0,0
-0.5543544193761091,-0.29825952411656986,0.8609646338780331,-1.2387217305992808,0.29933561633559047,0.0,-0.09420865898738136,-1.2795616347120953,0.9969174609162059,1.5665986829772471,-0.2973535650045195,0.2863847139703712,-0.6633310370227018,0.0,1.0,0
-0.5543544193761091,0.31380150232367787,-0.9502770141267226,0.02683744794010362,-0.9919524632514298,0.0,-1.4711927123961197,-0.004491723550682283,-0.005639382242769227,-0.638325571740905,-1.467094902527886,-1.0487421576863714,-0.7294156808211356,0.0,1.0,1
-0.5779663479472393,-1.3912256427598693,0.04056650043184464,0.8367953222053104,-0.6026096340575013,0.0,-1.0121980279265403,0.6910009552646338,0.9969174609162059,1.5665986829772471,-0.9353942945627195,-1.0487421576863714,-0.6082605005240072,1.0,0.0,0
0.11321919749856887,1.1444557524925854,-0.8761636413742041,0.20907796964977468,-0.3726865818452806,0.0,-0.09420865898738136,-1.0477307417736565,-1.509474646981232,-0.638325571740905,-0.19101344341148618,0.2863847139703712,-0.8101858010192212,1.0,0.0,1
0.06599534035630875,-0.3856968136080338,1.1207458439721825,0.23945138993472107,0.8347122913892828,0.0,1.282775394421357,-1.6273079741197531,-0.5069178038222568,-0.638325571740905,1.0850680157049137,1.6215115856271138,-0.38063561632940246,1.0,0.0,0
0.3021146260676096,1.2756116867297813,-0.05707248649315377,0.3305716507895566,0.4083007298576621,0.0,1.282775394421357,0.8069164017338532,-0.5069178038222568,-0.638325571740905,1.4040883804840139,1.6215115856271138,1.447706195427261,1.0,0.0,0
0.13253804814767528,0.9258625287639255,-0.12511225297238474,0.6849282207805857,0.18146673867358257,0.0,0.3647860254821981,-0.35223806295834037,-1.0081962254017445,-0.638325571740905,0.3406871645536805,0.2863847139703712,-0.30720823433114314,1.0,0.0,0
-0.6724140622317596,1.0132998182553896,-0.6500563496053691,0.13820665565156887,-0.6669953570558127,0.0,-0.09420865898738136,-0.12040717001990163,-1.0081962254017445,-0.638325571740905,-0.08467332181845284,0.2863847139703712,1.194381727533265,1.0,0.0,0
-0.2860370492496308,1.2318930419840495,0.19486685221016944,1.6973755636120933,0.26517423555379604,0.0,0.8237807099517775,0.5750855087954145,0.9969174609162059,1.5665986829772471,0.8723877725188471,0.2863847139703712,-1.3682339042059937,1.0,0.0,1
-0.48995825054575437,-0.6042900373366937,-0.688496895638833,-1.1374769963161286,-0.9528849267190583,0.0,1.7417700788909365,-0.23632261648912098,-0.005639382242769227,-0.638325571740905,1.7231087452631138,1.6215115856271138,-0.7000447280218318,1.0,0.0,1
-0.5865525037912865,1.6253608446956371,1.1039857659015926,1.3835168873343235,0.8990374445635135,0.0,-1.4711927123961197,0.5750855087954145,-1.0081962254017445,-0.638325571740905,-1.3607547809348528,-1.0487421576863714,1.4550489336270866,1.0,0.0,0
-0.655241750543665,-1.4786629322513334,1.4367271323672564,-0.4793862234756502,0.43434575421257643,0.0,1.7417700788909365,-0.23632261648912098,-0.005639382242769227,-0.638325571740905,1.7231087452631138,1.6215115856271138,1.0254987489372682,0.0,1.0,1
-0.4770790167796834,1.3193303314755134,1.1407349279095838,-1.5930783005903064,0.9219328380662053,0.0,0.3647860254821981,0.6910009552646338,-0.005639382242769227,-0.638325571740905,0.4470272861467138,0.2863847139703712,0.25451123795554276,0.0,1.0,0
0.5425269897009342,0.31380150232367787,-0.0035632464145716348,0.36094507107450297,0.3729279525942438,0.0,-1.0121980279265403,0.22733916938775642,-1.0081962254017445,-0.638325571740905,-0.9353942945627195,-1.0487421576863714,-0.953369195915827,1.0,0.0,0
-0.5479148024930737,1.4504862657127093,1.015726272208759,0.49256322564259797,0.8125437357755654,0.0,-1.4711927123961197,-1.5113925276505338,0.4956390393367183,-0.638325571740905,-1.6797751457139527,-1.0487421576863714,1.590889590323867,0.0,1.0,1
-0.2645716596395125,0.6198320155438017,-1.0439181842642409,0.5026876990709146,-0.8343497809921574,0.0,1.282775394421357,0.5750855087954145,-1.509474646981232,-0.638325571740905,1.4040883804840139,1.6215115856271138,-0.4467202601278362,1.0,0.0,0
-0.6101644323624166,0.13892692334074994,0.7680922746611842,0.2900737570762972,0.2915826788531972,0.0,-0.5532033434569608,1.2705781876107307,-0.005639382242769227,-0.638325571740905,-0.40369368659755284,-1.0487421576863714,-1.158965865510954,1.0,0.0,0
0.5897508468431943,0.7509879497809976,-1.9165185792238733,-0.03390939262978554,-1.0106079690684382,0.0,0.8237807099517775,0.8069164017338532,-1.509474646981232,-0.638325571740905,0.9787278941118804,0.2863847139703712,1.5248049465254332,1.0,0.0,0
-0.6638279063877123,-0.12338494513364194,1.103908884809525,0.6545548004956393,0.4677197272813157,0.0,0.8237807099517775,0.22733916938775642,-0.5069178038222568,-0.638325571740905,0.8723877725188471,0.2863847139703712,-1.342534320506603,0.0,1.0,0
0.7743531974902115,-1.6098188664885291,-0.5654102672396812,1.4341392544758997,-0.36529706330737477,0.0,-0.09420865898738136,0.34325461585697575,0.9969174609162059,1.5665986829772471,-0.08467332181845284,0.2863847139703712,0.555563504148407,1.0,0.0,0
-0.5994317375573575,1.1881743972383174,0.10545414213633182,-0.6920001654702677,0.008176471977280777,0.0,1.282775394421357,0.4591700623261951,1.4981958824956936,1.5665986829772471,1.2977482588909803,1.6215115856271138,0.6473477316462314,1.0,0.0,0
-0.5264494128829554,0.3575201470694098,-0.3978863676258453,1.2721476796228584,-0.531318951113933,0.0,0.8237807099517775,-0.8158998488352177,-1.509474646981232,-0.638325571740905,0.7660476509258137,0.2863847139703712,-0.8725990757177419,1.0,0.0,1
-0.5264494128829554,-0.07966630038790996,-0.8862350644349717,-0.03390939262978554,-1.0129701922076049,0.0,-0.09420865898738136,-0.23632261648912098,-1.509474646981232,-0.638325571740905,-0.08467332181845284,0.2863847139703712,1.1099402382352668,1.0,0.0,0
-0.3912174583392103,1.0132998182553896,1.537364481882865,-0.6717512186136343,1.2150302167951137,0.0,1.7417700788909365,-0.23632261648912098,-0.005639382242769227,-0.638325571740905,1.7231087452631138,1.6215115856271138,1.4991053628260422,0.0,1.0,1
-0.6380694388555704,-1.2163510637769415,-0.008791160675122789,-1.046356735461293,-0.6366498751911335,0.0,-1.0121980279265403,-0.004491723550682283,1.4981958824956936,1.5665986829772471,-1.041734416155753,-1.0487421576863714,-0.13832525573514595,0.0,1.0,1
-0.039185068733270795,-0.6917273268281576,-1.9219002556685583,-0.35789254233586826,-1.6895956970186468,0.0,0.8237807099517775,0.11142372291853707,-1.0081962254017445,-0.638325571740905,0.8723877725188471,0.2863847139703712,-1.2507500930087785,1.0,0.0,0
1.9334842364365976,-0.6042900373366937,0.3646971845860131,-0.5907554311871154,1.244527721122656,0.0,0.8237807099517775,-0.6999844023659983,-1.0081962254017445,-0.638325571740905,0.7660476509258137,0.2863847139703712,1.4440348263273475,1.0,0.0,1
-0.5157167180778963,0.3575201470694098,0.4852467369469562,-1.2083483103143344,0.17050360051488642,0.0,0.3647860254821981,-0.8158998488352177,0.4956390393367183,-0.638325571740905,0.23434704296064715,0.2863847139703712,-1.6325724793997283,0.0,1.0,0
1.793959203970829,0.5323947260523377,1.1491149669448788,0.6849282207805857,2.0357513330953205,0.0,-1.4711927123961197,-0.4681535094275597,1.4981958824956936,1.5665986829772471,-1.5734350241209194,-1.0487421576863714,1.2017244657330914,1.0,0.0,1
0.2205461455491602,1.5816421999499053,1.0272584360187982,0.32044717736123995,1.2843826653680832,0.0,0.8237807099517775,-0.35223806295834037,0.4956390393367183,-0.638325571740905,0.7660476509258137,0.2863847139703712,-0.7367584190209615,1.0,0.0,0
-0.507130562233849,-0.1671035898793739,-0.22367381300218656,0.30019823050461025,-0.4994592236472242,0.0,-1.4711927123961197,1.038747294672292,0.9969174609162059,1.5665986829772471,-1.3607547809348528,-1.0487421576863714,-0.5899036550244425,0.0,1.0,1
-0.5865525037912865,0.7509879497809976,1.545206353273692,0.6140569067823799,1.0528242279056703,0.0,-1.0121980279265403,0.6910009552646338,0.9969174609162059,1.5665986829772471,-0.9353942945627195,-1.0487421576863714,-0.8725990757177419,1.0,0.0,0
-0.5500613414540855,-0.8666019058110855,-1.9448877021965696,-0.6312533249003749,-2.0347831244573835,0.0,-0.5532033434569608,0.22733916938775642,-1.0081962254017445,-0.638325571740905,-0.5100338081905862,-1.0487421576863714,1.8221858436183846,0.0,1.0,0
-0.4062432310662931,0.6635506602895337,0.2202376125922553,-0.37814148919249796,0.09133884044076317,0.0,-0.09420865898738136,1.1546627411415114,0.9969174609162059,1.5665986829772471,0.02166679977458048,0.2863847139703712,-0.7991716937194822,0.0,1.0,1
4.472839827313589,1.2318930419840495,1.5340585949239873,-0.7223735857552104,4.005906000984387,0.0,-0.09420865898738136,-0.23632261648912098,-1.509474646981232,-0.638325571740905,-0.08467332181845284,0.2863847139703712,-1.0855384835126944,1.0,0.0,0
-0.592992120674322,-0.3419781688623018,1.1773303277334415,0.08758428850999637,0.5170841339074905,0.0,1.282775394421357,0.6910009552646338,-1.0081962254017445,-0.638325571740905,1.4040883804840139,1.6215115856271138,-0.7257443117212224,0.0,1.0,1
-0.530742490804979,0.6198320155438017,0.5669713378141006,-1.8664390831548165,0.28455657925977884,0.0,-0.5532033434569608,-1.3954770811813144,-1.0081962254017445,-0.638325571740905,-0.7227140513766528,-1.0487421576863714,0.03790046106067718,0.0,1.0,0
0.4716912039875439,-0.8666019058110855,0.39145180462530416,-0.9856098948914039,0.3824979847990729,0.0,0.3647860254821981,0.8069164017338532,0.4956390393367183,-0.638325571740905,0.4470272861467138,0.2863847139703712,1.6422887577226488,1.0,0.0,0
-0.36975206872909205,0.1826455680864819,1.0338702099365542,0.34069612421787326,0.6463401384967629,0.0,0.3647860254821981,1.5024090805491692,-0.005639382242769227,-0.638325571740905,0.5533674077397471,0.2863847139703712,0.5739203496479718,1.0,0.0,0
3.590612314337728,-0.8666019058110855,-1.4427004088153963,-0.5401330640455393,0.6976427794935365,0.0,0.3647860254821981,-0.12040717001990163,-0.005639382242769227,-0.638325571740905,0.3406871645536805,0.2863847139703712,-0.14199662483505912,1.0,0.0,0
-0.5157167180778963,0.4886760813066058,1.2666661567152118,-0.8438672668949924,0.8152088080351377,0.0,1.282775394421357,-0.004491723550682283,-0.5069178038222568,-0.638325571740905,1.2977482588909803,1.6215115856271138,0.863958508541097,0.0,1.0,0
0.3107007819116569,1.1444557524925854,-1.0655217711350475,-0.3477680689075552,-0.4104215822478659,0.0,1.7417700788909365,-0.5840689558967791,-1.509474646981232,-0.638325571740905,1.7231087452631138,1.6215115856271138,0.9777709506383999,1.0,0.0,0
-0.5844059648302747,-1.6535375112342612,-1.943580723631432,0.49256322564259797,-2.227576874507831,0.0,0.3647860254821981,1.1546627411415114,-1.509474646981232,-0.638325571740905,0.5533674077397471,0.2863847139703712,-0.9460264577160011,0.0,1.0,0
0.9954467104744293,-0.5605713925909617,-0.6259156866963536,-0.6717512186136343,-0.055603552780218855,0.0,-0.09420865898738136,-0.6999844023659983,-0.005639382242769227,-0.638325571740905,-0.19101344341148618,0.2863847139703712,1.5945609594237797,1.0,0.0,1
-0.6316298219725348,1.1007371077468535,0.6683006171583117,1.1911518921963395,0.4140548631453757,0.0,-0.5532033434569608,1.3864936340799499,0.4956390393367183,-0.638325571740905,-0.40369368659755284,-1.0487421576863714,0.49682159854979924,1.0,0.0,0
-0.530742490804979,-1.6972561559799932,1.3619218297861355,0.036961921368420275,0.39721645205080364,0.0,-1.0121980279265403,-0.23632261648912098,0.4956390393367183,-0.638325571740905,-1.041734416155753,-1.0487421576863714,0.43073695475136586,1.0,0.0,0
0.6026300806092654,1.4067676209669773,1.2067757859950747,-1.046356735461293,1.602677090914769,0.0,-1.0121980279265403,1.5024090805491692,0.9969174609162059,1.5665986829772471,-0.8290541729696862,-1.0487421576863714,-0.5825609168246165,1.0,0.0,0
0.21625306762713664,-0.9540391953025495,-0.8870807564477078,-0.0946562331996783,-0.7883167146904483,0.0,1.282775394421357,-1.0477307417736565,-1.509474646981232,-0.638325571740905,1.191408137297947,1.6215115856271138,1.34857922972961,1.0,0.0,0
-0.4126828479493286,0.7072693050352656,1.0550125102549592,-1.1374769963161286,0.7550629727225099,0.0,-1.0121980279265403,-0.4681535094275597,-0.5069178038222568,-0.638325571740905,-1.041734416155753,-1.0487421576863714,1.2421095258321342,1.0,0.0,0
-0.5758198089862274,0.7947065945267296,1.124666779667596,0.7659240082071046,0.7372554444426385,0.0,1.282775394421357,0.4591700623261951,1.4981958824956936,1.5665986829772471,1.2977482588909803,1.6215115856271138,1.3192082769303064,1.0,0.0,0
-0.5221563349609317,0.7072693050352656,0.43773422204959467,-0.8337427934666757,0.20696663461176637,0.0,1.282775394421357,-0.5840689558967791,0.4956390393367183,-0.638325571740905,1.191408137297947,1.6215115856271138,-1.316834736807212,0.0,1.0,0
2.8929871520088843,1.5379235552041732,-1.9365076631612743,0.4216919116443921,0.4479133948067647,0.0,0.8237807099517775,0.22733916938775642,-0.5069178038222568,-0.638325571740905,0.8723877725188471,0.2863847139703712,0.20311207055676123,1.0,0.0,0
-0.569380192103192,1.0132998182553896,-1.0303871120604615,-1.0261077886046635,-0.9084872456675415,0.0,-0.5532033434569608,1.6183245270183886,1.4981958824956936,1.5665986829772471,-0.40369368659755284,-1.0487421576863714,0.09297099755937187,0.0,1.0,0
-0.5886990427522983,-0.2108222346251059,0.1978652148007795,0.5229366459275443,-0.22307911636472616,0.0,-0.5532033434569608,1.8501554199568273,-1.0081962254017445,-0.638325571740905,-0.2973535650045195,-1.0487421576863714,1.8478854273177756,0.0,1.0,1
-0.5393286466490264,1.4067676209669773,1.3676879116911551,-0.9653609480347742,1.0849868044927857,0.0,-1.0121980279265403,-1.0477307417736565,0.4956390393367183,-0.638325571740905,-1.1480745377487862,-1.0487421576863714,0.6546904698460574,0.0,1.0,0
0.11536573645958076,-0.6917273268281576,-0.5849380646246811,-0.560382010902169,-0.5490659095697236,0.0,-0.09420865898738136,-0.5840689558967791,0.4956390393367183,-0.638325571740905,-0.19101344341148618,0.2863847139703712,0.07094278295989367,1.0,0.0,0
1.9978804052669523,-0.42941545835376577,-1.9534983845080656,0.3103227039329269,-0.5067276025369677,0.0,-0.09420865898738136,-1.5113925276505338,-0.005639382242769227,-0.638325571740905,-0.2973535650045195,0.2863847139703712,1.3669360752291755,1.0,0.0,0
-0.6015782765183694,0.4886760813066058,-0.9505076574029233,-0.560382010902169,-0.980020207907434,0.0,0.8237807099517775,-1.0477307417736565,0.9969174609162059,1.5665986829772471,0.6597075293327804,0.2863847139703712,-0.8505708611182641,1.0,0.0,0
-0.5457682635320618,0.09520827859501796,0.2755919988804438,-0.4388883297623907,-0.06977689161521854,0.0,-0.09420865898738136,0.6910009552646338,-1.0081962254017445,-0.638325571740905,0.02166679977458048,0.2863847139703712,-1.5371168828019908,1.0,0.0,0
-0.569380192103192,-0.12338494513364194,0.02649726058359695,-1.0564812088896098,-0.32780434220111404,0.0,1.282775394421357,-0.35223806295834037,1.4981958824956936,1.5665986829772471,1.191408137297947,1.6215115856271138,0.48580749125006056,1.0,0.0,0
-0.6702675232707478,1.7127981341871013,0.9705201900734054,-1.8765635565831296,0.7660261108812066,0.0,1.282775394421357,1.5024090805491692,-1.0081962254017445,-0.638325571740905,1.5104285020770472,1.6215115856271138,0.9740995815384864,0.0,1.0,1
0.042383411785178585,1.5816421999499053,1.328247911460821,0.2597003367913508,1.4209676186711806,0.0,0.3647860254821981,1.1546627411415114,-1.509474646981232,-0.638325571740905,0.5533674077397471,0.2863847139703712,-0.3549360326300119,1.0,0.0,1
3.567000385766598,0.1826455680864819,1.181097501244721,-0.813493846610046,2.9840324989105276,0.0,-1.0121980279265403,0.4591700623261951,-0.005639382242769227,-0.638325571740905,-0.9353942945627195,-1.0487421576863714,-0.3769642472294897,1.0,0.0,1
0.2677700026914203,1.3630489762212454,-1.9553435307176719,-0.30727017519429217,-1.0872287965311511,0.0,-1.4711927123961197,-0.4681535094275597,1.4981958824956936,1.5665986829772471,-1.5734350241209194,-1.0487421576863714,1.1209543455350057,1.0,0.0,0
-0.2302270362633234,1.5379235552041732,-0.6625110865202114,0.12808218222325582,-0.31096593110654197,0.0,0.8237807099517775,-0.23632261648912098,0.9969174609162059,1.5665986829772471,0.7660476509258137,0.2863847139703712,0.544549396848668,1.0,0.0,0
0.07672803516136784,0.31380150232367787,-0.030164104269728986,-0.45913727661902043,0.08909775694975848,0.0,1.7417700788909365,-1.0477307417736565,-0.005639382242769227,-0.638325571740905,1.6167686236700805,1.6215115856271138,-0.68535925162218,1.0,0.0,0
-0.5049840232728371,1.4504862657127093,-0.1806972825367738,-0.6211288514720618,-0.10581593694353023,0.0,-0.09420865898738136,-1.2795616347120953,0.9969174609162059,1.5665986829772471,-0.2973535650045195,0.2863847139703712,-1.3865907497055587,0.0,1.0,0
-0.14436547782285025,1.2756116867297813,1.1734093920380282,-0.45913727661902043,1.1257502960994303,0.0,-1.0121980279265403,0.4591700623261951,-0.005639382242769227,-0.638325571740905,-0.9353942945627195,-1.0487421576863714,-0.832214015618699,1.0,0.0,0
-0.6402159778165821,-0.5605713925909617,1.2049306397854689,0.8165463753486807,0.4637221188919565,0.0,1.7417700788909365,-0.6999844023659983,1.4981958824956936,1.5665986829772471,1.6167686236700805,1.6215115856271138,-0.13098251753532003,0.0,1.0,1
0.13897766503071082,-0.12338494513364194,1.2703564491344246,0.7760484816354212,1.0519156805444523,0.0,0.3647860254821981,0.11142372291853707,0.9969174609162059,1.5665986829772471,0.3406871645536805,0.2863847139703712,-0.9937542560148699,1.0,0.0,1
-0.5479148024930737,0.4886760813066058,0.4317374968683745,0.4419408585010219,0.139249571288989,0.0,-0.5532033434569608,1.1546627411415114,-0.5069178038222568,-0.638325571740905,-0.40369368659755284,-1.0487421576863714,-1.5701592047012076,0.0,1.0,1
2.560273613052051,-0.3419781688623018,0.7741658809344713,1.1304050516264468,1.9789974079312405,0.0,-1.0121980279265403,-0.9318152953044371,0.9969174609162059,1.5665986829772471,-1.1480745377487862,-1.0487421576863714,1.0658838090363112,1.0,0.0,1
-0.6251902050894994,-0.8228832610653536,-0.9895632521729228,-1.7145719817300882,-1.3148501954282863,0.0,-1.4711927123961197,0.5750855087954145,-1.0081962254017445,-0.638325571740905,-1.3607547809348528,-1.0487421576863714,-0.20440989953357971,0.0,1.0,0
-0.26027858171748885,-1.0414764847940134,-0.7874428611289693,0.4419408585010219,-0.9981305853077118,0.0,-0.09420865898738136,-0.23632261648912098,-1.509474646981232,-0.638325571740905,-0.08467332181845284,0.2863847139703712,0.4601079075506696,1.0,0.0,1
-0.6767071401537833,-0.07966630038790996,-0.06668262300151977,-1.5930783005903064,-0.45209362121572894,0.0,0.8237807099517775,1.734239973487608,-1.0081962254017445,-0.638325571740905,1.0850680157049137,0.2863847139703712,-0.8689277066178287,0.0,1.0,0
-0.6187505882064639,0.5761133707980697,-0.7234777925292851,-0.8236183200383626,-0.7914663455426707,0.0,0.8237807099517775,-0.4681535094275597,-0.005639382242769227,-0.638325571740905,0.7660476509258137,0.2863847139703712,1.8001576290189065,1.0,0.0,0
-0.4083897700273049,0.31380150232367787,-1.21336411117975,-0.7729959528967865,-1.1168474405068562,0.0,1.7417700788909365,-1.163646188242876,-0.5069178038222568,-0.638325571740905,1.6167686236700805,1.6215115856271138,1.3559219679294363,1.0,0.0,1
0.042383411785178585,1.6253608446956371,1.2781214394331841,0.006588501083473899,1.391167265223232,0.0,-1.4711927123961197,-0.5840689558967791,0.9969174609162059,1.5665986829772471,-1.5734350241209194,-1.0487421576863714,0.10398510485911057,1.0,0.0,0
-0.6037248154793812,0.8821438840181935,0.953836993094882,-0.08453175977136164,0.6063034847790926,0.0,-0.5532033434569608,0.4591700623261951,-0.005639382242769227,-0.638325571740905,-0.5100338081905862,-1.0487421576863714,-0.5825609168246165,1.0,0.0,0
-0.5135701791168844,0.09520827859501796,-0.1723941245935457,-0.4490128031907038,-0.40454630931199,0.0,1.7417700788909365,-1.163646188242876,-0.5069178038222568,-0.638325571740905,1.6167686236700805,1.6215115856271138,1.4991053628260422,1.0,0.0,0
-0.5543544193761091,-0.2108222346251059,0.06762864483940358,-0.5401330640455393,-0.30630205465228943,0.0,-1.0121980279265403,1.3864936340799499,0.4956390393367183,-0.638325571740905,-0.8290541729696862,-1.0487421576863714,-1.533445513702078,1.0,0.0,0
2.236146229939265,-1.2600697085226733,0.16726654015814205,0.5026876990709146,1.1144237389962466,0.0,1.282775394421357,-1.0477307417736565,-1.509474646981232,-0.638325571740905,1.191408137297947,1.6215115856271138,1.7340729852204728,1.0,0.0,0
-0.5285959518439672,-0.6042900373366937,-0.7389308920347378,0.8469197956336271,-1.0144238679855535,0.0,-1.4711927123961197,1.1546627411415114,1.4981958824956936,1.5665986829772471,-1.3607547809348528,-1.0487421576863714,-0.3879783545292284,1.0,0.0,0
-0.2495458869124298,-0.29825952411656986,-1.2333531951171515,-1.046356735461293,-1.1786286610696763,0.0,-1.4711927123961197,1.2705781876107307,-1.509474646981232,-0.638325571740905,-1.2544146593418195,-1.0487421576863714,0.1737411177574571,1.0,0.0,1
0.3171403987946924,-1.5223815769970652,-0.22559584030385976,1.2215253124812822,-0.33622354774840063,0.0,-1.4711927123961197,1.038747294672292,0.9969174609162059,1.5665986829772471,-1.3607547809348528,-1.0487421576863714,-1.496731822702948,1.0,0.0,0
-0.5457682635320618,-1.1289137742854773,-0.20445353998545457,0.047086394796733336,-0.7193276850619662,0.0,-1.0121980279265403,1.5024090805491692,0.9969174609162059,1.5665986829772471,-0.8290541729696862,-1.0487421576863714,1.1576680365341359,0.0,1.0,1
-0.07352969210946005,-1.0414764847940134,-1.9368920686216091,0.4520653319293385,-1.798318531244394,0.0,-1.0121980279265403,-0.8158998488352177,1.4981958824956936,1.5665986829772471,-1.1480745377487862,-1.0487421576863714,1.7414157234202992,1.0,0.0,1
0.3407523273658226,-0.29825952411656986,-1.673266803924113,0.2698248102196674,-1.192075162015702,0.0,-1.4711927123961197,-1.5113925276505338,0.4956390393367183,-0.638325571740905,-1.6797751457139527,-1.0487421576863714,0.07461415205980684,1.0,0.0,0
0.7893789702172943,0.051489633849285975,-0.8518692162810549,1.6366287230422005,-0.2142359220488713,0.0,0.3647860254821981,0.4591700623261951,-1.0081962254017445,-0.638325571740905,0.4470272861467138,0.2863847139703712,0.3242672508538893,1.0,0.0,0
-0.6187505882064639,0.9258625287639255,0.4278165611729608,-2.0486796048644877,0.19309614489717267,0.0,1.282775394421357,-0.35223806295834037,1.4981958824956936,1.5665986829772471,1.191408137297947,1.6215115856271138,0.6657045771457965,0.0,1.0,0
-0.6638279063877123,1.1444557524925854,0.9492241275708662,-2.0486796048644877,0.6268972249666992,0.0,-0.5532033434569608,-0.12040717001990163,0.9969174609162059,1.5665986829772471,-0.6163739297836195,-1.0487421576863714,1.752429830720038,0.0,1.0,0
-0.04562468561630623,-1.0851951295397455,-1.0619852408999688,1.41389030761927,-1.1029769507922622,0.0,0.8237807099517775,-0.35223806295834037,0.4956390393367183,-0.638325571740905,0.7660476509258137,0.2863847139703712,-1.6472579557993803,1.0,0.0,0
-0.4212690037933759,-1.0414764847940134,-1.608225400035492,0.6241813802106929,-1.7356287633203558,0.0,1.7417700788909365,-1.5113925276505338,1.4981958824956936,1.5665986829772471,1.5104285020770472,1.6215115856271138,-1.2434073548089526,1.0,0.0,0
-0.4620532440526007,-0.2108222346251059,1.1821738365336578,1.0696582110565576,0.6238687337626394,0.0,0.3647860254821981,-1.5113925276505338,0.9969174609162059,1.5665986829772471,0.1280069213676138,0.2863847139703712,-0.5862322859245294,1.0,0.0,0
-0.6187505882064639,-1.4786629322513334,-0.5816321776658031,-0.9248630543215112,-1.1352000972034588,0.0,-0.09420865898738136,-0.9318152953044371,-1.0081962254017445,-0.638325571740905,-0.19101344341148618,0.2863847139703712,-1.0635102689132165,0.0,1.0,0
0.6155093143753363,1.2756116867297813,0.7200415921193543,-0.560382010902169,1.1974043979874853,0.0,1.282775394421357,-0.35223806295834037,1.4981958824956936,1.5665986829772471,1.191408137297947,1.6215115856271138,0.5335352895489293,1.0,0.0,0
0.3321661715217753,-0.7791646163196216,-0.6030051212604091,0.9684134767734054,-0.4603311172907713,0.0,-0.09420865898738136,-0.004491723550682283,-0.5069178038222568,-0.638325571740905,-0.08467332181845284,0.2863847139703712,-0.2558090669323612,1.0,0.0,0
-0.6724140622317596,0.051489633849285975,-0.6815007162607426,0.7659240082071046,-0.9049741958708323,0.0,0.3647860254821981,-0.8158998488352177,0.4956390393367183,-0.638325571740905,0.23434704296064715,0.2863847139703712,1.5982323285236932,0.0,1.0,0
-0.6101644323624166,-0.9103205505568176,-0.6922640691501123,-2.109426445434377,-1.0915292540409163,0.0,0.3647860254821981,1.6183245270183886,0.4956390393367183,-0.638325571740905,0.5533674077397471,0.2863847139703712,-0.11262567203575499,0.0,1.0,0
-0.33540744535290284,1.2318930419840495,-0.06360737931884239,0.6849282207805857,0.033676367915464016,0.0,0.3647860254821981,-1.3954770811813144,1.4981958824956936,1.5665986829772471,0.1280069213676138,0.2863847139703712,-0.2374522214327962,1.0,0.0,0
-0.30320936093772544,0.0077709891035539986,-1.1189541301215624,0.19895349622146163,-1.050947471906515,0.0,-1.4711927123961197,-1.6273079741197531,-0.005639382242769227,-0.638325571740905,-1.6797751457139527,-1.0487421576863714,-0.2558090669323612,1.0,0.0,0
4.562994463676085,-0.5605713925909617,1.0440953951814556,0.8772932159185698,3.2734351183704833,0.0,0.3647860254821981,-1.6273079741197531,0.4956390393367183,-0.638325571740905,0.1280069213676138,0.2863847139703712,1.818514474518472,1.0,0.0,0
-0.41482938691034044,0.4449574365608738,1.1096749667145447,-0.5907554311871154,0.7387696900446684,0.0,1.282775394421357,1.734239973487608,-0.005639382242769227,-0.638325571740905,1.5104285020770472,1.6215115856271138,1.4073211353282182,0.0,1.0,0
-0.6337763609335467,0.31380150232367787,-0.11058172657173547,0.20907796964977468,-0.3752305144566907,0.0,-0.5532033434569608,-0.5840689558967791,-1.0081962254017445,-0.638325571740905,-0.6163739297836195,-1.0487421576863714,0.5482207659485812,1.0,0.0,0
-0.5114236401558726,1.1444557524925854,0.7245775765513028,1.6973755636120933,0.5359213491967427,0.0,-0.09420865898738136,0.6910009552646338,-1.0081962254017445,-0.638325571740905,0.02166679977458048,0.2863847139703712,-0.7955003246195693,1.0,0.0,1
-0.4556136271695651,0.9258625287639255,1.3056448703931443,-1.5424559334487338,0.9767485288596878,0.0,-0.09420865898738136,-0.5840689558967791,0.4956390393367183,-0.638325571740905,-0.19101344341148618,0.2863847139703712,-1.2323932475092136,0.0,1.0,0
-0.5350355687270028,1.0570184630011215,-1.6263693377632873,-1.0868546291745524,-1.348951006386,0.0,-0.09420865898738136,-1.163646188242876,1.4981958824956936,1.5665986829772471,-0.2973535650045195,0.2863847139703712,-0.9607119341156534,0.0,1.0,1
0.20122729490005378,-0.25454087937083786,-0.7213251219514111,1.059533737628241,-0.5111491996948951,0.0,1.282775394421357,-1.5113925276505338,-0.005639382242769227,-0.638325571740905,1.0850680157049137,1.6215115856271138,-1.2140364020096488,1.0,0.0,1
-0.3912174583392103,0.1826455680864819,-0.7590737381562727,-0.07440728634304498,-0.778322693717051,0.0,-1.4711927123961197,0.9228318482030725,0.4956390393367183,-0.638325571740905,-1.3607547809348528,-1.0487421576863714,0.8088879720424024,1.0,0.0,0
-0.30320936093772544,0.09520827859501796,1.3485445197664903,-0.01366044577315582,0.9124233756854576,0.0,-1.4711927123961197,0.8069164017338532,-0.005639382242769227,-0.638325571740905,-1.3607547809348528,-1.0487421576863714,-1.3278488441069511,0.0,1.0,0
-0.45346708820855336,-0.7354459715738897,0.08961663717054508,-1.9676838174379652,-0.34833751256463985,0.0,-1.0121980279265403,-0.12040717001990163,0.9969174609162059,1.5665986829772471,-1.041734416155753,-1.0487421576863714,0.02321498466102493,0.0,1.0,1
-0.3654589908070684,-0.3419781688623018,-1.4352429428849043,0.6343058536390096,-1.4127916009675805,0.0,-1.0121980279265403,0.4591700623261951,-0.005639382242769227,-0.638325571740905,-0.9353942945627195,-1.0487421576863714,0.9704282124385736,1.0,0.0,0
-0.6015782765183694,-0.7791646163196216,-1.3423705836680553,0.5330611193558574,-1.569788584986041,0.0,-1.0121980279265403,-1.163646188242876,-0.005639382242769227,-0.638325571740905,-1.1480745377487862,-1.0487421576863714,1.0071419034377036,1.0,0.0,0
0.682052022166703,1.6253608446956371,-0.21936847184643857,1.0190358439149814,0.5723843832936227,0.0,0.8237807099517775,-1.6273079741197531,-1.509474646981232,-0.638325571740905,0.6597075293327804,0.2863847139703712,0.06360004476006775,1.0,0.0,1
3.6249569377139172,0.5323947260523377,-1.0646760791223113,0.1787045493648319,1.3249644475024847,0.0,-1.4711927123961197,1.3864936340799499,-1.0081962254017445,-0.638325571740905,-1.2544146593418195,-1.0487421576863714,-0.5385044876256606,1.0,0.0,0
0.1110726585375571,1.6690794894413692,0.7481800718158497,0.8975421627751995,1.022115327096504,0.0,-0.5532033434569608,-0.12040717001990163,0.9969174609162059,1.5665986829772471,-0.6163739297836195,-1.0487421576863714,-1.4453326553041663,1.0,0.0,0
-0.5758198089862274,1.0570184630011215,-1.1754617327907544,1.5657574090439947,-1.0167255213006392,0.0,-0.5532033434569608,-0.4681535094275597,-0.5069178038222568,-0.638325571740905,-0.6163739297836195,-1.0487421576863714,-1.371905273305907,1.0,0.0,0
1.1736094442384108,0.2263642128322139,1.397825299781391,-0.6211288514720618,1.8137629278377374,0.0,1.7417700788909365,-0.9318152953044371,0.4956390393367183,-0.638325571740905,1.6167686236700805,1.6215115856271138,0.41238010925180085,1.0,0.0,0
0.5103289052857567,0.6198320155438017,1.5132238189738496,0.47231427878596827,1.6175772676387428,0.0,0.8237807099517775,-0.6999844023659983,-1.0081962254017445,-0.638325571740905,0.7660476509258137,0.2863847139703712,0.9851136888382255,1.0,0.0,0
-0.5092771011948608,0.2263642128322139,1.135122608188698,-2.1802977594325825,0.657060997359135,0.0,-0.5532033434569608,1.038747294672292,-1.0081962254017445,-0.638325571740905,-0.40369368659755284,-1.0487421576863714,-0.8652563375179159,0.0,1.0,0
0.6777589442446792,-1.3912256427598693,0.807686037075652,1.5556329356156817,0.7104230123746684,0.0,-1.0121980279265403,-0.4681535094275597,-0.5069178038222568,-0.638325571740905,-1.041734416155753,-1.0487421576863714,-1.2213791402094747,1.0,0.0,0
0.08960726892743881,-0.29825952411656986,0.501238004096877,-1.177974890029388,0.3793483539468508,0.0,-1.4711927123961197,1.2705781876107307,-1.509474646981232,-0.638325571740905,-1.2544146593418195,-1.0487421576863714,0.8419302939416196,1.0,0.0,0
0.9568090091762165,-0.6480086820824257,0.38353305214241035,1.788495824466929,0.698490757030673,0.0,0.8237807099517775,1.038747294672292,-0.5069178038222568,-0.638325571740905,0.9787278941118804,0.2863847139703712,1.5321476847252595,1.0,0.0,1
-0.3397005232749265,0.051489633849285975,-1.816265635168599,-0.6008799046154321,-1.6112183446575792,0.0,1.282775394421357,-1.3954770811813144,0.4956390393367183,-0.638325571740905,1.0850680157049137,1.6215115856271138,-1.144280389111302,1.0,0.0,0
-0.4191224648323641,-1.0851951295397455,0.3473220577788874,-0.9046141074648815,-0.20345449336241883,0.0,-0.09420865898738136,1.734239973487608,-0.005639382242769227,-0.638325571740905,0.1280069213676138,0.2863847139703712,0.9851136888382255,0.0,1.0,0
-0.36975206872909205,0.5323947260523377,1.6126310710163876,-0.9552364746064576,1.1798391490039384,0.0,1.282775394421357,-0.4681535094275597,0.9969174609162059,1.5665986829772471,1.191408137297947,1.6215115856271138,0.6253195170467536,1.0,0.0,0
-0.5028374843118253,-1.1289137742854773,0.714659915674669,-1.8664390831548165,0.029012491461212025,0.0,-1.0121980279265403,1.2705781876107307,-0.005639382242769227,-0.638325571740905,-0.8290541729696862,-1.0487421576863714,1.183367620233526,0.0,1.0,0
-0.3740451466511157,0.31380150232367787,0.9738260770322834,-1.481709092878841,0.6256858284850754,0.0,-1.4711927123961197,-1.0477307417736565,-1.0081962254017445,-0.638325571740905,-1.5734350241209194,-1.0487421576863714,0.18475522505719622,0.0,1.0,0
4.374099035107045,-1.2163510637769415,0.6351648664774657,-0.7223735857552104,2.6992937559048245,0.0,-1.0121980279265403,1.5024090805491692,0.9969174609162059,1.5665986829772471,-0.8290541729696862,-1.0487421576863714,0.8199020793421414,1.0,0.0,0
-0.6037248154793812,-0.47313410309949777,-0.3964256268765737,1.1607784719113932,-0.757910663001688,0.0,-0.5532033434569608,1.8501554199568273,-1.0081962254017445,-0.638325571740905,-0.2973535650045195,-1.0487421576863714,0.9814423197383126,1.0,0.0,0
-0.26027858171748885,0.9258625287639255,1.1497300156814145,-0.38826596262081464,0.9641500054507994,0.0,0.3647860254821981,-1.0477307417736565,-0.5069178038222568,-0.638325571740905,0.23434704296064715,0.2863847139703712,-0.277837281531839,1.0,0.0,0
-0.6251902050894994,-1.1726324190312094,0.3829948844979419,0.6849282207805857,-0.31102650093062284,0.0,-0.09420865898738136,-0.8158998488352177,-0.5069178038222568,-0.638325571740905,-0.19101344341148618,0.2863847139703712,-0.3879783545292284,1.0,0.0,0
-0.25169242587344154,-0.29825952411656986,-0.789903056075111,1.0797826844848706,-0.8304733122509611,0.0,-1.4711927123961197,1.5024090805491692,-0.5069178038222568,-0.638325571740905,-1.2544146593418195,-1.0487421576863714,-1.6509293248992933,1.0,0.0,0
3.7902404377118275,-1.5223815769970652,0.8339793705625415,0.47231427878596827,2.458589275006151,0.0,0.3647860254821981,0.22733916938775642,1.4981958824956936,1.5665986829772471,0.3406871645536805,0.2863847139703712,-0.9460264577160011,1.0,0.0,0
1.3045483208601327,1.1007371077468535,-1.953805908876333,1.2518987327662285,-0.559059930543121,0.0,-1.0121980279265403,0.22733916938775642,-1.0081962254017445,-0.638325571740905,-0.9353942945627195,-1.0487421576863714,-1.3755766424058198,1.0,0.0,0
-0.4620532440526007,-1.4349442875056013,-0.7177117106242655,1.4645126747608461,-1.144285570815638,0.0,1.282775394421357,0.4591700623261951,1.4981958824956936,1.5665986829772471,1.2977482588909803,1.6215115856271138,0.6987468990450133,1.0,0.0,0
-0.5736732700252155,-0.8666019058110855,-0.061839114201303336,-0.17565202062619717,-0.5645717845345101,0.0,-0.09420865898738136,0.6910009552646338,-1.0081962254017445,-0.638325571740905,0.02166679977458048,0.2863847139703712,0.9483999978390955,0.0,1.0,0
0.07243495723934419,1.0132998182553896,-0.7313196639201118,-0.5907554311871154,-0.31066308198613596,0.0,0.8237807099517775,1.1546627411415114,-0.005639382242769227,-0.638325571740905,0.9787278941118804,0.2863847139703712,-0.7808148482199171,1.0,0.0,0
1.6952184117642848,1.0570184630011215,0.3728465803451075,-0.003535972344839162,1.4847476434286802,0.0,0.3647860254821981,-0.004491723550682283,0.4956390393367183,-0.638325571740905,0.3406871645536805,0.2863847139703712,1.7487584616201255,1.0,0.0,0
-0.5650871141811682,-0.07966630038790996,1.0952982024980291,-0.5401330640455393,0.5263513169919136,0.0,-1.4711927123961197,-0.6999844023659983,0.4956390393367183,-0.638325571740905,-1.5734350241209194,-1.0487421576863714,0.6730473153456223,0.0,1.0,1
-0.5736732700252155,-0.6917273268281576,0.5356038522507941,0.23945138993472107,-0.05511899418756918,0.0,-1.0121980279265403,-1.3954770811813144,-1.0081962254017445,-0.638325571740905,-1.1480745377487862,-1.0487421576863714,-0.7808148482199171,1.0,0.0,0
-0.6788536791147951,1.5379235552041732,-1.2920134683642175,-0.6920001654702677,-1.0600935153427755,0.0,1.7417700788909365,-0.35223806295834037,-0.5069178038222568,-0.638325571740905,1.7231087452631138,1.6215115856271138,1.5358190538251724,1.0,0.0,0
-0.4770790167796834,-0.47313410309949777,0.5838851780688246,1.2215253124812822,0.08588755627345553,0.0,1.282775394421357,-0.4681535094275597,0.9969174609162059,1.5665986829772471,1.191408137297947,1.6215115856271138,-0.6816878825222669,1.0,0.0,1
2.3735247234440218,0.6198320155438017,-0.11127365640033807,0.32044717736123995,1.3892290308526334,0.0,-0.09420865898738136,1.1546627411415114,0.9969174609162059,1.5665986829772471,0.02166679977458048,0.2863847139703712,0.9153576759398789,1.0,0.0,0
1.8261572883860064,-0.2108222346251059,1.0275659603870662,0.6343058536390096,1.7934114669464554,0.0,-1.4711927123961197,-0.23632261648912098,-1.0081962254017445,-0.638325571740905,-1.467094902527886,-1.0487421576863714,0.36098094185301893,1.0,0.0,1
-0.6101644323624166,0.2263642128322139,1.0928380075518875,1.0190358439149814,0.5668119594781528,0.0,-1.0121980279265403,0.4591700623261951,-0.005639382242769227,-0.638325571740905,-0.9353942945627195,-1.0487421576863714,1.0181560107374419,1.0,0.0,1
-0.08426238691451915,1.5816421999499053,0.945456954059587,1.8391181916085013,1.0479180721550931,0.0,-1.4711927123961197,-1.0477307417736565,-1.0081962254017445,-0.638325571740905,-1.5734350241209194,-1.0487421576863714,0.6840614226453611,1.0,0.0,0
-0.3718986076901039,0.5323947260523377,-1.927512575389444,-1.1374769963161286,-1.6104309369445236,0.0,-1.0121980279265403,0.8069164017338532,1.4981958824956936,1.5665986829772471,-0.9353942945627195,-1.0487421576863714,0.3830091564524971,1.0,0.0,1
0.17332228840690006,-0.12338494513364194,-1.1091133503369957,-0.7324980591835271,-0.8033380310625851,0.0,0.8237807099517775,-0.23632261648912098,0.9969174609162059,1.5665986829772471,0.7660476509258137,0.2863847139703712,1.1466539292343967,1.0,0.0,0
-0.5886990427522983,-0.6042900373366937,-0.19937938790903734,1.8391181916085013,-0.6232639440691888,0.0,-0.09420865898738136,-0.8158998488352177,-0.5069178038222568,-0.638325571740905,-0.19101344341148618,0.2863847139703712,-0.9129841358167846,1.0,0.0,0
-0.6530952115826532,1.4067676209669773,-0.18123545018124224,0.1787045493648319,-0.19951745479714109,0.0,-1.4711927123961197,-0.9318152953044371,-0.5069178038222568,-0.638325571740905,-1.5734350241209194,-1.0487421576863714,0.33895272725354114,1.0,0.0,0
-0.4641997830136124,0.7072693050352656,-0.31201018778708683,0.30019823050461025,-0.35100258482421226,0.0,-1.0121980279265403,-0.004491723550682283,1.4981958824956936,1.5665986829772471,-1.041734416155753,-1.0487421576863714,-0.07224061193671218,1.0,0.0,0
-0.3525797570409975,0.2263642128322139,0.3519349233029029,0.5836834864974335,0.12846814260253595,0.0,-1.0121980279265403,-0.23632261648912098,0.4956390393367183,-0.638325571740905,-1.041734416155753,-1.0487421576863714,-1.533445513702078,1.0,0.0,0
-0.6294832830115231,1.1007371077468535,-1.0017873458115645,-0.5401330640455393,-0.9004920288888237,0.0,0.8237807099517775,0.34325461585697575,-0.005639382242769227,-0.638325571740905,0.8723877725188471,0.2863847139703712,-0.5348331185257478,0.0,1.0,0
-0.6509486726216414,0.8821438840181935,-0.9769547530739465,1.1709029453397062,-0.9414977997917934,0.0,-0.5532033434569608,1.5024090805491692,0.9969174609162059,1.5665986829772471,-0.40369368659755284,-1.0487421576863714,-0.4320347837281844,1.0,0.0,1
1.0705755741098435,-0.3856968136080338,-0.13410734074421543,-0.0440338660581022,0.4130251761359955,0.0,0.3647860254821981,-0.12040717001990163,-0.005639382242769227,-0.638325571740905,0.3406871645536805,0.2863847139703712,-0.6302887151234853,1.0,0.0,0
-0.15509817262790943,0.7072693050352656,-1.3608220457641178,0.4014429647877624,-1.0028550315860452,0.0,-1.0121980279265403,-0.12040717001990163,0.9969174609162059,1.5665986829772471,-1.041734416155753,-1.0487421576863714,-1.3976048570052977,1.0,0.0,0
-0.5243028739219436,-0.07966630038790996,0.2719017064612311,0.10783323536662609,-0.09933496576684235,0.0,0.8237807099517775,-1.6273079741197531,-1.509474646981232,-0.638325571740905,0.6597075293327804,0.2863847139703712,1.6643169723221263,1.0,0.0,1
-0.668120984309736,-1.4349442875056013,-0.866784148142039,1.5252595153307353,-1.378024521944974,0.0,1.7417700788909365,-0.9318152953044371,0.4956390393367183,-0.638325571740905,1.6167686236700805,1.6215115856271138,0.3426240963534543,1.0,0.0,0
1.1671698273553757,1.3193303314755134,1.3380118101533212,-0.6211288514720618,2.0052847115824792,0.0,-0.09420865898738136,1.2705781876107307,1.4981958824956936,1.5665986829772471,0.02166679977458048,0.2863847139703712,-1.4269758098046015,1.0,0.0,1
-0.6359228998945585,0.9258625287639255,0.6367024883188042,-0.8944896340365684,0.34797318507279107,0.0,0.8237807099517775,1.038747294672292,-0.5069178038222568,-0.638325571740905,0.9787278941118804,0.2863847139703712,-1.5444596210018169,0.0,1.0,1
-0.10358123756362556,0.4886760813066058,0.567509505458569,0.20907796964977468,0.4969749523125335,0.0,-1.4711927123961197,-0.23632261648912098,-1.0081962254017445,-0.638325571740905,-1.467094902527886,-1.0487421576863714,-1.0855384835126944,1.0,0.0,1
-0.5135701791168844,-0.8666019058110855,1.285578905363676,0.4318163850727088,0.5308940537980034,0.0,-1.4711927123961197,0.22733916938775642,0.9969174609162059,1.5665986829772471,-1.467094902527886,-1.0487421576863714,-1.3865907497055587,1.0,0.0,0
-0.10787431548564921,1.4067676209669773,-0.6696610280824355,0.1584556025081986,-0.2766228408525033,0.0,1.7417700788909365,-0.6999844023659983,1.4981958824956936,1.5665986829772471,1.6167686236700805,1.6215115856271138,1.0071419034377036,1.0,0.0,0
0.4781308208705794,-1.6098188664885291,1.1754083004317684,-1.1071035760311858,0.839012748899048,0.0,-1.4711927123961197,0.34325461585697575,1.4981958824956936,1.5665986829772471,-1.467094902527886,-1.0487421576863714,-0.8762704448176546,1.0,0.0,0
3.6485688662850473,-1.5661002217427973,1.0602404245155106,-0.05415833948641526,2.5472029276369414,0.0,0.3647860254821981,0.22733916938775642,1.4981958824956936,1.5665986829772471,0.3406871645536805,0.2863847139703712,1.3963070280284793,1.0,0.0,1
-0.6638279063877123,1.5816421999499053,1.0938374617487576,-0.5907554311871154,0.8377407825933426,0.0,1.282775394421357,-0.4681535094275597,0.9969174609162059,1.5665986829772471,1.191408137297947,1.6215115856271138,-0.07591198103662533,0.0,1.0,0
2.762048275387163,0.0077709891035539986,0.6803709486128193,1.778371351038612,2.096502866648761,0.0,-1.4711927123961197,0.22733916938775642,0.9969174609162059,1.5665986829772471,-1.467094902527886,-1.0487421576863714,-0.20073853043366657,1.0,0.0,1
-0.4663463219746242,0.09520827859501796,1.469632239771902,-0.8641162137516221,0.9157547160099233,0.0,-1.4711927123961197,0.8069164017338532,-0.005639382242769227,-0.638325571740905,-1.3607547809348528,-1.0487421576863714,1.6936879251214307,0.0,1.0,0
-0.44273439340349413,0.051489633849285975,0.2925827202272347,0.8671687424902568,-0.007935101228317615,0.0,0.8237807099517775,0.4591700623261951,0.4956390393367183,-0.638325571740905,0.8723877725188471,0.2863847139703712,-0.7918289555196562,1.0,0.0,1
-0.5715267310642037,1.1007371077468535,0.3966797188858553,-0.003535972344839162,0.23398077615198007,0.0,0.3647860254821981,1.2705781876107307,-1.0081962254017445,-0.638325571740905,0.5533674077397471,0.2863847139703712,1.8331999509181238,1.0,0.0,0
-0.6294832830115231,1.2756116867297813,0.3370968725339861,-1.5829538271619932,0.19309614489717267,0.0,1.282775394421357,-1.2795616347120953,0.9969174609162059,1.5665986829772471,1.0850680157049137,1.6215115856271138,1.410992504428131,0.0,1.0,0
-0.5908455817133101,-1.0414764847940134,1.2553646361813735,-1.177974890029388,0.42471515218366646,0.0,-1.0121980279265403,0.11142372291853707,-1.509474646981232,-0.638325571740905,-0.9353942945627195,-1.0487421576863714,-0.8028430628193953,1.0,0.0,0
1.9485100091636807,1.5816421999499053,0.778624984274353,-1.167850416601075,2.063674021996752,0.0,-1.0121980279265403,0.9228318482030725,-1.509474646981232,-0.638325571740905,-0.8290541729696862,-1.0487421576863714,-0.9717260414153921,1.0,0.0,0
-0.4105363089883168,-0.42941545835376577,-0.9589645775302854,0.806421901920364,-1.0823832106046556,0.0,-1.4711927123961197,-1.5113925276505338,0.4956390393367183,-0.638325571740905,-1.6797751457139527,-1.0487421576863714,1.0475269635367463,0.0,1.0,0
0.15400343775779365,0.051489633849285975,1.4123558261820401,1.4543882013325293,1.2110326084057546,0.0,-0.09420865898738136,0.6910009552646338,-1.0081962254017445,-0.638325571740905,0.02166679977458048,0.2863847139703712,1.2347667876323078,1.0,0.0,0
-0.10787431548564921,1.4067676209669773,-1.09373713192361,0.06733534165336305,-0.6107259904843814,0.0,-1.0121980279265403,-0.8158998488352177,1.4981958824956936,1.5665986829772471,-1.1480745377487862,-1.0487421576863714,0.6179767788469277,1.0,0.0,0
-0.6445090557386058,0.8384252392724616,0.8189875576094902,1.494886095045789,0.4673563083368283,0.0,0.8237807099517775,-0.004491723550682283,-1.509474646981232,-0.638325571740905,0.8723877725188471,0.2863847139703712,0.9153576759398789,1.0,0.0,0
0.44593273645540193,-1.6972561559799932,0.7893883371637231,-1.1172280494594988,0.4973383712570204,0.0,0.8237807099517775,0.22733916938775642,-0.5069178038222568,-0.638325571740905,0.8723877725188471,0.2863847139703712,1.054869701736572,1.0,0.0,1
-0.6166040492454521,-0.47313410309949777,0.8972525093336229,0.9279155830601459,0.2540293879228556,0.0,1.7417700788909365,-0.004491723550682283,0.9969174609162059,1.5665986829772471,1.7231087452631138,1.6215115856271138,1.2678091095315251,1.0,0.0,0
-0.21520126353624053,-0.5605713925909617,0.9587573829871653,0.6140569067823799,0.5096340455455033,0.0,-1.4711927123961197,1.8501554199568273,0.9969174609162059,1.5665986829772471,-1.2544146593418195,-1.0487421576863714,-1.4710322390035573,1.0,0.0,0
-0.21090818561421687,-1.3912256427598693,1.3358591395754469,-0.30727017519429217,0.6250195604201819,0.0,-0.09420865898738136,1.5024090805491692,-1.0081962254017445,-0.638325571740905,0.1280069213676138,0.2863847139703712,-0.3329078180305337,1.0,0.0,0
0.0037457104869657726,0.31380150232367787,-1.277636704147702,-0.16552754719788051,-0.934895688966943,0.0,1.282775394421357,-1.163646188242876,1.4981958824956936,1.5665986829772471,1.0850680157049137,1.6215115856271138,0.852944401241358,1.0,0.0,1
-0.6101644323624166,-0.9540391953025495,0.35093546910603285,-1.6437006677318824,-0.27934848293615716,0.0,-0.09420865898738136,-1.2795616347120953,0.9969174609162059,1.5665986829772471,-0.2973535650045195,0.2863847139703712,1.4770771482265648,0.0,1.0,0
0.7443016520360459,0.8821438840181935,-1.9507306651936562,0.8671687424902568,-0.9212674785486739,0.0,-0.09420865898738136,1.038747294672292,0.4956390393367183,-0.638325571740905,0.02166679977458048,0.2863847139703712,-0.9129841358167846,1.0,0.0,0
-0.6530952115826532,-0.2108222346251059,0.24722287590774739,0.34069612421787326,-0.22053518375331602,0.0,-1.4711927123961197,0.5750855087954145,-1.0081962254017445,-0.638325571740905,-1.3607547809348528,-1.0487421576863714,-0.9166555049166975,0.0,1.0,1
-0.5006909453508135,-1.4786629322513334,-0.8993817311784162,0.4014429647877624,-1.3189083736417264,0.0,1.282775394421357,-1.3954770811813144,0.4956390393367183,-0.638325571740905,1.0850680157049137,1.6215115856271138,-1.3278488441069511,1.0,0.0,0
-0.6724140622317596,0.4449574365608738,-1.9231303531416288,1.6872510901837765,-1.7959563081052274,0.0,0.8237807099517775,-0.6999844023659983,-1.0081962254017445,-0.638325571740905,0.7660476509258137,0.2863847139703712,-0.5788895477247034,1.0,0.0,0
-0.10787431548564921,0.7509879497809976,0.1615773393451893,1.1709029453397062,0.23289051931851842,0.0,1.282775394421357,-0.4681535094275597,0.9969174609162059,1.5665986829772471,1.191408137297947,1.6215115856271138,0.5298639204490162,1.0,0.0,0
-0.11431393236868474,0.3575201470694098,-0.7058720224459587,0.13820665565156887,-0.5413735419114118,0.0,-0.09420865898738136,-0.4681535094275597,0.9969174609162059,1.5665986829772471,-0.19101344341148618,0.2863847139703712,1.1796962511336133,1.0,0.0,0
-0.6337763609335467,0.7072693050352656,-1.0882016932947913,-0.5097596437605929,-1.0582158507962585,0.0,-1.0121980279265403,-0.4681535094275597,-0.5069178038222568,-0.638325571740905,-1.041734416155753,-1.0487421576863714,-1.6289011102998152,1.0,0.0,1
0.5833112299601589,-0.29825952411656986,0.249452427577688,0.4419408585010219,0.45960337085443564,0.0,1.282775394421357,0.9228318482030725,-0.005639382242769227,-0.638325571740905,1.4040883804840139,1.6215115856271138,-0.7734721100200912,1.0,0.0,1
-0.44488093236450604,-1.5223815769970652,1.4829326686994801,-0.37814148919249796,0.5797739018315285,0.0,-0.5532033434569608,1.1546627411415114,-0.5069178038222568,-0.638325571740905,-0.40369368659755284,-1.0487421576863714,0.7391319591440558,0.0,1.0,0
-0.44488093236450604,-0.1671035898793739,0.2542190552858376,0.10783323536662609,-0.08782669919141509,0.0,-1.0121980279265403,0.8069164017338532,1.4981958824956936,1.5665986829772471,-0.9353942945627195,-1.0487421576863714,0.7758456501431858,1.0,0.0,1
-0.3568728349630211,-1.5661002217427973,0.9139357063121464,1.1607784719113932,0.1714727177001852,0.0,-0.09420865898738136,-0.6999844023659983,-0.005639382242769227,-0.638325571740905,-0.19101344341148618,0.2863847139703712,-0.832214015618699,1.0,0.0,0
-0.5328890297659908,-0.9103205505568176,-0.12372839331517999,-1.0159833151763467,-0.6000051316220097,0.0,-0.09420865898738136,-0.9318152953044371,-1.0081962254017445,-0.638325571740905,-0.19101344341148618,0.2863847139703712,0.39035189465232306,0.0,1.0,0
-0.27530435444457174,1.2756116867297813,-0.05392036171840953,1.424014781047583,0.08491843908815616,0.0,0.3647860254821981,-1.0477307417736565,-0.5069178038222568,-0.638325571740905,0.23434704296064715,0.2863847139703712,1.4697344100267384,1.0,0.0,0
-0.4212690037933759,1.5379235552041732,-0.339610499839114,-1.9575593440096521,-0.16438695683004734,0.0,-1.4711927123961197,1.038747294672292,0.9969174609162059,1.5665986829772471,-1.3607547809348528,-1.0487421576863714,0.6216481479468405,0.0,1.0,0
0.10677958061553344,0.4012387918151418,-0.8976903471529438,0.8772932159185698,-0.5580302435337408,0.0,-1.4711927123961197,0.11142372291853707,0.4956390393367183,-0.638325571740905,-1.467094902527886,-1.0487421576863714,0.4490938002509305,1.0,0.0,0
-0.5586474972981328,1.6690794894413692,1.4456453390470203,-1.8563146097265,1.1936490688944512,0.0,1.282775394421357,1.734239973487608,-0.005639382242769227,-0.638325571740905,1.5104285020770472,1.6215115856271138,-0.9056413976169587,0.0,1.0,1
-0.44273439340349413,0.6635506602895337,1.2715096655154283,-1.9271859237247058,0.8989768747394321,0.0,-1.0121980279265403,-0.12040717001990163,0.9969174609162059,1.5665986829772471,-1.041734416155753,-1.0487421576863714,-0.6119318696239203,0.0,1.0,1
-0.36760552976808025,1.5379235552041732,-0.012327690910201753,-0.6312533249003749,0.1237436963242031,0.0,-1.4711927123961197,1.038747294672292,0.9969174609162059,1.5665986829772471,-1.3607547809348528,-1.0487421576863714,-0.953369195915827,0.0,1.0,0
1.2938156260550733,1.1007371077468535,-1.2748689848332924,0.9380400564884626,-0.0302247964901979,0.0,-1.4711927123961197,-0.004491723550682283,-0.005639382242769227,-0.638325571740905,-1.467094902527886,-1.0487421576863714,-0.0795833501365385,1.0,0.0,0
0.008038788408989429,1.3193303314755134,-1.6398235288749994,0.9684134767734054,-0.9949203846314085,0.0,-0.09420865898738136,-0.12040717001990163,-1.0081962254017445,-0.638325571740905,-0.08467332181845284,0.2863847139703712,0.17006974865754435,1.0,0.0,0
-0.569380192103192,1.0132998182553896,-0.052305858785004204,-0.4895106969039632,-0.13791794370656418,0.0,-1.4711927123961197,1.1546627411415114,1.4981958824956936,1.5665986829772471,-1.3607547809348528,-1.0487421576863714,-0.5017907966265309,0.0,1.0,0
-0.4663463219746242,-0.7354459715738897,-0.28387170809059126,-0.7527470060401568,-0.6498540968408341,0.0,1.282775394421357,-0.004491723550682283,-0.5069178038222568,-0.638325571740905,1.2977482588909803,1.6215115856271138,0.4417510620511046,1.0,0.0,0
1.9077257689044556,-1.5661002217427973,-1.189992259191404,-0.10478070662799135,-0.20805779999258942,0.0,-0.5532033434569608,1.1546627411415114,-0.5069178038222568,-0.638325571740905,-0.40369368659755284,-1.0487421576863714,0.015872246461199,1.0,0.0,0
-0.507130562233849,-0.8228832610653536,1.0143424125515543,-1.5424559334487338,0.3305290757374065,0.0,0.8237807099517775,-0.5840689558967791,-0.5069178038222568,-0.638325571740905,0.7660476509258137,0.2863847139703712,-1.4930604536030352,0.0,1.0,0
-0.507130562233849,1.6690794894413692,0.9516074414249409,0.5634345396408038,0.8335008949076589,0.0,-1.0121980279265403,0.34325461585697575,-0.5069178038222568,-0.638325571740905,-0.9353942945627195,-1.0487421576863714,0.397694632852149,0.0,1.0,0
-0.30964897782076095,1.1007371077468535,0.31203363652016725,-1.1071035760311858,0.31508377059670145,0.0,-1.0121980279265403,0.8069164017338532,1.4981958824956936,1.5665986829772471,-0.9353942945627195,-1.0487421576863714,1.8258572127182975,1.0,0.0,0
-0.0284523739282117,0.13892692334074994,0.4602603820252046,1.798620297895242,0.37734954975217117,0.0,1.282775394421357,1.1546627411415114,0.9969174609162059,1.5665986829772471,1.4040883804840139,1.6215115856271138,-0.6927019898220059,1.0,0.0,0
-0.5135701791168844,1.1444557524925854,0.9100916517088,-1.7651943488716644,0.6808649382230446,0.0,1.282775394421357,-1.6273079741197531,-0.5069178038222568,-0.638325571740905,1.0850680157049137,1.6215115856271138,0.48580749125006056,0.0,1.0,1
-0.6359228998945585,-0.8666019058110855,-0.16685868596472667,-0.2768967549093494,-0.6824406621965177,0.0,-1.0121980279265403,-1.0477307417736565,0.4956390393367183,-0.638325571740905,-1.1480745377487862,-1.0487421576863714,0.19209796325702214,0.0,1.0,0
0.05526264555124956,0.7072693050352656,1.4517189453203074,-0.10478070662799135,1.331687697975497,0.0,0.3647860254821981,-1.6273079741197531,0.4956390393367183,-0.638325571740905,0.1280069213676138,0.2863847139703712,-1.5848446811008594,1.0,0.0,0
-0.04991776353832989,1.4504862657127093,1.2146945384779686,-0.681875692041951,1.2503424242344512,0.0,-0.09420865898738136,0.22733916938775642,0.4956390393367183,-0.638325571740905,-0.08467332181845284,0.2863847139703712,-0.832214015618699,1.0,0.0,1
-0.605871354440393,-1.0851951295397455,0.41912899776939794,-0.6920001654702677,-0.2522737715718626,0.0,0.8237807099517775,-0.5840689558967791,-0.5069178038222568,-0.638325571740905,0.7660476509258137,0.2863847139703712,1.3522505988295235,1.0,0.0,1
-0.6251902050894994,0.4886760813066058,0.45772330598699607,0.7254261144938451,0.11611189848997217,0.0,1.282775394421357,0.11142372291853707,-0.005639382242769227,-0.638325571740905,1.2977482588909803,1.6215115856271138,-0.8395567538185249,1.0,0.0,0
-0.5479148024930737,-0.7354459715738897,0.0023565976745816776,-0.4793862234756502,-0.4703857080882501,0.0,0.3647860254821981,-1.3954770811813144,1.4981958824956936,1.5665986829772471,0.1280069213676138,0.2863847139703712,-1.3902621188054718,1.0,0.0,0
-0.5243028739219436,-0.5605713925909617,1.270663973502692,-1.0159833151763467,0.5809247284890711,0.0,-0.5532033434569608,-1.5113925276505338,-1.509474646981232,-0.638325571740905,-0.7227140513766528,-1.0487421576863714,-1.3535484278063419,0.0,1.0,0
-0.10787431548564921,0.5323947260523377,-0.6871130359816283,-0.23639886119608633,-0.48419562797876287,0.0,-0.5532033434569608,0.8069164017338532,1.4981958824956936,1.5665986829772471,-0.5100338081905862,-1.0487421576863714,-0.34759329443018555,1.0,0.0,0
-0.4191224648323641,0.7947065945267296,0.9592955506316337,0.9076666362035162,0.6954016960025318,0.0,0.3647860254821981,0.11142372291853707,0.9969174609162059,1.5665986829772471,0.3406871645536805,0.2863847139703712,-1.0965525908124334,1.0,0.0,1
1.5707191520255992,-0.9977578400482815,-1.096043564685618,0.9177911096318293,-0.19824548849143575,0.0,0.3647860254821981,-1.163646188242876,-1.0081962254017445,-0.638325571740905,0.23434704296064715,0.2863847139703712,1.117282976435093,1.0,0.0,1
-0.5393286466490264,1.4942049104584412,-1.959110704228951,0.24957586336303772,-1.5166082794427507,0.0,0.8237807099517775,-0.9318152953044371,1.4981958824956936,1.5665986829772471,0.6597075293327804,0.2863847139703712,0.030557722860850862,0.0,1.0,1
-0.37619168561212757,-0.47313410309949777,-1.0290801334953237,-0.42876385633407404,-1.1279317183137152,0.0,0.3647860254821981,-1.0477307417736565,-0.5069178038222568,-0.638325571740905,0.23434704296064715,0.2863847139703712,1.4954339937261294,1.0,0.0,0
-0.5114236401558726,-0.6917273268281576,-1.0359994317813472,0.8266708487769937,-1.2581568400882868,0.0,-1.0121980279265403,-0.35223806295834037,-0.005639382242769227,-0.638325571740905,-1.041734416155753,-1.0487421576863714,-0.8982986594171324,0.0,1.0,0
-0.4362947765204587,-0.7791646163196216,-0.702258611118813,1.4341392544758997,-0.97220670060096,0.0,1.7417700788909365,-1.3954770811813144,-1.509474646981232,-0.638325571740905,1.6167686236700805,1.6215115856271138,-0.3145509725309691,1.0,0.0,0
-0.1486585557448739,1.4942049104584412,1.6896659252674493,0.8671687424902568,1.5785097311063714,0.0,-0.09420865898738136,-0.4681535094275597,0.9969174609162059,1.5665986829772471,-0.19101344341148618,0.2863847139703712,-0.7147302044214837,1.0,0.0,0
-0.6187505882064639,0.6635506602895337,-1.64781916244996,-1.7651943488716644,-1.5003149967649088,0.0,0.3647860254821981,-1.2795616347120953,-1.509474646981232,-0.638325571740905,0.23434704296064715,0.2863847139703712,-0.8248712774188731,0.0,1.0,0
-0.580112886908251,0.0077709891035539986,-1.6514325737771056,0.4520653319293385,-1.6267242196223652,0.0,-1.0121980279265403,1.2705781876107307,-0.005639382242769227,-0.638325571740905,-0.8290541729696862,-1.0487421576863714,0.32793861995380247,1.0,0.0,0
-0.605871354440393,0.27008285757794587,1.2432943047268656,-0.9046141074648815,0.6974610700212928,0.0,1.282775394421357,1.5024090805491692,-1.0081962254017445,-0.638325571740905,1.5104285020770472,1.6215115856271138,1.719387508820821,0.0,1.0,0
0.06599534035630875,-0.3856968136080338,-1.3346055933692955,0.39131849135944574,-1.099706180291878,0.0,-0.5532033434569608,1.038747294672292,-1.0081962254017445,-0.638325571740905,-0.40369368659755284,-1.0487421576863714,-1.4196330716047754,1.0,0.0,1
0.3171403987946924,-0.29825952411656986,0.630705763137584,0.7760484816354212,0.6097559647517207,0.0,0.8237807099517775,0.9228318482030725,-1.0081962254017445,-0.638325571740905,0.9787278941118804,0.2863847139703712,0.2471684997557168,1.0,0.0,0
2.7641948143481745,0.6635506602895337,1.3780668591201906,1.0392847907716112,2.7927529944621106,0.0,-0.5532033434569608,0.5750855087954145,0.4956390393367183,-0.638325571740905,-0.5100338081905862,-1.0487421576863714,1.5211335774255204,1.0,0.0,1
-0.5457682635320618,-1.1726324190312094,0.16342248555479566,0.47231427878596827,-0.4391922486864341,0.0,-1.0121980279265403,1.5024090805491692,0.9969174609162059,1.5665986829772471,-0.8290541729696862,-1.0487421576863714,0.5482207659485812,0.0,1.0,1
-0.569380192103192,-1.5223815769970652,0.781162060312562,0.2900737570762972,-0.04336844831581735,0.0,1.282775394421357,-0.4681535094275597,0.9969174609162059,1.5665986829772471,1.191408137297947,1.6215115856271138,-1.5701592047012076,1.0,0.0,0
-0.6380694388555704,-0.1671035898793739,1.3001094317643256,0.2799492836479805,0.6271395042630238,0.0,-0.5532033434569608,-1.6273079741197531,1.4981958824956936,1.5665986829772471,-0.8290541729696862,-1.0487421576863714,0.37933778735258394,0.0,1.0,0
3.7773612039457563,0.8821438840181935,0.23792026376764883,1.1304050516264468,2.5147375019294205,0.0,-0.09420865898738136,-1.163646188242876,1.4981958824956936,1.5665986829772471,-0.2973535650045195,0.2863847139703712,-1.144280389111302,1.0,0.0,0
-0.5994317375573575,-0.29825952411656986,-0.7880579098655046,-1.3703398851673758,-1.0252658664960876,0.0,1.282775394421357,-1.163646188242876,1.4981958824956936,1.5665986829772471,1.0850680157049137,1.6215115856271138,0.709761006344752,0.0,1.0,0
-0.6445090557386058,0.1826455680864819,0.29473539080510847,1.1202805781981338,-0.0910368998677186,0.0,-1.0121980279265403,-0.9318152953044371,0.9969174609162059,1.5665986829772471,-1.1480745377487862,-1.0487421576863714,1.297180062330829,1.0,0.0,0
-0.642362516777594,0.2263642128322139,-0.8000513602279454,-1.8158167160132404,-0.9426486264493362,0.0,-1.0121980279265403,-1.3954770811813144,-1.0081962254017445,-0.638325571740905,-1.1480745377487862,-1.0487421576863714,1.0842406545358758,0.0,1.0,0
-0.14221893886183845,-1.1289137742854773,-0.7452351415842258,0.20907796964977468,-0.917633289103802,0.0,-1.4711927123961197,0.11142372291853707,0.4956390393367183,-0.638325571740905,-1.467094902527886,-1.0487421576863714,-0.32189371073079504,1.0,0.0,0
-0.6466555946996178,1.5379235552041732,-0.9116058248170578,0.6343058536390096,-0.7422230785646581,0.0,0.3647860254821981,1.1546627411415114,-1.509474646981232,-0.638325571740905,0.5533674077397471,0.2863847139703712,-0.7771434791200044,0.0,1.0,1
0.17761536632892364,-0.3856968136080338,0.4880913373534325,0.9886624236300351,0.3992758260695641,0.0,0.3647860254821981,0.5750855087954145,-0.5069178038222568,-0.638325571740905,0.4470272861467138,0.2863847139703712,-1.2140364020096488,1.0,0.0,0
0.32572655463873973,-1.6535375112342612,-1.605995848365551,1.2923966264794882,-1.4479826687587556,0.0,1.282775394421357,1.2705781876107307,1.4981958824956936,1.5665986829772471,1.4040883804840139,1.6215115856271138,0.03790046106067718,1.0,0.0,0
-0.382631302495163,-0.9103205505568176,0.7369554323740783,-0.1959009674828269,0.16287180268065546,0.0,-1.0121980279265403,-0.5840689558967791,-1.0081962254017445,-0.638325571740905,-1.041734416155753,-1.0487421576863714,-0.9350123504162624,1.0,0.0,0
2.6654540221416307,-0.42941545835376577,0.4234343389251459,1.0494092641999277,1.7426539543664128,0.0,-0.5532033434569608,0.5750855087954145,0.4956390393367183,-0.638325571740905,-0.5100338081905862,-1.0487421576863714,1.7597725689198638,1.0,0.0,0
1.3667979507294754,-1.3037883532684054,-1.667270078742893,0.1584556025081986,-0.8312001501399353,0.0,-0.5532033434569608,-1.6273079741197531,1.4981958824956936,1.5665986829772471,-0.8290541729696862,-1.0487421576863714,-0.8138571701191339,1.0,0.0,0
-0.6767071401537833,1.6690794894413692,-1.0220839541172333,-1.6943230348734586,-0.8171479509530979,0.0,0.3647860254821981,1.8501554199568273,1.4981958824956936,1.5665986829772471,0.5533674077397471,0.2863847139703712,0.5115070749494511,0.0,1.0,0
-0.6359228998945585,-1.6098188664885291,0.564203618499691,-0.9046141074648815,-0.2712321265092771,0.0,-1.4711927123961197,1.3864936340799499,-1.0081962254017445,-0.638325571740905,-1.2544146593418195,-1.0487421576863714,-0.8505708611182641,0.0,1.0,0
0.0702884182783324,-0.29825952411656986,1.4562549297522562,0.5735590130691168,1.1208441403488536,0.0,-1.0121980279265403,1.038747294672292,-1.0081962254017445,-0.638325571740905,-0.8290541729696862,-1.0487421576863714,1.029170118037181,1.0,0.0,0
-0.6294832830115231,-0.07966630038790996,0.302039094551467,-0.9248630543215112,-0.1349500223265858,0.0,-0.5532033434569608,1.6183245270183886,1.4981958824956936,1.5665986829772471,-0.40369368659755284,-1.0487421576863714,1.0585410708364849,0.0,1.0,0
-0.5865525037912865,0.6635506602895337,0.7249619820116375,0.7355505879221582,0.3872224310774063,0.0,-0.09420865898738136,1.3864936340799499,-1.509474646981232,-0.638325571740905,0.1280069213676138,0.2863847139703712,-0.9570405650157402,0.0,1.0,0
-0.6724140622317596,1.0570184630011215,1.0639307169347227,0.39131849135944574,0.6930394728633653,0.0,-0.09420865898738136,-1.5113925276505338,-0.005639382242769227,-0.638325571740905,-0.2973535650045195,0.2863847139703712,0.2398257615558909,0.0,1.0,0
0.11321919749856887,0.7509879497809976,-0.9661145190925098,1.2721476796228584,-0.5307738226972025,0.0,1.282775394421357,1.038747294672292,0.4956390393367183,-0.638325571740905,1.4040883804840139,1.6215115856271138,-0.986411517815044,1.0,0.0,1
0.06384880139529688,0.0077709891035539986,0.9225463886236424,0.21920244307809136,0.7645724351032581,0.0,0.3647860254821981,-0.004491723550682283,0.4956390393367183,-0.638325571740905,0.3406871645536805,0.2863847139703712,-1.6032015266004245,1.0,0.0,0
2.5752993857791338,-1.1289137742854773,-0.5687161541985591,-0.5300085906172263,0.7550629727225099,0.0,-1.4711927123961197,-0.35223806295834037,-1.509474646981232,-0.638325571740905,-1.467094902527886,-1.0487421576863714,1.818514474518472,1.0,0.0,0
-0.5157167180778963,1.4942049104584412,0.7173507538970116,0.9684134767734054,0.6053343675937932,0.0,-1.0121980279265403,0.34325461585697575,-0.5069178038222568,-0.638325571740905,-0.9353942945627195,-1.0487421576863714,1.462391671826913,1.0,0.0,0
-0.11431393236868474,-1.6098188664885291,0.23669016629457823,0.6646792739239524,-0.2348902320605594,0.0,-1.0121980279265403,0.22733916938775642,-1.0081962254017445,-0.638325571740905,-0.9353942945627195,-1.0487421576863714,-0.3696215090296638,1.0,0.0,1
0.6541470156735493,-0.9977578400482815,-0.7182498782687342,1.1405295250547633,-0.41787167060985314,0.0,1.282775394421357,-0.6999844023659983,-0.005639382242769227,-0.638325571740905,1.191408137297947,1.6215115856271138,-1.4710322390035573,1.0,0.0,0
-0.5565009583371209,-1.6972561559799932,0.7588665436131525,-1.3602154117390628,-0.09243000582158621,0.0,-0.5532033434569608,-0.004491723550682283,1.4981958824956936,1.5665986829772471,-0.6163739297836195,-1.0487421576863714,-0.7220729426213096,0.0,1.0,1
-0.6251902050894994,-0.6917273268281576,-0.7766795082395994,-0.23639886119608633,-1.11805883698848,0.0,-1.4711927123961197,1.2705781876107307,-1.509474646981232,-0.638325571740905,-1.2544146593418195,-1.0487421576863714,-0.832214015618699,1.0,0.0,0
-0.4942513284677779,-1.4786629322513334,-0.5908579087138344,1.494886095045789,-1.0722074801590147,0.0,-0.5532033434569608,1.6183245270183886,1.4981958824956936,1.5665986829772471,-0.40369368659755284,-1.0487421576863714,1.5468331611249113,1.0,0.0,1
-0.6037248154793812,-0.6042900373366937,0.3430935977152063,1.353143467049381,-0.20436304072363679,0.0,-1.4711927123961197,-1.3954770811813144,0.9969174609162059,1.5665986829772471,-1.6797751457139527,-1.0487421576863714,-1.3205061059071252,1.0,0.0,1
3.9125931584895017,-1.5661002217427973,0.1473543373128079,-0.05415833948641526,1.9769986037365603,0.0,-1.0121980279265403,-0.4681535094275597,-0.5069178038222568,-0.638325571740905,-1.041734416155753,-1.0487421576863714,0.9557427360389217,1.0,0.0,1
-0.5135701791168844,-1.4349442875056013,-1.2117496082463446,-1.2285972571709642,-1.5625807759203785,0.0,-0.5532033434569608,0.8069164017338532,1.4981958824956936,1.5665986829772471,-0.5100338081905862,-1.0487421576863714,0.5115070749494511,0.0,1.0,1
0.0037457104869657726,1.4942049104584412,-0.36475061694499933,0.9886624236300351,0.04597204220394694,0.0,1.282775394421357,-1.5113925276505338,-0.005639382242769227,-0.638325571740905,1.0850680157049137,1.6215115856271138,-0.6119318696239203,1.0,0.0,0
2.236146229939265,-0.8228832610653536,-0.6070798191399563,1.494886095045789,0.6012761893803532,0.0,-1.0121980279265403,-0.8158998488352177,1.4981958824956936,1.5665986829772471,-1.1480745377487862,-1.0487421576863714,-1.4930604536030352,1.0,0.0,0
0.3493384832098697,0.7947065945267296,0.357393480839655,0.4419408585010219,0.6548804836922117,0.0,0.8237807099517775,0.11142372291853707,-1.0081962254017445,-0.638325571740905,0.8723877725188471,0.2863847139703712,-0.7000447280218318,1.0,0.0,1
-0.14221893886183845,-0.07966630038790996,-1.446236939050475,1.4847616216174757,-1.2373208206043553,0.0,0.8237807099517775,0.6910009552646338,1.4981958824956936,1.5665986829772471,0.8723877725188471,0.2863847139703712,-0.03552692093758252,1.0,0.0,1
-0.6724140622317596,1.6690794894413692,0.4109796020103036,0.6444303270673226,0.3142963628836458,0.0,-1.0121980279265403,1.3864936340799499,0.4956390393367183,-0.638325571740905,-0.8290541729696862,-1.0487421576863714,0.12601331945858837,0.0,1.0,0
-0.5028374843118253,1.2756116867297813,-0.013019620738803913,-0.4692617500473335,-0.011266441552783403,0.0,-0.09420865898738136,-0.12040717001990163,-1.0081962254017445,-0.638325571740905,-0.08467332181845284,0.2863847139703712,-1.4269758098046015,0.0,1.0,0
1.250884846834837,1.0132998182553896,-0.7830606388811543,1.2012763656246526,0.313630094818753,0.0,0.8237807099517775,-0.004491723550682283,-1.509474646981232,-0.638325571740905,0.8723877725188471,0.2863847139703712,-0.6780165134223537,1.0,0.0,0
0.9997397883964533,-1.5661002217427973,-0.6234554917502119,-0.9451120011781445,-0.2741394780651746,0.0,1.282775394421357,0.5750855087954145,-1.509474646981232,-0.638325571740905,1.4040883804840139,1.6215115856271138,-1.158965865510954,1.0,0.0,1
-0.6530952115826532,0.7509879497809976,1.0021952000049799,-1.2285972571709642,0.5874662694898404,0.0,-1.4711927123961197,0.22733916938775642,0.9969174609162059,1.5665986829772471,-1.467094902527886,-1.0487421576863714,0.6143054097470145,0.0,1.0,0
-0.6595348284656887,-0.5605713925909617,-1.6172973688993897,1.6062553027572577,-1.7706381216392872,0.0,1.282775394421357,1.1546627411415114,0.9969174609162059,1.5665986829772471,1.4040883804840139,1.6215115856271138,-0.9717260414153921,1.0,0.0,1
-0.5243028739219436,-0.5168527478452297,-0.5690236785668268,-2.1802977594325825,-0.8587594200968796,0.0,-1.4711927123961197,1.038747294672292,0.9969174609162059,1.5665986829772471,-1.3607547809348528,-1.0487421576863714,-1.0965525908124334,0.0,1.0,0
-0.5650871141811682,1.2756116867297813,0.5942641254978601,-0.8337427934666757,0.4320441008974914,0.0,0.8237807099517775,-0.23632261648912098,0.9969174609162059,1.5665986829772471,0.7660476509258137,0.2863847139703712,-0.9496978268159143,0.0,1.0,0
-0.4684928609356361,-0.9103205505568176,0.6879821767274452,0.6343058536390096,0.07583296547597675,0.0,1.282775394421357,-0.004491723550682283,-0.5069178038222568,-0.638325571740905,1.2977482588909803,1.6215115856271138,0.5004929676497124,0.0,1.0,0
0.24415807412029036,-1.6098188664885291,0.40728930959109133,0.2698248102196674,0.10181742000680966,0.0,-1.4711927123961197,-1.6273079741197531,-0.005639382242769227,-0.638325571740905,-1.6797751457139527,-1.0487421576863714,0.2508398688556296,1.0,0.0,1
0.1497103598357699,1.0570184630011215,0.4921660352329795,1.8087447713235585,0.7065465436334721,0.0,-0.09420865898738136,-0.23632261648912098,-1.509474646981232,-0.638325571740905,-0.08467332181845284,0.2863847139703712,1.792814890819081,1.0,0.0,1
-0.6316298219725348,-1.3912256427598693,-0.7370857458251314,-1.0058588417480336,-1.245558316679398,0.0,0.8237807099517775,1.5024090805491692,1.4981958824956936,1.5665986829772471,0.9787278941118804,0.2863847139703712,-0.277837281531839,0.0,1.0,0
-0.5586474972981328,0.4449574365608738,-1.6758038799623216,0.3811940179311327,-1.5368991705099513,0.0,-1.4711927123961197,-0.4681535094275597,1.4981958824956936,1.5665986829772471,-1.5734350241209194,-1.0487421576863714,0.2398257615558909,1.0,0.0,0
-0.42985515963742316,1.3630489762212454,0.12229110129898946,0.7153016410655285,0.15590627291131792,0.0,-1.4711927123961197,1.038747294672292,0.9969174609162059,1.5665986829772471,-1.3607547809348528,-1.0487421576863714,-0.12731114843540686,1.0,0.0,0
-0.09714162068059011,-0.7791646163196216,-1.599999123184331,1.5050105684741055,-1.4880798923005074,0.0,0.8237807099517775,0.4591700623261951,0.4956390393367183,-0.638325571740905,0.8723877725188471,0.2863847139703712,0.9777709506383999,1.0,0.0,1
-0.6402159778165821,0.5761133707980697,1.426578828214422,-0.42876385633407404,0.890315389895821,0.0,-0.09420865898738136,-0.23632261648912098,-1.509474646981232,-0.638325571740905,-0.08467332181845284,0.2863847139703712,1.0732265472361366,0.0,1.0,0
-0.42556208171539955,-0.5605713925909617,-1.378658459123645,-1.9980572377229115,-1.4505871711942468,0.0,-0.5532033434569608,0.8069164017338532,1.4981958824956936,1.5665986829772471,-0.5100338081905862,-1.0487421576863714,-1.5848446811008594,0.0,1.0,0
-0.6573882895046768,0.13892692334074994,0.5341431115015225,-1.5930783005903064,0.08061798157839102,0.0,0.8237807099517775,0.22733916938775642,-0.5069178038222568,-0.638325571740905,0.8723877725188471,0.2863847139703712,-1.6656148012989451,0.0,1.0,0
2.4636793598065188,1.0570184630011215,-1.6042275832480117,1.41389030761927,0.36081398777800455,0.0,0.3647860254821981,1.6183245270183886,0.4956390393367183,-0.638325571740905,0.5533674077397471,0.2863847139703712,-1.533445513702078,1.0,0.0,1
4.801260288348398,-0.42941545835376577,-0.7703752586901111,-0.4895106969039632,2.0074652252494025,0.0,-0.09420865898738136,1.2705781876107307,1.4981958824956936,1.5665986829772471,0.02166679977458048,0.2863847139703712,-0.9827401487151312,1.0,0.0,1
-0.605871354440393,-0.9103205505568176,-1.0122431743326665,-1.3095930445974866,-1.3411980689036067,0.0,-1.0121980279265403,1.5024090805491692,0.9969174609162059,1.5665986829772471,-0.8290541729696862,-1.0487421576863714,0.5335352895489293,0.0,1.0,0
-0.4684928609356361,-1.6098188664885291,1.0031946542018497,0.5128121724992277,0.1691104945610188,0.0,-1.0121980279265403,0.6910009552646338,0.9969174609162059,1.5665986829772471,-0.9353942945627195,-1.0487421576863714,-0.7587866336204393,1.0,0.0,1
-0.6831467570368187,-0.29825952411656986,0.9082465054991936,0.24957586336303772,0.26390226924809074,0.0,1.7417700788909365,-0.004491723550682283,0.9969174609162059,1.5665986829772471,1.7231087452631138,1.6215115856271138,1.1613394056340487,0.0,1.0,1
-0.14436547782285025,-1.5223815769970652,1.0450179682862586,1.3328945201927476,0.4043636912923843,0.0,1.282775394421357,-0.8158998488352177,-0.5069178038222568,-0.638325571740905,1.191408137297947,1.6215115856271138,0.11867058125876243,1.0,0.0,1
-0.5500613414540855,0.7947065945267296,-0.7650704633374931,-0.8641162137516221,-0.7370140736936753,0.0,0.8237807099517775,-1.6273079741197531,-1.509474646981232,-0.638325571740905,0.6597075293327804,0.2863847139703712,0.46745064575049555,0.0,1.0,0
-0.6638279063877123,-0.6917273268281576,0.6460819815509695,-0.003535972344839162,-0.0189588092110952,0.0,0.8237807099517775,0.4591700623261951,0.4956390393367183,-0.638325571740905,0.8723877725188471,0.2863847139703712,1.590889590323867,0.0,1.0,0
1.7338561130624979,1.2318930419840495,-0.8536374813985942,1.5050105684741055,0.5790470639425543,0.0,0.8237807099517775,-1.0477307417736565,0.9969174609162059,1.5665986829772471,0.6597075293327804,0.2863847139703712,1.38529292072874,1.0,0.0,1
-0.569380192103192,0.3575201470694098,0.7210410463162243,-2.1904222328608958,0.32598633893131673,0.0,0.3647860254821981,0.22733916938775642,1.4981958824956936,1.5665986829772471,0.3406871645536805,0.2863847139703712,-0.8395567538185249,0.0,1.0,0
-0.3740451466511157,-1.2600697085226733,1.0996804247458445,0.07745981508167972,0.37595644379830356,0.0,1.7417700788909365,-1.3954770811813144,-1.509474646981232,-0.638325571740905,1.6167686236700805,1.6215115856271138,1.4330207190276092,0.0,1.0,1
-0.34614014015796196,-1.0851951295397455,-0.5382712417400557,-0.4490128031907038,-0.8599708165785035,0.0,0.3647860254821981,-0.5840689558967791,1.4981958824956936,1.5665986829772471,0.23434704296064715,0.2863847139703712,0.6767186844455352,1.0,0.0,0
-0.41697592587135224,1.4942049104584412,-1.4264784983892744,-0.25664780805271603,-1.0279309387556603,0.0,-0.09420865898738136,-0.8158998488352177,-0.5069178038222568,-0.638325571740905,-0.19101344341148618,0.2863847139703712,0.17006974865754435,0.0,1.0,0
-0.6316298219725348,0.5323947260523377,-0.8065862530536343,1.6366287230422005,-0.8739018761171786,0.0,-0.09420865898738136,-0.8158998488352177,-0.5069178038222568,-0.638325571740905,-0.19101344341148618,0.2863847139703712,-0.5752181786247906,1.0,0.0,1
-0.5715267310642037,-0.3856968136080338,1.1504988266020835,-0.30727017519429217,0.4983680582664012,0.0,-0.5532033434569608,0.22733916938775642,-1.0081962254017445,-0.638325571740905,-0.5100338081905862,-1.0487421576863714,1.0108132725376164,0.0,1.0,0
-0.3568728349630211,0.4012387918151418,-1.926128715732239,-1.1273525228878156,-1.6299344202986685,0.0,-1.0121980279265403,1.3864936340799499,0.4956390393367183,-0.638325571740905,-0.8290541729696862,-1.0487421576863714,0.5372066586488421,1.0,0.0,0
-0.5629405752201564,0.5761133707980697,-0.6066185325875547,0.2900737570762972,-0.6679039044170306,0.0,-1.4711927123961197,-0.6999844023659983,0.4956390393367183,-0.638325571740905,-1.5734350241209194,-1.0487421576863714,-1.5114172991026,1.0,0.0,0
-0.6402159778165821,-0.29825952411656986,0.16242303135792563,-0.7729959528967865,-0.2994576645311147,0.0,0.3647860254821981,0.5750855087954145,-0.5069178038222568,-0.638325571740905,0.4470272861467138,0.2863847139703712,0.7391319591440558,1.0,0.0,0
-0.6616813674267005,-0.5605713925909617,1.5260629613490269,-0.23639886119608633,0.704608309262874,0.0,-1.4711927123961197,-1.3954770811813144,0.9969174609162059,1.5665986829772471,-1.6797751457139527,-1.0487421576863714,0.14437016495815339,0.0,1.0,0
-0.6037248154793812,-1.5661002217427973,1.540593487749676,-0.7426225326118401,0.525866758399264,0.0,0.3647860254821981,1.5024090805491692,-0.005639382242769227,-0.638325571740905,0.5533674077397471,0.2863847139703712,-1.5114172991026,0.0,1.0,1
-0.30320936093772544,-0.42941545835376577,-0.9289040705321165,1.0190358439149814,-0.9981305853077118,0.0,0.8237807099517775,-0.9318152953044371,1.4981958824956936,1.5665986829772471,0.6597075293327804,0.2863847139703712,0.44542243115101776,1.0,0.0,1
-0.668120984309736,0.7947065945267296,0.951838084701142,-1.7145719817300882,0.5490044311982808,0.0,-1.0121980279265403,-0.5840689558967791,-1.0081962254017445,-0.638325571740905,-1.041734416155753,-1.0487421576863714,-0.4907766893267918,0.0,1.0,1
1.641554937738989,1.1007371077468535,-0.8963064874957393,-0.4692617500473335,0.4642672473086876,0.0,1.282775394421357,-1.2795616347120953,0.9969174609162059,1.5665986829772471,1.0850680157049137,1.6215115856271138,0.4637792766505824,1.0,0.0,0
4.344047489652879,-1.3037883532684054,0.36677297407182,0.8266708487769937,2.4515026055886517,0.0,-0.09420865898738136,1.1546627411415114,0.9969174609162059,1.5665986829772471,0.02166679977458048,0.2863847139703712,0.6179767788469277,1.0,0.0,0
-0.39336399730022215,-1.740974800725725,1.2439093534634014,-0.25664780805271603,0.3720799750571072,0.0,1.282775394421357,1.2705781876107307,1.4981958824956936,1.5665986829772471,1.4040883804840139,1.6215115856271138,-1.1222521745118244,1.0,0.0,0
-0.5865525037912865,0.13892692334074994,0.7301898962721888,-1.734820928586718,0.2750471168790306,0.0,1.7417700788909365,-0.12040717001990163,0.4956390393367183,-0.638325571740905,1.7231087452631138,1.6215115856271138,1.8368713200180367,0.0,1.0,0
-0.5479148024930737,-0.7354459715738897,0.7675541070167153,1.5758818824723113,0.13246575099189511,0.0,-0.09420865898738136,0.8069164017338532,-0.5069178038222568,-0.638325571740905,0.02166679977458048,0.2863847139703712,-0.17871031583418875,1.0,0.0,1
-0.49639786742878983,1.1007371077468535,1.5688857296303056,-0.13515412691293774,1.1998877607748146,0.0,0.8237807099517775,-0.23632261648912098,0.9969174609162059,1.5665986829772471,0.7660476509258137,0.2863847139703712,0.6143054097470145,0.0,1.0,0
-0.5114236401558726,-1.6972561559799932,1.3393187887184586,-0.07440728634304498,0.39031149210554694,0.0,1.282775394421357,-0.6999844023659983,-0.005639382242769227,-0.638325571740905,1.191408137297947,1.6215115856271138,-0.7661293718202652,0.0,1.0,0
-0.4770790167796834,-1.0851951295397455,-0.8031266039106226,-1.603202774018623,-1.1425290459172834,0.0,0.8237807099517775,1.3864936340799499,0.9969174609162059,1.5665986829772471,0.9787278941118804,0.2863847139703712,1.297180062330829,0.0,1.0,0
0.16473613256285274,-0.1671035898793739,0.05940236798824234,1.4847616216174757,0.10272596736802761,0.0,0.3647860254821981,1.1546627411415114,-1.509474646981232,-0.638325571740905,0.5533674077397471,0.2863847139703712,-0.8285426465187858,1.0,0.0,0
0.6691727884006319,0.4886760813066058,-0.7467727634255643,0.2597003367913508,-0.10236345697090216,0.0,-1.4711927123961197,-0.12040717001990163,-0.5069178038222568,-0.638325571740905,-1.467094902527886,-1.0487421576863714,-0.68535925162218,1.0,0.0,0
-0.11646047132969652,0.5761133707980697,-0.248737049016005,1.0392847907716112,-0.13398090514128644,0.0,0.8237807099517775,1.5024090805491692,1.4981958824956936,1.5665986829772471,0.9787278941118804,0.2863847139703712,0.8713012467409234,1.0,0.0,0
-0.5350355687270028,0.4886760813066058,1.2687419462010188,-0.7628714794684698,0.8059416249507146,0.0,1.282775394421357,-0.9318152953044371,-1.0081962254017445,-0.638325571740905,1.191408137297947,1.6215115856271138,-0.5238190112260087,0.0,1.0,0
1.186488678004482,0.3575201470694098,-0.14694648311939254,0.06733534165336305,0.6330753470229812,0.0,0.3647860254821981,-0.6999844023659983,0.9969174609162059,1.5665986829772471,0.23434704296064715,0.2863847139703712,-0.8101858010192212,1.0,0.0,0
-0.4856651726237307,1.0570184630011215,0.21908439621125156,0.4115674382160755,0.13282916993638252,0.0,0.8237807099517775,-1.163646188242876,0.4956390393367183,-0.638325571740905,0.6597075293327804,0.2863847139703712,-0.6596596679227891,1.0,0.0,0
-0.5414751856100382,-0.9977578400482815,0.12021531181318211,-0.7122491123268974,-0.4320450094448528,0.0,-1.4711927123961197,1.8501554199568273,0.9969174609162059,1.5665986829772471,-1.2544146593418195,-1.0487421576863714,-1.4526753935039924,0.0,1.0,0
-0.4126828479493286,1.1007371077468535,-0.06545252552844873,-1.5424559334487338,-0.04046109675991982,0.0,0.3647860254821981,0.34325461585697575,-1.509474646981232,-0.638325571740905,0.4470272861467138,0.2863847139703712,-1.5518023592016428,0.0,1.0,0
-0.6852932959978305,0.5323947260523377,-1.0058620436911117,1.3025210999078047,-1.061183772176237,0.0,1.7417700788909365,-0.12040717001990163,0.4956390393367183,-0.638325571740905,1.7231087452631138,1.6215115856271138,-0.2374522214327962,1.0,0.0,1
0.7378620351530104,-1.1726324190312094,0.15035269990341799,0.18882902279314498,0.2749259772308683,0.0,-1.0121980279265403,0.8069164017338532,1.4981958824956936,1.5665986829772471,-0.9353942945627195,-1.0487421576863714,-1.4269758098046015,1.0,0.0,0
-0.5543544193761091,1.2756116867297813,-0.8808533879902867,-1.4614601460222114,-0.7240521313402993,0.0,1.7417700788909365,-0.9318152953044371,0.4956390393367183,-0.638325571740905,1.6167686236700805,1.6215115856271138,-0.6119318696239203,0.0,1.0,0
-0.6488021336606294,-0.5605713925909617,0.3823798357614066,-1.8158167160132404,-0.18916001487925632,0.0,-0.09420865898738136,-0.23632261648912098,-1.509474646981232,-0.638325571740905,-0.08467332181845284,0.2863847139703712,-0.8101858010192212,0.0,1.0,0
-0.4684928609356361,-1.3475069980141374,0.39383511847937896,-0.30727017519429217,-0.2528188999885937,0.0,1.7417700788909365,-0.23632261648912098,-0.005639382242769227,-0.638325571740905,1.7231087452631138,1.6215115856271138,0.07828552115971961,0.0,1.0,0
-0.530742490804979,1.5816421999499053,0.41336291586437834,-1.6841985614451418,0.37674385151135925,0.0,-1.4711927123961197,-0.35223806295834037,-1.509474646981232,-0.638325571740905,-1.467094902527886,-1.0487421576863714,1.719387508820821,0.0,1.0,0
0.10892611957654522,1.1444557524925854,-1.8178032570099376,0.4419408585010219,-1.1169685801550187,0.0,1.7417700788909365,-1.2795616347120953,-1.0081962254017445,-0.638325571740905,1.6167686236700805,1.6215115856271138,0.7207751136444911,1.0,0.0,0
-0.36975206872909205,0.7947065945267296,-0.7816767792239497,0.016712974511790556,-0.6483398512388041,0.0,-0.5532033434569608,-0.4681535094275597,-0.5069178038222568,-0.638325571740905,-0.6163739297836195,-1.0487421576863714,-0.36227877082983784,0.0,1.0,0
-0.605871354440393,1.2756116867297813,-1.9526526924953294,0.6343058536390096,-1.5975295644152285,0.0,-1.0121980279265403,0.5750855087954145,0.4956390393367183,-0.638325571740905,-0.9353942945627195,-1.0487421576863714,-1.2397359857090395,0.0,1.0,0
-0.605871354440393,0.4449574365608738,-0.32238913521612206,-2.109426445434377,-0.49727870998030094,0.0,-0.5532033434569608,-0.12040717001990163,0.9969174609162059,1.5665986829772471,-0.6163739297836195,-1.0487421576863714,1.0585410708364849,0.0,1.0,0
-0.5028374843118253,1.7127981341871013,1.3138711472443054,-1.0868546291745524,1.1310198707944947,0.0,-1.4711927123961197,-0.4681535094275597,1.4981958824956936,1.5665986829772471,-1.5734350241209194,-1.0487421576863714,1.0879120236357893,0.0,1.0,1
-0.4083897700273049,0.6635506602895337,0.04025897606357721,0.21920244307809136,-0.05166651421494111,0.0,-0.5532033434569608,1.6183245270183886,1.4981958824956936,1.5665986829772471,-0.40369368659755284,-1.0487421576863714,-1.173651341910606,0.0,1.0,0
0.3042611650286214,-1.2600697085226733,0.36608104424321786,1.6366287230422005,0.18080047060868976,0.0,-1.0121980279265403,0.34325461585697575,-0.5069178038222568,-0.638325571740905,-0.9353942945627195,-1.0487421576863714,0.397694632852149,1.0,0.0,1
-0.6337763609335467,0.8384252392724616,-0.611615803571905,-1.0868546291745524,-0.6536699957579495,0.0,1.282775394421357,-0.23632261648912098,-1.509474646981232,-0.638325571740905,1.2977482588909803,1.6215115856271138,0.4417510620511046,0.0,1.0,0
-0.6466555946996178,0.051489633849285975,-0.703411827499817,-1.5222069865921004,-0.9076998379544862,0.0,1.282775394421357,-0.8158998488352177,-0.5069178038222568,-0.638325571740905,1.191408137297947,1.6215115856271138,-0.5164762730261828,0.0,1.0,0
3.6206638597918936,0.4012387918151418,1.2038543044965315,1.494886095045789,3.0807019381441165,0.0,-1.0121980279265403,-1.2795616347120953,-0.5069178038222568,-0.638325571740905,-1.1480745377487862,-1.0487421576863714,1.3375651224298717,1.0,0.0,0
-0.5393286466490264,-0.47313410309949777,-1.033231712466938,1.545508462187365,-1.223268621417518,0.0,-0.5532033434569608,-1.0477307417736565,0.4956390393367183,-0.638325571740905,-0.7227140513766528,-1.0487421576863714,1.4513775645271738,1.0,0.0,1
-0.47922555574069525,-1.3037883532684054,1.0630850249219865,0.7557995347787915,0.2780756080830904,0.0,1.282775394421357,-1.3954770811813144,0.4956390393367183,-0.638325571740905,1.0850680157049137,1.6215115856271138,-1.6142156339001634,0.0,1.0,0
-0.5650871141811682,1.7127981341871013,-1.2671039945345328,-0.8742406871799386,-0.9375001914024345,0.0,-1.4711927123961197,-0.23632261648912098,-1.0081962254017445,-0.638325571740905,-1.467094902527886,-1.0487421576863714,-0.7844862173198303,1.0,0.0,0
-0.5522078804150974,0.6635506602895337,-0.8773168577552081,0.6545548004956393,-0.8557309288928198,0.0,0.8237807099517775,-0.8158998488352177,-1.509474646981232,-0.638325571740905,0.7660476509258137,0.2863847139703712,0.10398510485911057,0.0,1.0,0
-0.5543544193761091,1.6253608446956371,0.7144292723984684,-1.1476014697444452,0.6103010931684512,0.0,0.3647860254821981,-0.35223806295834037,-1.0081962254017445,-0.638325571740905,0.3406871645536805,0.2863847139703712,-0.08692608833636443,0.0,1.0,0
-0.6316298219725348,-0.5168527478452297,1.2615920046387947,0.6950526942088987,0.5228988370192856,0.0,1.282775394421357,1.5024090805491692,-1.0081962254017445,-0.638325571740905,1.5104285020770472,1.6215115856271138,1.473405779126652,0.0,1.0,1
-0.530742490804979,-0.2108222346251059,-0.7164047320591278,-0.7021246388985807,-0.9106677593344645,0.0,0.8237807099517775,0.8069164017338532,-1.509474646981232,-0.638325571740905,0.9787278941118804,0.2863847139703712,1.6496314959224745,0.0,1.0,1
-0.6659744453487241,-0.29825952411656986,1.0738483778113566,-2.0689285517211173,0.40406084217197835,0.0,1.282775394421357,1.8501554199568273,0.4956390393367183,-0.638325571740905,1.5104285020770472,1.6215115856271138,-1.5591450974014687,0.0,1.0,0
-0.6616813674267005,0.27008285757794587,-0.22175178570051335,-0.6717512186136343,-0.48825380619220293,0.0,0.8237807099517775,0.9228318482030725,-1.0081962254017445,-0.638325571740905,0.9787278941118804,0.2863847139703712,-1.5885160502007725,0.0,1.0,1
-0.3654589908070684,-0.3856968136080338,0.41466989442951624,0.9076666362035162,0.03494833422116936,0.0,-0.09420865898738136,0.11142372291853707,-0.005639382242769227,-0.638325571740905,-0.08467332181845284,0.2863847139703712,0.7942024956427505,1.0,0.0,1
3.835317755893076,-0.7791646163196216,-0.5779418852465906,0.7760484816354212,1.53641370336994,0.0,-0.5532033434569608,1.6183245270183886,1.4981958824956936,1.5665986829772471,-0.40369368659755284,-1.0487421576863714,-1.371905273305907,1.0,0.0,0
-0.4663463219746242,-0.9103205505568176,1.1424263119350564,-0.23639886119608633,0.4350725921015512,0.0,1.282775394421357,-0.4681535094275597,0.9969174609162059,1.5665986829772471,1.191408137297947,1.6215115856271138,-1.5040745609027741,1.0,0.0,0
-0.5844059648302747,-0.6917273268281576,-1.3445232542459291,-0.550257537473856,-1.54241102450134,0.0,-1.0121980279265403,-1.6273079741197531,1.4981958824956936,1.5665986829772471,-1.2544146593418195,-1.0487421576863714,1.6496314959224745,0.0,1.0,0
-0.11002085444666108,-1.1726324190312094,-1.5865449320726184,-0.5401330640455393,-1.571969098652964,0.0,0.3647860254821981,0.34325461585697575,-1.509474646981232,-0.638325571740905,0.4470272861467138,0.2863847139703712,-0.7477725263207006,1.0,0.0,0
-0.4663463219746242,-0.29825952411656986,-0.7809079683032802,0.5735590130691168,-0.9445262909958532,0.0,0.8237807099517775,-0.8158998488352177,-1.509474646981232,-0.638325571740905,0.7660476509258137,0.2863847139703712,-1.3902621188054718,0.0,1.0,0
-0.08211584795350736,-0.12338494513364194,0.41382420241678,0.14833112907988552,0.25233343284858206,0.0,0.3647860254821981,1.1546627411415114,-1.509474646981232,-0.638325571740905,0.5533674077397471,0.2863847139703712,1.436692088127522,1.0,0.0,1
-0.5479148024930737,1.7127981341871013,0.11421858663196194,-1.03623226203298,0.16044900971740764,0.0,-0.09420865898738136,1.038747294672292,0.4956390393367183,-0.638325571740905,0.02166679977458048,0.2863847139703712,-1.3205061059071252,1.0,0.0,0
-0.5479148024930737,1.0570184630011215,1.4214277950459377,-0.45913727661902043,1.0449501507751149,0.0,0.3647860254821981,-1.6273079741197531,0.4956390393367183,-0.638325571740905,0.1280069213676138,0.2863847139703712,0.15905564135780526,1.0,0.0,0
2.1610173663038514,0.7509879497809976,-0.38020371645045176,-0.2667722814810327,1.0865010500948156,0.0,1.7417700788909365,-0.23632261648912098,-0.005639382242769227,-0.638325571740905,1.7231087452631138,1.6215115856271138,-0.4871053202268791,1.0,0.0,0
-0.655241750543665,1.1007371077468535,0.08915535061814349,0.8772932159185698,-0.055542982956137445,0.0,-0.5532033434569608,0.11142372291853707,-1.509474646981232,-0.638325571740905,-0.5100338081905862,-1.0487421576863714,-0.15301073213479782,1.0,0.0,0
-0.5672336531421801,-0.6480086820824257,-0.6179969342134599,0.06733534165336305,-0.950643843228054,0.0,-1.4711927123961197,-0.6999844023659983,0.4956390393367183,-0.638325571740905,-1.5734350241209194,-1.0487421576863714,-0.5605327022251384,0.0,1.0,1
-0.1400723999008266,0.0077709891035539986,1.214233251925567,-0.681875692041951,0.8792916819130434,0.0,-1.4711927123961197,1.038747294672292,0.9969174609162059,1.5665986829772471,-1.3607547809348528,-1.0487421576863714,-1.1075666981121723,1.0,0.0,0
0.7443016520360459,0.27008285757794587,1.473553175467315,1.0291603173432982,1.6408360800859225,0.0,0.3647860254821981,-1.2795616347120953,-1.509474646981232,-0.638325571740905,0.23434704296064715,0.2863847139703712,-0.42469204552835843,1.0,0.0,1
4.854923762373693,-1.3037883532684054,1.0071924709893298,0.7153016410655285,3.244361602811509,0.0,-0.09420865898738136,-1.2795616347120953,0.9969174609162059,1.5665986829772471,-0.2973535650045195,0.2863847139703712,0.6767186844455352,1.0,0.0,1
-0.48351863366271886,-1.5661002217427973,1.40436019260708,1.667002143327147,0.4863752330983242,0.0,-0.09420865898738136,-0.12040717001990163,-1.0081962254017445,-0.638325571740905,-0.08467332181845284,0.2863847139703712,1.6826738178216916,1.0,0.0,0
-0.3547262960020093,-1.6972561559799932,0.2938128177003053,-0.6413777983286915,-0.3449456024160927,0.0,-1.0121980279265403,0.22733916938775642,-1.0081962254017445,-0.638325571740905,-0.9353942945627195,-1.0487421576863714,0.6106340406471018,0.0,1.0,1
-0.039185068733270795,0.3575201470694098,0.5358344955269947,1.7581224041819825,0.4792885636808244,0.0,1.282775394421357,-1.0477307417736565,-1.509474646981232,-0.638325571740905,1.191408137297947,1.6215115856271138,1.1282970837348314,1.0,0.0,0
-0.5565009583371209,-0.5605713925909617,-0.6196114371468655,-0.7122491123268974,-0.9264764834196569,0.0,-1.0121980279265403,1.1546627411415114,-0.5069178038222568,-0.638325571740905,-0.8290541729696862,-1.0487421576863714,-1.4233044407046884,0.0,1.0,1
-0.4062432310662931,-0.29825952411656986,-0.7026430165791477,0.2698248102196674,-0.8489471085957259,0.0,-0.5532033434569608,1.1546627411415114,-0.5069178038222568,-0.638325571740905,-0.40369368659755284,-1.0487421576863714,-1.0635102689132165,1.0,0.0,0
0.029504178019107617,0.6635506602895337,-0.1305708105091369,1.3126455733361178,0.06087221892792141,0.0,1.282775394421357,-1.0477307417736565,-1.509474646981232,-0.638325571740905,1.191408137297947,1.6215115856271138,0.7685029119433595,1.0,0.0,0
2.115940048122603,-1.3475069980141374,-0.9983276966685526,1.798620297895242,0.10890408942431005,0.0,-0.5532033434569608,1.8501554199568273,-1.0081962254017445,-0.638325571740905,-0.2973535650045195,-1.0487421576863714,-0.07591198103662533,1.0,0.0,0
-0.6101644323624166,-0.25454087937083786,-0.6259156866963536,-2.1296753922910066,-0.8938899180639733,0.0,-1.4711927123961197,-0.9318152953044371,-0.5069178038222568,-0.638325571740905,-1.5734350241209194,-1.0487421576863714,-0.953369195915827,0.0,1.0,1
1.6995114896863086,-1.0851951295397455,-1.8002743680186781,1.515135041902422,-0.6997636318837397,0.0,-0.5532033434569608,-0.6999844023659983,-1.509474646981232,-0.638325571740905,-0.6163739297836195,-1.0487421576863714,-0.23010948323297029,1.0,0.0,0
-0.668120984309736,-1.2600697085226733,-1.3843476599365978,0.4216919116443921,-1.7470158902476207,0.0,1.282775394421357,-0.5840689558967791,0.4956390393367183,-0.638325571740905,1.191408137297947,1.6215115856271138,0.709761006344752,0.0,1.0,0
0.5146219832077804,-0.42941545835376577,-0.2784131505538393,0.13820665565156887,-0.02410724425799687,0.0,-0.5532033434569608,1.3864936340799499,0.4956390393367183,-0.638325571740905,-0.40369368659755284,-1.0487421576863714,0.22514028515623902,1.0,0.0,0
2.873668301359778,-1.3037883532684054,0.459799095472803,1.4543882013325293,1.6949855028145115,0.0,0.3647860254821981,1.3864936340799499,-0.5069178038222568,-0.638325571740905,0.5533674077397471,0.2863847139703712,-0.7220729426213096,1.0,0.0,1
2.972409093566321,-0.07966630038790996,-0.9452797431423722,1.0291603173432982,0.9150884479450305,0.0,-1.0121980279265403,0.8069164017338532,1.4981958824956936,1.5665986829772471,-0.9353942945627195,-1.0487421576863714,1.7891435217191676,1.0,0.0,0
-0.4641997830136124,-0.03594765564217798,-1.0280037982063868,1.5050105684741055,-1.0798392779932453,0.0,1.7417700788909365,-1.3954770811813144,-1.509474646981232,-0.638325571740905,1.6167686236700805,1.6215115856271138,0.8052166029424895,1.0,0.0,0
0.8323097494375307,0.7072693050352656,-0.6605121781264711,1.8289937181801883,0.10611787751657481,0.0,-1.0121980279265403,-1.6273079741197531,1.4981958824956936,1.5665986829772471,-1.2544146593418195,-1.0487421576863714,-0.4834339511269659,1.0,0.0,0
0.10892611957654522,1.6690794894413692,0.8442045558074428,-0.16552754719788051,1.0965556408922938,0.0,0.3647860254821981,-1.163646188242876,-1.0081962254017445,-0.638325571740905,0.23434704296064715,0.2863847139703712,-0.17871031583418875,1.0,0.0,1
-0.6080178934014048,1.2756116867297813,-1.9492699244443843,-1.3197175180257996,-1.5960758886372801,0.0,-0.5532033434569608,0.5750855087954145,0.4956390393367183,-0.638325571740905,-0.5100338081905862,-1.0487421576863714,-1.6509293248992933,0.0,1.0,1
-0.2280804973023115,-1.1726324190312094,-0.7579205217752689,-0.9653609480347742,-0.9857743411951477,0.0,-1.4711927123961197,1.5024090805491692,-0.5069178038222568,-0.638325571740905,-1.2544146593418195,-1.0487421576863714,-0.23010948323297029,1.0,0.0,1
-0.2989162830157018,0.4012387918151418,-0.6580519831803295,-1.1172280494594988,-0.5981880368995739,0.0,-0.09420865898738136,1.2705781876107307,1.4981958824956936,1.5665986829772471,0.02166679977458048,0.2863847139703712,-0.979068779615218,1.0,0.0,0
0.3085542429506451,0.4012387918151418,-0.8912323354193221,1.788495824466929,-0.4390711090382718,0.0,-0.5532033434569608,-1.5113925276505338,-1.509474646981232,-0.638325571740905,-0.7227140513766528,-1.0487421576863714,-1.4012762261052105,1.0,0.0,0
-0.48995825054575437,-0.03594765564217798,-0.716174088782927,-0.6110043780437452,-0.848704829299401,0.0,-0.09420865898738136,-0.4681535094275597,0.9969174609162059,1.5665986829772471,-0.19101344341148618,0.2863847139703712,-0.6339600842233981,1.0,0.0,0
-0.5457682635320618,-0.9540391953025495,1.3882920443650917,-1.2589706774559106,0.5742620478401395,0.0,-0.5532033434569608,1.3864936340799499,0.4956390393367183,-0.638325571740905,-0.40369368659755284,-1.0487421576863714,-1.0965525908124334,0.0,1.0,0
4.402004041600198,1.6253608446956371,-0.5390400526607251,0.7355505879221582,2.419885157418267,0.0,1.7417700788909365,-0.4681535094275597,-1.0081962254017445,-0.638325571740905,1.7231087452631138,1.6215115856271138,-0.39899246182896747,1.0,0.0,0
-0.5328890297659908,1.1444557524925854,-0.5754048092083819,-2.0588040782928005,-0.5003677710084421,0.0,-1.4711927123961197,-1.163646188242876,-1.509474646981232,-0.638325571740905,-1.5734350241209194,-1.0487421576863714,-1.0708530071130427,0.0,1.0,1
-0.4491740102865296,0.09520827859501796,-0.5983922557363934,0.4216919116443921,-0.7038218100971797,0.0,-1.0121980279265403,-1.6273079741197531,1.4981958824956936,1.5665986829772471,-1.2544146593418195,-1.0487421576863714,1.00347053433779,0.0,1.0,1
-0.5157167180778963,-1.6972561559799932,1.2761225310394442,-1.3703398851673758,0.338100303747556,0.0,1.7417700788909365,-0.12040717001990163,0.4956390393367183,-0.638325571740905,1.7231087452631138,1.6215115856271138,0.41238010925180085,0.0,1.0,0
-0.6595348284656887,1.1881743972383174,0.09046232918328095,-1.471584619450528,-0.0375537452040223,0.0,-0.5532033434569608,0.11142372291853707,-1.509474646981232,-0.638325571740905,-0.5100338081905862,-1.0487421576863714,-0.788157586419743,0.0,1.0,1
-0.2388131921073707,-1.6972561559799932,-1.0990419272762282,-0.9552364746064576,-1.3768736952874312,0.0,-0.5532033434569608,1.2705781876107307,-0.005639382242769227,-0.638325571740905,-0.40369368659755284,-1.0487421576863714,0.5225211822491902,1.0,0.0,0
-0.27315781548355983,-1.6972561559799932,0.3751530131071154,-0.9248630543215112,-0.234829662236478,0.0,-1.4711927123961197,-0.8158998488352177,-0.005639382242769227,-0.638325571740905,-1.5734350241209194,-1.0487421576863714,-0.5605327022251384,1.0,0.0,1
-0.5436217245710501,1.1444557524925854,0.18771691064794507,0.32044717736123995,0.09479132041339124,0.0,0.8237807099517775,0.4591700623261951,0.4956390393367183,-0.638325571740905,0.8723877725188471,0.2863847139703712,-0.85791359931809,0.0,1.0,1
-0.6616813674267005,-0.6042900373366937,1.5679631565255023,1.6265042496138875,0.7279276915341345,0.0,-0.5532033434569608,-1.0477307417736565,0.4956390393367183,-0.638325571740905,-0.7227140513766528,-1.0487421576863714,1.297180062330829,1.0,0.0,0
-0.5822594258692628,1.3193303314755134,0.6659173033042368,0.6849282207805857,0.48849517694116606,0.0,-1.4711927123961197,-0.4681535094275597,1.4981958824956936,1.5665986829772471,-1.5734350241209194,-1.0487421576863714,-0.05388376643714754,0.0,1.0,0
-0.6488021336606294,0.09520827859501796,-0.7383158432982022,0.7051771676372154,-0.9267187627159815,0.0,-1.4711927123961197,-1.2795616347120953,1.4981958824956936,1.5665986829772471,-1.6797751457139527,-1.0487421576863714,0.2802108216549337,0.0,1.0,0
-0.6466555946996178,-1.0851951295397455,1.1732556298538945,-1.8664390831548165,0.3188390996897355,0.0,-0.5532033434569608,-1.6273079741197531,1.4981958824956936,1.5665986829772471,-0.8290541729696862,-1.0487421576863714,0.004858139161460298,0.0,1.0,1
0.8967059182678855,-1.6972561559799932,-0.33115357971175174,1.5860063559006243,-0.13107355358538947,0.0,-1.4711927123961197,0.4591700623261951,-1.509474646981232,-0.638325571740905,-1.3607547809348528,-1.0487421576863714,-0.4467202601278362,1.0,0.0,0
-0.6080178934014048,-0.3856968136080338,0.2394578856089873,0.5533100662124871,-0.23997809728337965,0.0,1.282775394421357,-0.6999844023659983,-0.005639382242769227,-0.638325571740905,1.191408137297947,1.6215115856271138,-0.8395567538185249,1.0,0.0,0
-0.2559855037954652,-0.42941545835376577,1.067159722801534,1.5252595153307353,0.6010944799081095,0.0,-1.4711927123961197,-0.4681535094275597,1.4981958824956936,1.5665986829772471,-1.5734350241209194,-1.0487421576863714,1.0915833927357022,1.0,0.0,1
-0.6831467570368187,-1.6972561559799932,0.4124403427595752,1.515135041902422,-0.4368300255472671,0.0,-0.09420865898738136,1.734239973487608,-0.005639382242769227,-0.638325571740905,0.1280069213676138,0.2863847139703712,1.7854721526192547,1.0,0.0,0
0.39441580139111826,0.4012387918151418,-1.947732302603046,1.0089113704866683,-1.222965772297112,0.0,-1.4711927123961197,1.1546627411415114,1.4981958824956936,1.5665986829772471,-1.3607547809348528,-1.0487421576863714,1.7891435217191676,1.0,0.0,0
-0.5436217245710501,-0.07966630038790996,0.20170926940412592,-0.560382010902169,-0.16553778348758982,0.0,-1.0121980279265403,0.34325461585697575,-0.5069178038222568,-0.638325571740905,-0.9353942945627195,-1.0487421576863714,-0.6045891314240943,0.0,1.0,0
-0.47493247781867154,1.4504862657127093,-0.3605221568813184,1.3328945201927476,-0.2305292047267134,0.0,0.3647860254821981,-0.5840689558967791,1.4981958824956936,1.5665986829772471,0.23434704296064715,0.2863847139703712,-1.0121111015144348,1.0,0.0,1
-0.4577601661305769,1.5379235552041732,-0.940205591065955,1.241774259337912,-0.658152162739958,0.0,-1.0121980279265403,-1.2795616347120953,-0.5069178038222568,-0.638325571740905,-1.1480745377487862,-1.0487421576863714,-0.3108796034310559,1.0,0.0,0
-0.5994317375573575,0.7947065945267296,0.574121279376325,-1.0767301557462394,0.2901895728993296,0.0,1.282775394421357,-0.4681535094275597,0.9969174609162059,1.5665986829772471,1.191408137297947,1.6215115856271138,-1.0084397324145218,1.0,0.0,0
-0.6037248154793812,1.2756116867297813,1.4567930973967247,-0.6110043780437452,1.0897718205952,0.0,0.3647860254821981,-1.5113925276505338,0.9969174609162059,1.5665986829772471,0.1280069213676138,0.2863847139703712,-1.672957539498771,0.0,1.0,0
-0.4062432310662931,-1.6098188664885291,-0.8360317113152678,-0.9147385808931981,-1.2447709089663426,0.0,-1.4711927123961197,1.8501554199568273,0.9969174609162059,1.5665986829772471,-1.2544146593418195,-1.0487421576863714,-0.9239982431165233,0.0,1.0,0
-0.24525280899040613,1.5816421999499053,0.8597345364049621,0.1787045493648319,0.8895279821827653,0.0,0.3647860254821981,-1.3954770811813144,1.4981958824956936,1.5665986829772471,0.1280069213676138,0.2863847139703712,0.7868597574429249,1.0,0.0,1
-0.5607940362591447,-1.3037883532684054,-0.19515092784535623,1.1709029453397062,-0.7592431991314742,0.0,-0.09420865898738136,0.22733916938775642,0.4956390393367183,-0.638325571740905,-0.08467332181845284,0.2863847139703712,-1.1038953290122595,1.0,0.0,0
0.14756382087475814,-1.2163510637769415,1.4983857682049326,-0.8843651606082518,0.9941320683709914,0.0,-1.4711927123961197,1.5024090805491692,-0.5069178038222568,-0.638325571740905,-1.2544146593418195,-1.0487421576863714,-0.6633310370227018,1.0,0.0,0
-0.4684928609356361,-1.5223815769970652,0.3246421356191438,-1.6639496145885122,-0.3460964290736357,0.0,-0.09420865898738136,-1.2795616347120953,0.9969174609162059,1.5665986829772471,-0.2973535650045195,0.2863847139703712,1.1136116073351794,0.0,1.0,0
-0.6144575102844403,0.0077709891035539986,1.0789225298877736,-0.11490518005630801,0.5049701690912514,0.0,-0.09420865898738136,0.4591700623261951,1.4981958824956936,1.5665986829772471,-0.08467332181845284,0.2863847139703712,0.7795170192430986,0.0,1.0,1
-0.6273367440505112,0.3575201470694098,-1.139712024979633,-0.7223735857552104,-1.1726928183097192,0.0,1.282775394421357,-0.9318152953044371,-1.0081962254017445,-0.638325571740905,1.191408137297947,1.6215115856271138,-0.788157586419743,0.0,1.0,1
1.0555498013827607,1.4942049104584412,-1.6427450103735428,-0.9653609480347742,-0.36729586750205434,0.0,1.7417700788909365,-0.4681535094275597,-1.0081962254017445,-0.638325571740905,1.7231087452631138,1.6215115856271138,1.6643169723221263,1.0,0.0,0
-0.5758198089862274,0.9258625287639255,1.1814819067050557,1.5657574090439947,0.8110900599976163,0.0,1.7417700788909365,-0.6999844023659983,1.4981958824956936,1.5665986829772471,1.6167686236700805,1.6215115856271138,-0.42102067642844526,1.0,0.0,0
0.3514850221708817,0.27008285757794587,0.13020985378188282,0.7051771676372154,0.36081398777800455,0.0,-1.0121980279265403,-1.163646188242876,-0.005639382242769227,-0.638325571740905,-1.1480745377487862,-1.0487421576863714,0.6877327917452742,1.0,0.0,1
2.0000269442279643,1.4942049104584412,1.1952436221850355,1.6973755636120933,2.4015930705457453,0.0,0.3647860254821981,-0.23632261648912098,-0.5069178038222568,-0.638325571740905,0.3406871645536805,0.2863847139703712,1.565190006624476,1.0,0.0,0
-0.6466555946996178,0.4886760813066058,-0.805663679948831,-1.7753188222999774,-0.8913459854525632,0.0,1.282775394421357,0.4591700623261951,1.4981958824956936,1.5665986829772471,1.2977482588909803,1.6215115856271138,0.12601331945858837,0.0,1.0,0
-0.6788536791147951,-1.5661002217427973,1.1233598011024581,1.7176245104687229,0.1547554462537754,0.0,1.7417700788909365,-0.12040717001990163,0.4956390393367183,-0.638325571740905,1.7231087452631138,1.6215115856271138,0.9483999978390955,1.0,0.0,0
-0.605871354440393,0.4886760813066058,-1.0130888663454027,0.8266708487769937,-1.0317468376727756,0.0,1.7417700788909365,-0.35223806295834037,-0.5069178038222568,-0.638325571740905,1.7231087452631138,1.6215115856271138,1.7267302470206471,0.0,1.0,1
0.18620152217297095,1.7127981341871013,0.1899464623178857,0.036961921368420275,0.6344078831527673,0.0,-0.5532033434569608,-0.35223806295834037,-0.005639382242769227,-0.638325571740905,-0.6163739297836195,-1.0487421576863714,-0.3659501399297506,1.0,0.0,0
-0.6273367440505112,-0.42941545835376577,0.425433247318886,-1.2184727837426512,-0.11405343301857312,0.0,-1.4711927123961197,-0.12040717001990163,-0.5069178038222568,-0.638325571740905,-1.467094902527886,-1.0487421576863714,-0.7661293718202652,0.0,1.0,0
-0.5049840232728371,1.0570184630011215,-1.9631854021084985,-0.06428281291473192,-1.5973478549429851,0.0,-1.4711927123961197,0.8069164017338532,-0.005639382242769227,-0.638325571740905,-1.3607547809348528,-1.0487421576863714,-0.8725990757177419,1.0,0.0,1
0.952515931254193,-0.25454087937083786,1.3329376580769037,-0.5401330640455393,1.5312652683230383,0.0,-0.09420865898738136,-1.6273079741197531,-0.5069178038222568,-0.638325571740905,-0.2973535650045195,0.2863847139703712,1.0401842253369202,1.0,0.0,0
-0.42341554275438775,-1.0414764847940134,-1.0795141298912285,0.6950526942088987,-1.320301479595594,0.0,-1.0121980279265403,-1.5113925276505338,-1.509474646981232,-0.638325571740905,-1.1480745377487862,-1.0487421576863714,-0.5642040713250516,0.0,1.0,0
0.09604688581047426,-0.3419781688623018,-1.932817370742062,1.5556329356156817,-1.5443492588719385,0.0,-1.0121980279265403,0.34325461585697575,-0.5069178038222568,-0.638325571740905,-0.9353942945627195,-1.0487421576863714,1.0842406545358758,1.0,0.0,0
-0.3482866791189738,0.4449574365608738,-0.8818528421871566,0.9785379502017221,-0.7926777420242946,0.0,0.3647860254821981,-1.5113925276505338,0.9969174609162059,1.5665986829772471,0.1280069213676138,0.2863847139703712,-0.11262567203575499,1.0,0.0,0
-0.09070200379755458,-0.12338494513364194,0.2885080223476873,-1.0058588417480336,0.14875903366973667,0.0,0.3647860254821981,-1.0477307417736565,-0.5069178038222568,-0.638325571740905,0.23434704296064715,0.2863847139703712,0.03422909196076402,1.0,0.0,0
-0.5006909453508135,-1.0851951295397455,0.06324642259158873,-0.23639886119608633,-0.4732930596441476,0.0,0.8237807099517775,-0.5840689558967791,-0.5069178038222568,-0.638325571740905,0.7660476509258137,0.2863847139703712,1.106268869135354,1.0,0.0,1
-0.5500613414540855,-1.6098188664885291,0.29119886057002997,0.2597003367913508,-0.43785971255664785,0.0,-0.09420865898738136,-0.4681535094275597,0.9969174609162059,1.5665986829772471,-0.19101344341148618,0.2863847139703712,-0.667002406122615,0.0,1.0,0
-0.333260906391891,0.13892692334074994,0.4292004208301655,0.1787045493648319,0.1808610404327706,0.0,0.3647860254821981,-0.4681535094275597,-1.509474646981232,-0.638325571740905,0.3406871645536805,0.2863847139703712,0.761160173743534,1.0,0.0,0
-0.39551053626123395,-0.5168527478452297,-0.2553488229337609,0.6039324333540632,-0.538950748948164,0.0,-1.0121980279265403,-0.8158998488352177,1.4981958824956936,1.5665986829772471,-1.1480745377487862,-1.0487421576863714,0.40136600195206174,1.0,0.0,0
-0.47278593885765974,1.4942049104584412,1.0408663893146444,0.9380400564884626,0.8844401169599451,0.0,-0.5532033434569608,1.5024090805491692,0.9969174609162059,1.5665986829772471,-0.40369368659755284,-1.0487421576863714,-0.6633310370227018,1.0,0.0,0
0.0702884182783324,-1.3037883532684054,-0.7114074610747775,1.4543882013325293,-0.809819002239273,0.0,-1.0121980279265403,1.1546627411415114,-0.5069178038222568,-0.638325571740905,-0.8290541729696862,-1.0487421576863714,0.9227004141397053,1.0,0.0,0
-0.37833822457313937,1.4942049104584412,1.3673035062308208,0.08758428850999637,1.1949210352001567,0.0,-1.4711927123961197,-1.5113925276505338,0.4956390393367183,-0.638325571740905,-1.6797751457139527,-1.0487421576863714,-0.8615849684180027,0.0,1.0,0
0.6863451000887265,-1.3037883532684054,-1.6708066089779714,0.35082059764618634,-1.2179990467224537,0.0,-1.4711927123961197,-0.9318152953044371,-0.5069178038222568,-0.638325571740905,-1.5734350241209194,-1.0487421576863714,-0.8395567538185249,1.0,0.0,0
0.5725785351550997,-1.5661002217427973,1.0914541478946829,-0.8843651606082518,0.8358631180468259,0.0,1.282775394421357,-0.6999844023659983,-0.005639382242769227,-0.638325571740905,1.191408137297947,1.6215115856271138,-0.7073874662216578,1.0,0.0,0
-0.13363278301779113,0.4886760813066058,-0.16116948515177415,-0.3376435954792385,-0.0940653910717784,0.0,-0.5532033434569608,1.5024090805491692,0.9969174609162059,1.5665986829772471,-0.40369368659755284,-1.0487421576863714,-0.6523169297229631,1.0,0.0,1
0.8280166715155071,0.4012387918151418,-0.9811832131376277,0.016712974511790556,-0.216779854660282,0.0,-0.09420865898738136,0.4591700623261951,1.4981958824956936,1.5665986829772471,-0.08467332181845284,0.2863847139703712,-1.3755766424058198,1.0,0.0,0
-0.4405878544424823,-1.6535375112342612,-0.7856745960114299,0.07745981508167972,-1.2341711897521332,0.0,-1.0121980279265403,1.1546627411415114,-0.5069178038222568,-0.638325571740905,-0.8290541729696862,-1.0487421576863714,-1.3498770587064288,1.0,0.0,0
-0.4985444063898017,-1.740974800725725,-0.7013360380140099,0.5735590130691168,-1.2198161414448896,0.0,1.282775394421357,-1.6273079741197531,-0.5069178038222568,-0.638325571740905,1.0850680157049137,1.6215115856271138,1.8368713200180367,0.0,1.0,1
-0.642362516777594,0.9695811735096576,-0.5431916316323392,-1.0969791026028692,-0.5755349226932062,0.0,0.3647860254821981,-0.9318152953044371,-0.005639382242769227,-0.638325571740905,0.23434704296064715,0.2863847139703712,-0.8028430628193953,0.0,1.0,1
-0.5822594258692628,-0.2108222346251059,-0.7101004825096398,-0.8236183200383626,-0.9347745493187807,0.0,-0.5532033434569608,-1.3954770811813144,-1.0081962254017445,-0.638325571740905,-0.7227140513766528,-1.0487421576863714,0.4417510620511046,0.0,1.0,0
-0.1980289518481459,-0.9540391953025495,0.9663686111017912,-0.03390939262978554,0.43810108330561104,0.0,-1.4711927123961197,0.6910009552646338,-0.5069178038222568,-0.638325571740905,-1.3607547809348528,-1.0487421576863714,-1.1883368183102578,1.0,0.0,0
-0.580112886908251,-0.3419781688623018,-0.13426110292834917,-1.7145719817300882,-0.5089686860279719,0.0,-0.5532033434569608,-0.35223806295834037,-0.005639382242769227,-0.638325571740905,-0.6163739297836195,-1.0487421576863714,0.761160173743534,0.0,1.0,1
1.0791617299538907,-0.25454087937083786,0.9064013592895873,0.674803747352269,1.266696276736374,0.0,-0.5532033434569608,0.22733916938775642,-1.0081962254017445,-0.638325571740905,-0.5100338081905862,-1.0487421576863714,0.926371783239618,1.0,0.0,0
-0.6337763609335467,0.2263642128322139,-1.3644354570912636,0.9684134767734054,-1.3824461191029012,0.0,-0.09420865898738136,-0.23632261648912098,-1.509474646981232,-0.638325571740905,-0.08467332181845284,0.2863847139703712,0.5812630878477977,1.0,0.0,0
-0.5951386596353339,-1.0851951295397455,-0.9537366632697345,-1.5222069865921004,-1.3278121377816625,0.0,-0.5532033434569608,-0.9318152953044371,0.9969174609162059,1.5665986829772471,-0.7227140513766528,-1.0487421576863714,0.29489629805458556,0.0,1.0,0
-0.4191224648323641,0.3575201470694098,-0.9265976377701088,0.12808218222325582,-0.8872878072391228,0.0,1.282775394421357,-1.0477307417736565,-1.509474646981232,-0.638325571740905,1.191408137297947,1.6215115856271138,0.6840614226453611,1.0,0.0,0
0.4695446650265321,-0.9977578400482815,-1.6592744451679322,-0.06428281291473192,-1.2634264147833507,0.0,0.3647860254821981,0.6910009552646338,-0.005639382242769227,-0.638325571740905,0.4470272861467138,0.2863847139703712,1.1356398219346577,1.0,0.0,1
1.3925564182616175,-1.3475069980141374,0.27343932830256956,-0.03390939262978554,0.7026095050681944,0.0,-1.4711927123961197,1.5024090805491692,-0.5069178038222568,-0.638325571740905,-1.2544146593418195,-1.0487421576863714,1.579875483024128,1.0,0.0,0
-0.5479148024930737,0.4886760813066058,1.004886038227322,-1.6639496145885122,0.5907976098143062,0.0,-0.09420865898738136,-1.5113925276505338,-0.005639382242769227,-0.638325571740905,-0.2973535650045195,0.2863847139703712,-0.23010948323297029,0.0,1.0,0
-0.6702675232707478,1.6253608446956371,0.34424681409621005,0.35082059764618634,0.2532419802098,0.0,-0.09420865898738136,-0.9318152953044371,-1.0081962254017445,-0.638325571740905,-0.19101344341148618,0.2863847139703712,-0.450391629227749,0.0,1.0,1
-0.5972851985963457,0.9695811735096576,0.7023589409439608,-0.9349875277498279,0.43119612336035434,0.0,-0.09420865898738136,0.4591700623261951,1.4981958824956936,1.5665986829772471,-0.08467332181845284,0.2863847139703712,1.131968452834745,0.0,1.0,0
-0.605871354440393,0.0077709891035539986,-1.3191524938638428,0.37106954450281604,-1.3794781977229225,0.0,0.8237807099517775,1.5024090805491692,1.4981958824956936,1.5665986829772471,0.9787278941118804,0.2863847139703712,-0.7367584190209615,0.0,1.0,0
-0.5607940362591447,1.6253608446956371,1.0758472862050967,0.9886624236300351,0.8914056467292826,0.0,0.3647860254821981,1.8501554199568273,1.4981958824956936,1.5665986829772471,0.5533674077397471,0.2863847139703712,0.3022390362544115,1.0,0.0,0
-0.49639786742878983,0.2263642128322139,-0.6758883965398568,-0.39839043604912766,-0.7624533998077777,0.0,0.3647860254821981,-1.163646188242876,-1.0081962254017445,-0.638325571740905,0.23434704296064715,0.2863847139703712,-0.4871053202268791,0.0,1.0,0
-0.4663463219746242,-0.6917273268281576,-0.6683540495172978,-1.5627048803053636,-0.9430726152179044,0.0,1.282775394421357,1.5024090805491692,-1.0081962254017445,-0.638325571740905,1.5104285020770472,1.6215115856271138,-1.5114172991026,0.0,1.0,0
-0.5844059648302747,-0.9977578400482815,1.3952113426511155,-2.1802977594325825,0.5482170234852252,0.0,1.282775394421357,1.1546627411415114,0.9969174609162059,1.5665986829772471,1.4040883804840139,1.6215115856271138,-0.8982986594171324,0.0,1.0,0
-0.6466555946996178,-1.6535375112342612,0.7660164851753769,-1.8765635565831296,-0.12798449255724823,0.0,0.3647860254821981,1.6183245270183886,0.4956390393367183,-0.638325571740905,0.5533674077397471,0.2863847139703712,-0.24479495963262254,0.0,1.0,0
-0.5758198089862274,-1.4349442875056013,-0.29086788746868164,-0.681875692041951,-0.872205921042905,0.0,0.3647860254821981,-0.6999844023659983,0.9969174609162059,1.5665986829772471,0.23434704296064715,0.2863847139703712,1.6202605431231707,1.0,0.0,0
-0.5114236401558726,-1.3037883532684054,-0.1168859761212235,-2.160048812575953,-0.6697209991394665,0.0,1.7417700788909365,-0.6999844023659983,1.4981958824956936,1.5665986829772471,1.6167686236700805,1.6215115856271138,0.22514028515623902,0.0,1.0,1
-0.6509486726216414,-0.29825952411656986,1.2881159814018848,-1.7449454020150346,0.5813487172576398,0.0,-1.4711927123961197,-1.2795616347120953,1.4981958824956936,1.5665986829772471,-1.6797751457139527,-1.0487421576863714,-0.9753974105153053,0.0,1.0,0
-0.6101644323624166,-1.2600697085226733,0.14620112093180374,-1.167850416601075,-0.5084841274353222,0.0,1.282775394421357,0.34325461585697575,0.9969174609162059,1.5665986829772471,1.2977482588909803,1.6215115856271138,-0.05755513553706031,1.0,0.0,0
0.965395165020264,-0.8228832610653536,-0.8956914387592038,-1.0969791026028692,-0.34324964734181906,0.0,0.8237807099517775,-0.5840689558967791,-0.5069178038222568,-0.638325571740905,0.7660476509258137,0.2863847139703712,0.29489629805458556,1.0,0.0,0
5.080310353279935,-1.0414764847940134,-1.928435148494247,-0.1959009674828269,1.1169071017835759,0.0,-0.5532033434569608,-1.163646188242876,-0.005639382242769227,-0.638325571740905,-0.7227140513766528,-1.0487421576863714,0.9153576759398789,1.0,0.0,1
1.3002552429381087,1.3193303314755134,-1.804579709174426,0.09770876193830944,-0.39546083569981055,0.0,0.3647860254821981,1.3864936340799499,-0.5069178038222568,-0.638325571740905,0.5533674077397471,0.2863847139703712,-0.7257443117212224,1.0,0.0,0
-0.42985515963742316,-0.47313410309949777,-0.36336675728779455,0.016712974511790556,-0.6337425236352359,0.0,1.7417700788909365,-0.8158998488352177,0.9969174609162059,1.5665986829772471,1.6167686236700805,1.6215115856271138,-0.8101858010192212,0.0,1.0,1
-0.1271931661347557,0.4449574365608738,-0.6055421972986176,-0.6717512186136343,-0.45021595666921166,0.0,0.8237807099517775,1.6183245270183886,-1.509474646981232,-0.638325571740905,1.0850680157049137,0.2863847139703712,-0.6890306207220928,1.0,0.0,1
-0.42556208171539955,-0.47313410309949777,0.5149997195768573,-0.9653609480347742,0.06069050945567771,0.0,0.3647860254821981,0.9228318482030725,0.9969174609162059,1.5665986829772471,0.4470272861467138,0.2863847139703712,-1.1002239599123464,0.0,1.0,0
0.23771845723725482,-1.0851951295397455,0.46564205846988943,-0.6110043780437452,0.26044978927546264,0.0,-0.09420865898738136,-1.0477307417736565,-1.509474646981232,-0.638325571740905,-0.19101344341148618,0.2863847139703712,0.5372066586488421,1.0,0.0,0
-0.49210478950676617,1.3630489762212454,-1.214440446468687,1.0089113704866683,-0.9323517563555328,0.0,-1.0121980279265403,-0.12040717001990163,0.9969174609162059,1.5665986829772471,-1.041734416155753,-1.0487421576863714,-0.7220729426213096,1.0,0.0,0
-0.5736732700252155,1.5379235552041732,-1.6422068427290741,0.8165463753486807,-1.2766306364330517,0.0,-0.5532033434569608,1.8501554199568273,-1.0081962254017445,-0.638325571740905,-0.2973535650045195,-1.0487421576863714,0.18108385595728305,0.0,1.0,0
-0.6402159778165821,-1.6972561559799932,-0.8615562338814877,1.363267940477694,-1.41630465076429,0.0,-1.4711927123961197,-1.5113925276505338,0.4956390393367183,-0.638325571740905,-1.6797751457139527,-1.0487421576863714,0.7574888046436212,1.0,0.0,1
1.6909253338422612,0.5761133707980697,-1.9437344858155656,1.3025210999078047,-0.4493679791320751,0.0,0.3647860254821981,-0.6999844023659983,0.9969174609162059,1.5665986829772471,0.23434704296064715,0.2863847139703712,-0.494448058426705,1.0,0.0,0
0.8623612948916962,-0.6042900373366937,-1.0732867614338073,0.6039324333540632,-0.4928571128223735,0.0,-0.09420865898738136,0.9228318482030725,-0.005639382242769227,-0.638325571740905,0.02166679977458048,0.2863847139703712,0.5739203496479718,1.0,0.0,0
-0.6445090557386058,-0.9540391953025495,-1.0839732332311105,-1.917061450296389,-1.4292060232935848,0.0,-0.5532033434569608,-1.6273079741197531,1.4981958824956936,1.5665986829772471,-0.8290541729696862,-1.0487421576863714,0.8345875557417932,0.0,1.0,0
-0.6831467570368187,1.6253608446956371,-1.3657424356564012,-0.7426225326118401,-1.1012204258939078,0.0,-0.09420865898738136,-0.5840689558967791,0.4956390393367183,-0.638325571740905,-0.19101344341148618,0.2863847139703712,-0.7918289555196562,1.0,0.0,1
-0.5092771011948608,-0.07966630038790996,1.2964960204371798,-1.431086725737265,0.7163588551346258,0.0,1.282775394421357,0.8069164017338532,-0.5069178038222568,-0.638325571740905,1.4040883804840139,1.6215115856271138,-0.8615849684180027,0.0,1.0,1
-0.6659744453487241,0.7509879497809976,1.1057540310191316,0.02683744794010362,0.6617854436374678,0.0,-1.4711927123961197,-0.9318152953044371,-0.5069178038222568,-0.638325571740905,-1.5734350241209194,-1.0487421576863714,1.0438555944368328,0.0,1.0,0
0.3708038728199881,1.5379235552041732,-1.3629747163419919,-0.6515022717570046,-0.5236265834556212,0.0,0.8237807099517775,0.34325461585697575,-0.005639382242769227,-0.638325571740905,0.8723877725188471,0.2863847139703712,-0.7771434791200044,1.0,0.0,1
-0.48137209470170705,0.051489633849285975,0.7375704811106136,0.5026876990709146,0.3208379038844151,0.0,-0.09420865898738136,-1.0477307417736565,-1.509474646981232,-0.638325571740905,-0.19101344341148618,0.2863847139703712,-0.2080812686334925,0.0,1.0,1
-0.08640892587553092,1.0132998182553896,-0.7196337379259387,1.5657574090439947,-0.391099808365964,0.0,0.8237807099517775,0.11142372291853707,-1.0081962254017445,-0.638325571740905,0.8723877725188471,0.2863847139703712,-1.015782470614348,1.0,0.0,0
-0.6251902050894994,-0.03594765564217798,1.184710912571867,0.6444303270673226,0.5725660927658665,0.0,0.8237807099517775,0.8069164017338532,-1.509474646981232,-0.638325571740905,0.9787278941118804,0.2863847139703712,-0.9423550886160884,0.0,1.0,0
-0.6037248154793812,-1.740974800725725,1.3720701339389698,-0.3477680689075552,0.35433301660131666,0.0,-1.0121980279265403,-0.8158998488352177,1.4981958824956936,1.5665986829772471,-1.1480745377487862,-1.0487421576863714,-0.7991716937194822,0.0,1.0,1
3.6850600286222477,1.0570184630011215,0.3898373016918984,1.6265042496138875,2.621098113016001,0.0,-0.09420865898738136,1.2705781876107307,1.4981958824956936,1.5665986829772471,0.02166679977458048,0.2863847139703712,1.6753310796218654,1.0,0.0,0
0.8602147559306845,0.2263642128322139,0.5907275952627811,1.424014781047583,1.0010370283162475,0.0,0.3647860254821981,0.5750855087954145,-0.5069178038222568,-0.638325571740905,0.4470272861467138,0.2863847139703712,-0.6780165134223537,1.0,0.0,0
-0.6852932959978305,-0.7354459715738897,-1.0870484769137876,-1.431086725737265,-1.4061894901427303,0.0,0.3647860254821981,0.6910009552646338,-0.005639382242769227,-0.638325571740905,0.4470272861467138,0.2863847139703712,1.271480478631438,0.0,1.0,1
-0.6659744453487241,1.3630489762212454,-0.7366244592727299,-0.01366044577315582,-0.6540334147024366,0.0,-1.0121980279265403,-0.5840689558967791,-1.0081962254017445,-0.638325571740905,-1.041734416155753,-1.0487421576863714,0.10398510485911057,0.0,1.0,0
-0.6595348284656887,1.5379235552041732,0.27044096571195947,-1.03623226203298,0.18176958779398855,0.0,-1.4711927123961197,0.8069164017338532,-0.005639382242769227,-0.638325571740905,-1.3607547809348528,-1.0487421576863714,-0.6339600842233981,1.0,0.0,1
-0.4878117115847425,0.4886760813066058,0.07846887882084018,0.21920244307809136,-0.1051496688786374,0.0,0.3647860254821981,0.22733916938775642,1.4981958824956936,1.5665986829772471,0.3406871645536805,0.2863847139703712,0.5812630878477977,1.0,0.0,0
-0.507130562233849,0.09520827859501796,0.8097618265614589,-0.0440338660581022,0.37286738277016235,0.0,1.282775394421357,-0.4681535094275597,0.9969174609162059,1.5665986829772471,1.191408137297947,1.6215115856271138,-1.4893890845031221,0.0,1.0,0
1.7231234182574386,0.7947065945267296,0.717196991712878,0.3305716507895566,1.7136410086315201,0.0,-0.5532033434569608,0.22733916938775642,-1.0081962254017445,-0.638325571740905,-0.5100338081905862,-1.0487421576863714,-0.2815086506317522,1.0,0.0,0
-0.2924766661326664,-1.1289137742854773,-0.8426434852330235,1.2215253124812822,-1.0791730099283523,0.0,1.7417700788909365,-1.2795616347120953,-1.0081962254017445,-0.638325571740905,1.6167686236700805,1.6215115856271138,0.5592348732483199,1.0,0.0,0
-0.2860370492496308,1.4942049104584412,-0.7297820420787734,1.5556329356156817,-0.40515200755280195,0.0,1.282775394421357,-0.004491723550682283,-0.5069178038222568,-0.638325571740905,1.2977482588909803,1.6215115856271138,-0.4871053202268791,1.0,0.0,0
-0.6724140622317596,-1.5223815769970652,1.1534971891926942,1.2114008390529691,0.19182417859146733,0.0,-0.09420865898738136,-0.8158998488352177,-0.5069178038222568,-0.638325571740905,-0.19101344341148618,0.2863847139703712,0.9227004141397053,1.0,0.0,0
-0.5607940362591447,0.051489633849285975,0.15980907422765026,-0.9046141074648815,-0.17916599390585897,0.0,0.8237807099517775,-0.12040717001990163,1.4981958824956936,1.5665986829772471,0.7660476509258137,0.2863847139703712,-0.7257443117212224,0.0,1.0,1
1.4612456650139956,0.5323947260523377,-0.7521544398702493,-0.4490128031907038,0.35009312891563293,0.0,-1.4711927123961197,-1.5113925276505338,0.4956390393367183,-0.638325571740905,-1.6797751457139527,-1.0487421576863714,1.7597725689198638,1.0,0.0,0
-0.5736732700252155,0.7072693050352656,0.9565278313172246,-1.906936976868076,0.5866182919527038,0.0,0.3647860254821981,-1.0477307417736565,-0.5069178038222568,-0.638325571740905,0.23434704296064715,0.2863847139703712,-0.7808148482199171,0.0,1.0,0
-0.6466555946996178,1.7127981341871013,0.22123706678912533,-2.1904222328608958,0.1890379666837321,0.0,-1.4711927123961197,-1.163646188242876,-1.509474646981232,-0.638325571740905,-1.5734350241209194,-1.0487421576863714,1.561518637524563,0.0,1.0,1
-0.6831467570368187,-0.2108222346251059,-0.0762158784178189,-0.8742406871799386,-0.49231198440564294,0.0,-0.5532033434569608,-1.0477307417736565,0.4956390393367183,-0.638325571740905,-0.7227140513766528,-1.0487421576863714,-0.7477725263207006,1.0,0.0,0
-0.6037248154793812,0.5323947260523377,-1.4164839564205738,0.6343058536390096,-1.3386541362921967,0.0,1.282775394421357,0.4591700623261951,1.4981958824956936,1.5665986829772471,1.2977482588909803,1.6215115856271138,0.004858139161460298,1.0,0.0,0
-0.6810002180758069,0.31380150232367787,1.3652277167450133,-1.8866880300114461,0.7608171060102236,0.0,1.282775394421357,0.4591700623261951,1.4981958824956936,1.5665986829772471,1.2977482588909803,1.6215115856271138,-0.8542422302181768,0.0,1.0,0
-0.5114236401558726,-0.6917273268281576,-0.7539227049877887,-1.6538251411601992,-1.0359261555343782,0.0,-1.0121980279265403,1.038747294672292,-1.0081962254017445,-0.638325571740905,-0.8290541729696862,-1.0487421576863714,1.8368713200180367,0.0,1.0,0
-0.5736732700252155,-1.6098188664885291,-1.918901893077948,0.8266708487769937,-2.192385806716656,0.0,0.8237807099517775,1.038747294672292,-0.5069178038222568,-0.638325571740905,0.9787278941118804,0.2863847139703712,-0.8432281229184377,0.0,1.0,0
0.9009989961899091,-1.0414764847940134,-1.6177586554517913,1.6872510901837765,-0.9969191888260879,0.0,0.8237807099517775,-0.8158998488352177,-1.509474646981232,-0.638325571740905,0.7660476509258137,0.2863847139703712,-1.2764496767081694,1.0,0.0,0
-0.6702675232707478,0.3575201470694098,1.1508832320624183,-1.603202774018623,0.6076965907329602,0.0,-0.09420865898738136,-0.23632261648912098,-1.509474646981232,-0.638325571740905,-0.08467332181845284,0.2863847139703712,-1.0671816380131296,0.0,1.0,1
-0.6573882895046768,-0.12338494513364194,-1.9181330821572786,0.16858007593651525,-1.90952472825747,0.0,1.7417700788909365,-0.5840689558967791,-1.509474646981232,-0.638325571740905,1.7231087452631138,1.6215115856271138,0.5298639204490162,0.0,1.0,0
-0.17227048431600406,-0.2108222346251059,-0.2125260546524821,-0.22627438776777328,-0.3113899198751102,0.0,1.282775394421357,-1.163646188242876,1.4981958824956936,1.5665986829772471,1.0850680157049137,1.6215115856271138,1.0071419034377036,1.0,0.0,0
0.12609843126463985,1.6690794894413692,1.0739252589034234,0.12808218222325582,1.2872294470998993,0.0,1.282775394421357,-1.2795616347120953,0.9969174609162059,1.5665986829772471,1.0850680157049137,1.6215115856271138,-1.371905273305907,1.0,0.0,0
0.08316765204440328,-0.8666019058110855,1.0349465452254911,0.7760484816354212,0.6702046491847544,0.0,-1.0121980279265403,0.4591700623261951,-0.005639382242769227,-0.638325571740905,-0.9353942945627195,-1.0487421576863714,-0.9350123504162624,1.0,0.0,0
-0.6702675232707478,1.1881743972383174,0.78746630986205,-0.7527470060401568,0.5055152975079819,0.0,0.3647860254821981,1.5024090805491692,-0.005639382242769227,-0.638325571740905,0.5533674077397471,0.2863847139703712,-1.001096994214696,0.0,1.0,0
-0.6509486726216414,0.4449574365608738,0.5223034233232154,-2.1802977594325825,0.14276262108569845,0.0,0.8237807099517775,-0.5840689558967791,-0.5069178038222568,-0.638325571740905,0.7660476509258137,0.2863847139703712,1.7377443543203863,0.0,1.0,0
1.4977368273511966,0.5761133707980697,1.3197141102413923,-0.07440728634304498,2.012674230120386,0.0,-1.4711927123961197,-0.12040717001990163,-0.5069178038222568,-0.638325571740905,-1.467094902527886,-1.0487421576863714,-0.07224061193671218,1.0,0.0,0
-0.5822594258692628,-1.4786629322513334,0.8638861153765763,0.7254261144938451,0.02422747535879775,0.0,0.8237807099517775,-1.3954770811813144,-0.5069178038222568,-0.638325571740905,0.6597075293327804,0.2863847139703712,-0.07591198103662533,0.0,1.0,0
-0.6294832830115231,0.6635506602895337,-0.9975588857478833,-0.9046141074648815,-0.9940724070942717,0.0,-1.0121980279265403,-0.004491723550682283,1.4981958824956936,1.5665986829772471,-1.041734416155753,-1.0487421576863714,-1.0561675307133906,1.0,0.0,0
1.4011425741056647,-1.740974800725725,0.06101687092164767,-0.3275191220509219,0.45288012038142267,0.0,0.3647860254821981,-0.004491723550682283,0.4956390393367183,-0.638325571740905,0.3406871645536805,0.2863847139703712,-1.2140364020096488,1.0,0.0,0
-0.44273439340349413,-0.8666019058110855,-1.0550659426139453,-0.5907554311871154,-1.2731781564604234,0.0,0.8237807099517775,-0.23632261648912098,0.9969174609162059,1.5665986829772471,0.7660476509258137,0.2863847139703712,-1.1259235436117372,0.0,1.0,0
1.4032891130666765,-0.8666019058110855,-1.3013929615963824,-0.8236183200383626,-0.4254428986200026,0.0,0.3647860254821981,1.6183245270183886,0.4956390393367183,-0.638325571740905,0.5533674077397471,0.2863847139703712,1.436692088127522,1.0,0.0,0
-0.6101644323624166,-0.6917273268281576,0.2206988991446569,-0.42876385633407404,-0.32380673381175545,0.0,-0.5532033434569608,-0.23632261648912098,0.4956390393367183,-0.638325571740905,-0.6163739297836195,-1.0487421576863714,0.008529508261373069,0.0,1.0,0
0.7657670416461642,0.7947065945267296,1.1020637385999192,1.0291603173432982,1.4765707171777187,0.0,1.282775394421357,-0.35223806295834037,1.4981958824956936,1.5665986829772471,1.191408137297947,1.6215115856271138,-0.953369195915827,1.0,0.0,0
-0.6852932959978305,0.5323947260523377,-0.7284750635136354,0.6039324333540632,-0.8426478468912815,0.0,-1.0121980279265403,0.4591700623261951,-0.005639382242769227,-0.638325571740905,-0.9353942945627195,-1.0487421576863714,0.15905564135780526,1.0,0.0,0
1.1092132754080564,-1.0414764847940134,-0.6638180650853491,1.4847616216174757,-0.12786335290908596,0.0,1.282775394421357,-1.3954770811813144,0.4956390393367183,-0.638325571740905,1.0850680157049137,1.6215115856271138,-0.7551152645205266,1.0,0.0,0
-0.06065045834338908,-0.6042900373366937,-1.0264661763650482,0.1584556025081986,-0.976870577055212,0.0,-1.4711927123961197,0.22733916938775642,0.9969174609162059,1.5665986829772471,-1.467094902527886,-1.0487421576863714,1.5248049465254332,1.0,0.0,0
-0.530742490804979,-0.6042900373366937,-0.6628954919805459,-0.08453175977136164,-0.9557317084508745,0.0,-1.4711927123961197,-0.23632261648912098,-1.0081962254017445,-0.638325571740905,-1.467094902527886,-1.0487421576863714,0.26185397615536865,0.0,1.0,0
-0.6101644323624166,1.7127981341871013,0.9447650242309844,-0.6008799046154321,0.7796543212994758,0.0,-0.09420865898738136,-0.5840689558967791,0.4956390393367183,-0.638325571740905,-0.19101344341148618,0.2863847139703712,-0.8946272903172197,1.0,0.0,0
-0.35901937392403294,1.1444557524925854,-1.0268505818253828,-0.9349875277498279,-0.757910663001688,0.0,-1.0121980279265403,-0.9318152953044371,0.9969174609162059,1.5665986829772471,-1.1480745377487862,-1.0487421576863714,-1.507745930002687,1.0,0.0,0
0.09819342477148613,0.7509879497809976,-0.2847174001033273,-0.5705064843304857,-0.0024232472369285466,0.0,-1.0121980279265403,0.34325461585697575,-0.5069178038222568,-0.638325571740905,-0.9353942945627195,-1.0487421576863714,-1.3021492604075602,1.0,0.0,1
-0.3740451466511157,-1.3475069980141374,-1.9551128874414712,1.7479979307536657,-2.0501072899499264,0.0,-1.0121980279265403,-0.9318152953044371,0.9969174609162059,1.5665986829772471,-1.1480745377487862,-1.0487421576863714,-0.21175263773340566,1.0,0.0,0
0.9954467104744293,0.8821438840181935,1.1392741871603123,1.1304050516264468,1.65488827927276,0.0,1.282775394421357,0.22733916938775642,0.4956390393367183,-0.638325571740905,1.2977482588909803,1.6215115856271138,1.029170118037181,1.0,0.0,0
-0.6337763609335467,-1.1289137742854773,1.3344752799182422,-0.7932448997534162,0.44343122782475586,0.0,-1.4711927123961197,1.038747294672292,0.9969174609162059,1.5665986829772471,-1.3607547809348528,-1.0487421576863714,0.7648315428434467,0.0,1.0,0
-0.38048476353415117,0.09520827859501796,-0.9981739344844188,0.7051771676372154,-0.980020207907434,0.0,-0.09420865898738136,-0.23632261648912098,-1.509474646981232,-0.638325571740905,-0.08467332181845284,0.2863847139703712,0.8823153540406624,1.0,0.0,1
-0.5479148024930737,-0.7791646163196216,-1.0871253580058544,0.7254261144938451,-1.3384118569958718,0.0,-1.0121980279265403,0.11142372291853707,-1.509474646981232,-0.638325571740905,-0.9353942945627195,-1.0487421576863714,-0.13098251753532003,1.0,0.0,0
-0.6724140622317596,0.4449574365608738,1.018032704970767,0.18882902279314498,0.521202881945012,0.0,0.8237807099517775,1.5024090805491692,1.4981958824956936,1.5665986829772471,0.9787278941118804,0.2863847139703712,1.3669360752291755,0.0,1.0,0
0.6841985611277147,-0.3856968136080338,-1.6281376028808263,0.006588501083473899,-0.9820795819261948,0.0,0.8237807099517775,-0.6999844023659983,-1.0081962254017445,-0.638325571740905,0.7660476509258137,0.2863847139703712,-0.615603238723833,1.0,0.0,1
4.129393593551696,-0.6042900373366937,1.0487851417975382,-0.0440338660581022,3.0227366164984115,0.0,0.8237807099517775,0.8069164017338532,-1.509474646981232,-0.638325571740905,0.9787278941118804,0.2863847139703712,0.34996683455328026,1.0,0.0,0
0.34504540528784616,0.7072693050352656,1.2274567997610788,0.4216919116443921,1.3185440461498776,0.0,0.8237807099517775,-1.0477307417736565,0.9969174609162059,1.5665986829772471,0.6597075293327804,0.2863847139703712,1.1099402382352668,1.0,0.0,1
-0.3160885947037964,-1.6535375112342612,-1.032078496085934,0.49256322564259797,-1.3580364799981794,0.0,0.3647860254821981,1.3864936340799499,-0.5069178038222568,-0.638325571740905,0.5533674077397471,0.2863847139703712,0.6436763625463187,1.0,0.0,0
-0.0992881596416019,-0.3856968136080338,1.0184939915231686,0.36094507107450297,0.6608768962762499,0.0,-0.09420865898738136,-0.5840689558967791,0.4956390393367183,-0.638325571740905,-0.19101344341148618,0.2863847139703712,-0.7073874662216578,1.0,0.0,0
1.3367464052753097,0.6635506602895337,0.11391106226369407,0.4014429647877624,0.9912247168150939,0.0,0.3647860254821981,0.34325461585697575,-1.509474646981232,-0.638325571740905,0.4470272861467138,0.2863847139703712,-1.2617642003085174,1.0,0.0,0
-0.41697592587135224,-1.1726324190312094,-1.947501659326845,0.1787045493648319,-2.0295741195864005,0.0,0.8237807099517775,-1.163646188242876,0.4956390393367183,-0.638325571740905,0.6597075293327804,0.2863847139703712,-0.28518001973166496,0.0,1.0,1
1.3646514117684636,-0.47313410309949777,0.09791979511377318,-0.25664780805271603,0.7424038794895401,0.0,0.8237807099517775,-0.9318152953044371,1.4981958824956936,1.5665986829772471,0.6597075293327804,0.2863847139703712,1.80382899811882,1.0,0.0,0
-0.5135701791168844,-0.8228832610653536,-0.15155934864340795,0.20907796964977468,-0.5916464958988046,0.0,-0.09420865898738136,-0.8158998488352177,-0.5069178038222568,-0.638325571740905,-0.19101344341148618,0.2863847139703712,-0.6376314533233113,1.0,0.0,0
-0.6316298219725348,1.2318930419840495,-0.8995354933625501,-1.785443295728294,-0.7920720437834826,0.0,-0.5532033434569608,0.5750855087954145,0.4956390393367183,-0.638325571740905,-0.5100338081905862,-1.0487421576863714,0.5959485642474499,0.0,1.0,0
-0.5479148024930737,0.5761133707980697,0.043949268482789454,-1.2387217305992808,-0.14688227767058132,0.0,-0.5532033434569608,1.6183245270183886,1.4981958824956936,1.5665986829772471,-0.40369368659755284,-1.0487421576863714,0.7905311265428376,0.0,1.0,1
2.654721327336571,1.6690794894413692,1.1292796451916114,0.09770876193830944,2.7578647757913415,0.0,-0.5532033434569608,-0.9318152953044371,0.9969174609162059,1.5665986829772471,-0.7227140513766528,-1.0487421576863714,-1.4636895008037312,1.0,0.0,1
-0.6080178934014048,-0.5605713925909617,-0.7380852000220015,0.6849282207805857,-1.0488880978877542,0.0,1.282775394421357,-0.5840689558967791,0.4956390393367183,-0.638325571740905,1.191408137297947,1.6215115856271138,-1.3976048570052977,0.0,1.0,0
0.5167685221687922,1.0132998182553896,0.9781314181880314,-0.45913727661902043,1.2868660281554118,0.0,-1.0121980279265403,-0.5840689558967791,-1.0081962254017445,-0.638325571740905,-1.041734416155753,-1.0487421576863714,0.9447286287391826,1.0,0.0,1
-0.6101644323624166,0.051489633849285975,0.3904523504284341,-0.7831204263251031,-0.025318640739620795,0.0,-0.09420865898738136,1.6183245270183886,-0.5069178038222568,-0.638325571740905,0.1280069213676138,0.2863847139703712,0.3866805255524099,1.0,0.0,0
1.0534032624217489,-0.1671035898793739,0.13981999029024883,1.778371351038612,0.6676001467492629,0.0,-0.09420865898738136,-1.163646188242876,1.4981958824956936,1.5665986829772471,-0.2973535650045195,0.2863847139703712,1.1870389893334394,1.0,0.0,1
0.05740918451226144,-0.9977578400482815,0.9198555504012997,0.3811940179311327,0.5359213491967427,0.0,1.7417700788909365,-0.5840689558967791,-1.509474646981232,-0.638325571740905,1.7231087452631138,1.6215115856271138,-0.8248712774188731,1.0,0.0,0
-0.6638279063877123,1.0132998182553896,1.102217500784053,-1.5728293537336766,0.7183576593293054,0.0,0.8237807099517775,0.34325461585697575,-0.005639382242769227,-0.638325571740905,0.8723877725188471,0.2863847139703712,-0.9313409813163492,0.0,1.0,1
-0.5844059648302747,-0.29825952411656986,-0.5308906569016307,-0.42876385633407404,-0.8141800295731192,0.0,1.282775394421357,1.5024090805491692,-1.0081962254017445,-0.638325571740905,1.5104285020770472,1.6215115856271138,-0.11996841023558093,0.0,1.0,0
-0.6402159778165821,-0.5168527478452297,0.7206566408558897,0.006588501083473899,0.09188396885749371,0.0,-0.5532033434569608,0.9228318482030725,-1.509474646981232,-0.638325571740905,-0.40369368659755284,-1.0487421576863714,-0.9607119341156534,0.0,1.0,1
-0.030598912889223482,0.8384252392724616,-0.7564597810259973,-0.9856098948914039,-0.4273811329906008,0.0,-0.5532033434569608,-0.5840689558967791,-1.0081962254017445,-0.638325571740905,-0.6163739297836195,-1.0487421576863714,-1.3792480115057328,1.0,0.0,0
-0.4105363089883168,0.3575201470694098,0.2715941820929632,0.09770876193830944,0.06153848699281424,0.0,-1.4711927123961197,1.2705781876107307,-1.509474646981232,-0.638325571740905,-1.2544146593418195,-1.0487421576863714,-1.3021492604075602,1.0,0.0,0
-0.5994317375573575,-0.7791646163196216,0.39883238946372906,-0.6008799046154321,-0.19679181271348725,0.0,0.3647860254821981,-0.6999844023659983,0.9969174609162059,1.5665986829772471,0.23434704296064715,0.2863847139703712,1.5982323285236932,0.0,1.0,0
0.32572655463873973,-0.8666019058110855,0.20094045848345646,-0.06428281291473192,0.150030999975442,0.0,-1.4711927123961197,-0.35223806295834037,-1.509474646981232,-0.638325571740905,-1.467094902527886,-1.0487421576863714,-0.7734721100200912,1.0,0.0,0
1.0276447948896068,1.6253608446956371,-1.328839511464276,-0.6413777983286915,-0.10666391448066731,0.0,0.8237807099517775,0.6910009552646338,1.4981958824956936,1.5665986829772471,0.8723877725188471,0.2863847139703712,1.8258572127182975,1.0,0.0,0
-0.5543544193761091,-0.29825952411656986,0.19248353835609464,1.6973755636120933,-0.2273190040504099,0.0,-1.4711927123961197,1.2705781876107307,-1.509474646981232,-0.638325571740905,-1.2544146593418195,-1.0487421576863714,0.8749726158408361,1.0,0.0,1
-0.6037248154793812,0.7072693050352656,1.3743765667009777,1.7378734573253527,0.8988557350912698,0.0,-1.4711927123961197,1.3864936340799499,-1.0081962254017445,-0.638325571740905,-1.2544146593418195,-1.0487421576863714,-1.2360646166091267,1.0,0.0,0
-0.6380694388555704,0.3575201470694098,0.2305396789292239,-1.1172280494594988,-0.09921382611868007,0.0,0.3647860254821981,1.2705781876107307,-1.0081962254017445,-0.638325571740905,0.5533674077397471,0.2863847139703712,1.1796962511336133,1.0,0.0,1
-0.5243028739219436,0.8384252392724616,1.0627006194616522,0.20907796964977468,0.7272008536451597,0.0,0.8237807099517775,-1.5113925276505338,-1.0081962254017445,-0.638325571740905,0.6597075293327804,0.2863847139703712,0.4087087401518877,0.0,1.0,1
-0.01557314016214073,1.7127981341871013,0.2869704005063488,0.8671687424902568,0.5969757318705881,0.0,0.8237807099517775,0.4591700623261951,0.4956390393367183,-0.638325571740905,0.8723877725188471,0.2863847139703712,-1.0451534234136517,1.0,0.0,1
-0.49210478950676617,-1.740974800725725,0.3320227204575687,0.8570442690619401,-0.40206294652466074,0.0,0.3647860254821981,1.038747294672292,1.4981958824956936,1.5665986829772471,0.4470272861467138,0.2863847139703712,-0.8028430628193953,1.0,0.0,1
-0.4277086206764114,-1.0414764847940134,1.0964514188790333,0.6444303270673226,0.39158345841125225,0.0,-0.09420865898738136,0.6910009552646338,-1.0081962254017445,-0.638325571740905,0.02166679977458048,0.2863847139703712,0.863958508541097,1.0,0.0,0
-0.655241750543665,0.31380150232367787,-0.028626482428390516,-1.167850416601075,-0.32277704680237523,0.0,1.282775394421357,-0.12040717001990163,-1.0081962254017445,-0.638325571740905,1.2977482588909803,1.6215115856271138,-0.35860740172992467,0.0,1.0,0
-0.4126828479493286,-1.4786629322513334,0.9258522755825203,-1.046356735461293,0.16874707561653138,0.0,0.8237807099517775,-0.12040717001990163,1.4981958824956936,1.5665986829772471,0.7660476509258137,0.2863847139703712,0.26185397615536865,1.0,0.0,0
0.5918973858042063,1.1881743972383174,0.7790093897346877,-0.8539917403233089,1.2111537480539167,0.0,0.8237807099517775,-1.5113925276505338,-1.0081962254017445,-0.638325571740905,0.6597075293327804,0.2863847139703712,-0.21909537593323158,1.0,0.0,1
-0.5865525037912865,-0.12338494513364194,0.04210412227318355,0.4014429647877624,-0.32519983976562306,0.0,-0.5532033434569608,-0.23632261648912098,0.4956390393367183,-0.638325571740905,-0.6163739297836195,-1.0487421576863714,-1.3608911660061678,1.0,0.0,0
-0.5114236401558726,-1.5661002217427973,0.16811223217087837,0.12808218222325582,-0.5033356923884206,0.0,1.7417700788909365,-0.9318152953044371,0.4956390393367183,-0.638325571740905,1.6167686236700805,1.6215115856271138,0.6767186844455352,1.0,0.0,0
-0.5049840232728371,0.4449574365608738,-0.25396496327655615,0.006588501083473899,-0.386435931911712,0.0,-1.4711927123961197,1.8501554199568273,0.9969174609162059,1.5665986829772471,-1.2544146593418195,-1.0487421576863714,-0.667002406122615,0.0,1.0,0
3.178476833823457,-1.1289137742854773,-1.3388340534329763,-0.6110043780437452,0.48873745623749065,0.0,0.8237807099517775,-1.2795616347120953,-0.005639382242769227,-0.638325571740905,0.6597075293327804,0.2863847139703712,1.1907103584333523,1.0,0.0,0
1.3217206325482271,0.13892692334074994,-0.8977672282450109,-0.4490128031907038,0.06941256412336973,0.0,0.8237807099517775,0.4591700623261951,0.4956390393367183,-0.638325571740905,0.8723877725188471,0.2863847139703712,-1.1552944964110412,1.0,0.0,0
-0.01771967912315251,0.4012387918151418,0.8665000725068517,1.7176245104687229,0.7616045137232792,0.0,-0.5532033434569608,1.8501554199568273,-1.0081962254017445,-0.638325571740905,-0.2973535650045195,-1.0487421576863714,-0.6229459769236589,1.0,0.0,0
-0.4641997830136124,-1.3912256427598693,0.8122989025996679,-0.995734368319717,0.06959427359561343,0.0,1.7417700788909365,-0.8158998488352177,0.9969174609162059,1.5665986829772471,1.6167686236700805,1.6215115856271138,-0.8946272903172197,0.0,1.0,0
0.23771845723725482,-0.9103205505568176,-0.6065416514954879,-0.7932448997534162,-0.5454922899489333,0.0,0.3647860254821981,-0.5840689558967791,1.4981958824956936,1.5665986829772471,0.23434704296064715,0.2863847139703712,1.3559219679294363,1.0,0.0,0
-0.4384413154814705,-1.740974800725725,0.09346069177389148,-1.6841985614451418,-0.5597261986080143,0.0,-0.5532033434569608,0.6910009552646338,0.9969174609162059,1.5665986829772471,-0.5100338081905862,-1.0487421576863714,-0.7587866336204393,0.0,1.0,1
-0.4556136271695651,1.0132998182553896,-0.9996346752336904,0.674803747352269,-0.8200553025089952,0.0,-0.09420865898738136,0.8069164017338532,-0.5069178038222568,-0.638325571740905,0.02166679977458048,0.2863847139703712,1.1613394056340487,0.0,1.0,1
-0.5607940362591447,-0.6480086820824257,-0.2934818445989572,-1.7955677691566108,-0.6913444263364534,0.0,-0.5532033434569608,-1.3954770811813144,-1.0081962254017445,-0.638325571740905,-0.7227140513766528,-1.0487421576863714,-1.0855384835126944,0.0,1.0,0
-0.507130562233849,-1.2163510637769415,1.0588565648583057,-0.5097596437605929,0.27837845720349635,0.0,-0.09420865898738136,-1.2795616347120953,0.9969174609162059,1.5665986829772471,-0.2973535650045195,0.2863847139703712,0.9961277961379645,1.0,0.0,0
0.04667648970720224,1.5816421999499053,-1.813190391485922,-0.9147385808931981,-1.0515531701473269,0.0,0.8237807099517775,0.8069164017338532,-1.509474646981232,-0.638325571740905,0.9787278941118804,0.2863847139703712,0.6326622552465796,1.0,0.0,0
0.9632486260592522,-0.12338494513364194,-0.738700248758537,-0.40851490947744434,-0.0657187134017785,0.0,-0.09420865898738136,0.8069164017338532,-0.5069178038222568,-0.638325571740905,0.02166679977458048,0.2863847139703712,-0.9937542560148699,1.0,0.0,0
0.8730939896967556,-1.6972561559799932,-0.06452995242364555,1.646753196470517,0.06565723503033569,0.0,-1.4711927123961197,1.2705781876107307,-1.509474646981232,-0.638325571740905,-1.2544146593418195,-1.0487421576863714,-1.2140364020096488,1.0,0.0,1
0.3557781000929052,1.5816421999499053,1.4193520055601307,-1.0969791026028692,1.6696067465244906,0.0,-1.4711927123961197,0.4591700623261951,-1.509474646981232,-0.638325571740905,-1.3607547809348528,-1.0487421576863714,1.38529292072874,1.0,0.0,0
-0.5092771011948608,-1.3037883532684054,-1.3620521432371888,0.19895349622146163,-1.649498473476895,0.0,0.3647860254821981,1.734239973487608,0.9969174609162059,1.5665986829772471,0.5533674077397471,0.2863847139703712,1.2384381567322207,0.0,1.0,0
-0.6015782765183694,0.5323947260523377,-1.0559116346266817,0.3811940179311327,-1.0533702648697627,0.0,1.282775394421357,-0.6999844023659983,-0.005639382242769227,-0.638325571740905,1.191408137297947,1.6215115856271138,0.35730957275310615,0.0,1.0,0
-0.22593395834129973,-0.12338494513364194,-0.10435435811431429,1.7378734573253527,-0.23707074572748268,0.0,-1.4711927123961197,-0.9318152953044371,-0.5069178038222568,-0.638325571740905,-1.5734350241209194,-1.0487421576863714,1.2127385730328304,1.0,0.0,0
0.6906381780107502,-0.9103205505568176,-0.9926384958556,-0.7324980591835271,-0.5940692888620525,0.0,1.282775394421357,-0.35223806295834037,1.4981958824956936,1.5665986829772471,1.191408137297947,1.6215115856271138,0.6583618389459706,1.0,0.0,0
0.9267574637220513,1.1007371077468535,0.1646525830278667,0.9177911096318293,0.896735791248428,0.0,0.8237807099517775,-0.35223806295834037,0.4956390393367183,-0.638325571740905,0.7660476509258137,0.2863847139703712,-1.1406090200113892,1.0,0.0,0
-0.4384413154814705,-0.9540391953025495,1.4950030001539878,-1.6538251411601992,0.7189027877460359,0.0,-1.4711927123961197,1.734239973487608,0.4956390393367183,-0.638325571740905,-1.2544146593418195,-1.0487421576863714,0.36098094185301893,0.0,1.0,0
0.5618458403500406,0.13892692334074994,-1.126949763696523,1.8087447713235585,-0.5399804359575442,0.0,-1.4711927123961197,-1.3954770811813144,0.9969174609162059,1.5665986829772471,-1.6797751457139527,-1.0487421576863714,-1.5114172991026,1.0,0.0,0
0.3321661715217753,-1.2600697085226733,-0.8041260581074926,-1.1577259431727585,-0.7253846674700858,0.0,1.282775394421357,1.1546627411415114,0.9969174609162059,1.5665986829772471,1.4040883804840139,1.6215115856271138,-0.3916497236291416,1.0,0.0,0
-0.42556208171539955,1.3630489762212454,1.3703018688214308,-0.35789254233586826,1.1415590201846226,0.0,0.8237807099517775,-1.6273079741197531,-1.509474646981232,-0.638325571740905,0.6597075293327804,0.2863847139703712,1.5211335774255204,1.0,0.0,1
-0.10787431548564921,-0.29825952411656986,-0.5368873820828511,0.2698248102196674,-0.5499744569309416,0.0,-0.09420865898738136,-1.3954770811813144,0.4956390393367183,-0.638325571740905,-0.2973535650045195,0.2863847139703712,0.717103744544578,1.0,0.0,0
-0.4341482375594468,-1.1289137742854773,0.7257307929323066,1.353143467049381,0.07649923354087013,0.0,-0.09420865898738136,1.6183245270183886,-0.5069178038222568,-0.638325571740905,0.1280069213676138,0.2863847139703712,1.561518637524563,1.0,0.0,0
-0.3976570752222458,-1.6972561559799932,-0.3131634041680906,-0.12502965348462108,-0.8473722931696146,0.0,1.282775394421357,1.734239973487608,-0.005639382242769227,-0.638325571740905,1.5104285020770472,1.6215115856271138,0.19209796325702214,1.0,0.0,1
-0.5200097959999199,-0.8666019058110855,-0.24397042130785543,0.9380400564884626,-0.6777767857422654,0.0,0.8237807099517775,1.1546627411415114,-0.005639382242769227,-0.638325571740905,0.9787278941118804,0.2863847139703712,0.2288116542561518,1.0,0.0,0
-0.3397005232749265,-1.1726324190312094,0.30403800294520705,-1.7145719817300882,-0.21211597820602943,0.0,0.3647860254821981,-0.9318152953044371,-0.005639382242769227,-0.638325571740905,0.23434704296064715,0.2863847139703712,1.7414157234202992,0.0,1.0,0
-0.6273367440505112,-1.5223815769970652,-1.342601226944256,-1.289344097740857,-1.749256973738625,0.0,-1.0121980279265403,0.9228318482030725,-1.509474646981232,-0.638325571740905,-0.8290541729696862,-1.0487421576863714,-0.85791359931809,0.0,1.0,1
0.10248650269350978,-0.25454087937083786,-0.7101004825096398,0.9785379502017221,-0.5580302435337408,0.0,-1.0121980279265403,0.4591700623261951,-0.005639382242769227,-0.638325571740905,-0.9353942945627195,-1.0487421576863714,0.04891456836041588,1.0,0.0,1
0.08960726892743881,0.1826455680864819,0.8815687665519698,1.0899071579131874,0.785590164059433,0.0,-0.5532033434569608,-0.4681535094275597,-0.5069178038222568,-0.638325571740905,-0.6163739297836195,-1.0487421576863714,0.2655253452552818,1.0,0.0,1
-0.16368432847195674,-1.3475069980141374,-1.1289486720902633,1.4341392544758997,-1.2805071051742483,0.0,-1.0121980279265403,-0.8158998488352177,1.4981958824956936,1.5665986829772471,-1.1480745377487862,-1.0487421576863714,-0.10528293383592906,1.0,0.0,0
-0.5522078804150974,1.6253608446956371,-1.0713647341321342,1.535383988759052,-0.7954033841079484,0.0,1.7417700788909365,-1.5113925276505338,1.4981958824956936,1.5665986829772471,1.5104285020770472,1.6215115856271138,-0.615603238723833,1.0,0.0,1
0.892412840345862,0.051489633849285975,-0.1470233642114594,0.6646792739239524,0.39921525624548265,0.0,-1.4711927123961197,-0.9318152953044371,-0.5069178038222568,-0.638325571740905,-1.5734350241209194,-1.0487421576863714,1.2127385730328304,1.0,0.0,0
-0.5758198089862274,1.0132998182553896,-0.21060402735080888,0.7456750613504749,-0.2662654009346191,0.0,-0.09420865898738136,-1.3954770811813144,0.4956390393367183,-0.638325571740905,-0.2973535650045195,0.2863847139703712,-1.4526753935039924,0.0,1.0,0
2.6396955546094882,-1.1726324190312094,0.4639506744444173,0.7153016410655285,1.5952875723768631,0.0,1.282775394421357,1.734239973487608,-0.005639382242769227,-0.638325571740905,1.5104285020770472,1.6215115856271138,0.6620332080458833,1.0,0.0,1
-0.48995825054575437,-0.29825952411656986,0.24983683303802273,1.1202805781981338,-0.14579202083711967,0.0,-0.09420865898738136,0.6910009552646338,-1.0081962254017445,-0.638325571740905,0.02166679977458048,0.2863847139703712,0.07828552115971961,1.0,0.0,0
-0.5844059648302747,0.3575201470694098,-0.6389085912556643,0.18882902279314498,-0.753913054612329,0.0,0.3647860254821981,-1.163646188242876,-1.0081962254017445,-0.638325571740905,0.23434704296064715,0.2863847139703712,0.2691967143551946,0.0,1.0,0
-0.6230436661284876,-0.7354459715738897,0.6597668159388825,-1.9676838174379652,0.00514798077322097,0.0,-1.0121980279265403,-1.3954770811813144,-1.0081962254017445,-0.638325571740905,-1.1480745377487862,-1.0487421576863714,-0.7257443117212224,0.0,1.0,1
-0.024159296006188043,0.8821438840181935,-1.9371227118978098,-0.550257537473856,-1.3442265601076666,0.0,-0.09420865898738136,1.1546627411415114,0.9969174609162059,1.5665986829772471,0.02166679977458048,0.2863847139703712,0.37199504915275805,1.0,0.0,0
0.29138193126255046,1.4942049104584412,0.030110671910742775,-0.003535972344839162,0.5193857872225761,0.0,-0.09420865898738136,-0.004491723550682283,-0.5069178038222568,-0.638325571740905,-0.08467332181845284,0.2863847139703712,-0.8542422302181768,1.0,0.0,1
-0.5436217245710501,-0.07966630038790996,-0.19768800388356494,0.5836834864974335,-0.4801980195894037,0.0,-0.09420865898738136,0.22733916938775642,0.4956390393367183,-0.638325571740905,-0.08467332181845284,0.2863847139703712,-1.1222521745118244,1.0,0.0,1
0.718543184503904,-0.1671035898793739,1.0945293915773602,-0.2667722814810327,1.2307783710562246,0.0,0.3647860254821981,-1.163646188242876,-1.0081962254017445,-0.638325571740905,0.23434704296064715,0.2863847139703712,1.1760248820337005,1.0,0.0,1
-0.47063939989664794,-1.4349442875056013,-1.130255650655401,-1.5525804068770468,-1.4741488327618322,0.0,-1.4711927123961197,-1.163646188242876,-1.509474646981232,-0.638325571740905,-1.5734350241209194,-1.0487421576863714,-1.3755766424058198,0.0,1.0,1
0.6391212429464664,-1.1289137742854773,1.228071848497614,1.2114008390529691,1.0779607048993667,0.0,-0.5532033434569608,-1.2795616347120953,-0.5069178038222568,-0.638325571740905,-0.7227140513766528,-1.0487421576863714,0.761160173743534,1.0,0.0,0
-0.27530435444457174,0.9258625287639255,-1.8161887540765322,-0.5907554311871154,-1.3809924433249525,0.0,-0.5532033434569608,0.9228318482030725,-1.509474646981232,-0.638325571740905,-0.40369368659755284,-1.0487421576863714,-1.1883368183102578,1.0,0.0,1
1.5106160611172679,0.9258625287639255,-0.7562291377497966,0.9582890033450923,0.46196559399360204,0.0,1.282775394421357,-0.8158998488352177,-0.5069178038222568,-0.638325571740905,1.191408137297947,1.6215115856271138,-0.5164762730261828,1.0,0.0,1
0.29567500918457407,-1.6535375112342612,1.0288729389522036,-0.6312533249003749,0.6109067914092632,0.0,1.282775394421357,-0.6999844023659983,-0.005639382242769227,-0.638325571740905,1.191408137297947,1.6215115856271138,-0.03552692093758252,1.0,0.0,1
1.238005613068766,0.27008285757794587,1.3736077557803088,-1.1071035760311858,1.8407164995538696,0.0,-0.09420865898738136,-0.5840689558967791,0.4956390393367183,-0.638325571740905,-0.19101344341148618,0.2863847139703712,0.5592348732483199,1.0,0.0,0
-0.507130562233849,0.4012387918151418,1.2444475211078698,-0.16552754719788051,0.7831673710961853,0.0,0.8237807099517775,-0.4681535094275597,-0.005639382242769227,-0.638325571740905,0.7660476509258137,0.2863847139703712,-1.5885160502007725,0.0,1.0,1
1.5192022169613153,-1.1726324190312094,1.3122566443109,-0.22627438776777328,1.6312660478810934,0.0,-0.5532033434569608,-0.35223806295834037,-0.005639382242769227,-0.638325571740905,-0.6163739297836195,-1.0487421576863714,-0.9643833032155662,1.0,0.0,0
-0.6530952115826532,0.4886760813066058,0.1342845516614298,0.14833112907988552,-0.15445350568073082,0.0,0.3647860254821981,0.34325461585697575,-1.509474646981232,-0.638325571740905,0.4470272861467138,0.2863847139703712,-1.5811733120009466,0.0,1.0,0
2.2962493208475965,-1.6535375112342612,0.8885649459300601,1.0089113704866683,1.6293883833345761,0.0,-0.5532033434569608,1.5024090805491692,0.9969174609162059,1.5665986829772471,-0.40369368659755284,-1.0487421576863714,-1.1993509256099968,1.0,0.0,1
-0.3633124518460566,-1.5223815769970652,0.9692132115082676,0.9076666362035162,0.22107940362268516,0.0,0.8237807099517775,0.4591700623261951,0.4956390393367183,-0.638325571740905,0.8723877725188471,0.2863847139703712,0.3022390362544115,1.0,0.0,0
-0.5715267310642037,-0.9977578400482815,0.2252348835766059,-0.7729959528967865,-0.36626618049267357,0.0,1.7417700788909365,-1.6273079741197531,0.9969174609162059,1.5665986829772471,1.5104285020770472,1.6215115856271138,1.3522505988295235,0.0,1.0,0
-0.4491740102865296,0.0077709891035539986,0.9652153947207874,0.06733534165336305,0.5086649283602045,0.0,1.282775394421357,-1.0477307417736565,-1.509474646981232,-0.638325571740905,1.191408137297947,1.6215115856271138,-1.496731822702948,1.0,0.0,0
0.2312788403542193,-1.4349442875056013,0.9742104824926177,1.5860063559006243,0.5799556113037723,0.0,0.3647860254821981,-0.004491723550682283,0.4956390393367183,-0.638325571740905,0.3406871645536805,0.2863847139703712,-0.38430698542931563,1.0,0.0,0
-0.5500613414540855,-1.5223815769970652,-1.681031794222873,-1.1476014697444452,-1.9722750660055892,0.0,-1.0121980279265403,-0.35223806295834037,-0.005639382242769227,-0.638325571740905,-1.041734416155753,-1.0487421576863714,-0.986411517815044,1.0,0.0,0
0.14541728191374634,-1.6535375112342612,1.3646895491005449,-1.0767301557462394,0.7906780292822534,0.0,-1.4711927123961197,1.734239973487608,0.4956390393367183,-0.638325571740905,-1.2544146593418195,-1.0487421576863714,0.12601331945858837,1.0,0.0,0
0.9009989961899091,1.1881743972383174,-0.5628731912014727,1.3430189936210641,0.3284091318945646,0.0,0.3647860254821981,-0.6999844023659983,0.9969174609162059,1.5665986829772471,0.23434704296064715,0.2863847139703712,1.2935086932309154,1.0,0.0,0
-0.5157167180778963,0.31380150232367787,0.4561088030535903,0.7557995347787915,0.13785646533512136,0.0,-0.5532033434569608,1.3864936340799499,0.4956390393367183,-0.638325571740905,-0.40369368659755284,-1.0487421576863714,0.9594141051388345,0.0,1.0,0
-0.6208971271674758,-0.5605713925909617,-0.17723763339376214,1.7378734573253527,-0.614299610105172,0.0,-1.4711927123961197,0.4591700623261951,-1.509474646981232,-0.638325571740905,-1.3607547809348528,-1.0487421576863714,-1.1222521745118244,1.0,0.0,0
1.894846535138385,-1.3912256427598693,0.9186254529282291,1.494886095045789,1.4846870736045987,0.0,1.282775394421357,-0.4681535094275597,0.9969174609162059,1.5665986829772471,1.191408137297947,1.6215115856271138,0.5335352895489293,1.0,0.0,0
-0.5908455817133101,-0.5168527478452297,0.7699374208707902,-0.4895106969039632,0.1585713451708909,0.0,-1.4711927123961197,0.34325461585697575,1.4981958824956936,1.5665986829772471,-1.467094902527886,-1.0487421576863714,0.6767186844455352,1.0,0.0,0
-0.3547262960020093,0.27008285757794587,0.9619095077619095,-1.5323314600204172,0.6175089022341138,0.0,-0.09420865898738136,1.2705781876107307,1.4981958824956936,1.5665986829772471,0.02166679977458048,0.2863847139703712,0.5665776114481458,0.0,1.0,1
-0.4985444063898017,-0.03594765564217798,0.6358567963060678,0.5330611193558574,0.21163051106601835,0.0,-0.09420865898738136,0.9228318482030725,-0.005639382242769227,-0.638325571740905,0.02166679977458048,0.2863847139703712,0.43073695475136586,0.0,1.0,0
0.0015991715259538967,-1.3912256427598693,-0.8967677740481409,0.37106954450281604,-1.0139998792169853,0.0,1.7417700788909365,-1.6273079741197531,0.9969174609162059,1.5665986829772471,1.5104285020770472,1.6215115856271138,0.7134323754446652,1.0,0.0,1
-0.5457682635320618,1.6253608446956371,0.4447304014276853,-1.2792196243125402,0.4026677362181113,0.0,0.3647860254821981,1.6183245270183886,0.4956390393367183,-0.638325571740905,0.5533674077397471,0.2863847139703712,-0.7514438954206134,0.0,1.0,1
-0.592992120674322,-0.12338494513364194,-0.729090112250171,-1.0969791026028692,-0.9364099345689728,0.0,-0.5532033434569608,0.8069164017338532,1.4981958824956936,1.5665986829772471,-0.5100338081905862,-1.0487421576863714,-0.5752181786247906,0.0,1.0,1
-0.5350355687270028,-0.12338494513364194,-0.02701197949498475,-2.09930197200606,-0.350578596055644,0.0,1.282775394421357,1.8501554199568273,0.4956390393367183,-0.638325571740905,1.5104285020770472,1.6215115856271138,1.029170118037181,0.0,1.0,0
0.8859732234628263,-1.0851951295397455,0.3151857612949115,0.6950526942088987,0.5077563809989866,0.0,0.8237807099517775,-1.6273079741197531,-1.509474646981232,-0.638325571740905,0.6597075293327804,0.2863847139703712,-0.9753974105153053,1.0,0.0,1
-0.49210478950676617,-0.42941545835376577,-0.1776989199461637,-1.5424559334487338,-0.5129057245932497,0.0,-0.5532033434569608,-0.12040717001990163,0.9969174609162059,1.5665986829772471,-0.6163739297836195,-1.0487421576863714,-1.4379899171043404,0.0,1.0,1
0.6992243338547975,-0.8666019058110855,1.508534072357767,1.7075000370404063,1.3909855557509885,0.0,1.7417700788909365,-0.4681535094275597,-1.0081962254017445,-0.638325571740905,1.7231087452631138,1.6215115856271138,-1.3865907497055587,1.0,0.0,1
-0.6488021336606294,1.6690794894413692,-1.2134409922718168,0.19895349622146163,-0.9521580888300839,0.0,-1.0121980279265403,-1.6273079741197531,1.4981958824956936,1.5665986829772471,-1.2544146593418195,-1.0487421576863714,1.3449078606296974,0.0,1.0,1
-0.06494353626541273,0.1826455680864819,1.2287637783262162,1.0494092641999277,0.971902942933192,0.0,-0.09420865898738136,0.11142372291853707,-0.005639382242769227,-0.638325571740905,-0.08467332181845284,0.2863847139703712,0.22514028515623902,1.0,0.0,0
-0.16153778951094486,0.5323947260523377,0.35370318842044235,0.06733534165336305,0.30551373839187235,0.0,0.3647860254821981,1.3864936340799499,-0.5069178038222568,-0.638325571740905,0.5533674077397471,0.2863847139703712,-1.309491998607386,1.0,0.0,0
-0.5028374843118253,0.6635506602895337,1.1676433101330086,-0.0440338660581022,0.7832279409202662,0.0,0.3647860254821981,-0.9318152953044371,-0.005639382242769227,-0.638325571740905,0.23434704296064715,0.2863847139703712,1.3302223842300454,1.0,0.0,1
-0.5543544193761091,0.4449574365608738,0.612254301041521,1.1304050516264468,0.26814215693377447,0.0,-1.4711927123961197,-1.163646188242876,-1.509474646981232,-0.638325571740905,-1.5734350241209194,-1.0487421576863714,1.3595933370293491,1.0,0.0,0
-0.3225282115868319,-0.2108222346251059,0.44050194136400417,1.535383988759052,0.11829241215689545,0.0,0.8237807099517775,-1.5113925276505338,-1.0081962254017445,-0.638325571740905,0.6597075293327804,0.2863847139703712,-0.7844862173198303,1.0,0.0,0
-0.14221893886183845,1.7127981341871013,-1.1416340522813064,-0.07440728634304498,-0.6000051316220097,0.0,-0.5532033434569608,-0.8158998488352177,1.4981958824956936,1.5665986829772471,-0.7227140513766528,-1.0487421576863714,-0.1860530540340147,1.0,0.0,0
-0.5178632570389081,0.7947065945267296,0.7846217094555736,0.6039324333540632,0.5020628175353538,0.0,0.8237807099517775,1.1546627411415114,-0.005639382242769227,-0.638325571740905,0.9787278941118804,0.2863847139703712,-0.4100065691287066,0.0,1.0,0
0.008038788408989429,0.8821438840181935,-0.1828499531146478,0.1787045493648319,0.05602663300142572,0.0,-1.0121980279265403,-0.8158998488352177,1.4981958824956936,1.5665986829772471,-1.1480745377487862,-1.0487421576863714,-0.7918289555196562,1.0,0.0,1
-0.6702675232707478,1.0132998182553896,0.16642084814540573,1.4037658341909534,-0.02253242883188555,0.0,-0.09420865898738136,-1.2795616347120953,0.9969174609162059,1.5665986829772471,-0.2973535650045195,0.2863847139703712,-0.9019700285170456,1.0,0.0,0
-0.6466555946996178,0.7947065945267296,0.3274867360256202,-1.0969791026028692,0.06923085465112659,0.0,0.8237807099517775,0.4591700623261951,0.4956390393367183,-0.638325571740905,0.8723877725188471,0.2863847139703712,-0.06856924283679941,0.0,1.0,0
-0.5457682635320618,1.3630489762212454,0.8429744583343717,-0.9349875277498279,0.658272393840759,0.0,1.282775394421357,1.6183245270183886,-0.5069178038222568,-0.638325571740905,1.5104285020770472,1.6215115856271138,-0.7661293718202652,0.0,1.0,0
-0.6810002180758069,0.27008285757794587,1.4195826488363315,-0.7122491123268974,0.7939487997826383,0.0,-0.09420865898738136,-1.3954770811813144,0.4956390393367183,-0.638325571740905,-0.2973535650045195,0.2863847139703712,1.2127385730328304,1.0,0.0,1
0.042383411785178585,-0.3419781688623018,1.1124426860289542,1.4037658341909534,0.8245365609436424,0.0,-0.09420865898738136,-0.8158998488352177,-0.5069178038222568,-0.638325571740905,-0.19101344341148618,0.2863847139703712,-1.1406090200113892,1.0,0.0,1
0.040236872824166804,-1.0414764847940134,-1.6864134706675578,0.9684134767734054,-1.536778030861789,0.0,-1.4711927123961197,-1.163646188242876,-1.509474646981232,-0.638325571740905,-1.5734350241209194,-1.0487421576863714,-0.615603238723833,1.0,0.0,1
-0.34399360119695016,0.9695811735096576,0.4177451381121932,-0.45913727661902043,0.3499114194433892,0.0,0.3647860254821981,0.9228318482030725,0.9969174609162059,1.5665986829772471,0.4470272861467138,0.2863847139703712,1.1466539292343967,1.0,0.0,0
-0.5565009583371209,-0.12338494513364194,-1.1863019667721915,1.282272153051175,-1.2760249381922397,0.0,-0.09420865898738136,-1.5113925276505338,-0.005639382242769227,-0.638325571740905,-0.2973535650045195,0.2863847139703712,1.4807485173264776,1.0,0.0,0
-0.4878117115847425,-0.3419781688623018,0.8187569143332896,0.2597003367913508,0.2939449019923642,0.0,1.282775394421357,-1.0477307417736565,-1.509474646981232,-0.638325571740905,1.191408137297947,1.6215115856271138,1.561518637524563,1.0,0.0,0
-0.16153778951094486,1.6253608446956371,-1.0604476190586305,0.5431855927841741,-0.5663283094328645,0.0,-0.09420865898738136,-1.5113925276505338,-0.005639382242769227,-0.638325571740905,-0.2973535650045195,0.2863847139703712,0.838258924841706,1.0,0.0,0
-0.6230436661284876,-0.2108222346251059,0.29204455258276624,0.674803747352269,-0.16826342557124366,0.0,-1.0121980279265403,-1.2795616347120953,-0.5069178038222568,-0.638325571740905,-1.1480745377487862,-1.0487421576863714,-0.8505708611182641,1.0,0.0,1
0.9546624702152048,0.1826455680864819,-1.6734205661082469,0.6241813802106929,-0.7391340175365172,0.0,1.282775394421357,1.2705781876107307,1.4981958824956936,1.5665986829772471,1.4040883804840139,1.6215115856271138,-1.3205061059071252,1.0,0.0,0
-0.4105363089883168,-1.2600697085226733,1.7128840150716618,-0.7021246388985807,0.8384676204823174,0.0,-0.5532033434569608,0.34325461585697575,-0.5069178038222568,-0.638325571740905,-0.5100338081905862,-1.0487421576863714,0.3022390362544115,1.0,0.0,1
-0.5736732700252155,-0.12338494513364194,-1.0848958063359135,-0.01366044577315582,-1.2058245120821334,0.0,0.8237807099517775,0.34325461585697575,-0.005639382242769227,-0.638325571740905,0.8723877725188471,0.2863847139703712,-0.6816878825222669,0.0,1.0,0
-0.5479148024930737,-1.3475069980141374,1.564195983014223,0.4115674382160755,0.62441386217937,0.0,0.8237807099517775,-0.35223806295834037,0.4956390393367183,-0.638325571740905,0.7660476509258137,0.2863847139703712,1.8295285818182103,0.0,1.0,1
-0.44273439340349413,-0.25454087937083786,-0.636140871941255,-0.5401330640455393,-0.8074567791001065,0.0,0.3647860254821981,-0.9318152953044371,-0.005639382242769227,-0.638325571740905,0.23434704296064715,0.2863847139703712,-0.6927019898220059,0.0,1.0,0
-0.2667181986005244,-1.3037883532684054,0.7584821381528183,1.3733924139060105,0.1580262167541598,0.0,1.282775394421357,1.6183245270183886,-0.5069178038222568,-0.638325571740905,1.5104285020770472,1.6215115856271138,-0.2484663287325353,1.0,0.0,0
1.4676852818970314,-0.5605713925909617,0.9616788644857085,1.2012763656246526,1.4616705404537442,0.0,-0.09420865898738136,1.1546627411415114,0.9969174609162059,1.5665986829772471,0.02166679977458048,0.2863847139703712,-0.7698007409201784,1.0,0.0,0
2.9101594636969783,-0.9103205505568176,-1.9514994761143254,0.6343058536390096,-0.09691217280359452,0.0,0.8237807099517775,-1.0477307417736565,0.9969174609162059,1.5665986829772471,0.6597075293327804,0.2863847139703712,0.761160173743534,1.0,0.0,0
-0.6101644323624166,-1.2163510637769415,0.21954568276365316,-0.4895106969039632,-0.44100934340886994,0.0,-0.09420865898738136,-1.2795616347120953,0.9969174609162059,1.5665986829772471,-0.2973535650045195,0.2863847139703712,1.781800783519342,1.0,0.0,0
3.8675158403082532,1.4942049104584412,-0.5899353356090312,-0.2971457017659791,2.0490766943931837,0.0,-1.4711927123961197,-0.8158998488352177,-0.005639382242769227,-0.638325571740905,-1.5734350241209194,-1.0487421576863714,-1.0928812217125206,1.0,0.0,0
-0.3397005232749265,0.31380150232367787,0.6888278687401815,1.0291603173432982,0.42053583432206415,0.0,0.3647860254821981,1.2705781876107307,-1.0081962254017445,-0.638325571740905,0.5533674077397471,0.2863847139703712,1.3559219679294363,1.0,0.0,1
-0.5393286466490264,0.4449574365608738,0.0065850577382628025,-0.05415833948641526,-0.2005471418065213,0.0,-1.0121980279265403,0.22733916938775642,-1.0081962254017445,-0.638325571740905,-0.9353942945627195,-1.0487421576863714,0.8713012467409234,1.0,0.0,0
0.3557781000929052,-1.2163510637769415,1.3313231551434983,0.4520653319293385,0.9800192993600727,0.0,1.7417700788909365,-1.5113925276505338,1.4981958824956936,1.5665986829772471,1.5104285020770472,1.6215115856271138,0.12601331945858837,1.0,0.0,0
-0.5672336531421801,0.3575201470694098,-1.9528064546794632,0.7760484816354212,-1.7793601763069795,0.0,0.8237807099517775,0.22733916938775642,-0.5069178038222568,-0.638325571740905,0.8723877725188471,0.2863847139703712,0.7207751136444911,1.0,0.0,1
-0.6015782765183694,0.31380150232367787,1.060471067791711,-1.1476014697444452,0.5655399931724474,0.0,0.8237807099517775,1.038747294672292,-0.5069178038222568,-0.638325571740905,0.9787278941118804,0.2863847139703712,-0.7000447280218318,0.0,1.0,0
-0.5436217245710501,1.0570184630011215,-0.674581417974719,0.6140569067823799,-0.6039421701872876,0.0,0.3647860254821981,-0.8158998488352177,0.4956390393367183,-0.638325571740905,0.23434704296064715,0.2863847139703712,-0.4063352000287934,0.0,1.0,0
0.15829651567981723,0.31380150232367787,-0.05784129741382279,0.13820665565156887,0.11332568658223692,0.0,0.8237807099517775,0.22733916938775642,-0.5069178038222568,-0.638325571740905,0.8723877725188471,0.2863847139703712,-0.2264381141330575,1.0,0.0,1
0.2505976910033257,-1.3037883532684054,0.35723971865552084,-1.1374769963161286,0.13385885694576274,0.0,-0.09420865898738136,-1.6273079741197531,-0.5069178038222568,-0.638325571740905,-0.2973535650045195,0.2863847139703712,-0.21542400683331842,1.0,0.0,0
-0.17227048431600406,0.7509879497809976,-0.7682225881122373,-0.8337427934666757,-0.5359828275681856,0.0,-0.5532033434569608,0.22733916938775642,-1.0081962254017445,-0.638325571740905,-0.5100338081905862,-1.0487421576863714,0.9814423197383126,1.0,0.0,1
-0.4491740102865296,1.2318930419840495,0.6400083752776821,0.5128121724992277,0.5238073843805036,0.0,-0.5532033434569608,-1.163646188242876,-0.005639382242769227,-0.638325571740905,-0.7227140513766528,-1.0487421576863714,-0.7734721100200912,0.0,1.0,1
2.1180865870836145,0.7509879497809976,-1.6169898445311217,1.3328945201927476,0.08788636046813456,0.0,1.282775394421357,1.038747294672292,0.4956390393367183,-0.638325571740905,1.4040883804840139,1.6215115856271138,1.4697344100267384,1.0,0.0,1
-0.6273367440505112,-0.2108222346251059,-0.9469711271678448,-2.0183061845795414,-1.1468295034270484,0.0,1.7417700788909365,-1.3954770811813144,-1.509474646981232,-0.638325571740905,1.6167686236700805,1.6215115856271138,-0.11629704113566816,0.0,1.0,0
-0.3718986076901039,-0.12338494513364194,1.080998319373581,-0.6616267451853213,0.6144198412059726,0.0,-1.4711927123961197,0.11142372291853707,0.4956390393367183,-0.638325571740905,-1.467094902527886,-1.0487421576863714,-0.5899036550244425,1.0,0.0,1
-0.6616813674267005,0.4886760813066058,-0.2192915907543717,-0.5300085906172263,-0.43785971255664785,0.0,-1.4711927123961197,-0.4681535094275597,1.4981958824956936,1.5665986829772471,-1.5734350241209194,-1.0487421576863714,1.6679883414220398,0.0,1.0,0
-0.5650871141811682,-0.9977578400482815,0.16426817756753195,1.778371351038612,-0.41066386154419043,0.0,-0.09420865898738136,-0.004491723550682283,-0.5069178038222568,-0.638325571740905,-0.08467332181845284,0.2863847139703712,-0.6119318696239203,1.0,0.0,0
0.040236872824166804,0.3575201470694098,-1.1018096465906377,1.0797826844848706,-0.7660875892526494,0.0,0.8237807099517775,1.038747294672292,-0.5069178038222568,-0.638325571740905,0.9787278941118804,0.2863847139703712,-0.953369195915827,1.0,0.0,1
-0.6230436661284876,-1.0414764847940134,0.3397108296642615,-0.9754854214630873,-0.3148423998477383,0.0,-1.0121980279265403,0.5750855087954145,0.4956390393367183,-0.638325571740905,-0.9353942945627195,-1.0487421576863714,1.1209543455350057,1.0,0.0,1
-0.5650871141811682,0.051489633849285975,0.16388377210719723,-0.02378491920147248,-0.1783785861928033,0.0,0.3647860254821981,0.9228318482030725,0.9969174609162059,1.5665986829772471,0.4470272861467138,0.2863847139703712,-1.4343185480044276,1.0,0.0,0
2.7319967299329972,1.4942049104584412,0.2091667353346177,0.674803747352269,2.0378107071140823,0.0,-1.0121980279265403,-0.6999844023659983,-1.509474646981232,-0.638325571740905,-1.041734416155753,-1.0487421576863714,0.900672199540227,1.0,0.0,1
0.42232080788427195,0.9258625287639255,-1.628675770525295,-0.4490128031907038,-0.8395587858631405,0.0,-0.5532033434569608,-1.3954770811813144,-1.0081962254017445,-0.638325571740905,-0.7227140513766528,-1.0487421576863714,1.3559219679294363,1.0,0.0,0
-0.642362516777594,0.31380150232367787,0.6420841647634891,0.4419408585010219,0.2129024773717237,0.0,-0.5532033434569608,-1.5113925276505338,-1.509474646981232,-0.638325571740905,-0.7227140513766528,-1.0487421576863714,0.4821361221501474,1.0,0.0,1
-0.4491740102865296,-0.7791646163196216,1.0274890792949989,-0.5198841171889096,0.3832853925121285,0.0,0.3647860254821981,0.5750855087954145,-0.5069178038222568,-0.638325571740905,0.4470272861467138,0.2863847139703712,1.756101199819951,1.0,0.0,0
0.8172839767104481,1.5379235552041732,1.38183403263147,1.059533737628241,1.8908077440690187,0.0,-0.09420865898738136,-0.35223806295834037,1.4981958824956936,1.5665986829772471,-0.19101344341148618,0.2863847139703712,0.6914041608451871,1.0,0.0,0
-0.5586474972981328,-0.8228832610653536,0.1524284893892249,-2.09930197200606,-0.3775927375958577,0.0,-0.09420865898738136,-0.23632261648912098,-1.509474646981232,-0.638325571740905,-0.08467332181845284,0.2863847139703712,1.131968452834745,0.0,1.0,1
0.1303915091866635,0.5323947260523377,0.26452112162280617,0.7355505879221582,0.40000266395853834,0.0,-1.4711927123961197,0.9228318482030725,0.4956390393367183,-0.638325571740905,-1.3607547809348528,-1.0487421576863714,-1.5297741446021649,1.0,0.0,1
1.2315659961857306,-0.29825952411656986,1.4472598419804257,1.1607784719113932,1.769122967489896,0.0,1.282775394421357,1.3864936340799499,-1.509474646981232,-0.638325571740905,1.5104285020770472,1.6215115856271138,-0.9827401487151312,1.0,0.0,0
5.018060723410592,0.051489633849285975,0.7461811634221096,-1.0564812088896098,3.4312195101019993,0.0,1.7417700788909365,-0.8158998488352177,0.9969174609162059,1.5665986829772471,1.6167686236700805,1.6215115856271138,0.2691967143551946,1.0,0.0,0
-0.28174397132760715,0.8384252392724616,-0.05399724281047639,0.6241813802106929,-0.01568803871071083,0.0,1.282775394421357,-1.2795616347120953,0.9969174609162059,1.5665986829772471,1.0850680157049137,1.6215115856271138,-1.015782470614348,1.0,0.0,0
0.13468458710868705,0.31380150232367787,0.706587401007642,1.0797826844848706,0.702246086123707,0.0,-0.5532033434569608,-1.6273079741197531,1.4981958824956936,1.5665986829772471,-0.8290541729696862,-1.0487421576863714,1.5064481010258686,1.0,0.0,0
0.928904002683063,-1.3475069980141374,0.39083675588876843,-0.5300085906172263,0.5334379864094135,0.0,-0.5532033434569608,1.734239973487608,-1.509474646981232,-0.638325571740905,-0.2973535650045195,-1.0487421576863714,0.8970008304403143,1.0,0.0,0
-0.3225282115868319,-0.9103205505568176,-1.9586494176765497,0.9380400564884626,-1.9269082677687732,0.0,-0.09420865898738136,0.5750855087954145,-1.509474646981232,-0.638325571740905,0.02166679977458048,0.2863847139703712,-0.7441011572207874,1.0,0.0,0
2.3434731779898565,-1.4786629322513334,0.21055059499182247,-0.8641162137516221,1.1606385147701994,0.0,-1.4711927123961197,1.038747294672292,0.9969174609162059,1.5665986829772471,-1.3607547809348528,-1.0487421576863714,0.1517129031579793,1.0,0.0,1
-0.6187505882064639,1.6253608446956371,0.3504741825536312,-0.9552364746064576,0.28722165151935125,0.0,0.8237807099517775,-0.6999844023659983,-1.0081962254017445,-0.638325571740905,0.7660476509258137,0.2863847139703712,-0.9056413976169587,0.0,1.0,0
-0.6316298219725348,-0.29825952411656986,-0.7466958823334974,-0.35789254233586826,-1.010850248364763,0.0,-0.09420865898738136,1.038747294672292,0.4956390393367183,-0.638325571740905,0.02166679977458048,0.2863847139703712,-0.2961941270314041,0.0,1.0,0
-0.4878117115847425,-1.2600697085226733,1.2234589829735982,1.798620297895242,0.40926984704296143,0.0,-0.09420865898738136,-0.5840689558967791,0.4956390393367183,-0.638325571740905,-0.19101344341148618,0.2863847139703712,1.513790839225694,1.0,0.0,1
1.259471002678884,0.09520827859501796,-0.9790305425597537,0.5533100662124871,-0.0394314097505396,0.0,1.282775394421357,0.5750855087954145,-1.509474646981232,-0.638325571740905,1.4040883804840139,1.6215115856271138,0.23615439245597772,1.0,0.0,0
-0.6208971271674758,-0.8666019058110855,-0.3621366598147237,-0.5401330640455393,-0.8278082399913884,0.0,1.282775394421357,-1.0477307417736565,-1.509474646981232,-0.638325571740905,1.191408137297947,1.6215115856271138,0.5996199333473627,0.0,1.0,0
0.10892611957654522,-1.740974800725725,-0.14264114196364455,-1.1273525228878156,-0.4368300255472671,0.0,0.8237807099517775,0.6910009552646338,1.4981958824956936,1.5665986829772471,0.8723877725188471,0.2863847139703712,-0.9460264577160011,1.0,0.0,1
-0.6616813674267005,1.0570184630011215,1.1516520429830877,0.4014429647877624,0.7682066245481299,0.0,-1.4711927123961197,-1.6273079741197531,-0.005639382242769227,-0.638325571740905,-1.6797751457139527,-1.0487421576863714,-0.7514438954206134,0.0,1.0,0
-0.6745606011927714,-0.7354459715738897,1.1352763703728321,0.35082059764618634,0.3506988271564449,0.0,-0.5532033434569608,1.8501554199568273,-1.0081962254017445,-0.638325571740905,-0.2973535650045195,-1.0487421576863714,1.3118655387304807,0.0,1.0,0
-0.5457682635320618,0.2263642128322139,-0.20276215595998215,1.424014781047583,-0.41756882148944713,0.0,0.3647860254821981,-1.163646188242876,-1.0081962254017445,-0.638325571740905,0.23434704296064715,0.2863847139703712,-1.147951758211215,1.0,0.0,0
-0.5092771011948608,-0.9977578400482815,1.5986387122602068,0.5634345396408038,0.7508836548609076,0.0,0.8237807099517775,1.734239973487608,-1.0081962254017445,-0.638325571740905,1.0850680157049137,0.2863847139703712,1.6239319122230835,0.0,1.0,0
-0.4277086206764114,-1.4786629322513334,1.3367048315881833,-0.5401330640455393,0.4839524401350764,0.0,0.8237807099517775,-0.4681535094275597,-0.005639382242769227,-0.638325571740905,0.7660476509258137,0.2863847139703712,0.23615439245597772,1.0,0.0,1
-0.5028374843118253,0.3575201470694098,-1.9315872732689912,0.36094507107450297,-1.726301010411852,0.0,1.282775394421357,0.6910009552646338,-1.0081962254017445,-0.638325571740905,1.4040883804840139,1.6215115856271138,0.4417510620511046,0.0,1.0,0
0.22698576243219573,-0.7354459715738897,1.0205697810089756,1.7581224041819825,0.7691151719093479,0.0,-0.09420865898738136,-0.12040717001990163,-1.0081962254017445,-0.638325571740905,-0.08467332181845284,0.2863847139703712,-0.41367793822861937,1.0,0.0,1
-0.6080178934014048,-0.12338494513364194,-0.8390300739058778,0.11795770879493915,-1.0315045583764508,0.0,-1.0121980279265403,0.5750855087954145,0.4956390393367183,-0.638325571740905,-0.9353942945627195,-1.0487421576863714,-0.7844862173198303,1.0,0.0,0
-0.592992120674322,-0.07966630038790996,-1.3336830202644923,-1.167850416601075,-1.403039859290508,0.0,0.3647860254821981,-1.2795616347120953,-1.509474646981232,-0.638325571740905,0.23434704296064715,0.2863847139703712,1.4770771482265648,0.0,1.0,1
-0.6144575102844403,0.9258625287639255,1.369917463361096,-1.8056922425849238,0.9377415621513977,0.0,0.8237807099517775,-0.004491723550682283,-1.509474646981232,-0.638325571740905,0.8723877725188471,0.2863847139703712,1.2898373241310026,0.0,1.0,1
0.8838266845018145,0.4012387918151418,-0.9841046946361709,-0.6616267451853213,-0.187585199453145,0.0,-0.09420865898738136,-1.3954770811813144,0.4956390393367183,-0.638325571740905,-0.2973535650045195,0.2863847139703712,0.36098094185301893,1.0,0.0,1
-0.16153778951094486,-1.3475069980141374,0.6489265819574459,-0.5097596437605929,0.12138147318503612,0.0,1.282775394421357,1.5024090805491692,-1.0081962254017445,-0.638325571740905,1.5104285020770472,1.6215115856271138,0.5996199333473627,1.0,0.0,1
-0.05635738042136542,1.1444557524925854,-0.23728176629803288,1.8188692447518715,0.03494833422116936,0.0,-1.0121980279265403,-0.4681535094275597,-0.5069178038222568,-0.638325571740905,-1.041734416155753,-1.0487421576863714,1.778129414419429,1.0,0.0,0
-0.4405878544424823,0.2263642128322139,-0.10819841271766069,0.10783323536662609,-0.2837095102700037,0.0,0.3647860254821981,1.2705781876107307,-1.0081962254017445,-0.638325571740905,0.5533674077397471,0.2863847139703712,-0.5421758567255738,0.0,1.0,0
-0.5758198089862274,0.27008285757794587,-0.801358338793083,-0.8641162137516221,-0.8964338506753834,0.0,-0.5532033434569608,-0.9318152953044371,0.9969174609162059,1.5665986829772471,-0.7227140513766528,-1.0487421576863714,-0.9019700285170456,0.0,1.0,0
-0.5822594258692628,1.0570184630011215,-1.9462715618537743,-1.0868546291745524,-1.6276327669835833,0.0,-1.4711927123961197,1.2705781876107307,-1.509474646981232,-0.638325571740905,-1.2544146593418195,-1.0487421576863714,0.555563504148407,0.0,1.0,0
0.718543184503904,0.4012387918151418,0.8528921192110056,-0.9451120011781445,1.166392648057913,0.0,-0.09420865898738136,0.4591700623261951,1.4981958824956936,1.5665986829772471,-0.08467332181845284,0.2863847139703712,1.8075003672187329,1.0,0.0,0
-0.5886990427522983,-0.8228832610653536,1.5008459631510742,-1.2589706774559106,0.6677818562215067,0.0,-0.09420865898738136,0.11142372291853707,-0.005639382242769227,-0.638325571740905,-0.08467332181845284,0.2863847139703712,-0.9019700285170456,0.0,1.0,0
0.38797618450808274,-0.6917273268281576,0.19010022450201985,-0.05415833948641526,0.2153858401590524,0.0,0.8237807099517775,-0.9318152953044371,1.4981958824956936,1.5665986829772471,0.6597075293327804,0.2863847139703712,0.772174281043273,1.0,0.0,1
5.176904606525468,-0.9103205505568176,1.1065997230318678,0.3103227039329269,3.591608404269006,0.0,-1.0121980279265403,0.22733916938775642,-1.0081962254017445,-0.638325571740905,-0.9353942945627195,-1.0487421576863714,0.8970008304403143,1.0,0.0,0
4.187350145499015,-0.6042900373366937,0.23484502008497188,0.8772932159185698,2.4141915939546346,0.0,-0.5532033434569608,0.8069164017338532,1.4981958824956936,1.5665986829772471,-0.5100338081905862,-1.0487421576863714,0.5959485642474499,1.0,0.0,1
-0.29033012717165446,-1.3475069980141374,-1.6716523009907076,0.3103227039329269,-1.779541885779223,0.0,0.8237807099517775,-0.12040717001990163,1.4981958824956936,1.5665986829772471,0.7660476509258137,0.2863847139703712,-1.5591450974014687,1.0,0.0,0
-0.41482938691034044,1.2318930419840495,1.0429421788004518,0.2900737570762972,0.8606361760960349,0.0,-1.0121980279265403,-0.23632261648912098,0.4956390393367183,-0.638325571740905,-1.041734416155753,-1.0487421576863714,-0.7000447280218318,1.0,0.0,1
0.09390034684946247,-0.8228832610653536,1.5689626107223724,-1.046356735461293,1.1066708015138536,0.0,1.282775394421357,1.6183245270183886,-0.5069178038222568,-0.638325571740905,1.5104285020770472,1.6215115856271138,0.397694632852149,1.0,0.0,0
1.012619022162524,-0.3419781688623018,-0.7529232507909186,-0.9856098948914039,-0.09751787104440647,0.0,1.282775394421357,-0.12040717001990163,-1.0081962254017445,-0.638325571740905,1.2977482588909803,1.6215115856271138,0.17006974865754435,1.0,0.0,0
0.5146219832077804,1.6690794894413692,0.5949560553264622,0.36094507107450297,1.1291422062479775,0.0,-1.0121980279265403,-1.163646188242876,-0.005639382242769227,-0.638325571740905,-1.1480745377487862,-1.0487421576863714,-0.8725990757177419,1.0,0.0,0
-0.5908455817133101,0.9695811735096576,-0.6551305016817862,0.12808218222325582,-0.6346510709964539,0.0,0.3647860254821981,0.4591700623261951,-1.0081962254017445,-0.638325571740905,0.4470272861467138,0.2863847139703712,1.256795002231786,0.0,1.0,0
0.5489666065839697,-0.03594765564217798,-0.21713892017649772,1.5050105684741055,0.13076979591762153,0.0,-1.0121980279265403,1.2705781876107307,-0.005639382242769227,-0.638325571740905,-0.8290541729696862,-1.0487421576863714,0.36098094185301893,1.0,0.0,0
1.2444452299518012,1.5816421999499053,0.8773403064882888,0.7659240082071046,1.7441076301443619,0.0,-1.4711927123961197,-1.5113925276505338,0.4956390393367183,-0.638325571740905,-1.6797751457139527,-1.0487421576863714,-1.2140364020096488,1.0,0.0,0
-0.5522078804150974,0.8384252392724616,-0.8768555712028065,-1.0058588417480336,-0.8166028225363671,0.0,1.282775394421357,0.4591700623261951,1.4981958824956936,1.5665986829772471,1.2977482588909803,1.6215115856271138,-0.9643833032155662,0.0,1.0,0
-0.5414751856100382,-0.47313410309949777,-1.3287626303722089,-0.4388883297623907,-1.4573104216672597,0.0,1.7417700788909365,-0.9318152953044371,0.4956390393367183,-0.638325571740905,1.6167686236700805,1.6215115856271138,-1.2617642003085174,0.0,1.0,0
1.9699753987737987,-0.6480086820824257,-0.8131980269713901,-0.7122491123268974,0.32744001470926526,0.0,-0.5532033434569608,1.3864936340799499,0.4956390393367183,-0.638325571740905,-0.40369368659755284,-1.0487421576863714,-0.6376314533233113,1.0,0.0,0
-0.6831467570368187,-0.47313410309949777,-0.4683863290512183,0.07745981508167972,-0.8594256881617727,0.0,0.8237807099517775,-1.5113925276505338,-1.0081962254017445,-0.638325571740905,0.6597075293327804,0.2863847139703712,-0.17136757763436283,0.0,1.0,0
0.3386057884048106,0.0077709891035539986,0.14043503902678411,-0.06428281291473192,0.3034543643731119,0.0,1.282775394421357,1.3864936340799499,-1.509474646981232,-0.638325571740905,1.5104285020770472,1.6215115856271138,-1.4159617025048625,1.0,0.0,1
-0.5200097959999199,-1.740974800725725,-0.07460137548441313,1.7176245104687229,-0.7381649003512181,0.0,-1.4711927123961197,-0.4681535094275597,1.4981958824956936,1.5665986829772471,-1.5734350241209194,-1.0487421576863714,0.8859867231405751,1.0,0.0,0
-0.5328890297659908,-1.0851951295397455,-0.7659161553502294,0.32044717736123995,-1.1447095595842065,0.0,1.282775394421357,-1.5113925276505338,-0.005639382242769227,-0.638325571740905,1.0850680157049137,1.6215115856271138,-1.158965865510954,1.0,0.0,1
-0.4577601661305769,1.4942049104584412,-1.3763520263616371,-1.1071035760311858,-1.011455946605575,0.0,-1.0121980279265403,-0.35223806295834037,-0.005639382242769227,-0.638325571740905,-1.041734416155753,-1.0487421576863714,-0.21909537593323158,1.0,0.0,1
-0.1400723999008266,-0.5168527478452297,-1.8010431789393473,-0.15540307376956747,-1.6125508807873654,0.0,-1.0121980279265403,-1.0477307417736565,0.4956390393367183,-0.638325571740905,-1.1480745377487862,-1.0487421576863714,-1.2617642003085174,1.0,0.0,0
0.44593273645540193,0.2263642128322139,-1.2106732729574077,0.12808218222325582,-0.6519740406836759,0.0,-0.5532033434569608,1.8501554199568273,-1.0081962254017445,-0.638325571740905,-0.2973535650045195,-1.0487421576863714,0.9777709506383999,1.0,0.0,0
-0.5607940362591447,1.4067676209669773,-0.07075732088106673,-0.9653609480347742,-0.06038856888263313,0.0,0.3647860254821981,-1.5113925276505338,0.9969174609162059,1.5665986829772471,0.1280069213676138,0.2863847139703712,1.2751518477313508,1.0,0.0,1
-0.2645716596395125,0.7072693050352656,0.95814233425063,0.14833112907988552,0.7623313516122534,0.0,0.3647860254821981,0.34325461585697575,-1.509474646981232,-0.638325571740905,0.4470272861467138,0.2863847139703712,-0.32923644893062093,1.0,0.0,0
-0.6230436661284876,1.1444557524925854,1.2024704448393273,-0.7021246388985807,0.8494307586410136,0.0,1.282775394421357,1.038747294672292,0.4956390393367183,-0.638325571740905,1.4040883804840139,1.6215115856271138,-0.002484599038365633,0.0,1.0,1
-0.12504662717374385,-0.03594765564217798,-0.0035632464145716348,1.7378734573253527,-0.08134572801472721,0.0,0.3647860254821981,1.3864936340799499,-0.5069178038222568,-0.638325571740905,0.5533674077397471,0.2863847139703712,1.1539966674342224,1.0,0.0,0
-0.1486585557448739,-0.6042900373366937,-1.132485202325342,-0.10478070662799135,-1.1100636202097622,0.0,-0.5532033434569608,1.8501554199568273,-1.0081962254017445,-0.638325571740905,-0.2973535650045195,-1.0487421576863714,-0.7367584190209615,1.0,0.0,1
-0.1400723999008266,-0.3856968136080338,0.026958547135998535,-0.3376435954792385,-0.14330865804979095,0.0,-1.0121980279265403,-0.12040717001990163,0.9969174609162059,1.5665986829772471,-1.041734416155753,-1.0487421576863714,1.4256779808277829,1.0,0.0,1
0.5038892884027214,-0.6480086820824257,-0.6645868760060183,-0.0946562331996783,-0.38286231229092166,0.0,-1.0121980279265403,0.4591700623261951,-0.005639382242769227,-0.638325571740905,-0.9353942945627195,-1.0487421576863714,-0.6339600842233981,1.0,0.0,0
-0.605871354440393,1.1444557524925854,0.4066742608545556,1.2923966264794882,0.23216368142954416,0.0,-0.5532033434569608,-0.004491723550682283,1.4981958824956936,1.5665986829772471,-0.6163739297836195,-1.0487421576863714,1.194381727533265,1.0,0.0,0
-0.4470274713255178,-0.29825952411656986,0.2965805370147148,0.5128121724992277,-0.08473763816327441,0.0,-1.4711927123961197,1.1546627411415114,1.4981958824956936,1.5665986829772471,-1.3607547809348528,-1.0487421576863714,1.220081311232656,1.0,0.0,0
-0.1379258609398148,-0.5605713925909617,1.1714104836442882,0.35082059764618634,0.7207804522925533,0.0,-1.4711927123961197,0.8069164017338532,-0.005639382242769227,-0.638325571740905,-1.3607547809348528,-1.0487421576863714,0.4087087401518877,1.0,0.0,1
1.8690880676062427,1.4504862657127093,-1.5876212673615553,0.4520653319293385,0.12556079104663898,0.0,0.8237807099517775,-1.163646188242876,0.4956390393367183,-0.638325571740905,0.6597075293327804,0.2863847139703712,-0.6596596679227891,1.0,0.0,0
0.04667648970720224,-1.5661002217427973,-0.6463660571861564,0.9684134767734054,-0.8300493234823925,0.0,1.282775394421357,0.8069164017338532,-0.5069178038222568,-0.638325571740905,1.4040883804840139,1.6215115856271138,0.29489629805458556,1.0,0.0,0
-0.5715267310642037,0.1826455680864819,1.0498614770864751,0.3305716507895566,0.5450673926330031,0.0,0.3647860254821981,0.34325461585697575,-1.509474646981232,-0.638325571740905,0.4470272861467138,0.2863847139703712,0.39402326375223584,0.0,1.0,0
-0.6595348284656887,-1.3475069980141374,1.2816579696682626,0.09770876193830944,0.3388271416365302,0.0,-0.09420865898738136,-0.8158998488352177,-0.5069178038222568,-0.638325571740905,-0.19101344341148618,0.2863847139703712,1.1650107747339613,1.0,0.0,1
1.7274164961794622,0.1826455680864819,-0.7267067983960962,1.5556329356156817,0.4428255295839439,0.0,-0.5532033434569608,-0.9318152953044371,0.9969174609162059,1.5665986829772471,-0.7227140513766528,-1.0487421576863714,-0.7073874662216578,1.0,0.0,0
2.9015733078529315,-0.9977578400482815,0.2173161310937121,1.535383988759052,1.5875346348944699,0.0,-1.4711927123961197,1.1546627411415114,1.4981958824956936,1.5665986829772471,-1.3607547809348528,-1.0487421576863714,1.7671153071196901,1.0,0.0,0
0.16473613256285274,-0.9103205505568176,-0.6196114371468655,-0.0440338660581022,-0.59697664041795,0.0,0.3647860254821981,1.5024090805491692,-0.005639382242769227,-0.638325571740905,0.5533674077397471,0.2863847139703712,0.11867058125876243,1.0,0.0,0
-0.21305472457522875,0.8384252392724616,-0.8181952979557405,1.4645126747608461,-0.5789874026658348,0.0,1.282775394421357,-0.4681535094275597,0.9969174609162059,1.5665986829772471,1.191408137297947,1.6215115856271138,-1.5664878356012946,1.0,0.0,0
-0.6380694388555704,-0.3856968136080338,1.1923990217785596,-0.4388883297623907,0.49382532146031144,0.0,-1.4711927123961197,0.11142372291853707,0.4956390393367183,-0.638325571740905,-1.467094902527886,-1.0487421576863714,-0.7404297881208747,0.0,1.0,0
-0.5543544193761091,1.4504862657127093,-0.925290659204971,-0.4895106969039632,-0.7202968022472652,0.0,-1.4711927123961197,-1.2795616347120953,1.4981958824956936,1.5665986829772471,-1.6797751457139527,-1.0487421576863714,-0.09426882653619036,0.0,1.0,1
-0.6530952115826532,0.2263642128322139,0.9430736402055122,1.6872510901837765,0.42459401253550416,0.0,-1.0121980279265403,-0.9318152953044371,0.9969174609162059,1.5665986829772471,-1.1480745377487862,-1.0487421576863714,-1.0745243762129555,1.0,0.0,1
-0.6294832830115231,1.1881743972383174,-1.6331348738651768,0.16858007593651525,-1.3785090805376234,0.0,1.282775394421357,1.6183245270183886,-0.5069178038222568,-0.638325571740905,1.5104285020770472,1.6215115856271138,0.8602871394411842,1.0,0.0,1
0.13897766503071082,1.2318930419840495,-1.594386803463445,1.4847616216174757,-0.904610776926345,0.0,-0.09420865898738136,0.4591700623261951,1.4981958824956936,1.5665986829772471,-0.08467332181845284,0.2863847139703712,-0.9643833032155662,1.0,0.0,0
-0.5629405752201564,-0.12338494513364194,1.1784066630223784,-0.38826596262081464,0.5833475214523189,0.0,-1.0121980279265403,-0.35223806295834037,-0.005639382242769227,-0.638325571740905,-1.041734416155753,-1.0487421576863714,0.7244464827444039,0.0,1.0,1
-0.5994317375573575,-0.6042900373366937,0.25321960108896757,0.05721086822505,-0.272746372111307,0.0,0.8237807099517775,1.3864936340799499,0.9969174609162059,1.5665986829772471,0.9787278941118804,0.2863847139703712,-0.09794019563610314,0.0,1.0,1
-0.039185068733270795,-0.1671035898793739,1.5892592190280412,1.6568776698988301,1.192922231005477,0.0,0.8237807099517775,1.2705781876107307,0.4956390393367183,-0.638325571740905,0.9787278941118804,0.2863847139703712,0.8970008304403143,1.0,0.0,0
-0.20446856873118144,1.0570184630011215,1.6549156716531979,1.4442637279042163,1.422724143569535,0.0,-1.4711927123961197,1.8501554199568273,0.9969174609162059,1.5665986829772471,-1.2544146593418195,-1.0487421576863714,-0.40266383092888025,1.0,0.0,0
-0.48995825054575437,-1.5661002217427973,0.9041718076196467,-0.8641162137516221,0.08867376818119022,0.0,0.3647860254821981,0.5750855087954145,-0.5069178038222568,-0.638325571740905,0.4470272861467138,0.2863847139703712,1.5174622083256075,0.0,1.0,0
1.5492537624154805,-0.8666019058110855,0.6224794862864224,-0.560382010902169,1.1726313399382764,0.0,1.282775394421357,-0.23632261648912098,-1.509474646981232,-0.638325571740905,1.2977482588909803,1.6215115856271138,-0.7441011572207874,1.0,0.0,0
-0.5114236401558726,0.5761133707980697,-0.4903743213823596,-0.1959009674828269,-0.5472488148472877,0.0,-1.0121980279265403,-1.3954770811813144,-1.0081962254017445,-0.638325571740905,-1.1480745377487862,-1.0487421576863714,1.7707866762196027,0.0,1.0,0
-0.5414751856100382,1.5379235552041732,-0.14794593731626257,1.8188692447518715,-0.08122458836656493,0.0,-0.5532033434569608,0.8069164017338532,1.4981958824956936,1.5665986829772471,-0.5100338081905862,-1.0487421576863714,0.1333560576584143,1.0,0.0,0
-0.6380694388555704,0.7072693050352656,-0.14264114196364455,-2.0689285517211173,-0.3156903773848748,0.0,-0.09420865898738136,-1.2795616347120953,0.9969174609162059,1.5665986829772471,-0.2973535650045195,0.2863847139703712,1.0732265472361366,0.0,1.0,1
0.2505976910033257,0.31380150232367787,-1.6119925735467717,0.8165463753486807,-1.0590032585093139,0.0,-0.5532033434569608,0.5750855087954145,0.4956390393367183,-0.638325571740905,-0.5100338081905862,-1.0487421576863714,1.0254987489372682,1.0,0.0,0
-0.6230436661284876,-0.9103205505568176,0.3567784321031197,-0.8641162137516221,-0.2723223833427387,0.0,0.8237807099517775,0.9228318482030725,-1.0081962254017445,-0.638325571740905,0.9787278941118804,0.2863847139703712,0.03790046106067718,0.0,1.0,1
-0.6101644323624166,0.3575201470694098,-0.5617968559125356,0.6646792739239524,-0.7076982788383763,0.0,0.8237807099517775,0.9228318482030725,-1.0081962254017445,-0.638325571740905,0.9787278941118804,0.2863847139703712,1.2127385730328304,1.0,0.0,0
-0.21305472457522875,1.7127981341871013,1.1119813994765526,-0.9349875277498279,1.135502037776503,0.0,-0.5532033434569608,-0.8158998488352177,1.4981958824956936,1.5665986829772471,-0.7227140513766528,-1.0487421576863714,-0.17136757763436283,1.0,0.0,0
-0.3740451466511157,1.2756116867297813,-0.9244449671922349,0.9684134767734054,-0.6566379171379282,0.0,0.8237807099517775,-1.2795616347120953,-0.005639382242769227,-0.638325571740905,0.6597075293327804,0.2863847139703712,-1.324177475007038,1.0,0.0,0
-0.5178632570389081,-0.6042900373366937,1.3257877165146794,-1.906936976868076,0.6182963099471696,0.0,-0.09420865898738136,-0.12040717001990163,-1.0081962254017445,-0.638325571740905,-0.08467332181845284,0.2863847139703712,0.05992867566015498,0.0,1.0,0
-0.6337763609335467,0.7072693050352656,0.9456107162437207,-1.481709092878841,0.5440982754477043,0.0,1.282775394421357,-1.0477307417736565,-1.509474646981232,-0.638325571740905,1.191408137297947,1.6215115856271138,1.194381727533265,0.0,1.0,1
0.2892353923015387,0.0077709891035539986,0.5164604603261289,-1.1273525228878156,0.5718392548768916,0.0,0.3647860254821981,-1.3954770811813144,1.4981958824956936,1.5665986829772471,0.1280069213676138,0.2863847139703712,-1.4306471789045145,1.0,0.0,1
0.5790181520381352,-0.6917273268281576,0.14420221253806367,0.5533100662124871,0.28703994204710753,0.0,-0.5532033434569608,0.4591700623261951,-0.005639382242769227,-0.638325571740905,-0.5100338081905862,-1.0487421576863714,0.3462954654533671,1.0,0.0,0
-0.6852932959978305,1.6690794894413692,1.1268963313375366,0.2293269165064044,0.8710541858380005,0.0,-0.5532033434569608,0.22733916938775642,-1.0081962254017445,-0.638325571740905,-0.5100338081905862,-1.0487421576863714,-0.2374522214327962,0.0,1.0,1
-0.6831467570368187,-1.0851951295397455,-1.943350080355231,-0.25664780805271603,-2.1571341691013997,0.0,-1.4711927123961197,-1.163646188242876,-1.509474646981232,-0.638325571740905,-1.5734350241209194,-1.0487421576863714,0.6877327917452742,0.0,1.0,0
-0.580112886908251,-1.1726324190312094,-0.8501778322555825,0.5229366459275443,-1.2571271530789063,0.0,-0.09420865898738136,1.734239973487608,-0.005639382242769227,-0.638325571740905,0.1280069213676138,0.2863847139703712,1.1686821438338741,1.0,0.0,1
0.7507412689190813,-0.3419781688623018,-1.9404285988566876,1.6973755636120933,-1.1808697445606806,0.0,-0.09420865898738136,-0.6999844023659983,-0.005639382242769227,-0.638325571740905,-0.19101344341148618,0.2863847139703712,-0.29986549613131724,1.0,0.0,0
-0.5092771011948608,0.0077709891035539986,-0.6902651607563722,-1.1880993634577048,-0.8295041950656616,0.0,0.8237807099517775,-1.6273079741197531,-1.509474646981232,-0.638325571740905,0.6597075293327804,0.2863847139703712,-1.335191582306777,0.0,1.0,0
0.905292074111933,-1.0851951295397455,0.3058062680627461,1.6265042496138875,0.5112694307956955,0.0,1.282775394421357,0.8069164017338532,-0.5069178038222568,-0.638325571740905,1.4040883804840139,1.6215115856271138,0.012200877361286229,1.0,0.0,0
-0.3633124518460566,1.2756116867297813,-1.9164416981318062,-0.18577649405451382,-1.432113374849482,0.0,-1.0121980279265403,-0.6999844023659983,-1.509474646981232,-0.638325571740905,-1.041734416155753,-1.0487421576863714,-1.500403191802861,1.0,0.0,0
-0.3976570752222458,-0.07966630038790996,-1.353441460925693,-1.6234517208752528,-1.3083692242515985,0.0,1.282775394421357,-0.9318152953044371,-1.0081962254017445,-0.638325571740905,1.191408137297947,1.6215115856271138,1.6643169723221263,0.0,1.0,0
-0.38048476353415117,0.8384252392724616,-0.6970306968582619,-1.9373103971530188,-0.5780182854805355,0.0,0.3647860254821981,1.2705781876107307,-1.0081962254017445,-0.638325571740905,0.5533674077397471,0.2863847139703712,0.3830091564524971,0.0,1.0,0
-0.6702675232707478,0.4012387918151418,-0.7932858241260557,-1.5627048803053636,-0.9143019487793362,0.0,0.8237807099517775,0.6910009552646338,1.4981958824956936,1.5665986829772471,0.8723877725188471,0.2863847139703712,-0.68535925162218,0.0,1.0,1
1.7639076585166633,1.4067676209669773,0.05440509700389176,1.424014781047583,1.350161494320262,0.0,0.8237807099517775,0.22733916938775642,-0.5069178038222568,-0.638325571740905,0.8723877725188471,0.2863847139703712,-1.6656148012989451,1.0,0.0,0
-0.5565009583371209,-0.8666019058110855,0.4135935591405794,-0.38826596262081464,-0.18031682056340148,0.0,-0.09420865898738136,-1.2795616347120953,0.9969174609162059,1.5665986829772471,-0.2973535650045195,0.2863847139703712,-0.6816878825222669,0.0,1.0,0
-0.6466555946996178,-1.2600697085226733,0.7016670111153582,-0.5300085906172263,-0.09146088863628686,0.0,1.282775394421357,0.34325461585697575,0.9969174609162059,1.5665986829772471,1.2977482588909803,1.6215115856271138,-0.7147302044214837,1.0,0.0,1
2.10091427539552,-0.2108222346251059,0.21208821683316093,1.0392847907716112,1.30600609256507,0.0,0.8237807099517775,-0.5840689558967791,-0.5069178038222568,-0.638325571740905,0.7660476509258137,0.2863847139703712,-1.518760037302426,1.0,0.0,1
0.9739813208643111,-0.8228832610653536,0.9579885720664962,0.12808218222325582,1.1219949670063962,0.0,0.3647860254821981,-1.2795616347120953,-1.509474646981232,-0.638325571740905,0.23434704296064715,0.2863847139703712,-1.5738305738011207,1.0,0.0,0
-0.5178632570389081,0.1826455680864819,-0.11427201899094815,0.07745981508167972,-0.3417959715638706,0.0,-1.4711927123961197,-0.8158998488352177,-0.005639382242769227,-0.638325571740905,-1.5734350241209194,-1.0487421576863714,-0.9129841358167846,0.0,1.0,0
-0.4878117115847425,-0.6917273268281576,1.1785604252065125,0.36094507107450297,0.4998823038684311,0.0,-1.0121980279265403,-0.12040717001990163,0.9969174609162059,1.5665986829772471,-1.041734416155753,-1.0487421576863714,1.220081311232656,0.0,1.0,0
-0.2645716596395125,-0.1671035898793739,1.2929594902021013,-0.14527860034125079,0.832289498426035,0.0,-0.09420865898738136,-0.12040717001990163,-1.0081962254017445,-0.638325571740905,-0.08467332181845284,0.2863847139703712,1.6422887577226488,1.0,0.0,0
-0.5393286466490264,-1.5223815769970652,1.2898842465194238,-0.01366044577315582,0.37438162837219224,0.0,-1.0121980279265403,0.5750855087954145,0.4956390393367183,-0.638325571740905,-0.9353942945627195,-1.0487421576863714,0.9300431523395307,0.0,1.0,0
0.10463304165452156,1.4942049104584412,-0.04899997182612625,0.36094507107450297,0.3516679443417437,0.0,0.8237807099517775,-1.2795616347120953,-0.005639382242769227,-0.638325571740905,0.6597075293327804,0.2863847139703712,-1.324177475007038,1.0,0.0,0
-0.6573882895046768,0.5761133707980697,-0.710869293430309,-1.167850416601075,-0.8033380310625851,0.0,-1.0121980279265403,-1.6273079741197531,1.4981958824956936,1.5665986829772471,-1.2544146593418195,-1.0487421576863714,-0.6890306207220928,1.0,0.0,0
-0.42341554275438775,1.2318930419840495,-0.9270589243225105,0.4014429647877624,-0.6962505820870302,0.0,-1.0121980279265403,-1.0477307417736565,0.4956390393367183,-0.638325571740905,-1.1480745377487862,-1.0487421576863714,-0.039198290037495684,0.0,1.0,0
-0.27315781548355983,1.4504862657127093,1.2851176188112747,-0.10478070662799135,1.1798391490039384,0.0,0.3647860254821981,-0.4681535094275597,-1.509474646981232,-0.638325571740905,0.3406871645536805,0.2863847139703712,1.7634439380197773,1.0,0.0,1
0.5296477559348632,1.6690794894413692,0.39783293526685903,-0.02378491920147248,0.9823209526751583,0.0,0.8237807099517775,-0.5840689558967791,-0.5069178038222568,-0.638325571740905,0.7660476509258137,0.2863847139703712,1.0842406545358758,1.0,0.0,0
0.3471919442488579,1.3193303314755134,0.17818365523164595,0.18882902279314498,0.628774889513216,0.0,-0.09420865898738136,-1.6273079741197531,-0.5069178038222568,-0.638325571740905,-0.2973535650045195,0.2863847139703712,0.889658092240488,1.0,0.0,0
-0.5006909453508135,1.2756116867297813,-1.629598343630098,1.7378734573253527,-1.2836567360264703,0.0,1.7417700788909365,-0.23632261648912098,-0.005639382242769227,-0.638325571740905,1.7231087452631138,1.6215115856271138,-0.07224061193671218,1.0,0.0,1
-0.6530952115826532,-1.6098188664885291,-1.1969115574774276,-1.167850416601075,-1.668396258590228,0.0,0.8237807099517775,0.11142372291853707,-1.0081962254017445,-0.638325571740905,0.8723877725188471,0.2863847139703712,0.6877327917452742,0.0,1.0,0
0.8666543728137198,-0.6917273268281576,1.7161899020305398,0.7861729550637343,1.6878382635729303,0.0,0.3647860254821981,0.4591700623261951,-1.0081962254017445,-0.638325571740905,0.4470272861467138,0.2863847139703712,1.539490422925085,1.0,0.0,0
1.3818237234565582,-1.5661002217427973,-0.3350745154071652,-0.8539917403233089,0.1686865057924505,0.0,-1.0121980279265403,0.6910009552646338,0.9969174609162059,1.5665986829772471,-0.9353942945627195,-1.0487421576863714,-0.8909559212173065,1.0,0.0,0
-0.45132054924754145,-1.3912256427598693,0.6895197985687836,0.3811940179311327,-0.01986735657231314,0.0,-1.0121980279265403,1.2705781876107307,-0.005639382242769227,-0.638325571740905,-0.8290541729696862,-1.0487421576863714,1.2421095258321342,1.0,0.0,1
-0.5994317375573575,-1.0414764847940134,0.17925999052058283,-1.7955677691566108,-0.42792626140733137,0.0,-1.4711927123961197,0.11142372291853707,0.4956390393367183,-0.638325571740905,-1.467094902527886,-1.0487421576863714,-0.14933936303488504,0.0,1.0,0
-0.48351863366271886,-0.25454087937083786,-0.36044527578925134,-2.1802977594325825,-0.6132699230957915,0.0,-0.09420865898738136,1.5024090805491692,-1.0081962254017445,-0.638325571740905,0.1280069213676138,0.2863847139703712,1.297180062330829,0.0,1.0,0
0.679905483205691,-1.740974800725725,-1.1682349101364633,-0.6413777983286915,-0.9226000146784603,0.0,-0.5532033434569608,0.11142372291853707,-1.509474646981232,-0.638325571740905,-0.5100338081905862,-1.0487421576863714,-0.7551152645205266,1.0,0.0,0
-0.2473993479514179,0.0077709891035539986,0.26621250564827836,0.9177911096318293,0.07183535708661758,0.0,0.3647860254821981,1.1546627411415114,-1.509474646981232,-0.638325571740905,0.5533674077397471,0.2863847139703712,0.19944070145684806,1.0,0.0,0
-0.5393286466490264,0.1826455680864819,0.8218321580159665,0.4318163850727088,0.3835882416325345,0.0,-0.09420865898738136,0.5750855087954145,-1.509474646981232,-0.638325571740905,0.02166679977458048,0.2863847139703712,1.4256779808277829,0.0,1.0,0
-0.5543544193761091,1.1881743972383174,1.5801872501641443,-0.5705064843304857,1.1954661636168873,0.0,-0.09420865898738136,0.11142372291853707,-0.005639382242769227,-0.638325571740905,-0.08467332181845284,0.2863847139703712,-1.6692861703988582,0.0,1.0,0
1.0169121000845478,-1.0414764847940134,-1.9595719907813527,1.7581224041819825,-1.200797216683394,0.0,1.282775394421357,-1.163646188242876,1.4981958824956936,1.5665986829772471,1.0850680157049137,1.6215115856271138,0.49682159854979924,1.0,0.0,0
-0.3912174583392103,1.1444557524925854,0.36377461148120993,0.006588501083473899,0.3195053677546289,0.0,-1.0121980279265403,0.9228318482030725,-1.509474646981232,-0.638325571740905,-0.8290541729696862,-1.0487421576863714,-0.979068779615218,1.0,0.0,1
-0.4556136271695651,0.4886760813066058,-0.31201018778708683,-1.4918335663071578,-0.3946128581626735,0.0,-0.5532033434569608,-0.12040717001990163,0.9969174609162059,1.5665986829772471,-0.6163739297836195,-1.0487421576863714,-0.3732928781295765,0.0,1.0,0
0.48457043775361497,1.4504862657127093,-0.714175180389187,1.0089113704866683,0.03234383178567781,0.0,-1.4711927123961197,-0.23632261648912098,-1.0081962254017445,-0.638325571740905,-1.467094902527886,-1.0487421576863714,-0.5752181786247906,1.0,0.0,0
-0.36116591288504474,-0.6042900373366937,0.2683651762261526,0.32044717736123995,-0.12634910730705604,0.0,-1.4711927123961197,-0.5840689558967791,0.9969174609162059,1.5665986829772471,-1.5734350241209194,-1.0487421576863714,1.8258572127182975,1.0,0.0,0
-0.530742490804979,1.1444557524925854,1.5973317336950688,-2.038555131436171,1.2126074238318658,0.0,-1.4711927123961197,-1.5113925276505338,0.4956390393367183,-0.638325571740905,-1.6797751457139527,-1.0487421576863714,1.1576680365341359,0.0,1.0,0
-0.5886990427522983,1.4067676209669773,-0.765224225521627,-0.4388883297623907,-0.6232639440691888,0.0,0.8237807099517775,0.8069164017338532,-1.509474646981232,-0.638325571740905,0.9787278941118804,0.2863847139703712,0.6106340406471018,0.0,1.0,0
-0.5865525037912865,-1.1726324190312094,1.0224149272185818,0.06733534165336305,0.21453786262191588,0.0,-1.4711927123961197,-0.23632261648912098,-1.0081962254017445,-0.638325571740905,-1.467094902527886,-1.0487421576863714,1.271480478631438,0.0,1.0,0
-0.6359228998945585,-0.3419781688623018,1.5658104859476287,0.047086394796733336,0.7989155253572963,0.0,0.3647860254821981,1.5024090805491692,-0.005639382242769227,-0.638325571740905,0.5533674077397471,0.2863847139703712,0.7060896372448393,1.0,0.0,0
-0.48995825054575437,1.5816421999499053,-0.6217641077247396,-1.8461901362981832,-0.4157517267670113,0.0,-0.5532033434569608,-1.2795616347120953,-0.5069178038222568,-0.638325571740905,-0.7227140513766528,-1.0487421576863714,-1.5701592047012076,0.0,1.0,0
0.15829651567981723,-0.6480086820824257,1.4389566840371975,1.1304050516264468,1.0793538108532343,0.0,0.8237807099517775,-0.12040717001990163,1.4981958824956936,1.5665986829772471,0.7660476509258137,0.2863847139703712,0.6620332080458833,1.0,0.0,1
0.518915061129804,-1.6535375112342612,0.1027633039139896,0.18882902279314498,0.007267924616062834,0.0,-0.5532033434569608,-0.004491723550682283,1.4981958824956936,1.5665986829772471,-0.6163739297836195,-1.0487421576863714,-0.5752181786247906,1.0,0.0,0
-0.06923661418743639,1.1881743972383174,-0.19023053795307293,0.7153016410655285,0.07443985952210912,0.0,-0.5532033434569608,1.3864936340799499,0.4956390393367183,-0.638325571740905,-0.40369368659755284,-1.0487421576863714,0.8125593411423159,1.0,0.0,1
-0.48995825054575437,1.1444557524925854,-1.6470503515292907,0.016712974511790556,-1.3204226192437563,0.0,-0.09420865898738136,1.734239973487608,-0.005639382242769227,-0.638325571740905,0.1280069213676138,0.2863847139703712,0.026886353760938092,1.0,0.0,0
-0.4577601661305769,0.1826455680864819,1.1892468970038155,0.2293269165064044,0.7190844972182796,0.0,0.3647860254821981,0.4591700623261951,-1.0081962254017445,-0.638325571740905,0.4470272861467138,0.2863847139703712,-0.9386837195161752,1.0,0.0,1
-0.5436217245710501,0.9258625287639255,-0.8043567013836934,0.2698248102196674,-0.7352575487953206,0.0,-1.4711927123961197,0.11142372291853707,0.4956390393367183,-0.638325571740905,-1.467094902527886,-1.0487421576863714,-0.7661293718202652,1.0,0.0,0
-0.530742490804979,-1.3475069980141374,-0.6710448877396403,0.7557995347787915,-1.1269020313043348,0.0,-0.5532033434569608,1.3864936340799499,0.4956390393367183,-0.638325571740905,-0.40369368659755284,-1.0487421576863714,-1.0598388998133037,0.0,1.0,0
-0.5629405752201564,0.6635506602895337,0.26813453294995154,0.5128121724992277,0.04064189768480157,0.0,0.8237807099517775,1.2705781876107307,0.4956390393367183,-0.638325571740905,0.9787278941118804,0.2863847139703712,-0.6302887151234853,1.0,0.0,1
-0.33755398431391465,1.3630489762212454,-0.5508028597469651,-1.0058588417480336,-0.3222924882097255,0.0,-1.4711927123961197,-0.5840689558967791,0.9969174609162059,1.5665986829772471,-1.5734350241209194,-1.0487421576863714,0.4197228474516268,1.0,0.0,0
-0.2495458869124298,0.9258625287639255,-1.9638773319371008,1.1810274187680228,-1.4828103176054435,0.0,1.7417700788909365,-1.163646188242876,-0.5069178038222568,-0.638325571740905,1.6167686236700805,1.6215115856271138,-0.09426882653619036,1.0,0.0,1
-0.4212690037933759,-0.9103205505568176,1.1113663507400173,1.8188692447518715,0.43604170928685,0.0,-1.0121980279265403,1.2705781876107307,-0.005639382242769227,-0.638325571740905,-0.8290541729696862,-1.0487421576863714,-0.9019700285170456,1.0,0.0,0
-0.5522078804150974,-0.07966630038790996,1.3232506404764708,-0.6008799046154321,0.7132092242824037,0.0,0.3647860254821981,1.5024090805491692,-0.005639382242769227,-0.638325571740905,0.5533674077397471,0.2863847139703712,0.5996199333473627,1.0,0.0,1
-0.2795974323665954,1.6253608446956371,0.891870832888938,-0.17565202062619717,0.905154996795714,0.0,-1.4711927123961197,0.6910009552646338,-0.5069178038222568,-0.638325571740905,-1.3607547809348528,-1.0487421576863714,-1.54813099010173,1.0,0.0,0
-0.25169242587344154,1.1007371077468535,-1.937968403910546,0.3103227039329269,-1.4248449959597385,0.0,-0.09420865898738136,-0.5840689558967791,0.4956390393367183,-0.638325571740905,-0.19101344341148618,0.2863847139703712,0.5335352895489293,1.0,0.0,0
-0.22378741938028784,-0.03594765564217798,0.24184119946306207,-1.0868546291745524,0.05626891229775028,0.0,1.7417700788909365,-0.8158998488352177,0.9969174609162059,1.5665986829772471,1.6167686236700805,1.6215115856271138,-1.158965865510954,1.0,0.0,0
-0.6702675232707478,-0.2108222346251059,0.20701406475674392,0.5026876990709146,-0.2619043736007731,0.0,1.282775394421357,0.11142372291853707,-0.005639382242769227,-0.638325571740905,1.2977482588909803,1.6215115856271138,0.9410572596392699,0.0,1.0,0
3.843903911737123,0.09520827859501796,-0.8956914387592038,-1.1476014697444452,1.4847476434286802,0.0,-0.09420865898738136,-0.5840689558967791,0.4956390393367183,-0.638325571740905,-0.19101344341148618,0.2863847139703712,1.8001576290189065,1.0,0.0,1
-0.12290008821273206,0.9695811735096576,0.6101785115557141,1.3328945201927476,0.6262915267258873,0.0,-0.09420865898738136,-1.0477307417736565,-1.509474646981232,-0.638325571740905,-0.19101344341148618,0.2863847139703712,0.41238010925180085,1.0,0.0,0
-0.45990670509158876,-1.4786629322513334,-1.6450514431355505,-1.167850416601075,-1.8833585642543933,0.0,0.3647860254821981,-0.12040717001990163,-0.005639382242769227,-0.638325571740905,0.3406871645536805,0.2863847139703712,-0.10528293383592906,1.0,0.0,0
-0.5285959518439672,-1.4349442875056013,1.3840635843014106,0.8772932159185698,0.4740189889857599,0.0,-0.5532033434569608,0.22733916938775642,-1.0081962254017445,-0.638325571740905,-0.5100338081905862,-1.0487421576863714,1.3595933370293491,1.0,0.0,0
1.1714629052773993,1.3630489762212454,0.4250488418585517,0.4824387522142813,1.2981320154345146,0.0,-1.0121980279265403,-0.5840689558967791,-1.0081962254017445,-0.638325571740905,-1.041734416155753,-1.0487421576863714,-1.0561675307133906,1.0,0.0,0
-0.5672336531421801,-1.4786629322513334,0.19209913289575992,-1.4918335663071578,-0.4965518720913267,0.0,-1.4711927123961197,1.1546627411415114,1.4981958824956936,1.5665986829772471,-1.3607547809348528,-1.0487421576863714,1.6422887577226488,0.0,1.0,0
0.0917538078884506,-0.07966630038790996,-1.3567473478845706,-1.1172280494594988,-1.0347753288768355,0.0,1.282775394421357,-1.163646188242876,1.4981958824956936,1.5665986829772471,1.0850680157049137,1.6215115856271138,-1.1552944964110412,1.0,0.0,0
-0.44488093236450604,-0.8666019058110855,0.8615028015225016,-0.9147385808931981,0.23555559157809083,0.0,0.3647860254821981,0.34325461585697575,-1.509474646981232,-0.638325571740905,0.4470272861467138,0.2863847139703712,0.3205958817539765,0.0,1.0,1
1.5535468403375046,-1.1289137742854773,-1.9459640374855067,1.1709029453397062,-0.9066095811210245,0.0,-0.09420865898738136,1.2705781876107307,1.4981958824956936,1.5665986829772471,0.02166679977458048,0.2863847139703712,-0.5311617494258346,1.0,0.0,0
-0.5178632570389081,-0.6917273268281576,-0.700259702725073,-1.167850416601075,-0.997282607770575,0.0,-1.4711927123961197,-1.5113925276505338,0.4956390393367183,-0.638325571740905,-1.6797751457139527,-1.0487421576863714,1.7377443543203863,1.0,0.0,0
0.16902921048487632,-1.4786629322513334,-0.3557555291731688,-0.5907554311871154,-0.5126634452969251,0.0,1.7417700788909365,-0.5840689558967791,-1.509474646981232,-0.638325571740905,1.7231087452631138,1.6215115856271138,-1.169979972810693,1.0,0.0,0
-0.382631302495163,-1.0414764847940134,1.143733290500194,-1.3095930445974866,0.45427322633529027,0.0,-0.09420865898738136,-0.9318152953044371,-1.0081962254017445,-0.638325571740905,-0.19101344341148618,0.2863847139703712,0.9704282124385736,0.0,1.0,0
-0.5328890297659908,1.6253608446956371,-0.7304739719073755,-1.2184727837426512,-0.5159342157973095,0.0,0.8237807099517775,0.11142372291853707,-1.0081962254017445,-0.638325571740905,0.8723877725188471,0.2863847139703712,0.45643653845075643,0.0,1.0,0
3.026072567591617,1.4067676209669773,-1.1808434092354396,-0.35789254233586826,1.0892872620025502,0.0,0.3647860254821981,-1.0477307417736565,-0.5069178038222568,-0.638325571740905,0.23434704296064715,0.2863847139703712,-0.7734721100200912,1.0,0.0,1
-0.5414751856100382,-1.6098188664885291,1.0952213214059623,1.0190358439149814,0.20042509361099706,0.0,0.3647860254821981,1.2705781876107307,-1.0081962254017445,-0.638325571740905,0.5533674077397471,0.2863847139703712,-0.9019700285170456,1.0,0.0,0
-0.5135701791168844,0.13892692334074994,1.414662258944048,-0.9451120011781445,0.8554877410491332,0.0,1.7417700788909365,-0.4681535094275597,-1.0081962254017445,-0.638325571740905,1.7231087452631138,1.6215115856271138,-0.6449741915231372,1.0,0.0,1
1.1242390481351392,1.1007371077468535,1.2056994507061378,1.0190358439149814,1.8283602554413054,0.0,0.8237807099517775,-1.6273079741197531,-1.509474646981232,-0.638325571740905,0.6597075293327804,0.2863847139703712,-0.30720823433114314,1.0,0.0,0
-0.6595348284656887,-0.47313410309949777,0.4644888420888857,-1.1273525228878156,-0.1111460814626756,0.0,-1.4711927123961197,-0.5840689558967791,0.9969174609162059,1.5665986829772471,-1.5734350241209194,-1.0487421576863714,0.25451123795554276,1.0,0.0,0
-0.4062432310662931,0.7947065945267296,1.1757158248000361,-0.5705064843304857,0.8731741296808424,0.0,-1.4711927123961197,0.11142372291853707,0.4956390393367183,-0.638325571740905,-1.467094902527886,-1.0487421576863714,-0.30353686523122997,1.0,0.0,0
-0.5157167180778963,-0.42941545835376577,-1.8484788127446419,-0.45913727661902043,-1.842534502823667,0.0,-0.5532033434569608,1.2705781876107307,-0.005639382242769227,-0.638325571740905,-0.40369368659755284,-1.0487421576863714,-1.3608911660061678,1.0,0.0,1
-0.3139420557427846,1.1007371077468535,0.4850929747628225,0.8975421627751995,0.4490036516402263,0.0,-0.5532033434569608,1.8501554199568273,-1.0081962254017445,-0.638325571740905,-0.2973535650045195,-1.0487421576863714,0.6179767788469277,1.0,0.0,0
-0.4491740102865296,0.4886760813066058,0.11375730007956035,-0.6920001654702677,-0.055542982956137445,0.0,-0.09420865898738136,0.5750855087954145,-1.509474646981232,-0.638325571740905,0.02166679977458048,0.2863847139703712,-0.21909537593323158,1.0,0.0,0
-0.45346708820855336,0.9258625287639255,0.27497695014390805,1.231649785909599,0.1659608637087967,0.0,0.8237807099517775,1.1546627411415114,-0.005639382242769227,-0.638325571740905,0.9787278941118804,0.2863847139703712,0.9630854742387472,1.0,0.0,0
0.8967059182678855,-0.47313410309949777,1.0843810874245257,-1.1071035760311858,1.2554908592813527,0.0,0.3647860254821981,1.2705781876107307,-1.0081962254017445,-0.638325571740905,0.5533674077397471,0.2863847139703712,-0.4320347837281844,1.0,0.0,0
-0.5049840232728371,-1.740974800725725,0.042565408825585134,0.4621898053576516,-0.6373767130801077,0.0,-0.5532033434569608,-0.6999844023659983,-1.509474646981232,-0.638325571740905,-0.6163739297836195,-1.0487421576863714,-0.979068779615218,1.0,0.0,0
-0.5908455817133101,-0.9977578400482815,1.4331906021321779,-0.4895106969039632,0.5745043271364646,0.0,-1.4711927123961197,-1.5113925276505338,0.4956390393367183,-0.638325571740905,-1.6797751457139527,-1.0487421576863714,1.6165891740232579,1.0,0.0,0
0.06384880139529688,0.6635506602895337,1.1295871695598794,0.7254261144938451,1.0730545491487895,0.0,-0.5532033434569608,-1.163646188242876,-0.005639382242769227,-0.638325571740905,-0.7227140513766528,-1.0487421576863714,0.900672199540227,1.0,0.0,1
-0.5972851985963457,0.7947065945267296,-0.5404239123179296,1.5050105684741055,-0.5866797703241466,0.0,-0.5532033434569608,0.4591700623261951,-0.005639382242769227,-0.638325571740905,-0.5100338081905862,-1.0487421576863714,-0.953369195915827,1.0,0.0,0
0.29567500918457407,0.5323947260523377,-0.3097806361171458,1.4341392544758997,0.04082360715704527,0.0,0.3647860254821981,-1.6273079741197531,0.4956390393367183,-0.638325571740905,0.1280069213676138,0.2863847139703712,0.5996199333473627,1.0,0.0,0
-0.31823513366480827,-0.12338494513364194,0.06447652006465934,0.2597003367913508,-0.15614946075500444,0.0,1.282775394421357,-1.6273079741197531,-0.5069178038222568,-0.638325571740905,1.0850680157049137,1.6215115856271138,1.781800783519342,0.0,1.0,0
2.7234105740889496,1.6253608446956371,0.9512999170566735,0.9279155830601459,2.6467191486023465,0.0,-1.0121980279265403,-1.6273079741197531,1.4981958824956936,1.5665986829772471,-1.2544146593418195,-1.0487421576863714,-0.9937542560148699,1.0,0.0,1
0.645560859829502,-0.2108222346251059,0.09761227074550531,0.37106954450281604,0.3944908099671498,0.0,-1.0121980279265403,-0.23632261648912098,0.4956390393367183,-0.638325571740905,-1.041734416155753,-1.0487421576863714,-0.04286965913740845,1.0,0.0,0
0.0810211130833915,-0.8228832610653536,-0.56894679747476,1.6872510901837765,-0.5849232454257917,0.0,0.3647860254821981,-1.2795616347120953,-1.509474646981232,-0.638325571740905,0.23434704296064715,0.2863847139703712,1.7267302470206471,1.0,0.0,0
3.3051226325231546,-0.12338494513364194,0.7325732101262635,-1.1577259431727585,2.4150395714917714,0.0,1.282775394421357,0.6910009552646338,-1.0081962254017445,-0.638325571740905,1.4040883804840139,1.6215115856271138,1.2310954185323952,1.0,0.0,0
-0.4942513284677779,1.1007371077468535,0.14412533144599682,-0.17565202062619717,0.07861917738371199,0.0,0.8237807099517775,0.9228318482030725,-1.0081962254017445,-0.638325571740905,0.9787278941118804,0.2863847139703712,0.9594141051388345,0.0,1.0,0
0.0037457104869657726,-0.47313410309949777,-1.8288741342675752,1.3936413607626403,-1.543622420982964,0.0,0.3647860254821981,-1.5113925276505338,0.9969174609162059,1.5665986829772471,0.1280069213676138,0.2863847139703712,-0.5972463932242684,1.0,0.0,0
-0.5393286466490264,1.6253608446956371,-1.9522682870349948,0.11795770879493915,-1.48214404954055,0.0,0.3647860254821981,-0.5840689558967791,1.4981958824956936,1.5665986829772471,0.23434704296064715,0.2863847139703712,0.6253195170467536,0.0,1.0,0
-0.5028374843118253,1.1881743972383174,-1.1584710114439636,1.3835168873343235,-0.9330785942445071,0.0,-1.0121980279265403,1.2705781876107307,-0.005639382242769227,-0.638325571740905,-0.8290541729696862,-1.0487421576863714,1.5505045302248242,1.0,0.0,0
1.3002552429381087,-0.8666019058110855,0.09845796275824162,-0.4186393829057574,0.6192654271324683,0.0,0.3647860254821981,-1.2795616347120953,-1.509474646981232,-0.638325571740905,0.23434704296064715,0.2863847139703712,1.6312746504229096,1.0,0.0,0
-0.6359228998945585,-1.6098188664885291,0.32133624866026583,1.1304050516264468,-0.4625722007817754,0.0,0.8237807099517775,-0.23632261648912098,0.9969174609162059,1.5665986829772471,0.7660476509258137,0.2863847139703712,-0.3769642472294897,1.0,0.0,1
2.996021022137452,1.1881743972383174,1.0184939915231686,0.4824387522142813,2.7565928094856362,0.0,-0.5532033434569608,-0.4681535094275597,-0.5069178038222568,-0.638325571740905,-0.6163739297836195,-1.0487421576863714,-0.3659501399297506,1.0,0.0,0
1.5385210676104217,-0.47313410309949777,-1.958418774400349,0.4621898053576516,-0.7795340901986749,0.0,1.282775394421357,1.038747294672292,0.4956390393367183,-0.638325571740905,1.4040883804840139,1.6215115856271138,-1.3131633677072994,1.0,0.0,0
-0.5844059648302747,-0.5168527478452297,-1.034154285571741,0.6241813802106929,-1.259125957273586,0.0,1.282775394421357,-1.2795616347120953,0.9969174609162059,1.5665986829772471,1.0850680157049137,1.6215115856271138,0.33528135815362836,1.0,0.0,1
-0.48995825054575437,1.6690794894413692,-1.3675107007739407,-1.4412111991655816,-0.9838966766486307,0.0,-1.4711927123961197,0.5750855087954145,-1.0081962254017445,-0.638325571740905,-1.3607547809348528,-1.0487421576863714,-0.9350123504162624,0.0,1.0,1
0.9954467104744293,1.5816421999499053,0.534373754777723,-0.5705064843304857,1.3333836530497707,0.0,-0.5532033434569608,-0.12040717001990163,0.9969174609162059,1.5665986829772471,-0.6163739297836195,-1.0487421576863714,0.9153576759398789,1.0,0.0,0
-0.42341554275438775,0.2263642128322139,-0.7210175975831434,1.4442637279042163,-0.7568204061682263,0.0,0.3647860254821981,0.22733916938775642,1.4981958824956936,1.5665986829772471,0.3406871645536805,0.2863847139703712,0.21412617785649993,1.0,0.0,0
-0.4277086206764114,0.1826455680864819,-0.6963387670296596,-0.8843651606082518,-0.7494914574544017,0.0,-1.0121980279265403,1.5024090805491692,0.9969174609162059,1.5665986829772471,-0.8290541729696862,-1.0487421576863714,-0.23010948323297029,0.0,1.0,0
-0.4405878544424823,0.5323947260523377,-0.7446200928476903,0.6343058536390096,-0.7172683110432054,0.0,-1.0121980279265403,0.8069164017338532,1.4981958824956936,1.5665986829772471,-0.9353942945627195,-1.0487421576863714,-0.14566799393497187,1.0,0.0,1
-0.5414751856100382,-1.740974800725725,0.282588178258534,0.4115674382160755,-0.46887146248622014,0.0,1.282775394421357,-1.163646188242876,1.4981958824956936,1.5665986829772471,1.0850680157049137,1.6215115856271138,1.2494522640319599,0.0,1.0,1
4.137979749395744,1.4504862657127093,-1.0476853577755205,0.12808218222325582,1.831388746645365,0.0,-1.4711927123961197,0.6910009552646338,-0.5069178038222568,-0.638325571740905,-1.3607547809348528,-1.0487421576863714,1.5578472684246505,1.0,0.0,0
2.012906177994035,-0.3856968136080338,-1.2559562361848282,0.4520653319293385,0.06099335857608369,0.0,0.8237807099517775,1.2705781876107307,0.4956390393367183,-0.638325571740905,0.9787278941118804,0.2863847139703712,-1.0121111015144348,1.0,0.0,0
0.7099570286598567,1.4067676209669773,-0.10381619046984585,-1.0058588417480336,0.6307131238838147,0.0,0.8237807099517775,0.11142372291853707,-1.0081962254017445,-0.638325571740905,0.8723877725188471,0.2863847139703712,-1.382919380605646,1.0,0.0,0
-0.6659744453487241,0.8821438840181935,1.026412744006062,-1.5930783005903064,0.6283509007446477,0.0,-1.0121980279265403,-0.5840689558967791,-1.0081962254017445,-0.638325571740905,-1.041734416155753,-1.0487421576863714,0.900672199540227,0.0,1.0,0
-0.3246747505478437,0.7509879497809976,1.5597368796743412,1.110156104769817,1.2120622954151348,0.0,-1.0121980279265403,-0.35223806295834037,-0.005639382242769227,-0.638325571740905,-1.041734416155753,-1.0487421576863714,1.6569742341223006,1.0,0.0,1
-0.4212690037933759,-0.5605713925909617,-0.30862741973614205,1.5961308293289411,-0.6051535666689114,0.0,-1.0121980279265403,-0.23632261648912098,0.4956390393367183,-0.638325571740905,-1.041734416155753,-1.0487421576863714,-0.5678754404249643,1.0,0.0,0
-0.6337763609335467,-1.6972561559799932,-0.16908823763466774,-0.2768967549093494,-0.8671180558200847,0.0,-0.5532033434569608,-1.0477307417736565,0.4956390393367183,-0.638325571740905,-0.7227140513766528,-1.0487421576863714,0.41605147835171363,1.0,0.0,0
1.9012861520214202,-1.3912256427598693,-0.7793703464619418,0.7760484816354212,0.15057612839217255,0.0,0.3647860254821981,1.5024090805491692,-0.005639382242769227,-0.638325571740905,0.5533674077397471,0.2863847139703712,0.2177975469564131,1.0,0.0,0
-0.5436217245710501,1.3193303314755134,0.9808222564103736,-1.3298419914541164,0.7583943130469757,0.0,1.7417700788909365,-0.4681535094275597,-1.0081962254017445,-0.638325571740905,1.7231087452631138,1.6215115856271138,1.3265510151301325,0.0,1.0,1
0.3557781000929052,0.13892692334074994,-1.0290801334953237,0.16858007593651525,-0.579169112138078,0.0,1.282775394421357,0.5750855087954145,-1.509474646981232,-0.638325571740905,1.4040883804840139,1.6215115856271138,-0.5274903803259219,1.0,0.0,0
-0.5972851985963457,0.7509879497809976,0.4934730137981174,0.18882902279314498,0.21817205206678764,0.0,-0.5532033434569608,-1.6273079741197531,1.4981958824956936,1.5665986829772471,-0.8290541729696862,-1.0487421576863714,1.1870389893334394,0.0,1.0,1
-0.4985444063898017,-0.2108222346251059,-1.94888551898405,0.9684134767734054,-1.863491661955761,0.0,-0.5532033434569608,-0.35223806295834037,-0.005639382242769227,-0.638325571740905,-0.6163739297836195,-1.0487421576863714,0.2912249289546724,1.0,0.0,0
-0.6316298219725348,-0.6480086820824257,0.7378780054788815,1.2215253124812822,0.08122367981920298,0.0,-1.4711927123961197,-0.8158998488352177,-0.005639382242769227,-0.638325571740905,-1.5734350241209194,-1.0487421576863714,-0.7551152645205266,1.0,0.0,1
0.44593273645540193,-0.9977578400482815,-0.7144827047574547,-0.9147385808931981,-0.5324092079473947,0.0,-1.4711927123961197,0.4591700623261951,-1.509474646981232,-0.638325571740905,-1.3607547809348528,-1.0487421576863714,1.2127385730328304,1.0,0.0,0
-0.6788536791147951,-1.740974800725725,1.193014070515095,0.036961921368420275,0.17086701945937324,0.0,-0.5532033434569608,-0.6999844023659983,-1.509474646981232,-0.638325571740905,-0.6163739297836195,-1.0487421576863714,-1.1002239599123464,1.0,0.0,0
-0.3547262960020093,1.4067676209669773,0.8416674797692343,0.8975421627751995,0.7747481655488987,0.0,-0.09420865898738136,-0.6999844023659983,-0.005639382242769227,-0.638325571740905,-0.19101344341148618,0.2863847139703712,-1.4159617025048625,1.0,0.0,1
-0.6359228998945585,0.13892692334074994,-1.8263370582293668,0.4824387522142813,-1.7669433623703343,0.0,-1.0121980279265403,1.3864936340799499,0.4956390393367183,-0.638325571740905,-0.8290541729696862,-1.0487421576863714,0.526192551349103,0.0,1.0,0
-0.6294832830115231,1.4942049104584412,-1.0421499191467016,-2.160048812575953,-0.8450706398545292,0.0,0.3647860254821981,-0.8158998488352177,0.4956390393367183,-0.638325571740905,0.23434704296064715,0.2863847139703712,1.5505045302248242,0.0,1.0,0
-0.5865525037912865,0.6198320155438017,-0.7282444202374346,-1.6335761943035694,-0.7673595555583546,0.0,-1.4711927123961197,-0.12040717001990163,-0.5069178038222568,-0.638325571740905,-1.467094902527886,-1.0487421576863714,0.07828552115971961,0.0,1.0,0
-0.1872962570430868,1.3630489762212454,-0.6332962715347787,0.2597003367913508,-0.3024861557351745,0.0,0.8237807099517775,-0.6999844023659983,-1.0081962254017445,-0.638325571740905,0.7660476509258137,0.2863847139703712,-1.2764496767081694,1.0,0.0,0
-0.6080178934014048,-1.3475069980141374,0.604950597295163,-0.5097596437605929,-0.16523493436718387,0.0,1.282775394421357,1.038747294672292,0.4956390393367183,-0.638325571740905,1.4040883804840139,1.6215115856271138,-0.9827401487151312,0.0,1.0,1
2.6761867169466895,1.0570184630011215,-0.12480472860411732,0.8772932159185698,1.64628736425323,0.0,-0.09420865898738136,-1.6273079741197531,-0.5069178038222568,-0.638325571740905,-0.2973535650045195,0.2863847139703712,-1.147951758211215,1.0,0.0,1
-0.5500613414540855,-1.5223815769970652,-1.7997362003742097,-0.9248630543215112,-2.065794874386956,0.0,1.282775394421357,1.1546627411415114,0.9969174609162059,1.5665986829772471,1.4040883804840139,1.6215115856271138,1.3045228005306544,0.0,1.0,0
-0.3525797570409975,-0.8228832610653536,-1.9277432186656447,0.2698248102196674,-1.9001364055248846,0.0,-0.09420865898738136,1.5024090805491692,-1.0081962254017445,-0.638325571740905,0.1280069213676138,0.2863847139703712,0.6693759462457093,1.0,0.0,0
-0.5328890297659908,-0.6480086820824257,1.1717948891046228,-0.6920001654702677,0.4788040050881747,0.0,1.282775394421357,-1.2795616347120953,0.9969174609162059,1.5665986829772471,1.0850680157049137,1.6215115856271138,-0.2961941270314041,0.0,1.0,0
0.042383411785178585,0.0077709891035539986,0.5658181214330968,0.8975421627751995,0.4714144865502689,0.0,1.282775394421357,1.1546627411415114,0.9969174609162059,1.5665986829772471,1.4040883804840139,1.6215115856271138,-1.636243848499641,1.0,0.0,1
-0.0005473674350578839,-0.9977578400482815,-1.8427127308396223,-0.6008799046154321,-1.6732418445167239,0.0,0.8237807099517775,0.8069164017338532,-1.509474646981232,-0.638325571740905,0.9787278941118804,0.2863847139703712,1.7487584616201255,1.0,0.0,0
-0.44273439340349413,1.4942049104584412,-0.12634235044545578,0.036961921368420275,-0.01817140149803954,0.0,-0.5532033434569608,-1.5113925276505338,-1.509474646981232,-0.638325571740905,-0.7227140513766528,-1.0487421576863714,1.8111717363186457,1.0,0.0,0
-0.4663463219746242,1.3630489762212454,-0.6588207941009987,-2.1802977594325825,-0.48007687994124143,0.0,-0.09420865898738136,-1.0477307417736565,-1.509474646981232,-0.638325571740905,-0.19101344341148618,0.2863847139703712,1.3816215516288273,0.0,1.0,0
-0.1872962570430868,1.4067676209669773,0.6969772644992759,0.09770876193830944,0.7552446821947536,0.0,-1.0121980279265403,0.11142372291853707,-1.509474646981232,-0.638325571740905,-0.9353942945627195,-1.0487421576863714,0.5004929676497124,1.0,0.0,0
-0.655241750543665,-0.07966630038790996,-0.6142297607021806,0.08758428850999637,-0.8713579435057685,0.0,0.3647860254821981,-0.5840689558967791,1.4981958824956936,1.5665986829772471,0.23434704296064715,0.2863847139703712,1.73040161612056,1.0,0.0,0
-0.5285959518439672,-0.1671035898793739,-0.5972390393553895,0.7355505879221582,-0.8058819636739952,0.0,-1.0121980279265403,-0.004491723550682283,1.4981958824956936,1.5665986829772471,-1.041734416155753,-1.0487421576863714,-0.5017907966265309,0.0,1.0,0
-0.6337763609335467,-0.7791646163196216,-0.5641032886745435,-1.3095930445974866,-0.9748112030364513,0.0,0.8237807099517775,-0.9318152953044371,1.4981958824956936,1.5665986829772471,0.6597075293327804,0.2863847139703712,-0.7404297881208747,0.0,1.0,0
0.34289886632683436,-1.3037883532684054,0.6742204612474649,0.9684134767734054,0.43567829034236316,0.0,1.282775394421357,0.22733916938775642,0.4956390393367183,-0.638325571740905,1.2977482588909803,1.6215115856271138,-1.5150886682025129,1.0,0.0,1
-0.24095973106838248,0.27008285757794587,-0.059993967991697,-0.8742406871799386,-0.12338118592707711,0.0,-1.4711927123961197,-1.5113925276505338,0.4956390393367183,-0.638325571740905,-1.6797751457139527,-1.0487421576863714,-0.028184182737756587,1.0,0.0,0
-0.5758198089862274,-0.7354459715738897,-0.08013681411323216,0.7760484816354212,-0.5511252835884846,0.0,-1.4711927123961197,0.22733916938775642,0.9969174609162059,1.5665986829772471,-1.467094902527886,-1.0487421576863714,0.07094278295989367,1.0,0.0,0
-0.5865525037912865,-1.4349442875056013,-1.6487417355547629,1.6568776698988301,-1.9480471363731109,0.0,-1.4711927123961197,1.8501554199568273,0.9969174609162059,1.5665986829772471,-1.2544146593418195,-1.0487421576863714,1.080569285435963,1.0,0.0,0
-0.382631302495163,-0.9540391953025495,1.417660621534658,-1.3905888320240056,0.6894658532425749,0.0,1.7417700788909365,-0.35223806295834037,-0.5069178038222568,-0.638325571740905,1.7231087452631138,1.6215115856271138,0.08562825935954554,0.0,1.0,1
-0.47922555574069525,-0.3419781688623018,1.4320373857511737,0.12808218222325582,0.7819559746145613,0.0,0.3647860254821981,-0.4681535094275597,-1.509474646981232,-0.638325571740905,0.3406871645536805,0.2863847139703712,-1.158965865510954,0.0,1.0,1
-0.6080178934014048,-1.2163510637769415,-0.8952301522068021,-1.7044475083017752,-1.3180603961045898,0.0,1.7417700788909365,-0.8158998488352177,0.9969174609162059,1.5665986829772471,1.6167686236700805,1.6215115856271138,-1.4857177154032093,0.0,1.0,0
0.1904946000949947,-0.12338494513364194,-0.012020166541933885,1.4442637279042163,0.07068453042907508,0.0,-1.0121980279265403,-0.4681535094275597,-0.5069178038222568,-0.638325571740905,-1.041734416155753,-1.0487421576863714,0.8419302939416196,1.0,0.0,1
-0.5328890297659908,-0.9103205505568176,0.4188214734011305,0.7153016410655285,-0.1725638830810088,0.0,-0.5532033434569608,-0.35223806295834037,-0.005639382242769227,-0.638325571740905,-0.6163739297836195,-1.0487421576863714,0.6253195170467536,0.0,1.0,0
-0.38477784145617483,-1.4786629322513334,-0.6148448094387159,1.67712661675546,-1.0293240447095278,0.0,1.282775394421357,0.8069164017338532,-0.5069178038222568,-0.638325571740905,1.4040883804840139,1.6215115856271138,1.1980530966331786,1.0,0.0,0
4.842044528607622,1.5379235552041732,0.3569321942872534,-0.07440728634304498,3.3547198222874477,0.0,-0.5532033434569608,0.11142372291853707,-1.509474646981232,-0.638325571740905,-0.5100338081905862,-1.0487421576863714,-0.26315180513218717,1.0,0.0,0
-0.668120984309736,-0.1671035898793739,0.8131445946124037,-0.22627438776777328,0.22653068778999283,0.0,0.3647860254821981,-0.8158998488352177,0.4956390393367183,-0.638325571740905,0.23434704296064715,0.2863847139703712,0.9630854742387472,1.0,0.0,0
-0.569380192103192,0.1826455680864819,-0.735548123983793,1.4442637279042163,-0.8603342355229906,0.0,0.3647860254821981,0.9228318482030725,0.9969174609162059,1.5665986829772471,0.4470272861467138,0.2863847139703712,0.900672199540227,1.0,0.0,0
-0.49210478950676617,0.09520827859501796,1.057165180832833,-0.003535972344839162,0.576260852034819,0.0,-0.5532033434569608,1.038747294672292,-1.0081962254017445,-0.638325571740905,-0.40369368659755284,-1.0487421576863714,-1.6472579557993803,0.0,1.0,0
-0.4556136271695651,-1.6098188664885291,0.5608208504487462,-1.0767301557462394,-0.17213989431243998,0.0,-1.0121980279265403,0.8069164017338532,1.4981958824956936,1.5665986829772471,-0.9353942945627195,-1.0487421576863714,-0.9460264577160011,0.0,1.0,1
0.705663950737833,0.09520827859501796,0.43135309140803973,1.241774259337912,0.7591817207600313,0.0,-1.4711927123961197,-0.004491723550682283,-0.005639382242769227,-0.638325571740905,-1.467094902527886,-1.0487421576863714,-0.9680546723154794,1.0,0.0,1
-0.4341482375594468,0.8821438840181935,1.062623738369585,-0.3477680689075552,0.7877101079022749,0.0,-0.5532033434569608,0.11142372291853707,-1.509474646981232,-0.638325571740905,-0.5100338081905862,-1.0487421576863714,0.7795170192430986,0.0,1.0,1
-0.39336399730022215,-1.0414764847940134,-1.350135573966815,0.19895349622146163,-1.5165477096186695,0.0,-0.09420865898738136,1.1546627411415114,0.9969174609162059,1.5665986829772471,0.02166679977458048,0.2863847139703712,-1.346205689606516,1.0,0.0,0
0.6498539377515254,0.8821438840181935,-0.5787106961672599,0.21920244307809136,0.10636015681289937,0.0,0.3647860254821981,0.4591700623261951,-1.0081962254017445,-0.638325571740905,0.4470272861467138,0.2863847139703712,0.12968468855850152,1.0,0.0,0
0.04882302866821412,-1.2163510637769415,0.2572942989685145,0.8975421627751995,-0.039370839926458186,0.0,-0.09420865898738136,1.6183245270183886,-0.5069178038222568,-0.638325571740905,0.1280069213676138,0.2863847139703712,1.4991053628260422,1.0,0.0,0
-0.4577601661305769,-0.29825952411656986,-0.2511972439621469,-0.40851490947744434,-0.5223546171499165,0.0,-1.4711927123961197,-0.9318152953044371,-0.5069178038222568,-0.638325571740905,-1.5734350241209194,-1.0487421576863714,0.3059104053543243,0.0,1.0,0
-0.5629405752201564,-0.6480086820824257,0.34639948467408427,0.7760484816354212,-0.1884331769902821,0.0,0.8237807099517775,-0.5840689558967791,-0.5069178038222568,-0.638325571740905,0.7660476509258137,0.2863847139703712,-0.8175285392190471,0.0,1.0,0
-0.6509486726216414,-0.7354459715738897,0.6843687654002995,-1.1273525228878156,0.008782170218092737,0.0,-1.0121980279265403,0.34325461585697575,-0.5069178038222568,-0.638325571740905,-0.9353942945627195,-1.0487421576863714,1.3595933370293491,1.0,0.0,0
-0.49639786742878983,1.5379235552041732,-0.7503861747527099,-1.8259411894415536,-0.5304104037527151,0.0,-0.5532033434569608,1.734239973487608,-1.509474646981232,-0.638325571740905,-0.2973535650045195,-1.0487421576863714,-0.7073874662216578,0.0,1.0,0
1.508469522156256,0.9695811735096576,1.2958040906085777,1.5252595153307353,2.087114543916176,0.0,1.282775394421357,-0.9318152953044371,-1.0081962254017445,-0.638325571740905,1.191408137297947,1.6215115856271138,-1.0635102689132165,1.0,0.0,0
-0.42985515963742316,0.5323947260523377,0.5882674003166395,-1.046356735461293,0.33888771146061164,0.0,-0.09420865898738136,0.9228318482030725,-0.005639382242769227,-0.638325571740905,0.02166679977458048,0.2863847139703712,0.7868597574429249,0.0,1.0,0
0.18620152217297095,-0.3856968136080338,-0.6895732309277699,0.6950526942088987,-0.5236871532797026,0.0,1.7417700788909365,-0.4681535094275597,-1.0081962254017445,-0.638325571740905,1.7231087452631138,1.6215115856271138,1.473405779126652,1.0,0.0,0
-0.5479148024930737,1.3630489762212454,0.8618103258907694,0.32044717736123995,0.6719006042590281,0.0,1.7417700788909365,-1.6273079741197531,0.9969174609162059,1.5665986829772471,1.5104285020770472,1.6215115856271138,-0.6082605005240072,0.0,1.0,0
2.3563524117559274,0.0077709891035539986,-0.6316817686013732,0.047086394796733336,0.8338643138521463,0.0,0.8237807099517775,1.6183245270183886,-1.509474646981232,-0.638325571740905,1.0850680157049137,0.2863847139703712,0.6767186844455352,1.0,0.0,0
-0.34614014015796196,-0.12338494513364194,-1.3219202131782524,-0.6008799046154321,-1.2641532526723254,0.0,-0.09420865898738136,1.1546627411415114,0.9969174609162059,1.5665986829772471,0.02166679977458048,0.2863847139703712,1.1980530966331786,1.0,0.0,0
1.3045483208601327,0.8384252392724616,0.3437855275438085,1.1304050516264468,1.192922231005477,0.0,-1.0121980279265403,-1.0477307417736565,0.4956390393367183,-0.638325571740905,-1.1480745377487862,-1.0487421576863714,0.31692451265406335,1.0,0.0,0
0.3171403987946924,-1.3475069980141374,-1.9528064546794632,1.535383988759052,-1.6582205281445872,0.0,-1.0121980279265403,-0.23632261648912098,0.4956390393367183,-0.638325571740905,-1.041734416155753,-1.0487421576863714,0.5665776114481458,1.0,0.0,0
-0.6251902050894994,-1.4349442875056013,0.0846193661861945,0.806421901920364,-0.6042450193076935,0.0,0.8237807099517775,0.11142372291853707,-1.0081962254017445,-0.638325571740905,0.8723877725188471,0.2863847139703712,0.17006974865754435,0.0,1.0,1
-0.5650871141811682,1.1007371077468535,-1.026619938549182,0.19895349622146163,-0.8837141876183322,0.0,0.3647860254821981,-1.0477307417736565,-0.5069178038222568,-0.638325571740905,0.23434704296064715,0.2863847139703712,-1.342534320506603,0.0,1.0,0
4.878535690944823,0.4886760813066058,-1.6450514431355505,1.6062553027572577,1.5654872189289142,0.0,-1.0121980279265403,-1.2795616347120953,-0.5069178038222568,-0.638325571740905,-1.1480745377487862,-1.0487421576863714,-0.6596596679227891,1.0,0.0,1
-0.5758198089862274,-0.9103205505568176,0.6235558215753596,-1.0058588417480336,-0.03549437118526185,0.0,0.3647860254821981,-0.004491723550682283,0.4956390393367183,-0.638325571740905,0.3406871645536805,0.2863847139703712,-0.494448058426705,1.0,0.0,0
-0.6101644323624166,1.3630489762212454,-0.7532307751591862,1.1202805781981338,-0.6356201881817529,0.0,-1.0121980279265403,-1.5113925276505338,-1.509474646981232,-0.638325571740905,-1.1480745377487862,-1.0487421576863714,0.25451123795554276,1.0,0.0,0
-0.5157167180778963,1.7127981341871013,-1.4264784983892744,-2.160048812575953,-1.035199317645404,0.0,-1.4711927123961197,-1.163646188242876,-1.509474646981232,-0.638325571740905,-1.5734350241209194,-1.0487421576863714,1.4036497662283047,0.0,1.0,1
-0.33755398431391465,0.5761133707980697,1.3766061183709188,-0.9349875277498279,1.0217519081520166,0.0,-1.0121980279265403,-0.4681535094275597,-0.5069178038222568,-0.638325571740905,-1.041734416155753,-1.0487421576863714,-0.9570405650157402,1.0,0.0,0
0.7915255091783061,-0.9103205505568176,1.3801426486059973,-1.0261077886046635,1.332232826392228,0.0,-1.0121980279265403,0.8069164017338532,1.4981958824956936,1.5665986829772471,-0.9353942945627195,-1.0487421576863714,-0.9093127667168714,1.0,0.0,1
-0.655241750543665,0.6635506602895337,-0.9631930375939666,-0.2161499143394566,-0.981534453509464,0.0,-0.5532033434569608,-0.004491723550682283,1.4981958824956936,1.5665986829772471,-0.6163739297836195,-1.0487421576863714,0.8345875557417932,0.0,1.0,0
-0.6831467570368187,-0.2108222346251059,-0.003870770782839504,-1.1476014697444452,-0.4353157799452372,0.0,-1.4711927123961197,-0.8158998488352177,-0.005639382242769227,-0.638325571740905,-1.5734350241209194,-1.0487421576863714,-1.1993509256099968,0.0,1.0,0
-0.13577932197880302,-1.2600697085226733,0.9393064666942327,-0.7426225326118401,0.38407280022518364,0.0,-0.09420865898738136,-0.35223806295834037,1.4981958824956936,1.5665986829772471,-0.19101344341148618,0.2863847139703712,-1.1883368183102578,1.0,0.0,1
-0.4577601661305769,0.6635506602895337,1.075462880744762,-1.0969791026028692,0.7360440479610145,0.0,1.282775394421357,-0.4681535094275597,0.9969174609162059,1.5665986829772471,1.191408137297947,1.6215115856271138,-1.2801210458080823,0.0,1.0,0
-0.4556136271695651,-0.29825952411656986,0.9609869346571063,-0.9451120011781445,0.4338611956199273,0.0,-0.5532033434569608,-0.004491723550682283,1.4981958824956936,1.5665986829772471,-0.6163739297836195,-1.0487421576863714,-0.5788895477247034,0.0,1.0,1
-0.6488021336606294,0.6198320155438017,1.2510592950256256,-0.2768967549093494,0.7568800674449458,0.0,0.3647860254821981,-1.163646188242876,-1.0081962254017445,-0.638325571740905,0.23434704296064715,0.2863847139703712,0.7978738647426632,0.0,1.0,1
-0.5629405752201564,-1.5661002217427973,-0.5898584545169644,-2.109426445434377,-1.1295671035639074,0.0,-1.4711927123961197,-0.6999844023659983,0.4956390393367183,-0.638325571740905,-1.5734350241209194,-1.0487421576863714,-1.4710322390035573,0.0,1.0,0
-0.5972851985963457,1.6253608446956371,1.0577802295693683,0.4216919116443921,0.8565779978825948,0.0,-1.4711927123961197,0.22733916938775642,0.9969174609162059,1.5665986829772471,-1.467094902527886,-1.0487421576863714,0.0011867700615471371,0.0,1.0,0
1.7853730481267818,-0.25454087937083786,1.2030086124837958,-1.0666056823179229,1.8989241004958988,0.0,-1.4711927123961197,0.4591700623261951,-1.509474646981232,-0.638325571740905,-1.3607547809348528,-1.0487421576863714,0.29489629805458556,1.0,0.0,0
1.2165402234586478,-1.5661002217427973,1.210004791861886,0.006588501083473899,1.292680731267207,0.0,-0.5532033434569608,1.3864936340799499,0.4956390393367183,-0.638325571740905,-0.40369368659755284,-1.0487421576863714,-0.5091335348263568,1.0,0.0,1
-0.04562468561630623,1.4067676209669773,1.09053157478988,1.1304050516264468,1.1452537794535758,0.0,1.7417700788909365,-1.2795616347120953,-1.0081962254017445,-0.638325571740905,1.6167686236700805,1.6215115856271138,-0.7037160971217447,1.0,0.0,1
2.3434731779898565,1.2756116867297813,1.0889170718564742,1.0392847907716112,2.463192581636322,0.0,-0.5532033434569608,0.11142372291853707,-1.509474646981232,-0.638325571740905,-0.5100338081905862,-1.0487421576863714,-1.342534320506603,1.0,0.0,1
0.705663950737833,-0.5168527478452297,0.5371414740921325,0.39131849135944574,0.7068493927538781,0.0,1.282775394421357,0.5750855087954145,-1.509474646981232,-0.638325571740905,1.4040883804840139,1.6215115856271138,0.21045480875658715,1.0,0.0,0
-0.5157167180778963,-0.9977578400482815,0.5224571855073491,-0.8236183200383626,-0.10060693207254769,0.0,-0.5532033434569608,-0.4681535094275597,-0.5069178038222568,-0.638325571740905,-0.6163739297836195,-1.0487421576863714,-0.5752181786247906,1.0,0.0,0
1.2294194572247183,-0.07966630038790996,-1.9370458308057428,0.1584556025081986,-0.849916225781025,0.0,-0.5532033434569608,-1.2795616347120953,-0.5069178038222568,-0.638325571740905,-0.7227140513766528,-1.0487421576863714,-0.520147642126096,1.0,0.0,0
1.1714629052773993,-0.12338494513364194,-1.8331025943312564,-0.4186393829057574,-0.810424700480085,0.0,-1.4711927123961197,-1.2795616347120953,1.4981958824956936,1.5665986829772471,-1.6797751457139527,-1.0487421576863714,-1.2470787239088654,1.0,0.0,1
-0.6166040492454521,1.7127981341871013,-0.6989527241599351,-0.4186393829057574,-0.5189627070013693,0.0,1.7417700788909365,-0.23632261648912098,-0.005639382242769227,-0.638325571740905,1.7231087452631138,1.6215115856271138,-1.382919380605646,0.0,1.0,0
-0.40195015314426946,-0.7354459715738897,1.1507294698782846,-1.6437006677318824,0.5167207149630032,0.0,1.7417700788909365,-0.8158998488352177,0.9969174609162059,1.5665986829772471,1.6167686236700805,1.6215115856271138,-0.8468994920183509,0.0,1.0,1
-0.3633124518460566,0.3575201470694098,1.0940681050249585,0.8975421627751995,0.7361651876091768,0.0,-1.4711927123961197,-0.4681535094275597,1.4981958824956936,1.5665986829772471,-1.5734350241209194,-1.0487421576863714,-0.806514431919308,1.0,0.0,1
-0.4942513284677779,0.27008285757794587,1.1849415558480674,1.3126455733361178,0.7144811905881086,0.0,-1.0121980279265403,-0.004491723550682283,1.4981958824956936,1.5665986829772471,-1.041734416155753,-1.0487421576863714,-0.4871053202268791,1.0,0.0,0
3.026072567591617,1.2756116867297813,0.01957796229757361,-0.9856098948914039,2.005950979647373,0.0,-0.5532033434569608,-0.6999844023659983,-1.509474646981232,-0.638325571740905,-0.6163739297836195,-1.0487421576863714,-0.3769642472294897,1.0,0.0,0
-0.02201275704517617,1.1007371077468535,-1.9381990471867467,0.5229366459275443,-1.2954072818982225,0.0,1.282775394421357,-1.0477307417736565,-1.509474646981232,-0.638325571740905,1.191408137297947,1.6215115856271138,-0.4614057365274881,1.0,0.0,1
-0.6101644323624166,1.1007371077468535,-0.33038476879108253,-1.724696455158405,-0.3606331868531228,0.0,-1.0121980279265403,0.6910009552646338,0.9969174609162059,1.5665986829772471,-0.9353942945627195,-1.0487421576863714,-1.6399152175995542,0.0,1.0,0
-0.11002085444666108,-0.5168527478452297,-0.7760644595030639,-0.16552754719788051,-0.7880744353941238,0.0,-0.09420865898738136,-0.6999844023659983,-0.005639382242769227,-0.638325571740905,-0.19101344341148618,0.2863847139703712,-1.147951758211215,1.0,0.0,1
-0.12075354925172017,0.7072693050352656,-0.6823464082734787,-0.03390939262978554,-0.4489439903635063,0.0,0.3647860254821981,-1.5113925276505338,0.9969174609162059,1.5665986829772471,0.1280069213676138,0.2863847139703712,-0.2484663287325353,1.0,0.0,0
-0.580112886908251,-0.6042900373366937,0.4471137152817601,1.2215253124812822,-0.10908670744391515,0.0,1.7417700788909365,-0.35223806295834037,-0.5069178038222568,-0.638325571740905,1.7231087452631138,1.6215115856271138,-1.6105442648002504,1.0,0.0,0
-0.1787101011990395,-0.2108222346251059,0.4494970291358344,-0.7324980591835271,0.2065426458431981,0.0,-1.0121980279265403,-1.5113925276505338,-1.509474646981232,-0.638325571740905,-1.1480745377487862,-1.0487421576863714,0.9483999978390955,1.0,0.0,0
-0.6230436661284876,0.4012387918151418,0.6593055293864809,1.7479979307536657,0.25675503000650945,0.0,0.3647860254821981,-1.5113925276505338,0.9969174609162059,1.5665986829772471,0.1280069213676138,0.2863847139703712,0.3646523109529321,1.0,0.0,0
1.3045483208601327,1.6253608446956371,0.4305073993953034,0.8570442690619401,1.4356860859229112,0.0,-0.09420865898738136,1.2705781876107307,1.4981958824956936,1.5665986829772471,0.02166679977458048,0.2863847139703712,-1.5701592047012076,1.0,0.0,0
-0.13363278301779113,-0.8666019058110855,0.40598233102595344,-0.18577649405451382,0.052331873732472535,0.0,-0.09420865898738136,-0.35223806295834037,1.4981958824956936,1.5665986829772471,-0.19101344341148618,0.2863847139703712,-0.5054621657264436,1.0,0.0,0
-0.5285959518439672,-1.4786629322513334,0.7085094283093151,-0.8944896340365684,-0.06789922706870179,0.0,0.3647860254821981,1.2705781876107307,-1.0081962254017445,-0.638325571740905,0.5533674077397471,0.2863847139703712,-1.2323932475092136,0.0,1.0,0
0.9804209377473468,0.6198320155438017,0.5647417861441595,1.6366287230422005,1.1356231774246652,0.0,1.7417700788909365,-1.6273079741197531,0.9969174609162059,1.5665986829772471,1.5104285020770472,1.6215115856271138,0.952071366939009,1.0,0.0,0
-0.6101644323624166,-0.42941545835376577,-0.21790773109716696,0.5431855927841741,-0.6112105490770311,0.0,1.7417700788909365,-1.0477307417736565,-0.005639382242769227,-0.638325571740905,1.6167686236700805,1.6215115856271138,-1.382919380605646,1.0,0.0,0
-0.38692438041718663,-1.0851951295397455,-0.5466512807753509,-1.5728293537336766,-0.8895894605542084,0.0,-1.4711927123961197,-0.9318152953044371,-0.5069178038222568,-0.638325571740905,-1.5734350241209194,-1.0487421576863714,1.117282976435093,0.0,1.0,0
0.3557781000929052,0.7072693050352656,-1.3218433320861855,0.9279155830601459,-0.683833768150385,0.0,-0.5532033434569608,-0.23632261648912098,0.4956390393367183,-0.638325571740905,-0.6163739297836195,-1.0487421576863714,1.3192082769303064,1.0,0.0,0
-0.4083897700273049,-1.4786629322513334,-0.6837302679306835,-0.4490128031907038,-1.0969199683841426,0.0,-1.4711927123961197,1.6183245270183886,-0.005639382242769227,-0.638325571740905,-1.2544146593418195,-1.0487421576863714,-0.5458472258254865,0.0,1.0,0
0.557552762428017,-1.2163510637769415,0.8760333279231508,1.7581224041819825,0.735196070423878,0.0,0.3647860254821981,1.1546627411415114,-1.509474646981232,-0.638325571740905,0.5533674077397471,0.2863847139703712,-1.4196330716047754,1.0,0.0,1
-0.6380694388555704,0.09520827859501796,-1.2652588483249263,-0.22627438776777328,-1.3358073545603801,0.0,-0.5532033434569608,-0.8158998488352177,1.4981958824956936,1.5665986829772471,-0.7227140513766528,-1.0487421576863714,-1.4600181317038183,0.0,1.0,0
-0.6273367440505112,-0.9103205505568176,1.3040303674597389,1.41389030761927,0.47153562619843115,0.0,-1.0121980279265403,0.9228318482030725,-1.509474646981232,-0.638325571740905,-0.8290541729696862,-1.0487421576863714,1.5578472684246505,1.0,0.0,0
0.19693421697803004,1.3630489762212454,-1.1580866059836288,0.8975421627751995,-0.4990958047027368,0.0,-1.4711927123961197,-0.8158998488352177,-0.005639382242769227,-0.638325571740905,-1.5734350241209194,-1.0487421576863714,-0.5899036550244425,1.0,0.0,0
-0.5414751856100382,-0.12338494513364194,-0.6323736984299755,0.2293269165064044,-0.8311395803158541,0.0,-1.4711927123961197,1.6183245270183886,-0.005639382242769227,-0.638325571740905,-1.2544146593418195,-1.0487421576863714,0.5372066586488421,0.0,1.0,0
-0.5114236401558726,1.4067676209669773,1.4197364110204655,-0.24652333462440298,1.1417407296568662,0.0,1.7417700788909365,-1.3954770811813144,-1.509474646981232,-0.638325571740905,1.6167686236700805,1.6215115856271138,-0.32923644893062093,0.0,1.0,1
2.4379208922743767,0.31380150232367787,1.2162321603193071,0.016712974511790556,2.4035918747404255,0.0,0.8237807099517775,0.9228318482030725,-1.0081962254017445,-0.638325571740905,0.9787278941118804,0.2863847139703712,1.054869701736572,1.0,0.0,1
0.6734658663226557,0.051489633849285975,0.8784935228692925,0.16858007593651525,1.083593698538918,0.0,1.282775394421357,-0.12040717001990163,-1.0081962254017445,-0.638325571740905,1.2977482588909803,1.6215115856271138,1.7671153071196901,1.0,0.0,0
-0.15939125054993308,-0.07966630038790996,-0.6461354139099555,1.8087447713235585,-0.6166618332443388,0.0,0.8237807099517775,-1.3954770811813144,-0.5069178038222568,-0.638325571740905,0.6597075293327804,0.2863847139703712,0.14437016495815339,1.0,0.0,0
-0.5221563349609317,-0.03594765564217798,0.6740666990633313,-1.4614601460222114,0.22840835233650958,0.0,-1.4711927123961197,-0.6999844023659983,0.4956390393367183,-0.638325571740905,-1.5734350241209194,-1.0487421576863714,-0.017170075438017497,0.0,1.0,0
-0.48137209470170705,-0.5605713925909617,-0.8404908146551494,-0.5198841171889096,-1.0580947111480958,0.0,0.8237807099517775,-1.2795616347120953,-0.005639382242769227,-0.638325571740905,0.6597075293327804,0.2863847139703712,1.6863451869216044,0.0,1.0,0
-0.4341482375594468,0.051489633849285975,0.3055756247865455,1.4645126747608461,0.007146784967900552,0.0,0.8237807099517775,-0.4681535094275597,-0.005639382242769227,-0.638325571740905,0.7660476509258137,0.2863847139703712,-1.0341393161139127,1.0,0.0,1
-0.5371821076880146,-0.5605713925909617,-0.8078163505267051,0.13820665565156887,-1.0638488444358096,0.0,1.282775394421357,-1.3954770811813144,0.4956390393367183,-0.638325571740905,1.0850680157049137,1.6215115856271138,1.0915833927357022,0.0,1.0,0
2.5516874572080037,0.2263642128322139,1.0533211262294868,0.8874176893468865,2.320066087332456,0.0,0.3647860254821981,-1.5113925276505338,0.9969174609162059,1.5665986829772471,0.1280069213676138,0.2863847139703712,1.7267302470206471,1.0,0.0,1
4.515770606533825,-0.42941545835376577,1.2661279890707433,1.5961308293289411,3.450783563280225,0.0,-1.4711927123961197,1.734239973487608,0.4956390393367183,-0.638325571740905,-1.2544146593418195,-1.0487421576863714,-0.13098251753532003,1.0,0.0,0
-0.48351863366271886,-1.1726324190312094,1.2310702110882241,1.8391181916085013,0.43707139629623026,0.0,-1.4711927123961197,1.2705781876107307,-1.509474646981232,-0.638325571740905,-1.2544146593418195,-1.0487421576863714,-0.5348331185257478,1.0,0.0,0
-0.4405878544424823,0.051489633849285975,-0.7081015741158995,-0.7426225326118401,-0.7951005349875424,0.0,0.3647860254821981,-0.23632261648912098,-0.5069178038222568,-0.638325571740905,0.3406871645536805,0.2863847139703712,-0.6633310370227018,0.0,1.0,0
0.5403804507399224,0.27008285757794587,0.48870638608996786,-0.4895106969039632,0.7498539678515274,0.0,-0.09420865898738136,-0.5840689558967791,0.4956390393367183,-0.638325571740905,-0.19101344341148618,0.2863847139703712,0.24349713065580364,1.0,0.0,1
2.152431210459804,-0.6480086820824257,0.3955265025048511,0.10783323536662609,1.3826874898518646,0.0,-1.4711927123961197,0.8069164017338532,-0.005639382242769227,-0.638325571740905,-1.3607547809348528,-1.0487421576863714,-1.0708530071130427,1.0,0.0,1
-0.5457682635320618,1.3630489762212454,1.436265845814855,0.23945138993472107,1.1256897262753494,0.0,-1.0121980279265403,-0.9318152953044371,0.9969174609162059,1.5665986829772471,-1.1480745377487862,-1.0487421576863714,-0.7514438954206134,1.0,0.0,1
-0.6702675232707478,-0.03594765564217798,1.6140149306735923,-0.7628714794684698,0.885348664321163,0.0,0.3647860254821981,1.734239973487608,0.9969174609162059,1.5665986829772471,0.5533674077397471,0.2863847139703712,-0.8395567538185249,0.0,1.0,1
0.3815365676250472,1.4942049104584412,0.43827238969406307,-0.08453175977136164,0.8918296354978509,0.0,-0.09420865898738136,-0.35223806295834037,1.4981958824956936,1.5665986829772471,-0.19101344341148618,0.2863847139703712,0.7024182681449261,1.0,0.0,0
-0.45132054924754145,-0.5605713925909617,1.1149797620671629,-1.4007133054523222,0.49945831509986227,0.0,1.7417700788909365,-0.4681535094275597,-1.0081962254017445,-0.638325571740905,1.7231087452631138,1.6215115856271138,0.6326622552465796,0.0,1.0,0
-0.4620532440526007,-1.3037883532684054,0.8516620217379346,-0.3680170157641849,0.12119976371279242,0.0,-0.5532033434569608,1.3864936340799499,0.4956390393367183,-0.638325571740905,-0.40369368659755284,-1.0487421576863714,-0.9276696122164365,0.0,1.0,0
1.7982522818928526,-1.5661002217427973,0.40475223355288237,-0.12502965348462108,0.986560840360842,0.0,-1.4711927123961197,-0.4681535094275597,1.4981958824956936,1.5665986829772471,-1.5734350241209194,-1.0487421576863714,-0.6559882988228759,1.0,0.0,1
-0.25169242587344154,1.6253608446956371,0.9759018665180903,-1.0058588417480336,0.9871059687775725,0.0,0.3647860254821981,-1.163646188242876,-1.0081962254017445,-0.638325571740905,0.23434704296064715,0.2863847139703712,-0.5091335348263568,1.0,0.0,0
-0.5049840232728371,-1.5223815769970652,-0.6678158818728294,-1.7651943488716644,-1.148586028325403,0.0,-0.09420865898738136,-0.23632261648912098,-1.509474646981232,-0.638325571740905,-0.08467332181845284,0.2863847139703712,-0.04654102823732161,0.0,1.0,0
-0.41697592587135224,-1.3037883532684054,-1.6667319110984242,0.7557995347787915,-1.8374466376008467,0.0,0.8237807099517775,-0.9318152953044371,1.4981958824956936,1.5665986829772471,0.6597075293327804,0.2863847139703712,-0.7991716937194822,0.0,1.0,0
-0.6230436661284876,-0.3856968136080338,1.1005261167585805,0.4520653319293385,0.42992415705464954,0.0,-1.0121980279265403,-1.0477307417736565,0.4956390393367183,-0.638325571740905,-1.1480745377487862,-1.0487421576863714,0.0011867700615471371,1.0,0.0,1
0.13468458710868705,0.6635506602895337,-0.855021341055799,0.7456750613504749,-0.4505188057896176,0.0,-1.4711927123961197,-0.12040717001990163,-0.5069178038222568,-0.638325571740905,-1.467094902527886,-1.0487421576863714,0.3646523109529321,1.0,0.0,0
0.5146219832077804,-0.5605713925909617,-1.8244919120197605,-0.560382010902169,-1.2712399220898252,0.0,1.7417700788909365,-0.12040717001990163,0.4956390393367183,-0.638325571740905,1.7231087452631138,1.6215115856271138,-0.9423550886160884,1.0,0.0,0
-0.3976570752222458,0.7947065945267296,-0.6731975583175143,0.12808218222325582,-0.5786239837213475,0.0,-0.5532033434569608,1.3864936340799499,0.4956390393367183,-0.638325571740905,-0.40369368659755284,-1.0487421576863714,-0.24479495963262254,0.0,1.0,0
-0.6702675232707478,1.4942049104584412,-0.5801714369165315,1.798620297895242,-0.5041231001014762,0.0,0.8237807099517775,-1.0477307417736565,0.9969174609162059,1.5665986829772471,0.6597075293327804,0.2863847139703712,-0.8432281229184377,1.0,0.0,0
-0.6788536791147951,1.3630489762212454,1.3462380870044823,-0.2971457017659791,0.9796558804155853,0.0,-0.5532033434569608,0.4591700623261951,-0.005639382242769227,-0.638325571740905,-0.5100338081905862,-1.0487421576863714,1.1503252983343095,0.0,1.0,0
-0.6230436661284876,-0.8228832610653536,0.41543870535018573,-0.08453175977136164,-0.2067252638628032,0.0,0.8237807099517775,1.2705781876107307,0.4956390393367183,-0.638325571740905,0.9787278941118804,0.2863847139703712,-0.2264381141330575,0.0,1.0,0
0.06814187931732053,-0.2108222346251059,-0.7346255508789898,0.016712974511790556,-0.5870431892686335,0.0,0.8237807099517775,-1.163646188242876,0.4956390393367183,-0.638325571740905,0.6597075293327804,0.2863847139703712,-0.3439219253302728,1.0,0.0,0
-0.49639786742878983,-1.4349442875056013,0.9336172658812799,0.23945138993472107,0.13731133691839081,0.0,0.3647860254821981,-0.23632261648912098,-0.5069178038222568,-0.638325571740905,0.3406871645536805,0.2863847139703712,-0.36227877082983784,0.0,1.0,0
-0.5565009583371209,0.9258625287639255,-0.3475292523220074,0.13820665565156887,-0.3826200329945965,0.0,-1.4711927123961197,0.22733916938775642,0.9969174609162059,1.5665986829772471,-1.467094902527886,-1.0487421576863714,-0.039198290037495684,0.0,1.0,0
-0.17227048431600406,0.7509879497809976,1.4174299782584576,0.016712974511790556,1.1859567012361396,0.0,1.282775394421357,-0.5840689558967791,0.4956390393367183,-0.638325571740905,1.191408137297947,1.6215115856271138,-0.26682317423210034,1.0,0.0,0
-0.39551053626123395,1.4067676209669773,1.426271303846154,0.05721086822505,1.2123045747114598,0.0,1.282775394421357,0.34325461585697575,0.9969174609162059,1.5665986829772471,1.2977482588909803,1.6215115856271138,-0.10895430293584223,1.0,0.0,0
-0.6294832830115231,-0.3419781688623018,-1.6172204878073229,-1.7145719817300882,-1.7051621418075142,0.0,-0.09420865898738136,-0.4681535094275597,0.9969174609162059,1.5665986829772471,-0.19101344341148618,0.2863847139703712,-0.28518001973166496,0.0,1.0,0
2.178189677991946,-0.7791646163196216,1.0793069353481084,-0.05415833948641526,1.9068587474505356,0.0,-1.4711927123961197,1.5024090805491692,-0.5069178038222568,-0.638325571740905,-1.2544146593418195,-1.0487421576863714,0.6106340406471018,1.0,0.0,0
-0.07996930899249549,0.31380150232367787,0.10453156903152909,0.9684134767734054,0.10678414558146819,0.0,0.8237807099517775,-1.2795616347120953,-0.005639382242769227,-0.638325571740905,0.6597075293327804,0.2863847139703712,-0.7698007409201784,1.0,0.0,0
-0.5650871141811682,-0.8666019058110855,-1.8384842707759412,0.07745981508167972,-1.9594342633003754,0.0,-0.5532033434569608,-1.2795616347120953,-0.5069178038222568,-0.638325571740905,-0.7227140513766528,-1.0487421576863714,1.34857922972961,0.0,1.0,0
-0.605871354440393,-1.5223815769970652,-0.6967231724899943,-0.9754854214630873,-1.228295916816257,0.0,0.8237807099517775,1.5024090805491692,1.4981958824956936,1.5665986829772471,0.9787278941118804,0.2863847139703712,0.735460590044143,1.0,0.0,0
1.049110184499725,0.5323947260523377,0.3079589386406203,0.4014429647877624,0.952702308699453,0.0,-1.4711927123961197,0.11142372291853707,0.4956390393367183,-0.638325571740905,-1.467094902527886,-1.0487421576863714,-0.9239982431165233,1.0,0.0,1
-0.6359228998945585,-1.3475069980141374,1.0207235431931092,0.4419408585010219,0.14657852000281393,0.0,-1.4711927123961197,1.1546627411415114,1.4981958824956936,1.5665986829772471,-1.3607547809348528,-1.0487421576863714,-0.6082605005240072,1.0,0.0,1
0.323580015677728,-0.7791646163196216,-0.7437744008349542,1.4037658341909534,-0.5760800511099373,0.0,-1.4711927123961197,-0.23632261648912098,-1.0081962254017445,-0.638325571740905,-1.467094902527886,-1.0487421576863714,-0.82119990831896,1.0,0.0,0
-0.5500613414540855,1.7127981341871013,0.11060517530481612,-0.18577649405451382,0.1563908315039676,0.0,0.3647860254821981,-0.6999844023659983,0.9969174609162059,1.5665986829772471,0.23434704296064715,0.2863847139703712,-0.9496978268159143,1.0,0.0,0
0.41802772996224824,-0.7791646163196216,0.32940876332729335,1.5657574090439947,0.3227155684309324,0.0,1.282775394421357,1.5024090805491692,-1.0081962254017445,-0.638325571740905,1.5104285020770472,1.6215115856271138,-0.17871031583418875,1.0,0.0,0
-0.22593395834129973,-0.5168527478452297,-1.9645692617657031,0.7760484816354212,-1.7898387558730264,0.0,-0.09420865898738136,-0.23632261648912098,-1.509474646981232,-0.638325571740905,-0.08467332181845284,0.2863847139703712,-0.32923644893062093,1.0,0.0,0
-0.3504332180799856,1.6690794894413692,0.4723307134797122,1.0899071579131874,0.5443405547440288,0.0,-0.09420865898738136,-1.2795616347120953,0.9969174609162059,1.5665986829772471,-0.2973535650045195,0.2863847139703712,-0.468748474727314,1.0,0.0,0
0.1110726585375571,0.31380150232367787,-1.0243135057871742,-0.7932448997534162,-0.6747482945382056,0.0,-1.0121980279265403,-0.6999844023659983,-1.509474646981232,-0.638325571740905,-1.041734416155753,-1.0487421576863714,-0.4100065691287066,1.0,0.0,0
-0.6659744453487241,0.7509879497809976,-0.8025884362661542,-0.4388883297623907,-0.8416787297059823,0.0,0.8237807099517775,0.34325461585697575,-0.005639382242769227,-0.638325571740905,0.8723877725188471,0.2863847139703712,-0.7661293718202652,0.0,1.0,0
-0.6208971271674758,-1.3912256427598693,1.277429509604582,0.016712974511790556,0.3476097661283037,0.0,-1.0121980279265403,0.5750855087954145,0.4956390393367183,-0.638325571740905,-0.9353942945627195,-1.0487421576863714,-1.1295949127116502,0.0,1.0,1
-0.17656356223802772,-1.2600697085226733,0.6609200323198863,0.4520653319293385,0.14173293407631823,0.0,1.7417700788909365,-1.2795616347120953,-1.0081962254017445,-0.638325571740905,1.6167686236700805,1.6215115856271138,-0.6376314533233113,1.0,0.0,1
-0.5650871141811682,1.0570184630011215,-0.8368005222359369,1.8087447713235585,-0.7438584638148505,0.0,0.3647860254821981,-0.8158998488352177,0.4956390393367183,-0.638325571740905,0.23434704296064715,0.2863847139703712,-0.9900828869149572,1.0,0.0,0
-0.6509486726216414,0.6198320155438017,-1.9363539009771407,0.2799492836479805,-1.7554956656189882,0.0,0.3647860254821981,0.4591700623261951,-1.0081962254017445,-0.638325571740905,0.4470272861467138,0.2863847139703712,-0.13465388663523317,1.0,0.0,0
0.10248650269350978,0.2263642128322139,0.779855081747424,-0.16552754719788051,0.7224158375427454,0.0,-0.5532033434569608,-0.5840689558967791,-1.0081962254017445,-0.638325571740905,-0.6163739297836195,-1.0487421576863714,1.6936879251214307,1.0,0.0,0
-0.5865525037912865,0.9695811735096576,0.7501020991175229,-1.3298419914541164,0.47486696652289695,0.0,-0.5532033434569608,-0.23632261648912098,0.4956390393367183,-0.638325571740905,-0.6163739297836195,-1.0487421576863714,1.3045228005306544,0.0,1.0,0
-0.40195015314426946,-0.2108222346251059,-0.7987443816628077,-1.5019580397354708,-0.9028542520279904,0.0,-1.0121980279265403,0.9228318482030725,-1.509474646981232,-0.638325571740905,-0.8290541729696862,-1.0487421576863714,-1.144280389111302,0.0,1.0,1
-0.569380192103192,1.2318930419840495,0.7976146140148844,-1.167850416601075,0.580137320776016,0.0,0.8237807099517775,-0.004491723550682283,-1.509474646981232,-0.638325571740905,0.8723877725188471,0.2863847139703712,-1.147951758211215,0.0,1.0,0
3.4317684312228525,0.09520827859501796,0.9262366810428551,-0.10478070662799135,2.6875432100330725,0.0,0.3647860254821981,0.5750855087954145,-0.5069178038222568,-0.638325571740905,0.4470272861467138,0.2863847139703712,0.9337145214394436,1.0,0.0,0
0.0702884182783324,0.4449574365608738,0.8013049064340971,-1.046356735461293,0.769599730501997,0.0,-1.0121980279265403,1.038747294672292,-1.0081962254017445,-0.638325571740905,-0.8290541729696862,-1.0487421576863714,1.4183352426279574,1.0,0.0,1
-0.5779663479472393,-0.9977578400482815,-1.0626002896365043,1.6265042496138875,-1.384505493121662,0.0,-0.09420865898738136,0.5750855087954145,-1.509474646981232,-0.638325571740905,0.02166679977458048,0.2863847139703712,1.0658838090363112,1.0,0.0,0
-0.5092771011948608,-0.3856968136080338,1.0118053365133457,-0.13515412691293774,0.4242305935910168,0.0,1.282775394421357,-0.9318152953044371,-1.0081962254017445,-0.638325571740905,1.191408137297947,1.6215115856271138,-0.9680546723154794,0.0,1.0,1
-0.6337763609335467,0.4449574365608738,-0.30785860881547256,-1.2083483103143344,-0.501579167490066,0.0,-1.4711927123961197,0.22733916938775642,0.9969174609162059,1.5665986829772471,-1.467094902527886,-1.0487421576863714,-0.832214015618699,0.0,1.0,0
-0.24095973106838248,0.5323947260523377,0.36884876355762736,1.6366287230422005,0.27262432391578273,0.0,-0.5532033434569608,0.11142372291853707,-1.509474646981232,-0.638325571740905,-0.5100338081905862,-1.0487421576863714,-1.0708530071130427,1.0,0.0,1
-0.6230436661284876,0.6198320155438017,-1.0444563519087093,0.2900737570762972,-1.037076982191921,0.0,-0.09420865898738136,0.11142372291853707,-0.005639382242769227,-0.638325571740905,-0.08467332181845284,0.2863847139703712,0.25451123795554276,0.0,1.0,0
-0.6616813674267005,0.051489633849285975,-0.7338567399583203,-0.13515412691293774,-0.9401652636620071,0.0,-0.09420865898738136,-0.35223806295834037,1.4981958824956936,1.5665986829772471,-0.19101344341148618,0.2863847139703712,-1.0488247925135648,0.0,1.0,0
-0.6015782765183694,-1.4349442875056013,-1.308389140974473,-0.5907554311871154,-1.6883843005370227,0.0,1.7417700788909365,-0.4681535094275597,-1.0081962254017445,-0.638325571740905,1.7231087452631138,1.6215115856271138,1.4550489336270866,1.0,0.0,0
-0.5414751856100382,-0.9540391953025495,-0.05261338315327163,0.6444303270673226,-0.5585148021263905,0.0,-0.5532033434569608,-1.3954770811813144,-1.0081962254017445,-0.638325571740905,-0.7227140513766528,-1.0487421576863714,-0.7477725263207006,1.0,0.0,0
-0.580112886908251,-0.7354459715738897,0.6454669328144338,0.7153016410655285,0.01810992312659672,0.0,-0.09420865898738136,-0.9318152953044371,-1.0081962254017445,-0.638325571740905,-0.19101344341148618,0.2863847139703712,-1.6252297411999024,1.0,0.0,0
-0.5200097959999199,-1.0414764847940134,1.3137942661522386,-1.03623226203298,0.5107243023789649,0.0,0.8237807099517775,0.9228318482030725,-1.0081962254017445,-0.638325571740905,0.9787278941118804,0.2863847139703712,0.9777709506383999,0.0,1.0,1
-0.6788536791147951,0.3575201470694098,1.1322011266901548,-0.8843651606082518,0.5881325375547337,0.0,-1.0121980279265403,-0.12040717001990163,0.9969174609162059,1.5665986829772471,-1.041734416155753,-1.0487421576863714,-0.4614057365274881,0.0,1.0,0
4.496451755884719,0.4449574365608738,-0.21998352058297407,-0.8742406871799386,2.462889732515916,0.0,1.282775394421357,-0.12040717001990163,-1.0081962254017445,-0.638325571740905,1.2977482588909803,1.6215115856271138,-0.6706737752225277,1.0,0.0,0
0.37939002866403543,-1.5223815769970652,-0.034700088701677546,-0.2870212283376624,-0.15069817658769677,0.0,-0.5532033434569608,-1.2795616347120953,-0.5069178038222568,-0.638325571740905,-0.7227140513766528,-1.0487421576863714,0.7942024956427505,1.0,0.0,0
1.7660541974776751,1.5816421999499053,1.425579374017552,-0.4388883297623907,2.4704003907019843,0.0,-0.5532033434569608,1.8501554199568273,-1.0081962254017445,-0.638325571740905,-0.2973535650045195,-1.0487421576863714,1.579875483024128,1.0,0.0,0
-0.0992881596416019,0.7509879497809976,0.9950452584427555,-0.2161499143394566,0.894373568109261,0.0,1.282775394421357,-0.004491723550682283,-0.5069178038222568,-0.638325571740905,1.2977482588909803,1.6215115856271138,-0.4871053202268791,1.0,0.0,0
-0.5028374843118253,-0.3856968136080338,-0.2992479265039768,0.2293269165064044,-0.6050324270207492,0.0,-1.4711927123961197,0.11142372291853707,0.4956390393367183,-0.638325571740905,-1.467094902527886,-1.0487421576863714,-0.8982986594171324,0.0,1.0,1
-0.6273367440505112,0.3575201470694098,-1.6608120670092708,-1.2792196243125402,-1.5832350859320663,0.0,0.8237807099517775,0.22733916938775642,-0.5069178038222568,-0.638325571740905,0.8723877725188471,0.2863847139703712,0.02321498466102493,0.0,1.0,0
-0.5135701791168844,0.6198320155438017,0.396602837793788,0.6545548004956393,0.16002502094883936,0.0,1.282775394421357,-0.6999844023659983,-0.005639382242769227,-0.638325571740905,1.191408137297947,1.6215115856271138,-1.1516231273111281,0.0,1.0,0
-0.38692438041718663,-1.3912256427598693,-1.6761882854226564,0.2293269165064044,-1.8473195189260816,0.0,-1.0121980279265403,0.8069164017338532,1.4981958824956936,1.5665986829772471,-0.9353942945627195,-1.0487421576863714,-0.1750389467342756,0.0,1.0,0
-0.44488093236450604,-0.12338494513364194,1.1754851815238352,-1.1071035760311858,0.6476726746265496,0.0,-1.0121980279265403,-1.3954770811813144,-1.0081962254017445,-0.638325571740905,-1.1480745377487862,-1.0487421576863714,0.3095817744542374,1.0,0.0,1
-0.5006909453508135,-0.9540391953025495,0.3289474767748918,-0.5907554311871154,-0.2348902320605594,0.0,0.8237807099517775,-0.35223806295834037,0.4956390393367183,-0.638325571740905,0.7660476509258137,0.2863847139703712,-0.31822234163088187,1.0,0.0,0
0.4394931195723666,-1.1726324190312094,-0.6407537374652706,0.23945138993472107,-0.5167216235103651,0.0,0.8237807099517775,1.2705781876107307,0.4956390393367183,-0.638325571740905,0.9787278941118804,0.2863847139703712,-0.43937752192801033,1.0,0.0,0
1.448366431247925,-0.5605713925909617,-1.6494336653833654,-0.35789254233586826,-0.6063649631505353,0.0,-0.09420865898738136,0.5750855087954145,-1.509474646981232,-0.638325571740905,0.02166679977458048,0.2863847139703712,-0.7110588353215705,1.0,0.0,0
-0.6080178934014048,-0.3419781688623018,-1.3321453984231537,-0.8438672668949924,-1.4684552692981998,0.0,-1.0121980279265403,-0.6999844023659983,-1.509474646981232,-0.638325571740905,-1.041734416155753,-1.0487421576863714,-0.11629704113566816,0.0,1.0,1
-0.6208971271674758,0.2263642128322139,-0.6102319439147003,-0.9046141074648815,-0.7809877659766237,0.0,-0.09420865898738136,0.11142372291853707,-0.005639382242769227,-0.638325571740905,-0.08467332181845284,0.2863847139703712,0.8309161866418805,0.0,1.0,0
-0.5393286466490264,-0.6917273268281576,-1.6026130803146061,0.05721086822505,-1.7203045978278133,0.0,1.282775394421357,0.34325461585697575,0.9969174609162059,1.5665986829772471,1.2977482588909803,1.6215115856271138,1.5431617920249985,0.0,1.0,0
-0.507130562233849,-0.9977578400482815,-0.7255535820150922,-1.7449454020150346,-1.0789913004561087,0.0,-0.09420865898738136,1.5024090805491692,-1.0081962254017445,-0.638325571740905,0.1280069213676138,0.2863847139703712,0.2288116542561518,0.0,1.0,0
-0.642362516777594,1.1007371077468535,0.7413376546218932,-1.1071035760311858,0.46553921361439243,0.0,1.7417700788909365,-0.35223806295834037,-0.5069178038222568,-0.638325571740905,1.7231087452631138,1.6215115856271138,1.3559219679294363,0.0,1.0,1
-0.5157167180778963,0.09520827859501796,0.2087054487822161,-1.7651943488716644,-0.10551308782312425,0.0,-0.5532033434569608,1.1546627411415114,-0.5069178038222568,-0.638325571740905,-0.40369368659755284,-1.0487421576863714,0.6546904698460574,0.0,1.0,0
0.12395189230362806,-1.3475069980141374,-0.8503315944397162,1.6872510901837765,-0.8986749341663879,0.0,-1.4711927123961197,-0.5840689558967791,0.9969174609162059,1.5665986829772471,-1.5734350241209194,-1.0487421576863714,0.4637792766505824,1.0,0.0,0
-0.5479148024930737,0.6635506602895337,-0.2746459770425598,1.1911518921963395,-0.37850128495707563,0.0,0.8237807099517775,0.6910009552646338,1.4981958824956936,1.5665986829772471,0.8723877725188471,0.2863847139703712,-1.4710322390035573,1.0,0.0,0
-0.49639786742878983,-1.2600697085226733,-0.3029382189231893,-1.3905888320240056,-0.7981290261916023,0.0,0.3647860254821981,1.8501554199568273,1.4981958824956936,1.5665986829772471,0.5533674077397471,0.2863847139703712,-0.8248712774188731,0.0,1.0,0
-0.6294832830115231,-1.5661002217427973,0.8980213202542924,-0.8236183200383626,0.005087410949139553,0.0,0.3647860254821981,-0.35223806295834037,-1.0081962254017445,-0.638325571740905,0.3406871645536805,0.2863847139703712,-1.4930604536030352,0.0,1.0,0
0.357924639053917,0.8821438840181935,-0.9970207181034149,1.100031631341504,-0.3879501775137419,0.0,0.8237807099517775,-1.2795616347120953,-0.005639382242769227,-0.638325571740905,0.6597075293327804,0.2863847139703712,0.6143054097470145,1.0,0.0,1
1.1027736585250207,-0.8228832610653536,1.254980230721039,-0.5097596437605929,1.4286599863294922,0.0,1.282775394421357,1.734239973487608,-0.005639382242769227,-0.638325571740905,1.5104285020770472,1.6215115856271138,-0.8982986594171324,1.0,0.0,0
-0.5328890297659908,-1.5223815769970652,-0.5927799360155076,0.7051771676372154,-1.1052180342832667,0.0,1.282775394421357,-0.35223806295834037,1.4981958824956936,1.5665986829772471,1.191408137297947,1.6215115856271138,1.778129414419429,0.0,1.0,0
0.20122729490005378,-1.0414764847940134,0.48163332561981037,-0.6920001654702677,0.26214574434973625,0.0,-0.09420865898738136,0.4591700623261951,1.4981958824956936,1.5665986829772471,-0.08467332181845284,0.2863847139703712,-1.144280389111302,1.0,0.0,0
-0.5886990427522983,1.2756116867297813,-0.925367540297038,-1.8563146097265,-0.7785044031892947,0.0,0.8237807099517775,-0.4681535094275597,-0.005639382242769227,-0.638325571740905,0.7660476509258137,0.2863847139703712,0.9300431523395307,0.0,1.0,0
-0.5092771011948608,-0.5168527478452297,-0.8084313992632406,0.9785379502017221,-1.0388940769143569,0.0,0.8237807099517775,0.6910009552646338,1.4981958824956936,1.5665986829772471,0.8723877725188471,0.2863847139703712,-1.0084397324145218,1.0,0.0,0
1.1392648208622216,-0.03594765564217798,0.9147813983248827,1.7277489838970361,1.355673348311651,0.0,-0.09420865898738136,0.4591700623261951,1.4981958824956936,1.5665986829772471,-0.08467332181845284,0.2863847139703712,-0.9460264577160011,1.0,0.0,1
-0.5393286466490264,-1.1289137742854773,1.353772434027041,0.7760484816354212,0.5119356988605889,0.0,-1.4711927123961197,-1.3954770811813144,0.9969174609162059,1.5665986829772471,-1.6797751457139527,-1.0487421576863714,-0.7808148482199171,1.0,0.0,0
-0.6724140622317596,0.051489633849285975,-1.8134979158541897,0.8367953222053104,-1.7968042856423638,0.0,1.7417700788909365,-0.6999844023659983,1.4981958824956936,1.5665986829772471,1.6167686236700805,1.6215115856271138,-0.4467202601278362,0.0,1.0,0
-0.3482866791189738,1.4942049104584412,0.7545612024574045,-1.9373103971530188,0.7291390880157584,0.0,-0.09420865898738136,0.6910009552646338,-1.0081962254017445,-0.638325571740905,0.02166679977458048,0.2863847139703712,-0.6339600842233981,0.0,1.0,0
-0.4341482375594468,-0.3419781688623018,0.13190123780735546,0.9481645299167757,-0.21690099430844426,0.0,1.282775394421357,1.038747294672292,0.4956390393367183,-0.638325571740905,1.4040883804840139,1.6215115856271138,0.709761006344752,1.0,0.0,0
-0.2173478024972524,0.051489633849285975,0.9700589035210039,-0.5198841171889096,0.6530028191456945,0.0,-1.0121980279265403,0.34325461585697575,-0.5069178038222568,-0.638325571740905,-0.9353942945627195,-1.0487421576863714,-0.18972442313392787,1.0,0.0,0
-0.2495458869124298,0.8821438840181935,1.3895990229302297,0.6343058536390096,1.1494936671392595,0.0,0.8237807099517775,-1.163646188242876,0.4956390393367183,-0.638325571740905,0.6597075293327804,0.2863847139703712,-0.9717260414153921,1.0,0.0,0
-0.569380192103192,-0.07966630038790996,-0.2665734623755324,-1.3703398851673758,-0.5490053397456427,0.0,-1.4711927123961197,-0.4681535094275597,1.4981958824956936,1.5665986829772471,-1.5734350241209194,-1.0487421576863714,-0.7257443117212224,0.0,1.0,1
-0.6251902050894994,1.4504862657127093,-0.9964056693668794,0.6444303270673226,-0.816299973415961,0.0,-1.4711927123961197,-1.2795616347120953,1.4981958824956936,1.5665986829772471,-1.6797751457139527,-1.0487421576863714,-1.3535484278063419,1.0,0.0,0
-0.5157167180778963,-0.5605713925909617,1.3141017905205064,-0.8337427934666757,0.6199922650214426,0.0,0.8237807099517775,1.5024090805491692,1.4981958824956936,1.5665986829772471,0.9787278941118804,0.2863847139703712,0.10765647395902372,0.0,1.0,0
-0.3311143674308792,-0.2108222346251059,-0.6064647704034207,0.5330611193558574,-0.7113930381073292,0.0,-1.4711927123961197,-0.12040717001990163,-0.5069178038222568,-0.638325571740905,-1.467094902527886,-1.0487421576863714,1.0144846416375293,1.0,0.0,1
-0.4105363089883168,-0.8228832610653536,0.5994151586663439,-0.003535972344839162,0.058146576844267585,0.0,0.8237807099517775,0.6910009552646338,1.4981958824956936,1.5665986829772471,0.8723877725188471,0.2863847139703712,0.5812630878477977,1.0,0.0,0
-0.3976570752222458,-0.5168527478452297,-1.0562960400870163,-0.4996351703322799,-1.1711785727076893,0.0,-1.4711927123961197,1.3864936340799499,-1.0081962254017445,-0.638325571740905,-1.2544146593418195,-1.0487421576863714,1.8331999509181238,0.0,1.0,0
-0.3075024388597491,-1.2600697085226733,-0.5684086298302915,0.006588501083473899,-0.9006737383610671,0.0,1.282775394421357,-0.8158998488352177,-0.5069178038222568,-0.638325571740905,1.191408137297947,1.6215115856271138,-1.0194538397142607,0.0,1.0,0
-0.39336399730022215,0.7509879497809976,-0.25250422252728455,0.18882902279314498,-0.2544542852387859,0.0,-1.4711927123961197,0.34325461585697575,1.4981958824956936,1.5665986829772471,-1.467094902527886,-1.0487421576863714,1.605575066723519,0.0,1.0,0
-0.5114236401558726,-1.2163510637769415,0.9628320808667127,0.3305716507895566,0.2003039539628348,0.0,0.3647860254821981,-1.2795616347120953,-1.509474646981232,-0.638325571740905,0.23434704296064715,0.2863847139703712,1.080569285435963,0.0,1.0,0
-0.44488093236450604,0.5323947260523377,0.4317374968683745,-0.08453175977136164,0.20708777425992864,0.0,0.3647860254821981,1.1546627411415114,-1.509474646981232,-0.638325571740905,0.5533674077397471,0.2863847139703712,-0.7367584190209615,1.0,0.0,0
-0.5328890297659908,-0.6042900373366937,-1.013934558358139,-0.7426225326118401,-1.2335049216872398,0.0,0.3647860254821981,1.6183245270183886,0.4956390393367183,-0.638325571740905,0.5533674077397471,0.2863847139703712,-1.6399152175995542,0.0,1.0,0
-0.6359228998945585,-1.6098188664885291,-0.14294866633191197,0.7051771676372154,-0.8283533684081192,0.0,-1.4711927123961197,-0.004491723550682283,-0.005639382242769227,-0.638325571740905,-1.467094902527886,-1.0487421576863714,0.5078357058495383,1.0,0.0,0
-0.6101644323624166,1.5379235552041732,-0.04923061510232682,0.6444303270673226,-0.04221762165827429,0.0,-1.4711927123961197,-0.8158998488352177,-0.005639382242769227,-0.638325571740905,-1.5734350241209194,-1.0487421576863714,-0.979068779615218,0.0,1.0,0
-0.34614014015796196,-0.1671035898793739,-0.18823162955933265,0.19895349622146163,-0.38068179862399837,0.0,0.3647860254821981,-1.163646188242876,-1.0081962254017445,-0.638325571740905,0.23434704296064715,0.2863847139703712,0.5922771951475367,1.0,0.0,0
5.086749970162971,1.5816421999499053,1.0469399955879317,1.282272153051175,4.046124364174301,0.0,-0.5532033434569608,-0.8158998488352177,1.4981958824956936,1.5665986829772471,-0.7227140513766528,-1.0487421576863714,1.32287964603022,1.0,0.0,1
-0.4856651726237307,-1.2163510637769415,-1.3738149503234287,-2.1904222328608958,-1.6260579515574722,0.0,1.282775394421357,0.6910009552646338,-1.0081962254017445,-0.638325571740905,1.4040883804840139,1.6215115856271138,0.7942024956427505,0.0,1.0,0
-0.6659744453487241,0.09520827859501796,-1.9461177996696404,-0.5401330640455393,-1.887961870884564,0.0,1.282775394421357,1.3864936340799499,-1.509474646981232,-0.638325571740905,1.5104285020770472,1.6215115856271138,0.22514028515623902,1.0,0.0,1
0.7485947299580695,-1.6972561559799932,-1.8320262590423193,-0.2667722814810327,-1.3971040165305508,0.0,0.8237807099517775,-0.23632261648912098,0.9969174609162059,1.5665986829772471,0.7660476509258137,0.2863847139703712,-0.7073874662216578,1.0,0.0,1
1.2337125351467424,1.4504862657127093,1.0783843622433051,1.3733924139060105,1.867367222149596,0.0,1.282775394421357,-0.4681535094275597,0.9969174609162059,1.5665986829772471,1.191408137297947,1.6215115856271138,0.6289908861466664,1.0,0.0,1
-0.6466555946996178,0.7072693050352656,-0.6847297221275535,0.3305716507895566,-0.7476137929078847,0.0,-1.0121980279265403,0.22733916938775642,-1.0081962254017445,-0.638325571740905,-0.9353942945627195,-1.0487421576863714,-0.8468994920183509,0.0,1.0,1
-0.36116591288504474,-0.7354459715738897,-0.11296504042581025,0.9582890033450923,-0.455848950308763,0.0,-1.0121980279265403,-0.8158998488352177,1.4981958824956936,1.5665986829772471,-1.1480745377487862,-1.0487421576863714,-1.4012762261052105,1.0,0.0,1
-0.6230436661284876,-1.0414764847940134,1.4653268986161538,-0.9147385808931981,0.5719603945250544,0.0,-1.0121980279265403,1.1546627411415114,-0.5069178038222568,-0.638325571740905,-0.8290541729696862,-1.0487421576863714,0.37199504915275805,0.0,1.0,0
0.7764997364512233,-0.42941545835376577,1.2435249480030666,1.353143467049381,1.3227233640114804,0.0,0.8237807099517775,0.9228318482030725,-1.0081962254017445,-0.638325571740905,0.9787278941118804,0.2863847139703712,-1.001096994214696,1.0,0.0,0
-0.6101644323624166,0.2263642128322139,-0.7059489035380255,-0.9248630543215112,-0.8503402145495932,0.0,-0.5532033434569608,0.5750855087954145,0.4956390393367183,-0.638325571740905,-0.5100338081905862,-1.0487421576863714,-1.5591450974014687,0.0,1.0,0
-0.6767071401537833,-0.8228832610653536,0.763710052413369,-0.4692617500473335,0.0373711271844172,0.0,-0.5532033434569608,1.038747294672292,-1.0081962254017445,-0.638325571740905,-0.40369368659755284,-1.0487421576863714,-0.44304889102792305,0.0,1.0,0
0.08746072996642694,-1.4786629322513334,-1.943580723631432,-0.3275191220509219,-1.8096450883475776,0.0,1.282775394421357,-0.9318152953044371,-1.0081962254017445,-0.638325571740905,1.191408137297947,1.6215115856271138,-0.9643833032155662,1.0,0.0,0
-0.6638279063877123,-1.4786629322513334,-1.1683886723205972,0.7456750613504749,-1.62290832070525,0.0,-0.09420865898738136,0.4591700623261951,1.4981958824956936,1.5665986829772471,-0.08467332181845284,0.2863847139703712,0.588605826047624,1.0,0.0,1
-0.21949434145826419,1.2318930419840495,1.296649782621314,-0.6008799046154321,1.1707536753917591,0.0,-1.0121980279265403,1.1546627411415114,-0.5069178038222568,-0.638325571740905,-0.8290541729696862,-1.0487421576863714,1.0254987489372682,1.0,0.0,1
0.905292074111933,-0.3419781688623018,0.6140994472511273,0.8772932159185698,0.9189043468621455,0.0,0.3647860254821981,-1.6273079741197531,0.4956390393367183,-0.638325571740905,0.1280069213676138,0.2863847139703712,-1.0414820543137386,1.0,0.0,1
-0.6509486726216414,1.0132998182553896,0.23722833393904666,0.806421901920364,0.04415494748151105,0.0,-1.0121980279265403,0.34325461585697575,-0.5069178038222568,-0.638325571740905,-0.9353942945627195,-1.0487421576863714,-0.13465388663523317,0.0,1.0,0
-0.2989162830157018,1.2318930419840495,1.3875232334444227,1.3126455733361178,1.1975255376356477,0.0,0.8237807099517775,1.2705781876107307,0.4956390393367183,-0.638325571740905,0.9787278941118804,0.2863847139703712,0.3316099890537152,1.0,0.0,0
0.3128473208726687,0.7947065945267296,1.2482146946191492,-0.18577649405451382,1.3361092951334246,0.0,-1.4711927123961197,0.4591700623261951,-1.509474646981232,-0.638325571740905,-1.3607547809348528,-1.0487421576863714,-0.8762704448176546,1.0,0.0,0
0.14541728191374634,-0.12338494513364194,0.7344183563358694,0.2900737570762972,0.6333176263193057,0.0,-1.4711927123961197,-1.6273079741197531,-0.005639382242769227,-0.638325571740905,-1.6797751457139527,-1.0487421576863714,-0.7551152645205266,1.0,0.0,0
-0.6380694388555704,0.6635506602895337,1.4997696278621373,-1.7044475083017752,0.9685716026087263,0.0,-1.4711927123961197,-1.0477307417736565,-1.0081962254017445,-0.638325571740905,-1.5734350241209194,-1.0487421576863714,-0.7551152645205266,0.0,1.0,0
-0.5371821076880146,0.0077709891035539986,-1.0473778334072525,-0.12502965348462108,-1.1265991821839287,0.0,0.3647860254821981,0.5750855087954145,-0.5069178038222568,-0.638325571740905,0.4470272861467138,0.2863847139703712,0.2912249289546724,0.0,1.0,0
-0.5715267310642037,0.7947065945267296,1.088071379843738,-0.3477680689075552,0.7108470011432367,0.0,1.282775394421357,0.5750855087954145,-1.509474646981232,-0.638325571740905,1.4040883804840139,1.6215115856271138,-0.039198290037495684,0.0,1.0,1
0.5103289052857567,-0.6917273268281576,0.5836545347926241,-0.9754854214630873,0.5944923690832593,0.0,-1.0121980279265403,1.3864936340799499,0.4956390393367183,-0.638325571740905,-0.8290541729696862,-1.0487421576863714,-0.6449741915231372,1.0,0.0,1
-0.5672336531421801,-1.4786629322513334,1.1268963313375366,-1.4108377788806352,0.23991661891193683,0.0,-0.09420865898738136,-0.23632261648912098,-1.509474646981232,-0.638325571740905,-0.08467332181845284,0.2863847139703712,0.9300431523395307,0.0,1.0,0
0.1196588143816044,1.2756116867297813,0.791771651017798,0.9684134767734054,0.9740834566001153,0.0,-1.4711927123961197,-1.163646188242876,-1.509474646981232,-0.638325571740905,-1.5734350241209194,-1.0487421576863714,-1.0818671144127814,1.0,0.0,0
-0.6359228998945585,-0.9977578400482815,-0.8218087092828861,-0.17565202062619717,-1.2275085091032016,0.0,0.3647860254821981,-1.6273079741197531,0.4956390393367183,-0.638325571740905,0.1280069213676138,0.2863847139703712,-0.7844862173198303,0.0,1.0,1
0.07672803516136784,0.6635506602895337,-1.319075612771776,0.5229366459275443,-0.8488259689475633,0.0,-1.4711927123961197,-0.6999844023659983,0.4956390393367183,-0.638325571740905,-1.5734350241209194,-1.0487421576863714,-1.1552944964110412,1.0,0.0,1
1.085601346836926,0.7509879497809976,-1.9506537841015892,-0.9046141074648815,-0.7576683837053632,0.0,0.8237807099517775,-0.004491723550682283,-1.509474646981232,-0.638325571740905,0.8723877725188471,0.2863847139703712,-1.015782470614348,1.0,0.0,0
3.019632950708582,0.6198320155438017,0.43389016744624825,0.796297428492051,2.183359994381196,0.0,0.3647860254821981,1.6183245270183886,0.4956390393367183,-0.638325571740905,0.5533674077397471,0.2863847139703712,-0.6192746078237462,1.0,0.0,1
0.853775139047649,-1.5223815769970652,-1.0981193541714251,0.7254261144938451,-0.7207813608399146,0.0,0.3647860254821981,0.34325461585697575,-1.509474646981232,-0.638325571740905,0.4470272861467138,0.2863847139703712,0.9227004141397053,1.0,0.0,0
2.3520593338339038,-1.4349442875056013,-1.6304440356428342,1.5758818824723113,-0.2752297348986362,0.0,-1.4711927123961197,0.6910009552646338,-0.5069178038222568,-0.638325571740905,-1.3607547809348528,-1.0487421576863714,0.26185397615536865,1.0,0.0,0
-0.6595348284656887,0.7072693050352656,-0.6742738936064512,0.5533100662124871,-0.7466446757225855,0.0,1.282775394421357,-0.12040717001990163,-1.0081962254017445,-0.638325571740905,1.2977482588909803,1.6215115856271138,0.5849344569477108,1.0,0.0,0
-0.4491740102865296,0.7509879497809976,-0.7529232507909186,0.2293269165064044,-0.6801995787055133,0.0,-0.5532033434569608,-0.4681535094275597,-0.5069178038222568,-0.638325571740905,-0.6163739297836195,-1.0487421576863714,-1.371905273305907,1.0,0.0,0
-0.6359228998945585,1.5379235552041732,-0.6539004042087154,-1.0666056823179229,-0.533136045836369,0.0,-1.4711927123961197,-0.5840689558967791,0.9969174609162059,1.5665986829772471,-1.5734350241209194,-1.0487421576863714,-0.1750389467342756,1.0,0.0,0
-0.5500613414540855,-0.1671035898793739,-0.609386251901964,1.3126455733361178,-0.8275659606950635,0.0,-0.09420865898738136,-0.6999844023659983,-0.005639382242769227,-0.638325571740905,-0.19101344341148618,0.2863847139703712,-0.2264381141330575,1.0,0.0,1
-0.6530952115826532,-0.7791646163196216,-1.1758461382510892,-1.8360656628698702,-1.4676678615851444,0.0,-1.0121980279265403,-0.004491723550682283,1.4981958824956936,1.5665986829772471,-1.041734416155753,-1.0487421576863714,-1.192008187410171,0.0,1.0,0
3.727990807842485,0.4886760813066058,-1.639362242322598,0.9076666362035162,0.9206608717605005,0.0,1.282775394421357,-1.0477307417736565,-1.509474646981232,-0.638325571740905,1.191408137297947,1.6215115856271138,1.844214058217862,1.0,0.0,0
0.41588119100123644,-1.6098188664885291,1.3190990615048566,0.8165463753486807,0.9170872521397095,0.0,0.8237807099517775,-1.3954770811813144,-0.5069178038222568,-0.638325571740905,0.6597075293327804,0.2863847139703712,0.04891456836041588,1.0,0.0,0
-0.6509486726216414,-1.0851951295397455,0.322028178488868,-0.4895106969039632,-0.35421278550051577,0.0,-0.5532033434569608,1.5024090805491692,0.9969174609162059,1.5665986829772471,-0.40369368659755284,-1.0487421576863714,-0.8872845521173937,0.0,1.0,0
-0.6337763609335467,-0.07966630038790996,0.4719463080193775,-1.420962252308952,-0.0035135040703901874,0.0,-0.09420865898738136,-0.12040717001990163,-1.0081962254017445,-0.638325571740905,-0.08467332181845284,0.2863847139703712,-1.316834736807212,0.0,1.0,0
0.4716912039875439,-0.2108222346251059,1.2742005037377708,0.9177911096318293,1.2233282826942373,0.0,-1.4711927123961197,0.5750855087954145,-1.0081962254017445,-0.638325571740905,-1.3607547809348528,-1.0487421576863714,1.1870389893334394,1.0,0.0,0
-0.6724140622317596,-0.2108222346251059,-1.2767141310428987,-0.8236183200383626,-1.4320528050254009,0.0,-1.4711927123961197,-0.35223806295834037,-1.509474646981232,-0.638325571740905,-1.467094902527886,-1.0487421576863714,-0.9129841358167846,0.0,1.0,1
-0.20446856873118144,0.7509879497809976,-0.6329887471665111,1.5657574090439947,-0.4476114542337201,0.0,-1.0121980279265403,-1.3954770811813144,-1.0081962254017445,-0.638325571740905,-1.1480745377487862,-1.0487421576863714,-1.482046346303296,1.0,0.0,0
-0.4405878544424823,-0.47313410309949777,-0.567870462185823,-0.7527470060401568,-0.8009152380993372,0.0,-0.5532033434569608,0.6910009552646338,0.9969174609162059,1.5665986829772471,-0.5100338081905862,-1.0487421576863714,1.080569285435963,1.0,0.0,0
-0.6466555946996178,0.7072693050352656,-0.9480474624567817,-0.813493846610046,-0.9550654403859814,0.0,-1.4711927123961197,1.3864936340799499,-1.0081962254017445,-0.638325571740905,-1.2544146593418195,-1.0487421576863714,1.2421095258321342,1.0,0.0,0
-0.5393286466490264,0.13892692334074994,0.06586037972186409,-1.2387217305992808,-0.22168601041085853,0.0,0.3647860254821981,-0.9318152953044371,-0.005639382242769227,-0.638325571740905,0.23434704296064715,0.2863847139703712,1.7597725689198638,0.0,1.0,1
-0.5328890297659908,1.0132998182553896,-0.28317977826198887,-0.39839043604912766,-0.2992153852347896,0.0,-1.4711927123961197,0.5750855087954145,-1.0081962254017445,-0.638325571740905,-1.3607547809348528,-1.0487421576863714,1.183367620233526,0.0,1.0,1
-0.06494353626541273,-0.47313410309949777,-0.1595549822183686,-0.8843651606082518,-0.26723451811991794,0.0,-1.4711927123961197,-0.004491723550682283,-0.005639382242769227,-0.638325571740905,-1.467094902527886,-1.0487421576863714,-0.1640248394345369,1.0,0.0,0
-0.5092771011948608,1.5816421999499053,-1.8104995532635795,0.4520653319293385,-1.363184915045081,0.0,1.7417700788909365,-0.4681535094275597,-1.0081962254017445,-0.638325571740905,1.7231087452631138,1.6215115856271138,-0.8101858010192212,0.0,1.0,1
-0.07996930899249549,-0.25454087937083786,-0.2162932281637614,0.2293269165064044,-0.27195896439825135,0.0,0.8237807099517775,-1.0477307417736565,0.9969174609162059,1.5665986829772471,0.6597075293327804,0.2863847139703712,-1.6582720630991192,1.0,0.0,1
-0.6466555946996178,1.3630489762212454,-0.7434668764666863,0.37106954450281604,-0.6485215607110478,0.0,-1.0121980279265403,-0.35223806295834037,-0.005639382242769227,-0.638325571740905,-1.041734416155753,-1.0487421576863714,1.3669360752291755,0.0,1.0,0
-0.6445090557386058,1.2318930419840495,0.4624899336951457,-1.167850416601075,0.2737145807492444,0.0,0.3647860254821981,-1.163646188242876,-1.0081962254017445,-0.638325571740905,0.23434704296064715,0.2863847139703712,-1.169979972810693,1.0,0.0,1
-0.5178632570389081,1.6253608446956371,0.9672143031145275,0.4216919116443921,0.8300484149350308,0.0,-1.4711927123961197,0.4591700623261951,-1.509474646981232,-0.638325571740905,-1.3607547809348528,-1.0487421576863714,1.4440348263273475,0.0,1.0,1
1.2787898533279904,1.3193303314755134,0.39022170715223314,0.16858007593651525,1.3215725373539375,0.0,-1.4711927123961197,-0.4681535094275597,1.4981958824956936,1.5665986829772471,-1.5734350241209194,-1.0487421576863714,-0.8542422302181768,1.0,0.0,1
-0.21305472457522875,-1.1289137742854773,0.7763185515123455,1.0696582110565576,0.24112801539356077,0.0,-1.4711927123961197,1.734239973487608,0.4956390393367183,-0.638325571740905,-1.2544146593418195,-1.0487421576863714,-0.11262567203575499,1.0,0.0,1
-0.5350355687270028,0.9258625287639255,0.4205128574266027,-1.046356735461293,0.234586474392792,0.0,-0.09420865898738136,-0.23632261648912098,-1.509474646981232,-0.638325571740905,-0.08467332181845284,0.2863847139703712,1.0585410708364849,0.0,1.0,1
-0.4062432310662931,-0.8228832610653536,-1.0216995486568987,-0.9248630543215112,-1.2166059407685863,0.0,-1.0121980279265403,-0.6999844023659983,-1.509474646981232,-0.638325571740905,-1.041734416155753,-1.0487421576863714,0.10398510485911057,0.0,1.0,1
-0.38048476353415117,1.2756116867297813,-0.282872253893721,-1.046356735461293,-0.15481692462521823,0.0,-0.5532033434569608,0.34325461585697575,-0.5069178038222568,-0.638325571740905,-0.5100338081905862,-1.0487421576863714,1.1282970837348314,0.0,1.0,0
-0.5221563349609317,-0.29825952411656986,-1.9511150706539908,0.2597003367913508,-1.8979558918579613,0.0,1.282775394421357,-0.35223806295834037,1.4981958824956936,1.5665986829772471,1.191408137297947,1.6215115856271138,1.4807485173264776,0.0,1.0,0
-0.5114236401558726,-0.9540391953025495,1.0154187478404912,0.6849282207805857,0.299880744752321,0.0,-1.0121980279265403,0.5750855087954145,0.4956390393367183,-0.638325571740905,-0.9353942945627195,-1.0487421576863714,1.32287964603022,1.0,0.0,1
0.16473613256285274,-1.3037883532684054,0.9686750438637991,-0.5401330640455393,0.5671148085985588,0.0,0.8237807099517775,1.1546627411415114,-0.005639382242769227,-0.638325571740905,0.9787278941118804,0.2863847139703712,0.772174281043273,1.0,0.0,0
0.14327074295273437,1.3193303314755134,0.5595907529756756,0.9886624236300351,0.8141791210257575,0.0,-1.4711927123961197,1.3864936340799499,-1.0081962254017445,-0.638325571740905,-1.2544146593418195,-1.0487421576863714,0.5408780277487553,1.0,0.0,0
-0.5243028739219436,-0.9977578400482815,-1.328685749280142,-1.2589706774559106,-1.5638527422260837,0.0,0.8237807099517775,0.6910009552646338,1.4981958824956936,1.5665986829772471,0.8723877725188471,0.2863847139703712,0.2875535598547596,0.0,1.0,0
3.0089002559035225,1.0132998182553896,1.5690394918144392,0.5938079599257502,3.1588370112088597,0.0,0.3647860254821981,-1.0477307417736565,-0.5069178038222568,-0.638325571740905,0.23434704296064715,0.2863847139703712,-0.2925227579314909,1.0,0.0,0
-0.6745606011927714,-0.42941545835376577,-1.937737760634345,-0.8641162137516221,-2.002499408222106,0.0,-0.5532033434569608,-1.163646188242876,-0.005639382242769227,-0.638325571740905,-0.7227140513766528,-1.0487421576863714,-0.3145509725309691,0.0,1.0,0
-0.6316298219725348,0.8821438840181935,1.4311148126463706,0.19895349622146163,0.9665727984140472,0.0,-0.09420865898738136,1.5024090805491692,-1.0081962254017445,-0.638325571740905,0.1280069213676138,0.2863847139703712,0.24349713065580364,0.0,1.0,0
-0.37619168561212757,0.3575201470694098,1.5851076400564275,1.7176245104687229,1.1157562751260328,0.0,-0.5532033434569608,-0.004491723550682283,1.4981958824956936,1.5665986829772471,-0.6163739297836195,-1.0487421576863714,-1.2360646166091267,1.0,0.0,0
-0.5886990427522983,-1.2600697085226733,-1.9565736281907427,-1.0767301557462394,-2.1530154210638783,0.0,-0.5532033434569608,1.5024090805491692,0.9969174609162059,1.5665986829772471,-0.40369368659755284,-1.0487421576863714,0.7648315428434467,1.0,0.0,0
0.6047766195702772,0.7072693050352656,-0.1354912004014202,-0.35789254233586826,0.39134117911492716,0.0,1.7417700788909365,-0.8158998488352177,0.9969174609162059,1.5665986829772471,1.6167686236700805,1.6215115856271138,-0.3696215090296638,1.0,0.0,0
-0.6702675232707478,0.3575201470694098,1.4903901346299724,-0.24652333462440298,0.875172933875522,0.0,1.282775394421357,1.038747294672292,0.4956390393367183,-0.638325571740905,1.4040883804840139,1.6215115856271138,1.6459601268225617,1.0,0.0,0
0.020918022175060398,1.6253608446956371,1.0118053365133457,1.5758818824723113,1.169239429789729,0.0,1.282775394421357,1.1546627411415114,0.9969174609162059,1.5665986829772471,1.4040883804840139,1.6215115856271138,-1.4012762261052105,1.0,0.0,0
-0.4942513284677779,0.4012387918151418,1.1319704834139541,-0.25664780805271603,0.7018220973551388,0.0,1.282775394421357,-1.3954770811813144,0.4956390393367183,-0.638325571740905,1.0850680157049137,1.6215115856271138,0.8345875557417932,1.0,0.0,1
-0.06709007522642452,0.6198320155438017,0.3096503226660925,-0.7831204263251031,0.3434910180907822,0.0,1.282775394421357,-0.35223806295834037,1.4981958824956936,1.5665986829772471,1.191408137297947,1.6215115856271138,-0.8138571701191339,1.0,0.0,1
-0.5414751856100382,0.9695811735096576,-0.1591705767580339,1.5252595153307353,-0.2160530167713072,0.0,0.3647860254821981,0.8069164017338532,0.4956390393367183,-0.638325571740905,0.4470272861467138,0.2863847139703712,-0.5311617494258346,1.0,0.0,0
-0.4942513284677779,0.8384252392724616,-1.952960216863597,-0.8438672668949924,-1.6316909451970234,0.0,1.282775394421357,1.3864936340799499,-1.509474646981232,-0.638325571740905,1.5104285020770472,1.6215115856271138,1.579875483024128,1.0,0.0,0
-0.5607940362591447,-0.6480086820824257,0.39337383192697734,-1.1577259431727585,-0.1502136179950471,0.0,-0.5532033434569608,1.734239973487608,-1.509474646981232,-0.638325571740905,-0.2973535650045195,-1.0487421576863714,-1.147951758211215,1.0,0.0,1
0.544673528661946,-0.12338494513364194,-1.2405031366793757,-1.0159833151763467,-0.6972802690964107,0.0,-0.5532033434569608,1.734239973487608,-1.509474646981232,-0.638325571740905,-0.2973535650045195,-1.0487421576863714,-1.0781957453128685,1.0,0.0,0
0.6326816260634308,-0.42941545835376577,-0.30839677645994124,1.1911518921963395,0.01889733083965238,0.0,0.8237807099517775,-1.3954770811813144,-0.5069178038222568,-0.638325571740905,0.6597075293327804,0.2863847139703712,0.8456016630415324,1.0,0.0,0
-0.655241750543665,-0.12338494513364194,0.09161554556428514,0.5735590130691168,-0.3249575604692979,0.0,0.8237807099517775,-0.004491723550682283,-1.509474646981232,-0.638325571740905,0.8723877725188471,0.2863847139703712,-1.522431406402339,1.0,0.0,1
1.5750122299476228,-1.0851951295397455,-1.0632153383730396,0.796297428492051,-0.1893417243515,0.0,-0.09420865898738136,0.5750855087954145,-1.509474646981232,-0.638325571740905,0.02166679977458048,0.2863847139703712,1.0438555944368328,1.0,0.0,0
-0.5715267310642037,1.4942049104584412,1.0684667013666718,-0.7729959528967865,0.8504604456503938,0.0,-1.4711927123961197,-1.163646188242876,-1.509474646981232,-0.638325571740905,-1.5734350241209194,-1.0487421576863714,0.9190290450397917,0.0,1.0,0
-0.0778227700314837,0.5323947260523377,1.1279726666264736,1.41389030761927,0.9627568994969318,0.0,0.8237807099517775,-1.5113925276505338,-1.0081962254017445,-0.638325571740905,0.6597075293327804,0.2863847139703712,-0.979068779615218,1.0,0.0,0
1.6522876325440483,-1.2600697085226733,1.6202422991310135,-0.5907554311871154,1.9296330013050658,0.0,0.8237807099517775,-0.004491723550682283,-1.509474646981232,-0.638325571740905,0.8723877725188471,0.2863847139703712,-0.35860740172992467,1.0,0.0,0
-0.4878117115847425,-0.29825952411656986,1.0491695472578724,0.7456750613504749,0.4851638366167003,0.0,0.3647860254821981,0.5750855087954145,-0.5069178038222568,-0.638325571740905,0.4470272861467138,0.2863847139703712,0.4380796929511918,0.0,1.0,0
0.2098134507441011,0.7947065945267296,-1.8309499237533824,1.1405295250547633,-1.14791976026051,0.0,1.282775394421357,1.6183245270183886,-0.5069178038222568,-0.638325571740905,1.5104285020770472,1.6215115856271138,-0.3732928781295765,1.0,0.0,0
2.113793509161591,1.6690794894413692,1.5968704471426673,-0.7426225326118401,2.8209785324839483,0.0,-0.09420865898738136,0.6910009552646338,-1.0081962254017445,-0.638325571740905,0.02166679977458048,0.2863847139703712,-1.636243848499641,1.0,0.0,0
0.10892611957654522,0.5761133707980697,-1.0465321413945166,0.5330611193558574,-0.6353173390613469,0.0,1.282775394421357,0.5750855087954145,-1.509474646981232,-0.638325571740905,1.4040883804840139,1.6215115856271138,0.7758456501431858,1.0,0.0,0
-0.6380694388555704,-0.8228832610653536,-1.8244150309276936,-1.3905888320240056,-1.9798462940157389,0.0,-0.5532033434569608,0.6910009552646338,0.9969174609162059,1.5665986829772471,-0.5100338081905862,-1.0487421576863714,-0.7073874662216578,0.0,1.0,0
-0.13577932197880302,-1.740974800725725,1.0857649470817305,-1.1880993634577048,0.39285542471695706,0.0,-0.5532033434569608,-0.4681535094275597,-0.5069178038222568,-0.638325571740905,-0.6163739297836195,-1.0487421576863714,-0.5091335348263568,1.0,0.0,0
-0.5972851985963457,0.3575201470694098,1.0450948493783254,-0.42876385633407404,0.5655399931724474,0.0,-1.0121980279265403,-0.6999844023659983,-1.509474646981232,-0.638325571740905,-1.041734416155753,-1.0487421576863714,0.9337145214394436,0.0,1.0,1
-0.3740451466511157,-0.9540391953025495,0.45088088879303917,-1.046356735461293,-0.06735409865197069,0.0,-0.5532033434569608,1.6183245270183886,1.4981958824956936,1.5665986829772471,-0.40369368659755284,-1.0487421576863714,-0.6890306207220928,0.0,1.0,1
0.13253804814767528,-0.25454087937083786,0.4321987834207756,-0.5097596437605929,0.35887575340740635,0.0,1.282775394421357,-0.004491723550682283,-0.5069178038222568,-0.638325571740905,1.2977482588909803,1.6215115856271138,-1.4563467626039053,1.0,0.0,0
0.357924639053917,-1.6535375112342612,1.3317844416959,-0.6616267451853213,0.8846823962562697,0.0,-0.09420865898738136,0.11142372291853707,-0.005639382242769227,-0.638325571740905,-0.08467332181845284,0.2863847139703712,1.7964862599189937,1.0,0.0,1
0.7722066585291997,-0.8666019058110855,1.2100816729539527,-0.05415833948641526,1.1970409790429986,0.0,0.8237807099517775,0.34325461585697575,-0.005639382242769227,-0.638325571740905,0.8723877725188471,0.2863847139703712,-0.9423550886160884,1.0,0.0,0
-0.5586474972981328,0.7509879497809976,1.6785181669177447,-0.4186393829057574,1.1736004571235752,0.0,-0.09420865898738136,0.4591700623261951,1.4981958824956936,1.5665986829772471,-0.08467332181845284,0.2863847139703712,0.2288116542561518,1.0,0.0,0
1.5320814507273859,-1.2600697085226733,-0.749309839463773,0.7760484816354212,-0.005027749672420091,0.0,-1.4711927123961197,-0.9318152953044371,-0.5069178038222568,-0.638325571740905,-1.5734350241209194,-1.0487421576863714,-0.6633310370227018,1.0,0.0,0
-0.530742490804979,0.4449574365608738,-1.6714985388065737,-0.6312533249003749,-1.5177591061002935,0.0,1.7417700788909365,-0.35223806295834037,-0.5069178038222568,-0.638325571740905,1.7231087452631138,1.6215115856271138,0.11499921215884966,0.0,1.0,0
-0.5157167180778963,-0.47313410309949777,0.4038296604480792,-0.2971457017659791,-0.07777210839393686,0.0,-1.4711927123961197,-0.9318152953044371,-0.5069178038222568,-0.638325571740905,-1.5734350241209194,-1.0487421576863714,-0.6890306207220928,1.0,0.0,1
-0.4620532440526007,0.9695811735096576,-0.18961548921653743,-0.10478070662799135,-0.19521699728737593,0.0,1.282775394421357,-0.23632261648912098,-1.509474646981232,-0.638325571740905,1.2977482588909803,1.6215115856271138,-0.9203268740166106,0.0,1.0,0
1.7381491909845215,-1.6535375112342612,1.221767598948126,-1.177974890029388,1.5769349156802606,0.0,0.8237807099517775,1.038747294672292,-0.5069178038222568,-0.638325571740905,0.9787278941118804,0.2863847139703712,-0.22276674503314436,1.0,0.0,0
-0.6359228998945585,-0.29825952411656986,-1.1420184577416408,0.6646792739239524,-1.3247230767535214,0.0,0.8237807099517775,0.4591700623261951,0.4956390393367183,-0.638325571740905,0.8723877725188471,0.2863847139703712,-1.5261027755022518,0.0,1.0,1
-0.5629405752201564,-0.47313410309949777,0.37200088833237116,-1.289344097740857,-0.12949873815927815,0.0,-1.4711927123961197,1.734239973487608,0.4956390393367183,-0.638325571740905,-1.2544146593418195,-1.0487421576863714,1.638617388622736,0.0,1.0,0
-0.4556136271695651,0.5761133707980697,-0.9127590411980617,-1.6437006677318824,-0.8485231198271573,0.0,-1.4711927123961197,0.5750855087954145,-1.0081962254017445,-0.638325571740905,-1.3607547809348528,-1.0487421576863714,-1.5407882519019038,0.0,1.0,0
-0.6745606011927714,-1.3912256427598693,-0.1913837543340769,-0.37814148919249796,-0.8398616349835465,0.0,1.282775394421357,-1.0477307417736565,-1.509474646981232,-0.638325571740905,1.191408137297947,1.6215115856271138,0.852944401241358,1.0,0.0,0
-0.3504332180799856,1.2318930419840495,-0.8103534265649138,-0.8337427934666757,-0.563118108756561,0.0,-0.09420865898738136,-0.004491723550682283,-0.5069178038222568,-0.638325571740905,-0.08467332181845284,0.2863847139703712,-0.4614057365274881,1.0,0.0,1
0.2892353923015387,-0.7791646163196216,1.8032192982503021,0.7659240082071046,1.411155307170027,0.0,-1.0121980279265403,1.038747294672292,-1.0081962254017445,-0.638325571740905,-0.8290541729696862,-1.0487421576863714,1.0915833927357022,1.0,0.0,0
-0.655241750543665,-0.6480086820824257,1.1872479886100753,0.19895349622146163,0.4219289402759312,0.0,-0.09420865898738136,-0.004491723550682283,-0.5069178038222568,-0.638325571740905,-0.08467332181845284,0.2863847139703712,0.14437016495815339,0.0,1.0,0
-0.41482938691034044,-0.07966630038790996,1.2958040906085777,0.4318163850727088,0.7691151719093479,0.0,0.8237807099517775,1.3864936340799499,0.9969174609162059,1.5665986829772471,0.9787278941118804,0.2863847139703712,0.863958508541097,0.0,1.0,0
-0.1980289518481459,1.4067676209669773,1.0858418281737974,-0.5907554311871154,1.0555498699893242,0.0,-1.0121980279265403,-1.163646188242876,-0.005639382242769227,-0.638325571740905,-1.1480745377487862,-1.0487421576863714,0.8786439849407489,1.0,0.0,1
0.3471919442488579,-1.0414764847940134,1.3265565274353488,-0.6211288514720618,1.0101830717525084,0.0,-1.4711927123961197,-0.004491723550682283,-0.005639382242769227,-0.638325571740905,-1.467094902527886,-1.0487421576863714,0.2875535598547596,1.0,0.0,0
-0.5157167180778963,0.09520827859501796,-1.6369789284685232,-1.5019580397354708,-1.5596128545404,0.0,1.282775394421357,0.9228318482030725,-0.005639382242769227,-0.638325571740905,1.4040883804840139,1.6215115856271138,0.9557427360389217,0.0,1.0,1
-0.6230436661284876,0.31380150232367787,0.43581219474792143,-0.3173946486226088,0.06129620769648967,0.0,-0.09420865898738136,-0.4681535094275597,0.9969174609162059,1.5665986829772471,-0.19101344341148618,0.2863847139703712,1.7083734015210825,0.0,1.0,0
-0.3525797570409975,-0.2108222346251059,0.4903208890233732,0.6950526942088987,0.1405821074187752,0.0,-0.5532033434569608,-0.4681535094275597,-0.5069178038222568,-0.638325571740905,-0.6163739297836195,-1.0487421576863714,-1.1406090200113892,1.0,0.0,0
0.9696882429422876,0.4012387918151418,-1.934893160227869,1.2215253124812822,-0.8881963546003409,0.0,1.282775394421357,-1.5113925276505338,-0.005639382242769227,-0.638325571740905,1.0850680157049137,1.6215115856271138,-0.7844862173198303,1.0,0.0,0
-0.2559855037954652,1.1007371077468535,1.1444252203287966,1.7176245104687229,1.00115816796441,0.0,1.7417700788909365,-0.004491723550682283,0.9969174609162059,1.5665986829772471,1.7231087452631138,1.6215115856271138,-0.9570405650157402,1.0,0.0,0
-0.27315781548355983,-0.8228832610653536,-1.2803275423700444,0.35082059764618634,-1.3452562471170468,0.0,0.3647860254821981,1.1546627411415114,-1.509474646981232,-0.638325571740905,0.5533674077397471,0.2863847139703712,1.00347053433779,1.0,0.0,1
-0.6187505882064639,-0.6917273268281576,-1.2887075814053395,-0.6008799046154321,-1.5178196759243745,0.0,0.8237807099517775,0.4591700623261951,0.4956390393367183,-0.638325571740905,0.8723877725188471,0.2863847139703712,0.9447286287391826,0.0,1.0,0
3.5970519312207627,0.9258625287639255,0.47755862774026336,0.7861729550637343,2.6114675109870897,0.0,-0.5532033434569608,0.6910009552646338,0.9969174609162059,1.5665986829772471,-0.5100338081905862,-1.0487421576863714,-1.162637234610867,1.0,0.0,0
-0.3890709193781985,0.09520827859501796,0.6609200323198863,-1.9271859237247058,0.32223100983828273,0.0,0.8237807099517775,1.5024090805491692,1.4981958824956936,1.5665986829772471,0.9787278941118804,0.2863847139703712,1.3302223842300454,0.0,1.0,0
-0.1872962570430868,-0.29825952411656986,-1.0429187300673708,-0.9552364746064576,-0.9934667088534598,0.0,1.7417700788909365,-0.5840689558967791,-1.509474646981232,-0.638325571740905,1.7231087452631138,1.6215115856271138,-0.6229459769236589,1.0,0.0,1
2.695505567595796,-1.0851951295397455,-0.12495849078825103,0.20907796964977468,1.1822013721431055,0.0,-0.09420865898738136,-0.4681535094275597,0.9969174609162059,1.5665986829772471,-0.19101344341148618,0.2863847139703712,-0.68535925162218,1.0,0.0,0
0.4480792754164139,-0.7791646163196216,-1.3409098429187836,0.6646792739239524,-0.9762648788144,0.0,0.3647860254821981,-1.163646188242876,-1.0081962254017445,-0.638325571740905,0.23434704296064715,0.2863847139703712,1.1980530966331786,1.0,0.0,1
0.16258959360184097,1.0570184630011215,0.25944696954638874,-0.14527860034125079,0.5304700650294351,0.0,-0.09420865898738136,-1.0477307417736565,-1.509474646981232,-0.638325571740905,-0.19101344341148618,0.2863847139703712,0.6106340406471018,1.0,0.0,1
-0.6101644323624166,0.3575201470694098,-1.5992303122636613,-0.7628714794684698,-1.525027484990037,0.0,-0.5532033434569608,-0.35223806295834037,-0.005639382242769227,-0.638325571740905,-0.6163739297836195,-1.0487421576863714,-1.4416612862042535,1.0,0.0,0
1.0941875026809735,-0.2108222346251059,0.7676309881087827,1.849242665036818,1.175538691494174,0.0,-1.0121980279265403,0.8069164017338532,1.4981958824956936,1.5665986829772471,-0.9353942945627195,-1.0487421576863714,0.21045480875658715,1.0,0.0,0
-0.605871354440393,-0.3856968136080338,0.874649468265946,0.3103227039329269,0.2616611857570866,0.0,-1.4711927123961197,-1.163646188242876,-1.509474646981232,-0.638325571740905,-1.5734350241209194,-1.0487421576863714,-0.0905974574362772,1.0,0.0,0
-0.605871354440393,1.5379235552041732,-1.3520576012684882,-1.6234517208752528,-1.0662110675749763,0.0,1.282775394421357,-1.5113925276505338,-0.005639382242769227,-0.638325571740905,1.0850680157049137,1.6215115856271138,0.11867058125876243,0.0,1.0,0
0.7936720481393178,-1.740974800725725,0.04633258233686424,0.7051771676372154,0.09848607968234388,0.0,0.8237807099517775,-1.163646188242876,0.4956390393367183,-0.638325571740905,0.6597075293327804,0.2863847139703712,-0.806514431919308,1.0,0.0,0
-0.37619168561212757,0.8384252392724616,1.2595162151529875,1.6872510901837765,0.9658459605250724,0.0,-1.0121980279265403,-0.5840689558967791,-1.0081962254017445,-0.638325571740905,-1.041734416155753,-1.0487421576863714,1.308194169630568,1.0,0.0,1
-0.5994317375573575,-0.7354459715738897,-0.8926930761685937,-2.09930197200606,-1.2046131156005095,0.0,-1.4711927123961197,0.9228318482030725,0.4956390393367183,-0.638325571740905,-1.3607547809348528,-1.0487421576863714,0.9080149377400526,0.0,1.0,0
0.46095850918248477,1.0570184630011215,0.10345523374259176,1.4543882013325293,0.5759580029144131,0.0,1.282775394421357,-1.6273079741197531,-0.5069178038222568,-0.638325571740905,1.0850680157049137,1.6215115856271138,1.1466539292343967,1.0,0.0,0
-0.6445090557386058,0.31380150232367787,1.3028771510787347,0.09770876193830944,0.7322887188679805,0.0,-0.5532033434569608,-1.6273079741197531,1.4981958824956936,1.5665986829772471,-0.8290541729696862,-1.0487421576863714,-0.6119318696239203,0.0,1.0,0
-0.6466555946996178,1.1007371077468535,-0.09705065436795622,-1.9575593440096521,-0.19739751095429922,0.0,1.282775394421357,1.3864936340799499,-1.509474646981232,-0.638325571740905,1.5104285020770472,1.6215115856271138,-0.6119318696239203,0.0,1.0,0
-0.5436217245710501,0.5761133707980697,-0.6943398586359195,0.6343058536390096,-0.72611150535906,0.0,0.3647860254821981,-1.0477307417736565,-0.5069178038222568,-0.638325571740905,0.23434704296064715,0.2863847139703712,1.4256779808277829,0.0,1.0,1
-0.5543544193761091,0.9695811735096576,-1.3396797454457128,0.3305716507895566,-1.1533710444278176,0.0,-0.09420865898738136,0.11142372291853707,-0.005639382242769227,-0.638325571740905,-0.08467332181845284,0.2863847139703712,0.8419302939416196,0.0,1.0,0
-0.5951386596353339,-1.0851951295397455,0.41282474821990994,-1.724696455158405,-0.25118351473840095,0.0,0.8237807099517775,-0.5840689558967791,-0.5069178038222568,-0.638325571740905,0.7660476509258137,0.2863847139703712,0.9740995815384864,0.0,1.0,0
-0.47493247781867154,-1.740974800725725,-1.1542425513802825,-0.35789254233586826,-1.563307613809353,0.0,0.3647860254821981,-0.9318152953044371,-0.005639382242769227,-0.638325571740905,0.23434704296064715,0.2863847139703712,-0.6523169297229631,1.0,0.0,0
-0.4641997830136124,-0.25454087937083786,0.4569544950663266,0.006588501083473899,0.04161101487010093,0.0,1.7417700788909365,-0.23632261648912098,-0.005639382242769227,-0.638325571740905,1.7231087452631138,1.6215115856271138,1.1503252983343095,1.0,0.0,0
0.08746072996642694,0.051489633849285975,0.10284018500605646,0.5229366459275443,0.1417935039003991,0.0,-0.09420865898738136,0.11142372291853707,-0.005639382242769227,-0.638325571740905,-0.08467332181845284,0.2863847139703712,0.9410572596392699,1.0,0.0,0
-0.5865525037912865,-1.3912256427598693,0.04633258233686424,0.6444303270673226,-0.6029124831779074,0.0,-1.4711927123961197,-1.5113925276505338,0.4956390393367183,-0.638325571740905,-1.6797751457139527,-1.0487421576863714,-0.9093127667168714,1.0,0.0,0
-0.6359228998945585,1.6690794894413692,-1.2408106610476433,-1.289344097740857,-0.9664525673132464,0.0,-0.09420865898738136,1.6183245270183886,-0.5069178038222568,-0.638325571740905,0.1280069213676138,0.2863847139703712,1.2935086932309154,0.0,1.0,1
-0.6123109713234285,-1.5661002217427973,-0.17739139557789585,-0.37814148919249796,-0.8324721164456403,0.0,-1.0121980279265403,-0.8158998488352177,1.4981958824956936,1.5665986829772471,-1.1480745377487862,-1.0487421576863714,-1.4563467626039053,1.0,0.0,0
-0.5972851985963457,-1.5223815769970652,1.1375828031348396,0.1584556025081986,0.22168510186349713,0.0,-0.5532033434569608,-0.4681535094275597,-0.5069178038222568,-0.638325571740905,-0.6163739297836195,-1.0487421576863714,0.41238010925180085,1.0,0.0,1
0.23771845723725482,1.4067676209669773,1.5026911093606805,1.6568776698988301,1.6298729419272258,0.0,1.282775394421357,0.34325461585697575,0.9969174609162059,1.5665986829772471,1.2977482588909803,1.6215115856271138,0.8419302939416196,1.0,0.0,0
2.472265515650566,0.0077709891035539986,0.180182563625386,0.05721086822505,1.5388970661572692,0.0,1.7417700788909365,-0.23632261648912098,-0.005639382242769227,-0.638325571740905,1.7231087452631138,1.6215115856271138,-0.20440989953357971,1.0,0.0,1
-0.5350355687270028,-0.6480086820824257,-1.086510309269319,-0.1959009674828269,-1.3015854039545043,0.0,-0.5532033434569608,0.34325461585697575,-0.5069178038222568,-0.638325571740905,-0.5100338081905862,-1.0487421576863714,0.761160173743534,0.0,1.0,1
0.33431271048278705,1.1007371077468535,-0.6027744779842084,1.1911518921963395,-0.04221762165827429,0.0,1.282775394421357,1.6183245270183886,-0.5069178038222568,-0.638325571740905,1.5104285020770472,1.6215115856271138,-0.2080812686334925,1.0,0.0,0
-0.48137209470170705,0.3575201470694098,1.0889939529485413,-0.42876385633407404,0.6655407727305025,0.0,-0.5532033434569608,-0.23632261648912098,0.4956390393367183,-0.638325571740905,-0.6163739297836195,-1.0487421576863714,-1.6399152175995542,0.0,1.0,0
0.8022582039833651,0.09520827859501796,0.2840489190078056,-0.6717512186136343,0.6976427794935365,0.0,-1.4711927123961197,-1.6273079741197531,-0.005639382242769227,-0.638325571740905,-1.6797751457139527,-1.0487421576863714,-0.450391629227749,1.0,0.0,1
0.2098134507441011,-0.9977578400482815,-0.7009516325536754,-0.9653609480347742,-0.6550025318877357,0.0,-0.09420865898738136,-1.2795616347120953,0.9969174609162059,1.5665986829772471,-0.2973535650045195,0.2863847139703712,-0.5715468095248775,1.0,0.0,0
-0.45990670509158876,1.6253608446956371,-0.6047733863779484,0.19895349622146163,-0.3757150730493404,0.0,0.8237807099517775,-1.6273079741197531,-1.509474646981232,-0.638325571740905,0.6597075293327804,0.2863847139703712,-0.8982986594171324,1.0,0.0,0
-0.2388131921073707,-0.03594765564217798,-1.5865449320726184,1.0190358439149814,-1.3926824193726235,0.0,-1.4711927123961197,1.6183245270183886,-0.005639382242769227,-0.638325571740905,-1.2544146593418195,-1.0487421576863714,0.8859867231405751,1.0,0.0,0
-0.28389051028861906,0.8821438840181935,-0.23551350118049338,0.2597003367913508,-0.1502136179950471,0.0,-0.5532033434569608,0.8069164017338532,1.4981958824956936,1.5665986829772471,-0.5100338081905862,-1.0487421576863714,-0.4320347837281844,1.0,0.0,0
0.7915255091783061,0.9258625287639255,0.32833242803835605,-0.9147385808931981,0.9106062809630217,0.0,1.282775394421357,0.9228318482030725,-0.005639382242769227,-0.638325571740905,1.4040883804840139,1.6215115856271138,0.3095817744542374,1.0,0.0,1
0.8237235935934836,0.6198320155438017,-0.10912098582246385,0.9380400564884626,0.5162967261944349,0.0,1.282775394421357,-0.23632261648912098,-1.509474646981232,-0.638325571740905,1.2977482588909803,1.6215115856271138,0.7758456501431858,1.0,0.0,1
-0.6638279063877123,-0.03594765564217798,0.9662917300097243,0.9481645299167757,0.3786820858819574,0.0,0.3647860254821981,0.5750855087954145,-0.5069178038222568,-0.638325571740905,0.4470272861467138,0.2863847139703712,-0.8468994920183509,1.0,0.0,0
-0.569380192103192,0.5761133707980697,0.23084720329749134,0.13820665565156887,-0.011751000145433082,0.0,0.8237807099517775,-1.5113925276505338,-1.0081962254017445,-0.638325571740905,0.6597075293327804,0.2863847139703712,-0.7587866336204393,1.0,0.0,0
2.0794488857854017,-1.6972561559799932,0.45518622994878716,1.7277489838970361,1.155914068491866,0.0,-0.09420865898738136,-1.2795616347120953,0.9969174609162059,1.5665986829772471,-0.2973535650045195,0.2863847139703712,0.39035189465232306,1.0,0.0,0
-0.5951386596353339,-0.3419781688623018,1.4982320060207988,-2.109426445434377,0.768691183140779,0.0,-0.5532033434569608,0.22733916938775642,-1.0081962254017445,-0.638325571740905,-0.5100338081905862,-1.0487421576863714,0.19576933235693492,0.0,1.0,1
-0.6380694388555704,0.4449574365608738,-0.6092324897178303,-1.0868546291745524,-0.7414356708516028,0.0,-1.4711927123961197,-1.163646188242876,-1.509474646981232,-0.638325571740905,-1.5734350241209194,-1.0487421576863714,0.02321498466102493,1.0,0.0,0
-0.08640892587553092,-0.6480086820824257,0.31187987433603354,-0.8641162137516221,0.05330099091777189,0.0,-1.0121980279265403,1.1546627411415114,-0.5069178038222568,-0.638325571740905,-0.8290541729696862,-1.0487421576863714,0.45643653845075643,1.0,0.0,0
0.13897766503071082,-0.03594765564217798,1.0106521201323415,0.19895349622146163,0.8666931585041545,0.0,1.282775394421357,0.34325461585697575,0.9969174609162059,1.5665986829772471,1.2977482588909803,1.6215115856271138,-0.8762704448176546,1.0,0.0,0
-0.6745606011927714,-1.740974800725725,-1.403260408585062,-1.8563146097265,-1.872153146799372,0.0,0.3647860254821981,-0.4681535094275597,-1.509474646981232,-0.638325571740905,0.3406871645536805,0.2863847139703712,-1.1552944964110412,0.0,1.0,1
-0.6015782765183694,-0.5605713925909617,-0.08751739895165708,0.6343058536390096,-0.5327120570678007,0.0,-0.09420865898738136,0.11142372291853707,-0.005639382242769227,-0.638325571740905,-0.08467332181845284,0.2863847139703712,1.6826738178216916,1.0,0.0,0
-0.6359228998945585,-0.25454087937083786,-1.6615039968378733,0.8469197956336271,-1.7243022062171722,0.0,1.7417700788909365,-0.23632261648912098,-0.005639382242769227,-0.638325571740905,1.7231087452631138,1.6215115856271138,-0.9129841358167846,1.0,0.0,0
2.3091285546136673,0.7947065945267296,-0.7067945955507619,0.4419408585010219,0.9224779664829363,0.0,0.3647860254821981,-1.2795616347120953,-1.509474646981232,-0.638325571740905,0.23434704296064715,0.2863847139703712,-0.8652563375179159,1.0,0.0,0
-0.20446856873118144,-0.3419781688623018,0.8239848285938407,1.2721476796228584,0.4579679856042429,0.0,1.7417700788909365,-0.35223806295834037,-0.5069178038222568,-0.638325571740905,1.7231087452631138,1.6215115856271138,1.3449078606296974,1.0,0.0,0
-0.38692438041718663,1.0132998182553896,0.29435098534477416,1.8188692447518715,0.23816009401358237,0.0,-0.09420865898738136,1.734239973487608,-0.005639382242769227,-0.638325571740905,0.1280069213676138,0.2863847139703712,-1.518760037302426,1.0,0.0,0
3.9726962493978326,-0.5605713925909617,1.6341577767951274,0.8469197956336271,3.405174485747085,0.0,1.282775394421357,-1.163646188242876,1.4981958824956936,1.5665986829772471,1.0850680157049137,1.6215115856271138,1.3595933370293491,1.0,0.0,0
-0.5414751856100382,-1.0851951295397455,0.562204710105951,-1.1476014697444452,-0.10321143450803924,0.0,-0.5532033434569608,1.038747294672292,-1.0081962254017445,-0.638325571740905,-0.40369368659755284,-1.0487421576863714,1.7230588779207345,1.0,0.0,0
-0.5586474972981328,0.6635506602895337,-0.2461999729777965,1.353143467049381,-0.3621474324551527,0.0,1.282775394421357,-0.23632261648912098,-1.509474646981232,-0.638325571740905,1.2977482588909803,1.6215115856271138,-1.6105442648002504,1.0,0.0,1
-0.48995825054575437,-0.07966630038790996,0.6753736776284691,0.3305716507895566,0.23791781471725781,0.0,-1.4711927123961197,0.34325461585697575,1.4981958824956936,1.5665986829772471,-1.467094902527886,-1.0487421576863714,-0.6963733589219187,1.0,0.0,0
-0.36760552976808025,-1.4349442875056013,-1.6451283242276176,0.5431855927841741,-1.8216379135156544,0.0,0.3647860254821981,0.6910009552646338,-0.005639382242769227,-0.638325571740905,0.4470272861467138,0.2863847139703712,0.3059104053543243,0.0,1.0,1
-0.1980289518481459,1.1007371077468535,0.8838751993139774,1.3936413607626403,0.8285947391570824,0.0,-1.0121980279265403,1.3864936340799499,0.4956390393367183,-0.638325571740905,-0.8290541729696862,-1.0487421576863714,-0.14199662483505912,1.0,0.0,0
-0.6852932959978305,-1.6098188664885291,-0.28571685430019733,-1.734820928586718,-0.9686936508042505,0.0,0.3647860254821981,1.038747294672292,1.4981958824956936,1.5665986829772471,0.4470272861467138,0.2863847139703712,1.0218273798373556,0.0,1.0,0
-0.41697592587135224,-0.2108222346251059,1.085073017253128,0.35082059764618634,0.572808372062191,0.0,1.7417700788909365,-0.35223806295834037,-0.5069178038222568,-0.638325571740905,1.7231087452631138,1.6215115856271138,1.4183352426279574,0.0,1.0,1
0.5468200676229579,1.3193303314755134,0.14758498058900849,0.2900737570762972,0.7173279723199252,0.0,-0.5532033434569608,0.11142372291853707,-1.509474646981232,-0.638325571740905,-0.5100338081905862,-1.0487421576863714,-1.5371168828019908,1.0,0.0,1
-0.2881835882106427,-0.6042900373366937,-0.796207305624599,0.16858007593651525,-0.9238719809841653,0.0,0.3647860254821981,1.8501554199568273,1.4981958824956936,1.5665986829772471,0.5533674077397471,0.2863847139703712,0.555563504148407,1.0,0.0,0
-0.2860370492496308,-1.5223815769970652,0.1678047078026105,0.8367953222053104,-0.3666901692612424,0.0,1.7417700788909365,-1.163646188242876,-0.5069178038222568,-0.638325571740905,1.6167686236700805,1.6215115856271138,-1.636243848499641,1.0,0.0,0
-0.5500613414540855,0.7072693050352656,0.4960100898363259,1.0190358439149814,0.23713040700420215,0.0,-0.09420865898738136,1.5024090805491692,-1.0081962254017445,-0.638325571740905,0.1280069213676138,0.2863847139703712,-0.7477725263207006,1.0,0.0,0
-0.42341554275438775,1.4942049104584412,0.25175886033969597,-0.30727017519429217,0.2906135616678984,0.0,-1.4711927123961197,0.6910009552646338,-0.5069178038222568,-0.638325571740905,-1.3607547809348528,-1.0487421576863714,-0.806514431919308,0.0,1.0,0
0.9009989961899091,0.4886760813066058,0.8142978109934079,1.0494092641999277,1.2583376410131688,0.0,0.8237807099517775,0.22733916938775642,-0.5069178038222568,-0.638325571740905,0.8723877725188471,0.2863847139703712,0.19209796325702214,1.0,0.0,0
-0.5092771011948608,-1.3475069980141374,-0.6765803263684591,-0.7831204263251031,-1.1191490938219417,0.0,-0.5532033434569608,0.9228318482030725,-1.509474646981232,-0.638325571740905,-0.40369368659755284,-1.0487421576863714,1.7120447706209954,1.0,0.0,0
-0.27315781548355983,0.4449574365608738,-1.0470703090389848,1.1506539984830764,-0.8804434171179478,0.0,1.282775394421357,0.8069164017338532,-0.5069178038222568,-0.638325571740905,1.4040883804840139,1.6215115856271138,0.9337145214394436,1.0,0.0,0
-0.07352969210946005,-0.7791646163196216,1.4724768401783779,-0.8944896340365684,0.9458579185782777,0.0,-1.0121980279265403,-1.3954770811813144,-1.0081962254017445,-0.638325571740905,-1.1480745377487862,-1.0487421576863714,-0.6376314533233113,1.0,0.0,1
-0.2795974323665954,1.1007371077468535,1.1741782029586976,0.3811940179311327,1.0112733285859696,0.0,1.282775394421357,-1.163646188242876,1.4981958824956936,1.5665986829772471,1.0850680157049137,1.6215115856271138,0.6510191007461446,1.0,0.0,1
0.44378619749439013,-1.4786629322513334,1.0666215551570655,0.7153016410655285,0.7629976196771469,0.0,-1.0121980279265403,1.5024090805491692,0.9969174609162059,1.5665986829772471,-0.8290541729696862,-1.0487421576863714,0.2875535598547596,1.0,0.0,1
0.8086978208664007,-0.07966630038790996,-1.1055768201019172,-0.38826596262081464,-0.4322872887411774,0.0,-0.09420865898738136,-1.3954770811813144,0.4956390393367183,-0.638325571740905,-0.2973535650045195,0.2863847139703712,-0.1750389467342756,1.0,0.0,0
-0.6337763609335467,1.2756116867297813,1.2091590998491495,1.282272153051175,0.877716866486932,0.0,0.8237807099517775,-1.3954770811813144,-0.5069178038222568,-0.638325571740905,0.6597075293327804,0.2863847139703712,1.2751518477313508,1.0,0.0,0
-0.5886990427522983,1.7127981341871013,-0.6695072658983018,0.21920244307809136,-0.48001631011716,0.0,1.282775394421357,-1.0477307417736565,-1.509474646981232,-0.638325571740905,1.191408137297947,1.6215115856271138,1.1429825601344838,0.0,1.0,1
0.24415807412029036,-1.1726324190312094,0.3900679449680994,0.34069612421787326,0.18516149794253575,0.0,-1.0121980279265403,-0.12040717001990163,0.9969174609162059,1.5665986829772471,-1.041734416155753,-1.0487421576863714,0.8676298776410105,1.0,0.0,0
1.061989418265796,-1.0414764847940134,-0.5706381815002324,0.49256322564259797,-0.08110344871840265,0.0,-1.4711927123961197,-0.23632261648912098,-1.0081962254017445,-0.638325571740905,-1.467094902527886,-1.0487421576863714,1.106268869135354,1.0,0.0,1
0.4051484961961773,-0.8666019058110855,-1.6693458682286997,0.3305716507895566,-1.278629440627731,0.0,0.8237807099517775,0.22733916938775642,-0.5069178038222568,-0.638325571740905,0.8723877725188471,0.2863847139703712,-0.832214015618699,1.0,0.0,0
1.5857449247526816,0.13892692334074994,1.1654906395551348,0.9279155830601459,1.8439267002301731,0.0,-1.0121980279265403,-0.8158998488352177,1.4981958824956936,1.5665986829772471,-1.1480745377487862,-1.0487421576863714,-0.10895430293584223,1.0,0.0,1
-0.01557314016214073,-0.6042900373366937,0.7265764849450429,1.8087447713235585,0.42968187775832445,0.0,0.8237807099517775,0.9228318482030725,-1.0081962254017445,-0.638325571740905,0.9787278941118804,0.2863847139703712,-0.5788895477247034,1.0,0.0,1
-0.569380192103192,-0.6917273268281576,-0.04830804199752409,-2.028430658007854,-0.512724015121006,0.0,1.7417700788909365,-1.163646188242876,-0.5069178038222568,-0.638325571740905,1.6167686236700805,1.6215115856271138,-1.6656148012989451,0.0,1.0,0
-0.5972851985963457,0.5761133707980697,-1.932740489649995,-2.089177498577747,-1.7320551436995655,0.0,-0.09420865898738136,1.5024090805491692,-1.0081962254017445,-0.638325571740905,0.1280069213676138,0.2863847139703712,0.8162307102422286,0.0,1.0,0
4.756182970167149,-1.4349442875056013,0.7582514948766172,0.19895349622146163,2.963438758722921,0.0,-1.0121980279265403,0.5750855087954145,0.4956390393367183,-0.638325571740905,-0.9353942945627195,-1.0487421576863714,-1.5150886682025129,1.0,0.0,1
-0.10572777652463743,-1.0851951295397455,0.19924907445798426,0.47231427878596827,-0.14324808822570956,0.0,0.8237807099517775,-0.12040717001990163,1.4981958824956936,1.5665986829772471,0.7660476509258137,0.2863847139703712,-1.0524961616134778,1.0,0.0,1
-0.5006909453508135,1.1444557524925854,1.4315760991987723,0.32044717736123995,1.0989784338555417,0.0,1.282775394421357,-0.004491723550682283,-0.5069178038222568,-0.638325571740905,1.2977482588909803,1.6215115856271138,0.41605147835171363,0.0,1.0,0
-0.580112886908251,-1.1726324190312094,1.6865138004927054,-1.8765635565831296,0.7413741924801599,0.0,0.3647860254821981,1.038747294672292,1.4981958824956936,1.5665986829772471,0.4470272861467138,0.2863847139703712,-0.6816878825222669,0.0,1.0,0
-0.30320936093772544,-0.6042900373366937,1.2742005037377708,1.768246877610299,0.6987936061510789,0.0,0.3647860254821981,0.5750855087954145,-0.5069178038222568,-0.638325571740905,0.4470272861467138,0.2863847139703712,-1.4379899171043404,1.0,0.0,0
-0.3998036141832576,0.6198320155438017,-1.3001628641233118,-1.8866880300114461,-1.1125469829970913,0.0,1.7417700788909365,-0.5840689558967791,-1.509474646981232,-0.638325571740905,1.7231087452631138,1.6215115856271138,1.4991053628260422,0.0,1.0,0
-0.4491740102865296,0.6635506602895337,1.1368139922141707,-0.13515412691293774,0.7892243535043049,0.0,-0.09420865898738136,1.6183245270183886,-0.5069178038222568,-0.638325571740905,0.1280069213676138,0.2863847139703712,-1.0451534234136517,0.0,1.0,0
0.7357154961919986,-1.3037883532684054,-0.7001828216330059,-0.5097596437605929,-0.4254428986200026,0.0,-0.5532033434569608,-0.23632261648912098,0.4956390393367183,-0.638325571740905,-0.6163739297836195,-1.0487421576863714,-0.9313409813163492,1.0,0.0,0
-0.569380192103192,-0.7791646163196216,-1.3931889855242947,0.8975421627751995,-1.5916542914793528,0.0,0.8237807099517775,0.5750855087954145,0.9969174609162059,1.5665986829772471,0.8723877725188471,0.2863847139703712,-0.03552692093758252,1.0,0.0,0
-0.5393286466490264,-1.4349442875056013,0.76494014988644,0.11795770879493915,-0.019806786748231726,0.0,-1.0121980279265403,-0.004491723550682283,1.4981958824956936,1.5665986829772471,-1.041734416155753,-1.0487421576863714,0.23615439245597772,0.0,1.0,1
-0.6659744453487241,-0.2108222346251059,1.2810429209317273,-0.4793862234756502,0.5866788617767846,0.0,-1.0121980279265403,1.1546627411415114,-0.5069178038222568,-0.638325571740905,-0.8290541729696862,-1.0487421576863714,-0.5128049039262697,0.0,1.0,1
-0.6273367440505112,1.0570184630011215,-1.642591248189409,0.16858007593651525,-1.413821287976961,0.0,0.8237807099517775,1.6183245270183886,-1.509474646981232,-0.638325571740905,1.0850680157049137,0.2863847139703712,1.5505045302248242,0.0,1.0,0
-0.507130562233849,1.3630489762212454,1.4206589841252688,1.2518987327662285,1.135199188656097,0.0,-0.5532033434569608,0.9228318482030725,-1.509474646981232,-0.638325571740905,-0.40369368659755284,-1.0487421576863714,-0.7404297881208747,1.0,0.0,0
0.3471919442488579,-0.29825952411656986,0.8655774994020485,-0.35789254233586826,0.8117563280625097,0.0,-0.09420865898738136,-0.4681535094275597,0.9969174609162059,1.5665986829772471,-0.19101344341148618,0.2863847139703712,0.19209796325702214,1.0,0.0,0
0.3042611650286214,-1.3912256427598693,-0.24950585993667423,-0.2161499143394566,-0.3332556263684217,0.0,-0.09420865898738136,0.4591700623261951,1.4981958824956936,1.5665986829772471,-0.08467332181845284,0.2863847139703712,1.2164099421327432,1.0,0.0,0
-0.6101644323624166,1.2756116867297813,0.4574926627107951,-0.8742406871799386,0.2988510577429408,0.0,1.7417700788909365,-0.12040717001990163,0.4956390393367183,-0.638325571740905,1.7231087452631138,1.6215115856271138,-0.35860740172992467,0.0,1.0,0
0.3557781000929052,0.8384252392724616,-0.5733290197225748,-1.0159833151763467,-0.06505244533688567,0.0,0.3647860254821981,-1.6273079741197531,0.4956390393367183,-0.638325571740905,0.1280069213676138,0.2863847139703712,-0.832214015618699,1.0,0.0,0
-0.6144575102844403,-0.6042900373366937,-0.7453889037683595,-0.5401330640455393,-1.067967592473331,0.0,-1.4711927123961197,0.6910009552646338,-0.5069178038222568,-0.638325571740905,-1.3607547809348528,-1.0487421576863714,1.0401842253369202,1.0,0.0,1
-0.6144575102844403,-1.3912256427598693,1.161185298399387,-0.7527470060401568,0.259662381562407,0.0,1.282775394421357,0.22733916938775642,0.4956390393367183,-0.638325571740905,1.2977482588909803,1.6215115856271138,0.8970008304403143,0.0,1.0,0
0.3557781000929052,0.5761133707980697,-1.6151446983215154,-0.30727017519429217,-0.9439811625791223,0.0,1.282775394421357,-1.0477307417736565,-1.509474646981232,-0.638325571740905,1.191408137297947,1.6215115856271138,1.1429825601344838,1.0,0.0,0
0.03594379490214315,-0.5168527478452297,-0.2122954113762813,-0.12502965348462108,-0.2615409546562857,0.0,1.282775394421357,0.22733916938775642,0.4956390393367183,-0.638325571740905,1.2977482588909803,1.6215115856271138,-0.5752181786247906,1.0,0.0,1
0.6777589442446792,-1.1289137742854773,-0.23320706841848568,0.14833112907988552,-0.05148480474269741,0.0,1.282775394421357,0.4591700623261951,1.4981958824956936,1.5665986829772471,1.2977482588909803,1.6215115856271138,0.8199020793421414,1.0,0.0,0
-0.3504332180799856,1.1881743972383174,0.03895199749843931,-1.8765635565831296,0.09630556601542115,0.0,1.282775394421357,1.5024090805491692,-1.0081962254017445,-0.638325571740905,1.5104285020770472,1.6215115856271138,-1.3498770587064288,0.0,1.0,1
-0.6101644323624166,1.1444557524925854,1.1385053762396429,1.110156104769817,0.8063050438952021,0.0,0.8237807099517775,-1.0477307417736565,0.9969174609162059,1.5665986829772471,0.6597075293327804,0.2863847139703712,0.5151784440493643,1.0,0.0,0
-0.3225282115868319,1.6690794894413692,-1.3257642677815986,1.2518987327662285,-0.8565183366058754,0.0,-1.4711927123961197,-0.4681535094275597,1.4981958824956936,1.5665986829772471,-1.5734350241209194,-1.0487421576863714,-0.10895430293584223,1.0,0.0,1
-0.0005473674350578839,-0.9540391953025495,1.3832947733807417,-0.24652333462440298,0.878019715607338,0.0,1.7417700788909365,-0.6999844023659983,1.4981958824956936,1.5665986829772471,1.6167686236700805,1.6215115856271138,-0.9753974105153053,1.0,0.0,1
-0.38048476353415117,-1.6098188664885291,0.2962730126464474,0.20907796964977468,-0.3381617821189988,0.0,1.282775394421357,1.2705781876107307,1.4981958824956936,1.5665986829772471,1.4040883804840139,1.6215115856271138,1.256795002231786,0.0,1.0,0
0.0810211130833915,-0.2108222346251059,1.444569003758083,-0.0440338660581022,1.1370768532026143,0.0,1.282775394421357,1.2705781876107307,1.4981958824956936,1.5665986829772471,1.4040883804840139,1.6215115856271138,0.03422909196076402,1.0,0.0,0
-0.4083897700273049,-0.5168527478452297,-0.5623350235570043,-0.5097596437605929,-0.7880744353941238,0.0,-1.0121980279265403,-0.23632261648912098,0.4956390393367183,-0.638325571740905,-1.041734416155753,-1.0487421576863714,0.6657045771457965,1.0,0.0,0
-0.5285959518439672,0.5761133707980697,1.536595670962196,0.7051771676372154,1.039983425200457,0.0,0.3647860254821981,-1.5113925276505338,0.9969174609162059,1.5665986829772471,0.1280069213676138,0.2863847139703712,-0.6596596679227891,0.0,1.0,0
-0.31823513366480827,-1.3037883532684054,-0.7614570520103475,-0.8438672668949924,-1.0685127208900618,0.0,-0.5532033434569608,-1.3954770811813144,-1.0081962254017445,-0.638325571740905,-0.7227140513766528,-1.0487421576863714,-1.4636895008037312,1.0,0.0,0
-0.6788536791147951,0.09520827859501796,1.13958171152858,-1.1071035760311858,0.5358002095485799,0.0,1.282775394421357,-1.2795616347120953,0.9969174609162059,1.5665986829772471,1.0850680157049137,1.6215115856271138,-0.18238168493410153,0.0,1.0,0
-0.569380192103192,0.7947065945267296,1.3960570346638514,-0.7729959528967865,0.9547011128941326,0.0,1.282775394421357,0.11142372291853707,-0.005639382242769227,-0.638325571740905,1.2977482588909803,1.6215115856271138,-1.3608911660061678,0.0,1.0,1
-0.45990670509158876,0.9695811735096576,1.3886764498254265,0.9481645299167757,1.0494323177571232,0.0,1.282775394421357,-1.3954770811813144,0.4956390393367183,-0.638325571740905,1.0850680157049137,1.6215115856271138,0.31325314355415057,1.0,0.0,0
1.1521440546282928,-0.5168527478452297,0.8056102475898451,-0.23639886119608633,1.1703296866231907,0.0,1.282775394421357,0.6910009552646338,-1.0081962254017445,-0.638325571740905,1.4040883804840139,1.6215115856271138,-0.4063352000287934,1.0,0.0,0
-0.6745606011927714,-1.5661002217427973,0.5960323906153991,1.363267940477694,-0.2582701841559013,0.0,-1.0121980279265403,-1.3954770811813144,-1.0081962254017445,-0.638325571740905,-1.1480745377487862,-1.0487421576863714,-1.5444596210018169,1.0,0.0,0
0.45666543126046105,-0.03594765564217798,0.5394479068541405,1.0696582110565576,0.6747473859908442,0.0,0.3647860254821981,1.2705781876107307,-1.0081962254017445,-0.638325571740905,0.5533674077397471,0.2863847139703712,-0.4907766893267918,1.0,0.0,0
-0.6015782765183694,-0.5605713925909617,0.34170973805800153,0.30019823050461025,-0.19455072922248257,0.0,1.282775394421357,-1.163646188242876,1.4981958824956936,1.5665986829772471,1.0850680157049137,1.6215115856271138,1.5101194701257814,0.0,1.0,1
-0.5607940362591447,-0.9977578400482815,-0.06722079064598821,0.9177911096318293,-0.5906168088894244,0.0,1.7417700788909365,-1.163646188242876,-0.5069178038222568,-0.638325571740905,1.6167686236700805,1.6215115856271138,0.0011867700615471371,1.0,0.0,1
-0.2087616466532051,1.0570184630011215,0.27174794427709736,1.6163797761855707,0.3305896455614879,0.0,0.3647860254821981,-0.5840689558967791,1.4981958824956936,1.5665986829772471,0.23434704296064715,0.2863847139703712,0.19209796325702214,1.0,0.0,0
-0.5114236401558726,0.6635506602895337,1.0881482609358053,0.6950526942088987,0.7157531568938138,0.0,-1.0121980279265403,0.9228318482030725,-1.509474646981232,-0.638325571740905,-0.8290541729696862,-1.0487421576863714,-0.6780165134223537,0.0,1.0,0
-0.5522078804150974,-1.0851951295397455,-0.4018073033212585,0.7557995347787915,-0.8687534410702769,0.0,-0.5532033434569608,-0.004491723550682283,1.4981958824956936,1.5665986829772471,-0.6163739297836195,-1.0487421576863714,-0.5017907966265309,1.0,0.0,1
1.0190586390455596,-0.2108222346251059,-0.7134832505605846,1.8087447713235585,-0.033737846286906834,0.0,-1.4711927123961197,-1.2795616347120953,1.4981958824956936,1.5665986829772471,-1.6797751457139527,-1.0487421576863714,1.1723535129337876,1.0,0.0,1
-0.6294832830115231,0.0077709891035539986,0.3923743777301073,0.05721086822505,-0.044398135325197575,0.0,0.3647860254821981,1.2705781876107307,-1.0081962254017445,-0.638325571740905,0.5533674077397471,0.2863847139703712,-0.18238168493410153,0.0,1.0,0
-0.5951386596353339,-0.8228832610653536,-0.801358338793083,-0.38826596262081464,-1.1496157153347832,0.0,-0.5532033434569608,-0.004491723550682283,1.4981958824956936,1.5665986829772471,-0.6163739297836195,-1.0487421576863714,-0.4283634146282712,0.0,1.0,0
-0.5672336531421801,-1.0851951295397455,0.6824467380986262,0.5836834864974335,-0.02301698742453523,0.0,-0.09420865898738136,-0.9318152953044371,-1.0081962254017445,-0.638325571740905,-0.19101344341148618,0.2863847139703712,0.1627270104577184,0.0,1.0,1
0.29567500918457407,0.13892692334074994,0.997582334480964,0.4419408585010219,0.983592918980863,0.0,-0.09420865898738136,-0.4681535094275597,0.9969174609162059,1.5665986829772471,-0.19101344341148618,0.2863847139703712,-0.24479495963262254,1.0,0.0,0
-0.6573882895046768,-1.1726324190312094,0.7876200720461837,-1.9474348705813354,-0.010418464015646325,0.0,0.8237807099517775,1.038747294672292,-0.5069178038222568,-0.638325571740905,0.9787278941118804,0.2863847139703712,1.605575066723519,0.0,1.0,0
1.025498255928595,0.27008285757794587,1.0952982024980291,0.9076666362035162,1.5015254846991712,0.0,-1.0121980279265403,-0.12040717001990163,0.9969174609162059,1.5665986829772471,-1.041734416155753,-1.0487421576863714,-1.6068728957003375,1.0,0.0,0
-0.4126828479493286,0.9258625287639255,1.5867221429898328,-0.11490518005630801,1.2224197353330195,0.0,1.7417700788909365,-1.163646188242876,-0.5069178038222568,-0.638325571740905,1.6167686236700805,1.6215115856271138,0.3095817744542374,0.0,1.0,1
-0.3525797570409975,1.0132998182553896,-1.347906022296874,-0.6413777983286915,-1.0362895744788654,0.0,-0.09420865898738136,-0.5840689558967791,0.4956390393367183,-0.638325571740905,-0.19101344341148618,0.2863847139703712,1.4954339937261294,1.0,0.0,0
-0.5457682635320618,0.051489633849285975,1.1215146548928518,1.5860063559006243,0.5869817108971906,0.0,-0.5532033434569608,0.4591700623261951,-0.005639382242769227,-0.638325571740905,-0.5100338081905862,-1.0487421576863714,0.3022390362544115,1.0,0.0,1
0.42017426892326,1.1881743972383174,-1.8381767464076735,0.3103227039329269,-0.9476759218480756,0.0,1.282775394421357,1.5024090805491692,-1.0081962254017445,-0.638325571740905,1.5104285020770472,1.6215115856271138,-0.04654102823732161,1.0,0.0,0
-0.5114236401558726,0.9258625287639255,-1.3750450477964997,-1.5424559334487338,-1.1666964057256808,0.0,-1.0121980279265403,-0.4681535094275597,-0.5069178038222568,-0.638325571740905,-1.041734416155753,-1.0487421576863714,-0.9093127667168714,0.0,1.0,1
-0.29676974405469003,-0.6480086820824257,-1.6754194745019872,0.9177911096318293,-1.6310852469562114,0.0,-1.4711927123961197,-0.12040717001990163,-0.5069178038222568,-0.638325571740905,-1.467094902527886,-1.0487421576863714,1.1393111910345703,1.0,0.0,0
-0.47922555574069525,1.1007371077468535,-0.37728223495190855,-0.8742406871799386,-0.32368559416359316,0.0,-1.0121980279265403,-0.9318152953044371,0.9969174609162059,1.5665986829772471,-1.1480745377487862,-1.0487421576863714,-0.615603238723833,0.0,1.0,0
4.219548229914193,0.6198320155438017,0.33471355867991137,0.806421901920364,2.782395554544226,0.0,1.7417700788909365,-0.12040717001990163,0.4956390393367183,-0.638325571740905,1.7231087452631138,1.6215115856271138,-0.7698007409201784,1.0,0.0,0
-0.6359228998945585,-0.6042900373366937,-1.8163425162606661,0.6039324333540632,-1.9238192067406323,0.0,1.282775394421357,-1.2795616347120953,0.9969174609162059,1.5665986829772471,1.0850680157049137,1.6215115856271138,0.5041643367496252,0.0,1.0,0
-0.5586474972981328,0.4886760813066058,-1.057679899744221,0.18882902279314498,-1.040226613044143,0.0,-0.5532033434569608,0.6910009552646338,0.9969174609162059,1.5665986829772471,-0.5100338081905862,-1.0487421576863714,0.41238010925180085,0.0,1.0,0
0.8129908987884242,-0.3419781688623018,-0.5613355693601341,0.14833112907988552,-0.05923774222509063,0.0,-1.4711927123961197,0.11142372291853707,0.4956390393367183,-0.638325571740905,-1.467094902527886,-1.0487421576863714,-0.5385044876256606,1.0,0.0,0
4.0327993403061635,-1.6972561559799932,0.07070388852208052,0.9987868970583518,1.9553751765395742,0.0,1.7417700788909365,-0.35223806295834037,-0.5069178038222568,-0.638325571740905,1.7231087452631138,1.6215115856271138,-0.9827401487151312,1.0,0.0,1
-0.6251902050894994,0.09520827859501796,0.9614482212095079,1.0494092641999277,0.4257448391930467,0.0,1.282775394421357,0.34325461585697575,0.9969174609162059,1.5665986829772471,1.2977482588909803,1.6215115856271138,-0.7624580027203525,1.0,0.0,1
-0.5371821076880146,-1.6972561559799932,-0.8071244206981026,0.4621898053576516,-1.3152741841968547,0.0,0.8237807099517775,-0.4681535094275597,-0.005639382242769227,-0.638325571740905,0.7660476509258137,0.2863847139703712,-0.8358853847186117,1.0,0.0,0
-0.38048476353415117,0.4449574365608738,-0.9073773647533769,-0.9856098948914039,-0.8309578708436105,0.0,-0.09420865898738136,-0.9318152953044371,-1.0081962254017445,-0.638325571740905,-0.19101344341148618,0.2863847139703712,-0.6559882988228759,1.0,0.0,0
-0.5006909453508135,1.4942049104584412,-1.8060404499236977,-0.8944896340365684,-1.3742086230278585,0.0,0.8237807099517775,-0.004491723550682283,-1.509474646981232,-0.638325571740905,0.8723877725188471,0.2863847139703712,-1.6325724793997283,0.0,1.0,0
0.6627331715175966,0.8821438840181935,1.3741459234247773,-0.9653609480347742,1.652162637189106,0.0,-1.0121980279265403,-1.3954770811813144,-1.0081962254017445,-0.638325571740905,-1.1480745377487862,-1.0487421576863714,-1.3058206295074732,1.0,0.0,0
-0.3718986076901039,-0.03594765564217798,-0.6519014958149751,0.18882902279314498,-0.7314416498782054,0.0,0.8237807099517775,-1.6273079741197531,-1.509474646981232,-0.638325571740905,0.6597075293327804,0.2863847139703712,-0.806514431919308,1.0,0.0,0
-0.5006909453508135,0.6198320155438017,-1.7978141730725363,-2.1296753922910066,-1.5615510889109983,0.0,-0.09420865898738136,1.038747294672292,0.4956390393367183,-0.638325571740905,0.02166679977458048,0.2863847139703712,-1.133266281811563,0.0,1.0,0
-0.569380192103192,0.9695811735096576,-0.6347570122840503,-1.9474348705813354,-0.6064861027986976,0.0,-0.09420865898738136,-0.4681535094275597,0.9969174609162059,1.5665986829772471,-0.19101344341148618,0.2863847139703712,-1.4600181317038183,0.0,1.0,0
2.3220077883797385,-1.2163510637769415,0.5078497780146329,1.1810274187680228,1.4408950907938938,0.0,-0.5532033434569608,1.038747294672292,-1.0081962254017445,-0.638325571740905,-0.40369368659755284,-1.0487421576863714,1.7487584616201255,1.0,0.0,0
-0.5886990427522983,0.9258625287639255,-0.7383158432982022,0.19895349622146163,-0.7086673960236755,0.0,-0.09420865898738136,-0.23632261648912098,-1.509474646981232,-0.638325571740905,-0.08467332181845284,0.2863847139703712,-1.6509293248992933,0.0,1.0,1
-0.32682128950885553,0.4012387918151418,1.3407026483756634,1.6366287230422005,0.9607580953022522,0.0,-0.5532033434569608,-1.163646188242876,-0.005639382242769227,-0.638325571740905,-0.7227140513766528,-1.0487421576863714,0.7501460664437949,1.0,0.0,1
-0.5951386596353339,0.6635506602895337,-1.953805908876333,0.47231427878596827,-1.7280575353102063,0.0,0.8237807099517775,-1.5113925276505338,-1.0081962254017445,-0.638325571740905,0.6597075293327804,0.2863847139703712,-1.1552944964110412,0.0,1.0,0
-0.5522078804150974,-0.3856968136080338,-0.8145050055365278,1.8188692447518715,-1.0388335070902757,0.0,0.8237807099517775,-1.5113925276505338,-1.0081962254017445,-0.638325571740905,0.6597075293327804,0.2863847139703712,-0.2961941270314041,1.0,0.0,0
1.1156528922910918,1.0132998182553896,1.0957594890504307,0.8874176893468865,1.7175174773727164,0.0,1.7417700788909365,-0.004491723550682283,0.9969174609162059,1.5665986829772471,1.7231087452631138,1.6215115856271138,1.3816215516288273,1.0,0.0,1
-0.6466555946996178,1.6690794894413692,-1.2929360414690205,-0.3680170157641849,-1.013575890448417,0.0,0.8237807099517775,0.6910009552646338,1.4981958824956936,1.5665986829772471,0.8723877725188471,0.2863847139703712,-0.468748474727314,0.0,1.0,0
-0.5092771011948608,-1.6535375112342612,-1.6222177587916728,-0.16552754719788051,-1.9319961329915938,0.0,1.282775394421357,-0.5840689558967791,0.4956390393367183,-0.638325571740905,1.191408137297947,1.6215115856271138,0.518849813149277,1.0,0.0,0
0.6777589442446792,-1.2600697085226733,-1.086433428177252,0.23945138993472107,-0.7527622279547863,0.0,1.282775394421357,1.038747294672292,0.4956390393367183,-0.638325571740905,1.4040883804840139,1.6215115856271138,1.6092464358234315,1.0,0.0,0
0.4352000416503429,0.6635506602895337,-0.18169673673364384,0.4419408585010219,0.24954722094084736,0.0,-1.0121980279265403,-1.5113925276505338,-1.509474646981232,-0.638325571740905,-1.1480745377487862,-1.0487421576863714,1.4844198864263904,1.0,0.0,0
-0.6788536791147951,-0.1671035898793739,0.7230399547099644,0.5431855927841741,0.14948587155871146,0.0,-0.5532033434569608,1.038747294672292,-1.0081962254017445,-0.638325571740905,-0.40369368659755284,-1.0487421576863714,1.7157161397209082,1.0,0.0,1
-0.580112886908251,-1.3475069980141374,1.3237119270288724,-1.0159833151763467,0.41678050522902954,0.0,1.282775394421357,-1.163646188242876,1.4981958824956936,1.5665986829772471,1.0850680157049137,1.6215115856271138,0.2288116542561518,0.0,1.0,0
0.8602147559306845,1.4504862657127093,1.472630602362512,1.8289937181801883,1.9671862922354073,0.0,1.282775394421357,-0.5840689558967791,0.4956390393367183,-0.638325571740905,1.191408137297947,1.6215115856271138,0.588605826047624,1.0,0.0,1
-0.6724140622317596,-1.6098188664885291,0.7748578107630739,-1.4108377788806352,-0.12586454871440636,0.0,-0.09420865898738136,-0.8158998488352177,-0.5069178038222568,-0.638325571740905,-0.19101344341148618,0.2863847139703712,-0.9753974105153053,0.0,1.0,0
-0.5779663479472393,1.5379235552041732,0.1915609652512915,-1.7044475083017752,0.16565801458839072,0.0,-0.09420865898738136,-0.6999844023659983,-0.005639382242769227,-0.638325571740905,-0.19101344341148618,0.2863847139703712,1.2604663713316988,0.0,1.0,1
-0.4684928609356361,-1.3475069980141374,-0.7260917496595607,0.9886624236300351,-1.1351395273793776,0.0,-0.09420865898738136,0.5750855087954145,-1.509474646981232,-0.638325571740905,0.02166679977458048,0.2863847139703712,1.6422887577226488,1.0,0.0,0
-0.5607940362591447,1.5816421999499053,-1.6815699618673412,-0.8539917403233089,-1.2906828356198892,0.0,0.8237807099517775,-0.12040717001990163,1.4981958824956936,1.5665986829772471,0.7660476509258137,0.2863847139703712,-1.3976048570052977,0.0,1.0,0
-0.4856651726237307,1.7127981341871013,0.464104436628551,-1.0261077886046635,0.4712327770780252,0.0,0.8237807099517775,0.34325461585697575,-0.005639382242769227,-0.638325571740905,0.8723877725188471,0.2863847139703712,-0.6816878825222669,1.0,0.0,1
-0.6831467570368187,1.7127981341871013,0.16949609182808312,0.10783323536662609,0.12768073488948084,0.0,1.282775394421357,-0.8158998488352177,-0.5069178038222568,-0.638325571740905,1.191408137297947,1.6215115856271138,0.717103744544578,1.0,0.0,0
-0.5221563349609317,-0.8228832610653536,1.4054365278960168,1.6366287230422005,0.6301679954670836,0.0,-1.4711927123961197,-0.4681535094275597,1.4981958824956936,1.5665986829772471,-1.5734350241209194,-1.0487421576863714,-0.7330870499210483,1.0,0.0,0
-0.6144575102844403,-0.7354459715738897,0.823831066409707,-0.3173946486226088,0.139249571288989,0.0,0.3647860254821981,-0.5840689558967791,1.4981958824956936,1.5665986829772471,0.23434704296064715,0.2863847139703712,0.6987468990450133,0.0,1.0,0
-0.6123109713234285,1.7127981341871013,-0.09828075184102726,-1.1273525228878156,-0.04330787849173593,0.0,-0.09420865898738136,-0.23632261648912098,-1.509474646981232,-0.638325571740905,-0.08467332181845284,0.2863847139703712,-0.13098251753532003,1.0,0.0,0
-0.5779663479472393,0.6198320155438017,1.2436018290951334,0.16858007593651525,0.7909808784026593,0.0,1.282775394421357,1.8501554199568273,0.4956390393367183,-0.638325571740905,1.5104285020770472,1.6215115856271138,0.1223419503586756,0.0,1.0,0
-0.6573882895046768,-0.5605713925909617,0.35577897790624924,-0.5806309577587988,-0.2149627599378461,0.0,-1.4711927123961197,-1.2795616347120953,1.4981958824956936,1.5665986829772471,-1.6797751457139527,-1.0487421576863714,-0.15668210123471096,0.0,1.0,1
-0.26886473756153617,-0.9540391953025495,1.0267971494663966,0.6039324333540632,0.4457328811398414,0.0,1.282775394421357,-0.6999844023659983,-0.005639382242769227,-0.638325571740905,1.191408137297947,1.6215115856271138,1.4036497662283047,1.0,0.0,0
1.3582117948854282,-1.6972561559799932,-1.3098498817237447,0.21920244307809136,-0.6416771705898725,0.0,-0.09420865898738136,1.6183245270183886,-0.5069178038222568,-0.638325571740905,0.1280069213676138,0.2863847139703712,1.1503252983343095,1.0,0.0,1
-0.6638279063877123,-0.1671035898793739,-0.7937471106784574,0.4014429647877624,-1.0370164123678398,0.0,0.3647860254821981,-1.163646188242876,-1.0081962254017445,-0.638325571740905,0.23434704296064715,0.2863847139703712,-1.3682339042059937,0.0,1.0,0
-0.6187505882064639,-0.6042900373366937,-0.9869492950426473,0.2293269165064044,-1.260700772699697,0.0,-0.5532033434569608,0.9228318482030725,-1.509474646981232,-0.638325571740905,-0.40369368659755284,-1.0487421576863714,0.7942024956427505,0.0,1.0,0
-0.6166040492454521,0.2263642128322139,-1.015087774739143,-1.2792196243125402,-1.0975256666249547,0.0,-1.4711927123961197,-1.163646188242876,-1.509474646981232,-0.638325571740905,-1.5734350241209194,-1.0487421576863714,0.46745064575049555,0.0,1.0,0
-0.40409669210528126,0.7072693050352656,-0.8994586122704833,0.12808218222325582,-0.7798975091431622,0.0,0.3647860254821981,1.734239973487608,0.9969174609162059,1.5665986829772471,0.5533674077397471,0.2863847139703712,-0.806514431919308,1.0,0.0,0
-0.2645716596395125,-0.8666019058110855,1.4346513428814496,0.7153016410655285,0.7888609345598174,0.0,-1.4711927123961197,-0.35223806295834037,-1.509474646981232,-0.638325571740905,-1.467094902527886,-1.0487421576863714,-0.3659501399297506,1.0,0.0,0
-0.37619168561212757,-0.3856968136080338,0.06539909316946252,-1.7955677691566108,-0.24627735898782438,0.0,1.282775394421357,1.8501554199568273,0.4956390393367183,-0.638325571740905,1.5104285020770472,1.6215115856271138,-0.0905974574362772,0.0,1.0,0
-0.6380694388555704,0.6635506602895337,-1.05245198548367,-1.1982238368860214,-1.0421648474147416,0.0,-1.4711927123961197,0.8069164017338532,-0.005639382242769227,-0.638325571740905,-1.3607547809348528,-1.0487421576863714,1.388964289828653,0.0,1.0,0
-0.6831467570368187,-0.8666019058110855,-0.7648398200612924,-0.8337427934666757,-1.1802034764957874,0.0,-1.4711927123961197,1.038747294672292,0.9969174609162059,1.5665986829772471,-1.3607547809348528,-1.0487421576863714,-1.173651341910606,1.0,0.0,0
-0.48351863366271886,0.8384252392724616,0.27712962072178227,1.8289937181801883,0.13131492433435263,0.0,0.8237807099517775,-1.3954770811813144,-0.5069178038222568,-0.638325571740905,0.6597075293327804,0.2863847139703712,-0.788157586419743,1.0,0.0,1
-0.6144575102844403,-0.9977578400482815,0.5189975363643374,-1.9575593440096521,-0.15905681231090196,0.0,-1.0121980279265403,-0.004491723550682283,1.4981958824956936,1.5665986829772471,-1.041734416155753,-1.0487421576863714,1.080569285435963,0.0,1.0,0
0.06170226243428509,-0.12338494513364194,-1.2910908952594142,-0.9248630543215112,-1.0096994217072202,0.0,0.8237807099517775,-0.004491723550682283,-1.509474646981232,-0.638325571740905,0.8723877725188471,0.2863847139703712,0.04524319926050312,1.0,0.0,0
-0.3718986076901039,0.5761133707980697,-0.8930006005368614,0.4014429647877624,-0.785712212254957,0.0,-0.09420865898738136,1.1546627411415114,0.9969174609162059,1.5665986829772471,0.02166679977458048,0.2863847139703712,0.21045480875658715,0.0,1.0,0
-0.19158933496511046,-1.3912256427598693,1.2416029207013934,1.41389030761927,0.5616635244312511,0.0,-1.4711927123961197,-0.4681535094275597,1.4981958824956936,1.5665986829772471,-1.5734350241209194,-1.0487421576863714,0.6032913024472758,1.0,0.0,1
-0.642362516777594,-0.07966630038790996,0.988202841248799,0.05721086822505,0.39836727870834615,0.0,-0.09420865898738136,-1.6273079741197531,-0.5069178038222568,-0.638325571740905,-0.2973535650045195,0.2863847139703712,-0.7955003246195693,0.0,1.0,0
-0.4277086206764114,-1.3037883532684054,0.8660387859544502,0.05721086822505,0.1519086645219593,0.0,-1.0121980279265403,1.038747294672292,-1.0081962254017445,-0.638325571740905,-0.8290541729696862,-1.0487421576863714,-0.1750389467342756,0.0,1.0,1
-0.6037248154793812,0.5761133707980697,0.8534302868554741,0.13820665565156887,0.4593610915581105,0.0,1.282775394421357,-1.3954770811813144,0.4956390393367183,-0.638325571740905,1.0850680157049137,1.6215115856271138,-1.1002239599123464,1.0,0.0,0
-0.580112886908251,-1.740974800725725,-0.6909570905849747,0.8367953222053104,-1.2576722814956371,0.0,0.8237807099517775,-1.6273079741197531,-1.509474646981232,-0.638325571740905,0.6597075293327804,0.2863847139703712,-0.8689277066178287,0.0,1.0,1
-0.47922555574069525,-1.0414764847940134,-0.6120002090322396,-1.1273525228878156,-0.9834726878800624,0.0,1.282775394421357,0.11142372291853707,-0.005639382242769227,-0.638325571740905,1.2977482588909803,1.6215115856271138,0.1333560576584143,1.0,0.0,0
0.17761536632892364,1.4504862657127093,-0.0017949812970325892,0.9684134767734054,0.42035412484982043,0.0,0.3647860254821981,1.038747294672292,1.4981958824956936,1.5665986829772471,0.4470272861467138,0.2863847139703712,1.3265510151301325,1.0,0.0,0
-0.3633124518460566,-1.4786629322513334,1.2083902889284805,0.4419408585010219,0.41920329819227736,0.0,0.3647860254821981,0.4591700623261951,-1.0081962254017445,-0.638325571740905,0.4470272861467138,0.2863847139703712,0.012200877361286229,1.0,0.0,0
1.6372618598169655,1.5379235552041732,1.0464018279434635,0.4621898053576516,2.089295057583099,0.0,0.3647860254821981,1.6183245270183886,0.4956390393367183,-0.638325571740905,0.5533674077397471,0.2863847139703712,0.709761006344752,1.0,0.0,1
0.8344562883985427,-0.25454087937083786,-0.8072013017901698,-0.05415833948641526,-0.22144373111453397,0.0,1.282775394421357,-0.6999844023659983,-0.005639382242769227,-0.638325571740905,1.191408137297947,1.6215115856271138,-1.1112380672120854,1.0,0.0,1
-0.5157167180778963,-0.2108222346251059,-0.14925291588140047,1.2215253124812822,-0.4553643917161133,0.0,0.8237807099517775,-0.9318152953044371,1.4981958824956936,1.5665986829772471,0.6597075293327804,0.2863847139703712,0.45643653845075643,1.0,0.0,1
-0.6123109713234285,0.1826455680864819,-1.3496742874144134,0.09770876193830944,-1.3683939199160637,0.0,-1.0121980279265403,-0.23632261648912098,0.4956390393367183,-0.638325571740905,-1.041734416155753,-1.0487421576863714,-1.1185808054119113,0.0,1.0,1
-0.013426601201128855,-0.9977578400482815,0.5927265036565216,0.7254261144938451,0.2382206638376638,0.0,1.7417700788909365,-0.8158998488352177,0.9969174609162059,1.5665986829772471,1.6167686236700805,1.6215115856271138,-0.017170075438017497,1.0,0.0,0
1.1714629052773993,0.13892692334074994,-0.16524418303132135,0.5938079599257502,0.561724094255332,0.0,-0.5532033434569608,-0.004491723550682283,1.4981958824956936,1.5665986829772471,-0.6163739297836195,-1.0487421576863714,0.8345875557417932,1.0,0.0,0
-0.569380192103192,0.4449574365608738,0.1189852143401115,-1.2792196243125402,-0.1289536097425476,0.0,0.3647860254821981,-0.9318152953044371,-0.005639382242769227,-0.638325571740905,0.23434704296064715,0.2863847139703712,0.9153576759398789,0.0,1.0,0
-0.47922555574069525,-0.8228832610653536,-0.3659807144180701,-2.089177498577747,-0.7411933915552779,0.0,-0.09420865898738136,-1.3954770811813144,0.4956390393367183,-0.638325571740905,-0.2973535650045195,0.2863847139703712,0.8823153540406624,0.0,1.0,0
-0.6337763609335467,1.2756116867297813,0.3560096211824503,0.4824387522142813,0.20557352865789874,0.0,-0.5532033434569608,0.22733916938775642,-1.0081962254017445,-0.638325571740905,-0.5100338081905862,-1.0487421576863714,-0.8946272903172197,0.0,1.0,0
-0.47922555574069525,-0.25454087937083786,1.0618549274489157,0.30019823050461025,0.5096946153695847,0.0,-0.09420865898738136,-0.6999844023659983,-0.005639382242769227,-0.638325571740905,-0.19101344341148618,0.2863847139703712,1.102597500035441,1.0,0.0,0
-0.4062432310662931,-1.2600697085226733,-0.7539995860798555,-0.7932448997534162,-1.102613531847775,0.0,-0.09420865898738136,0.8069164017338532,-0.5069178038222568,-0.638325571740905,0.02166679977458048,0.2863847139703712,1.6753310796218654,0.0,1.0,0
-0.5865525037912865,0.4449574365608738,-1.0622158841761697,1.110156104769817,-1.069239558779036,0.0,0.3647860254821981,-0.5840689558967791,1.4981958824956936,1.5665986829772471,0.23434704296064715,0.2863847139703712,0.14804153405806655,1.0,0.0,0
0.06599534035630875,-0.7791646163196216,-0.7613032898262138,1.7075000370404063,-0.7352575487953206,0.0,-0.09420865898738136,0.34325461585697575,0.9969174609162059,1.5665986829772471,-0.08467332181845284,0.2863847139703712,0.43440832385127864,1.0,0.0,0
-0.6466555946996178,0.6198320155438017,0.35055106364569855,-1.906936976868076,0.0486371144635199,0.0,0.3647860254821981,0.34325461585697575,-1.509474646981232,-0.638325571740905,0.4470272861467138,0.2863847139703712,-0.9570405650157402,0.0,1.0,0
0.018771483214048524,-1.6098188664885291,0.44795940729449596,0.6343058536390096,0.006662226375250872,0.0,-0.09420865898738136,-1.5113925276505338,-0.005639382242769227,-0.638325571740905,-0.2973535650045195,0.2863847139703712,0.852944401241358,1.0,0.0,0
-0.3311143674308792,-0.29825952411656986,-1.1540119081040818,0.6140569067823799,-1.162153668919591,0.0,-0.5532033434569608,1.2705781876107307,-0.005639382242769227,-0.638325571740905,-0.40369368659755284,-1.0487421576863714,1.131968452834745,1.0,0.0,0
-0.6230436661284876,1.2756116867297813,1.3526960987381043,-0.15540307376956747,0.9968577104546453,0.0,-0.5532033434569608,1.8501554199568273,-1.0081962254017445,-0.638325571740905,-0.2973535650045195,-1.0487421576863714,-0.8285426465187858,0.0,1.0,1
-0.5650871141811682,-1.3037883532684054,-0.5484964269849572,0.12808218222325582,-1.0400449035718997,0.0,-1.4711927123961197,-0.004491723550682283,-0.005639382242769227,-0.638325571740905,-1.467094902527886,-1.0487421576863714,-0.9680546723154794,1.0,0.0,1
-0.49639786742878983,0.7947065945267296,-1.626215575579153,0.08758428850999637,-1.385171761186555,0.0,-1.0121980279265403,-0.5840689558967791,-1.0081962254017445,-0.638325571740905,-1.041734416155753,-1.0487421576863714,-0.8101858010192212,0.0,1.0,0
-0.4663463219746242,0.9258625287639255,-0.686267343968892,1.667002143327147,-0.5986120256681422,0.0,1.282775394421357,-0.23632261648912098,-1.509474646981232,-0.638325571740905,1.2977482588909803,1.6215115856271138,1.2017244657330914,1.0,0.0,1
0.09604688581047426,0.6635506602895337,0.057172816318301276,-1.0058588417480336,0.24633702026454385,0.0,-1.0121980279265403,-1.163646188242876,-0.005639382242769227,-0.638325571740905,-1.1480745377487862,-1.0487421576863714,-0.24479495963262254,1.0,0.0,1
-0.6767071401537833,0.4886760813066058,-0.2824878484333865,-0.550257537473856,-0.4961278833227584,0.0,-0.09420865898738136,-1.5113925276505338,-0.005639382242769227,-0.638325571740905,-0.2973535650045195,0.2863847139703712,-0.7551152645205266,1.0,0.0,1
-0.5543544193761091,-1.6972561559799932,-0.6180738153055271,0.4520653319293385,-1.176024158634185,0.0,-0.09420865898738136,0.6910009552646338,-1.0081962254017445,-0.638325571740905,0.02166679977458048,0.2863847139703712,1.2421095258321342,1.0,0.0,0
-0.6659744453487241,-0.7354459715738897,0.819295081977758,1.41389030761927,0.10660243610922449,0.0,-1.0121980279265403,-0.6999844023659983,-1.509474646981232,-0.638325571740905,-1.041734416155753,-1.0487421576863714,1.8478854273177756,1.0,0.0,1
2.9015733078529315,1.3630489762212454,0.44050194136400417,1.7075000370404063,2.286692114263717,0.0,-1.4711927123961197,1.3864936340799499,-1.0081962254017445,-0.638325571740905,-1.2544146593418195,-1.0487421576863714,0.8602871394411842,1.0,0.0,0
-0.5543544193761091,-1.6535375112342612,-0.9597333884509548,-1.5728293537336766,-1.435505284998029,0.0,-0.09420865898738136,0.6910009552646338,-1.0081962254017445,-0.638325571740905,0.02166679977458048,0.2863847139703712,0.6987468990450133,0.0,1.0,0
-0.592992120674322,-0.8666019058110855,-0.5712532302367679,0.674803747352269,-0.9768100072311309,0.0,0.8237807099517775,0.34325461585697575,-0.005639382242769227,-0.638325571740905,0.8723877725188471,0.2863847139703712,0.9594141051388345,1.0,0.0,0
0.780792814373247,-1.4786629322513334,0.459568452196602,0.5836834864974335,0.4749275363469778,0.0,-0.09420865898738136,1.6183245270183886,-0.5069178038222568,-0.638325571740905,0.1280069213676138,0.2863847139703712,-0.9019700285170456,1.0,0.0,0
1.5063229831952443,-1.2163510637769415,0.20447698871853542,-0.03390939262978554,0.7415559019524036,0.0,0.8237807099517775,-0.9318152953044371,1.4981958824956936,1.5665986829772471,0.6597075293327804,0.2863847139703712,0.9227004141397053,1.0,0.0,0
-0.6788536791147951,0.27008285757794587,-0.8859275400667038,-1.167850416601075,-1.0212076882826475,0.0,-0.5532033434569608,-1.5113925276505338,-1.509474646981232,-0.638325571740905,-0.7227140513766528,-1.0487421576863714,-1.6399152175995542,0.0,1.0,1
-0.6638279063877123,-0.8228832610653536,0.5585912987788056,-0.5300085906172263,-0.11696078457447065,0.0,1.7417700788909365,-0.4681535094275597,-1.0081962254017445,-0.638325571740905,1.7231087452631138,1.6215115856271138,1.5027767319259557,0.0,1.0,0
0.6841985611277147,-1.5661002217427973,-0.9957137395382769,-0.3376435954792385,-0.7454938490650428,0.0,-1.0121980279265403,-1.0477307417736565,0.4956390393367183,-0.638325571740905,-1.1480745377487862,-1.0487421576863714,1.0842406545358758,1.0,0.0,0
-0.44273439340349413,0.5761133707980697,-0.17777580103823057,0.4216919116443921,-0.2622072227211791,0.0,-0.5532033434569608,-1.2795616347120953,-0.5069178038222568,-0.638325571740905,-0.7227140513766528,-1.0487421576863714,0.09664236665928463,1.0,0.0,1
-0.4126828479493286,-1.0414764847940134,-1.0943521806601457,1.6973755636120933,-1.3259344732351455,0.0,0.8237807099517775,-1.163646188242876,0.4956390393367183,-0.638325571740905,0.6597075293327804,0.2863847139703712,-0.39899246182896747,1.0,0.0,0
-0.6745606011927714,0.9695811735096576,-0.7047188060649547,-1.03623226203298,-0.7209630703121583,0.0,-0.5532033434569608,-0.12040717001990163,0.9969174609162059,1.5665986829772471,-0.6163739297836195,-1.0487421576863714,-1.4269758098046015,1.0,0.0,0
-0.5414751856100382,1.0132998182553896,0.7227324303416965,0.7153016410655285,0.48843460711708464,0.0,-0.5532033434569608,1.3864936340799499,0.4956390393367183,-0.638325571740905,-0.40369368659755284,-1.0487421576863714,1.3375651224298717,0.0,1.0,1
-0.4620532440526007,0.8384252392724616,1.6076338000320374,-0.4490128031907038,1.1916502646997718,0.0,1.7417700788909365,-0.23632261648912098,-0.005639382242769227,-0.638325571740905,1.7231087452631138,1.6215115856271138,0.4417510620511046,1.0,0.0,0
0.7078104896988449,0.7072693050352656,-0.03039474754592956,0.6241813802106929,0.532287159751871,0.0,-0.5532033434569608,0.6910009552646338,0.9969174609162059,1.5665986829772471,-0.5100338081905862,-1.0487421576863714,0.33895272725354114,1.0,0.0,0
1.3045483208601327,1.4067676209669773,0.651694301271855,1.67712661675546,1.5614896105395555,0.0,-0.09420865898738136,-1.2795616347120953,0.9969174609162059,1.5665986829772471,-0.2973535650045195,0.2863847139703712,-0.7955003246195693,1.0,0.0,1
-0.2881835882106427,-0.9977578400482815,-0.6525165445515106,-0.01366044577315582,-0.8978875264533321,0.0,-0.5532033434569608,0.11142372291853707,-1.509474646981232,-0.638325571740905,-0.5100338081905862,-1.0487421576863714,-1.0781957453128685,1.0,0.0,0
-0.4942513284677779,-1.5661002217427973,0.7012057245629566,0.8772932159185698,-0.07365336035641541,0.0,-0.5532033434569608,-1.3954770811813144,-1.0081962254017445,-0.638325571740905,-0.7227140513766528,-1.0487421576863714,-0.3108796034310559,1.0,0.0,1
0.05955572347327322,0.6198320155438017,0.9665992543779922,1.1709029453397062,0.9325325572804146,0.0,-1.4711927123961197,-0.23632261648912098,-1.0081962254017445,-0.638325571740905,-1.467094902527886,-1.0487421576863714,-0.6082605005240072,1.0,0.0,1
-0.6852932959978305,0.09520827859501796,1.594025846736191,-0.8033693731817328,0.8901942502476587,0.0,1.282775394421357,-0.23632261648912098,-1.509474646981232,-0.638325571740905,1.2977482588909803,1.6215115856271138,1.5211335774255204,1.0,0.0,1
-0.6166040492454521,-0.9977578400482815,0.9878184357884643,0.7659240082071046,0.20908657845460824,0.0,-1.0121980279265403,0.6910009552646338,0.9969174609162059,1.5665986829772471,-0.9353942945627195,-1.0487421576863714,-0.7294156808211356,1.0,0.0,1
-0.5865525037912865,0.4012387918151418,1.4688634288512323,0.2597003367913508,0.9151490177691114,0.0,0.8237807099517775,1.038747294672292,-0.5069178038222568,-0.638325571740905,0.9787278941118804,0.2863847139703712,0.9740995815384864,1.0,0.0,0
3.5068972948582666,1.3193303314755134,0.4276627989888271,-1.0767301557462394,2.6084995896071117,0.0,-0.09420865898738136,0.22733916938775642,0.4956390393367183,-0.638325571740905,-0.08467332181845284,0.2863847139703712,-1.0267965779140868,1.0,0.0,1
-0.09714162068059011,1.5379235552041732,1.1238979687469266,1.5758818824723113,1.1715410831048148,0.0,-0.5532033434569608,-0.35223806295834037,-0.005639382242769227,-0.638325571740905,-0.6163739297836195,-1.0487421576863714,-1.324177475007038,1.0,0.0,0
0.5489666065839697,-0.8228832610653536,1.1239748498389934,0.5533100662124871,1.0129087138361623,0.0,-1.4711927123961197,-0.5840689558967791,0.9969174609162059,1.5665986829772471,-1.5734350241209194,-1.0487421576863714,0.47479338395032145,1.0,0.0,0
-0.668120984309736,0.13892692334074994,-1.0921226289902048,-0.0946562331996783,-1.2066724896192702,0.0,0.3647860254821981,-1.2795616347120953,-1.509474646981232,-0.638325571740905,0.23434704296064715,0.2863847139703712,0.544549396848668,0.0,1.0,0
0.5403804507399224,-0.9103205505568176,1.3581546562748563,1.4037658341909534,1.173176468355007,0.0,1.7417700788909365,-0.8158998488352177,0.9969174609162059,1.5665986829772471,1.6167686236700805,1.6215115856271138,0.6069626715471886,1.0,0.0,0
-0.5436217245710501,-1.6535375112342612,1.076462334941632,-0.7122491123268974,0.17474348820057012,0.0,1.282775394421357,-1.0477307417736565,-1.509474646981232,-0.638325571740905,1.191408137297947,1.6215115856271138,-0.8946272903172197,1.0,0.0,1
0.18620152217297095,1.0132998182553896,-1.3536721042018935,0.6849282207805857,-0.7367717943973505,0.0,-1.4711927123961197,-1.5113925276505338,0.4956390393367183,-0.638325571740905,-1.6797751457139527,-1.0487421576863714,1.245780894932047,1.0,0.0,0
0.5618458403500406,-1.3912256427598693,-1.9365845442533411,1.3328945201927476,-1.517032268211319,0.0,-1.4711927123961197,-0.5840689558967791,0.9969174609162059,1.5665986829772471,-1.5734350241209194,-1.0487421576863714,-1.004768363314609,1.0,0.0,0
-0.5157167180778963,0.2263642128322139,-1.193451908334416,-0.9046141074648815,-1.1811120238570052,0.0,0.8237807099517775,1.3864936340799499,0.9969174609162059,1.5665986829772471,0.9787278941118804,0.2863847139703712,0.206783439656674,0.0,1.0,0
0.3514850221708817,-0.42941545835376577,1.1624922769645243,-0.25664780805271603,1.0190262660683627,0.0,-1.0121980279265403,0.6910009552646338,0.9969174609162059,1.5665986829772471,-0.9353942945627195,-1.0487421576863714,1.1723535129337876,1.0,0.0,0
-0.5500613414540855,0.31380150232367787,-1.1114197830990036,-1.6133272474469396,-1.116484021562369,0.0,0.3647860254821981,-0.004491723550682283,0.4956390393367183,-0.638325571740905,0.3406871645536805,0.2863847139703712,1.2127385730328304,0.0,1.0,0
0.679905483205691,1.5816421999499053,-1.8522459862559215,-0.4186393829057574,-0.7249606787015173,0.0,-0.5532033434569608,1.038747294672292,-1.0081962254017445,-0.638325571740905,-0.40369368659755284,-1.0487421576863714,-0.7661293718202652,1.0,0.0,1
-0.4470274713255178,-1.1289137742854773,-1.9399673123042862,1.2923966264794882,-2.030906655716187,0.0,-0.09420865898738136,-0.8158998488352177,-0.5069178038222568,-0.638325571740905,-0.19101344341148618,0.2863847139703712,-0.028184182737756587,1.0,0.0,0
0.33431271048278705,1.7127981341871013,0.5711229167857148,1.5860063559006243,1.0182994281793885,0.0,-0.09420865898738136,0.6910009552646338,-1.0081962254017445,-0.638325571740905,0.02166679977458048,0.2863847139703712,1.6826738178216916,1.0,0.0,0
-0.24310627002939433,-0.9540391953025495,1.1886318482672802,0.20907796964977468,0.5877691186102463,0.0,-0.09420865898738136,0.4591700623261951,1.4981958824956936,1.5665986829772471,-0.08467332181845284,0.2863847139703712,1.0768979163360501,1.0,0.0,1
1.1435578987842456,-0.03594765564217798,0.39160556680943787,1.424014781047583,0.9459184884023591,0.0,-0.09420865898738136,1.6183245270183886,-0.5069178038222568,-0.638325571740905,0.1280069213676138,0.2863847139703712,1.0511983326366592,1.0,0.0,1
1.4633922039750078,0.9258625287639255,1.088071379843738,-0.6008799046154321,1.8883243812816894,0.0,-1.0121980279265403,-0.35223806295834037,-0.005639382242769227,-0.638325571740905,-1.041734416155753,-1.0487421576863714,1.0658838090363112,1.0,0.0,1
-0.6745606011927714,-1.6535375112342612,-1.9246679749829676,-0.5097596437605929,-2.2635553500120613,0.0,-1.4711927123961197,1.8501554199568273,0.9969174609162059,1.5665986829772471,-1.2544146593418195,-1.0487421576863714,1.3632647061292626,0.0,1.0,1
-0.6337763609335467,0.4449574365608738,0.9032492345148435,-0.1959009674828269,0.45257727126101666,0.0,-1.4711927123961197,-1.163646188242876,-1.509474646981232,-0.638325571740905,-1.5734350241209194,-1.0487421576863714,1.473405779126652,0.0,1.0,0
-0.3397005232749265,-1.5661002217427973,1.311334071206097,0.6950526942088987,0.4942493102288797,0.0,0.8237807099517775,1.734239973487608,-1.0081962254017445,-0.638325571740905,1.0850680157049137,0.2863847139703712,1.5101194701257814,1.0,0.0,0
-0.4684928609356361,1.4067676209669773,-0.028780244612524233,1.5657574090439947,0.024772603775528295,0.0,-0.09420865898738136,-1.5113925276505338,-0.005639382242769227,-0.638325571740905,-0.2973535650045195,0.2863847139703712,1.297180062330829,1.0,0.0,0
-0.49639786742878983,0.2263642128322139,-0.8082776370791066,1.363267940477694,-0.8667546368755973,0.0,-0.09420865898738136,-0.23632261648912098,-1.509474646981232,-0.638325571740905,-0.08467332181845284,0.2863847139703712,-1.1369376509114761,1.0,0.0,0
-0.5178632570389081,0.13892692334074994,-0.9003043042832194,-1.481709092878841,-0.9707530248230113,0.0,1.282775394421357,1.2705781876107307,1.4981958824956936,1.5665986829772471,1.4040883804840139,1.6215115856271138,0.3316099890537152,0.0,1.0,0
-0.5994317375573575,-1.5661002217427973,-1.168696196688865,-1.8056922425849238,-1.6061910492588398,0.0,-0.5532033434569608,-1.0477307417736565,0.4956390393367183,-0.638325571740905,-0.7227140513766528,-1.0487421576863714,0.2398257615558909,0.0,1.0,0
-0.1400723999008266,0.5761133707980697,-0.7506936991209777,-0.30727017519429217,-0.5427666478652794,0.0,1.7417700788909365,-0.9318152953044371,0.4956390393367183,-0.638325571740905,1.6167686236700805,1.6215115856271138,-0.6119318696239203,1.0,0.0,0
1.0233517169675832,-0.9540391953025495,1.1094443234383442,-0.08453175977136164,1.2401061239647286,0.0,-0.5532033434569608,-1.5113925276505338,-1.509474646981232,-0.638325571740905,-0.7227140513766528,-1.0487421576863714,1.7597725689198638,1.0,0.0,1
-0.6144575102844403,0.09520827859501796,0.5265318833868965,-0.20602544091114355,0.08915832677383989,0.0,1.282775394421357,1.2705781876107307,1.4981958824956936,1.5665986829772471,1.4040883804840139,1.6215115856271138,-0.17871031583418875,0.0,1.0,0
-0.569380192103192,-1.1726324190312094,-0.5708688247764332,0.49256322564259797,-1.0310199997838014,0.0,-0.5532033434569608,-0.9318152953044371,0.9969174609162059,1.5665986829772471,-0.7227140513766528,-1.0487421576863714,-0.028184182737756587,0.0,1.0,0
-0.40409669210528126,-0.5168527478452297,0.9220082209791739,-1.420962252308952,0.38376995110477763,0.0,-1.4711927123961197,1.5024090805491692,-0.5069178038222568,-0.638325571740905,-1.2544146593418195,-1.0487421576863714,1.256795002231786,0.0,1.0,0
-0.642362516777594,0.7509879497809976,0.4378879842337284,1.2215253124812822,0.14894074314198036,0.0,-0.09420865898738136,0.11142372291853707,-0.005639382242769227,-0.638325571740905,-0.08467332181845284,0.2863847139703712,1.1209543455350057,1.0,0.0,0
-0.605871354440393,-0.3419781688623018,0.3124949230725689,-1.734820928586718,-0.17153419607162804,0.0,-0.09420865898738136,0.22733916938775642,0.4956390393367183,-0.638325571740905,-0.08467332181845284,0.2863847139703712,0.6106340406471018,0.0,1.0,0
0.323580015677728,-0.3856968136080338,1.1867867020576737,0.18882902279314498,1.0321093480699013,0.0,-0.09420865898738136,0.8069164017338532,-0.5069178038222568,-0.638325571740905,0.02166679977458048,0.2863847139703712,-0.5605327022251384,1.0,0.0,1
-0.4083897700273049,0.13892692334074994,-1.404721149334334,1.4645126747608461,-1.3063704200569188,0.0,-1.4711927123961197,-1.2795616347120953,1.4981958824956936,1.5665986829772471,-1.6797751457139527,-1.0487421576863714,-1.533445513702078,1.0,0.0,0
-0.33540744535290284,1.1007371077468535,0.21608603362064147,-0.2971457017659791,0.2249558723638815,0.0,1.282775394421357,0.22733916938775642,0.4956390393367183,-0.638325571740905,1.2977482588909803,1.6215115856271138,-0.6963733589219187,1.0,0.0,1
-0.5285959518439672,1.3193303314755134,0.8987132500828945,-1.1577259431727585,0.7021855162996261,0.0,-1.0121980279265403,-0.35223806295834037,-0.005639382242769227,-0.638325571740905,-1.041734416155753,-1.0487421576863714,-0.8982986594171324,0.0,1.0,0
-0.37833822457313937,1.2318930419840495,-0.5591060176901932,-0.7932448997534162,-0.3809240779203235,0.0,-1.4711927123961197,-0.9318152953044371,-0.5069178038222568,-0.638325571740905,-1.5734350241209194,-1.0487421576863714,1.1429825601344838,1.0,0.0,0
-0.40195015314426946,0.4449574365608738,-0.8328795865405237,1.6973755636120933,-0.7843796761251706,0.0,-1.4711927123961197,-1.3954770811813144,0.9969174609162059,1.5665986829772471,-1.6797751457139527,-1.0487421576863714,0.6253195170467536,1.0,0.0,1
-0.38477784145617483,-0.6042900373366937,0.3512429934743007,1.3328945201927476,-0.07438019824538966,0.0,0.3647860254821981,0.6910009552646338,-0.005639382242769227,-0.638325571740905,0.4470272861467138,0.2863847139703712,0.3205958817539765,1.0,0.0,1
-0.4856651726237307,-1.2600697085226733,-0.1233439878548457,-0.7021246388985807,-0.6505809347298086,0.0,-1.4711927123961197,-1.163646188242876,-1.509474646981232,-0.638325571740905,-1.5734350241209194,-1.0487421576863714,1.818514474518472,0.0,1.0,0
0.8967059182678855,-1.1726324190312094,-0.21175724373181262,-0.5198841171889096,0.07928544544860482,0.0,0.8237807099517775,-0.9318152953044371,1.4981958824956936,1.5665986829772471,0.6597075293327804,0.2863847139703712,1.704702032421169,1.0,0.0,0
-0.5758198089862274,0.0077709891035539986,-0.17585377373655736,0.4318163850727088,-0.46178479306872033,0.0,0.3647860254821981,-0.35223806295834037,-1.0081962254017445,-0.638325571740905,0.3406871645536805,0.2863847139703712,-0.3769642472294897,0.0,1.0,0
-0.45132054924754145,0.9258625287639255,-0.7666849662708987,0.6140569067823799,-0.6534882862857058,0.0,-1.0121980279265403,-0.4681535094275597,-0.5069178038222568,-0.638325571740905,-1.041734416155753,-1.0487421576863714,0.2581826070554559,1.0,0.0,0
-0.4470274713255178,1.5816421999499053,0.8819531720123042,-0.1959009674828269,0.7931613920695826,0.0,0.8237807099517775,1.3864936340799499,0.9969174609162059,1.5665986829772471,0.9787278941118804,0.2863847139703712,0.6693759462457093,1.0,0.0,0
-0.48137209470170705,-0.8228832610653536,1.340395124007396,-1.2184727837426512,0.6019424574452465,0.0,-0.5532033434569608,-0.6999844023659983,-1.509474646981232,-0.638325571740905,-0.6163739297836195,-1.0487421576863714,-1.2837924149079953,0.0,1.0,0
-0.5500613414540855,1.6690794894413692,-0.55818344458539,0.4318163850727088,-0.3801972400313487,0.0,-1.4711927123961197,0.5750855087954145,-1.0081962254017445,-0.638325571740905,-1.3607547809348528,-1.0487421576863714,-0.26315180513218717,0.0,1.0,0
-0.5736732700252155,-1.1289137742854773,-1.954113433244601,-1.6133272474469396,-2.1135238957629383,0.0,0.8237807099517775,-1.6273079741197531,-1.509474646981232,-0.638325571740905,0.6597075293327804,0.2863847139703712,0.31325314355415057,0.0,1.0,0
-0.04991776353832989,-0.2108222346251059,1.138351614055509,0.49256322564259797,0.8219320585081508,0.0,-0.5532033434569608,1.3864936340799499,0.4956390393367183,-0.638325571740905,-0.40369368659755284,-1.0487421576863714,-1.206693663809823,1.0,0.0,1
-0.6616813674267005,1.1007371077468535,-0.7007978703695414,-0.9754854214630873,-0.6815321148352997,0.0,1.282775394421357,1.2705781876107307,1.4981958824956936,1.5665986829772471,1.4040883804840139,1.6215115856271138,1.6900165560215172,0.0,1.0,0
-0.4191224648323641,0.7509879497809976,0.5484429946259707,-0.0440338660581022,0.36202538425962844,0.0,1.282775394421357,0.11142372291853707,-0.005639382242769227,-0.638325571740905,1.2977482588909803,1.6215115856271138,-0.8358853847186117,0.0,1.0,0
-0.4985444063898017,0.4449574365608738,0.7151212022270705,0.036961921368420275,0.38068089007663697,0.0,1.7417700788909365,-1.0477307417736565,-0.005639382242769227,-0.638325571740905,1.6167686236700805,1.6215115856271138,0.3059104053543243,0.0,1.0,0
-0.6767071401537833,-0.8228832610653536,-0.7094085526810374,0.7355505879221582,-1.1232072720353818,0.0,-1.0121980279265403,-1.3954770811813144,-1.0081962254017445,-0.638325571740905,-1.1480745377487862,-1.0487421576863714,1.2678091095315251,0.0,1.0,0
-0.16583086743296852,1.6253608446956371,-0.030164104269728986,0.18882902279314498,0.24294511011599665,0.0,-1.4711927123961197,-1.3954770811813144,0.9969174609162059,1.5665986829772471,-1.6797751457139527,-1.0487421576863714,0.01954361556111216,1.0,0.0,0
-0.5371821076880146,-1.2163510637769415,-1.044763876276977,-0.02378491920147248,-1.395892620048927,0.0,-0.5532033434569608,1.1546627411415114,-0.5069178038222568,-0.638325571740905,-0.40369368659755284,-1.0487421576863714,1.818514474518472,0.0,1.0,0
-0.13577932197880302,1.4504862657127093,-0.18961548921653743,0.7557995347787915,0.09551815830236549,0.0,0.8237807099517775,0.34325461585697575,-0.005639382242769227,-0.638325571740905,0.8723877725188471,0.2863847139703712,-0.12731114843540686,1.0,0.0,0
2.8758148403207895,0.6635506602895337,-0.7796778708302095,0.34069612421787326,1.1557929288437037,0.0,1.282775394421357,-1.163646188242876,1.4981958824956936,1.5665986829772471,1.0850680157049137,1.6215115856271138,1.6936879251214307,1.0,0.0,0
-0.4277086206764114,1.1881743972383174,0.22438919156386958,1.3328945201927476,0.1987897083608049,0.0,-0.5532033434569608,0.5750855087954145,0.4956390393367183,-0.638325571740905,-0.5100338081905862,-1.0487421576863714,0.7060896372448393,1.0,0.0,1
-0.4105363089883168,1.1444557524925854,-0.18915420266413582,-1.785443295728294,-0.12701537537194887,0.0,0.3647860254821981,-1.163646188242876,-1.0081962254017445,-0.638325571740905,0.23434704296064715,0.2863847139703712,1.561518637524563,0.0,1.0,1
1.0362309507336542,-1.2600697085226733,-1.3130788875905557,0.9481645299167757,-0.7290188569149575,0.0,-0.09420865898738136,-0.4681535094275597,0.9969174609162059,1.5665986829772471,-0.19101344341148618,0.2863847139703712,0.37933778735258394,1.0,0.0,0
2.435774353313365,-0.9540391953025495,-0.7403916327840094,0.6343058536390096,0.57983447165561,0.0,1.282775394421357,0.22733916938775642,0.4956390393367183,-0.638325571740905,1.2977482588909803,1.6215115856271138,-1.169979972810693,1.0,0.0,0
-0.38692438041718663,1.5816421999499053,-1.1149563133340823,0.3305716507895566,-0.7461601171299359,0.0,-1.4711927123961197,-0.004491723550682283,-0.005639382242769227,-0.638325571740905,-1.467094902527886,-1.0487421576863714,1.308194169630568,1.0,0.0,0
0.3386057884048106,0.09520827859501796,-1.6743431392130501,-0.4186393829057574,-1.10691398935754,0.0,-0.09420865898738136,-0.8158998488352177,-0.5069178038222568,-0.638325571740905,-0.19101344341148618,0.2863847139703712,-1.4747036081034701,1.0,0.0,0
-0.6659744453487241,1.3193303314755134,-0.7971298787294022,-0.9451120011781445,-0.7113930381073292,0.0,-1.4711927123961197,1.6183245270183886,-0.005639382242769227,-0.638325571740905,-1.2544146593418195,-1.0487421576863714,-0.7808148482199171,1.0,0.0,0
0.042383411785178585,1.2318930419840495,0.047870204178203146,1.110156104769817,0.3347083935990088,0.0,-1.0121980279265403,-1.0477307417736565,0.4956390393367183,-0.638325571740905,-1.1480745377487862,-1.0487421576863714,-0.667002406122615,1.0,0.0,1
-0.32682128950885553,-0.5605713925909617,0.2909682172938294,-0.9653609480347742,-0.0794680634682099,0.0,-0.5532033434569608,0.5750855087954145,0.4956390393367183,-0.638325571740905,-0.5100338081905862,-1.0487421576863714,0.852944401241358,1.0,0.0,1
-0.27315781548355983,0.8384252392724616,-0.3416094082328541,0.5229366459275443,-0.23743416467196954,0.0,-0.09420865898738136,0.4591700623261951,1.4981958824956936,1.5665986829772471,-0.08467332181845284,0.2863847139703712,0.2288116542561518,1.0,0.0,0
-0.5758198089862274,0.31380150232367787,1.0856880659896633,-1.8461901362981832,0.599943653250567,0.0,-1.0121980279265403,0.8069164017338532,1.4981958824956936,1.5665986829772471,-0.9353942945627195,-1.0487421576863714,-1.0928812217125206,0.0,1.0,0
-0.5629405752201564,0.7947065945267296,-0.9889482034363873,0.4115674382160755,-0.9206617803078618,0.0,1.282775394421357,1.5024090805491692,-1.0081962254017445,-0.638325571740905,1.5104285020770472,1.6215115856271138,0.7464746973438817,0.0,1.0,0
1.5020299052732207,-0.07966630038790996,0.6526937554687251,0.8367953222053104,1.344225651560305,0.0,-0.5532033434569608,-0.12040717001990163,0.9969174609162059,1.5665986829772471,-0.6163739297836195,-1.0487421576863714,-0.986411517815044,1.0,0.0,1
1.4397802754038775,-1.5223815769970652,-0.8979209904291446,-0.2667722814810327,-0.23234629944914928,0.0,1.7417700788909365,-1.6273079741197531,0.9969174609162059,1.5665986829772471,1.5104285020770472,1.6215115856271138,-0.28518001973166496,1.0,0.0,0
0.6133627754143245,0.051489633849285975,0.6014909481521513,-0.6211288514720618,0.8314415208888984,0.0,-1.4711927123961197,-0.8158998488352177,-0.005639382242769227,-0.638325571740905,-1.5734350241209194,-1.0487421576863714,-0.9717260414153921,1.0,0.0,0
-0.6316298219725348,1.4504862657127093,1.6884358277943787,-0.7527470060401568,1.2952852337026985,0.0,1.282775394421357,-0.9318152953044371,-1.0081962254017445,-0.638325571740905,1.191408137297947,1.6215115856271138,-1.4783749772033834,1.0,0.0,0
-0.5436217245710501,1.2318930419840495,-0.7017204434743446,-0.02378491920147248,-0.5865586306759843,0.0,-0.5532033434569608,-1.0477307417736565,0.4956390393367183,-0.638325571740905,-0.7227140513766528,-1.0487421576863714,-0.013498706338104726,1.0,0.0,0
1.1542905935893046,1.2318930419840495,0.03564611053956136,1.6568776698988301,0.9525811690512908,0.0,0.3647860254821981,0.34325461585697575,-1.509474646981232,-0.638325571740905,0.4470272861467138,0.2863847139703712,-0.5788895477247034,1.0,0.0,1
2.1932154507190287,-0.03594765564217798,-0.35460231279216486,0.3305716507895566,0.9504006553843675,0.0,-1.0121980279265403,-0.5840689558967791,-1.0081962254017445,-0.638325571740905,-1.041734416155753,-1.0487421576863714,0.8713012467409234,1.0,0.0,0
0.005892249447977553,-0.8666019058110855,-1.599922242092264,1.2923966264794882,-1.4492546350644606,0.0,-0.09420865898738136,1.2705781876107307,1.4981958824956936,1.5665986829772471,0.02166679977458048,0.2863847139703712,0.9227004141397053,1.0,0.0,1
0.34289886632683436,1.2756116867297813,1.1365064678459027,-0.2870212283376624,1.3716637818690864,0.0,-1.4711927123961197,-0.8158998488352177,-0.005639382242769227,-0.638325571740905,-1.5734350241209194,-1.0487421576863714,1.3963070280284793,1.0,0.0,1
-0.42341554275438775,-0.9977578400482815,0.8468185129377181,-0.9451120011781445,0.20702720443584777,0.0,-0.5532033434569608,-0.004491723550682283,1.4981958824956936,1.5665986829772471,-0.6163739297836195,-1.0487421576863714,-0.7294156808211356,0.0,1.0,0
-0.27315781548355983,-0.07966630038790996,0.9662917300097243,0.5229366459275443,0.58946507368452,0.0,1.7417700788909365,-0.35223806295834037,-0.5069178038222568,-0.638325571740905,1.7231087452631138,1.6215115856271138,-0.8762704448176546,1.0,0.0,0
0.8366028273595544,-1.1726324190312094,-0.5277385321268867,1.6973755636120933,-0.20357563301058113,0.0,1.7417700788909365,-0.8158998488352177,0.9969174609162059,1.5665986829772471,1.6167686236700805,1.6215115856271138,1.778129414419429,1.0,0.0,0
-0.5522078804150974,-0.12338494513364194,-0.9505076574029233,-0.560382010902169,-1.0878344947719631,0.0,-1.0121980279265403,-0.12040717001990163,0.9969174609162059,1.5665986829772471,-1.041734416155753,-1.0487421576863714,-0.8432281229184377,1.0,0.0,0
-0.6080178934014048,-0.7791646163196216,-1.6217564722392714,0.016712974511790556,-1.7935335151419796,0.0,0.3647860254821981,-0.35223806295834037,-1.0081962254017445,-0.638325571740905,0.3406871645536805,0.2863847139703712,0.761160173743534,0.0,1.0,1
0.2720630806134441,1.2756116867297813,0.9455338351516539,-0.560382010902169,1.181232254957806,0.0,-0.5532033434569608,-1.5113925276505338,-1.509474646981232,-0.638325571740905,-0.7227140513766528,-1.0487421576863714,0.863958508541097,1.0,0.0,0
-0.5629405752201564,-1.0414764847940134,1.3941350073621783,-0.23639886119608633,0.5497918389113364,0.0,1.282775394421357,-0.12040717001990163,-1.0081962254017445,-0.638325571740905,1.2977482588909803,1.6215115856271138,-0.06489787373688624,0.0,1.0,1
-0.5157167180778963,-1.3037883532684054,0.3744610832785128,-0.6616267451853213,-0.2850420463997899,0.0,0.3647860254821981,-0.35223806295834037,-1.0081962254017445,-0.638325571740905,0.3406871645536805,0.2863847139703712,0.1737411177574571,0.0,1.0,0
-0.6488021336606294,-1.0851951295397455,-1.3020080103329181,-1.1273525228878156,-1.632478352910079,0.0,-1.0121980279265403,-0.5840689558967791,-1.0081962254017445,-0.638325571740905,-1.041734416155753,-1.0487421576863714,-0.24112359053270938,1.0,0.0,0
-0.5951386596353339,0.9695811735096576,1.3629981650750727,0.13820665565156887,0.9528840181716967,0.0,-0.09420865898738136,-1.0477307417736565,-1.509474646981232,-0.638325571740905,-0.19101344341148618,0.2863847139703712,-1.5995301575005116,1.0,0.0,1
-0.5328890297659908,-0.6917273268281576,0.9584498586188979,-2.1802977594325825,0.3010315714098641,0.0,0.8237807099517775,0.8069164017338532,-1.509474646981232,-0.638325571740905,0.9787278941118804,0.2863847139703712,-1.0818671144127814,0.0,1.0,1
0.040236872824166804,-0.6917273268281576,-1.9385065715550145,-0.5300085906172263,-1.6578571092001002,0.0,-0.09420865898738136,0.22733916938775642,0.4956390393367183,-0.638325571740905,-0.08467332181845284,0.2863847139703712,-1.001096994214696,1.0,0.0,0
-0.3139420557427846,-0.3419781688623018,-0.7068714766428287,0.4419408585010219,-0.8098795720633544,0.0,0.8237807099517775,-1.0477307417736565,0.9969174609162059,1.5665986829772471,0.6597075293327804,0.2863847139703712,-0.9937542560148699,1.0,0.0,0
1.5428141455324453,1.5379235552041732,0.4218198359917406,-0.9046141074648815,1.5439243615560085,0.0,-1.4711927123961197,-1.3954770811813144,0.9969174609162059,1.5665986829772471,-1.6797751457139527,-1.0487421576863714,0.03422909196076402,1.0,0.0,0
0.5296477559348632,-0.9540391953025495,1.3749916154375135,0.21920244307809136,1.1706931055676781,0.0,-0.09420865898738136,-1.5113925276505338,-0.005639382242769227,-0.638325571740905,-0.2973535650045195,0.2863847139703712,-0.061226504636973475,1.0,0.0,1
1.2702036974839435,-1.0414764847940134,1.0899934071454112,0.9481645299167757,1.3447102101529542,0.0,-0.5532033434569608,1.2705781876107307,-0.005639382242769227,-0.638325571740905,-0.40369368659755284,-1.0487421576863714,1.6643169723221263,1.0,0.0,0
-0.5522078804150974,0.9695811735096576,1.0216461162979125,-1.6335761943035694,0.7081819288836644,0.0,0.8237807099517775,1.734239973487608,-1.0081962254017445,-0.638325571740905,1.0850680157049137,0.2863847139703712,-0.9680546723154794,0.0,1.0,1
-0.24525280899040613,-0.47313410309949777,-1.3514425525319527,-0.0946562331996783,-1.308005805307111,0.0,-1.4711927123961197,0.6910009552646338,-0.5069178038222568,-0.638325571740905,-1.3607547809348528,-1.0487421576863714,-0.13465388663523317,1.0,0.0,1
1.4247545026767947,-0.9540391953025495,-0.9350545578974709,0.1584556025081986,-0.14409606576284661,0.0,-0.09420865898738136,0.11142372291853707,-0.005639382242769227,-0.638325571740905,-0.08467332181845284,0.2863847139703712,0.29489629805458556,1.0,0.0,0
-0.5779663479472393,-1.6098188664885291,-0.9877181059633166,-1.7651943488716644,-1.4611868904084562,0.0,-0.5532033434569608,0.8069164017338532,1.4981958824956936,1.5665986829772471,-0.5100338081905862,-1.0487421576863714,0.26185397615536865,0.0,1.0,0
-0.5779663479472393,-0.8666019058110855,-0.6815007162607426,-0.2667722814810327,-1.0551873595921988,0.0,1.7417700788909365,-0.23632261648912098,-0.005639382242769227,-0.638325571740905,1.7231087452631138,1.6215115856271138,-0.9313409813163492,0.0,1.0,1
1.1671698273553757,-0.6042900373366937,-0.5597210664267287,-0.05415833948641526,0.08376761243061366,0.0,0.8237807099517775,-0.8158998488352177,-1.509474646981232,-0.638325571740905,0.7660476509258137,0.2863847139703712,1.73040161612056,1.0,0.0,0
-0.5178632570389081,1.6690794894413692,1.1926296650547603,-1.289344097740857,1.0173303109940892,0.0,-0.5532033434569608,1.038747294672292,-1.0081962254017445,-0.638325571740905,-0.40369368659755284,-1.0487421576863714,-1.2727783076082564,0.0,1.0,0
0.6605866325565846,0.1826455680864819,-0.07890671664016112,-0.9451120011781445,0.35112281592501315,0.0,0.3647860254821981,-0.4681535094275597,-1.509474646981232,-0.638325571740905,0.3406871645536805,0.2863847139703712,-1.5921874193006855,1.0,0.0,0
4.794820671465362,0.2263642128322139,1.280120347826924,-0.7628714794684698,3.764656391668984,0.0,-0.09420865898738136,-0.12040717001990163,-1.0081962254017445,-0.638325571740905,-0.08467332181845284,0.2863847139703712,-1.357219796906255,1.0,0.0,0
-0.26242512067850077,-0.12338494513364194,-0.60423521873348,0.47231427878596827,-0.6514894820910265,0.0,1.282775394421357,-1.2795616347120953,0.9969174609162059,1.5665986829772471,1.0850680157049137,1.6215115856271138,-1.5114172991026,1.0,0.0,0
-0.5672336531421801,1.2318930419840495,1.3607686134051318,-0.15540307376956747,1.0250226786524015,0.0,0.3647860254821981,0.5750855087954145,-0.5069178038222568,-0.638325571740905,0.4470272861467138,0.2863847139703712,-1.1773227110105189,1.0,0.0,0
-0.3418470622359383,-0.07966630038790996,1.567655632157235,1.778371351038612,1.0244775502356704,0.0,-0.09420865898738136,-0.35223806295834037,1.4981958824956936,1.5665986829772471,-0.19101344341148618,0.2863847139703712,-0.9350123504162624,1.0,0.0,0
-0.21949434145826419,0.9695811735096576,1.5619664313442823,1.110156104769817,1.3216331071780187,0.0,-1.4711927123961197,0.4591700623261951,-1.509474646981232,-0.638325571740905,-1.3607547809348528,-1.0487421576863714,1.1796962511336133,1.0,0.0,0
0.0917538078884506,0.6198320155438017,1.043557227536987,-1.1172280494594988,1.011333898410051,0.0,-1.4711927123961197,1.6183245270183886,-0.005639382242769227,-0.638325571740905,-1.2544146593418195,-1.0487421576863714,0.5739203496479718,1.0,0.0,0
0.06599534035630875,1.4942049104584412,-1.7988905083614735,-1.0564812088896098,-1.0487669582395918,0.0,-0.5532033434569608,-0.5840689558967791,-1.0081962254017445,-0.638325571740905,-0.6163739297836195,-1.0487421576863714,-1.518760037302426,1.0,0.0,0
-0.655241750543665,-0.7791646163196216,1.1669513803044065,-0.8539917403233089,0.3768649911595215,0.0,-1.0121980279265403,-0.6999844023659983,-1.509474646981232,-0.638325571740905,-1.041734416155753,-1.0487421576863714,1.0511983326366592,0.0,1.0,1
-0.6638279063877123,1.1444557524925854,0.23284611169123182,-0.6717512186136343,0.06250760417811359,0.0,-0.09420865898738136,0.6910009552646338,-1.0081962254017445,-0.638325571740905,0.02166679977458048,0.2863847139703712,-0.34025055623035966,0.0,1.0,0
-0.48137209470170705,1.1444557524925854,0.009429658144739173,-0.6110043780437452,-0.010539603663809159,0.0,0.3647860254821981,0.11142372291853707,0.9969174609162059,1.5665986829772471,0.3406871645536805,0.2863847139703712,-0.9350123504162624,1.0,0.0,1
0.8086978208664007,-0.5168527478452297,-1.613683957572244,-0.37814148919249796,-0.9295049746237167,0.0,-1.4711927123961197,-0.8158998488352177,-0.005639382242769227,-0.638325571740905,-1.5734350241209194,-1.0487421576863714,0.11867058125876243,1.0,0.0,1
0.7013708728158093,1.6690794894413692,-0.6811931918924747,1.5657574090439947,0.22913519022548437,0.0,-1.4711927123961197,0.11142372291853707,0.4956390393367183,-0.638325571740905,-1.467094902527886,-1.0487421576863714,-1.0084397324145218,1.0,0.0,0
-0.5436217245710501,-1.740974800725725,0.06878186122040733,-2.0588040782928005,-0.6385275397376504,0.0,-1.0121980279265403,-0.23632261648912098,0.4956390393367183,-0.638325571740905,-1.041734416155753,-1.0487421576863714,0.9043435686401399,0.0,1.0,0
-0.3246747505478437,0.6635506602895337,-0.964730659435305,0.21920244307809136,-0.7961907918210038,0.0,-0.5532033434569608,0.11142372291853707,-1.509474646981232,-0.638325571740905,-0.5100338081905862,-1.0487421576863714,-1.6509293248992933,1.0,0.0,0
-0.6530952115826532,1.3630489762212454,1.253750133247968,0.6140569067823799,0.9213271398253933,0.0,-1.0121980279265403,-1.3954770811813144,-1.0081962254017445,-0.638325571740905,-1.1480745377487862,-1.0487421576863714,-0.5972463932242684,1.0,0.0,0
-0.5672336531421801,-1.4349442875056013,0.33302217465443873,0.7659240082071046,-0.37583621269750267,0.0,0.3647860254821981,-0.9318152953044371,-0.005639382242769227,-0.638325571740905,0.23434704296064715,0.2863847139703712,0.6546904698460574,1.0,0.0,0
-0.5736732700252155,0.8821438840181935,1.5924113438027856,0.39131849135944574,1.1263559943402421,0.0,0.8237807099517775,1.1546627411415114,-0.005639382242769227,-0.638325571740905,0.9787278941118804,0.2863847139703712,1.7634439380197773,0.0,1.0,0
0.892412840345862,-0.8666019058110855,0.548289232441837,0.7355505879221582,0.7434941363230018,0.0,0.3647860254821981,-1.0477307417736565,-0.5069178038222568,-0.638325571740905,0.23434704296064715,0.2863847139703712,1.0585410708364849,1.0,0.0,1
-0.4641997830136124,-0.8228832610653536,1.2946508742275735,-1.177974890029388,0.5755945839699262,0.0,-0.5532033434569608,-1.0477307417736565,0.4956390393367183,-0.638325571740905,-0.7227140513766528,-1.0487421576863714,0.6730473153456223,1.0,0.0,1
-0.3890709193781985,-1.4349442875056013,-1.9352006845961367,1.5758818824723113,-2.062281824590247,0.0,-0.5532033434569608,0.9228318482030725,-1.509474646981232,-0.638325571740905,-0.40369368659755284,-1.0487421576863714,0.4490938002509305,1.0,0.0,0
-0.5629405752201564,1.7127981341871013,-1.0606782623348312,-1.8259411894415536,-0.773658817262799,0.0,-0.5532033434569608,1.5024090805491692,0.9969174609162059,1.5665986829772471,-0.40369368659755284,-1.0487421576863714,0.026886353760938092,0.0,1.0,0
0.46739812606552034,-1.3475069980141374,1.0659296253284627,-0.05415833948641526,0.8048513681172536,0.0,-0.5532033434569608,-1.0477307417736565,0.4956390393367183,-0.638325571740905,-0.7227140513766528,-1.0487421576863714,-1.004768363314609,1.0,0.0,0
-0.6101644323624166,-0.9540391953025495,1.1732556298538945,-1.3197175180257996,0.3685063554363163,0.0,1.7417700788909365,-0.004491723550682283,0.9969174609162059,1.5665986829772471,1.7231087452631138,1.6215115856271138,1.8111717363186457,0.0,1.0,1
-0.5758198089862274,-1.2163510637769415,1.2587474042323183,-0.24652333462440298,0.3970953124026408,0.0,-0.5532033434569608,0.5750855087954145,0.4956390393367183,-0.638325571740905,-0.5100338081905862,-1.0487421576863714,0.2875535598547596,0.0,1.0,1
-0.5264494128829554,-0.8228832610653536,0.9562203069489568,0.5330611193558574,0.27383572039740667,0.0,1.7417700788909365,-0.35223806295834037,-0.5069178038222568,-0.638325571740905,1.7231087452631138,1.6215115856271138,-0.6706737752225277,0.0,1.0,0
-0.4577601661305769,0.7947065945267296,0.676450012917406,-1.0969791026028692,0.4507601765385808,0.0,-0.09420865898738136,-0.8158998488352177,-0.5069178038222568,-0.638325571740905,-0.19101344341148618,0.2863847139703712,0.2471684997557168,1.0,0.0,0
-0.5522078804150974,0.1826455680864819,-0.6303747900362354,1.7378734573253527,-0.7677835443269231,0.0,-1.4711927123961197,-0.5840689558967791,0.9969174609162059,1.5665986829772471,-1.5734350241209194,-1.0487421576863714,-0.806514431919308,1.0,0.0,0
-0.6337763609335467,-0.03594765564217798,-1.169849413069869,-2.0790530251494306,-1.287290925471342,0.0,-1.4711927123961197,0.6910009552646338,-0.5069178038222568,-0.638325571740905,-1.3607547809348528,-1.0487421576863714,-0.8175285392190471,0.0,1.0,0
1.2058075286535883,0.27008285757794587,-0.7747574809379262,0.12808218222325582,0.12998238820456587,0.0,0.3647860254821981,-1.0477307417736565,-0.5069178038222568,-0.638325571740905,0.23434704296064715,0.2863847139703712,-1.5150886682025129,1.0,0.0,0
0.09604688581047426,-0.9103205505568176,-0.12818749665506213,0.16858007593651525,-0.24857901230290994,0.0,-0.09420865898738136,0.22733916938775642,0.4956390393367183,-0.638325571740905,-0.08467332181845284,0.2863847139703712,-0.5715468095248775,1.0,0.0,0
0.9246109247610395,1.6690794894413692,-0.6969538157661951,1.8289937181801883,0.3427036103777271,0.0,-0.09420865898738136,-0.23632261648912098,-1.509474646981232,-0.638325571740905,-0.08467332181845284,0.2863847139703712,1.0108132725376164,1.0,0.0,1
-0.5049840232728371,-0.6917273268281576,-0.9823364295186316,0.11795770879493915,-1.2122449134347402,0.0,1.282775394421357,1.734239973487608,-0.005639382242769227,-0.638325571740905,1.5104285020770472,1.6215115856271138,-0.31822234163088187,0.0,1.0,1
-0.41482938691034044,1.4504862657127093,0.2726705173819001,-2.0486796048644877,0.30224296789148797,0.0,-1.4711927123961197,1.038747294672292,0.9969174609162059,1.5665986829772471,-1.3607547809348528,-1.0487421576863714,-1.2360646166091267,0.0,1.0,0
0.23557191827624305,-0.2108222346251059,-0.07790726244329109,-0.3477680689075552,0.024833173599609713,0.0,1.282775394421357,1.734239973487608,-0.005639382242769227,-0.638325571740905,1.5104285020770472,1.6215115856271138,-0.22276674503314436,1.0,0.0,0
-0.4470274713255178,-1.6098188664885291,-1.1212605628835703,-1.7550698754433476,-1.4925014894584347,0.0,-0.09420865898738136,0.8069164017338532,-0.5069178038222568,-0.638325571740905,0.02166679977458048,0.2863847139703712,-1.0965525908124334,0.0,1.0,1
-0.5736732700252155,0.2263642128322139,0.6047199540189624,1.7581224041819825,0.2028478865742449,0.0,0.8237807099517775,-1.2795616347120953,-0.005639382242769227,-0.638325571740905,0.6597075293327804,0.2863847139703712,0.3462954654533671,1.0,0.0,1
-0.6702675232707478,0.5761133707980697,-1.0848958063359135,-1.6335761943035694,-1.1052786041073477,0.0,-0.09420865898738136,1.5024090805491692,-1.0081962254017445,-0.638325571740905,0.1280069213676138,0.2863847139703712,0.7538174355437076,0.0,1.0,0
1.025498255928595,1.4504862657127093,-0.6376016126905267,-0.7426225326118401,0.39794328993977784,0.0,-1.0121980279265403,-0.35223806295834037,-0.005639382242769227,-0.638325571740905,-1.041734416155753,-1.0487421576863714,0.07094278295989367,1.0,0.0,0
-0.3718986076901039,-0.9540391953025495,-1.3119256712095515,1.3835168873343235,-1.4549481985280932,0.0,-0.09420865898738136,1.734239973487608,-0.005639382242769227,-0.638325571740905,0.1280069213676138,0.2863847139703712,0.26185397615536865,1.0,0.0,0
0.06170226243428509,0.0077709891035539986,1.0366379292509633,0.9886624236300351,0.8532466575581291,0.0,-0.09420865898738136,-1.0477307417736565,-1.509474646981232,-0.638325571740905,-0.19101344341148618,0.2863847139703712,0.3426240963534543,1.0,0.0,1
-0.5543544193761091,-1.0851951295397455,0.11860080887977678,0.10783323536662609,-0.4599676983462844,0.0,-0.09420865898738136,0.8069164017338532,-0.5069178038222568,-0.638325571740905,0.02166679977458048,0.2863847139703712,0.6032913024472758,0.0,1.0,1
-0.5414751856100382,-1.6535375112342612,-0.6045427431017476,0.09770876193830944,-1.1484043188531594,0.0,0.8237807099517775,1.2705781876107307,0.4956390393367183,-0.638325571740905,0.9787278941118804,0.2863847139703712,-0.997425625114783,0.0,1.0,0
4.6166579377013806,-0.29825952411656986,1.0854574227134626,-0.8337427934666757,3.3944536268847125,0.0,-1.0121980279265403,-0.6999844023659983,-1.509474646981232,-0.638325571740905,-1.041734416155753,-1.0487421576863714,1.590889590323867,1.0,0.0,0
-0.6337763609335467,0.8384252392724616,-0.15563404652295534,-0.15540307376956747,-0.2944303691323753,0.0,1.282775394421357,0.22733916938775642,0.4956390393367183,-0.638325571740905,1.2977482588909803,1.6215115856271138,1.462391671826913,0.0,1.0,1
-0.6166040492454521,-1.3912256427598693,1.6160138390673324,-0.11490518005630801,0.6167820643451396,0.0,-1.4711927123961197,-1.3954770811813144,0.9969174609162059,1.5665986829772471,-1.6797751457139527,-1.0487421576863714,-1.4783749772033834,0.0,1.0,1
-0.25169242587344154,-1.5661002217427973,-0.9788767803756198,-0.7122491123268974,-1.260397923579291,0.0,1.7417700788909365,-1.6273079741197531,0.9969174609162059,1.5665986829772471,1.5104285020770472,1.6215115856271138,-0.7037160971217447,1.0,0.0,1
-0.5650871141811682,-0.6917273268281576,0.12767277774367433,1.6568776698988301,-0.37165689483590036,0.0,-1.4711927123961197,-0.4681535094275597,1.4981958824956936,1.5665986829772471,-1.5734350241209194,-1.0487421576863714,0.32793861995380247,1.0,0.0,0
-0.039185068733270795,-0.47313410309949777,-1.803580254977556,-0.7122491123268974,-1.5479228784927292,0.0,1.282775394421357,-0.9318152953044371,-1.0081962254017445,-0.638325571740905,1.191408137297947,1.6215115856271138,1.5248049465254332,1.0,0.0,0
2.1288192818886738,1.2756116867297813,-0.5265853157458827,-0.8641162137516221,1.0692992200557556,0.0,-1.4711927123961197,-0.12040717001990163,-0.5069178038222568,-0.638325571740905,-1.467094902527886,-1.0487421576863714,1.5174622083256075,1.0,0.0,0
-0.6294832830115231,1.1444557524925854,0.4738683353210507,0.8671687424902568,0.2717763463786462,0.0,1.282775394421357,-0.12040717001990163,-1.0081962254017445,-0.638325571740905,1.2977482588909803,1.6215115856271138,-1.3498770587064288,1.0,0.0,0
-0.5221563349609317,-0.42941545835376577,-1.958265012216215,1.5252595153307353,-1.932662401056487,0.0,1.7417700788909365,-0.5840689558967791,-1.509474646981232,-0.638325571740905,1.7231087452631138,1.6215115856271138,-0.3769642472294897,1.0,0.0,0
-0.6294832830115231,-1.5661002217427973,0.7761647893282113,0.7760484816354212,-0.09091576021955632,0.0,1.282775394421357,-0.8158998488352177,-0.5069178038222568,-0.638325571740905,1.191408137297947,1.6215115856271138,-1.6435865866994672,0.0,1.0,0
-0.27530435444457174,0.6635506602895337,-0.6703529579110379,1.7176245104687229,-0.5364068163367538,0.0,-1.4711927123961197,0.34325461585697575,1.4981958824956936,1.5665986829772471,-1.467094902527886,-1.0487421576863714,-0.3145509725309691,1.0,0.0,0
-0.6123109713234285,0.4886760813066058,-0.01317338292293763,0.7760484816354212,-0.24760989511761058,0.0,1.282775394421357,1.1546627411415114,0.9969174609162059,1.5665986829772471,1.4040883804840139,1.6215115856271138,-1.6105442648002504,1.0,0.0,1
0.5854577689211707,0.051489633849285975,-1.9178255577890109,1.3025210999078047,-1.1691191986889287,0.0,1.282775394421357,-0.004491723550682283,-0.5069178038222568,-0.638325571740905,1.2977482588909803,1.6215115856271138,-0.9203268740166106,1.0,0.0,0
-0.25383896483445345,0.0077709891035539986,-0.8547138166875313,0.5128121724992277,-0.8149068674620935,0.0,-1.4711927123961197,-1.5113925276505338,0.4956390393367183,-0.638325571740905,-1.6797751457139527,-1.0487421576863714,1.3449078606296974,1.0,0.0,0
-0.45990670509158876,1.6253608446956371,-0.6563605991548571,0.24957586336303772,-0.41635742500782325,0.0,-0.5532033434569608,1.2705781876107307,-0.005639382242769227,-0.638325571740905,-0.40369368659755284,-1.0487421576863714,-0.8799418139175678,0.0,1.0,1
2.768487892270198,1.4504862657127093,-1.9469634916823766,-0.3680170157641849,0.3500325590915515,0.0,0.8237807099517775,-0.6999844023659983,-1.0081962254017445,-0.638325571740905,0.7660476509258137,0.2863847139703712,0.6583618389459706,1.0,0.0,0
2.289809703964561,-1.6972561559799932,1.1675664290409418,0.08758428850999637,1.835870913627374,0.0,-0.09420865898738136,-0.6999844023659983,-0.005639382242769227,-0.638325571740905,-0.19101344341148618,0.2863847139703712,0.9153576759398789,1.0,0.0,0
-0.5565009583371209,-1.0414764847940134,0.822600968936636,-0.9349875277498279,0.10314995613659642,0.0,-1.0121980279265403,0.4591700623261951,-0.005639382242769227,-0.638325571740905,-0.9353942945627195,-1.0487421576863714,-1.2434073548089526,0.0,1.0,0
2.6289628598044295,-0.8666019058110855,-0.5873982595708227,-0.2667722814810327,0.8287764486293261,0.0,1.7417700788909365,-1.3954770811813144,-1.509474646981232,-0.638325571740905,1.6167686236700805,1.6215115856271138,-0.43570615282809716,1.0,0.0,0
-0.6080178934014048,1.1881743972383174,0.1978652148007795,1.667002143327147,0.07613581459638272,0.0,-0.09420865898738136,-1.163646188242876,1.4981958824956936,1.5665986829772471,-0.2973535650045195,0.2863847139703712,-1.2911351531078212,1.0,0.0,0
-0.38477784145617483,0.4012387918151418,1.4599452221714686,-0.995734368319717,1.0219941874483418,0.0,-0.5532033434569608,0.22733916938775642,-1.0081962254017445,-0.638325571740905,-0.5100338081905862,-1.0487421576863714,-0.5091335348263568,1.0,0.0,0
-0.6230436661284876,-0.42941545835376577,-1.957265558019345,-0.17565202062619717,-1.9888106279797557,0.0,-0.09420865898738136,-1.163646188242876,1.4981958824956936,1.5665986829772471,-0.2973535650045195,0.2863847139703712,0.1627270104577184,0.0,1.0,0
-0.34399360119695016,-0.9540391953025495,1.6137074063053245,1.6366287230422005,0.8657240413188557,0.0,0.3647860254821981,1.734239973487608,0.9969174609162059,1.5665986829772471,0.5533674077397471,0.2863847139703712,-0.85791359931809,1.0,0.0,1
-0.5178632570389081,0.5761133707980697,-0.853714362490661,0.30019823050461025,-0.8371359928998926,0.0,-1.0121980279265403,0.5750855087954145,0.4956390393367183,-0.638325571740905,-0.9353942945627195,-1.0487421576863714,0.27286808345510777,1.0,0.0,0
-0.03489199081124714,-0.6480086820824257,0.3080358197326872,1.5758818824723113,0.07934601527268623,0.0,-1.0121980279265403,-1.3954770811813144,-1.0081962254017445,-0.638325571740905,-1.1480745377487862,-1.0487421576863714,-1.0084397324145218,1.0,0.0,0
-0.6616813674267005,-0.6917273268281576,0.3089583928374903,-1.6437006677318824,-0.2833460913255163,0.0,0.3647860254821981,0.11142372291853707,0.9969174609162059,1.5665986829772471,0.3406871645536805,0.2863847139703712,-1.1149094363119982,0.0,1.0,0
-0.5908455817133101,0.27008285757794587,0.9839743811851178,-1.1172280494594988,0.5016388287667856,0.0,0.3647860254821981,1.3864936340799499,-0.5069178038222568,-0.638325571740905,0.5533674077397471,0.2863847139703712,1.778129414419429,0.0,1.0,1
-0.3504332180799856,-0.29825952411656986,-0.3688253148245465,-0.7223735857552104,-0.5544566239129504,0.0,1.282775394421357,-1.163646188242876,1.4981958824956936,1.5665986829772471,1.0850680157049137,1.6215115856271138,-1.2250505093093877,1.0,0.0,0
-0.5543544193761091,0.5761133707980697,1.419275124468064,-0.2667722814810327,0.9330171158730642,0.0,0.8237807099517775,0.9228318482030725,-1.0081962254017445,-0.638325571740905,0.9787278941118804,0.2863847139703712,-0.3145509725309691,0.0,1.0,1
-0.668120984309736,0.09520827859501796,-0.11127365640033807,0.2293269165064044,-0.4436138458443615,0.0,1.7417700788909365,-0.6999844023659983,1.4981958824956936,1.5665986829772471,1.6167686236700805,1.6215115856271138,-1.2507500930087785,0.0,1.0,0
-0.41482938691034044,-1.4349442875056013,-0.14879162932899886,0.9785379502017221,-0.6694181500190605,0.0,1.7417700788909365,-0.5840689558967791,-1.509474646981232,-0.638325571740905,1.7231087452631138,1.6215115856271138,-0.979068779615218,1.0,0.0,0
3.3072691714841667,-1.740974800725725,0.6005683750473481,1.3733924139060105,1.9536792214652998,0.0,1.282775394421357,1.6183245270183886,-0.5069178038222568,-0.638325571740905,1.5104285020770472,1.6215115856271138,-1.2764496767081694,1.0,0.0,0
-0.35901937392403294,-0.29825952411656986,-0.6491337765005659,0.11795770879493915,-0.7801397884394868,0.0,1.282775394421357,0.9228318482030725,-0.005639382242769227,-0.638325571740905,1.4040883804840139,1.6215115856271138,-1.6325724793997283,1.0,0.0,0
-0.1572447115889212,1.2756116867297813,0.43542778928758674,1.0797826844848706,0.5370721758542852,0.0,-1.4711927123961197,1.8501554199568273,0.9969174609162059,1.5665986829772471,-1.2544146593418195,-1.0487421576863714,0.7428033282439689,1.0,0.0,0
-0.6187505882064639,-1.2600697085226733,-0.8900791190383182,0.2293269165064044,-1.3297503721522606,0.0,1.7417700788909365,-1.2795616347120953,-1.0081962254017445,-0.638325571740905,1.6167686236700805,1.6215115856271138,-1.4673608699036442,0.0,1.0,0
0.018771483214048524,0.7509879497809976,0.8101462320217936,-0.5907554311871154,0.8153299476833,0.0,-0.5532033434569608,1.038747294672292,-1.0081962254017445,-0.638325571740905,-0.40369368659755284,-1.0487421576863714,-0.8505708611182641,1.0,0.0,1
2.049397340331236,0.4886760813066058,1.160954655123186,-0.4490128031907038,2.179544095464081,0.0,-0.09420865898738136,1.3864936340799499,-1.509474646981232,-0.638325571740905,0.1280069213676138,0.2863847139703712,0.9190290450397917,1.0,0.0,0
-0.36116591288504474,0.7509879497809976,-1.0080915953610525,0.16858007593651525,-0.8315635690844224,0.0,-1.0121980279265403,-1.0477307417736565,0.4956390393367183,-0.638325571740905,-1.1480745377487862,-1.0487421576863714,1.1650107747339613,0.0,1.0,1
2.0086131000720115,0.6198320155438017,0.30480681386587605,-0.5705064843304857,1.5110955169040003,0.0,1.7417700788909365,-0.9318152953044371,0.4956390393367183,-0.638325571740905,1.6167686236700805,1.6215115856271138,-0.6449741915231372,1.0,0.0,1
-0.5479148024930737,1.7127981341871013,-0.5760967390369843,0.8671687424902568,-0.3834074407076522,0.0,-1.4711927123961197,1.734239973487608,0.4956390393367183,-0.638325571740905,-1.2544146593418195,-1.0487421576863714,0.15905564135780526,1.0,0.0,1
1.5835983857916698,-0.7791646163196216,0.6720677906695912,1.5657574090439947,1.2504635638826134,0.0,0.3647860254821981,1.8501554199568273,1.4981958824956936,1.5665986829772471,0.5533674077397471,0.2863847139703712,1.513790839225694,1.0,0.0,1
-0.42341554275438775,-0.3856968136080338,1.1283570720868084,1.6973755636120933,0.5645103061630672,0.0,-1.4711927123961197,1.6183245270183886,-0.005639382242769227,-0.638325571740905,-1.2544146593418195,-1.0487421576863714,0.004858139161460298,1.0,0.0,0
-0.2388131921073707,0.051489633849285975,-0.24004948561244216,-0.3275191220509219,-0.31248017670857187,0.0,-1.4711927123961197,0.34325461585697575,1.4981958824956936,1.5665986829772471,-1.467094902527886,-1.0487421576863714,-0.667002406122615,1.0,0.0,1
0.323580015677728,1.4067676209669773,-0.9279814974273134,1.3227700467644345,-0.23664675695891388,0.0,-0.09420865898738136,0.4591700623261951,1.4981958824956936,1.5665986829772471,-0.08467332181845284,0.2863847139703712,-0.9937542560148699,1.0,0.0,0
-0.4470274713255178,-0.3419781688623018,-0.10473876357464901,-1.3298419914541164,-0.4106032917201096,0.0,0.3647860254821981,-0.12040717001990163,-0.005639382242769227,-0.638325571740905,0.3406871645536805,0.2863847139703712,0.8970008304403143,0.0,1.0,0
-0.26886473756153617,0.9695811735096576,-0.7473109310700328,-0.8236183200383626,-0.5255648178262194,0.0,1.7417700788909365,-1.6273079741197531,0.9969174609162059,1.5665986829772471,1.5104285020770472,1.6215115856271138,0.4601079075506696,1.0,0.0,0
-0.5264494128829554,-0.29825952411656986,-0.49521783018257604,0.5836834864974335,-0.7533679261955982,0.0,1.282775394421357,-0.23632261648912098,-1.509474646981232,-0.638325571740905,1.2977482588909803,1.6215115856271138,1.1136116073351794,0.0,1.0,0
-0.42985515963742316,-0.03594765564217798,0.04687074998133312,0.7456750613504749,-0.21363022380805935,0.0,-1.4711927123961197,0.5750855087954145,-1.0081962254017445,-0.638325571740905,-1.3607547809348528,-1.0487421576863714,0.6179767788469277,0.0,1.0,0
-0.6380694388555704,-1.6535375112342612,-1.2676421621790013,-1.2792196243125402,-1.7253318932265524,0.0,-0.09420865898738136,1.5024090805491692,-1.0081962254017445,-0.638325571740905,0.1280069213676138,0.2863847139703712,1.8478854273177756,0.0,1.0,1
-0.2495458869124298,-1.6535375112342612,1.2171547334241102,1.535383988759052,0.45154758425163644,0.0,0.8237807099517775,1.734239973487608,-1.0081962254017445,-0.638325571740905,1.0850680157049137,0.2863847139703712,-1.6215583720999893,1.0,0.0,0
-0.5865525037912865,0.27008285757794587,-0.5890127625042283,-1.2690951508842236,-0.7351969789712395,0.0,-0.5532033434569608,0.4591700623261951,-0.005639382242769227,-0.638325571740905,-0.5100338081905862,-1.0487421576863714,0.7428033282439689,0.0,1.0,0
-0.6530952115826532,1.3630489762212454,0.7304205395483893,1.6366287230422005,0.5090283473046914,0.0,0.3647860254821981,-1.163646188242876,-1.0081962254017445,-0.638325571740905,0.23434704296064715,0.2863847139703712,0.12968468855850152,1.0,0.0,0
-0.1271931661347557,1.4504862657127093,-1.3107724548285478,1.241774259337912,-0.782926000347222,0.0,-0.5532033434569608,-1.3954770811813144,-1.0081962254017445,-0.638325571740905,-0.7227140513766528,-1.0487421576863714,-1.2764496767081694,1.0,0.0,0
-0.6166040492454521,-0.3856968136080338,0.16765094561847677,-0.9653609480347742,-0.30139589890171287,0.0,0.3647860254821981,1.1546627411415114,-1.509474646981232,-0.638325571740905,0.5533674077397471,0.2863847139703712,-0.8101858010192212,1.0,0.0,0
-0.6831467570368187,1.4942049104584412,-1.2479606026098675,1.8391181916085013,-1.0375009709604892,0.0,-1.0121980279265403,0.22733916938775642,-1.0081962254017445,-0.638325571740905,-0.9353942945627195,-1.0487421576863714,1.8478854273177756,1.0,0.0,0
-0.5586474972981328,1.1007371077468535,0.14743121840487475,-0.6413777983286915,0.0448817853704853,0.0,0.8237807099517775,-0.4681535094275597,-0.005639382242769227,-0.638325571740905,0.7660476509258137,0.2863847139703712,-1.518760037302426,0.0,1.0,1
1.1242390481351392,1.5816421999499053,0.48501609367075516,0.39131849135944574,1.3671816148870781,0.0,-0.09420865898738136,0.6910009552646338,-1.0081962254017445,-0.638325571740905,0.02166679977458048,0.2863847139703712,-0.6523169297229631,1.0,0.0,1
-0.20446856873118144,1.4504862657127093,-0.726783679488163,0.30019823050461025,-0.3664478899649173,0.0,-1.4711927123961197,1.1546627411415114,1.4981958824956936,1.5665986829772471,-1.3607547809348528,-1.0487421576863714,-1.3608911660061678,1.0,0.0,0
3.500457677975231,0.2263642128322139,0.19010022450201985,0.6241813802106929,2.1754253474265592,0.0,-1.0121980279265403,-0.23632261648912098,0.4956390393367183,-0.638325571740905,-1.041734416155753,-1.0487421576863714,1.054869701736572,1.0,0.0,1
-0.006986984318093417,0.1826455680864819,-1.3208438778893155,1.4341392544758997,-1.0040664280676692,0.0,-1.4711927123961197,1.734239973487608,0.4956390393367183,-0.638325571740905,-1.2544146593418195,-1.0487421576863714,-0.8468994920183509,1.0,0.0,0
0.26562346373040857,1.4504862657127093,0.15312041921782749,1.5758818824723113,0.5920695761200114,0.0,-0.5532033434569608,0.6910009552646338,0.9969174609162059,1.5665986829772471,-0.5100338081905862,-1.0487421576863714,-0.18972442313392787,1.0,0.0,0
3.970549710436821,0.4886760813066058,1.3456999193600139,-0.6413777983286915,3.409293233784606,0.0,1.282775394421357,-0.35223806295834037,1.4981958824956936,1.5665986829772471,1.191408137297947,1.6215115856271138,0.39402326375223584,1.0,0.0,0
-0.09714162068059011,-0.6917273268281576,-0.813121145879323,1.6872510901837765,-0.8487653991234821,0.0,-0.5532033434569608,0.6910009552646338,0.9969174609162059,1.5665986829772471,-0.5100338081905862,-1.0487421576863714,1.399978397128392,1.0,0.0,0
0.08746072996642694,1.3630489762212454,0.30296166765627014,1.788495824466929,0.5901919115734942,0.0,-1.0121980279265403,1.1546627411415114,-0.5069178038222568,-0.638325571740905,-0.8290541729696862,-1.0487421576863714,1.5211335774255204,1.0,0.0,0
-0.569380192103192,-1.2600697085226733,1.0162644398532275,-1.5120825131637874,0.2000011048424288,0.0,-0.09420865898738136,0.6910009552646338,-1.0081962254017445,-0.638325571740905,0.02166679977458048,0.2863847139703712,-0.2374522214327962,0.0,1.0,1
-0.30964897782076095,0.9258625287639255,-0.6256850434201527,-0.13515412691293774,-0.4624510611336132,0.0,-0.09420865898738136,0.9228318482030725,-0.005639382242769227,-0.638325571740905,0.02166679977458048,0.2863847139703712,0.7831883883430114,1.0,0.0,0
0.8022582039833651,-0.12338494513364194,-0.06745143392218879,-0.6312533249003749,0.3722616845293504,0.0,0.8237807099517775,-1.163646188242876,0.4956390393367183,-0.638325571740905,0.6597075293327804,0.2863847139703712,-0.47976258202705313,1.0,0.0,0
-0.04777122457731811,1.0570184630011215,0.10137944425678484,0.806421901920364,0.28722165151935125,0.0,-0.09420865898738136,-1.6273079741197531,-0.5069178038222568,-0.638325571740905,-0.2973535650045195,0.2863847139703712,-0.41367793822861937,1.0,0.0,1
-0.6595348284656887,-1.3475069980141374,0.10099503879645012,-0.3275191220509219,-0.5913436467783987,0.0,-0.5532033434569608,1.8501554199568273,-1.0081962254017445,-0.638325571740905,-0.2973535650045195,-1.0487421576863714,0.6216481479468405,1.0,0.0,0
-0.4856651726237307,0.09520827859501796,0.9020191370417725,0.7659240082071046,0.45766513648383694,0.0,-1.4711927123961197,0.11142372291853707,0.4956390393367183,-0.638325571740905,-1.467094902527886,-1.0487421576863714,-1.5261027755022518,0.0,1.0,0
-0.4620532440526007,0.051489633849285975,-1.9528064546794632,0.13820665565156887,-1.787839951678347,0.0,-0.5532033434569608,-1.163646188242876,-0.005639382242769227,-0.638325571740905,-0.7227140513766528,-1.0487421576863714,-1.0451534234136517,1.0,0.0,0
-0.6187505882064639,-0.3856968136080338,-0.6066954136796215,-1.29946857116917,-0.9126665635291441,0.0,-0.5532033434569608,-0.23632261648912098,0.4956390393367183,-0.638325571740905,-0.6163739297836195,-1.0487421576863714,-0.3329078180305337,0.0,1.0,0
-0.4126828479493286,-0.1671035898793739,0.47932689285780283,-1.046356735461293,0.10769269294268613,0.0,1.7417700788909365,-1.163646188242876,-0.5069178038222568,-0.638325571740905,1.6167686236700805,1.6215115856271138,1.5211335774255204,1.0,0.0,0
-0.530742490804979,0.7072693050352656,-0.6375247315984598,1.0899071579131874,-0.6450085109143383,0.0,-0.5532033434569608,0.22733916938775642,-1.0081962254017445,-0.638325571740905,-0.5100338081905862,-1.0487421576863714,-0.8285426465187858,1.0,0.0,0
-0.5350355687270028,-0.7354459715738897,1.4188138379156623,0.5735590130691168,0.6528211096734513,0.0,0.3647860254821981,0.8069164017338532,0.4956390393367183,-0.638325571740905,0.4470272861467138,0.2863847139703712,-0.6963733589219187,1.0,0.0,0
-0.4126828479493286,-0.3856968136080338,-1.6633491430474794,1.41389030761927,-1.628844163465207,0.0,-1.0121980279265403,-0.9318152953044371,0.9969174609162059,1.5665986829772471,-1.1480745377487862,-1.0487421576863714,-1.6068728957003375,1.0,0.0,0
1.2272729182637065,-0.9977578400482815,1.4486437016376303,-0.40851490947744434,1.612731681712247,0.0,1.282775394421357,1.1546627411415114,0.9969174609162059,1.5665986829772471,1.4040883804840139,1.6215115856271138,-0.9129841358167846,1.0,0.0,1
-0.4556136271695651,1.5816421999499053,0.8254455693431124,0.6039324333540632,0.7437969854434078,0.0,1.282775394421357,1.6183245270183886,-0.5069178038222568,-0.638325571740905,1.5104285020770472,1.6215115856271138,1.0144846416375293,1.0,0.0,1
-0.2795974323665954,1.5816421999499053,-1.2533422790545525,-0.11490518005630801,-0.7946159763948928,0.0,-0.5532033434569608,1.5024090805491692,0.9969174609162059,1.5665986829772471,-0.40369368659755284,-1.0487421576863714,-0.667002406122615,1.0,0.0,0
-0.382631302495163,-0.6480086820824257,-0.05591927011214959,0.5634345396408038,-0.40363776195077206,0.0,-0.5532033434569608,0.4591700623261951,-0.005639382242769227,-0.638325571740905,-0.5100338081905862,-1.0487421576863714,-0.24479495963262254,1.0,0.0,1
-0.4105363089883168,1.5816421999499053,-0.28579373539226444,-0.45913727661902043,-0.10623992571209905,0.0,-1.4711927123961197,-1.5113925276505338,0.4956390393367183,-0.638325571740905,-1.6797751457139527,-1.0487421576863714,-1.4490040244040794,0.0,1.0,0
-0.6466555946996178,0.8821438840181935,0.7647863877023063,0.7355505879221582,0.4331343577309525,0.0,-1.4711927123961197,-0.004491723550682283,-0.005639382242769227,-0.638325571740905,-1.467094902527886,-1.0487421576863714,-1.4710322390035573,1.0,0.0,0
-0.5200097959999199,0.4449574365608738,-0.8367236411438701,-1.3095930445974866,-0.8540349738185461,0.0,0.8237807099517775,1.734239973487608,-1.0081962254017445,-0.638325571740905,1.0850680157049137,0.2863847139703712,-0.277837281531839,0.0,1.0,0
-0.580112886908251,-0.29825952411656986,-0.8959989631274714,-1.0767301557462394,-1.099403331171472,0.0,-1.0121980279265403,1.3864936340799499,0.4956390393367183,-0.638325571740905,-0.8290541729696862,-1.0487421576863714,-1.0635102689132165,0.0,1.0,0
-0.6616813674267005,-1.3475069980141374,-0.1936901870960846,0.5026876990709146,-0.8247191789632474,0.0,-0.09420865898738136,0.11142372291853707,-0.005639382242769227,-0.638325571740905,-0.08467332181845284,0.2863847139703712,-1.1185808054119113,0.0,1.0,1
-0.382631302495163,0.27008285757794587,-0.08082874394183431,0.9886624236300351,-0.21974777604026036,0.0,0.3647860254821981,-0.004491723550682283,0.4956390393367183,-0.638325571740905,0.3406871645536805,0.2863847139703712,-0.34025055623035966,1.0,0.0,0
-0.5157167180778963,0.2263642128322139,-1.1482458261990622,-0.9147385808931981,-1.1454969672972621,0.0,0.8237807099517775,0.8069164017338532,-1.509474646981232,-0.638325571740905,0.9787278941118804,0.2863847139703712,-0.9717260414153921,0.0,1.0,0
-0.6123109713234285,0.9695811735096576,0.6520018256401229,0.18882902279314498,0.3830431132158034,0.0,-1.0121980279265403,-1.2795616347120953,-0.5069178038222568,-0.638325571740905,-1.1480745377487862,-1.0487421576863714,0.952071366939009,0.0,1.0,0
0.06170226243428509,1.4504862657127093,1.0058086113321252,1.8289937181801883,1.1487668292502848,0.0,-0.5532033434569608,0.6910009552646338,0.9969174609162059,1.5665986829772471,-0.5100338081905862,-1.0487421576863714,1.8075003672187329,1.0,0.0,1
-0.5650871141811682,0.7509879497809976,1.0948369159456282,1.4543882013325293,0.7101201632542625,0.0,0.3647860254821981,1.5024090805491692,-0.005639382242769227,-0.638325571740905,0.5533674077397471,0.2863847139703712,-0.5899036550244425,1.0,0.0,1
0.3192869377557042,-0.9977578400482815,1.242986780358598,0.9886624236300351,0.9382866905681282,0.0,-1.4711927123961197,1.038747294672292,0.9969174609162059,1.5665986829772471,-1.3607547809348528,-1.0487421576863714,0.8199020793421414,1.0,0.0,0
-0.15080509470588577,-0.3419781688623018,0.3894528962315641,-0.9248630543215112,0.14591225193792057,0.0,1.282775394421357,-0.8158998488352177,-0.5069178038222568,-0.638325571740905,1.191408137297947,1.6215115856271138,-0.23010948323297029,1.0,0.0,0
-0.507130562233849,-1.3912256427598693,1.0727720425224196,0.1787045493648319,0.2505769079502276,0.0,-1.4711927123961197,-1.0477307417736565,-1.0081962254017445,-0.638325571740905,-1.5734350241209194,-1.0487421576863714,-0.017170075438017497,0.0,1.0,0
3.1570114442133392,-1.5223815769970652,1.4460297445073547,1.0696582110565576,2.5834236824374965,0.0,-1.4711927123961197,1.1546627411415114,1.4981958824956936,1.5665986829772471,-1.3607547809348528,-1.0487421576863714,-1.5811733120009466,1.0,0.0,0
-0.47922555574069525,-0.9977578400482815,-1.1960658654646912,-0.12502965348462108,-1.433930469571918,0.0,0.3647860254821981,0.4591700623261951,-1.0081962254017445,-0.638325571740905,0.4470272861467138,0.2863847139703712,-0.9643833032155662,0.0,1.0,0
-0.5758198089862274,0.0077709891035539986,-0.7292438744343047,0.6950526942088987,-0.8977663868051698,0.0,-0.5532033434569608,-0.004491723550682283,1.4981958824956936,1.5665986829772471,-0.6163739297836195,-1.0487421576863714,0.17741248685737027,0.0,1.0,0
0.7829393533342588,0.7947065945267296,1.315870055638046,0.8165463753486807,1.6547065698005161,0.0,-1.4711927123961197,-1.3954770811813144,0.9969174609162059,1.5665986829772471,-1.6797751457139527,-1.0487421576863714,-0.6743451443224409,1.0,0.0,1
-0.3547262960020093,-0.7354459715738897,-0.9754171312326081,0.7861729550637343,-1.1316870474067493,0.0,-0.5532033434569608,-1.163646188242876,-0.005639382242769227,-0.638325571740905,-0.7227140513766528,-1.0487421576863714,-0.5128049039262697,1.0,0.0,0
-0.4083897700273049,1.0132998182553896,-0.5104402864118279,1.5252595153307353,-0.407998789284618,0.0,0.8237807099517775,1.6183245270183886,-1.509474646981232,-0.638325571740905,1.0850680157049137,0.2863847139703712,-0.615603238723833,1.0,0.0,1
-0.5586474972981328,-1.5661002217427973,0.03587675381576237,0.49256322564259797,-0.6341665124038042,0.0,-1.0121980279265403,0.6910009552646338,0.9969174609162059,1.5665986829772471,-0.9353942945627195,-1.0487421576863714,-0.6449741915231372,0.0,1.0,0
-0.22593395834129973,-1.1289137742854773,1.4601758654476695,1.5860063559006243,0.7726282217060568,0.0,-1.4711927123961197,-0.9318152953044371,-0.5069178038222568,-0.638325571740905,-1.5734350241209194,-1.0487421576863714,-1.0488247925135648,1.0,0.0,1
-0.5865525037912865,-0.2108222346251059,-0.394964886127302,-0.5097596437605929,-0.6889216333732056,0.0,1.282775394421357,0.8069164017338532,-0.5069178038222568,-0.638325571740905,1.4040883804840139,1.6215115856271138,-0.017170075438017497,0.0,1.0,0
-0.6037248154793812,0.9258625287639255,-1.6438982267545466,-0.7527470060401568,-1.4305991292474523,0.0,-0.09420865898738136,1.1546627411415114,0.9969174609162059,1.5665986829772471,0.02166679977458048,0.2863847139703712,1.3926356589285664,1.0,0.0,1
0.2484511520423139,0.7072693050352656,-0.9918696849349306,-0.6413777983286915,-0.48443790727508745,0.0,0.8237807099517775,1.2705781876107307,0.4956390393367183,-0.638325571740905,0.9787278941118804,0.2863847139703712,0.9924564270380518,1.0,0.0,1
-0.2087616466532051,0.6198320155438017,0.440578822456071,1.241774259337912,0.36668926071388047,0.0,-1.0121980279265403,0.11142372291853707,-1.509474646981232,-0.638325571740905,-0.9353942945627195,-1.0487421576863714,0.6253195170467536,1.0,0.0,1
-0.3482866791189738,1.4504862657127093,-1.0656755333191816,0.6140569067823799,-0.7146032387836327,0.0,-1.4711927123961197,1.1546627411415114,1.4981958824956936,1.5665986829772471,-1.3607547809348528,-1.0487421576863714,-0.2521376978324485,1.0,0.0,0
-0.3525797570409975,-0.7354459715738897,0.6969003834072086,-0.995734368319717,0.18703916248905306,0.0,1.7417700788909365,-0.35223806295834037,-0.5069178038222568,-0.638325571740905,1.7231087452631138,1.6215115856271138,0.7538174355437076,0.0,1.0,0
-0.6831467570368187,-1.2600697085226733,1.3569245588017853,0.4621898053576516,0.4041819818201412,0.0,-1.4711927123961197,-0.5840689558967791,0.9969174609162059,1.5665986829772471,-1.5734350241209194,-1.0487421576863714,-0.5348331185257478,1.0,0.0,1
-0.655241750543665,1.3193303314755134,1.4482592961772955,-1.2285972571709642,1.0636662264162042,0.0,-0.5532033434569608,-1.163646188242876,-0.005639382242769227,-0.638325571740905,-0.7227140513766528,-1.0487421576863714,0.4087087401518877,0.0,1.0,0
-0.40409669210528126,-1.5661002217427973,0.49462623017912116,-0.6312533249003749,-0.18552582543438456,0.0,-1.0121980279265403,0.34325461585697575,-0.5069178038222568,-0.638325571740905,-0.9353942945627195,-1.0487421576863714,-0.7220729426213096,1.0,0.0,0
0.020918022175060398,0.051489633849285975,1.68589875175617,-0.681875692041951,1.3514334606259673,0.0,0.3647860254821981,1.3864936340799499,-0.5069178038222568,-0.638325571740905,0.5533674077397471,0.2863847139703712,0.7538174355437076,1.0,0.0,0
-0.10143469860261377,-0.6042900373366937,-0.36359740056399537,-0.01366044577315582,-0.4776540869779936,0.0,0.8237807099517775,-1.5113925276505338,-1.0081962254017445,-0.638325571740905,0.6597075293327804,0.2863847139703712,0.4601079075506696,1.0,0.0,1
-0.6445090557386058,1.1007371077468535,0.3779976135135918,1.0494092641999277,0.17807482852503592,0.0,-1.4711927123961197,1.734239973487608,0.4956390393367183,-0.638325571740905,-1.2544146593418195,-1.0487421576863714,-0.11629704113566816,1.0,0.0,0
-0.5157167180778963,-0.7354459715738897,-0.06099342218856703,0.09770876193830944,-0.5021242959067966,0.0,-1.4711927123961197,-1.3954770811813144,0.9969174609162059,1.5665986829772471,-1.6797751457139527,-1.0487421576863714,-0.8872845521173937,0.0,1.0,1
0.2785026974964796,0.2263642128322139,1.5340585949239873,1.6872510901837765,1.415940323272441,0.0,-1.0121980279265403,-0.004491723550682283,1.4981958824956936,1.5665986829772471,-1.041734416155753,-1.0487421576863714,1.2641377404316116,1.0,0.0,1
-0.3418470622359383,-0.6917273268281576,0.06386147132812404,1.3328945201927476,-0.2959446147344052,0.0,1.282775394421357,1.3864936340799499,-1.509474646981232,-0.638325571740905,1.5104285020770472,1.6215115856271138,1.080569285435963,1.0,0.0,1
-0.6015782765183694,-0.7354459715738897,0.8880267782855916,-1.3602154117390628,0.19709375328653128,0.0,1.282775394421357,0.5750855087954145,-1.509474646981232,-0.638325571740905,1.4040883804840139,1.6215115856271138,1.0622124399363984,0.0,1.0,0
-0.5607940362591447,-0.6042900373366937,1.4048983602515484,-1.1476014697444452,0.6563947292942417,0.0,-0.5532033434569608,1.6183245270183886,1.4981958824956936,1.5665986829772471,-0.40369368659755284,-1.0487421576863714,1.1539966674342224,0.0,1.0,0
-0.3633124518460566,-1.0414764847940134,-1.1883777562579985,-1.4513356725938982,-1.3721492490090978,0.0,0.3647860254821981,1.3864936340799499,-0.5069178038222568,-0.638325571740905,0.5533674077397471,0.2863847139703712,-1.3682339042059937,0.0,1.0,1
-0.5350355687270028,1.6253608446956371,1.081920892478384,-0.5907554311871154,0.910727420611184,0.0,-1.0121980279265403,-1.2795616347120953,-0.5069178038222568,-0.638325571740905,-1.1480745377487862,-1.0487421576863714,1.7597725689198638,0.0,1.0,1
-0.6402159778165821,0.5323947260523377,-1.1292561964585308,-0.5198841171889096,-1.1329590137124543,0.0,0.3647860254821981,0.9228318482030725,0.9969174609162059,1.5665986829772471,0.4470272861467138,0.2863847139703712,1.7487584616201255,0.0,1.0,1
-0.48351863366271886,-1.4786629322513334,-1.0539896073250083,-0.37814148919249796,-1.4310231180160207,0.0,-1.0121980279265403,-0.6999844023659983,-1.509474646981232,-0.638325571740905,-1.041734416155753,-1.0487421576863714,-0.21175263773340566,1.0,0.0,1
-0.580112886908251,-0.8666019058110855,0.05271371297841958,-1.8866880300114461,-0.47795693609839957,0.0,0.3647860254821981,1.734239973487608,0.9969174609162059,1.5665986829772471,0.5533674077397471,0.2863847139703712,0.206783439656674,0.0,1.0,0
0.09604688581047426,-0.2108222346251059,-0.6186119829499955,-0.45913727661902043,-0.47989517046899777,0.0,-1.4711927123961197,1.6183245270183886,-0.005639382242769227,-0.638325571740905,-1.2544146593418195,-1.0487421576863714,0.23248302335606494,1.0,0.0,0
-0.668120984309736,-0.07966630038790996,-0.7249385332785567,-1.0868546291745524,-0.9658468690724344,0.0,-0.09420865898738136,1.038747294672292,0.4956390393367183,-0.638325571740905,0.02166679977458048,0.2863847139703712,0.926371783239618,0.0,1.0,0
0.4352000416503429,0.27008285757794587,1.1514982807989536,-0.560382010902169,1.2126679936559466,0.0,-1.4711927123961197,1.038747294672292,0.9969174609162059,1.5665986829772471,-1.3607547809348528,-1.0487421576863714,-1.1185808054119113,1.0,0.0,0
2.113793509161591,1.1444557524925854,-1.646742827161023,1.494886095045789,0.14924359226238634,0.0,0.3647860254821981,-1.163646188242876,-1.0081962254017445,-0.638325571740905,0.23434704296064715,0.2863847139703712,1.8368713200180367,1.0,0.0,0
-0.48995825054575437,-0.12338494513364194,1.3733771125041077,-0.2870212283376624,0.7781400756974458,0.0,-0.09420865898738136,1.1546627411415114,0.9969174609162059,1.5665986829772471,0.02166679977458048,0.2863847139703712,-1.6509293248992933,0.0,1.0,0
0.0509695676292259,-0.03594765564217798,1.1840189827432643,0.36094507107450297,0.953610856060671,0.0,-1.0121980279265403,0.11142372291853707,-1.509474646981232,-0.638325571740905,-0.9353942945627195,-1.0487421576863714,-0.19339579223384062,1.0,0.0,1
-0.5350355687270028,0.9695811735096576,-0.7839832119859574,0.7659240082071046,-0.7046697876343165,0.0,1.282775394421357,-1.0477307417736565,-1.509474646981232,-0.638325571740905,1.191408137297947,1.6215115856271138,1.6936879251214307,0.0,1.0,0
-0.34614014015796196,-0.1671035898793739,-0.05522734028354743,0.6039324333540632,-0.27589600296352906,0.0,0.3647860254821981,-0.4681535094275597,-1.509474646981232,-0.638325571740905,0.3406871645536805,0.2863847139703712,0.9300431523395307,0.0,1.0,1
-0.6509486726216414,-0.5168527478452297,0.5047745343319561,1.3936413607626403,-0.08425307957062474,0.0,-1.0121980279265403,0.5750855087954145,0.4956390393367183,-0.638325571740905,-0.9353942945627195,-1.0487421576863714,0.8970008304403143,1.0,0.0,0
-0.5715267310642037,-0.7354459715738897,0.532374846383983,-1.8360656628698702,-0.06614270217034676,0.0,-0.5532033434569608,0.9228318482030725,-1.509474646981232,-0.638325571740905,-0.40369368659755284,-1.0487421576863714,1.5174622083256075,0.0,1.0,1
-0.6616813674267005,1.4942049104584412,1.1905538755689533,0.10783323536662609,0.8957666740631286,0.0,-0.5532033434569608,1.6183245270183886,1.4981958824956936,1.5665986829772471,-0.40369368659755284,-1.0487421576863714,-0.953369195915827,0.0,1.0,0
3.3931307299246396,-1.4786629322513334,-0.1560184519832901,1.778371351038612,1.4642144730651543,0.0,-1.0121980279265403,1.5024090805491692,0.9969174609162059,1.5665986829772471,-0.8290541729696862,-1.0487421576863714,-0.06856924283679941,1.0,0.0,0
0.5983370026872417,-1.1289137742854773,-0.06514500116018129,-1.03623226203298,0.03609916087871186,0.0,1.7417700788909365,-0.4681535094275597,-1.0081962254017445,-0.638325571740905,1.7231087452631138,1.6215115856271138,-1.342534320506603,1.0,0.0,0
0.37509695074201166,1.7127981341871013,0.35131987456636754,0.6950526942088987,0.8681468342821035,0.0,-1.0121980279265403,-0.4681535094275597,-0.5069178038222568,-0.638325571740905,-1.041734416155753,-1.0487421576863714,-0.4063352000287934,1.0,0.0,1
-0.5886990427522983,-0.6480086820824257,0.377382564777056,-0.681875692041951,-0.178560295665047,0.0,-0.09420865898738136,0.22733916938775642,0.4956390393367183,-0.638325571740905,-0.08467332181845284,0.2863847139703712,-0.09794019563610314,0.0,1.0,1
-0.5243028739219436,-0.1671035898793739,1.5990999988126082,-2.1802977594325825,0.9268995636408638,0.0,-0.09420865898738136,0.11142372291853707,-0.005639382242769227,-0.638325571740905,-0.08467332181845284,0.2863847139703712,1.5578472684246505,0.0,1.0,1
-0.48137209470170705,-0.3419781688623018,-0.07167989398586991,-1.9474348705813354,-0.403940611071178,0.0,1.282775394421357,-0.12040717001990163,-1.0081962254017445,-0.638325571740905,1.2977482588909803,1.6215115856271138,0.8125593411423159,0.0,1.0,0
-0.6509486726216414,-1.6098188664885291,0.4442691148752837,-0.8843651606082518,-0.3742008274473105,0.0,-1.0121980279265403,-1.2795616347120953,-0.5069178038222568,-0.638325571740905,-1.1480745377487862,-1.0487421576863714,1.6900165560215172,0.0,1.0,0
0.5790181520381352,1.2756116867297813,-1.633980565877913,1.7277489838970361,-0.6777767857422654,0.0,1.282775394421357,-0.35223806295834037,1.4981958824956936,1.5665986829772471,1.191408137297947,1.6215115856271138,1.34857922972961,1.0,0.0,0
2.0451042624092124,-0.5605713925909617,1.0567807753724985,0.9481645299167757,1.8624610663990189,0.0,0.3647860254821981,1.3864936340799499,-0.5069178038222568,-0.638325571740905,0.5533674077397471,0.2863847139703712,1.3375651224298717,1.0,0.0,0
-0.6402159778165821,-1.6535375112342612,-1.815343062063796,-1.2792196243125402,-2.1580427164626177,0.0,1.282775394421357,1.038747294672292,0.4956390393367183,-0.638325571740905,1.4040883804840139,1.6215115856271138,-1.4086189643050366,0.0,1.0,0
0.9246109247610395,-0.9103205505568176,1.1834039340067288,-0.16552754719788051,1.2523412284291302,0.0,-1.0121980279265403,-0.4681535094275597,-0.5069178038222568,-0.638325571740905,-1.041734416155753,-1.0487421576863714,-0.3439219253302728,1.0,0.0,0
-0.6208971271674758,1.0132998182553896,-1.6469734704372236,-1.6437006677318824,-1.4233307503577086,0.0,0.3647860254821981,1.3864936340799499,-0.5069178038222568,-0.638325571740905,0.5533674077397471,0.2863847139703712,0.8052166029424895,0.0,1.0,0
0.7829393533342588,0.4449574365608738,-0.165551707399589,-0.4490128031907038,0.4100572547560171,0.0,-0.09420865898738136,1.2705781876107307,1.4981958824956936,1.5665986829772471,0.02166679977458048,0.2863847139703712,1.1796962511336133,1.0,0.0,0
-0.05206430249934176,-0.9540391953025495,1.102217500784053,-1.1071035760311858,0.6275029232075112,0.0,0.8237807099517775,-0.9318152953044371,1.4981958824956936,1.5665986829772471,0.6597075293327804,0.2863847139703712,-0.10895430293584223,1.0,0.0,1
0.9847140156693704,-0.42941545835376577,-0.7237084358054859,1.667002143327147,-0.10963183586064569,0.0,-0.5532033434569608,1.2705781876107307,-0.005639382242769227,-0.638325571740905,-0.40369368659755284,-1.0487421576863714,-1.6032015266004245,1.0,0.0,0
-0.569380192103192,-0.1671035898793739,0.2744387824994396,0.16858007593651525,-0.1421578313922479,0.0,1.282775394421357,-1.3954770811813144,0.4956390393367183,-0.638325571740905,1.0850680157049137,1.6215115856271138,-0.997425625114783,1.0,0.0,1
0.3772434897030236,-1.1726324190312094,1.022030521758247,1.353143467049381,0.7581520337506511,0.0,-1.4711927123961197,1.3864936340799499,-1.0081962254017445,-0.638325571740905,-1.2544146593418195,-1.0487421576863714,1.6973592942213436,1.0,0.0,0
2.5581270740910393,0.4012387918151418,0.08385055526552548,0.5431855927841741,1.5986794825254098,0.0,-1.4711927123961197,1.2705781876107307,-1.509474646981232,-0.638325571740905,-1.2544146593418195,-1.0487421576863714,-0.4467202601278362,1.0,0.0,1
0.020918022175060398,-0.47313410309949777,-0.28210344297305173,1.1304050516264468,-0.315326958440388,0.0,0.3647860254821981,-1.3954770811813144,1.4981958824956936,1.5665986829772471,0.1280069213676138,0.2863847139703712,-0.2961941270314041,1.0,0.0,0
0.7764997364512233,-1.5223815769970652,-1.6751119501337193,0.047086394796733336,-1.2189681639077528,0.0,1.7417700788909365,-0.6999844023659983,1.4981958824956936,1.5665986829772471,1.6167686236700805,1.6215115856271138,-1.1002239599123464,1.0,0.0,0
-0.6080178934014048,0.051489633849285975,0.6696844768155163,-1.6133272474469396,0.19588235680490737,0.0,0.3647860254821981,-0.12040717001990163,-0.005639382242769227,-0.638325571740905,0.3406871645536805,0.2863847139703712,-0.5495185949253997,0.0,1.0,0
-0.6831467570368187,0.4449574365608738,-0.7230165059768835,-0.13515412691293774,-0.8565183366058754,0.0,-1.0121980279265403,1.2705781876107307,-0.005639382242769227,-0.638325571740905,-0.8290541729696862,-1.0487421576863714,1.054869701736572,0.0,1.0,0
-0.5393286466490264,0.5761133707980697,-0.21467872523035608,0.796297428492051,-0.34579357995322973,0.0,0.8237807099517775,-0.5840689558967791,-0.5069178038222568,-0.638325571740905,0.7660476509258137,0.2863847139703712,-0.050212397337234385,0.0,1.0,1
-0.6595348284656887,-1.6972561559799932,0.19963347991831856,-0.3173946486226088,-0.591161937306155,0.0,-1.0121980279265403,-1.2795616347120953,-0.5069178038222568,-0.638325571740905,-1.1480745377487862,-1.0487421576863714,-1.6068728957003375,1.0,0.0,0
-0.5028374843118253,1.6690794894413692,-1.171848321463609,0.7051771676372154,-0.8370148532517301,0.0,-0.09420865898738136,-0.12040717001990163,-1.0081962254017445,-0.638325571740905,-0.08467332181845284,0.2863847139703712,0.27653945255502055,1.0,0.0,0
-0.6273367440505112,0.7947065945267296,-1.6824925349721445,-1.6740740880168288,-1.50340405779305,0.0,-1.0121980279265403,-0.12040717001990163,0.9969174609162059,1.5665986829772471,-1.041734416155753,-1.0487421576863714,-0.8799418139175678,0.0,1.0,0
-0.5972851985963457,-1.0414764847940134,-0.14533198018598675,-0.7426225326118401,-0.6824406621965177,0.0,-0.09420865898738136,-0.23632261648912098,-1.509474646981232,-0.638325571740905,-0.08467332181845284,0.2863847139703712,1.5101194701257814,0.0,1.0,0
-0.3504332180799856,0.27008285757794587,0.2829725837188687,-0.38826596262081464,0.08503957873631844,0.0,1.282775394421357,-0.4681535094275597,0.9969174609162059,1.5665986829772471,1.191408137297947,1.6215115856271138,-0.1860530540340147,1.0,0.0,0
0.20122729490005378,-0.47313410309949777,0.565433715972762,1.515135041902422,0.454152086687128,0.0,-0.5532033434569608,-1.6273079741197531,1.4981958824956936,1.5665986829772471,-0.8290541729696862,-1.0487421576863714,-0.68535925162218,1.0,0.0,0
-0.592992120674322,0.4012387918151418,-0.9395136612373526,0.49256322564259797,-0.9858954808433102,0.0,-0.5532033434569608,0.6910009552646338,0.9969174609162059,1.5665986829772471,-0.5100338081905862,-1.0487421576863714,1.8258572127182975,1.0,0.0,0
0.29782154814558603,1.3630489762212454,0.02580533075499479,0.9481645299167757,0.4905545509599265,0.0,-1.0121980279265403,0.4591700623261951,-0.005639382242769227,-0.638325571740905,-0.9353942945627195,-1.0487421576863714,-0.5091335348263568,1.0,0.0,1
1.6007706974797644,-0.5168527478452297,1.177022803365174,1.363267940477694,1.7161243714188494,0.0,-0.5532033434569608,1.3864936340799499,0.4956390393367183,-0.638325571740905,-0.40369368659755284,-1.0487421576863714,0.26185397615536865,1.0,0.0,1
-0.5393286466490264,1.7127981341871013,0.2781290749186523,-0.13515412691293774,0.29442946058501335,0.0,1.282775394421357,-0.4681535094275597,0.9969174609162059,1.5665986829772471,1.191408137297947,1.6215115856271138,1.4587203027269995,0.0,1.0,0
4.496451755884719,-1.740974800725725,1.2519049870383614,1.3126455733361178,3.137940421900847,0.0,-0.09420865898738136,1.6183245270183886,-0.5069178038222568,-0.638325571740905,0.1280069213676138,0.2863847139703712,-1.1259235436117372,1.0,0.0,0
0.5017427494417096,1.7127981341871013,-0.19269073289921457,-0.7122491123268974,0.511027151499371,0.0,-0.09420865898738136,-0.12040717001990163,-1.0081962254017445,-0.638325571740905,-0.08467332181845284,0.2863847139703712,1.1282970837348314,1.0,0.0,1
-0.13363278301779113,0.051489633849285975,-0.753461418435387,-1.1071035760311858,-0.6576070343232272,0.0,0.3647860254821981,0.11142372291853707,0.9969174609162059,1.5665986829772471,0.3406871645536805,0.2863847139703712,-1.672957539498771,1.0,0.0,0
0.2484511520423139,0.31380150232367787,-1.359668829383114,0.07745981508167972,-0.8614244923564522,0.0,-1.0121980279265403,-0.23632261648912098,0.4956390393367183,-0.638325571740905,-1.041734416155753,-1.0487421576863714,-1.169979972810693,1.0,0.0,0
0.6326816260634308,1.5379235552041732,-1.6026130803146061,-0.8641162137516221,-0.5646323543585909,0.0,-1.0121980279265403,-1.6273079741197531,1.4981958824956936,1.5665986829772471,-1.2544146593418195,-1.0487421576863714,0.6143054097470145,1.0,0.0,0
-0.40195015314426946,0.6635506602895337,1.3921360989684382,-1.0564812088896098,1.0170274618736832,0.0,-1.0121980279265403,-0.35223806295834037,-0.005639382242769227,-0.638325571740905,-1.041734416155753,-1.0487421576863714,0.4417510620511046,0.0,1.0,1
1.049110184499725,1.2318930419840495,-0.798359976202473,1.5758818824723113,0.23616128981890278,0.0,1.282775394421357,1.8501554199568273,0.4956390393367183,-0.638325571740905,1.5104285020770472,1.6215115856271138,-0.7955003246195693,1.0,0.0,0
-0.6745606011927714,-0.3419781688623018,-1.023467813774438,-0.7831204263251031,-1.262820716542539,0.0,0.8237807099517775,-1.6273079741197531,-1.509474646981232,-0.638325571740905,0.6597075293327804,0.2863847139703712,-0.23378085233288345,0.0,1.0,0
2.32415432734075,-1.1289137742854773,-0.8407214579313502,1.4645126747608461,0.3990335467732395,0.0,-1.4711927123961197,1.1546627411415114,1.4981958824956936,1.5665986829772471,-1.3607547809348528,-1.0487421576863714,-0.4650771056274013,1.0,0.0,1
-0.5865525037912865,-1.4786629322513334,1.3872925901682218,1.1607784719113932,0.43416404474033327,0.0,0.3647860254821981,1.8501554199568273,1.4981958824956936,1.5665986829772471,0.5533674077397471,0.2863847139703712,-0.8358853847186117,1.0,0.0,0
-0.38477784145617483,0.2263642128322139,-1.336220096302701,0.1584556025081986,-1.2196950017967274,0.0,-0.5532033434569608,0.11142372291853707,-1.509474646981232,-0.638325571740905,-0.5100338081905862,-1.0487421576863714,0.22514028515623902,1.0,0.0,1
-0.5006909453508135,0.4449574365608738,1.4352663916179849,0.4216919116443921,0.9468270357635771,0.0,1.7417700788909365,-1.0477307417736565,-0.005639382242769227,-0.638325571740905,1.6167686236700805,1.6215115856271138,-0.9900828869149572,0.0,1.0,1
-0.5629405752201564,0.7509879497809976,0.051714258781549546,-0.3477680689075552,-0.11047981339778278,0.0,1.7417700788909365,-0.9318152953044371,0.4956390393367183,-0.638325571740905,1.6167686236700805,1.6215115856271138,-0.06856924283679941,0.0,1.0,0
0.1904946000949947,1.6253608446956371,0.8099924698376599,0.9684134767734054,1.1059439636248791,0.0,0.3647860254821981,0.22733916938775642,1.4981958824956936,1.5665986829772471,0.3406871645536805,0.2863847139703712,-0.6596596679227891,1.0,0.0,1
0.4802773598315912,1.4942049104584412,-0.0708342019731336,0.9279155830601459,0.5464604985868706,0.0,1.282775394421357,-0.8158998488352177,-0.5069178038222568,-0.638325571740905,1.191408137297947,1.6215115856271138,-1.2874637840079084,1.0,0.0,0
-0.6208971271674758,1.4504862657127093,-0.5927030549234408,0.8266708487769937,-0.49582503420235247,0.0,0.8237807099517775,-0.9318152953044371,1.4981958824956936,1.5665986829772471,0.6597075293327804,0.2863847139703712,0.3646523109529321,1.0,0.0,0
-0.5565009583371209,-0.42941545835376577,0.8565055305381514,-0.6717512186136343,0.2655376544982829,0.0,0.3647860254821981,-0.004491723550682283,0.4956390393367183,-0.638325571740905,0.3406871645536805,0.2863847139703712,1.7414157234202992,0.0,1.0,0
-0.3718986076901039,-1.2600697085226733,-1.8281822044389728,0.9785379502017221,-1.929512770204265,0.0,0.3647860254821981,1.038747294672292,1.4981958824956936,1.5665986829772471,0.4470272861467138,0.2863847139703712,-0.1750389467342756,1.0,0.0,0
-0.530742490804979,-1.3037883532684054,1.3054911082090106,-0.9046141074648815,0.43997874785212776,0.0,0.3647860254821981,0.34325461585697575,-1.509474646981232,-0.638325571740905,0.4470272861467138,0.2863847139703712,1.245780894932047,1.0,0.0,1
0.2484511520423139,1.7127981341871013,0.4122865805754415,0.9279155830601459,0.8447063123626802,0.0,-0.09420865898738136,-1.2795616347120953,0.9969174609162059,1.5665986829772471,-0.2973535650045195,0.2863847139703712,0.9043435686401399,1.0,0.0,0
-0.5049840232728371,-0.07966630038790996,-0.24881393010807207,-1.5627048803053636,-0.49867181593416854,0.0,0.3647860254821981,0.11142372291853707,0.9969174609162059,1.5665986829772471,0.3406871645536805,0.2863847139703712,1.2127385730328304,0.0,1.0,0
-0.06709007522642452,-0.12338494513364194,-0.6548998584055855,1.0089113704866683,-0.5811679163327576,0.0,-1.0121980279265403,-1.6273079741197531,1.4981958824956936,1.5665986829772471,-1.2544146593418195,-1.0487421576863714,1.4440348263273475,1.0,0.0,0
-0.4212690037933759,1.0570184630011215,-1.6405154587036017,-1.0868546291745524,-1.295891840490872,0.0,-1.4711927123961197,0.5750855087954145,-1.0081962254017445,-0.638325571740905,-1.3607547809348528,-1.0487421576863714,0.9557427360389217,1.0,0.0,0
-0.592992120674322,1.0132998182553896,1.2956503284244434,-0.39839043604912766,0.910727420611184,0.0,-1.4711927123961197,-0.004491723550682283,-0.005639382242769227,-0.638325571740905,-1.467094902527886,-1.0487421576863714,0.3462954654533671,1.0,0.0,0
-0.4362947765204587,1.1881743972383174,-1.6684232951238966,-0.995734368319717,-1.2972849464447396,0.0,-0.09420865898738136,1.734239973487608,-0.005639382242769227,-0.638325571740905,0.1280069213676138,0.2863847139703712,0.3316099890537152,0.0,1.0,0
-0.48351863366271886,0.0077709891035539986,-0.3570625077383065,0.6950526942088987,-0.5524578197182708,0.0,-0.5532033434569608,-0.004491723550682283,1.4981958824956936,1.5665986829772471,-0.6163739297836195,-1.0487421576863714,-0.9717260414153921,1.0,0.0,0
-0.6316298219725348,1.6253608446956371,-0.6130765443211766,-0.5705064843304857,-0.4791683325800235,0.0,0.8237807099517775,-0.23632261648912098,0.9969174609162059,1.5665986829772471,0.7660476509258137,0.2863847139703712,1.2935086932309154,1.0,0.0,0
0.1003399637324979,-1.3037883532684054,1.287116527205015,-0.7729959528967865,0.7816531254941553,0.0,-1.0121980279265403,0.22733916938775642,-1.0081962254017445,-0.638325571740905,-0.9353942945627195,-1.0487421576863714,1.0732265472361366,1.0,0.0,1
-0.11002085444666108,-1.1289137742854773,0.16057788514831928,1.2012763656246526,-0.18582867455479055,0.0,1.282775394421357,-0.004491723550682283,-0.5069178038222568,-0.638325571740905,1.2977482588909803,1.6215115856271138,-0.82119990831896,1.0,0.0,1
-0.1379258609398148,0.9695811735096576,-1.6229865697123425,-0.2870212283376624,-1.1415599287319844,0.0,-0.5532033434569608,1.5024090805491692,0.9969174609162059,1.5665986829772471,-0.40369368659755284,-1.0487421576863714,-0.5054621657264436,1.0,0.0,0
0.8430424442425899,-1.0851951295397455,-0.7096391959572382,1.5050105684741055,-0.3238673036358363,0.0,-0.5532033434569608,-0.8158998488352177,1.4981958824956936,1.5665986829772471,-0.7227140513766528,-1.0487421576863714,-0.8358853847186117,1.0,0.0,0
0.4287604247673073,1.0570184630011215,0.2502981195904243,-0.9147385808931981,0.6734754196851388,0.0,1.282775394421357,-0.8158998488352177,-0.5069178038222568,-0.638325571740905,1.191408137297947,1.6215115856271138,-1.3608911660061678,1.0,0.0,0
-0.5049840232728371,0.5323947260523377,-0.9430501914724314,-0.8539917403233089,-0.9099409214454902,0.0,0.8237807099517775,1.5024090805491692,1.4981958824956936,1.5665986829772471,0.9787278941118804,0.2863847139703712,-0.020841444537930656,0.0,1.0,0
-0.5650871141811682,0.09520827859501796,1.6682929816728436,0.34069612421787326,1.016542903281034,0.0,0.3647860254821981,-0.23632261648912098,-0.5069178038222568,-0.638325571740905,0.3406871645536805,0.2863847139703712,1.3045228005306544,0.0,1.0,1
1.624382626050895,0.051489633849285975,-0.8670916725103066,1.2721476796228584,0.24500448413475764,0.0,0.3647860254821981,-1.5113925276505338,0.9969174609162059,1.5665986829772471,0.1280069213676138,0.2863847139703712,0.6730473153456223,1.0,0.0,0
-0.5736732700252155,-1.6098188664885291,0.4481131694786301,0.4824387522142813,-0.32756206290478945,0.0,-0.09420865898738136,0.11142372291853707,-0.005639382242769227,-0.638325571740905,-0.08467332181845284,0.2863847139703712,0.19209796325702214,0.0,1.0,1
-0.4577601661305769,-1.0414764847940134,-0.8564820818050706,0.35082059764618634,-1.163970763642027,0.0,1.282775394421357,-0.8158998488352177,-0.5069178038222568,-0.638325571740905,1.191408137297947,1.6215115856271138,-0.028184182737756587,0.0,1.0,0
-0.6144575102844403,0.8821438840181935,0.4444228770594174,-0.11490518005630801,0.19891084800896716,0.0,-0.5532033434569608,-1.6273079741197531,1.4981958824956936,1.5665986829772471,-0.8290541729696862,-1.0487421576863714,0.6693759462457093,0.0,1.0,0
-0.6015782765183694,1.7127981341871013,-1.9175949145128102,-0.7932448997534162,-1.4705752131410417,0.0,-0.5532033434569608,-0.8158998488352177,1.4981958824956936,1.5665986829772471,-0.7227140513766528,-1.0487421576863714,1.5431617920249985,1.0,0.0,0
-0.6337763609335467,0.6635506602895337,-0.5597979475187955,0.4014429647877624,-0.6516106217391888,0.0,-1.0121980279265403,-0.4681535094275597,-0.5069178038222568,-0.638325571740905,-1.041734416155753,-1.0487421576863714,1.1466539292343967,0.0,1.0,0
0.1003399637324979,0.6198320155438017,0.021346227415112655,-0.9349875277498279,0.2108431033529627,0.0,0.8237807099517775,1.3864936340799499,0.9969174609162059,1.5665986829772471,0.9787278941118804,0.2863847139703712,-0.002484599038365633,1.0,0.0,0
1.3667979507294754,-0.07966630038790996,0.34709141450268644,-0.7223735857552104,1.0271426224952434,0.0,-0.09420865898738136,0.5750855087954145,-1.509474646981232,-0.638325571740905,0.02166679977458048,0.2863847139703712,-1.0561675307133906,1.0,0.0,0
3.48757844420916,-0.8228832610653536,0.26921086823888846,1.0494092641999277,1.997895193044573,0.0,1.7417700788909365,-1.0477307417736565,-0.005639382242769227,-0.638325571740905,1.6167686236700805,1.6215115856271138,0.7317892209442298,1.0,0.0,0
2.1202331260446265,0.7072693050352656,1.1975500549470435,0.39131849135944574,2.296807274885276,0.0,-1.4711927123961197,-0.23632261648912098,-1.0081962254017445,-0.638325571740905,-1.467094902527886,-1.0487421576863714,0.6693759462457093,1.0,0.0,0
-0.3912174583392103,-1.4349442875056013,-1.6058420861814173,-1.4412111991655816,-1.8040120947080263,0.0,1.282775394421357,-0.12040717001990163,-1.0081962254017445,-0.638325571740905,1.2977482588909803,1.6215115856271138,-0.7918289555196562,0.0,1.0,1
0.9374901585271102,-1.6535375112342612,0.4903208890233732,1.6366287230422005,0.5488227217260371,0.0,1.282775394421357,-1.5113925276505338,-0.005639382242769227,-0.638325571740905,1.0850680157049137,1.6215115856271138,-0.8982986594171324,1.0,0.0,1
0.2870888533405269,0.5761133707980697,0.3962953134255206,1.2620232061945453,0.6019424574452465,0.0,-0.5532033434569608,-0.5840689558967791,-1.0081962254017445,-0.638325571740905,-0.6163739297836195,-1.0487421576863714,0.6179767788469277,1.0,0.0,0
-0.48351863366271886,-1.2163510637769415,0.3984479840033944,0.9279155830601459,-0.22859097035611523,0.0,-1.4711927123961197,-1.6273079741197531,-0.005639382242769227,-0.638325571740905,-1.6797751457139527,-1.0487421576863714,1.117282976435093,1.0,0.0,0
0.04882302866821412,0.4886760813066058,-0.6443671487924163,1.545508462187365,-0.37177803448406266,0.0,0.8237807099517775,1.3864936340799499,0.9969174609162059,1.5665986829772471,0.9787278941118804,0.2863847139703712,1.590889590323867,1.0,0.0,0
-0.5200097959999199,0.13892692334074994,1.2468308349619446,-0.30727017519429217,0.7196296256350102,0.0,-0.5532033434569608,0.5750855087954145,0.4956390393367183,-0.638325571740905,-0.5100338081905862,-1.0487421576863714,-0.6449741915231372,0.0,1.0,0
-0.5500613414540855,-1.0414764847940134,1.608095086584439,0.2698248102196674,0.7256260382190489,0.0,0.8237807099517775,0.22733916938775642,-0.5069178038222568,-0.638325571740905,0.8723877725188471,0.2863847139703712,-0.5054621657264436,1.0,0.0,0
-0.06494353626541273,-0.6042900373366937,0.7185039702780154,1.5657574090439947,0.3954599271524486,0.0,-0.5532033434569608,1.2705781876107307,-0.005639382242769227,-0.638325571740905,-0.40369368659755284,-1.0487421576863714,0.14437016495815339,1.0,0.0,0
-0.15509817262790943,-1.0851951295397455,1.0384830754605696,-1.0969791026028692,0.49006999236727683,0.0,1.282775394421357,0.11142372291853707,-0.005639382242769227,-0.638325571740905,1.2977482588909803,1.6215115856271138,0.9924564270380518,1.0,0.0,1
-0.642362516777594,-0.2108222346251059,0.327563617117687,0.2698248102196674,-0.15118273518034647,0.0,0.8237807099517775,-0.35223806295834037,0.4956390393367183,-0.638325571740905,0.7660476509258137,0.2863847139703712,0.6987468990450133,1.0,0.0,0
-0.6208971271674758,-0.1671035898793739,-1.0765157673006185,-0.6515022717570046,-1.2355642957060007,0.0,-0.5532033434569608,-1.2795616347120953,-0.5069178038222568,-0.638325571740905,-0.7227140513766528,-1.0487421576863714,-0.3329078180305337,1.0,0.0,0
3.191356067589528,-0.5168527478452297,1.3796813620535957,-0.7122491123268974,2.773431220580209,0.0,0.3647860254821981,1.3864936340799499,-0.5069178038222568,-0.638325571740905,0.5533674077397471,0.2863847139703712,1.8295285818182103,1.0,0.0,0
-0.5264494128829554,-0.5605713925909617,1.2961884960689123,0.14833112907988552,0.5998225136024047,0.0,1.282775394421357,-0.6999844023659983,-0.005639382242769227,-0.638325571740905,1.191408137297947,1.6215115856271138,-0.6045891314240943,1.0,0.0,0
2.049397340331236,-1.0414764847940134,0.4196671654138664,0.8671687424902568,1.2563388368184893,0.0,-1.4711927123961197,1.1546627411415114,1.4981958824956936,1.5665986829772471,-1.3607547809348528,-1.0487421576863714,-1.5150886682025129,1.0,0.0,0
-0.6445090557386058,-1.1289137742854773,-1.430322552992621,1.3025210999078047,-1.740837768191339,0.0,1.282775394421357,-1.2795616347120953,0.9969174609162059,1.5665986829772471,1.0850680157049137,1.6215115856271138,-0.6890306207220928,1.0,0.0,0
0.4931565935976623,0.2263642128322139,-0.19738047951529727,-0.05415833948641526,0.1729869633022151,0.0,-0.09420865898738136,0.22733916938775642,0.4956390393367183,-0.638325571740905,-0.08467332181845284,0.2863847139703712,1.2384381567322207,1.0,0.0,0
-0.38048476353415117,-0.5168527478452297,0.8259837369875808,-0.01366044577315582,0.32144360212522705,0.0,-1.4711927123961197,0.8069164017338532,-0.005639382242769227,-0.638325571740905,-1.3607547809348528,-1.0487421576863714,0.588605826047624,0.0,1.0,1
2.7663413533091865,0.7509879497809976,-0.12995576177260118,-0.7426225326118401,1.6252696352970553,0.0,1.282775394421357,-0.004491723550682283,-0.5069178038222568,-0.638325571740905,1.2977482588909803,1.6215115856271138,-0.7294156808211356,1.0,0.0,0
-0.5758198089862274,0.9695811735096576,-1.1043467226288464,-0.7021246388985807,-0.9800807777315155,0.0,-0.09420865898738136,-0.8158998488352177,-0.5069178038222568,-0.638325571740905,-0.19101344341148618,0.2863847139703712,-0.7587866336204393,0.0,1.0,0
1.7617611195556515,0.13892692334074994,0.297733753395719,1.353143467049381,1.2596096073188736,0.0,-1.4711927123961197,1.038747294672292,0.9969174609162059,1.5665986829772471,-1.3607547809348528,-1.0487421576863714,0.5004929676497124,1.0,0.0,1
-0.5758198089862274,0.3575201470694098,-0.1913837543340769,-0.2161499143394566,-0.3964905227091908,0.0,-1.4711927123961197,-0.23632261648912098,-1.0081962254017445,-0.638325571740905,-1.467094902527886,-1.0487421576863714,0.4601079075506696,1.0,0.0,0
1.001886327357465,-0.3856968136080338,-1.3951110128259678,0.9987868970583518,-0.6192057658557488,0.0,-1.0121980279265403,0.22733916938775642,-1.0081962254017445,-0.638325571740905,-0.9353942945627195,-1.0487421576863714,1.374278813429001,1.0,0.0,0
0.34504540528784616,-0.9977578400482815,1.2239971506180667,0.06733534165336305,0.93786270179956,0.0,-1.4711927123961197,0.5750855087954145,-1.0081962254017445,-0.638325571740905,-1.3607547809348528,-1.0487421576863714,-0.8799418139175678,1.0,0.0,1
2.3048354766916437,-0.2108222346251059,-0.1589399334818333,-1.1172280494594988,1.12877878730349,0.0,-0.09420865898738136,0.4591700623261951,1.4981958824956936,1.5665986829772471,-0.08467332181845284,0.2863847139703712,0.3242672508538893,1.0,0.0,0
0.864507833852708,0.0077709891035539986,-1.3269943652546698,0.7254261144938451,-0.5558497298668175,0.0,-1.0121980279265403,-0.4681535094275597,-0.5069178038222568,-0.638325571740905,-1.041734416155753,-1.0487421576863714,-1.1406090200113892,1.0,0.0,1
-0.5479148024930737,-0.8228832610653536,-0.12688051808992423,-0.7122491123268974,-0.5915859260747232,0.0,0.8237807099517775,-0.12040717001990163,1.4981958824956936,1.5665986829772471,0.7660476509258137,0.2863847139703712,1.513790839225694,1.0,0.0,1
-0.25383896483445345,0.7947065945267296,-0.30555217605346485,-0.550257537473856,-0.20781552069626485,0.0,1.282775394421357,1.6183245270183886,-0.5069178038222568,-0.638325571740905,1.5104285020770472,1.6215115856271138,-0.9460264577160011,1.0,0.0,1
-0.06065045834338908,-0.03594765564217798,1.303645961999404,-0.2971457017659791,0.9848648852865683,0.0,1.282775394421357,1.5024090805491692,-1.0081962254017445,-0.638325571740905,1.5104285020770472,1.6215115856271138,-0.7037160971217447,1.0,0.0,0
0.04667648970720224,0.31380150232367787,0.1228292689434579,0.07745981508167972,0.19267215612860386,0.0,-0.09420865898738136,-0.12040717001990163,-1.0081962254017445,-0.638325571740905,-0.08467332181845284,0.2863847139703712,1.8368713200180367,1.0,0.0,0
0.32572655463873973,0.4449574365608738,0.07639308933503326,-0.1959009674828269,0.3426430405536457,0.0,-1.0121980279265403,1.2705781876107307,-0.005639382242769227,-0.638325571740905,-0.8290541729696862,-1.0487421576863714,-1.2801210458080823,1.0,0.0,0
-0.4684928609356361,0.0077709891035539986,-0.7446969739397574,-1.2083483103143344,-0.8493710973642942,0.0,-1.4711927123961197,-0.35223806295834037,-1.509474646981232,-0.638325571740905,-1.467094902527886,-1.0487421576863714,-0.4063352000287934,0.0,1.0,1
-0.6015782765183694,-0.9103205505568176,-0.6871899170736951,0.5938079599257502,-1.0826860597250616,0.0,-0.5532033434569608,1.038747294672292,-1.0081962254017445,-0.638325571740905,-0.40369368659755284,-1.0487421576863714,-0.6229459769236589,1.0,0.0,1
-0.3654589908070684,0.9258625287639255,0.73741671892648,-1.1071035760311858,0.5799556113037723,0.0,0.3647860254821981,0.34325461585697575,-1.509474646981232,-0.638325571740905,0.4470272861467138,0.2863847139703712,-1.3645625351060808,0.0,1.0,1
3.191356067589528,0.4886760813066058,-0.1269573991819911,0.5533100662124871,1.80934133067981,0.0,0.3647860254821981,-0.5840689558967791,1.4981958824956936,1.5665986829772471,0.23434704296064715,0.2863847139703712,-1.4233044407046884,1.0,0.0,0
-0.4878117115847425,-0.6042900373366937,-0.5766349066814528,1.4645126747608461,-0.8635444361992941,0.0,-1.0121980279265403,1.2705781876107307,-0.005639382242769227,-0.638325571740905,-0.8290541729696862,-1.0487421576863714,-1.5995301575005116,1.0,0.0,0
-0.5908455817133101,-1.2163510637769415,-1.7975066487042688,-0.9552364746064576,-2.0192166796685163,0.0,-0.5532033434569608,0.22733916938775642,-1.0081962254017445,-0.638325571740905,-0.5100338081905862,-1.0487421576863714,0.6216481479468405,0.0,1.0,0
-0.6337763609335467,-0.1671035898793739,0.3810728571962687,1.6265042496138875,-0.09448937984034667,0.0,1.282775394421357,-0.4681535094275597,0.9969174609162059,1.5665986829772471,1.191408137297947,1.6215115856271138,1.7707866762196027,1.0,0.0,0
0.5232081390518277,1.2756116867297813,-0.9563506204000101,0.8772932159185698,-0.1754106648128249,0.0,0.3647860254821981,1.5024090805491692,-0.005639382242769227,-0.638325571740905,0.5533674077397471,0.2863847139703712,1.5284763156253467,1.0,0.0,0
-0.6466555946996178,-1.1289137742854773,1.682439102613158,-1.8866880300114461,0.7103018727265062,0.0,1.282775394421357,0.22733916938775642,0.4956390393367183,-0.638325571740905,1.2977482588909803,1.6215115856271138,-1.206693663809823,0.0,1.0,0
-0.6101644323624166,1.4504862657127093,-0.5617968559125356,-0.9349875277498279,-0.4654189825135921,0.0,-1.4711927123961197,-0.23632261648912098,-1.0081962254017445,-0.638325571740905,-1.467094902527886,-1.0487421576863714,1.6422887577226488,0.0,1.0,0
-0.3654589908070684,-0.6042900373366937,-0.2841792324588589,-0.03390939262978554,-0.5640872259418603,0.0,-0.5532033434569608,-1.2795616347120953,-0.5069178038222568,-0.638325571740905,-0.7227140513766528,-1.0487421576863714,-1.5591450974014687,1.0,0.0,0
-0.592992120674322,-0.9103205505568176,0.9586805018950983,-0.5907554311871154,0.21883832013168103,0.0,-0.5532033434569608,-0.4681535094275597,-0.5069178038222568,-0.638325571740905,-0.6163739297836195,-1.0487421576863714,1.5248049465254332,1.0,0.0,0
-0.39336399730022215,-0.9977578400482815,0.19209913289575992,1.3126455733361178,-0.29182586669688376,0.0,-0.09420865898738136,1.6183245270183886,-0.5069178038222568,-0.638325571740905,0.1280069213676138,0.2863847139703712,-0.8248712774188731,1.0,0.0,1
-0.5650871141811682,-0.9540391953025495,-0.7890573640623747,-0.3680170157641849,-1.1520385082980311,0.0,1.282775394421357,-0.12040717001990163,-1.0081962254017445,-0.638325571740905,1.2977482588909803,1.6215115856271138,0.6436763625463187,1.0,0.0,0
-0.4384413154814705,-0.12338494513364194,-0.2272103432372653,-0.3275191220509219,-0.453789576290002,0.0,-0.5532033434569608,-0.004491723550682283,1.4981958824956936,1.5665986829772471,-0.6163739297836195,-1.0487421576863714,-1.0451534234136517,1.0,0.0,1
-0.49210478950676617,0.7947065945267296,-1.9555741739938726,0.806421901920364,-1.6422300945871515,0.0,0.8237807099517775,-1.2795616347120953,-0.005639382242769227,-0.638325571740905,0.6597075293327804,0.2863847139703712,0.7905311265428376,0.0,1.0,0
0.2291323013932075,-0.3856968136080338,1.0218767595741134,-1.03623226203298,0.8488856302242831,0.0,0.3647860254821981,-0.35223806295834037,-1.0081962254017445,-0.638325571740905,0.3406871645536805,0.2863847139703712,1.8295285818182103,1.0,0.0,0
0.9117316909949683,-0.07966630038790996,1.1176706002895054,-0.3376435954792385,1.3774179151568002,0.0,1.282775394421357,-0.9318152953044371,-1.0081962254017445,-0.638325571740905,1.191408137297947,1.6215115856271138,-0.11262567203575499,1.0,0.0,0
-0.6573882895046768,-1.3912256427598693,1.140427403541316,-0.01366044577315582,0.2190805994280056,0.0,-1.4711927123961197,-1.2795616347120953,1.4981958824956936,1.5665986829772471,-1.6797751457139527,-1.0487421576863714,1.6422887577226488,1.0,0.0,0
0.0509695676292259,-1.2600697085226733,-0.7423905411777495,1.1506539984830764,-0.835440037825619,0.0,-1.4711927123961197,0.6910009552646338,-0.5069178038222568,-0.638325571740905,-1.3607547809348528,-1.0487421576863714,0.9704282124385736,1.0,0.0,0
0.5596993013890288,0.8384252392724616,-0.7294745177105055,1.0494092641999277,-0.07298709229152203,0.0,1.7417700788909365,-0.12040717001990163,0.4956390393367183,-0.638325571740905,1.7231087452631138,1.6215115856271138,1.297180062330829,1.0,0.0,0
1.2272729182637065,-0.7354459715738897,-0.031471082834866444,1.2620232061945453,0.5047884596190076,0.0,-1.0121980279265403,-0.12040717001990163,0.9969174609162059,1.5665986829772471,-1.041734416155753,-1.0487421576863714,-0.7698007409201784,1.0,0.0,0
0.14327074295273437,0.27008285757794587,1.682977270257627,0.16858007593651525,1.4666372660284022,0.0,1.282775394421357,-1.5113925276505338,-0.005639382242769227,-0.638325571740905,1.0850680157049137,1.6215115856271138,0.2875535598547596,1.0,0.0,0
-0.5178632570389081,0.4012387918151418,0.3577010052079225,-0.2870212283376624,0.07849803773554916,0.0,-0.09420865898738136,-0.35223806295834037,1.4981958824956936,1.5665986829772471,-0.19101344341148618,0.2863847139703712,-1.324177475007038,0.0,1.0,0
1.5406676065714335,0.051489633849285975,-0.15194375410374267,0.9684134767734054,0.761180524954711,0.0,1.7417700788909365,-1.6273079741197531,0.9969174609162059,1.5665986829772471,1.5104285020770472,1.6215115856271138,1.6679883414220398,1.0,0.0,0
0.01018532737000121,1.3630489762212454,-0.64352145677968,-0.003535972344839162,-0.19909346602857228,0.0,0.3647860254821981,0.9228318482030725,0.9969174609162059,1.5665986829772471,0.4470272861467138,0.2863847139703712,-1.5261027755022518,1.0,0.0,1
-0.47278593885765974,0.0077709891035539986,0.7537923915367356,1.363267940477694,0.328772550839052,0.0,-0.5532033434569608,1.5024090805491692,0.9969174609162059,1.5665986829772471,-0.40369368659755284,-1.0487421576863714,0.8345875557417932,1.0,0.0,0
-0.5049840232728371,1.3630489762212454,0.2091667353346177,-0.8843651606082518,0.18195129726623224,0.0,1.282775394421357,0.6910009552646338,-1.0081962254017445,-0.638325571740905,1.4040883804840139,1.6215115856271138,1.565190006624476,0.0,1.0,1
2.203948145524088,-0.9540391953025495,-1.9527295735873962,-1.1577259431727585,-0.5061219042961558,0.0,-0.5532033434569608,-0.35223806295834037,-0.005639382242769227,-0.638325571740905,-0.6163739297836195,-1.0487421576863714,0.7905311265428376,1.0,0.0,0
-0.5822594258692628,1.5816421999499053,1.2351449089677715,0.06733534165336305,0.9951011855562902,0.0,-1.0121980279265403,0.9228318482030725,-1.509474646981232,-0.638325571740905,-0.8290541729696862,-1.0487421576863714,-0.5862322859245294,1.0,0.0,0
0.5639923793110524,0.0077709891035539986,-0.5306600136254299,1.3025210999078047,-0.09806299946113757,0.0,1.7417700788909365,-0.004491723550682283,0.9969174609162059,1.5665986829772471,1.7231087452631138,1.6215115856271138,-1.3058206295074732,1.0,0.0,0
0.10463304165452156,-0.47313410309949777,-0.1638603233741166,1.6265042496138875,-0.17492610622017524,0.0,1.282775394421357,0.6910009552646338,-1.0081962254017445,-0.638325571740905,1.4040883804840139,1.6215115856271138,-0.002484599038365633,1.0,0.0,0
-0.605871354440393,1.0132998182553896,1.2606694315339917,-0.01366044577315582,0.8758997717644962,0.0,-0.09420865898738136,-1.163646188242876,1.4981958824956936,1.5665986829772471,-0.2973535650045195,0.2863847139703712,0.9080149377400526,0.0,1.0,0
-0.5972851985963457,1.1881743972383174,0.9604487670126378,-1.0666056823179229,0.6829848820658865,0.0,-0.5532033434569608,1.2705781876107307,-0.005639382242769227,-0.638325571740905,-0.40369368659755284,-1.0487421576863714,0.14437016495815339,0.0,1.0,0
-0.569380192103192,-0.42941545835376577,0.7585590192448851,-1.5222069865921004,0.1811033197290957,0.0,0.8237807099517775,-0.4681535094275597,-0.005639382242769227,-0.638325571740905,0.7660476509258137,0.2863847139703712,0.34996683455328026,0.0,1.0,0
-0.5779663479472393,1.6253608446956371,-1.6365945230081884,-1.6943230348734586,-1.2552494885323893,0.0,-0.09420865898738136,-0.5840689558967791,0.4956390393367183,-0.638325571740905,-0.19101344341148618,0.2863847139703712,-0.2594804360322744,0.0,1.0,0
-0.6488021336606294,-0.9103205505568176,-0.8930774816289282,-0.8742406871799386,-1.2715427712102312,0.0,0.8237807099517775,1.5024090805491692,1.4981958824956936,1.5665986829772471,0.9787278941118804,0.2863847139703712,-0.050212397337234385,1.0,0.0,0
-0.3139420557427846,0.4886760813066058,-1.6448976809514166,1.059533737628241,-1.364759730471192,0.0,-0.09420865898738136,1.3864936340799499,-1.509474646981232,-0.638325571740905,0.1280069213676138,0.2863847139703712,0.45276516935084365,1.0,0.0,0
-0.5457682635320618,0.3575201470694098,-1.202908282658648,0.18882902279314498,-1.1764481474027533,0.0,0.8237807099517775,-0.12040717001990163,1.4981958824956936,1.5665986829772471,0.7660476509258137,0.2863847139703712,1.7157161397209082,1.0,0.0,0
-0.5500613414540855,-1.0414764847940134,1.3004938372246604,-0.23639886119608633,0.483286172070183,0.0,-0.5532033434569608,-1.0477307417736565,0.4956390393367183,-0.638325571740905,-0.7227140513766528,-1.0487421576863714,1.4770771482265648,0.0,1.0,1
-0.6144575102844403,-0.47313410309949777,0.2556029149430423,0.5938079599257502,-0.250274967377183,0.0,1.282775394421357,1.038747294672292,0.4956390393367183,-0.638325571740905,1.4040883804840139,1.6215115856271138,-0.6596596679227891,0.0,1.0,0
0.259183846847373,0.3575201470694098,-0.8590960389353461,-0.3680170157641849,-0.4513062135026733,0.0,0.3647860254821981,1.3864936340799499,-0.5069178038222568,-0.638325571740905,0.5533674077397471,0.2863847139703712,1.447706195427261,1.0,0.0,1
0.19264113905600647,-0.8228832610653536,-0.9437421213010337,-0.2161499143394566,-0.8172085207771791,0.0,0.3647860254821981,0.22733916938775642,1.4981958824956936,1.5665986829772471,0.3406871645536805,0.2863847139703712,-1.5297741446021649,1.0,0.0,0
-0.0992881596416019,-1.3037883532684054,-0.991408398382529,1.5252595153307353,-1.1261146235912793,0.0,1.282775394421357,1.6183245270183886,-0.5069178038222568,-0.638325571740905,1.5104285020770472,1.6215115856271138,0.2875535598547596,1.0,0.0,1
-0.6359228998945585,1.3193303314755134,-0.6786561158542662,0.2293269165064044,-0.6010953884554714,0.0,0.3647860254821981,-0.8158998488352177,0.4956390393367183,-0.638325571740905,0.23434704296064715,0.2863847139703712,-1.162637234610867,1.0,0.0,0
-0.6080178934014048,0.7509879497809976,0.22569617012900747,-1.917061450296389,0.0011503723838618045,0.0,-0.5532033434569608,0.6910009552646338,0.9969174609162059,1.5665986829772471,-0.5100338081905862,-1.0487421576863714,-0.020841444537930656,0.0,1.0,0
1.259471002678884,1.1444557524925854,-1.1030397440637085,1.6163797761855707,0.09545758847828408,0.0,1.7417700788909365,-0.12040717001990163,0.4956390393367183,-0.638325571740905,1.7231087452631138,1.6215115856271138,-0.7514438954206134,1.0,0.0,0
-0.4556136271695651,-0.2108222346251059,0.8778015930406903,0.2293269165064044,0.3877069896700554,0.0,-0.5532033434569608,-0.6999844023659983,-1.509474646981232,-0.638325571740905,-0.6163739297836195,-1.0487421576863714,0.4417510620511046,0.0,1.0,0
0.13683112606969905,0.5323947260523377,0.07285655909995474,1.6265042496138875,0.252636281968988,0.0,-1.4711927123961197,0.8069164017338532,-0.005639382242769227,-0.638325571740905,-1.3607547809348528,-1.0487421576863714,1.844214058217862,1.0,0.0,0
0.11536573645958076,1.1444557524925854,1.1325086510584226,0.7456750613504749,1.2110326084057546,0.0,0.8237807099517775,-0.12040717001990163,1.4981958824956936,1.5665986829772471,0.7660476509258137,0.2863847139703712,0.9887850579381382,1.0,0.0,1
-0.5758198089862274,-0.5168527478452297,1.2931901334783018,-1.0058588417480336,0.5792893432388788,0.0,1.7417700788909365,-0.9318152953044371,0.4956390393367183,-0.638325571740905,1.6167686236700805,1.6215115856271138,1.4183352426279574,0.0,1.0,0
0.3493384832098697,-1.0851951295397455,0.33594365615298194,1.535383988759052,0.22126111309492888,0.0,-1.4711927123961197,1.1546627411415114,1.4981958824956936,1.5665986829772471,-1.3607547809348528,-1.0487421576863714,1.5945609594237797,1.0,0.0,1
-0.5006909453508135,-0.47313410309949777,1.4657113040764882,0.7861729550637343,0.767298077186912,0.0,-0.09420865898738136,0.4591700623261951,1.4981958824956936,1.5665986829772471,-0.08467332181845284,0.2863847139703712,1.0328414871370946,0.0,1.0,1
-0.1400723999008266,0.9695811735096576,-0.6871130359816283,-0.6616267451853213,-0.4054548566732079,0.0,-1.0121980279265403,-1.6273079741197531,1.4981958824956936,1.5665986829772471,-1.2544146593418195,-1.0487421576863714,0.8125593411423159,1.0,0.0,0
2.2404393078612888,-1.740974800725725,-0.6654325680187546,0.2293269165064044,0.35421187695315437,0.0,-1.0121980279265403,1.038747294672292,-1.0081962254017445,-0.638325571740905,-0.8290541729696862,-1.0487421576863714,-0.028184182737756587,1.0,0.0,0
-0.5243028739219436,0.09520827859501796,1.3476219466616872,-0.7729959528967865,0.7869227001892193,0.0,-0.5532033434569608,-1.5113925276505338,-1.509474646981232,-0.638325571740905,-0.7227140513766528,-1.0487421576863714,0.2838821907548465,1.0,0.0,1
-0.34614014015796196,-1.2600697085226733,-0.8387225495376102,0.11795770879493915,-1.1354423764997836,0.0,1.282775394421357,-0.9318152953044371,-1.0081962254017445,-0.638325571740905,1.191408137297947,1.6215115856271138,1.6165891740232579,1.0,0.0,0
-0.6380694388555704,0.7072693050352656,-1.0004803672464266,-1.5424559334487338,-0.9915284744828613,0.0,-0.5532033434569608,0.9228318482030725,-1.509474646981232,-0.638325571740905,-0.40369368659755284,-1.0487421576863714,-1.5297741446021649,0.0,1.0,0
-0.4126828479493286,1.1444557524925854,0.3035767163928055,1.2215253124812822,0.25996523068281296,0.0,1.282775394421357,-0.12040717001990163,-1.0081962254017445,-0.638325571740905,1.2977482588909803,1.6215115856271138,-1.0781957453128685,1.0,0.0,0
0.8967059182678855,-1.0851951295397455,1.602636529047687,-0.9248630543215112,1.5281156374708162,0.0,0.8237807099517775,0.11142372291853707,-1.0081962254017445,-0.638325571740905,0.8723877725188471,0.2863847139703712,-0.6266173460235721,1.0,0.0,1
-0.5028374843118253,1.7127981341871013,-0.819732919797079,0.4824387522142813,-0.5499138871068607,0.0,-0.5532033434569608,-0.35223806295834037,-0.005639382242769227,-0.638325571740905,-0.6163739297836195,-1.0487421576863714,-1.015782470614348,0.0,1.0,0
-0.5114236401558726,1.5379235552041732,-1.1715407970953413,-0.37814148919249796,-0.8706916754408751,0.0,0.8237807099517775,1.1546627411415114,-0.005639382242769227,-0.638325571740905,0.9787278941118804,0.2863847139703712,-1.371905273305907,1.0,0.0,0
-0.642362516777594,-1.2600697085226733,1.2667430378072786,-0.9147385808931981,0.3561501113237525,0.0,1.282775394421357,-1.5113925276505338,-0.005639382242769227,-0.638325571740905,1.0850680157049137,1.6215115856271138,-0.953369195915827,0.0,1.0,0
-0.17012394535499217,1.3193303314755134,-1.3557478936877008,1.1405295250547633,-0.8716607926261745,0.0,0.8237807099517775,-1.0477307417736565,0.9969174609162059,1.5665986829772471,0.6597075293327804,0.2863847139703712,-0.7037160971217447,1.0,0.0,0
-0.11216739340767286,0.5323947260523377,-0.7672231339153671,0.13820665565156887,-0.549732177634617,0.0,0.3647860254821981,0.6910009552646338,-0.005639382242769227,-0.638325571740905,0.4470272861467138,0.2863847139703712,0.35363820365319304,1.0,0.0,0
1.7531749637116043,-0.6480086820824257,-0.19553533330569095,-0.3376435954792385,0.6917069367335791,0.0,-0.5532033434569608,-0.12040717001990163,0.9969174609162059,1.5665986829772471,-0.6163739297836195,-1.0487421576863714,-1.5885160502007725,1.0,0.0,1
1.781079970204758,-1.6972561559799932,0.40998014781343356,1.5657574090439947,0.9519149009863973,0.0,-0.5532033434569608,1.2705781876107307,-0.005639382242769227,-0.638325571740905,-0.40369368659755284,-1.0487421576863714,-0.5715468095248775,1.0,0.0,0
-0.38048476353415117,-1.0414764847940134,-0.4962941654715131,-1.03623226203298,-0.8365908644831618,0.0,-0.09420865898738136,-1.0477307417736565,-1.509474646981232,-0.638325571740905,-0.19101344341148618,0.2863847139703712,-0.68535925162218,1.0,0.0,0
1.5986241585187526,-1.4786629322513334,1.0855343038055296,0.2799492836479805,1.4296291035147917,0.0,-1.4711927123961197,0.4591700623261951,-1.509474646981232,-0.638325571740905,-1.3607547809348528,-1.0487421576863714,1.1686821438338741,1.0,0.0,0
-0.605871354440393,-1.2600697085226733,-1.335143761013764,0.3305716507895566,-1.6731207048685615,0.0,1.282775394421357,-1.2795616347120953,0.9969174609162059,1.5665986829772471,1.0850680157049137,1.6215115856271138,0.2288116542561518,0.0,1.0,1
-0.20017549080915778,0.7072693050352656,-0.11634780847675506,0.8266708487769937,-0.047850615297825645,0.0,0.3647860254821981,1.1546627411415114,-1.509474646981232,-0.638325571740905,0.5533674077397471,0.2863847139703712,-0.6009177623241811,1.0,0.0,0
-0.041331607694282575,-0.8666019058110855,-1.0466859035786504,0.5431855927841741,-1.0400449035718997,0.0,1.7417700788909365,-0.5840689558967791,-1.509474646981232,-0.638325571740905,1.7231087452631138,1.6215115856271138,-1.2580928312086046,1.0,0.0,0
2.3048354766916437,0.13892692334074994,-0.2461999729777965,1.3936413607626403,1.1375614117952635,0.0,-1.0121980279265403,0.9228318482030725,-1.509474646981232,-0.638325571740905,-0.8290541729696862,-1.0487421576863714,1.5284763156253467,1.0,0.0,0
-0.4362947765204587,0.8384252392724616,0.7862362123889789,-1.6133272474469396,0.5590590219957595,0.0,1.7417700788909365,-1.3954770811813144,-1.509474646981232,-0.638325571740905,1.6167686236700805,1.6215115856271138,-1.6472579557993803,0.0,1.0,0
-0.5629405752201564,-0.3856968136080338,1.6383862368588087,0.6950526942088987,0.8875897478121672,0.0,-0.09420865898738136,1.3864936340799499,-1.509474646981232,-0.638325571740905,0.1280069213676138,0.2863847139703712,-0.953369195915827,0.0,1.0,0
-0.6123109713234285,1.3193303314755134,0.11890833324804422,0.806421901920364,0.0405813278607207,0.0,1.7417700788909365,-1.6273079741197531,0.9969174609162059,1.5665986829772471,1.5104285020770472,1.6215115856271138,-1.6656148012989451,0.0,1.0,0
-0.5522078804150974,-0.1671035898793739,0.3135712583615062,-1.8461901362981832,-0.10163661908192792,0.0,0.3647860254821981,1.5024090805491692,-0.005639382242769227,-0.638325571740905,0.5533674077397471,0.2863847139703712,-0.7073874662216578,0.0,1.0,0
-0.569380192103192,-0.9540391953025495,0.829212742854392,-0.7223735857552104,0.12047292582381817,0.0,-0.5532033434569608,-0.9318152953044371,0.9969174609162059,1.5665986829772471,-0.7227140513766528,-1.0487421576863714,1.579875483024128,0.0,1.0,0
-0.6659744453487241,1.4942049104584412,-0.3226197784923229,1.7581224041819825,-0.2987913964662213,0.0,-0.5532033434569608,1.038747294672292,-1.0081962254017445,-0.638325571740905,-0.40369368659755284,-1.0487421576863714,-0.9570405650157402,1.0,0.0,1
-0.6037248154793812,1.5816421999499053,-1.029772063323926,-0.8033693731817328,-0.8013997966919869,0.0,0.8237807099517775,1.2705781876107307,0.4956390393367183,-0.638325571740905,0.9787278941118804,0.2863847139703712,-0.42102067642844526,0.0,1.0,0
-0.6767071401537833,0.3575201470694098,1.0710037774048802,0.1787045493648319,0.5411303540677252,0.0,0.3647860254821981,-1.163646188242876,-1.0081962254017445,-0.638325571740905,0.23434704296064715,0.2863847139703712,-0.12731114843540686,0.0,1.0,1
-0.6530952115826532,-0.9977578400482815,-0.7147902291257223,0.806421901920364,-1.152886485835168,0.0,-0.09420865898738136,1.2705781876107307,1.4981958824956936,1.5665986829772471,0.02166679977458048,0.2863847139703712,-1.5628164665013817,1.0,0.0,0
-0.5586474972981328,-1.6972561559799932,-1.954036552152534,-1.7145719817300882,-2.230968784656378,0.0,-1.4711927123961197,-0.9318152953044371,-0.5069178038222568,-0.638325571740905,-1.5734350241209194,-1.0487421576863714,0.13702742675832746,0.0,1.0,0
-0.3912174583392103,-0.9103205505568176,-0.07329439691927567,1.3025210999078047,-0.480319159237566,0.0,-0.09420865898738136,0.34325461585697575,0.9969174609162059,1.5665986829772471,-0.08467332181845284,0.2863847139703712,-0.17136757763436283,1.0,0.0,0
1.8325969052690416,1.7127981341871013,0.8715742245832692,0.14833112907988552,2.1005610448622005,0.0,-0.5532033434569608,0.8069164017338532,1.4981958824956936,1.5665986829772471,-0.5100338081905862,-1.0487421576863714,-0.42102067642844526,1.0,0.0,1
-0.2946232050936781,1.0132998182553896,1.241833563977594,-0.8033693731817328,1.036712654700072,0.0,0.3647860254821981,-0.23632261648912098,-0.5069178038222568,-0.638325571740905,0.3406871645536805,0.2863847139703712,0.6400049934464055,1.0,0.0,0
-0.43200169859843507,1.5379235552041732,-0.1631683935455142,-1.1476014697444452,-0.031436192971821826,0.0,-0.5532033434569608,1.734239973487608,-1.509474646981232,-0.638325571740905,-0.2973535650045195,-1.0487421576863714,1.7157161397209082,0.0,1.0,0
-0.5844059648302747,-1.4349442875056013,0.7836991363507705,-0.6008799046154321,-0.030467075786522465,0.0,0.3647860254821981,-1.0477307417736565,-0.5069178038222568,-0.638325571740905,0.23434704296064715,0.2863847139703712,-1.4343185480044276,0.0,1.0,1
0.5983370026872417,0.9695811735096576,0.7467193310665781,0.036961921368420275,1.1408927521197292,0.0,0.3647860254821981,1.5024090805491692,-0.005639382242769227,-0.638325571740905,0.5533674077397471,0.2863847139703712,-1.5554737283015558,1.0,0.0,0
3.0969083533050075,0.5323947260523377,0.9933538744172828,1.4543882013325293,2.6483545338525394,0.0,-1.0121980279265403,-1.3954770811813144,-1.0081962254017445,-0.638325571740905,-1.1480745377487862,-1.0487421576863714,-1.004768363314609,1.0,0.0,0
-0.5672336531421801,0.6198320155438017,-1.9193631796303494,1.2518987327662285,-1.694865271713711,0.0,1.282775394421357,1.3864936340799499,-1.509474646981232,-0.638325571740905,1.5104285020770472,1.6215115856271138,-0.997425625114783,1.0,0.0,0
0.45666543126046105,0.6198320155438017,0.4910128188519758,0.1584556025081986,0.7819559746145613,0.0,-1.0121980279265403,-0.12040717001990163,0.9969174609162059,1.5665986829772471,-1.041734416155753,-1.0487421576863714,-0.7514438954206134,1.0,0.0,0
-0.04777122457731811,-0.9540391953025495,-1.6674238409270266,-0.0946562331996783,-1.5521021963543316,0.0,0.3647860254821981,0.22733916938775642,1.4981958824956936,1.5665986829772471,0.3406871645536805,0.2863847139703712,0.8052166029424895,1.0,0.0,0
0.04452995074619046,0.31380150232367787,1.0371760968954322,-0.7932448997534162,0.9118176774446456,0.0,-1.0121980279265403,-0.5840689558967791,-1.0081962254017445,-0.638325571740905,-1.041734416155753,-1.0487421576863714,0.5004929676497124,1.0,0.0,0
-0.6638279063877123,-0.8666019058110855,1.224765961538736,-0.23639886119608633,0.39818556923610243,0.0,0.3647860254821981,0.9228318482030725,0.9969174609162059,1.5665986829772471,0.4470272861467138,0.2863847139703712,-0.15668210123471096,0.0,1.0,0
3.2986830156401195,-1.6972561559799932,1.1885549671752131,0.7861729550637343,2.4217628219647844,0.0,1.282775394421357,0.5750855087954145,-1.509474646981232,-0.638325571740905,1.4040883804840139,1.6215115856271138,1.653302865022388,1.0,0.0,0
-0.6488021336606294,0.5761133707980697,0.9973516912047634,0.1584556025081986,0.5473084761240072,0.0,0.8237807099517775,0.5750855087954145,0.9969174609162059,1.5665986829772471,0.8723877725188471,0.2863847139703712,0.06727141385998091,0.0,1.0,0
-0.019866218084164385,-1.740974800725725,0.6804478297048862,0.5634345396408038,0.138946722168583,0.0,-0.09420865898738136,1.6183245270183886,-0.5069178038222568,-0.638325571740905,0.1280069213676138,0.2863847139703712,0.6179767788469277,1.0,0.0,1
-0.49639786742878983,-0.9103205505568176,-1.0902006016885315,-1.2184727837426512,-1.3408346499591195,0.0,0.3647860254821981,-1.0477307417736565,-0.5069178038222568,-0.638325571740905,0.23434704296064715,0.2863847139703712,-0.8836131830174805,0.0,1.0,0
-0.5092771011948608,-0.5168527478452297,-0.7502324125685762,-0.14527860034125079,-0.9930427200848913,0.0,1.282775394421357,0.4591700623261951,1.4981958824956936,1.5665986829772471,1.2977482588909803,1.6215115856271138,-0.5935750241243553,0.0,1.0,0
1.605063775401788,-1.6098188664885291,-1.0465321413945166,0.8975421627751995,-0.27553258401904224,0.0,-0.09420865898738136,-0.12040717001990163,-1.0081962254017445,-0.638325571740905,-0.08467332181845284,0.2863847139703712,-0.09426882653619036,1.0,0.0,1
-0.580112886908251,1.4504862657127093,0.33809632673085616,-1.5120825131637874,0.2605103590995435,0.0,-0.5532033434569608,-0.6999844023659983,-1.509474646981232,-0.638325571740905,-0.6163739297836195,-1.0487421576863714,-1.382919380605646,0.0,1.0,0
-0.2881835882106427,1.4942049104584412,0.5113094271576446,1.3936413607626403,0.5714152661083234,0.0,1.282775394421357,1.038747294672292,0.4956390393367183,-0.638325571740905,1.4040883804840139,1.6215115856271138,-1.6692861703988582,1.0,0.0,0
-0.6445090557386058,-1.4349442875056013,-0.8859275400667038,0.8874176893468865,-1.3797810468433285,0.0,-1.4711927123961197,0.34325461585697575,1.4981958824956936,1.5665986829772471,-1.467094902527886,-1.0487421576863714,-0.8872845521173937,1.0,0.0,0
-0.6123109713234285,-0.3856968136080338,-1.922054017852692,-0.7628714794684698,-1.945321494289457,0.0,-0.5532033434569608,0.6910009552646338,0.9969174609162059,1.5665986829772471,-0.5100338081905862,-1.0487421576863714,0.15905564135780526,0.0,1.0,1
4.391271346795139,0.9258625287639255,0.8365933276928168,-0.07440728634304498,3.3425452876471273,0.0,-0.5532033434569608,-1.5113925276505338,-1.509474646981232,-0.638325571740905,-0.7227140513766528,-1.0487421576863714,-1.5995301575005116,1.0,0.0,0
-0.5479148024930737,1.4067676209669773,-1.3599763537513816,-0.9349875277498279,-1.0688155700104678,0.0,-0.5532033434569608,-1.3954770811813144,-1.0081962254017445,-0.638325571740905,-0.7227140513766528,-1.0487421576863714,0.5592348732483199,1.0,0.0,0
-0.4641997830136124,0.6198320155438017,0.26798077076581783,-0.2870212283376624,0.08655382433834835,0.0,1.282775394421357,-0.9318152953044371,-1.0081962254017445,-0.638325571740905,1.191408137297947,1.6215115856271138,0.03790046106067718,0.0,1.0,1
-0.3525797570409975,0.8821438840181935,0.9724422173750786,0.19895349622146163,0.7626947705567408,0.0,1.282775394421357,-0.5840689558967791,0.4956390393367183,-0.638325571740905,1.191408137297947,1.6215115856271138,-1.4673608699036442,1.0,0.0,1
1.36035833384644,-0.1671035898793739,0.18787067283207878,-0.8539917403233089,0.8786859836722314,0.0,0.8237807099517775,1.1546627411415114,-0.005639382242769227,-0.638325571740905,0.9787278941118804,0.2863847139703712,0.1517129031579793,1.0,0.0,0
-0.6123109713234285,1.1007371077468535,-1.803426492793422,0.18882902279314498,-1.5223624127304642,0.0,0.3647860254821981,0.8069164017338532,0.4956390393367183,-0.638325571740905,0.4470272861467138,0.2863847139703712,0.9777709506383999,0.0,1.0,1
-0.40409669210528126,-0.3856968136080338,0.011274804354345075,-0.9248630543215112,-0.30466666940209725,0.0,1.282775394421357,-0.35223806295834037,1.4981958824956936,1.5665986829772471,1.191408137297947,1.6215115856271138,1.3816215516288273,0.0,1.0,0
0.7764997364512233,0.7947065945267296,0.6905961338577206,1.241774259337912,1.1584580011032761,0.0,-1.0121980279265403,1.1546627411415114,-0.5069178038222568,-0.638325571740905,-0.8290541729696862,-1.0487421576863714,-0.7073874662216578,1.0,0.0,1
-0.47922555574069525,1.2756116867297813,-0.658667031916865,-0.2768967549093494,-0.5066064628888055,0.0,1.282775394421357,-0.4681535094275597,0.9969174609162059,1.5665986829772471,1.191408137297947,1.6215115856271138,0.7134323754446652,0.0,1.0,0
-0.6810002180758069,-1.6098188664885291,-0.6544385718531839,-0.6413777983286915,-1.2567637341344193,0.0,-0.5532033434569608,1.5024090805491692,0.9969174609162059,1.5665986829772471,-0.40369368659755284,-1.0487421576863714,0.04891456836041588,1.0,0.0,0
-0.592992120674322,-0.3419781688623018,0.08423496072585977,-0.4692617500473335,-0.3440976248789561,0.0,0.3647860254821981,-0.4681535094275597,-1.509474646981232,-0.638325571740905,0.3406871645536805,0.2863847139703712,-0.8615849684180027,1.0,0.0,1
0.3922692624301063,0.6198320155438017,-0.8704744405612513,-0.6717512186136343,-0.3270169344880589,0.0,0.3647860254821981,-0.35223806295834037,-1.0081962254017445,-0.638325571740905,0.3406871645536805,0.2863847139703712,0.3205958817539765,1.0,0.0,0
-0.45132054924754145,-0.1671035898793739,0.36077624889059984,0.6444303270673226,-0.007511112459749352,0.0,0.3647860254821981,0.8069164017338532,0.4956390393367183,-0.638325571740905,0.4470272861467138,0.2863847139703712,0.6987468990450133,0.0,1.0,0
0.012331866331013087,-0.3419781688623018,1.333552706813439,0.4115674382160755,0.9817758242584271,0.0,-1.4711927123961197,-1.3954770811813144,0.9969174609162059,1.5665986829772471,-1.6797751457139527,-1.0487421576863714,-1.6289011102998152,1.0,0.0,0
-0.5844059648302747,0.31380150232367787,0.35231932876323757,-1.1071035760311858,0.017322515413541063,0.0,-1.0121980279265403,1.3864936340799499,0.4956390393367183,-0.638325571740905,-0.8290541729696862,-1.0487421576863714,0.4490938002509305,0.0,1.0,1
-0.5650871141811682,0.7947065945267296,-1.1693112454254004,1.515135041902422,-1.063969984083972,0.0,0.3647860254821981,-0.12040717001990163,-0.005639382242769227,-0.638325571740905,0.3406871645536805,0.2863847139703712,-0.8175285392190471,1.0,0.0,1
-0.4684928609356361,0.6635506602895337,0.5788110259924076,-1.046356735461293,0.3387060019883679,0.0,-0.09420865898738136,-1.0477307417736565,-1.509474646981232,-0.638325571740905,-0.19101344341148618,0.2863847139703712,1.3595933370293491,1.0,0.0,1
0.718543184503904,0.27008285757794587,0.342478548978671,1.798620297895242,0.735196070423878,0.0,-1.0121980279265403,-0.8158998488352177,1.4981958824956936,1.5665986829772471,-1.1480745377487862,-1.0487421576863714,-1.6435865866994672,1.0,0.0,0
-0.530742490804979,-0.03594765564217798,-0.9194476962078846,-0.4996351703322799,-1.0318679773209383,0.0,1.282775394421357,1.038747294672292,0.4956390393367183,-0.638325571740905,1.4040883804840139,1.6215115856271138,-0.6229459769236589,0.0,1.0,1
-0.11431393236868474,-0.3419781688623018,0.7431059197394327,-1.1172280494594988,0.4451271828990294,0.0,-0.09420865898738136,-0.9318152953044371,-1.0081962254017445,-0.638325571740905,-0.19101344341148618,0.2863847139703712,1.1429825601344838,1.0,0.0,1
-0.6166040492454521,0.2263642128322139,-1.2129797057194154,1.231649785909599,-1.2534323938099534,0.0,0.3647860254821981,-1.6273079741197531,0.4956390393367183,-0.638325571740905,0.1280069213676138,0.2863847139703712,0.18475522505719622,1.0,0.0,0
-0.6745606011927714,1.6253608446956371,-0.9730338173785333,-1.6437006677318824,-0.7869841785606622,0.0,-1.4711927123961197,-0.23632261648912098,-1.0081962254017445,-0.638325571740905,-1.467094902527886,-1.0487421576863714,-0.3108796034310559,0.0,1.0,0
-0.6530952115826532,0.13892692334074994,0.3533187829601076,-0.5198841171889096,-0.05941945169733433,0.0,-1.4711927123961197,-1.5113925276505338,0.4956390393367183,-0.638325571740905,-1.6797751457139527,-1.0487421576863714,0.8676298776410105,0.0,1.0,0
0.30640770398963335,-1.3037883532684054,-0.7420061357174147,0.3305716507895566,-0.7006721792449576,0.0,-0.5532033434569608,0.4591700623261951,-0.005639382242769227,-0.638325571740905,-0.5100338081905862,-1.0487421576863714,0.852944401241358,1.0,0.0,0
-0.27315781548355983,0.9258625287639255,1.2499060786446214,-0.4186393829057574,1.035804107338854,0.0,-1.4711927123961197,-0.9318152953044371,-0.5069178038222568,-0.638325571740905,-1.5734350241209194,-1.0487421576863714,0.08562825935954554,1.0,0.0,0
-0.6509486726216414,-0.03594765564217798,-1.2886307003132726,-0.8033693731817328,-1.3905624755297816,0.0,0.8237807099517775,1.5024090805491692,1.4981958824956936,1.5665986829772471,0.9787278941118804,0.2863847139703712,-1.661943432199032,0.0,1.0,0
1.371091028651499,0.27008285757794587,0.9232383184522445,-0.16552754719788051,1.5610050519469059,0.0,-0.5532033434569608,-1.5113925276505338,-1.509474646981232,-0.638325571740905,-0.7227140513766528,-1.0487421576863714,-1.0561675307133906,1.0,0.0,0
-0.4577601661305769,1.2318930419840495,1.4134321614709775,0.06733534165336305,1.1282942287108408,0.0,0.8237807099517775,1.1546627411415114,-0.005639382242769227,-0.638325571740905,0.9787278941118804,0.2863847139703712,-0.28518001973166496,1.0,0.0,0
1.3947029572226293,-0.6917273268281576,1.4504119667551698,1.2721476796228584,1.7764519162037204,0.0,-0.09420865898738136,-1.6273079741197531,-0.5069178038222568,-0.638325571740905,-0.2973535650045195,0.2863847139703712,-0.8799418139175678,1.0,0.0,0
0.5833112299601589,0.9695811735096576,0.36492782786221367,-0.10478070662799135,0.8316232303611422,0.0,-1.0121980279265403,-1.0477307417736565,0.4956390393367183,-0.638325571740905,-1.1480745377487862,-1.0487421576863714,-0.38063561632940246,1.0,0.0,1
-0.5479148024930737,-0.9977578400482815,0.6982073619723466,-0.5705064843304857,0.01968473855270804,0.0,-1.0121980279265403,-1.2795616347120953,-0.5069178038222568,-0.638325571740905,-1.1480745377487862,-1.0487421576863714,1.131968452834745,1.0,0.0,0
-0.5736732700252155,-0.42941545835376577,0.5416774585240811,-2.1397998657193233,0.00781305303279338,0.0,1.7417700788909365,-0.12040717001990163,0.4956390393367183,-0.638325571740905,1.7231087452631138,1.6215115856271138,0.2508398688556296,0.0,1.0,1
-0.6852932959978305,0.27008285757794587,-1.0315403284414655,0.32044717736123995,-1.1395611245373047,0.0,0.8237807099517775,0.6910009552646338,1.4981958824956936,1.5665986829772471,0.8723877725188471,0.2863847139703712,1.054869701736572,1.0,0.0,0
-0.605871354440393,-1.3912256427598693,-1.9403517177646208,-0.6920001654702677,-2.1789998755947115,0.0,1.282775394421357,-0.9318152953044371,-1.0081962254017445,-0.638325571740905,1.191408137297947,1.6215115856271138,-1.6142156339001634,0.0,1.0,0
-0.5865525037912865,-0.3419781688623018,1.5602750473188096,-1.046356735461293,0.8224166171008005,0.0,1.282775394421357,-1.6273079741197531,-0.5069178038222568,-0.638325571740905,1.0850680157049137,1.6215115856271138,-1.4526753935039924,0.0,1.0,0
-0.2581320427564771,0.9258625287639255,-0.7812154926715481,-0.4996351703322799,-0.5559102996908989,0.0,-1.0121980279265403,-0.8158998488352177,1.4981958824956936,1.5665986829772471,-1.1480745377487862,-1.0487421576863714,-1.5554737283015558,1.0,0.0,0
-0.6101644323624166,-1.0414764847940134,1.467325807009894,-0.12502965348462108,0.5808035888409088,0.0,-1.4711927123961197,1.1546627411415114,1.4981958824956936,1.5665986829772471,-1.3607547809348528,-1.0487421576863714,1.6826738178216916,0.0,1.0,0
1.1736094442384108,1.5379235552041732,0.25229702798416437,-1.0868546291745524,1.2020077046176565,0.0,-1.0121980279265403,0.11142372291853707,-1.509474646981232,-0.638325571740905,-0.9353942945627195,-1.0487421576863714,0.49682159854979924,1.0,0.0,1
1.6651668663101193,-0.9540391953025495,0.4039834226322134,-0.6717512186136343,1.0465249662012261,0.0,0.3647860254821981,0.4591700623261951,-1.0081962254017445,-0.638325571740905,0.4470272861467138,0.2863847139703712,-0.7257443117212224,1.0,0.0,1
0.3536315611318935,0.2263642128322139,-0.8345709705659962,-0.12502965348462108,-0.40775650998829294,0.0,-0.5532033434569608,-0.4681535094275597,-0.5069178038222568,-0.638325571740905,-0.6163739297836195,-1.0487421576863714,0.5004929676497124,1.0,0.0,0
3.0947618143439954,-0.8666019058110855,0.36577351987495,0.6343058536390096,1.8425941641003865,0.0,-0.5532033434569608,-0.5840689558967791,-1.0081962254017445,-0.638325571740905,-0.6163739297836195,-1.0487421576863714,0.01954361556111216,1.0,0.0,0
1.858355372801184,-1.4786629322513334,1.557814852372668,1.2114008390529691,1.9482885071220737,0.0,-1.0121980279265403,-0.6999844023659983,-1.509474646981232,-0.638325571740905,-1.041734416155753,-1.0487421576863714,-1.4600181317038183,1.0,0.0,0
-0.33755398431391465,0.09520827859501796,0.3516273989346354,-0.5097596437605929,0.1076321231186047,0.0,-0.5532033434569608,0.11142372291853707,-1.509474646981232,-0.638325571740905,-0.5100338081905862,-1.0487421576863714,-0.7844862173198303,1.0,0.0,1
-0.6359228998945585,1.6690794894413692,-0.2849480433795281,-1.906936976868076,-0.2133879445117348,0.0,0.8237807099517775,1.734239973487608,-1.0081962254017445,-0.638325571740905,1.0850680157049137,0.2863847139703712,-0.7110588353215705,0.0,1.0,0
1.7746403533217225,-1.1289137742854773,1.0042709894907866,0.2597003367913508,1.5424706857780597,0.0,1.7417700788909365,-1.163646188242876,-0.5069178038222568,-0.638325571740905,1.6167686236700805,1.6215115856271138,1.5505045302248242,1.0,0.0,1
-0.5629405752201564,-1.6098188664885291,0.19824962026111426,-0.23639886119608633,-0.5183570087605572,0.0,-0.5532033434569608,0.5750855087954145,0.4956390393367183,-0.638325571740905,-0.5100338081905862,-1.0487421576863714,-0.15301073213479782,0.0,1.0,0
-0.4985444063898017,-1.1726324190312094,0.5525176925055181,-0.7426225326118401,-0.10599764641577393,0.0,0.3647860254821981,1.3864936340799499,-0.5069178038222568,-0.638325571740905,0.5533674077397471,0.2863847139703712,-0.5972463932242684,1.0,0.0,1
-0.580112886908251,-0.8228832610653536,1.7580900972070155,-0.8539917403233089,0.8752940735236843,0.0,0.8237807099517775,0.22733916938775642,-0.5069178038222568,-0.638325571740905,0.8723877725188471,0.2863847139703712,0.8419302939416196,0.0,1.0,0
-0.06279699730440086,0.8384252392724616,1.6950476017121345,1.231649785909599,1.4858379002621411,0.0,-0.09420865898738136,-1.6273079741197531,-0.5069178038222568,-0.638325571740905,-0.2973535650045195,0.2863847139703712,0.8566157703412715,1.0,0.0,0
2.4550932039624715,1.6690794894413692,-1.2846328835257923,-1.167850416601075,0.7434335664989203,0.0,-1.4711927123961197,-0.12040717001990163,-0.5069178038222568,-0.638325571740905,-1.467094902527886,-1.0487421576863714,1.8221858436183846,1.0,0.0,0
-0.33755398431391465,0.1826455680864819,0.11821640341944205,-1.431086725737265,-0.0568755190859242,0.0,0.3647860254821981,-1.0477307417736565,-0.5069178038222568,-0.638325571740905,0.23434704296064715,0.2863847139703712,0.2655253452552818,0.0,1.0,1
-0.6488021336606294,-0.42941545835376577,-1.6687308194921644,-0.003535972344839162,-1.7760288359825138,0.0,-1.0121980279265403,-1.6273079741197531,1.4981958824956936,1.5665986829772471,-1.2544146593418195,-1.0487421576863714,1.8331999509181238,1.0,0.0,0
-0.2710112765225481,0.4449574365608738,-0.748310385266903,1.3025210999078047,-0.6438576842567956,0.0,-0.5532033434569608,1.1546627411415114,-0.5069178038222568,-0.638325571740905,-0.40369368659755284,-1.0487421576863714,0.4380796929511918,1.0,0.0,0
-0.5285959518439672,-0.6480086820824257,1.1326624132425562,0.21920244307809136,0.45039675759409337,0.0,-0.09420865898738136,-0.6999844023659983,-0.005639382242769227,-0.638325571740905,-0.19101344341148618,0.2863847139703712,-0.9166555049166975,0.0,1.0,0
1.1821956000824585,-1.2600697085226733,-1.685029611010353,-0.6920001654702677,-0.9396807050693575,0.0,1.282775394421357,-0.004491723550682283,-0.5069178038222568,-0.638325571740905,1.2977482588909803,1.6215115856271138,0.6510191007461446,1.0,0.0,0
-0.6101644323624166,-1.4786629322513334,-0.9044558832548336,-0.8843651606082518,-1.3846872025939057,0.0,0.3647860254821981,-0.8158998488352177,0.4956390393367183,-0.638325571740905,0.23434704296064715,0.2863847139703712,-1.5518023592016428,0.0,1.0,0
-0.6595348284656887,1.0570184630011215,-1.3572086344369723,-2.160048812575953,-1.2071570482119196,0.0,-0.09420865898738136,1.1546627411415114,0.9969174609162059,1.5665986829772471,0.02166679977458048,0.2863847139703712,-1.5958587884005986,0.0,1.0,0
-0.5114236401558726,0.051489633849285975,0.051637377689482254,1.2215253124812822,-0.23652561731075158,0.0,-0.5532033434569608,0.6910009552646338,0.9969174609162059,1.5665986829772471,-0.5100338081905862,-1.0487421576863714,-0.9496978268159143,1.0,0.0,0
0.031650716980119495,1.1007371077468535,0.08769460986887188,-0.9349875277498279,0.3309530645059747,0.0,1.7417700788909365,-1.6273079741197531,0.9969174609162059,1.5665986829772471,1.5104285020770472,1.6215115856271138,-1.3755766424058198,1.0,0.0,1
-0.39336399730022215,-0.2108222346251059,-1.0877404067423897,-0.4388883297623907,-1.1256906348227107,0.0,0.8237807099517775,1.1546627411415114,-0.005639382242769227,-0.638325571740905,0.9787278941118804,0.2863847139703712,0.9887850579381382,0.0,1.0,0
0.12824497022565173,-1.5661002217427973,0.51292393009105,-0.17565202062619717,0.12931612013967303,0.0,1.282775394421357,1.8501554199568273,0.4956390393367183,-0.638325571740905,1.5104285020770472,1.6215115856271138,-1.533445513702078,1.0,0.0,0
-0.5715267310642037,-0.3419781688623018,1.4525646373330436,0.7760484816354212,0.7460380689344119,0.0,-0.09420865898738136,0.11142372291853707,-0.005639382242769227,-0.638325571740905,-0.08467332181845284,0.2863847139703712,-0.6559882988228759,1.0,0.0,0
-0.5350355687270028,-0.9977578400482815,-0.7753725296744615,-1.8360656628698702,-1.1339887007218348,0.0,-1.4711927123961197,-1.6273079741197531,-0.005639382242769227,-0.638325571740905,-1.6797751457139527,-1.0487421576863714,1.0585410708364849,0.0,1.0,1
-0.6080178934014048,0.4449574365608738,0.4512652942533739,0.06733534165336305,0.11102403326715192,0.0,1.7417700788909365,-0.23632261648912098,-0.005639382242769227,-0.638325571740905,1.7231087452631138,1.6215115856271138,0.43440832385127864,0.0,1.0,0
-0.333260906391891,-1.740974800725725,0.4514959375295749,-0.17565202062619717,-0.21829410026231189,0.0,1.282775394421357,-1.5113925276505338,-0.005639382242769227,-0.638325571740905,1.0850680157049137,1.6215115856271138,1.436692088127522,1.0,0.0,1
-0.4663463219746242,-1.6535375112342612,0.2981950399481206,1.6265042496138875,-0.39479456763491716,0.0,0.8237807099517775,-1.163646188242876,0.4956390393367183,-0.638325571740905,0.6597075293327804,0.2863847139703712,-0.5752181786247906,1.0,0.0,1
-0.5371821076880146,-1.6972561559799932,1.0629312627378527,-0.0440338660581022,0.1580262167541598,0.0,0.8237807099517775,1.1546627411415114,-0.005639382242769227,-0.638325571740905,0.9787278941118804,0.2863847139703712,0.9887850579381382,0.0,1.0,1
-0.5243028739219436,-0.3856968136080338,0.1136035378954262,-0.6515022717570046,-0.2918864365209652,0.0,-1.4711927123961197,-0.004491723550682283,-0.005639382242769227,-0.638325571740905,-1.467094902527886,-1.0487421576863714,0.6620332080458833,1.0,0.0,0
-0.6187505882064639,0.0077709891035539986,-1.9438882479996995,-1.2285972571709642,-1.878936967096466,0.0,-1.4711927123961197,-0.8158998488352177,-0.005639382242769227,-0.638325571740905,-1.5734350241209194,-1.0487421576863714,1.0438555944368328,0.0,1.0,1
-0.5522078804150974,0.2263642128322139,-1.6449745620434837,0.16858007593651525,-1.557432340873477,0.0,-1.0121980279265403,1.2705781876107307,-0.005639382242769227,-0.638325571740905,-0.8290541729696862,-1.0487421576863714,-1.6289011102998152,0.0,1.0,0
-0.5457682635320618,-0.7791646163196216,0.3964490756096543,0.5229366459275443,-0.16838456521940595,0.0,1.7417700788909365,-1.163646188242876,-0.5069178038222568,-0.638325571740905,1.6167686236700805,1.6215115856271138,-1.5848446811008594,1.0,0.0,0
-0.34614014015796196,0.27008285757794587,0.07654685151916697,0.5533100662124871,-0.07516760595844532,0.0,-1.0121980279265403,-1.5113925276505338,-1.509474646981232,-0.638325571740905,-1.1480745377487862,-1.0487421576863714,-0.832214015618699,1.0,0.0,0
-0.6530952115826532,0.09520827859501796,1.3078744220630854,0.12808218222325582,0.6829243122418056,0.0,-1.0121980279265403,1.2705781876107307,-0.005639382242769227,-0.638325571740905,-0.8290541729696862,-1.0487421576863714,0.47112201485040833,0.0,1.0,0
-0.5114236401558726,-0.12338494513364194,0.778855627550554,-0.07440728634304498,0.29763966126131686,0.0,-1.4711927123961197,-1.6273079741197531,-0.005639382242769227,-0.638325571740905,-1.6797751457139527,-1.0487421576863714,-1.2323932475092136,1.0,0.0,1
0.042383411785178585,-0.3419781688623018,0.46433507990475154,1.4442637279042163,0.31393294393915894,0.0,0.3647860254821981,0.8069164017338532,0.4956390393367183,-0.638325571740905,0.4470272861467138,0.2863847139703712,1.2788232168312634,1.0,0.0,1
-0.6037248154793812,1.1444557524925854,-1.3426781080363228,-1.471584619450528,-1.144830699232369,0.0,0.3647860254821981,1.6183245270183886,0.4956390393367183,-0.638325571740905,0.5533674077397471,0.2863847139703712,-1.001096994214696,0.0,1.0,1
0.2420115351592784,1.4067676209669773,-0.13856644408409713,-0.07440728634304498,0.33925113040509847,0.0,-0.5532033434569608,1.6183245270183886,1.4981958824956936,1.5665986829772471,-0.40369368659755284,-1.0487421576863714,0.23248302335606494,1.0,0.0,0
-0.45132054924754145,1.6253608446956371,0.5849615133577615,1.6568776698988301,0.5664485405336654,0.0,-1.4711927123961197,-0.23632261648912098,-1.0081962254017445,-0.638325571740905,-1.467094902527886,-1.0487421576863714,-0.6596596679227891,1.0,0.0,1
-0.5264494128829554,0.13892692334074994,-0.7786784166333395,-2.1397998657193233,-0.8797771490530545,0.0,-1.4711927123961197,0.5750855087954145,-1.0081962254017445,-0.638325571740905,-1.3607547809348528,-1.0487421576863714,-1.3498770587064288,0.0,1.0,1
-0.38048476353415117,0.0077709891035539986,1.7058109546015043,-0.5097596437605929,1.1308987311463319,0.0,0.3647860254821981,1.3864936340799499,-0.5069178038222568,-0.638325571740905,0.5533674077397471,0.2863847139703712,-0.3549360326300119,1.0,0.0,0
-0.5865525037912865,0.6198320155438017,-0.7367782214568638,-1.7753188222999774,-0.7740828060313673,0.0,0.3647860254821981,1.8501554199568273,1.4981958824956936,1.5665986829772471,0.5533674077397471,0.2863847139703712,0.6106340406471018,0.0,1.0,0
-0.40409669210528126,-1.0414764847940134,-0.6612809890471404,-1.5120825131637874,-0.9798990682592718,0.0,-0.5532033434569608,1.8501554199568273,-1.0081962254017445,-0.638325571740905,-0.2973535650045195,-1.0487421576863714,-0.8652563375179159,0.0,1.0,0
0.29782154814558603,-1.0851951295397455,-1.9619553046354274,0.4216919116443921,-1.6181838744269168,0.0,0.3647860254821981,0.11142372291853707,0.9969174609162059,1.5665986829772471,0.3406871645536805,0.2863847139703712,-0.6266173460235721,1.0,0.0,1
0.8580682169696726,-0.7791646163196216,0.6806784729810872,1.5758818824723113,0.8477953733908214,0.0,-1.4711927123961197,-0.8158998488352177,-0.005639382242769227,-0.638325571740905,-1.5734350241209194,-1.0487421576863714,-0.9937542560148699,1.0,0.0,1
-0.4191224648323641,-1.3037883532684054,1.4794730195564685,1.5961308293289411,0.6400408767923187,0.0,-1.4711927123961197,-0.004491723550682283,-0.005639382242769227,-0.638325571740905,-1.467094902527886,-1.0487421576863714,0.8199020793421414,1.0,0.0,0
-0.5522078804150974,0.4449574365608738,-0.7127144396399151,1.8188692447518715,-0.7745067947999358,0.0,-1.0121980279265403,-1.163646188242876,-0.005639382242769227,-0.638325571740905,-1.1480745377487862,-1.0487421576863714,-0.6009177623241811,1.0,0.0,1
-0.6659744453487241,1.1444557524925854,1.3139480283363727,0.7861729550637343,0.9130290739262695,0.0,1.7417700788909365,-0.12040717001990163,0.4956390393367183,-0.638325571740905,1.7231087452631138,1.6215115856271138,0.5372066586488421,0.0,1.0,0
-0.5844059648302747,1.5379235552041732,0.474714027333787,-0.05415833948641526,0.3851024872345644,0.0,-0.5532033434569608,-1.5113925276505338,-1.509474646981232,-0.638325571740905,-0.7227140513766528,-1.0487421576863714,1.3779501825289144,0.0,1.0,0
-0.5822594258692628,0.7947065945267296,-1.6405923397956685,1.768246877610299,-1.4449541775546957,0.0,1.7417700788909365,-0.4681535094275597,-1.0081962254017445,-0.638325571740905,1.7231087452631138,1.6215115856271138,0.31692451265406335,1.0,0.0,0
-0.5715267310642037,0.13892692334074994,1.1103668965431475,0.2698248102196674,0.5830446723319129,0.0,-1.0121980279265403,0.4591700623261951,-0.005639382242769227,-0.638325571740905,-0.9353942945627195,-1.0487421576863714,0.2838821907548465,1.0,0.0,0
1.2036609896925767,0.7947065945267296,-1.9405823610408215,1.3835168873343235,-0.6734157584084194,0.0,1.282775394421357,-0.12040717001990163,-1.0081962254017445,-0.638325571740905,1.2977482588909803,1.6215115856271138,0.03422909196076402,1.0,0.0,0
0.9396366974881218,0.8384252392724616,1.2683575407406844,-0.39839043604912766,1.7153975335298746,0.0,-0.5532033434569608,-0.12040717001990163,0.9969174609162059,1.5665986829772471,-0.6163739297836195,-1.0487421576863714,-0.997425625114783,1.0,0.0,0
-0.5414751856100382,1.5816421999499053,0.29696494247504956,-1.481709092878841,0.2789841554443083,0.0,0.3647860254821981,-0.6999844023659983,0.9969174609162059,1.5665986829772471,0.23434704296064715,0.2863847139703712,0.3462954654533671,0.0,1.0,0
-0.40195015314426946,1.4067676209669773,-1.017240445317017,0.5026876990709146,-0.7164203335060686,0.0,-0.5532033434569608,1.3864936340799499,0.4956390393367183,-0.638325571740905,-0.40369368659755284,-1.0487421576863714,-0.468748474727314,1.0,0.0,0
0.39441580139111826,-1.0851951295397455,-0.10935162909866486,0.6950526942088987,-0.10411998186925718,0.0,1.282775394421357,-1.5113925276505338,-0.005639382242769227,-0.638325571740905,1.0850680157049137,1.6215115856271138,-0.5495185949253997,1.0,0.0,1
2.178189677991946,0.13892692334074994,-0.2393575557838398,0.13820665565156887,1.071479733722679,0.0,0.8237807099517775,-1.3954770811813144,-0.5069178038222568,-0.638325571740905,0.6597075293327804,0.2863847139703712,-1.3645625351060808,1.0,0.0,1
-0.42985515963742316,-0.42941545835376577,0.850124399896596,0.9076666362035162,0.33198275151535495,0.0,0.8237807099517775,0.8069164017338532,-1.509474646981232,-0.638325571740905,0.9787278941118804,0.2863847139703712,0.7978738647426632,1.0,0.0,0
-0.5951386596353339,-0.6917273268281576,-0.1576329549166954,-0.3680170157641849,-0.613391062743954,0.0,1.7417700788909365,-0.23632261648912098,-0.005639382242769227,-0.638325571740905,1.7231087452631138,1.6215115856271138,0.588605826047624,0.0,1.0,0
1.2852294702110263,0.7509879497809976,0.5269162888472313,0.4014429647877624,1.306914639926288,0.0,-1.4711927123961197,0.4591700623261951,-1.509474646981232,-0.638325571740905,-1.3607547809348528,-1.0487421576863714,0.0011867700615471371,1.0,0.0,1
2.5431013013639565,-0.03594765564217798,0.10706864506973758,1.4037658341909534,1.5115800754966495,0.0,1.282775394421357,0.22733916938775642,0.4956390393367183,-0.638325571740905,1.2977482588909803,1.6215115856271138,-0.6890306207220928,1.0,0.0,0
-0.18514971808207503,-1.4349442875056013,0.26252221322906566,-0.5097596437605929,-0.21575016765090121,0.0,-0.09420865898738136,1.734239973487608,-0.005639382242769227,-0.638325571740905,0.1280069213676138,0.2863847139703712,-0.8432281229184377,1.0,0.0,1
-0.655241750543665,0.09520827859501796,0.3416328569659347,1.768246877610299,-0.07952863329229133,0.0,0.8237807099517775,0.11142372291853707,-1.0081962254017445,-0.638325571740905,0.8723877725188471,0.2863847139703712,1.2017244657330914,1.0,0.0,0
-0.5908455817133101,-1.6972561559799932,0.1438946881697958,-0.5907554311871154,-0.5963103723530566,0.0,-1.4711927123961197,0.11142372291853707,0.4956390393367183,-0.638325571740905,-1.467094902527886,-1.0487421576863714,1.5945609594237797,0.0,1.0,1
-0.6788536791147951,0.0077709891035539986,-0.9513533494156596,-0.9653609480347742,-1.130899639693694,0.0,-0.5532033434569608,-0.12040717001990163,0.9969174609162059,1.5665986829772471,-0.6163739297836195,-1.0487421576863714,-0.8395567538185249,1.0,0.0,0
-0.21520126353624053,1.2756116867297813,0.32556470872394694,1.788495824466929,0.4178101922384103,0.0,0.3647860254821981,1.734239973487608,0.9969174609162059,1.5665986829772471,0.5533674077397471,0.2863847139703712,1.374278813429001,1.0,0.0,0
4.116514359785625,0.3575201470694098,0.35577897790624924,1.282272153051175,2.6826976241065768,0.0,-1.4711927123961197,-0.6999844023659983,0.4956390393367183,-0.638325571740905,-1.5734350241209194,-1.0487421576863714,-0.9239982431165233,1.0,0.0,0
-0.34614014015796196,-0.25454087937083786,-1.9355850900564713,0.016712974511790556,-1.7766951040474068,0.0,0.8237807099517775,0.22733916938775642,-0.5069178038222568,-0.638325571740905,0.8723877725188471,0.2863847139703712,0.03422909196076402,1.0,0.0,0
-0.333260906391891,-0.3856968136080338,0.3021159756435338,1.100031631341504,-0.03555494100934272,0.0,-1.0121980279265403,-0.35223806295834037,-0.005639382242769227,-0.638325571740905,-1.041734416155753,-1.0487421576863714,-1.0892098526126073,1.0,0.0,0
0.41158811307921267,-1.6972561559799932,0.34478498174067895,-0.8337427934666757,0.12768073488948084,0.0,-0.5532033434569608,-0.004491723550682283,1.4981958824956936,1.5665986829772471,-0.6163739297836195,-1.0487421576863714,-0.468748474727314,1.0,0.0,0
-0.5565009583371209,0.2263642128322139,1.2655898214262749,-0.6717512186136343,0.7331972662291985,0.0,-1.0121980279265403,0.9228318482030725,-1.509474646981232,-0.638325571740905,-0.8290541729696862,-1.0487421576863714,-0.49811942752661775,0.0,1.0,0
-0.3482866791189738,-1.6972561559799932,-0.49091248902682805,-2.089177498577747,-0.9595476073679899,0.0,-1.4711927123961197,1.3864936340799499,-1.0081962254017445,-0.638325571740905,-1.2544146593418195,-1.0487421576863714,-0.9350123504162624,0.0,1.0,1
-0.5951386596353339,0.051489633849285975,0.7954619434370102,0.49256322564259797,0.30224296789148797,0.0,-1.0121980279265403,-1.5113925276505338,-1.509474646981232,-0.638325571740905,-1.1480745377487862,-1.0487421576863714,0.1333560576584143,1.0,0.0,1
-0.44273439340349413,-1.5661002217427973,0.7547918457336056,-1.9373103971530188,-0.002362677412847681,0.0,0.3647860254821981,-1.6273079741197531,0.4956390393367183,-0.638325571740905,0.1280069213676138,0.2863847139703712,1.8221858436183846,0.0,1.0,1
1.1049201974860325,-1.5223815769970652,-1.3224583808227208,1.7378734573253527,-0.7557907191588461,0.0,-1.4711927123961197,-0.12040717001990163,-0.5069178038222568,-0.638325571740905,-1.467094902527886,-1.0487421576863714,0.863958508541097,1.0,0.0,0
0.6906381780107502,1.6690794894413692,0.008737728316136575,0.8975421627751995,0.7666318091220186,0.0,0.3647860254821981,0.11142372291853707,0.9969174609162059,1.5665986829772471,0.3406871645536805,0.2863847139703712,1.4073211353282182,1.0,0.0,1
-0.4684928609356361,1.1444557524925854,-1.0520675800233352,-0.7932448997534162,-0.8395587858631405,0.0,-1.0121980279265403,0.6910009552646338,0.9969174609162059,1.5665986829772471,-0.9353942945627195,-1.0487421576863714,-1.5554737283015558,1.0,0.0,0
-0.4491740102865296,-1.3912256427598693,1.3354747341151123,0.4216919116443921,0.49025170183952055,0.0,-1.4711927123961197,1.1546627411415114,1.4981958824956936,1.5665986829772471,-1.3607547809348528,-1.0487421576863714,0.1517129031579793,1.0,0.0,0
-0.2946232050936781,0.31380150232367787,0.21939192057951942,0.20907796964977468,0.07613581459638272,0.0,-1.0121980279265403,-0.004491723550682283,1.4981958824956936,1.5665986829772471,-1.041734416155753,-1.0487421576863714,0.2875535598547596,1.0,0.0,1
1.13711828190121,-0.5605713925909617,0.39022170715223314,0.16858007593651525,0.8248999798881291,0.0,0.8237807099517775,1.038747294672292,-0.5069178038222568,-0.638325571740905,0.9787278941118804,0.2863847139703712,0.206783439656674,1.0,0.0,0
-0.4641997830136124,-1.5223815769970652,-1.0200081646314263,-0.18577649405451382,-1.403039859290508,0.0,-1.4711927123961197,1.734239973487608,0.4956390393367183,-0.638325571740905,-1.2544146593418195,-1.0487421576863714,-0.8138571701191339,1.0,0.0,1
-0.655241750543665,0.13892692334074994,0.07800759226843859,-1.0969791026028692,-0.27753138821372125,0.0,-0.09420865898738136,-1.6273079741197531,-0.5069178038222568,-0.638325571740905,-0.2973535650045195,0.2863847139703712,0.45276516935084365,0.0,1.0,0
-0.642362516777594,1.4504862657127093,-1.3269943652546698,-1.0564812088896098,-1.086441388818096,0.0,-1.4711927123961197,-1.3954770811813144,0.9969174609162059,1.5665986829772471,-1.6797751457139527,-1.0487421576863714,0.4784647530502346,0.0,1.0,1
-0.5565009583371209,0.8821438840181935,0.27074849008022694,-0.8033693731817328,0.09479132041339124,0.0,-0.5532033434569608,-0.6999844023659983,-1.509474646981232,-0.638325571740905,-0.6163739297836195,-1.0487421576863714,1.7964862599189937,1.0,0.0,0
-0.5650871141811682,0.31380150232367787,-0.31662305331110246,-0.0946562331996783,-0.49879295558233083,0.0,1.282775394421357,1.2705781876107307,1.4981958824956936,1.5665986829772471,1.4040883804840139,1.6215115856271138,-1.1663086037107802,0.0,1.0,0
-0.5586474972981328,-0.5605713925909617,0.3896835395077647,-1.3905888320240056,-0.13252722936333794,0.0,0.3647860254821981,-0.4681535094275597,-1.509474646981232,-0.638325571740905,0.3406871645536805,0.2863847139703712,-0.7000447280218318,0.0,1.0,1
-0.6337763609335467,1.2756116867297813,-1.9482704702475144,0.09770876193830944,-1.6098252387037115,0.0,-1.4711927123961197,-1.6273079741197531,-0.005639382242769227,-0.638325571740905,-1.6797751457139527,-1.0487421576863714,0.10398510485911057,1.0,0.0,0
-0.5951386596353339,1.4942049104584412,0.9527606578059451,0.2293269165064044,0.7459774991103305,0.0,-1.4711927123961197,0.5750855087954145,-1.0081962254017445,-0.638325571740905,-1.3607547809348528,-1.0487421576863714,-0.7624580027203525,1.0,0.0,1
0.8580682169696726,-1.5223815769970652,0.14089632557918572,1.41389030761927,0.2577847170158897,0.0,-0.5532033434569608,1.1546627411415114,-0.5069178038222568,-0.638325571740905,-0.40369368659755284,-1.0487421576863714,1.565190006624476,1.0,0.0,1
-0.5565009583371209,0.7947065945267296,0.871881748951537,-1.906936976868076,0.5490044311982808,0.0,0.3647860254821981,0.5750855087954145,-0.5069178038222568,-0.638325571740905,0.4470272861467138,0.2863847139703712,-0.9166555049166975,0.0,1.0,1
-0.5006909453508135,1.1444557524925854,-1.8481712883763741,1.7075000370404063,-1.4849302614482853,0.0,-1.0121980279265403,-0.004491723550682283,1.4981958824956936,1.5665986829772471,-1.041734416155753,-1.0487421576863714,-0.38430698542931563,1.0,0.0,0
-0.5672336531421801,0.6198320155438017,0.3231813948698722,-0.42876385633407404,0.07189592691069899,0.0,-0.5532033434569608,-0.12040717001990163,0.9969174609162059,1.5665986829772471,-0.6163739297836195,-1.0487421576863714,1.209067203932917,1.0,0.0,1
-0.5178632570389081,-1.4786629322513334,-0.3301541255148817,-1.3602154117390628,-0.8801405679975419,0.0,0.3647860254821981,1.8501554199568273,1.4981958824956936,1.5665986829772471,0.5533674077397471,0.2863847139703712,1.587218221223954,0.0,1.0,0
-0.48351863366271886,0.7509879497809976,-0.6139222363339127,0.2900737570762972,-0.5900716804726933,0.0,-1.0121980279265403,0.34325461585697575,-0.5069178038222568,-0.638325571740905,-0.9353942945627195,-1.0487421576863714,-0.8101858010192212,0.0,1.0,0
1.36035833384644,0.051489633849285975,0.4614135984062083,-1.1172280494594988,1.1426492770180843,0.0,-1.4711927123961197,-0.12040717001990163,-0.5069178038222568,-0.638325571740905,-1.467094902527886,-1.0487421576863714,0.6253195170467536,1.0,0.0,0
-0.47922555574069525,0.051489633849285975,0.45410989465985024,0.32044717736123995,0.098728358978669,0.0,-1.0121980279265403,-1.3954770811813144,-1.0081962254017445,-0.638325571740905,-1.1480745377487862,-1.0487421576863714,-0.2888513888315781,1.0,0.0,1
3.1527183662913147,1.6253608446956371,0.2516819792476291,1.778371351038612,2.3378130457882462,0.0,0.3647860254821981,1.1546627411415114,-1.509474646981232,-0.638325571740905,0.5533674077397471,0.2863847139703712,0.863958508541097,1.0,0.0,0
-0.08211584795350736,-0.29825952411656986,0.2516819792476291,1.2518987327662285,0.0858269864493741,0.0,-0.09420865898738136,-0.12040717001990163,-1.0081962254017445,-0.638325571740905,-0.08467332181845284,0.2863847139703712,0.09664236665928463,1.0,0.0,0
-0.38692438041718663,-1.5661002217427973,-0.6641255894536168,-0.06428281291473192,-1.0887430421331812,0.0,-0.5532033434569608,-1.2795616347120953,-0.5069178038222568,-0.638325571740905,-0.7227140513766528,-1.0487421576863714,0.07461415205980684,1.0,0.0,0
-0.5006909453508135,-0.6042900373366937,1.4964637409032593,0.4115674382160755,0.7624524912604163,0.0,0.3647860254821981,1.2705781876107307,-1.0081962254017445,-0.638325571740905,0.5533674077397471,0.2863847139703712,-0.13832525573514595,0.0,1.0,1
-0.6230436661284876,1.0132998182553896,0.18341156949219709,-1.1172280494594988,0.01750422488578476,0.0,1.7417700788909365,-0.5840689558967791,-1.509474646981232,-0.638325571740905,1.7231087452631138,1.6215115856271138,-0.82119990831896,0.0,1.0,1
-0.17441702327701583,1.1007371077468535,-1.0572186131918193,0.9987868970583518,-0.6873468179470945,0.0,-0.09420865898738136,0.4591700623261951,1.4981958824956936,1.5665986829772471,-0.08467332181845284,0.2863847139703712,-0.13832525573514595,1.0,0.0,0
-0.5650871141811682,-1.740974800725725,1.1594170332818474,-1.8563146097265,0.20860201986195856,0.0,-1.0121980279265403,-0.8158998488352177,1.4981958824956936,1.5665986829772471,-1.1480745377487862,-1.0487421576863714,-0.6963733589219187,0.0,1.0,0
1.2616175416398958,1.0570184630011215,1.6017139559428837,0.5431855927841741,2.2081936222544867,0.0,0.3647860254821981,-1.0477307417736565,-0.5069178038222568,-0.638325571740905,0.23434704296064715,0.2863847139703712,1.0915833927357022,1.0,0.0,0
-0.5114236401558726,0.4886760813066058,1.1766383979048394,-0.7426225326118401,0.7467043369993053,0.0,0.8237807099517775,1.734239973487608,-1.0081962254017445,-0.638325571740905,1.0850680157049137,0.2863847139703712,-0.14933936303488504,1.0,0.0,0
-0.6573882895046768,0.5323947260523377,0.4346589783669177,-0.30727017519429217,0.08946117589424588,0.0,-1.4711927123961197,-0.12040717001990163,-0.5069178038222568,-0.638325571740905,-1.467094902527886,-1.0487421576863714,0.518849813149277,0.0,1.0,0
-0.5779663479472393,0.6198320155438017,0.9397677532466343,0.1584556025081986,0.5516089336337724,0.0,-0.5532033434569608,-0.9318152953044371,0.9969174609162059,1.5665986829772471,-0.7227140513766528,-1.0487421576863714,1.5248049465254332,1.0,0.0,1
-0.6445090557386058,0.7509879497809976,0.940920969627638,-0.6110043780437452,0.5440377056236229,0.0,1.7417700788909365,-1.0477307417736565,-0.005639382242769227,-0.638325571740905,1.6167686236700805,1.6215115856271138,0.8970008304403143,0.0,1.0,0
1.757468041633628,0.8821438840181935,-0.11550211646401876,-0.10478070662799135,1.09637393142005,0.0,1.7417700788909365,-1.5113925276505338,1.4981958824956936,1.5665986829772471,1.5104285020770472,1.6215115856271138,-0.6596596679227891,1.0,0.0,0
-0.5393286466490264,-0.3419781688623018,0.9877415546963974,-0.2161499143394566,0.3980038597638587,0.0,-1.0121980279265403,1.2705781876107307,-0.005639382242769227,-0.638325571740905,-0.8290541729696862,-1.0487421576863714,-1.3535484278063419,1.0,0.0,1
-0.4212690037933759,0.5761133707980697,-0.7049494493411554,-0.35789254233586826,-0.6654205416297017,0.0,-0.09420865898738136,-0.004491723550682283,-0.5069178038222568,-0.638325571740905,-0.08467332181845284,0.2863847139703712,-0.788157586419743,1.0,0.0,0
0.4051484961961773,0.8384252392724616,-0.8955376765750699,-0.2768967549093494,-0.29103845898382813,0.0,0.3647860254821981,-1.6273079741197531,0.4956390393367183,-0.638325571740905,0.1280069213676138,0.2863847139703712,0.7685029119433595,1.0,0.0,0
-0.5285959518439672,-1.1289137742854773,1.5256016747966252,1.6265042496138875,0.6533662380901818,0.0,0.8237807099517775,-0.12040717001990163,1.4981958824956936,1.5665986829772471,0.7660476509258137,0.2863847139703712,-0.07591198103662533,1.0,0.0,0
-0.6380694388555704,0.4886760813066058,-1.9655687159625732,-1.0767301557462394,-1.8003173354390734,0.0,0.8237807099517775,0.5750855087954145,0.9969174609162059,1.5665986829772471,0.8723877725188471,0.2863847139703712,0.7574888046436212,0.0,1.0,0
-0.6659744453487241,1.4504862657127093,-0.2351290957201589,-0.5300085906172263,-0.2395541085148114,0.0,-1.4711927123961197,1.1546627411415114,1.4981958824956936,1.5665986829772471,-1.3607547809348528,-1.0487421576863714,1.4917626246262166,0.0,1.0,0
0.7099570286598567,1.3193303314755134,-1.9265900022846407,-0.4490128031907038,-0.8247191789632474,0.0,-1.0121980279265403,-0.8158998488352177,1.4981958824956936,1.5665986829772471,-1.1480745377487862,-1.0487421576863714,-0.15668210123471096,1.0,0.0,1
-0.5221563349609317,1.1007371077468535,0.7636331713213022,1.646753196470517,0.5509426655688789,0.0,-0.09420865898738136,-0.4681535094275597,0.9969174609162059,1.5665986829772471,-0.19101344341148618,0.2863847139703712,0.9704282124385736,1.0,0.0,1
0.29352847022356227,1.2318930419840495,0.0168102429831641,1.3227700467644345,0.4519715730202047,0.0,0.3647860254821981,1.5024090805491692,-0.005639382242769227,-0.638325571740905,0.5533674077397471,0.2863847139703712,-0.9166555049166975,1.0,0.0,0
-0.6466555946996178,-1.3475069980141374,-0.1644753721106521,-1.8158167160132404,-0.7932228704410255,0.0,-1.4711927123961197,-0.35223806295834037,-1.509474646981232,-0.638325571740905,-1.467094902527886,-1.0487421576863714,0.3022390362544115,0.0,1.0,0
-0.5200097959999199,0.051489633849285975,1.4774741111627283,-0.8944896340365684,0.8819567541726158,0.0,-0.5532033434569608,1.1546627411415114,-0.5069178038222568,-0.638325571740905,-0.40369368659755284,-1.0487421576863714,0.7942024956427505,1.0,0.0,1
-0.21949434145826419,-0.8228832610653536,0.46218240932687776,0.8165463753486807,0.0578437277238616,0.0,-0.09420865898738136,1.1546627411415114,0.9969174609162059,1.5665986829772471,0.02166679977458048,0.2863847139703712,0.1003137357591978,1.0,0.0,0
-0.40195015314426946,-1.3912256427598693,0.3287937145907576,-0.9552364746064576,-0.2761988520839351,0.0,1.282775394421357,1.038747294672292,0.4956390393367183,-0.638325571740905,1.4040883804840139,1.6215115856271138,-0.5752181786247906,1.0,0.0,1
-0.4878117115847425,1.0570184630011215,-1.1405577169923693,0.7557995347787915,-0.9395595654211952,0.0,-1.0121980279265403,-0.35223806295834037,-0.005639382242769227,-0.638325571740905,-1.041734416155753,-1.0487421576863714,-0.30353686523122997,1.0,0.0,1
1.1800490611214467,-0.03594765564217798,-0.8673223157865074,1.7277489838970361,-0.025318640739620795,0.0,0.8237807099517775,-0.4681535094275597,-0.005639382242769227,-0.638325571740905,0.7660476509258137,0.2863847139703712,0.5775917187478848,1.0,0.0,0
-0.5243028739219436,-0.8666019058110855,1.1034475982571237,-1.431086725737265,0.3813471581415298,0.0,0.3647860254821981,1.1546627411415114,-1.509474646981232,-0.638325571740905,0.5533674077397471,0.2863847139703712,0.8235734484420542,0.0,1.0,1
-0.44488093236450604,-0.12338494513364194,0.536372663171463,0.4520653319293385,0.14415572703956608,0.0,0.3647860254821981,0.11142372291853707,0.9969174609162059,1.5665986829772471,0.3406871645536805,0.2863847139703712,-0.9093127667168714,1.0,0.0,0
0.9696882429422876,0.9695811735096576,1.154650405573698,1.0392847907716112,1.6718478300154949,0.0,1.282775394421357,1.734239973487608,-0.005639382242769227,-0.638325571740905,1.5104285020770472,1.6215115856271138,1.3595933370293491,1.0,0.0,0
0.6584400935955728,-1.1289137742854773,0.0645534011567262,-0.2161499143394566,0.17219955558916,0.0,0.3647860254821981,-1.6273079741197531,0.4956390393367183,-0.638325571740905,0.1280069213676138,0.2863847139703712,1.183367620233526,1.0,0.0,1
-0.48351863366271886,-0.6917273268281576,-1.942427507250428,-1.1577259431727585,-1.9565269117444783,0.0,1.282775394421357,-0.5840689558967791,0.4956390393367183,-0.638325571740905,1.191408137297947,1.6215115856271138,0.7281178518443171,1.0,0.0,0
3.6593015610901065,0.09520827859501796,-0.9053784563596367,1.646753196470517,1.372935748174792,0.0,0.3647860254821981,0.22733916938775642,1.4981958824956936,1.5665986829772471,0.3406871645536805,0.2863847139703712,1.209067203932917,1.0,0.0,0
-0.3740451466511157,0.5323947260523377,-0.03308558576827222,0.9582890033450923,-0.11914129824139338,0.0,0.8237807099517775,-0.004491723550682283,-1.509474646981232,-0.638325571740905,0.8723877725188471,0.2863847139703712,0.27286808345510777,1.0,0.0,0
-0.6810002180758069,0.31380150232367787,1.0697736799318092,-0.4996351703322799,0.5280472720661873,0.0,1.7417700788909365,-1.3954770811813144,-1.509474646981232,-0.638325571740905,1.6167686236700805,1.6215115856271138,1.106268869135354,0.0,1.0,0
-0.6273367440505112,1.3193303314755134,0.8177574601364196,-0.06428281291473192,0.582681253387426,0.0,-0.09420865898738136,1.1546627411415114,0.9969174609162059,1.5665986829772471,0.02166679977458048,0.2863847139703712,-1.2984778913076471,0.0,1.0,1
-0.11646047132969652,1.2318930419840495,-0.7946696837832605,-0.0946562331996783,-0.41871964814698964,0.0,-0.09420865898738136,0.8069164017338532,-0.5069178038222568,-0.638325571740905,0.02166679977458048,0.2863847139703712,1.8295285818182103,1.0,0.0,0
-0.6208971271674758,1.5816421999499053,1.3982097052417257,0.5938079599257502,1.1017646457632768,0.0,-1.0121980279265403,-1.3954770811813144,-1.0081962254017445,-0.638325571740905,-1.1480745377487862,-1.0487421576863714,-0.6339600842233981,1.0,0.0,0
4.53294291822192,1.2318930419840495,0.8682683376243912,1.3936413607626403,3.515290425926699,0.0,-0.09420865898738136,-0.9318152953044371,-1.0081962254017445,-0.638325571740905,-0.19101344341148618,0.2863847139703712,-0.615603238723833,1.0,0.0,0
-0.4663463219746242,-0.03594765564217798,0.8804924312630326,1.6062553027572577,0.42253463851674317,0.0,0.8237807099517775,1.038747294672292,-0.5069178038222568,-0.638325571740905,0.9787278941118804,0.2863847139703712,0.5665776114481458,1.0,0.0,1
4.741157197440066,0.9258625287639255,-1.941197409777357,0.6039324333540632,1.3515546002741294,0.0,1.282775394421357,-1.2795616347120953,0.9969174609162059,1.5665986829772471,1.0850680157049137,1.6215115856271138,-0.9019700285170456,1.0,0.0,0
-0.4556136271695651,1.5379235552041732,1.6905884983722523,-0.39839043604912766,1.4156980439761166,0.0,1.7417700788909365,-0.23632261648912098,-0.005639382242769227,-0.638325571740905,1.7231087452631138,1.6215115856271138,1.627603281322997,1.0,0.0,0
-0.5114236401558726,-0.9103205505568176,0.11421858663196194,-1.9271859237247058,-0.40042756127446855,0.0,0.3647860254821981,0.34325461585697575,-1.509474646981232,-0.638325571740905,0.4470272861467138,0.2863847139703712,-1.0745243762129555,0.0,1.0,1
-0.6123109713234285,-0.6917273268281576,1.6796713832987489,0.806421901920364,0.8244154212954795,0.0,1.7417700788909365,-0.9318152953044371,0.4956390393367183,-0.638325571740905,1.6167686236700805,1.6215115856271138,-1.2103650329097357,0.0,1.0,0
3.81599890524397,-0.5168527478452297,-1.8156505864320636,0.49256322564259797,0.6085445682700967,0.0,0.3647860254821981,-0.004491723550682283,0.4956390393367183,-0.638325571740905,0.3406871645536805,0.2863847139703712,0.42339421655153997,1.0,0.0,0
-0.6530952115826532,-0.29825952411656986,-1.8490938614811772,-0.8033693731817328,-1.8914749206812735,0.0,-1.0121980279265403,1.038747294672292,-1.0081962254017445,-0.638325571740905,-0.8290541729696862,-1.0487421576863714,1.282494585931177,0.0,1.0,0
0.4716912039875439,-0.42941545835376577,1.0730795668906872,0.10783323536662609,1.0164217636328712,0.0,1.7417700788909365,-0.35223806295834037,-0.5069178038222568,-0.638325571740905,1.7231087452631138,1.6215115856271138,-0.47609121292713996,1.0,0.0,0
2.1116469702005793,1.4504862657127093,0.29019940637315994,-0.14527860034125079,1.7418665466533576,0.0,1.7417700788909365,-0.4681535094275597,-1.0081962254017445,-0.638325571740905,1.7231087452631138,1.6215115856271138,-1.2103650329097357,1.0,0.0,0
-0.18514971808207503,-0.3419781688623018,1.2502136030128894,-1.0058588417480336,0.8046696586450098,0.0,1.282775394421357,-1.0477307417736565,-1.509474646981232,-0.638325571740905,1.191408137297947,1.6215115856271138,-1.3865907497055587,1.0,0.0,0
2.4701189766895544,0.2263642128322139,1.0169563696818296,1.3126455733361178,2.2453834942403406,0.0,-1.4711927123961197,0.9228318482030725,0.4956390393367183,-0.638325571740905,-1.3607547809348528,-1.0487421576863714,1.414663873528044,1.0,0.0,0
-0.5264494128829554,0.27008285757794587,0.49293484615364896,0.37106954450281604,0.15112125680890365,0.0,-1.0121980279265403,0.8069164017338532,1.4981958824956936,1.5665986829772471,-0.9353942945627195,-1.0487421576863714,-1.1846654492103448,1.0,0.0,1
-0.5908455817133101,0.3575201470694098,-1.0303871120604615,-0.8033693731817328,-1.0659687882786515,0.0,-0.5532033434569608,-0.4681535094275597,-0.5069178038222568,-0.638325571740905,-0.6163739297836195,-1.0487421576863714,-1.1112380672120854,1.0,0.0,0
-0.44488093236450604,1.2318930419840495,-0.8064324908695005,0.7760484816354212,-0.613330492919873,0.0,-1.0121980279265403,0.22733916938775642,-1.0081962254017445,-0.638325571740905,-0.9353942945627195,-1.0487421576863714,1.3375651224298717,1.0,0.0,0
0.3321661715217753,-0.6917273268281576,0.4137473213247131,0.796297428492051,0.3600871498890303,0.0,-1.4711927123961197,0.22733916938775642,0.9969174609162059,1.5665986829772471,-1.467094902527886,-1.0487421576863714,-0.5017907966265309,1.0,0.0,1
0.08746072996642694,0.4449574365608738,-0.02040020557722884,0.5330611193558574,0.13192062257516457,0.0,-0.09420865898738136,1.5024090805491692,-1.0081962254017445,-0.638325571740905,0.1280069213676138,0.2863847139703712,-1.2984778913076471,1.0,0.0,1
0.4716912039875439,1.4942049104584412,-0.7637634847723554,-0.42876385633407404,-0.004300911783445847,0.0,-0.09420865898738136,-0.12040717001990163,-1.0081962254017445,-0.638325571740905,-0.08467332181845284,0.2863847139703712,0.9630854742387472,1.0,0.0,0
-0.642362516777594,0.4012387918151418,-1.8077318339491701,-1.6740740880168288,-1.6977726232696082,0.0,1.282775394421357,1.1546627411415114,0.9969174609162059,1.5665986829772471,1.4040883804840139,1.6215115856271138,0.7795170192430986,0.0,1.0,0
-0.6123109713234285,1.5379235552041732,-0.9408975208945574,-0.42876385633407404,-0.745917837833611,0.0,0.8237807099517775,1.2705781876107307,0.4956390393367183,-0.638325571740905,0.9787278941118804,0.2863847139703712,1.565190006624476,0.0,1.0,0
1.2058075286535883,0.13892692334074994,0.9966597613761607,0.6849282207805857,1.4964981893004319,0.0,0.8237807099517775,-0.5840689558967791,-0.5069178038222568,-0.638325571740905,0.7660476509258137,0.2863847139703712,-0.9607119341156534,1.0,0.0,0
0.7292758793089631,-1.0851951295397455,-1.6015367450256692,0.2799492836479805,-1.0907418463278606,0.0,-0.5532033434569608,-1.163646188242876,-0.005639382242769227,-0.638325571740905,-0.7227140513766528,-1.0487421576863714,1.8295285818182103,1.0,0.0,0
1.9892942494229051,-1.0851951295397455,-0.6260694488804874,-0.6920001654702677,0.38885781632759847,0.0,1.282775394421357,0.4591700623261951,1.4981958824956936,1.5665986829772471,1.2977482588909803,1.6215115856271138,1.627603281322997,1.0,0.0,0
-0.4362947765204587,1.0570184630011215,0.018501627008636723,-1.3095930445974866,0.002664617985891708,0.0,1.7417700788909365,-1.6273079741197531,0.9969174609162059,1.5665986829772471,1.5104285020770472,1.6215115856271138,-0.5605327022251384,0.0,1.0,0
1.2294194572247183,0.9695811735096576,-0.13971966046510131,-0.37814148919249796,0.7986732460609711,0.0,1.282775394421357,1.2705781876107307,1.4981958824956936,1.5665986829772471,1.4040883804840139,1.6215115856271138,1.8478854273177756,1.0,0.0,0
2.379964340327058,-1.740974800725725,-0.608463678797161,0.9481645299167757,0.47783488790287537,0.0,0.8237807099517775,-0.9318152953044371,1.4981958824956936,1.5665986829772471,0.6597075293327804,0.2863847139703712,-0.5788895477247034,1.0,0.0,0
-0.6702675232707478,-0.6042900373366937,-0.05515045919148057,-0.6110043780437452,-0.5556680203945743,0.0,0.3647860254821981,-0.23632261648912098,-0.5069178038222568,-0.638325571740905,0.3406871645536805,0.2863847139703712,1.2347667876323078,1.0,0.0,0
-0.5328890297659908,0.4886760813066058,1.0627006194616522,-0.37814148919249796,0.6448258928947329,0.0,1.282775394421357,-0.35223806295834037,1.4981958824956936,1.5665986829772471,1.191408137297947,1.6215115856271138,0.7978738647426632,0.0,1.0,0
-0.4384413154814705,0.27008285757794587,0.5030062692144166,-0.6110043780437452,0.20872315951012083,0.0,-0.5532033434569608,-1.6273079741197531,1.4981958824956936,1.5665986829772471,-0.8290541729696862,-1.0487421576863714,0.6289908861466664,0.0,1.0,1
-0.5092771011948608,-1.1726324190312094,1.3171001531111166,0.20907796964977468,0.490312271663602,0.0,-0.09420865898738136,-0.8158998488352177,-0.5069178038222568,-0.638325571740905,-0.19101344341148618,0.2863847139703712,-1.3131633677072994,0.0,1.0,0
-0.5414751856100382,0.4012387918151418,0.055250789016628075,-2.089177498577747,-0.17310901149773936,0.0,-1.4711927123961197,0.6910009552646338,-0.5069178038222568,-0.638325571740905,-1.3607547809348528,-1.0487421576863714,-0.2704945433320131,0.0,1.0,1
-0.668120984309736,-0.6042900373366937,0.4726382378479801,-1.5525804068770468,-0.13864478159553897,0.0,1.282775394421357,0.22733916938775642,0.4956390393367183,-0.638325571740905,1.2977482588909803,1.6215115856271138,1.679002448721778,0.0,1.0,0
0.3622177169759408,-1.3912256427598693,1.2605925504419244,1.5657574090439947,0.8891645632382785,0.0,-0.5532033434569608,-0.8158998488352177,1.4981958824956936,1.5665986829772471,-0.7227140513766528,-1.0487421576863714,-1.2287218784093006,1.0,0.0,1
-0.3160885947037964,-0.6480086820824257,-0.7135601316526514,-0.995734368319717,-0.8841987462109819,0.0,-1.4711927123961197,-0.6999844023659983,0.4956390393367183,-0.638325571740905,-1.5734350241209194,-1.0487421576863714,-0.7734721100200912,1.0,0.0,0
-0.5200097959999199,-0.5168527478452297,1.2366056497170432,-0.9248630543215112,0.5662062612373409,0.0,1.282775394421357,-0.23632261648912098,-1.509474646981232,-0.638325571740905,1.2977482588909803,1.6215115856271138,-1.1883368183102578,0.0,1.0,1
-0.12290008821273206,0.31380150232367787,-1.9210545636558218,0.9987868970583518,-1.5132769391182848,0.0,-1.0121980279265403,0.8069164017338532,1.4981958824956936,1.5665986829772471,-0.9353942945627195,-1.0487421576863714,-1.2911351531078212,1.0,0.0,0
-0.6251902050894994,1.0132998182553896,0.9709045955337402,-0.7122491123268974,0.6367095364678529,0.0,-0.09420865898738136,1.038747294672292,0.4956390393367183,-0.638325571740905,0.02166679977458048,0.2863847139703712,-0.953369195915827,0.0,1.0,0
-0.024159296006188043,-1.740974800725725,0.6037204998220919,0.5735590130691168,0.0760752447723013,0.0,-1.0121980279265403,1.2705781876107307,-0.005639382242769227,-0.638325571740905,-0.8290541729696862,-1.0487421576863714,-0.32923644893062093,1.0,0.0,1
-0.5607940362591447,0.1826455680864819,0.2512206926952275,-1.6943230348734586,-0.07807495751434285,0.0,-0.5532033434569608,-1.163646188242876,-0.005639382242769227,-0.638325571740905,-0.7227140513766528,-1.0487421576863714,-0.4100065691287066,0.0,1.0,1
-0.5436217245710501,0.6198320155438017,-1.678802242552932,-1.2589706774559106,-1.4920169308657851,0.0,-0.5532033434569608,-1.5113925276505338,-1.509474646981232,-0.638325571740905,-0.7227140513766528,-1.0487421576863714,1.4293493499276957,0.0,1.0,0
-0.07996930899249549,1.6690794894413692,0.7077406173886457,-0.8337427934666757,0.8824413127652655,0.0,0.8237807099517775,0.8069164017338532,-1.509474646981232,-0.638325571740905,0.9787278941118804,0.2863847139703712,0.5225211822491902,1.0,0.0,0
-0.4985444063898017,0.7947065945267296,1.0810752004656479,0.796297428492051,0.7465226275270616,0.0,1.282775394421357,0.8069164017338532,-0.5069178038222568,-0.638325571740905,1.4040883804840139,1.6215115856271138,1.2531236331318734,1.0,0.0,0
-0.5135701791168844,-0.1671035898793739,-1.163237639152113,-0.9147385808931981,-1.2433172331883937,0.0,-0.09420865898738136,-0.35223806295834037,1.4981958824956936,1.5665986829772471,-0.19101344341148618,0.2863847139703712,0.04891456836041588,0.0,1.0,0
-0.5371821076880146,-1.3475069980141374,0.6045661918348282,0.3811940179311327,-0.12556169959400038,0.0,1.282775394421357,-0.9318152953044371,-1.0081962254017445,-0.638325571740905,1.191408137297947,1.6215115856271138,-1.0635102689132165,0.0,1.0,0
-0.6316298219725348,-0.6042900373366937,-1.6420530805449405,-1.9980572377229115,-1.7840846225853126,0.0,-1.4711927123961197,-0.4681535094275597,1.4981958824956936,1.5665986829772471,-1.5734350241209194,-1.0487421576863714,1.1429825601344838,0.0,1.0,0
-0.3075024388597491,-1.1289137742854773,-0.6356795853888535,-1.7550698754433476,-0.9245988188731397,0.0,0.8237807099517775,-0.8158998488352177,-1.509474646981232,-0.638325571740905,0.7660476509258137,0.2863847139703712,1.2494522640319599,0.0,1.0,0
-0.0005473674350578839,1.0570184630011215,-1.0655217711350475,-1.1476014697444452,-0.6054564157893174,0.0,1.7417700788909365,-1.0477307417736565,-0.005639382242769227,-0.638325571740905,1.6167686236700805,1.6215115856271138,-0.6119318696239203,1.0,0.0,0
-0.5328890297659908,0.09520827859501796,-0.6509789227101722,0.06733534165336305,-0.7924960325520509,0.0,-1.0121980279265403,1.5024090805491692,0.9969174609162059,1.5665986829772471,-0.8290541729696862,-1.0487421576863714,1.054869701736572,0.0,1.0,1
-0.5886990427522983,-1.4786629322513334,-1.9587262987686167,-1.7145719817300882,-2.2031672354031087,0.0,0.8237807099517775,-1.2795616347120953,-0.005639382242769227,-0.638325571740905,0.6597075293327804,0.2863847139703712,0.36098094185301893,0.0,1.0,1
-0.15295163366689757,0.3575201470694098,0.5041594855954203,0.11795770879493915,0.3901297826333032,0.0,-1.0121980279265403,-1.2795616347120953,-0.5069178038222568,-0.638325571740905,-1.1480745377487862,-1.0487421576863714,-0.14566799393497187,1.0,0.0,0
0.7228362624259276,-1.1289137742854773,1.383756059933143,0.5938079599257502,1.2478590614471219,0.0,-0.5532033434569608,-1.6273079741197531,1.4981958824956936,1.5665986829772471,-0.8290541729696862,-1.0487421576863714,-0.7184015735213964,1.0,0.0,0
-0.5650871141811682,-0.9977578400482815,-0.1956122143977578,-0.8944896340365684,-0.6941912080682697,0.0,-1.4711927123961197,1.734239973487608,0.4956390393367183,-0.638325571740905,-1.2544146593418195,-1.0487421576863714,-0.5862322859245294,1.0,0.0,0
0.3107007819116569,0.4012387918151418,-0.596777752802988,-0.7527470060401568,-0.20587728632566668,0.0,0.8237807099517775,-0.35223806295834037,0.4956390393367183,-0.638325571740905,0.7660476509258137,0.2863847139703712,-1.0121111015144348,1.0,0.0,1
-0.6337763609335467,1.6690794894413692,-0.8503315944397162,0.18882902279314498,-0.6576070343232272,0.0,-0.09420865898738136,-0.004491723550682283,-0.5069178038222568,-0.638325571740905,-0.08467332181845284,0.2863847139703712,0.9373858905393571,0.0,1.0,0
-0.5522078804150974,-0.6042900373366937,0.4545711812122519,1.646753196470517,-0.08746328024692825,0.0,-1.0121980279265403,-1.163646188242876,-0.005639382242769227,-0.638325571740905,-1.1480745377487862,-1.0487421576863714,-1.1993509256099968,1.0,0.0,1
-0.2559855037954652,0.051489633849285975,1.517375397945464,-0.6717512186136343,1.0623942601104994,0.0,-0.5532033434569608,1.038747294672292,-1.0081962254017445,-0.638325571740905,-0.40369368659755284,-1.0487421576863714,0.2177975469564131,1.0,0.0,1
0.9911536325524057,0.5323947260523377,1.1385822573317101,-0.14527860034125079,1.5743909830688505,0.0,-1.0121980279265403,1.038747294672292,-1.0081962254017445,-0.638325571740905,-0.8290541729696862,-1.0487421576863714,1.3595933370293491,1.0,0.0,0
1.9742684766958223,-0.07966630038790996,0.42666334479195706,0.4520653319293385,1.4326575947188516,0.0,0.8237807099517775,0.11142372291853707,-1.0081962254017445,-0.638325571740905,0.8723877725188471,0.2863847139703712,-0.013498706338104726,1.0,0.0,0
-0.4770790167796834,-0.29825952411656986,1.594025846736191,-0.003535972344839162,0.9204791622882568,0.0,-0.09420865898738136,0.8069164017338532,-0.5069178038222568,-0.638325571740905,0.02166679977458048,0.2863847139703712,-1.2177077711095619,0.0,1.0,1
-0.4556136271695651,0.09520827859501796,-1.277482941963568,-0.14527860034125079,-1.242469255651257,0.0,0.3647860254821981,1.3864936340799499,-0.5069178038222568,-0.638325571740905,0.5533674077397471,0.2863847139703712,-1.518760037302426,1.0,0.0,0
1.0791617299538907,-0.03594765564217798,-0.9350545578974709,-0.4490128031907038,-0.13561629039147916,0.0,-0.5532033434569608,-0.4681535094275597,-0.5069178038222568,-0.638325571740905,-0.6163739297836195,-1.0487421576863714,1.1576680365341359,1.0,0.0,1
-0.5543544193761091,1.3630489762212454,0.3376350401784546,0.49256322564259797,0.255301354228561,0.0,-1.0121980279265403,-0.004491723550682283,1.4981958824956936,1.5665986829772471,-1.041734416155753,-1.0487421576863714,1.447706195427261,0.0,1.0,0
-0.5822594258692628,-0.3419781688623018,-0.7842907363542251,0.10783323536662609,-1.0222979451161092,0.0,-1.0121980279265403,0.4591700623261951,-0.005639382242769227,-0.638325571740905,-0.9353942945627195,-1.0487421576863714,0.8786439849407489,0.0,1.0,0
-0.6595348284656887,-1.6098188664885291,0.5904200708945136,-1.5627048803053636,-0.26390317779545214,0.0,-1.4711927123961197,1.8501554199568273,0.9969174609162059,1.5665986829772471,-1.2544146593418195,-1.0487421576863714,-0.28518001973166496,0.0,1.0,0
-0.6616813674267005,0.31380150232367787,0.35278061531563915,0.674803747352269,-0.025924338980432754,0.0,-0.5532033434569608,0.11142372291853707,-1.509474646981232,-0.638325571740905,-0.5100338081905862,-1.0487421576863714,1.1136116073351794,0.0,1.0,0
0.9975932494354411,-1.2163510637769415,-1.9439651290917663,1.0392847907716112,-1.2381687981414922,0.0,0.3647860254821981,-1.163646188242876,-1.0081962254017445,-0.638325571740905,0.23434704296064715,0.2863847139703712,1.778129414419429,1.0,0.0,0
-0.5264494128829554,0.31380150232367787,-0.9425889049200298,-0.03390939262978554,-0.9701473265821993,0.0,-0.5532033434569608,-0.004491723550682283,1.4981958824956936,1.5665986829772471,-0.6163739297836195,-1.0487421576863714,-1.6215583720999893,0.0,1.0,0
1.480564515663102,0.4886760813066058,0.11191215386995401,0.3811940179311327,1.0320487782458199,0.0,-1.0121980279265403,-1.3954770811813144,-1.0081962254017445,-0.638325571740905,-1.1480745377487862,-1.0487421576863714,1.7267302470206471,1.0,0.0,1
1.0984805806029971,-0.25454087937083786,0.39867862727959535,1.6265042496138875,0.8775957268387699,0.0,1.282775394421357,-1.0477307417736565,-1.509474646981232,-0.638325571740905,1.191408137297947,1.6215115856271138,-0.5972463932242684,1.0,0.0,0
-0.5972851985963457,1.6253608446956371,0.08085219267491496,0.5229366459275443,0.08691724328283575,0.0,-1.4711927123961197,-0.004491723550682283,-0.005639382242769227,-0.638325571740905,-1.467094902527886,-1.0487421576863714,-1.158965865510954,0.0,1.0,1
-0.6187505882064639,-0.8666019058110855,-0.29271303367828777,-2.028430658007854,-0.7719022923644442,0.0,1.282775394421357,1.5024090805491692,-1.0081962254017445,-0.638325571740905,1.5104285020770472,1.6215115856271138,-0.6890306207220928,0.0,1.0,1
1.2315659961857306,-0.2108222346251059,-0.14156480667470767,1.3430189936210641,0.5367693267338793,0.0,-1.4711927123961197,1.1546627411415114,1.4981958824956936,1.5665986829772471,-1.3607547809348528,-1.0487421576863714,0.7574888046436212,1.0,0.0,1
-0.6230436661284876,-0.9977578400482815,0.7644019822419716,0.23945138993472107,0.029436480229780286,0.0,-1.0121980279265403,0.5750855087954145,0.4956390393367183,-0.638325571740905,-0.9353942945627195,-1.0487421576863714,0.9924564270380518,0.0,1.0,1
-0.5221563349609317,1.0570184630011215,-0.4016535411371248,-0.6110043780437452,-0.376805329882802,0.0,1.7417700788909365,-0.004491723550682283,0.9969174609162059,1.5665986829772471,1.7231087452631138,1.6215115856271138,0.7281178518443171,0.0,1.0,0
-0.6144575102844403,-0.9540391953025495,-1.9581112500320812,-0.4186393829057574,-2.10092537235405,0.0,-1.0121980279265403,0.11142372291853707,-1.509474646981232,-0.638325571740905,-0.9353942945627195,-1.0487421576863714,-0.5458472258254865,0.0,1.0,1
0.10248650269350978,1.3193303314755134,-1.9544209576128686,1.059533737628241,-1.1894706595802105,0.0,-1.4711927123961197,-1.2795616347120953,1.4981958824956936,1.5665986829772471,-1.6797751457139527,-1.0487421576863714,-0.013498706338104726,1.0,0.0,0
-0.47493247781867154,0.051489633849285975,-1.2428095694413834,-0.2768967549093494,-1.2357460051782443,0.0,-1.0121980279265403,0.8069164017338532,1.4981958824956936,1.5665986829772471,-0.9353942945627195,-1.0487421576863714,-0.8872845521173937,0.0,1.0,0
-0.28174397132760715,-0.6917273268281576,1.1147491187909622,1.100031631341504,0.5659034121169348,0.0,1.282775394421357,-1.0477307417736565,-1.509474646981232,-0.638325571740905,1.191408137297947,1.6215115856271138,-1.1038953290122595,1.0,0.0,0
-0.592992120674322,-0.7791646163196216,0.6644565625549652,-0.6920001654702677,0.016111118931917138,0.0,-0.09420865898738136,1.5024090805491692,-1.0081962254017445,-0.638325571740905,0.1280069213676138,0.2863847139703712,0.8345875557417932,1.0,0.0,0
0.9890070935913939,-0.3419781688623018,-1.0741324534465435,-0.7223735857552104,-0.36390395735350717,0.0,-0.09420865898738136,-0.8158998488352177,-0.5069178038222568,-0.638325571740905,-0.19101344341148618,0.2863847139703712,-0.8836131830174805,1.0,0.0,0
-0.17227048431600406,1.4067676209669773,-1.1189541301215624,0.806421901920364,-0.6669347872317315,0.0,-1.0121980279265403,-1.2795616347120953,-0.5069178038222568,-0.638325571740905,-1.1480745377487862,-1.0487421576863714,0.551892135048494,1.0,0.0,0
4.938638781853155,-0.29825952411656986,-0.8959989631274714,-0.9046141074648815,2.0150970230836336,0.0,0.3647860254821981,0.34325461585697575,-1.509474646981232,-0.638325571740905,0.4470272861467138,0.2863847139703712,-1.5114172991026,1.0,0.0,0
-0.6659744453487241,1.6253608446956371,0.3701557421227648,-0.06428281291473192,0.2760768038884114,0.0,0.8237807099517775,-0.23632261648912098,0.9969174609162059,1.5665986829772471,0.7660476509258137,0.2863847139703712,-1.2470787239088654,0.0,1.0,0
-0.507130562233849,-1.1726324190312094,-0.7402378705998754,-0.995734368319717,-1.1293248242675826,0.0,-1.0121980279265403,-1.3954770811813144,-1.0081962254017445,-0.638325571740905,-1.1480745377487862,-1.0487421576863714,-1.5885160502007725,1.0,0.0,1
-0.4491740102865296,-0.29825952411656986,-1.932663608557928,-0.35789254233586826,-1.842231653703261,0.0,0.3647860254821981,0.9228318482030725,0.9969174609162059,1.5665986829772471,0.4470272861467138,0.2863847139703712,1.4770771482265648,1.0,0.0,0
-0.5629405752201564,1.5816421999499053,-0.6628954919805459,-1.3804643585956924,-0.4893440630256646,0.0,1.282775394421357,0.11142372291853707,-0.005639382242769227,-0.638325571740905,1.2977482588909803,1.6215115856271138,-0.7220729426213096,0.0,1.0,0
2.2232669961731943,-0.9103205505568176,0.771244399435928,-1.167850416601075,1.660521272912311,0.0,1.7417700788909365,-1.6273079741197531,0.9969174609162059,1.5665986829772471,1.5104285020770472,1.6215115856271138,-0.5054621657264436,1.0,0.0,1
-0.43200169859843507,0.8384252392724616,-0.17370110315868337,-2.1904222328608958,-0.19479300851880768,0.0,-1.0121980279265403,-1.2795616347120953,-0.5069178038222568,-0.638325571740905,-1.1480745377487862,-1.0487421576863714,0.07828552115971961,0.0,1.0,0
-0.6831467570368187,0.3575201470694098,0.313648139453573,0.4014429647877624,-0.05917717240100921,0.0,0.8237807099517775,1.1546627411415114,-0.005639382242769227,-0.638325571740905,0.9787278941118804,0.2863847139703712,-0.5715468095248775,0.0,1.0,1
-0.39551053626123395,-0.47313410309949777,-1.9259749535481052,-1.1374769963161286,-1.8454418543795645,0.0,-1.4711927123961197,-0.4681535094275597,1.4981958824956936,1.5665986829772471,-1.5734350241209194,-1.0487421576863714,1.7964862599189937,1.0,0.0,1
2.635402476687465,0.4449574365608738,1.2256116535514725,1.2923966264794882,2.5515033851467055,0.0,0.8237807099517775,-1.6273079741197531,-1.509474646981232,-0.638325571740905,0.6597075293327804,0.2863847139703712,-0.5495185949253997,1.0,0.0,1
-0.5350355687270028,0.9258625287639255,-0.7817536603160166,1.5860063559006243,-0.7126044345889532,0.0,-1.4711927123961197,-0.12040717001990163,-0.5069178038222568,-0.638325571740905,-1.467094902527886,-1.0487421576863714,1.587218221223954,1.0,0.0,0
-0.009133523279105197,-0.29825952411656986,-0.044617749578311404,1.7277489838970361,-0.1064216351843422,0.0,-0.09420865898738136,-1.3954770811813144,0.4956390393367183,-0.638325571740905,-0.2973535650045195,0.2863847139703712,1.5835468521240414,1.0,0.0,1
1.5149091390392913,-0.03594765564217798,-1.8009662978472805,1.100031631341504,-0.5719007332483345,0.0,1.282775394421357,-0.8158998488352177,-0.5069178038222568,-0.638325571740905,1.191408137297947,1.6215115856271138,-0.38063561632940246,1.0,0.0,0
-0.5350355687270028,-0.25454087937083786,0.10053375224404854,-0.9046141074648815,-0.279166773463914,0.0,-1.4711927123961197,-1.163646188242876,-1.509474646981232,-0.638325571740905,-1.5734350241209194,-1.0487421576863714,-1.4416612862042535,0.0,1.0,0
-0.5607940362591447,-0.7791646163196216,-1.9356619711485383,-1.289344097740857,-2.014189384269777,0.0,-1.4711927123961197,0.8069164017338532,-0.005639382242769227,-0.638325571740905,-1.3607547809348528,-1.0487421576863714,0.3242672508538893,0.0,1.0,0
-0.5543544193761091,1.6253608446956371,1.1701803861712172,0.4419408585010219,0.969359010321782,0.0,-0.5532033434569608,0.6910009552646338,0.9969174609162059,1.5665986829772471,-0.5100338081905862,-1.0487421576863714,1.3192082769303064,0.0,1.0,1
0.6734658663226557,0.9258625287639255,-0.6579751020882626,-0.0946562331996783,0.06692920133604102,0.0,-0.5532033434569608,-0.35223806295834037,-0.005639382242769227,-0.638325571740905,-0.6163739297836195,-1.0487421576863714,0.8199020793421414,1.0,0.0,0
-0.6402159778165821,0.4449574365608738,0.2759764043407781,-1.2083483103143344,-0.0452461128623341,0.0,-0.5532033434569608,1.2705781876107307,-0.005639382242769227,-0.638325571740905,-0.40369368659755284,-1.0487421576863714,0.14437016495815339,0.0,1.0,0
-0.580112886908251,1.6690794894413692,1.408665533762828,-2.0183061845795414,1.1524010186951565,0.0,-1.0121980279265403,-0.4681535094275597,-0.5069178038222568,-0.638325571740905,-1.041734416155753,-1.0487421576863714,0.9447286287391826,0.0,1.0,1
-0.5157167180778963,1.1881743972383174,0.5483661135339039,-0.5097596437605929,0.4043636912923843,0.0,1.7417700788909365,-0.6999844023659983,1.4981958824956936,1.5665986829772471,1.6167686236700805,1.6215115856271138,-0.2925227579314909,0.0,1.0,0
1.2036609896925767,-0.7791646163196216,1.1908613999372206,1.3733924139060105,1.4447715595350907,0.0,-1.0121980279265403,0.6910009552646338,0.9969174609162059,1.5665986829772471,-0.9353942945627195,-1.0487421576863714,-0.9350123504162624,1.0,0.0,0
-0.6187505882064639,1.2756116867297813,0.0148882156814909,-0.2971457017659791,-0.054695005419000915,0.0,-1.0121980279265403,-0.6999844023659983,-1.509474646981232,-0.638325571740905,-1.041734416155753,-1.0487421576863714,-0.5605327022251384,0.0,1.0,0
-0.5650871141811682,-1.6972561559799932,-0.11042796438760176,-1.7651943488716644,-0.7821385926341664,0.0,1.282775394421357,1.2705781876107307,1.4981958824956936,1.5665986829772471,1.4040883804840139,1.6215115856271138,-0.8101858010192212,0.0,1.0,1
-0.6767071401537833,-0.8666019058110855,-0.25550258511789464,-0.20602544091114355,-0.7752942025129912,0.0,0.8237807099517775,1.734239973487608,-1.0081962254017445,-0.638325571740905,1.0850680157049137,0.2863847139703712,1.0365128562370074,1.0,0.0,0
0.6004835416482536,1.1881743972383174,-0.7323959992090487,1.6366287230422005,0.025257162368177974,0.0,-1.4711927123961197,-1.0477307417736565,-1.0081962254017445,-0.638325571740905,-1.5734350241209194,-1.0487421576863714,0.06727141385998091,1.0,0.0,0
0.45666543126046105,-1.2163510637769415,-0.10512316903498374,1.3328945201927476,-0.09473165913667178,0.0,0.8237807099517775,1.038747294672292,-0.5069178038222568,-0.638325571740905,0.9787278941118804,0.2863847139703712,-1.180994080110432,1.0,0.0,0
0.5103289052857567,-0.6042900373366937,1.3481601143061557,-0.9552364746064576,1.216181043452656,0.0,1.7417700788909365,-1.5113925276505338,1.4981958824956936,1.5665986829772471,1.5104285020770472,1.6215115856271138,-0.41734930732853254,1.0,0.0,0
-0.6595348284656887,-0.3856968136080338,0.43988689262746844,0.19895349622146163,-0.1111460814626756,0.0,-0.5532033434569608,-0.35223806295834037,-0.005639382242769227,-0.638325571740905,-0.6163739297836195,-1.0487421576863714,-1.496731822702948,0.0,1.0,0
-0.5500613414540855,-1.5223815769970652,0.21739301218577894,-2.0486796048644877,-0.4766243999686134,0.0,1.7417700788909365,-1.3954770811813144,-1.509474646981232,-0.638325571740905,1.6167686236700805,1.6215115856271138,0.01954361556111216,0.0,1.0,1
-0.382631302495163,0.1826455680864819,1.2439862345554682,1.6872510901837765,0.8046090888209284,0.0,-1.4711927123961197,0.22733916938775642,0.9969174609162059,1.5665986829772471,-1.467094902527886,-1.0487421576863714,1.638617388622736,1.0,0.0,0
-0.4878117115847425,0.3575201470694098,0.4755597193465233,-1.1273525228878156,0.17861995694176647,0.0,-1.0121980279265403,-1.0477307417736565,0.4956390393367183,-0.638325571740905,-1.1480745377487862,-1.0487421576863714,-1.0928812217125206,0.0,1.0,1
0.5081823663247449,0.4886760813066058,-0.6526703067356446,-0.17565202062619717,-0.11908072841731251,0.0,-0.09420865898738136,0.9228318482030725,-0.005639382242769227,-0.638325571740905,0.02166679977458048,0.2863847139703712,1.473405779126652,1.0,0.0,1
-0.5393286466490264,0.27008285757794587,0.2899687630969589,-2.0588040782928005,-0.016051457655197676,0.0,0.3647860254821981,-0.8158998488352177,0.4956390393367183,-0.638325571740905,0.23434704296064715,0.2863847139703712,1.80382899811882,0.0,1.0,1
-0.530742490804979,0.9695811735096576,0.09230747539288729,-1.8664390831548165,-0.011872139793595363,0.0,-1.4711927123961197,-1.2795616347120953,1.4981958824956936,1.5665986829772471,-1.6797751457139527,-1.0487421576863714,0.6326622552465796,0.0,1.0,0
-0.5264494128829554,0.4886760813066058,1.417276216074324,0.1584556025081986,0.9278081110020817,0.0,-0.09420865898738136,0.4591700623261951,1.4981958824956936,1.5665986829772471,-0.08467332181845284,0.2863847139703712,-1.1075666981121723,1.0,0.0,0
-0.1379258609398148,0.8384252392724616,1.0325632313714164,1.059533737628241,0.921508849297637,0.0,-0.09420865898738136,-0.12040717001990163,-1.0081962254017445,-0.638325571740905,-0.08467332181845284,0.2863847139703712,0.7795170192430986,1.0,0.0,0
-0.5285959518439672,-0.29825952411656986,1.1607240118469853,0.08758428850999637,0.550034118207661,0.0,1.7417700788909365,-0.004491723550682283,0.9969174609162059,1.5665986829772471,1.7231087452631138,1.6215115856271138,-0.7257443117212224,0.0,1.0,0
4.537235996143943,1.3193303314755134,1.1346613216362964,0.8671687424902568,3.746970003037274,0.0,1.7417700788909365,-0.004491723550682283,0.9969174609162059,1.5665986829772471,1.7231087452631138,1.6215115856271138,-1.6105442648002504,1.0,0.0,0
-0.39551053626123395,-1.4349442875056013,-0.9907164685539268,1.7176245104687229,-1.321815725197624,0.0,1.282775394421357,0.4591700623261951,1.4981958824956936,1.5665986829772471,1.2977482588909803,1.6215115856271138,-1.169979972810693,1.0,0.0,1
0.3107007819116569,-0.8228832610653536,0.386992701285422,0.2799492836479805,0.2978213707335606,0.0,0.3647860254821981,-1.163646188242876,-1.0081962254017445,-0.638325571740905,0.23434704296064715,0.2863847139703712,-0.8101858010192212,1.0,0.0,1
-0.05635738042136542,-0.3856968136080338,0.514384670840322,-0.550257537473856,0.28794848940832546,0.0,0.8237807099517775,0.34325461585697575,-0.005639382242769227,-0.638325571740905,0.8723877725188471,0.2863847139703712,0.1223419503586756,1.0,0.0,0
-0.5350355687270028,0.051489633849285975,0.31287932853290357,0.3103227039329269,-0.04403471638071018,0.0,0.3647860254821981,0.5750855087954145,-0.5069178038222568,-0.638325571740905,0.4470272861467138,0.2863847139703712,1.2604663713316988,0.0,1.0,0
0.12824497022565173,-0.9103205505568176,0.5286845539647703,0.8469197956336271,0.28710051187118896,0.0,1.282775394421357,1.8501554199568273,0.4956390393367183,-0.638325571740905,1.5104285020770472,1.6215115856271138,-1.0304679470139997,1.0,0.0,1
-0.642362516777594,-1.1289137742854773,1.0471706388641324,-1.1476014697444452,0.21223620930683032,0.0,1.7417700788909365,-0.8158998488352177,0.9969174609162059,1.5665986829772471,1.6167686236700805,1.6215115856271138,-0.41367793822861937,1.0,0.0,1
-0.004840445357081541,-0.42941545835376577,-1.1914529999406756,-1.046356735461293,-1.0365924235992714,0.0,1.282775394421357,-0.12040717001990163,-1.0081962254017445,-0.638325571740905,1.2977482588909803,1.6215115856271138,0.5408780277487553,1.0,0.0,0
0.2806492364574914,-0.9977578400482815,1.343162843321805,-0.5300085906172263,0.9954040346766962,0.0,0.3647860254821981,-1.0477307417736565,-0.5069178038222568,-0.638325571740905,0.23434704296064715,0.2863847139703712,0.9153576759398789,1.0,0.0,0
-0.6230436661284876,-0.42941545835376577,-0.7624565062072177,-0.7831204263251031,-1.0474949919338865,0.0,1.7417700788909365,-1.163646188242876,-0.5069178038222568,-0.638325571740905,1.6167686236700805,1.6215115856271138,-0.4320347837281844,1.0,0.0,0
-0.6101644323624166,0.4886760813066058,-1.0522982232995362,-0.4895106969039632,-1.0650602409174335,0.0,-0.5532033434569608,-0.8158998488352177,1.4981958824956936,1.5665986829772471,-0.7227140513766528,-1.0487421576863714,-0.6706737752225277,0.0,1.0,0
-0.6316298219725348,-1.1726324190312094,0.9657535623652559,-0.8337427934666757,0.14445857615997207,0.0,-0.09420865898738136,-1.163646188242876,1.4981958824956936,1.5665986829772471,-0.2973535650045195,0.2863847139703712,1.539490422925085,0.0,1.0,1
-0.5457682635320618,-0.9977578400482815,-1.6375170961129917,-0.9653609480347742,-1.819275690376488,0.0,-1.4711927123961197,1.038747294672292,0.9969174609162059,1.5665986829772471,-1.3607547809348528,-1.0487421576863714,1.3522505988295235,0.0,1.0,0
4.3032632493936545,-1.0414764847940134,0.7206566408558897,-0.681875692041951,2.765436003801491,0.0,-1.4711927123961197,1.734239973487608,0.4956390393367183,-0.638325571740905,-1.2544146593418195,-1.0487421576863714,0.6106340406471018,1.0,0.0,0
-0.03703852977225892,-0.6042900373366937,0.34563067375341483,1.545508462187365,0.11744443461975837,0.0,-1.4711927123961197,0.6910009552646338,-0.5069178038222568,-0.638325571740905,-1.3607547809348528,-1.0487421576863714,0.9704282124385736,1.0,0.0,0
-0.6445090557386058,-1.740974800725725,-1.9417355774218255,-1.177974890029388,-2.2794246439213346,0.0,-1.4711927123961197,-1.163646188242876,-1.509474646981232,-0.638325571740905,-1.5734350241209194,-1.0487421576863714,-0.8615849684180027,1.0,0.0,0
-0.5436217245710501,-0.7791646163196216,-0.8313419646991851,-0.6717512186136343,-1.1344732593144842,0.0,0.8237807099517775,0.5750855087954145,0.9969174609162059,1.5665986829772471,0.8723877725188471,0.2863847139703712,-1.158965865510954,0.0,1.0,1
-0.6337763609335467,0.7947065945267296,-0.6294522169314323,0.4520653319293385,-0.6774133667977783,0.0,0.8237807099517775,1.5024090805491692,1.4981958824956936,1.5665986829772471,0.9787278941118804,0.2863847139703712,-0.17136757763436283,0.0,1.0,0
-0.23452011418534705,-1.2600697085226733,-0.30040114288498054,-1.0969791026028692,-0.6483398512388041,0.0,0.8237807099517775,0.5750855087954145,0.9969174609162059,1.5665986829772471,0.8723877725188471,0.2863847139703712,1.5578472684246505,1.0,0.0,0
-0.6659744453487241,0.13892692334074994,0.7395693895043537,-1.5930783005903064,0.23761496559685183,0.0,0.3647860254821981,0.6910009552646338,-0.005639382242769227,-0.638325571740905,0.4470272861467138,0.2863847139703712,1.0365128562370074,0.0,1.0,0
0.37939002866403543,0.4886760813066058,-0.8778550253996765,0.4318163850727088,-0.3691735320485711,0.0,-1.0121980279265403,1.1546627411415114,-0.5069178038222568,-0.638325571740905,-0.8290541729696862,-1.0487421576863714,-0.9313409813163492,1.0,0.0,0
-0.4878117115847425,-0.03594765564217798,-1.9169029846842078,-1.167850416601075,-1.7934729453178981,0.0,0.3647860254821981,-0.6999844023659983,0.9969174609162059,1.5665986829772471,0.23434704296064715,0.2863847139703712,-0.7844862173198303,1.0,0.0,0
-0.5522078804150974,-0.29825952411656986,-0.21390991430968662,-0.9754854214630873,-0.5462796976619889,0.0,-0.5532033434569608,-1.2795616347120953,-0.5069178038222568,-0.638325571740905,-0.7227140513766528,-1.0487421576863714,-1.147951758211215,0.0,1.0,1
-0.5200097959999199,1.0570184630011215,1.5239871718632199,0.11795770879493915,1.1414984503605412,0.0,-0.09420865898738136,1.5024090805491692,-1.0081962254017445,-0.638325571740905,0.1280069213676138,0.2863847139703712,-1.335191582306777,0.0,1.0,1
-0.07352969210946005,-1.3037883532684054,1.1295871695598794,-0.3680170157641849,0.5594224409402464,0.0,-0.5532033434569608,-1.6273079741197531,1.4981958824956936,1.5665986829772471,-0.8290541729696862,-1.0487421576863714,-1.3131633677072994,1.0,0.0,0
-0.03274545185023526,1.1881743972383174,0.4840166394738851,1.515135041902422,0.6262309569018059,0.0,-0.09420865898738136,0.6910009552646338,-1.0081962254017445,-0.638325571740905,0.02166679977458048,0.2863847139703712,-1.5518023592016428,1.0,0.0,0
-0.6101644323624166,0.8384252392724616,-1.1829191987212466,0.9481645299167757,-1.0904389972074546,0.0,1.282775394421357,-0.9318152953044371,-1.0081962254017445,-0.638325571740905,1.191408137297947,1.6215115856271138,0.4270655856514527,1.0,0.0,0
-0.31179551678177275,1.1881743972383174,0.4348896216431183,-0.7831204263251031,0.43004529670281183,0.0,-1.0121980279265403,-1.0477307417736565,0.4956390393367183,-0.638325571740905,-1.1480745377487862,-1.0487421576863714,1.106268869135354,1.0,0.0,1
-0.1787101011990395,0.5761133707980697,1.1575718870722411,-0.4692617500473335,0.9388318189848593,0.0,1.7417700788909365,-1.3954770811813144,-1.509474646981232,-0.638325571740905,1.6167686236700805,1.6215115856271138,-1.4563467626039053,1.0,0.0,0
-0.34614014015796196,-0.1671035898793739,0.09914989258684379,-1.0058588417480336,-0.15427179620848713,0.0,0.3647860254821981,-0.4681535094275597,-1.509474646981232,-0.638325571740905,0.3406871645536805,0.2863847139703712,-0.04286965913740845,1.0,0.0,0
-0.5457682635320618,-0.5168527478452297,0.3226432272254033,-0.45913727661902043,-0.16838456521940595,0.0,-0.5532033434569608,1.8501554199568273,-1.0081962254017445,-0.638325571740905,-0.2973535650045195,-1.0487421576863714,1.8221858436183846,0.0,1.0,0
-0.6509486726216414,0.6198320155438017,-1.1494759236721328,1.059533737628241,-1.1355635161479458,0.0,-1.0121980279265403,-1.6273079741197531,1.4981958824956936,1.5665986829772471,-1.2544146593418195,-1.0487421576863714,-0.5458472258254865,1.0,0.0,0
3.6271034766749284,1.4067676209669773,-1.6741893770289162,-0.5198841171889096,1.0398017157282131,0.0,0.8237807099517775,-0.23632261648912098,0.9969174609162059,1.5665986829772471,0.7660476509258137,0.2863847139703712,-1.2617642003085174,1.0,0.0,0
0.9417832364491341,-0.03594765564217798,1.3753760208978478,0.6241813802106929,1.6070986880726963,0.0,1.282775394421357,-1.3954770811813144,0.4956390393367183,-0.638325571740905,1.0850680157049137,1.6215115856271138,-0.9239982431165233,1.0,0.0,0
-0.47278593885765974,0.8384252392724616,0.612484944317722,-1.5120825131637874,0.40157747938464966,0.0,-1.0121980279265403,0.34325461585697575,-0.5069178038222568,-0.638325571740905,-0.9353942945627195,-1.0487421576863714,-1.1773227110105189,0.0,1.0,1
-0.6702675232707478,-1.2600697085226733,-1.9381990471867467,-1.6335761943035694,-2.1845722994101817,0.0,1.7417700788909365,-1.3954770811813144,-1.509474646981232,-0.638325571740905,1.6167686236700805,1.6215115856271138,-0.013498706338104726,0.0,1.0,0
-0.605871354440393,0.1826455680864819,-0.6666626654918254,0.047086394796733336,-0.8266574133338456,0.0,-1.4711927123961197,-1.5113925276505338,0.4956390393367183,-0.638325571740905,-1.6797751457139527,-1.0487421576863714,1.6349460195228225,0.0,1.0,0
4.560847924715073,-1.2600697085226733,-0.35760067538277496,1.515135041902422,2.012855939592629,0.0,0.3647860254821981,1.038747294672292,1.4981958824956936,1.5665986829772471,0.4470272861467138,0.2863847139703712,1.4256779808277829,1.0,0.0,0
-0.6530952115826532,-0.6917273268281576,1.0563963699121641,-0.995734368319717,0.31035932431836805,0.0,0.3647860254821981,1.1546627411415114,-1.509474646981232,-0.638325571740905,0.5533674077397471,0.2863847139703712,-1.2691069385083436,0.0,1.0,0
-0.6273367440505112,0.1826455680864819,-1.276252844490497,0.8165463753486807,-1.319029513289889,0.0,1.282775394421357,-1.2795616347120953,0.9969174609162059,1.5665986829772471,1.0850680157049137,1.6215115856271138,-0.986411517815044,1.0,0.0,0
0.4416396585333784,-1.2600697085226733,-0.8062018475932997,-0.0440338660581022,-0.6652388321574579,0.0,-0.5532033434569608,-0.4681535094275597,-0.5069178038222568,-0.638325571740905,-0.6163739297836195,-1.0487421576863714,-1.5407882519019038,1.0,0.0,0
-0.04562468561630623,-1.740974800725725,-0.14456316926531776,1.7277489838970361,-0.5255648178262194,0.0,1.7417700788909365,-1.3954770811813144,-1.509474646981232,-0.638325571740905,1.6167686236700805,1.6215115856271138,0.05992867566015498,1.0,0.0,0
-0.2989162830157018,-1.0414764847940134,-0.5703306571319647,0.4520653319293385,-0.8488865387716444,0.0,-1.4711927123961197,1.038747294672292,0.9969174609162059,1.5665986829772471,-1.3607547809348528,-1.0487421576863714,1.3449078606296974,1.0,0.0,0
-0.5715267310642037,-1.3037883532684054,0.7486413583682513,-2.1195509188626933,-0.021745021118830442,0.0,1.282775394421357,-1.6273079741197531,-0.5069178038222568,-0.638325571740905,1.0850680157049137,1.6215115856271138,1.844214058217862,0.0,1.0,0
-0.3160885947037964,-0.07966630038790996,1.6239325915502263,-1.1172280494594988,1.083351419242593,0.0,-1.4711927123961197,-1.163646188242876,-1.509474646981232,-0.638325571740905,-1.5734350241209194,-1.0487421576863714,1.4403634572274349,1.0,0.0,1
4.89785454159393,-0.7354459715738897,0.4611060740379409,1.7176245104687229,2.9643473060841385,0.0,1.7417700788909365,-0.5840689558967791,-1.509474646981232,-0.638325571740905,1.7231087452631138,1.6215115856271138,-1.1552944964110412,1.0,0.0,0
-0.4105363089883168,-1.4349442875056013,1.1983188658677129,0.5634345396408038,0.3943091004949061,0.0,1.282775394421357,0.9228318482030725,-0.005639382242769227,-0.638325571740905,1.4040883804840139,1.6215115856271138,1.5468331611249113,0.0,1.0,0
0.03594379490214315,1.5379235552041732,-0.8181952979557405,-0.20602544091114355,-0.2834066611495977,0.0,-0.5532033434569608,-0.9318152953044371,0.9969174609162059,1.5665986829772471,-0.7227140513766528,-1.0487421576863714,1.3045228005306544,1.0,0.0,0
0.1711757494458883,0.6635506602895337,-0.3913514748001564,1.1304050516264468,-0.06462845656831687,0.0,-0.5532033434569608,0.4591700623261951,-0.005639382242769227,-0.638325571740905,-0.5100338081905862,-1.0487421576863714,-0.6780165134223537,1.0,0.0,1
-0.6359228998945585,0.7072693050352656,-1.6197575638455313,-0.7122491123268974,-1.4782070109752723,0.0,-1.4711927123961197,0.22733916938775642,0.9969174609162059,1.5665986829772471,-1.467094902527886,-1.0487421576863714,-0.5752181786247906,0.0,1.0,0
-0.6810002180758069,1.4942049104584412,1.0899165260533443,-1.167850416601075,0.8055782060062279,0.0,-0.5532033434569608,-0.6999844023659983,-1.509474646981232,-0.638325571740905,-0.6163739297836195,-1.0487421576863714,-0.9753974105153053,1.0,0.0,0
-0.6337763609335467,-0.7354459715738897,1.3041841296438725,-0.30727017519429217,0.5067872638136872,0.0,0.8237807099517775,-1.5113925276505338,-1.0081962254017445,-0.638325571740905,0.6597075293327804,0.2863847139703712,0.8602871394411842,0.0,1.0,1
-0.42341554275438775,-1.4786629322513334,0.9877415546963974,1.241774259337912,0.21144880159377466,0.0,0.3647860254821981,0.8069164017338532,0.4956390393367183,-0.638325571740905,0.4470272861467138,0.2863847139703712,0.2177975469564131,1.0,0.0,0
-0.3890709193781985,-0.12338494513364194,-0.5933181036599763,0.5330611193558574,-0.7143609594873079,0.0,-1.4711927123961197,1.6183245270183886,-0.005639382242769227,-0.638325571740905,-1.2544146593418195,-1.0487421576863714,-1.33886295140669,1.0,0.0,0
-0.37619168561212757,-0.6042900373366937,0.30442240840554174,-0.7729959528967865,-0.1064216351843422,0.0,0.3647860254821981,-0.4681535094275597,-1.509474646981232,-0.638325571740905,0.3406871645536805,0.2863847139703712,0.6583618389459706,1.0,0.0,0
0.10463304165452156,-0.8228832610653536,-1.0451482817373117,1.6872510901837765,-0.9467673744868577,0.0,1.282775394421357,-1.3954770811813144,0.4956390393367183,-0.638325571740905,1.0850680157049137,1.6215115856271138,1.2384381567322207,1.0,0.0,0
-0.4191224648323641,0.9258625287639255,1.2938820633069044,-0.17565202062619717,0.9880750859628719,0.0,-1.4711927123961197,-1.6273079741197531,-0.005639382242769227,-0.638325571740905,-1.6797751457139527,-1.0487421576863714,0.6914041608451871,1.0,0.0,1
-0.3139420557427846,1.6253608446956371,1.2040080666806656,1.8087447713235585,1.1316861388593875,0.0,0.3647860254821981,0.11142372291853707,0.9969174609162059,1.5665986829772471,0.3406871645536805,0.2863847139703712,-1.1222521745118244,1.0,0.0,0
-0.6187505882064639,0.31380150232367787,0.9533757065424804,-0.8236183200383626,0.4714750563743498,0.0,1.282775394421357,-0.4681535094275597,0.9969174609162059,1.5665986829772471,1.191408137297947,1.6215115856271138,-0.6633310370227018,1.0,0.0,0
0.07672803516136784,-0.47313410309949777,1.4505657289393035,0.2597003367913508,1.0812314753997512,0.0,0.3647860254821981,1.5024090805491692,-0.005639382242769227,-0.638325571740905,0.5533674077397471,0.2863847139703712,-1.5811733120009466,1.0,0.0,0
-0.1186070102907084,0.3575201470694098,0.9730572661116139,1.1202805781981338,0.7789274834105016,0.0,-0.5532033434569608,1.038747294672292,-1.0081962254017445,-0.638325571740905,-0.40369368659755284,-1.0487421576863714,0.518849813149277,1.0,0.0,0
-0.1400723999008266,-1.0851951295397455,-1.3646661003674643,0.20907796964977468,-1.3947417933913842,0.0,-1.4711927123961197,0.9228318482030725,0.4956390393367183,-0.638325571740905,-1.3607547809348528,-1.0487421576863714,-0.11262567203575499,1.0,0.0,1
-0.5049840232728371,0.8821438840181935,0.906785764749922,-1.724696455158405,0.624958990596101,0.0,-1.4711927123961197,0.8069164017338532,-0.005639382242769227,-0.638325571740905,-1.3607547809348528,-1.0487421576863714,0.22146891605632585,0.0,1.0,0
-0.5350355687270028,1.6253608446956371,1.2390658446631848,0.1787045493648319,1.0345321410331492,0.0,-1.4711927123961197,1.1546627411415114,1.4981958824956936,1.5665986829772471,-1.3607547809348528,-1.0487421576863714,0.5739203496479718,0.0,1.0,0
-0.6294832830115231,1.4504862657127093,0.925237226845985,-0.5300085906172263,0.6952199865302886,0.0,-1.0121980279265403,-1.3954770811813144,-1.0081962254017445,-0.638325571740905,-1.1480745377487862,-1.0487421576863714,0.3242672508538893,0.0,1.0,1
-0.21520126353624053,0.4449574365608738,1.3104883791933606,-0.6008799046154321,1.0096379433357774,0.0,-1.0121980279265403,-0.9318152953044371,0.9969174609162059,1.5665986829772471,-1.1480745377487862,-1.0487421576863714,-1.3902621188054718,1.0,0.0,1
-0.5543544193761091,0.5761133707980697,0.7041272060614998,1.5657574090439947,0.36959661226977797,0.0,1.282775394421357,-0.5840689558967791,0.4956390393367183,-0.638325571740905,1.191408137297947,1.6215115856271138,-1.1295949127116502,1.0,0.0,1
-0.6402159778165821,0.4886760813066058,1.4118176585375717,-1.9778082908662817,0.8593036399662487,0.0,-1.4711927123961197,-1.2795616347120953,1.4981958824956936,1.5665986829772471,-1.6797751457139527,-1.0487421576863714,1.388964289828653,0.0,1.0,1
0.13253804814767528,1.4067676209669773,-1.3476753790206735,0.7760484816354212,-0.6751117134826929,0.0,0.8237807099517775,0.5750855087954145,0.9969174609162059,1.5665986829772471,0.8723877725188471,0.2863847139703712,-0.9203268740166106,1.0,0.0,0
-0.4663463219746242,0.9258625287639255,0.03910575968257303,-1.1982238368860214,-0.02713573546205668,0.0,1.282775394421357,1.734239973487608,-0.005639382242769227,-0.638325571740905,1.5104285020770472,1.6215115856271138,1.539490422925085,0.0,1.0,1
-0.592992120674322,1.3630489762212454,-1.9333555383865304,0.06733534165336305,-1.555675815975122,0.0,1.282775394421357,-1.0477307417736565,-1.509474646981232,-0.638325571740905,1.191408137297947,1.6215115856271138,-1.5628164665013817,0.0,1.0,0
-0.6251902050894994,0.6198320155438017,0.07031948306174579,-0.6312533249003749,-0.16002592949620076,0.0,-1.4711927123961197,-0.6999844023659983,0.4956390393367183,-0.638325571740905,-1.5734350241209194,-1.0487421576863714,1.4587203027269995,1.0,0.0,0
0.09390034684946247,-1.6098188664885291,-0.3683640282721449,0.3103227039329269,-0.5940692888620525,0.0,-0.09420865898738136,0.9228318482030725,-0.005639382242769227,-0.638325571740905,0.02166679977458048,0.2863847139703712,1.6826738178216916,1.0,0.0,0
-0.6294832830115231,-1.6098188664885291,1.3653045978370801,-0.4895106969039632,0.36353962986165833,0.0,-0.5532033434569608,0.6910009552646338,0.9969174609162059,1.5665986829772471,-0.5100338081905862,-1.0487421576863714,1.029170118037181,1.0,0.0,0
-0.6616813674267005,0.5761133707980697,1.0712344206810809,-0.3376435954792385,0.5982476981762933,0.0,-1.0121980279265403,0.9228318482030725,-1.509474646981232,-0.638325571740905,-0.8290541729696862,-1.0487421576863714,-0.7844862173198303,0.0,1.0,0
3.551974613039515,-1.2163510637769415,-1.0941984184760116,0.8367953222053104,0.8728712805604364,0.0,-1.0121980279265403,-1.163646188242876,-0.005639382242769227,-0.638325571740905,-1.1480745377487862,-1.0487421576863714,-1.4306471789045145,1.0,0.0,0
-0.5092771011948608,-1.4349442875056013,-0.8524842650175902,0.674803747352269,-1.2771151950257011,0.0,-0.5532033434569608,-0.5840689558967791,-1.0081962254017445,-0.638325571740905,-0.6163739297836195,-1.0487421576863714,1.8221858436183846,0.0,1.0,0
-0.6616813674267005,0.4449574365608738,1.387138827984088,-1.0058588417480336,0.8180555897669539,0.0,-1.4711927123961197,-0.8158998488352177,-0.005639382242769227,-0.638325571740905,-1.5734350241209194,-1.0487421576863714,-0.6449741915231372,0.0,1.0,0
0.6133627754143245,0.051489633849285975,-0.11188870513687336,0.5836834864974335,0.2694141232394798,0.0,-0.09420865898738136,0.5750855087954145,-1.509474646981232,-0.638325571740905,0.02166679977458048,0.2863847139703712,0.761160173743534,1.0,0.0,0
0.03594379490214315,-1.0851951295397455,1.1664132126599376,-0.6413777983286915,0.6986724665029167,0.0,0.3647860254821981,1.5024090805491692,-0.005639382242769227,-0.638325571740905,0.5533674077397471,0.2863847139703712,0.29489629805458556,1.0,0.0,0
1.1156528922910918,0.27008285757794587,0.16872728090741365,-0.560382010902169,0.8224166171008005,0.0,0.8237807099517775,0.8069164017338532,-1.509474646981232,-0.638325571740905,0.9787278941118804,0.2863847139703712,-1.6472579557993803,1.0,0.0,0
-0.45132054924754145,0.6198320155438017,-1.8311036859375163,-2.0486796048644877,-1.5599157036608058,0.0,-1.4711927123961197,-1.0477307417736565,-1.0081962254017445,-0.638325571740905,-1.5734350241209194,-1.0487421576863714,1.6092464358234315,0.0,1.0,0
-0.47493247781867154,0.4449574365608738,1.4156617131409182,-1.0159833151763467,0.9459184884023591,0.0,-1.0121980279265403,-1.5113925276505338,-1.509474646981232,-0.638325571740905,-1.1480745377487862,-1.0487421576863714,-1.5371168828019908,1.0,0.0,0
0.005892249447977553,0.7072693050352656,0.8720355111356707,1.4543882013325293,0.847129105325928,0.0,0.3647860254821981,0.8069164017338532,0.4956390393367183,-0.638325571740905,0.4470272861467138,0.2863847139703712,0.10398510485911057,1.0,0.0,1
-0.5500613414540855,-0.7354459715738897,0.5073884914622314,-1.5120825131637874,-0.07371393018049628,0.0,0.3647860254821981,1.038747294672292,1.4981958824956936,1.5665986829772471,0.4470272861467138,0.2863847139703712,1.220081311232656,0.0,1.0,0
4.92146647016506,-0.3856968136080338,-0.4816867579787968,-0.9856098948914039,2.312434289498225,0.0,-0.09420865898738136,0.8069164017338532,-0.5069178038222568,-0.638325571740905,0.02166679977458048,0.2863847139703712,-0.3512646635300987,1.0,0.0,1
0.8795336065797908,-0.6917273268281576,1.054474342610491,0.05721086822505,1.1737821665958188,0.0,-0.5532033434569608,0.22733916938775642,-1.0081962254017445,-0.638325571740905,-0.5100338081905862,-1.0487421576863714,-0.6302887151234853,1.0,0.0,0
-0.5049840232728371,1.6690794894413692,-1.6300596301824994,-0.15540307376956747,-1.199222401257283,0.0,0.8237807099517775,1.734239973487608,-1.0081962254017445,-0.638325571740905,1.0850680157049137,0.2863847139703712,0.08195689025963278,0.0,1.0,0
-0.4470274713255178,0.4449574365608738,0.3770750404087886,1.4543882013325293,0.14342888915059185,0.0,-0.5532033434569608,-0.5840689558967791,-1.0081962254017445,-0.638325571740905,-0.6163739297836195,-1.0487421576863714,-0.6339600842233981,1.0,0.0,1
-0.5715267310642037,-1.6535375112342612,-0.7817536603160166,-0.550257537473856,-1.3049773141030514,0.0,1.282775394421357,-1.0477307417736565,-1.509474646981232,-0.638325571740905,1.191408137297947,1.6215115856271138,-1.5518023592016428,0.0,1.0,0
2.7556086585041273,0.6198320155438017,1.3031846754470027,-0.7021246388985807,2.7192212280275387,0.0,-0.5532033434569608,-1.3954770811813144,-1.0081962254017445,-0.638325571740905,-0.7227140513766528,-1.0487421576863714,-1.001096994214696,1.0,0.0,1
1.250884846834837,0.31380150232367787,0.3544719993411118,1.7277489838970361,1.0547624622762686,0.0,-0.09420865898738136,0.9228318482030725,-0.005639382242769227,-0.638325571740905,0.02166679977458048,0.2863847139703712,-0.7918289555196562,1.0,0.0,1
-0.4641997830136124,-0.6042900373366937,0.2460696595267432,0.30019823050461025,-0.2020613874085512,0.0,0.8237807099517775,0.22733916938775642,-0.5069178038222568,-0.638325571740905,0.8723877725188471,0.2863847139703712,-1.2911351531078212,0.0,1.0,1
4.661735255882629,-1.1726324190312094,-0.957273193504813,-0.7426225326118401,1.6167292901016064,0.0,-0.09420865898738136,1.1546627411415114,0.9969174609162059,1.5665986829772471,0.02166679977458048,0.2863847139703712,0.008529508261373069,1.0,0.0,0
-0.5565009583371209,1.6253608446956371,0.3190298158982579,-2.089177498577747,0.297579091437236,0.0,1.7417700788909365,-0.6999844023659983,1.4981958824956936,1.5665986829772471,1.6167686236700805,1.6215115856271138,0.7942024956427505,0.0,1.0,1
-0.5414751856100382,0.8821438840181935,-0.6668933087680262,0.5431855927841741,-0.6354384787095095,0.0,1.7417700788909365,-0.8158998488352177,0.9969174609162059,1.5665986829772471,1.6167686236700805,1.6215115856271138,-1.6032015266004245,0.0,1.0,0
3.060417190967806,-0.12338494513364194,-0.9206777936809554,1.0392847907716112,0.9744468755446027,0.0,-0.5532033434569608,-0.12040717001990163,0.9969174609162059,1.5665986829772471,-0.6163739297836195,-1.0487421576863714,-1.1552944964110412,1.0,0.0,0
0.13897766503071082,1.0132998182553896,-0.19661166859462784,0.34069612421787326,0.1481533354289247,0.0,1.7417700788909365,-1.5113925276505338,1.4981958824956936,1.5665986829772471,1.5104285020770472,1.6215115856271138,-0.6376314533233113,1.0,0.0,0
-0.6080178934014048,0.051489633849285975,-1.635825712087519,-1.046356735461293,-1.620485527742002,0.0,-0.09420865898738136,-0.35223806295834037,1.4981958824956936,1.5665986829772471,-0.19101344341148618,0.2863847139703712,-0.44304889102792305,0.0,1.0,0
-0.39336399730022215,-0.29825952411656986,1.160954655123186,0.30019823050461025,0.6265338060222119,0.0,-1.0121980279265403,-1.163646188242876,-0.005639382242769227,-0.638325571740905,-1.1480745377487862,-1.0487421576863714,1.844214058217862,0.0,1.0,1
0.17761536632892364,-0.9540391953025495,-0.49475654363017446,1.0494092641999277,-0.501034039073335,0.0,-0.5532033434569608,-1.2795616347120953,-0.5069178038222568,-0.638325571740905,-0.7227140513766528,-1.0487421576863714,0.47112201485040833,1.0,0.0,1
-0.43200169859843507,1.4942049104584412,1.6248551646550293,-0.1959009674828269,1.3675450338315656,0.0,0.8237807099517775,0.4591700623261951,0.4956390393367183,-0.638325571740905,0.8723877725188471,0.2863847139703712,-1.33886295140669,0.0,1.0,0
1.1907817559265055,-0.25454087937083786,0.136206578963103,1.0899071579131874,0.7229003961353951,0.0,0.3647860254821981,-1.6273079741197531,0.4956390393367183,-0.638325571740905,0.1280069213676138,0.2863847139703712,-1.636243848499641,1.0,0.0,1
-0.03703852977225892,-0.8228832610653536,0.7621724305720305,-0.5097596437605929,0.3971558822267222,0.0,-1.4711927123961197,-0.4681535094275597,1.4981958824956936,1.5665986829772471,-1.5734350241209194,-1.0487421576863714,-1.4783749772033834,1.0,0.0,0
0.6434143208684899,1.7127981341871013,-1.594386803463445,0.1584556025081986,-0.5133297133618179,0.0,0.3647860254821981,0.4591700623261951,-1.0081962254017445,-0.638325571740905,0.4470272861467138,0.2863847139703712,-0.5715468095248775,1.0,0.0,0
-0.3139420557427846,0.5323947260523377,-0.9716499577213286,0.8874176893468865,-0.824658609139166,0.0,0.8237807099517775,0.11142372291853707,-1.0081962254017445,-0.638325571740905,0.8723877725188471,0.2863847139703712,1.0622124399363984,1.0,0.0,0
-0.6638279063877123,1.3630489762212454,-1.6373633339288578,0.006588501083473899,-1.3624580771561066,0.0,0.3647860254821981,-0.004491723550682283,0.4956390393367183,-0.638325571740905,0.3406871645536805,0.2863847139703712,0.6657045771457965,1.0,0.0,0
2.3155681714967025,0.051489633849285975,0.3780744946056586,1.5758818824723113,1.616063022036713,0.0,-0.09420865898738136,0.22733916938775642,0.4956390393367183,-0.638325571740905,-0.08467332181845284,0.2863847139703712,-0.5238190112260087,1.0,0.0,0
-0.6144575102844403,0.4449574365608738,0.49354989489018425,0.07745981508167972,0.14070324706693801,0.0,0.3647860254821981,-0.23632261648912098,-0.5069178038222568,-0.638325571740905,0.3406871645536805,0.2863847139703712,1.3706074443290883,0.0,1.0,1
-0.48351863366271886,-1.1289137742854773,-1.198372298226699,-0.7628714794684698,-1.4672438728165758,0.0,-1.0121980279265403,1.038747294672292,-1.0081962254017445,-0.638325571740905,-0.8290541729696862,-1.0487421576863714,-0.6743451443224409,1.0,0.0,0
0.321433476716716,1.3630489762212454,0.12544322607373326,1.7277489838970361,0.58237840426702,0.0,-1.4711927123961197,-1.2795616347120953,1.4981958824956936,1.5665986829772471,-1.6797751457139527,-1.0487421576863714,1.4917626246262166,1.0,0.0,0
-0.6230436661284876,1.3193303314755134,-0.15978562549456962,-0.5097596437605929,-0.18504126684173489,0.0,-0.5532033434569608,0.6910009552646338,0.9969174609162059,1.5665986829772471,-0.5100338081905862,-1.0487421576863714,1.6496314959224745,1.0,0.0,0
-0.06065045834338908,0.13892692334074994,-0.07567771077335002,-0.08453175977136164,-0.06305364114220609,0.0,0.8237807099517775,-0.23632261648912098,0.9969174609162059,1.5665986829772471,0.7660476509258137,0.2863847139703712,-1.4416612862042535,1.0,0.0,0
-0.49210478950676617,1.2756116867297813,0.0011265002015106382,0.14833112907988552,0.005935388486276629,0.0,1.7417700788909365,-0.004491723550682283,0.9969174609162059,1.5665986829772471,1.7231087452631138,1.6215115856271138,-0.7441011572207874,1.0,0.0,1
-0.1186070102907084,1.4504862657127093,1.7659319685978419,0.5735590130691168,1.6458633754846619,0.0,0.8237807099517775,1.734239973487608,-1.0081962254017445,-0.638325571740905,1.0850680157049137,0.2863847139703712,0.7391319591440558,1.0,0.0,0
-0.5479148024930737,1.7127981341871013,0.3666192118876863,0.16858007593651525,0.3592997421759746,0.0,-0.09420865898738136,-0.6999844023659983,-0.005639382242769227,-0.638325571740905,-0.19101344341148618,0.2863847139703712,1.1723535129337876,0.0,1.0,0
-0.11216739340767286,-1.4349442875056013,1.409741869051765,-0.9552364746064576,0.7292602276639207,0.0,-0.09420865898738136,-0.4681535094275597,0.9969174609162059,1.5665986829772471,-0.19101344341148618,0.2863847139703712,0.544549396848668,1.0,0.0,1
4.361219801340973,0.8821438840181935,1.2674349676358811,-0.8742406871799386,3.655327859202425,0.0,-1.0121980279265403,1.2705781876107307,-0.005639382242769227,-0.638325571740905,-0.8290541729696862,-1.0487421576863714,0.8749726158408361,1.0,0.0,0
-0.6659744453487241,0.9258625287639255,0.42720151243642546,0.8469197956336271,0.1659608637087967,0.0,-0.09420865898738136,0.4591700623261951,1.4981958824956936,1.5665986829772471,-0.08467332181845284,0.2863847139703712,-1.2911351531078212,1.0,0.0,0
-0.6831467570368187,0.7509879497809976,1.4442614793898156,-0.2667722814810327,0.9187832072139832,0.0,-1.4711927123961197,-1.3954770811813144,0.9969174609162059,1.5665986829772471,-1.6797751457139527,-1.0487421576863714,0.5372066586488421,0.0,1.0,1
-0.5006909453508135,1.3630489762212454,-1.644667037675216,0.6849282207805857,-1.276146077840402,0.0,0.8237807099517775,1.038747294672292,-0.5069178038222568,-0.638325571740905,0.9787278941118804,0.2863847139703712,1.2494522640319599,1.0,0.0,0
-0.5371821076880146,-0.07966630038790996,-1.0636766249254412,0.6849282207805857,-1.1588223285951251,0.0,1.282775394421357,-1.2795616347120953,0.9969174609162059,1.5665986829772471,1.0850680157049137,1.6215115856271138,0.05625730656024182,0.0,1.0,0
-0.5736732700252155,-1.740974800725725,0.7037428006011656,0.7861729550637343,-0.15524091339378648,0.0,1.282775394421357,0.9228318482030725,-0.005639382242769227,-0.638325571740905,1.4040883804840139,1.6215115856271138,-1.342534320506603,0.0,1.0,0
-0.6080178934014048,-0.9977578400482815,1.3114878333902307,0.06733534165336305,0.4689311237629396,0.0,1.7417700788909365,-0.6999844023659983,1.4981958824956936,1.5665986829772471,1.6167686236700805,1.6215115856271138,0.19209796325702214,0.0,1.0,0
-0.13577932197880302,1.5379235552041732,-0.17285541114594707,1.3430189936210641,0.12810472365804912,0.0,0.8237807099517775,-1.3954770811813144,-0.5069178038222568,-0.638325571740905,0.6597075293327804,0.2863847139703712,1.5431617920249985,1.0,0.0,0
-0.4362947765204587,0.9258625287639255,-0.3133171663522245,1.241774259337912,-0.2878282583075246,0.0,-1.0121980279265403,0.22733916938775642,-1.0081962254017445,-0.638325571740905,-0.9353942945627195,-1.0487421576863714,-0.39899246182896747,1.0,0.0,0
-0.6616813674267005,-1.3475069980141374,-0.9823364295186316,1.4645126747608461,-1.446044434388157,0.0,-0.09420865898738136,0.11142372291853707,-0.005639382242769227,-0.638325571740905,-0.08467332181845284,0.2863847139703712,-0.8138571701191339,1.0,0.0,0
-0.3998036141832576,0.7072693050352656,-0.14494757472565248,-0.4996351703322799,-0.1830424626470553,0.0,0.8237807099517775,1.3864936340799499,0.9969174609162059,1.5665986829772471,0.9787278941118804,0.2863847139703712,-1.0121111015144348,1.0,0.0,1
-0.580112886908251,0.4886760813066058,-0.7664543229946978,-0.995734368319717,-0.8229020842408116,0.0,-1.0121980279265403,-0.5840689558967791,-1.0081962254017445,-0.638325571740905,-1.041734416155753,-1.0487421576863714,-1.169979972810693,0.0,1.0,0
-0.1486585557448739,-0.07966630038790996,0.2123957412014288,-0.38826596262081464,0.06577837467849797,0.0,1.282775394421357,0.5750855087954145,-1.509474646981232,-0.638325571740905,1.4040883804840139,1.6215115856271138,0.5078357058495383,1.0,0.0,0
-0.5436217245710501,-0.6042900373366937,0.42704775025229175,0.2799492836479805,-0.10430169134150033,0.0,1.282775394421357,-0.4681535094275597,0.9969174609162059,1.5665986829772471,1.191408137297947,1.6215115856271138,-0.9056413976169587,1.0,0.0,1
0.3407523273658226,1.1444557524925854,-1.6174511310835233,1.494886095045789,-0.8282927985840378,0.0,-0.09420865898738136,-1.163646188242876,1.4981958824956936,1.5665986829772471,-0.2973535650045195,0.2863847139703712,0.8823153540406624,1.0,0.0,0
0.19478767801701827,-0.9977578400482815,1.0672366038936008,0.8266708487769937,0.7295630767843266,0.0,1.282775394421357,-1.2795616347120953,0.9969174609162059,1.5665986829772471,1.0850680157049137,1.6215115856271138,-1.3498770587064288,1.0,0.0,0
-0.4384413154814705,-1.0851951295397455,1.0835353954117894,0.4419408585010219,0.3656595737045002,0.0,1.7417700788909365,-0.35223806295834037,-0.5069178038222568,-0.638325571740905,1.7231087452631138,1.6215115856271138,1.6643169723221263,1.0,0.0,1
-0.5350355687270028,-1.0851951295397455,1.6283916948901078,0.6849282207805857,0.7404050752948605,0.0,-1.0121980279265403,-0.23632261648912098,0.4956390393367183,-0.638325571740905,-1.041734416155753,-1.0487421576863714,-1.2948065222077343,1.0,0.0,0
-0.5565009583371209,-1.6535375112342612,-0.9840278135441041,0.10783323536662609,-1.455856745889311,0.0,0.3647860254821981,0.34325461585697575,-1.509474646981232,-0.638325571740905,0.4470272861467138,0.2863847139703712,0.1627270104577184,0.0,1.0,0
-0.38048476353415117,-1.6972561559799932,-0.1933057816357501,-0.6008799046154321,-0.7432527655740386,0.0,-0.09420865898738136,1.734239973487608,-0.005639382242769227,-0.638325571740905,0.1280069213676138,0.2863847139703712,1.4183352426279574,1.0,0.0,1
0.9675417039812758,1.2756116867297813,-0.1548652356022859,1.231649785909599,0.7067888229297967,0.0,1.282775394421357,0.34325461585697575,0.9969174609162059,1.5665986829772471,1.2977482588909803,1.6215115856271138,-0.2594804360322744,1.0,0.0,1
-0.5715267310642037,0.9258625287639255,-1.442931052091597,0.4115674382160755,-1.2540986618748466,0.0,-0.5532033434569608,-1.5113925276505338,-1.509474646981232,-0.638325571740905,-0.7227140513766528,-1.0487421576863714,0.19576933235693492,0.0,1.0,0
-0.6187505882064639,-1.2600697085226733,-1.3549790827670314,0.7051771676372154,-1.6960160983712538,0.0,-1.0121980279265403,-0.8158998488352177,1.4981958824956936,1.5665986829772471,-1.1480745377487862,-1.0487421576863714,0.8162307102422286,1.0,0.0,0
-0.6037248154793812,-0.5605713925909617,-1.6621959266664754,1.5252595153307353,-1.774514590380484,0.0,0.8237807099517775,1.5024090805491692,1.4981958824956936,1.5665986829772471,0.9787278941118804,0.2863847139703712,-1.2397359857090395,1.0,0.0,1
0.9890070935913939,1.3630489762212454,1.3701481066372967,-0.14527860034125079,1.9397481619266248,0.0,-1.0121980279265403,-0.5840689558967791,-1.0081962254017445,-0.638325571740905,-1.041734416155753,-1.0487421576863714,-1.1516231273111281,1.0,0.0,0
0.46095850918248477,0.4012387918151418,-0.24289408601891854,0.8975421627751995,0.1577233676337538,0.0,0.8237807099517775,1.5024090805491692,1.4981958824956936,1.5665986829772471,0.9787278941118804,0.2863847139703712,1.4293493499276957,1.0,0.0,0
-0.5844059648302747,1.5816421999499053,0.2908144551096952,-0.37814148919249796,0.24991063988533418,0.0,-1.4711927123961197,-1.2795616347120953,1.4981958824956936,1.5665986829772471,-1.6797751457139527,-1.0487421576863714,0.570248980548059,1.0,0.0,0
-0.5200097959999199,-1.2163510637769415,-0.7496173638320407,-0.8539917403233089,-1.1536738935482236,0.0,-0.5532033434569608,1.038747294672292,-1.0081962254017445,-0.638325571740905,-0.40369368659755284,-1.0487421576863714,-0.34025055623035966,0.0,1.0,0
0.14541728191374634,1.4504862657127093,0.9839743811851178,-1.1880993634577048,1.1788094619945582,0.0,-1.0121980279265403,-1.0477307417736565,0.4956390393367183,-0.638325571740905,-1.1480745377487862,-1.0487421576863714,1.0989261309355276,1.0,0.0,1
-0.08211584795350736,-0.9103205505568176,-1.816265635168599,0.37106954450281604,-1.6790565476285189,0.0,1.282775394421357,-0.9318152953044371,-1.0081962254017445,-0.638325571740905,1.191408137297947,1.6215115856271138,-0.6523169297229631,1.0,0.0,0
-0.25169242587344154,1.4067676209669773,1.018801515891436,0.047086394796733336,0.9724480713499232,0.0,0.8237807099517775,0.22733916938775642,-0.5069178038222568,-0.638325571740905,0.8723877725188471,0.2863847139703712,-0.6596596679227891,1.0,0.0,0
-0.6724140622317596,-1.1289137742854773,1.005885492424192,-0.6312533249003749,0.1627506630324932,0.0,-1.0121980279265403,-0.9318152953044371,0.9969174609162059,1.5665986829772471,-1.1480745377487862,-1.0487421576863714,-1.4012762261052105,1.0,0.0,0
-0.3890709193781985,-0.3856968136080338,-0.3343825855785629,-1.3905888320240056,-0.5685088230997878,0.0,0.3647860254821981,0.8069164017338532,0.4956390393367183,-0.638325571740905,0.4470272861467138,0.2863847139703712,0.07094278295989367,0.0,1.0,0
-0.45346708820855336,-0.7354459715738897,-0.04984566383886256,0.8772932159185698,-0.45821117344792944,0.0,-0.5532033434569608,0.22733916938775642,-1.0081962254017445,-0.638325571740905,-0.5100338081905862,-1.0487421576863714,-0.9643833032155662,1.0,0.0,0
-0.6166040492454521,-0.6917273268281576,-0.8773168577552081,0.3103227039329269,-1.1924991507842702,0.0,-0.5532033434569608,1.5024090805491692,0.9969174609162059,1.5665986829772471,-0.40369368659755284,-1.0487421576863714,0.0011867700615471371,0.0,1.0,1
-0.2302270362633234,0.5323947260523377,0.6478502466685087,-0.8843651606082518,0.4984891979145634,0.0,-1.0121980279265403,0.9228318482030725,-1.509474646981232,-0.638325571740905,-0.8290541729696862,-1.0487421576863714,-1.4857177154032093,1.0,0.0,0
-0.5672336531421801,0.7947065945267296,0.9945839718903539,-0.7426225326118401,0.6396168880237504,0.0,-0.5532033434569608,-1.2795616347120953,-0.5069178038222568,-0.638325571740905,-0.7227140513766528,-1.0487421576863714,1.5431617920249985,1.0,0.0,1
1.4075821909887,0.9258625287639255,-0.512439194805568,-1.0767301557462394,0.595885475037127,0.0,-1.4711927123961197,0.6910009552646338,-0.5069178038222568,-0.638325571740905,-1.3607547809348528,-1.0487421576863714,-0.26315180513218717,1.0,0.0,0
-0.49639786742878983,-0.5605713925909617,0.6275536383628397,1.798620297895242,0.09000630431097642,0.0,-1.0121980279265403,-1.3954770811813144,-1.0081962254017445,-0.638325571740905,-1.1480745377487862,-1.0487421576863714,-0.9643833032155662,1.0,0.0,0
-0.5844059648302747,-1.4349442875056013,1.4514883020441067,-0.38826596262081464,0.49564241618274735,0.0,0.8237807099517775,-0.12040717001990163,1.4981958824956936,1.5665986829772471,0.7660476509258137,0.2863847139703712,-0.6816878825222669,0.0,1.0,0
-0.47922555574069525,0.31380150232367787,0.2948891529892426,-0.8742406871799386,0.03143528442445987,0.0,1.7417700788909365,-1.2795616347120953,-1.0081962254017445,-0.638325571740905,1.6167686236700805,1.6215115856271138,1.34857922972961,0.0,1.0,1
-0.34399360119695016,1.6690794894413692,0.8222165634763012,0.8874176893468865,0.8236280135824243,0.0,-0.5532033434569608,0.8069164017338532,1.4981958824956936,1.5665986829772471,-0.5100338081905862,-1.0487421576863714,-0.5788895477247034,1.0,0.0,1
-0.5865525037912865,1.6690794894413692,1.0855343038055296,-2.1802977594325825,0.8941918586370179,0.0,-1.4711927123961197,-0.4681535094275597,1.4981958824956936,1.5665986829772471,-1.5734350241209194,-1.0487421576863714,-0.9900828869149572,0.0,1.0,1
-0.40409669210528126,-0.3419781688623018,-0.14725400748765996,0.12808218222325582,-0.41987047480453216,0.0,0.3647860254821981,-0.5840689558967791,1.4981958824956936,1.5665986829772471,0.23434704296064715,0.2863847139703712,0.7317892209442298,1.0,0.0,0
4.492158677962695,0.5761133707980697,-0.7350099563393243,-0.24652333462440298,2.0837832035917097,0.0,-0.5532033434569608,-1.5113925276505338,-1.509474646981232,-0.638325571740905,-0.7227140513766528,-1.0487421576863714,0.772174281043273,1.0,0.0,0
-0.5522078804150974,0.2263642128322139,-0.22006040167504096,-1.1880993634577048,-0.43483122135258806,0.0,-0.5532033434569608,0.5750855087954145,0.4956390393367183,-0.638325571740905,-0.5100338081905862,-1.0487421576863714,-1.5738305738011207,1.0,0.0,0
-0.5092771011948608,0.1826455680864819,-1.0100136226627257,-1.0261077886046635,-1.042649406007391,0.0,-1.4711927123961197,-0.23632261648912098,-1.0081962254017445,-0.638325571740905,-1.467094902527886,-1.0487421576863714,-0.7587866336204393,0.0,1.0,0
-0.6767071401537833,1.1881743972383174,0.997582334480964,-0.2161499143394566,0.6674184372770192,0.0,-0.09420865898738136,-0.5840689558967791,0.4956390393367183,-0.638325571740905,-0.19101344341148618,0.2863847139703712,-0.5972463932242684,1.0,0.0,0
-0.605871354440393,1.3630489762212454,-0.3037839109359254,0.7456750613504749,-0.2791062036398326,0.0,1.282775394421357,-1.2795616347120953,0.9969174609162059,1.5665986829772471,1.0850680157049137,1.6215115856271138,1.256795002231786,0.0,1.0,0
-0.5479148024930737,0.0077709891035539986,-0.7371626269171982,-0.38826596262081464,-0.888256924424422,0.0,0.8237807099517775,0.22733916938775642,-0.5069178038222568,-0.638325571740905,0.8723877725188471,0.2863847139703712,-0.5752181786247906,0.0,1.0,0
-0.21305472457522875,-1.6535375112342612,0.9975054533888971,0.9582890033450923,0.2990933370392659,0.0,-1.0121980279265403,-1.163646188242876,-0.005639382242769227,-0.638325571740905,-1.1480745377487862,-1.0487421576863714,-0.14566799393497187,1.0,0.0,0
-0.4191224648323641,-1.3475069980141374,-0.24135646417758005,-0.11490518005630801,-0.7253846674700858,0.0,-0.5532033434569608,-1.163646188242876,-0.005639382242769227,-0.638325571740905,-0.7227140513766528,-1.0487421576863714,1.627603281322997,1.0,0.0,1
-0.40409669210528126,-1.740974800725725,0.8326723919974036,-0.8236183200383626,0.042035003638669195,0.0,1.282775394421357,-0.004491723550682283,-0.5069178038222568,-0.638325571740905,1.2977482588909803,1.6215115856271138,0.06727141385998091,1.0,0.0,1
-0.5135701791168844,-1.3037883532684054,0.18810131610827938,-2.1802977594325825,-0.4306519034909852,0.0,-0.09420865898738136,1.3864936340799499,-1.509474646981232,-0.638325571740905,0.1280069213676138,0.2863847139703712,0.852944401241358,0.0,1.0,0
2.448653587079436,1.1444557524925854,-1.6252930024743502,-0.0440338660581022,0.3551204243143723,0.0,-1.0121980279265403,0.6910009552646338,0.9969174609162059,1.5665986829772471,-0.9353942945627195,-1.0487421576863714,0.6950755299451001,1.0,0.0,0
-0.5114236401558726,0.4886760813066058,-0.7953616136118627,0.21920244307809136,-0.8069116506833757,0.0,-1.0121980279265403,-1.5113925276505338,-1.509474646981232,-0.638325571740905,-1.1480745377487862,-1.0487421576863714,1.4330207190276092,0.0,1.0,0
-0.6638279063877123,0.8384252392724616,0.3866851769171546,0.6849282207805857,0.1158696191936476,0.0,0.8237807099517775,-0.12040717001990163,1.4981958824956936,1.5665986829772471,0.7660476509258137,0.2863847139703712,-1.5150886682025129,1.0,0.0,0
4.382685190951092,0.7509879497809976,-0.9923309714873322,1.1911518921963395,1.8580394692410915,0.0,1.282775394421357,-1.3954770811813144,0.4956390393367183,-0.638325571740905,1.0850680157049137,1.6215115856271138,-1.0818671144127814,1.0,0.0,1
-0.5994317375573575,-0.9977578400482815,-0.9730338173785333,-0.7527470060401568,-1.3260556128833076,0.0,-0.09420865898738136,1.5024090805491692,-1.0081962254017445,-0.638325571740905,0.1280069213676138,0.2863847139703712,-0.6229459769236589,0.0,1.0,0
-0.44488093236450604,-0.7354459715738897,-0.6678927629648963,0.7760484816354212,-0.9402864033101694,0.0,1.282775394421357,0.11142372291853707,-0.005639382242769227,-0.638325571740905,1.2977482588909803,1.6215115856271138,-1.0488247925135648,0.0,1.0,1
0.3471919442488579,1.0570184630011215,-0.7450813794000919,1.1607784719113932,-0.1567551589958164,0.0,-1.0121980279265403,1.1546627411415114,-0.5069178038222568,-0.638325571740905,-0.8290541729696862,-1.0487421576863714,-0.0905974574362772,1.0,0.0,0
1.682339177998214,-0.29825952411656986,0.1033783526505249,1.535383988759052,0.9647557036916113,0.0,-0.09420865898738136,-0.12040717001990163,-1.0081962254017445,-0.638325571740905,-0.08467332181845284,0.2863847139703712,1.653302865022388,1.0,0.0,1
-0.48137209470170705,0.051489633849285975,0.1174475924987726,1.545508462187365,-0.1677182971545131,0.0,-0.09420865898738136,-0.6999844023659983,-0.005639382242769227,-0.638325571740905,-0.19101344341148618,0.2863847139703712,-0.8689277066178287,1.0,0.0,1
3.4339149701838645,0.6198320155438017,0.7031277518646298,-0.5198841171889096,2.6292750392669624,0.0,0.3647860254821981,-0.9318152953044371,-0.005639382242769227,-0.638325571740905,0.23434704296064715,0.2863847139703712,-0.5091335348263568,1.0,0.0,1
-0.22593395834129973,-0.03594765564217798,-0.750463055844777,-0.7426225326118401,-0.726717203599872,0.0,0.3647860254821981,0.34325461585697575,-1.509474646981232,-0.638325571740905,0.4470272861467138,0.2863847139703712,-1.522431406402339,1.0,0.0,0
1.3989960351446529,0.9695811735096576,-1.1912992377565417,1.4442637279042163,0.0658995143266608,0.0,-1.0121980279265403,1.038747294672292,-1.0081962254017445,-0.638325571740905,-0.8290541729696862,-1.0487421576863714,0.9227004141397053,1.0,0.0,0
1.08989442475895,-1.1726324190312094,-0.8428741285092243,-0.8843651606082518,-0.308906557087781,0.0,-1.0121980279265403,-0.004491723550682283,1.4981958824956936,1.5665986829772471,-1.041734416155753,-1.0487421576863714,-1.4086189643050366,1.0,0.0,0
-0.3740451466511157,-1.5223815769970652,0.7098164068744526,1.1304050516264468,0.010659834764609487,0.0,0.3647860254821981,1.734239973487608,0.9969174609162059,1.5665986829772471,0.5533674077397471,0.2863847139703712,0.555563504148407,1.0,0.0,0
-0.5522078804150974,0.7947065945267296,0.19417492238156683,-1.4108377788806352,0.01750422488578476,0.0,0.8237807099517775,0.34325461585697575,-0.005639382242769227,-0.638325571740905,0.8723877725188471,0.2863847139703712,0.6583618389459706,0.0,1.0,0
-0.5049840232728371,0.09520827859501796,-1.645666491872086,-0.9653609480347742,-1.5604002622534556,0.0,-0.5532033434569608,-0.12040717001990163,0.9969174609162059,1.5665986829772471,-0.6163739297836195,-1.0487421576863714,0.04524319926050312,0.0,1.0,0
-0.5951386596353339,0.2263642128322139,-1.932663608557928,0.2698248102196674,-1.8083125522177912,0.0,0.8237807099517775,0.22733916938775642,-0.5069178038222568,-0.638325571740905,0.8723877725188471,0.2863847139703712,-1.3278488441069511,0.0,1.0,0
-0.5264494128829554,1.4942049104584412,1.335090328654778,-1.5120825131637874,1.0859559216780845,0.0,-0.5532033434569608,-1.2795616347120953,-0.5069178038222568,-0.638325571740905,-0.7227140513766528,-1.0487421576863714,-0.2888513888315781,0.0,1.0,0
0.29352847022356227,-1.1726324190312094,-1.2132872300876831,0.21920244307809136,-1.0501600641934592,0.0,-1.4711927123961197,-0.4681535094275597,1.4981958824956936,1.5665986829772471,-1.5734350241209194,-1.0487421576863714,0.852944401241358,1.0,0.0,0
0.482423898792603,-1.3912256427598693,0.5931877902089232,-0.8033693731817328,0.43119612336035434,0.0,0.3647860254821981,-1.6273079741197531,0.4956390393367183,-0.638325571740905,0.1280069213676138,0.2863847139703712,1.399978397128392,1.0,0.0,0
1.4612456650139956,0.1826455680864819,1.6975846777503432,1.5252595153307353,2.2025606286149357,0.0,-1.4711927123961197,0.34325461585697575,1.4981958824956936,1.5665986829772471,-1.467094902527886,-1.0487421576863714,-1.2948065222077343,1.0,0.0,0
3.191356067589528,1.4942049104584412,0.0614012763819824,1.8087447713235585,2.180634352297542,0.0,0.3647860254821981,1.2705781876107307,-1.0081962254017445,-0.638325571740905,0.5533674077397471,0.2863847139703712,-0.061226504636973475,1.0,0.0,0
-0.569380192103192,1.3193303314755134,1.268588184016885,-0.550257537473856,0.9705704068034059,0.0,0.3647860254821981,0.6910009552646338,-0.005639382242769227,-0.638325571740905,0.4470272861467138,0.2863847139703712,-1.6105442648002504,0.0,1.0,0
-0.42341554275438775,-1.740974800725725,-1.2129797057194154,-1.1982238368860214,-1.5805094438484126,0.0,-0.09420865898738136,-1.3954770811813144,0.4956390393367183,-0.638325571740905,-0.2973535650045195,0.2863847139703712,1.4550489336270866,0.0,1.0,0
-0.4191224648323641,1.4067676209669773,-0.0646837146077797,0.5330611193558574,0.024348615006960034,0.0,-1.0121980279265403,1.1546627411415114,-0.5069178038222568,-0.638325571740905,-0.8290541729696862,-1.0487421576863714,1.3338937533299582,0.0,1.0,0
-0.6466555946996178,1.1007371077468535,-0.8428741285092243,1.2215253124812822,-0.7849853743659826,0.0,1.282775394421357,-0.23632261648912098,-1.509474646981232,-0.638325571740905,1.2977482588909803,1.6215115856271138,-1.5444596210018169,1.0,0.0,0
-0.5951386596353339,0.13892692334074994,0.013504356024286143,-0.13515412691293774,-0.2944303691323753,0.0,-0.09420865898738136,-1.163646188242876,1.4981958824956936,1.5665986829772471,-0.2973535650045195,0.2863847139703712,-0.8762704448176546,1.0,0.0,0
2.6912124896737724,0.7072693050352656,-1.1726940134763453,1.4037658341909534,0.7516710625739632,0.0,-1.0121980279265403,-1.6273079741197531,1.4981958824956936,1.5665986829772471,-1.2544146593418195,-1.0487421576863714,0.5335352895489293,1.0,0.0,0
-0.4684928609356361,0.9258625287639255,1.104216409177793,0.8367953222053104,0.8107872108772104,0.0,0.3647860254821981,0.6910009552646338,-0.005639382242769227,-0.638325571740905,0.4470272861467138,0.2863847139703712,-0.979068779615218,0.0,1.0,0
-0.5178632570389081,-1.740974800725725,-0.6738894881461167,0.5431855927841741,-1.209095282582518,0.0,1.282775394421357,-1.163646188242876,1.4981958824956936,1.5665986829772471,1.0850680157049137,1.6215115856271138,0.11499921215884966,0.0,1.0,1
-0.6359228998945585,1.4942049104584412,-1.2544954954355567,-0.01366044577315582,-1.0159986834116645,0.0,1.282775394421357,0.4591700623261951,1.4981958824956936,1.5665986829772471,1.2977482588909803,1.6215115856271138,-0.6302887151234853,1.0,0.0,1
2.811418671490434,1.6253608446956371,-0.050383831483331004,-0.23639886119608633,1.907222166395023,0.0,0.3647860254821981,-1.3954770811813144,1.4981958824956936,1.5665986829772471,0.1280069213676138,0.2863847139703712,1.8221858436183846,1.0,0.0,1
-0.5865525037912865,0.09520827859501796,0.11475675427643038,0.02683744794010362,-0.2195054967439358,0.0,-1.4711927123961197,1.2705781876107307,-1.509474646981232,-0.638325571740905,-1.2544146593418195,-1.0487421576863714,0.05625730656024182,0.0,1.0,0
-0.42556208171539955,0.051489633849285975,0.5096949242242393,-0.20602544091114355,0.17280525382997197,0.0,-0.5532033434569608,-0.23632261648912098,0.4956390393367183,-0.638325571740905,-0.6163739297836195,-1.0487421576863714,-0.5017907966265309,0.0,1.0,0
1.222979840341683,0.4886760813066058,1.1497300156814145,1.41389030761927,1.704313255723016,0.0,1.7417700788909365,-1.163646188242876,-0.5069178038222568,-0.638325571740905,1.6167686236700805,1.6215115856271138,0.9667568433386609,1.0,0.0,1
-0.6402159778165821,-0.7791646163196216,0.3021928567356007,0.13820665565156887,-0.2959446147344052,0.0,-1.4711927123961197,-0.12040717001990163,-0.5069178038222568,-0.638325571740905,-1.467094902527886,-1.0487421576863714,-1.2287218784093006,1.0,0.0,0
0.6970777948937856,1.3630489762212454,0.4661802261143579,0.5836834864974335,1.0628182488790676,0.0,0.8237807099517775,1.734239973487608,-1.0081962254017445,-0.638325571740905,1.0850680157049137,0.2863847139703712,-0.47609121292713996,1.0,0.0,0
-0.6831467570368187,0.13892692334074994,-0.9888713223443205,0.4419408585010219,-1.1338069912495912,0.0,1.282775394421357,-0.23632261648912098,-1.509474646981232,-0.638325571740905,1.2977482588909803,1.6215115856271138,-1.4893890845031221,0.0,1.0,0
0.016624944253036743,0.09520827859501796,0.6174053342100053,-0.7426225326118401,0.5169024244352468,0.0,-0.5532033434569608,1.2705781876107307,-0.005639382242769227,-0.638325571740905,-0.40369368659755284,-1.0487421576863714,-1.147951758211215,1.0,0.0,0
-0.18300317912106315,0.6635506602895337,-0.9066085538327077,0.05721086822505,-0.6704478370284407,0.0,1.7417700788909365,-0.6999844023659983,1.4981958824956936,1.5665986829772471,1.6167686236700805,1.6215115856271138,1.7744580453195156,1.0,0.0,0
-0.5994317375573575,-0.25454087937083786,0.22892517599581813,-1.5829538271619932,-0.21435706169703414,0.0,-0.5532033434569608,0.4591700623261951,-0.005639382242769227,-0.638325571740905,-0.5100338081905862,-1.0487421576863714,1.0475269635367463,0.0,1.0,0
-0.5994317375573575,1.6253608446956371,-0.9041483588865658,0.3811940179311327,-0.6903147393270731,0.0,0.3647860254821981,-1.163646188242876,-1.0081962254017445,-0.638325571740905,0.23434704296064715,0.2863847139703712,-1.0524961616134778,0.0,1.0,1
-0.6294832830115231,-1.5223815769970652,-0.14171856885884138,-0.003535972344839162,-0.8043677180719653,0.0,-0.09420865898738136,1.3864936340799499,-1.509474646981232,-0.638325571740905,0.1280069213676138,0.2863847139703712,0.8162307102422286,0.0,1.0,0
-0.4770790167796834,-1.2600697085226733,0.12498193952133167,-0.995734368319717,-0.45009481702104936,0.0,0.3647860254821981,-0.004491723550682283,0.4956390393367183,-0.638325571740905,0.3406871645536805,0.2863847139703712,0.31325314355415057,0.0,1.0,0
0.8559216780086608,-1.0414764847940134,1.1666438559361385,-0.7021246388985807,1.1712988038084902,0.0,1.282775394421357,-1.0477307417736565,-1.509474646981232,-0.638325571740905,1.191408137297947,1.6215115856271138,1.3412364915297845,1.0,0.0,0
-0.0585039193823772,-0.12338494513364194,0.006277533369994933,-0.9552364746064576,-0.05542184330797516,0.0,0.8237807099517775,-1.163646188242876,0.4956390393367183,-0.638325571740905,0.6597075293327804,0.2863847139703712,-0.9717260414153921,1.0,0.0,1
-0.48137209470170705,-0.2108222346251059,0.6789102078635477,-1.9980572377229115,0.21647609699251405,0.0,-0.09420865898738136,1.6183245270183886,-0.5069178038222568,-0.638325571740905,0.1280069213676138,0.2863847139703712,-1.5664878356012946,0.0,1.0,1
0.5253546780128395,-1.5223815769970652,0.7800857250236246,-0.9147385808931981,0.5735957797752467,0.0,-1.0121980279265403,1.038747294672292,-1.0081962254017445,-0.638325571740905,-0.8290541729696862,-1.0487421576863714,1.4770771482265648,1.0,0.0,1
2.7513155805821037,-1.3912256427598693,0.6064882191365014,-1.0058588417480336,1.7221207840028876,0.0,-1.4711927123961197,-0.35223806295834037,-1.509474646981232,-0.638325571740905,-1.467094902527886,-1.0487421576863714,0.8309161866418805,1.0,0.0,0
0.4416396585333784,1.4504862657127093,0.5316829165553808,0.016712974511790556,0.9896499013889827,0.0,-1.0121980279265403,-0.5840689558967791,-1.0081962254017445,-0.638325571740905,-1.041734416155753,-1.0487421576863714,-1.496731822702948,1.0,0.0,0
-0.655241750543665,0.5323947260523377,-1.6528933145263773,0.8165463753486807,-1.5539798609008488,0.0,0.8237807099517775,1.734239973487608,-1.0081962254017445,-0.638325571740905,1.0850680157049137,0.2863847139703712,0.206783439656674,1.0,0.0,0
-0.668120984309736,0.5323947260523377,1.0108827634085427,-0.6717512186136343,0.5373750249746913,0.0,0.8237807099517775,1.038747294672292,-0.5069178038222568,-0.638325571740905,0.9787278941118804,0.2863847139703712,0.863958508541097,0.0,1.0,0
-0.6101644323624166,-1.2163510637769415,-0.7713747128869813,1.3227700467644345,-1.2216938059914066,0.0,-1.4711927123961197,-0.35223806295834037,-1.509474646981232,-0.638325571740905,-1.467094902527886,-1.0487421576863714,1.223752680332569,1.0,0.0,0
-0.5157167180778963,0.6198320155438017,1.0347927830413572,0.8367953222053104,0.6616037341652248,0.0,-0.09420865898738136,-0.8158998488352177,-0.5069178038222568,-0.638325571740905,-0.19101344341148618,0.2863847139703712,0.5041643367496252,1.0,0.0,1
1.8240107494249946,0.09520827859501796,0.29289024459550256,-0.681875692041951,1.2812330345158611,0.0,0.3647860254821981,1.1546627411415114,-1.509474646981232,-0.638325571740905,0.5533674077397471,0.2863847139703712,-0.29986549613131724,1.0,0.0,0
-0.6852932959978305,-1.1289137742854773,-1.4064894144518731,-0.4895106969039632,-1.7450776558770227,0.0,0.8237807099517775,-1.163646188242876,0.4956390393367183,-0.638325571740905,0.6597075293327804,0.2863847139703712,-0.1640248394345369,0.0,1.0,0
-0.5650871141811682,-0.47313410309949777,0.5040057234112866,-0.22627438776777328,-0.026711746693488414,0.0,-1.4711927123961197,-1.5113925276505338,0.4956390393367183,-0.638325571740905,-1.6797751457139527,-1.0487421576863714,1.781800783519342,0.0,1.0,0
-0.4663463219746242,-0.8228832610653536,0.2841258000998724,0.02683744794010362,-0.22174658023493996,0.0,-0.09420865898738136,1.734239973487608,-0.005639382242769227,-0.638325571740905,0.1280069213676138,0.2863847139703712,0.0892996284594587,0.0,1.0,0
-0.668120984309736,0.0077709891035539986,0.44526856907215373,0.006588501083473899,-0.024531233026565135,0.0,-0.09420865898738136,-0.35223806295834037,1.4981958824956936,1.5665986829772471,-0.19101344341148618,0.2863847139703712,1.4550489336270866,0.0,1.0,0
-0.10572777652463743,1.2756116867297813,-1.6312128465635036,0.6343058536390096,-1.0620317497133738,0.0,1.282775394421357,-0.5840689558967791,0.4956390393367183,-0.638325571740905,1.191408137297947,1.6215115856271138,-0.6963733589219187,1.0,0.0,0
-0.3504332180799856,-1.1289137742854773,0.5683551974713054,0.3305716507895566,-0.00024273357000581658,0.0,1.7417700788909365,-1.2795616347120953,-1.0081962254017445,-0.638325571740905,1.6167686236700805,1.6215115856271138,-0.9570405650157402,1.0,0.0,0
-0.6166040492454521,1.7127981341871013,-1.8371772922108036,1.424014781047583,-1.415698952523478,0.0,-1.4711927123961197,-1.2795616347120953,1.4981958824956936,1.5665986829772471,-1.6797751457139527,-1.0487421576863714,-0.30720823433114314,1.0,0.0,0
-0.5200097959999199,0.7947065945267296,0.322028178488868,-0.8236183200383626,0.13640278955717286,0.0,0.3647860254821981,-1.163646188242876,-1.0081962254017445,-0.638325571740905,0.23434704296064715,0.2863847139703712,0.863958508541097,0.0,1.0,0
-0.3547262960020093,-1.6098188664885291,0.6070263867809699,-1.177974890029388,-0.07880179540331708,0.0,-1.4711927123961197,1.1546627411415114,1.4981958824956936,1.5665986829772471,-1.3607547809348528,-1.0487421576863714,-0.7184015735213964,1.0,0.0,0
-0.6767071401537833,-0.6917273268281576,0.6055656460316983,1.0494092641999277,-0.058147485391628985,0.0,-0.5532033434569608,-1.163646188242876,-0.005639382242769227,-0.638325571740905,-0.7227140513766528,-1.0487421576863714,0.06360004476006775,1.0,0.0,0
-0.5371821076880146,-0.12338494513364194,1.1487305614845444,-1.4614601460222114,0.5745043271364646,0.0,0.3647860254821981,0.34325461585697575,-1.509474646981232,-0.638325571740905,0.4470272861467138,0.2863847139703712,-1.5664878356012946,0.0,1.0,0
-0.45990670509158876,-0.25454087937083786,1.0224149272185818,0.7659240082071046,0.4895248639505463,0.0,-0.5532033434569608,-1.6273079741197531,1.4981958824956936,1.5665986829772471,-0.8290541729696862,-1.0487421576863714,0.05625730656024182,0.0,1.0,1
0.9246109247610395,-1.1289137742854773,0.9194711449409654,0.20907796964977468,0.9959491630934274,0.0,0.8237807099517775,-0.9318152953044371,1.4981958824956936,1.5665986829772471,0.6597075293327804,0.2863847139703712,-0.30720823433114314,1.0,0.0,1
-0.5758198089862274,-1.740974800725725,0.12436689078479637,-2.1296753922910066,-0.6129065041513044,0.0,1.282775394421357,-0.12040717001990163,-1.0081962254017445,-0.638325571740905,1.2977482588909803,1.6215115856271138,-0.5385044876256606,0.0,1.0,0
-0.36116591288504474,-1.4349442875056013,1.1248974229437967,0.7254261144938451,0.364327037574714,0.0,-0.09420865898738136,1.3864936340799499,-1.509474646981232,-0.638325571740905,0.1280069213676138,0.2863847139703712,1.6422887577226488,1.0,0.0,0
-0.5436217245710501,0.8821438840181935,-0.7562291377497966,0.5026876990709146,-0.7070320107734832,0.0,-0.09420865898738136,-1.5113925276505338,-0.005639382242769227,-0.638325571740905,-0.2973535650045195,0.2863847139703712,-0.9239982431165233,0.0,1.0,0
-0.3418470622359383,1.3630489762212454,-0.6332193904427118,-0.5198841171889096,-0.3896461325880155,0.0,-1.4711927123961197,1.2705781876107307,-1.509474646981232,-0.638325571740905,-1.2544146593418195,-1.0487421576863714,-0.8395567538185249,1.0,0.0,1
-0.4577601661305769,-0.6917273268281576,-0.8993817311784162,-0.7932448997534162,-1.1202393506554031,0.0,-0.5532033434569608,1.6183245270183886,1.4981958824956936,1.5665986829772471,-0.40369368659755284,-1.0487421576863714,0.7905311265428376,1.0,0.0,0
-0.37619168561212757,-0.5605713925909617,-1.3687407982470114,-1.0969791026028692,-1.4149115448104224,0.0,1.282775394421357,0.22733916938775642,0.4956390393367183,-0.638325571740905,1.2977482588909803,1.6215115856271138,-0.7330870499210483,1.0,0.0,0
0.26562346373040857,1.5379235552041732,1.328555435829089,0.5431855927841741,1.5375039602034015,0.0,0.8237807099517775,1.3864936340799499,0.9969174609162059,1.5665986829772471,0.9787278941118804,0.2863847139703712,-0.8285426465187858,1.0,0.0,1
2.1331123598106974,1.6253608446956371,0.44096322791640574,0.2293269165064044,1.9115226239047882,0.0,-1.0121980279265403,0.8069164017338532,1.4981958824956936,1.5665986829772471,-0.9353942945627195,-1.0487421576863714,-0.8358853847186117,1.0,0.0,1
-0.12290008821273206,-0.2108222346251059,-1.181381576879908,-0.08453175977136164,-1.0468287238689935,0.0,-0.09420865898738136,-0.5840689558967791,0.4956390393367183,-0.638325571740905,-0.19101344341148618,0.2863847139703712,-0.6082605005240072,1.0,0.0,0
-0.33540744535290284,-0.6480086820824257,-0.9314411465703253,-0.8539917403233089,-1.0667561959917071,0.0,-1.4711927123961197,-1.6273079741197531,-0.005639382242769227,-0.638325571740905,-1.6797751457139527,-1.0487421576863714,1.8221858436183846,0.0,1.0,1
-0.38048476353415117,-1.4786629322513334,-1.051375650194733,0.30019823050461025,-1.3708167128793116,0.0,-0.5532033434569608,-0.23632261648912098,0.4956390393367183,-0.638325571740905,-0.6163739297836195,-1.0487421576863714,-0.68535925162218,1.0,0.0,1
-0.11002085444666108,1.6253608446956371,-0.07967552756083057,-0.06428281291473192,0.23543445192992854,0.0,-0.5532033434569608,0.9228318482030725,-1.509474646981232,-0.638325571740905,-0.40369368659755284,-1.0487421576863714,-1.0781957453128685,1.0,0.0,0
-0.5457682635320618,-0.9977578400482815,0.5871910650277026,-0.15540307376956747,-0.06656669093891558,0.0,-0.5532033434569608,0.6910009552646338,0.9969174609162059,1.5665986829772471,-0.5100338081905862,-1.0487421576863714,0.04524319926050312,0.0,1.0,0
-0.38692438041718663,1.5816421999499053,1.0576264673852347,-1.289344097740857,0.9654825415805856,0.0,1.7417700788909365,-1.2795616347120953,-1.0081962254017445,-0.638325571740905,1.6167686236700805,1.6215115856271138,0.4380796929511918,0.0,1.0,0
-0.02201275704517617,-1.3475069980141374,-1.7993517949138749,0.8469197956336271,-1.7287238033750996,0.0,-0.09420865898738136,-1.163646188242876,1.4981958824956936,1.5665986829772471,-0.2973535650045195,0.2863847139703712,1.6349460195228225,1.0,0.0,0
0.853775139047649,-0.1671035898793739,1.3853705628665485,0.09770876193830944,1.536231993897697,0.0,0.3647860254821981,1.6183245270183886,0.4956390393367183,-0.638325571740905,0.5533674077397471,0.2863847139703712,-0.8101858010192212,1.0,0.0,1
-0.4556136271695651,-1.0851951295397455,-0.025397476561579417,-1.1071035760311858,-0.5176907406956639,0.0,-1.0121980279265403,0.9228318482030725,-1.509474646981232,-0.638325571740905,-0.8290541729696862,-1.0487421576863714,1.6900165560215172,0.0,1.0,0
-0.5607940362591447,-0.6480086820824257,-0.10289361736504267,0.7153016410655285,-0.5411918324391681,0.0,0.3647860254821981,0.34325461585697575,-1.509474646981232,-0.638325571740905,0.4470272861467138,0.2863847139703712,1.6312746504229096,0.0,1.0,0
-0.3053558998987373,0.7072693050352656,-0.37113174758655443,-0.4996351703322799,-0.3079374399024822,0.0,0.8237807099517775,1.5024090805491692,1.4981958824956936,1.5665986829772471,0.9787278941118804,0.2863847139703712,0.7978738647426632,0.0,1.0,0
-0.5371821076880146,0.1826455680864819,1.5191436630630035,0.7153016410655285,0.9341679425306073,0.0,-1.4711927123961197,-1.163646188242876,-1.509474646981232,-0.638325571740905,-1.5734350241209194,-1.0487421576863714,-1.4233044407046884,0.0,1.0,0
-0.5865525037912865,-0.6917273268281576,-0.34353143553452725,0.6241813802106929,-0.7550033114457905,0.0,-0.5532033434569608,0.8069164017338532,1.4981958824956936,1.5665986829772471,-0.5100338081905862,-1.0487421576863714,1.6753310796218654,1.0,0.0,0
0.5704319961940879,0.9695811735096576,0.13720603315997346,0.4014429647877624,0.6449470325428958,0.0,-0.09420865898738136,1.038747294672292,0.4956390393367183,-0.638325571740905,0.02166679977458048,0.2863847139703712,-0.8799418139175678,1.0,0.0,0
-0.48995825054575437,0.2263642128322139,-0.035545780714413854,-0.3376435954792385,-0.2543331455906236,0.0,-1.0121980279265403,0.9228318482030725,-1.509474646981232,-0.638325571740905,-0.8290541729696862,-1.0487421576863714,0.27653945255502055,1.0,0.0,1
-0.5285959518439672,-0.5168527478452297,1.1233598011024581,-1.03623226203298,0.4721413244392431,0.0,-1.0121980279265403,-0.5840689558967791,-1.0081962254017445,-0.638325571740905,-1.041734416155753,-1.0487421576863714,-1.1993509256099968,0.0,1.0,1
0.16688267152386455,-1.5223815769970652,-0.7234777925292851,0.6545548004956393,-0.8132714822119013,0.0,-0.5532033434569608,0.4591700623261951,-0.005639382242769227,-0.638325571740905,-0.5100338081905862,-1.0487421576863714,0.4087087401518877,1.0,0.0,0
0.5725785351550997,-1.5223815769970652,0.7558681810225425,1.363267940477694,0.5811670077853962,0.0,1.282775394421357,0.6910009552646338,-1.0081962254017445,-0.638325571740905,1.4040883804840139,1.6215115856271138,0.8602871394411842,1.0,0.0,1
-0.5393286466490264,-0.29825952411656986,1.132047364506021,0.47231427878596827,0.5213845914172557,0.0,1.7417700788909365,-0.4681535094275597,-1.0081962254017445,-0.638325571740905,1.7231087452631138,1.6215115856271138,-0.7514438954206134,1.0,0.0,0
0.2785026974964796,0.7509879497809976,-0.22075233150364332,1.3835168873343235,0.14972815085503602,0.0,0.3647860254821981,-0.8158998488352177,0.4956390393367183,-0.638325571740905,0.23434704296064715,0.2863847139703712,-0.9717260414153921,1.0,0.0,0
-0.4491740102865296,-0.1671035898793739,-0.22259747771324945,-0.9248630543215112,-0.4659035411062412,0.0,1.282775394421357,-1.2795616347120953,0.9969174609162059,1.5665986829772471,1.0850680157049137,1.6215115856271138,-1.3205061059071252,0.0,1.0,1
-0.6745606011927714,1.3630489762212454,-1.605073275260748,-1.0767301557462394,-1.3430757334501238,0.0,-0.09420865898738136,0.11142372291853707,-0.005639382242769227,-0.638325571740905,-0.08467332181845284,0.2863847139703712,1.8148431054185585,0.0,1.0,0
-0.6402159778165821,-0.3856968136080338,-1.002094870179832,-0.4692617500473335,-1.2362911335949751,0.0,1.282775394421357,1.2705781876107307,1.4981958824956936,1.5665986829772471,1.4040883804840139,1.6215115856271138,0.5959485642474499,0.0,1.0,0
0.692784716971762,0.1826455680864819,-1.2856323377226624,0.49256322564259797,-0.5814101956290827,0.0,-1.4711927123961197,-0.4681535094275597,1.4981958824956936,1.5665986829772471,-1.5734350241209194,-1.0487421576863714,-0.4100065691287066,1.0,0.0,0
-0.5844059648302747,0.5323947260523377,1.0312562528062783,-1.8664390831548165,0.6006704911395412,0.0,-1.0121980279265403,-0.6999844023659983,-1.509474646981232,-0.638325571740905,-1.041734416155753,-1.0487421576863714,-0.05755513553706031,0.0,1.0,0
0.9160247689169919,-0.7791646163196216,-0.5833235616912755,0.9582890033450923,-0.11532539932427846,0.0,1.282775394421357,-1.2795616347120953,0.9969174609162059,1.5665986829772471,1.0850680157049137,1.6215115856271138,0.5775917187478848,1.0,0.0,0
-0.4942513284677779,-0.25454087937083786,-0.11250375387340866,-0.8337427934666757,-0.4239892228420536,0.0,-0.5532033434569608,1.1546627411415114,-0.5069178038222568,-0.638325571740905,-0.40369368659755284,-1.0487421576863714,-1.5261027755022518,0.0,1.0,0
0.4352000416503429,-0.6480086820824257,-0.3994239894671837,0.07745981508167972,-0.2127216764468414,0.0,-0.09420865898738136,0.4591700623261951,1.4981958824956936,1.5665986829772471,-0.08467332181845284,0.2863847139703712,-0.7661293718202652,1.0,0.0,0
-0.6187505882064639,0.09520827859501796,0.7806238926680935,-0.8641162137516221,0.28691880239894524,0.0,-1.4711927123961197,-1.3954770811813144,0.9969174609162059,1.5665986829772471,-1.6797751457139527,-1.0487421576863714,-1.4783749772033834,0.0,1.0,0
-0.6337763609335467,1.1444557524925854,0.31764595624105313,0.13820665565156887,0.14627567088240795,0.0,0.3647860254821981,0.8069164017338532,0.4956390393367183,-0.638325571740905,0.4470272861467138,0.2863847139703712,-1.3205061059071252,1.0,0.0,0
-0.6273367440505112,-1.0851951295397455,-0.7000290594488722,0.08758428850999637,-1.146102665538074,0.0,-1.0121980279265403,1.038747294672292,-1.0081962254017445,-0.638325571740905,-0.8290541729696862,-1.0487421576863714,-0.6192746078237462,0.0,1.0,0
3.2171145351216697,1.3193303314755134,0.45649320851392505,-0.6920001654702677,2.4676747486183306,0.0,0.3647860254821981,1.5024090805491692,-0.005639382242769227,-0.638325571740905,0.5533674077397471,0.2863847139703712,-1.6142156339001634,1.0,0.0,0
0.31499385983368067,-1.6972561559799932,0.9064782403816546,1.424014781047583,0.5156910279536229,0.0,0.3647860254821981,0.22733916938775642,1.4981958824956936,1.5665986829772471,0.3406871645536805,0.2863847139703712,-0.8028430628193953,1.0,0.0,1
-0.2473993479514179,-0.9540391953025495,-0.24373977803165464,-0.35789254233586826,-0.5431300668097663,0.0,-0.09420865898738136,0.6910009552646338,-1.0081962254017445,-0.638325571740905,0.02166679977458048,0.2863847139703712,1.488091255526304,1.0,0.0,0
-0.6659744453487241,0.5761133707980697,0.32133624866026583,0.796297428492051,0.005026841125058687,0.0,1.7417700788909365,-0.8158998488352177,0.9969174609162059,1.5665986829772471,1.6167686236700805,1.6215115856271138,0.3830091564524971,0.0,1.0,1
-0.5006909453508135,0.1826455680864819,1.3311693929593642,0.32044717736123995,0.8066684628396895,0.0,-0.5532033434569608,-0.4681535094275597,-0.5069178038222568,-0.638325571740905,-0.6163739297836195,-1.0487421576863714,1.4697344100267384,0.0,1.0,1
-0.6208971271674758,0.31380150232367787,-1.6186812285565944,-1.1982238368860214,-1.5560998047436907,0.0,-0.09420865898738136,-1.3954770811813144,0.4956390393367183,-0.638325571740905,-0.2973535650045195,0.2863847139703712,-0.07224061193671218,0.0,1.0,0
0.4072950351571891,0.27008285757794587,0.8598882985890962,-1.046356735461293,0.9671784966548592,0.0,-1.0121980279265403,1.5024090805491692,0.9969174609162059,1.5665986829772471,-0.8290541729696862,-1.0487421576863714,1.3449078606296974,1.0,0.0,1
-0.5779663479472393,-0.9103205505568176,0.444884163611819,-1.3095930445974866,-0.17747003883158535,0.0,-0.09420865898738136,1.038747294672292,0.4956390393367183,-0.638325571740905,0.02166679977458048,0.2863847139703712,0.6326622552465796,0.0,1.0,0
-0.47922555574069525,0.7072693050352656,1.712807133979595,-0.7628714794684698,1.2357450966308827,0.0,-0.09420865898738136,-1.5113925276505338,-0.005639382242769227,-0.638325571740905,-0.2973535650045195,0.2863847139703712,1.209067203932917,1.0,0.0,0
-0.5393286466490264,0.3575201470694098,-0.9511995872315258,-0.01366044577315582,-0.9745083539160453,0.0,-1.0121980279265403,1.2705781876107307,-0.005639382242769227,-0.638325571740905,-0.8290541729696862,-1.0487421576863714,-0.14199662483505912,0.0,1.0,1
0.031650716980119495,-0.12338494513364194,0.3516273989346354,1.1506539984830764,0.2675364586929625,0.0,1.282775394421357,-0.4681535094275597,0.9969174609162059,1.5665986829772471,1.191408137297947,1.6215115856271138,-1.0928812217125206,1.0,0.0,0
-0.5243028739219436,0.7947065945267296,-0.2254420781197258,0.806421901920364,-0.29733772068827286,0.0,1.282775394421357,0.11142372291853707,-0.005639382242769227,-0.638325571740905,1.2977482588909803,1.6215115856271138,-1.0451534234136517,1.0,0.0,0
4.681054106531735,-1.5661002217427973,1.0263358629139951,-1.046356735461293,3.103173342878241,0.0,0.3647860254821981,1.8501554199568273,1.4981958824956936,1.5665986829772471,0.5533674077397471,0.2863847139703712,-1.2691069385083436,1.0,0.0,0
-0.5457682635320618,1.4504862657127093,-1.1774606411844948,-1.1476014697444452,-0.9141202393070929,0.0,1.282775394421357,-1.163646188242876,1.4981958824956936,1.5665986829772471,1.0850680157049137,1.6215115856271138,-0.7441011572207874,0.0,1.0,0
-0.6488021336606294,1.0570184630011215,1.4583307192380632,-1.0159833151763467,1.0170880316977646,0.0,-1.0121980279265403,0.11142372291853707,-1.509474646981232,-0.638325571740905,-0.9353942945627195,-1.0487421576863714,-0.9129841358167846,1.0,0.0,0
-0.5221563349609317,-0.3856968136080338,-0.22236683443704888,-1.177974890029388,-0.5553651712741683,0.0,-1.4711927123961197,-1.0477307417736565,-1.0081962254017445,-0.638325571740905,-1.5734350241209194,-1.0487421576863714,-1.4490040244040794,0.0,1.0,0
-0.38048476353415117,-1.0414764847940134,-0.04715482561651991,0.7456750613504749,-0.48274195220081384,0.0,-1.4711927123961197,1.6183245270183886,-0.005639382242769227,-0.638325571740905,-1.2544146593418195,-1.0487421576863714,0.31692451265406335,1.0,0.0,0
0.7743531974902115,-0.29825952411656986,0.5832701293322893,-0.9349875277498279,0.8304118338795182,0.0,0.3647860254821981,-0.004491723550682283,0.4956390393367183,-0.638325571740905,0.3406871645536805,0.2863847139703712,-1.2103650329097357,1.0,0.0,0
-0.37619168561212757,1.0570184630011215,-1.0115512445040642,1.1810274187680228,-0.7749307835685041,0.0,-1.4711927123961197,0.22733916938775642,0.9969174609162059,1.5665986829772471,-1.467094902527886,-1.0487421576863714,0.03422909196076402,1.0,0.0,0
-0.5522078804150974,-0.25454087937083786,0.8809537178154341,0.7557995347787915,0.32598633893131673,0.0,-1.4711927123961197,-1.5113925276505338,0.4956390393367183,-0.638325571740905,-1.6797751457139527,-1.0487421576863714,-0.7330870499210483,1.0,0.0,0
-0.3053558998987373,0.4012387918151418,0.051406734413281675,-0.2768967549093494,-0.04288388972316767,0.0,-1.0121980279265403,-0.004491723550682283,1.4981958824956936,1.5665986829772471,-1.041734416155753,-1.0487421576863714,1.638617388622736,1.0,0.0,0
-0.5264494128829554,-1.0414764847940134,-1.35751615880524,-0.15540307376956747,-1.5974689945911476,0.0,-0.5532033434569608,0.8069164017338532,1.4981958824956936,1.5665986829772471,-0.5100338081905862,-1.0487421576863714,-0.6009177623241811,0.0,1.0,0
1.9892942494229051,-1.4786629322513334,0.10114880098058428,-0.18577649405451382,0.87456723563471,0.0,-1.4711927123961197,1.8501554199568273,0.9969174609162059,1.5665986829772471,-1.2544146593418195,-1.0487421576863714,1.2421095258321342,1.0,0.0,0
-0.36760552976808025,1.4942049104584412,-0.9954830962620762,0.6849282207805857,-0.6605143858791245,0.0,-1.0121980279265403,-1.6273079741197531,1.4981958824956936,1.5665986829772471,-1.2544146593418195,-1.0487421576863714,-0.82119990831896,1.0,0.0,0
-0.6037248154793812,-0.12338494513364194,0.7464886877903775,0.7456750613504749,0.22004971661330494,0.0,-1.0121980279265403,-1.2795616347120953,-0.5069178038222568,-0.638325571740905,-1.1480745377487862,-1.0487421576863714,0.551892135048494,0.0,1.0,0
-0.6359228998945585,-0.3419781688623018,0.8396685713754938,0.12808218222325582,0.22683353691039881,0.0,1.282775394421357,0.34325461585697575,0.9969174609162059,1.5665986829772471,1.2977482588909803,1.6215115856271138,1.7707866762196027,0.0,1.0,0
-0.5994317375573575,-1.3475069980141374,-0.0310097962824653,-0.7729959528967865,-0.6614229332403424,0.0,-1.0121980279265403,0.6910009552646338,0.9969174609162059,1.5665986829772471,-0.9353942945627195,-1.0487421576863714,-0.11262567203575499,0.0,1.0,0
-0.011280062240117074,-0.5168527478452297,-1.2162087115862263,0.6241813802106929,-1.079112440104271,0.0,-1.0121980279265403,-0.8158998488352177,1.4981958824956936,1.5665986829772471,-1.1480745377487862,-1.0487421576863714,-0.8615849684180027,1.0,0.0,0
0.5768716130771234,-1.6535375112342612,1.3852168006824148,-0.35789254233586826,1.050340865118341,0.0,1.282775394421357,1.2705781876107307,1.4981958824956936,1.5665986829772471,1.4040883804840139,1.6215115856271138,-0.520147642126096,1.0,0.0,0
-0.5543544193761091,1.6253608446956371,0.17710731994270906,0.23945138993472107,0.18697859266497163,0.0,-1.4711927123961197,-0.35223806295834037,-1.509474646981232,-0.638325571740905,-1.467094902527886,-1.0487421576863714,-1.342534320506603,0.0,1.0,0
-0.34399360119695016,-0.25454087937083786,1.6876670168737091,0.7456750613504749,1.0790509617328283,0.0,0.3647860254821981,-1.2795616347120953,-1.509474646981232,-0.638325571740905,0.23434704296064715,0.2863847139703712,1.3008514314307418,1.0,0.0,0
1.3560652559244164,-1.3912256427598693,1.039943816209841,-0.4186393829057574,1.2762057391171218,0.0,-0.09420865898738136,0.6910009552646338,-1.0081962254017445,-0.638325571740905,0.02166679977458048,0.2863847139703712,-0.7037160971217447,1.0,0.0,0
-0.5285959518439672,0.9695811735096576,1.0034252974780504,0.5128121724992277,0.7071522418742842,0.0,-1.4711927123961197,-0.5840689558967791,0.9969174609162059,1.5665986829772471,-1.5734350241209194,-1.0487421576863714,0.570248980548059,0.0,1.0,0
-0.4556136271695651,0.7947065945267296,0.32518030326361225,-0.17565202062619717,0.17522804679321982,0.0,-1.0121980279265403,-0.35223806295834037,-0.005639382242769227,-0.638325571740905,-1.041734416155753,-1.0487421576863714,-0.7147302044214837,1.0,0.0,1
-0.3504332180799856,0.9695811735096576,0.4269708691602249,0.6646792739239524,0.353545608888261,0.0,-1.4711927123961197,-0.8158998488352177,-0.005639382242769227,-0.638325571740905,-1.5734350241209194,-1.0487421576863714,-0.08325471923645127,1.0,0.0,1
-0.6810002180758069,-0.2108222346251059,1.4607909141842048,-2.1701732860042657,0.7198113351072539,0.0,-1.0121980279265403,0.8069164017338532,1.4981958824956936,1.5665986829772471,-0.9353942945627195,-1.0487421576863714,1.00347053433779,0.0,1.0,0
-0.5243028739219436,-1.6098188664885291,0.09384509723422577,-0.681875692041951,-0.5788056931935911,0.0,-0.5532033434569608,0.4591700623261951,-0.005639382242769227,-0.638325571740905,-0.5100338081905862,-1.0487421576863714,-0.7991716937194822,0.0,1.0,0
-0.40195015314426946,0.4012387918151418,0.18179706655879133,-0.16552754719788051,0.005329690245464668,0.0,0.8237807099517775,-1.2795616347120953,-0.005639382242769227,-0.638325571740905,0.6597075293327804,0.2863847139703712,-0.04654102823732161,1.0,0.0,0
-0.36116591288504474,1.0132998182553896,-1.9308953434403886,0.5836834864974335,-1.5004361364130714,0.0,-0.09420865898738136,-1.5113925276505338,-0.005639382242769227,-0.638325571740905,-0.2973535650045195,0.2863847139703712,1.590889590323867,0.0,1.0,0
-0.48351863366271886,0.3575201470694098,-1.615836628150118,-1.6437006677318824,-1.4666381745757637,0.0,0.8237807099517775,1.5024090805491692,1.4981958824956936,1.5665986829772471,0.9787278941118804,0.2863847139703712,-0.4320347837281844,0.0,1.0,0
-0.6659744453487241,0.8821438840181935,1.10729165286047,-0.4186393829057574,0.692070355678066,0.0,-1.4711927123961197,-0.6999844023659983,0.4956390393367183,-0.638325571740905,-1.5734350241209194,-1.0487421576863714,-0.6339600842233981,0.0,1.0,0
0.19264113905600647,-1.6098188664885291,0.2742850203153059,-1.0666056823179229,-0.03204189121263378,0.0,-0.09420865898738136,1.5024090805491692,-1.0081962254017445,-0.638325571740905,0.1280069213676138,0.2863847139703712,0.45276516935084365,1.0,0.0,0
-0.0005473674350578839,-1.5661002217427973,-1.5830852829296065,0.49256322564259797,-1.5946827826834125,0.0,1.282775394421357,1.8501554199568273,0.4956390393367183,-0.638325571740905,1.5104285020770472,1.6215115856271138,-1.0818671144127814,1.0,0.0,1
-0.5264494128829554,-0.03594765564217798,0.04487184158759262,1.0089113704866683,-0.2697178809072472,0.0,1.282775394421357,-0.9318152953044371,-1.0081962254017445,-0.638325571740905,1.191408137297947,1.6215115856271138,0.5665776114481458,1.0,0.0,0
0.11536573645958076,0.6198320155438017,0.7482569529079165,-0.6110043780437452,0.7920105654120395,0.0,0.8237807099517775,1.6183245270183886,-1.509474646981232,-0.638325571740905,1.0850680157049137,0.2863847139703712,-0.41734930732853254,1.0,0.0,1
-0.5243028739219436,0.6198320155438017,-1.9468097294982427,0.09770876193830944,-1.6922607692782194,0.0,-1.4711927123961197,1.5024090805491692,-0.5069178038222568,-0.638325571740905,-1.2544146593418195,-1.0487421576863714,-0.3696215090296638,0.0,1.0,0
-0.030598912889223482,0.4886760813066058,1.1152872864354306,1.282272153051175,0.9697224292662693,0.0,0.8237807099517775,1.038747294672292,-0.5069178038222568,-0.638325571740905,0.9787278941118804,0.2863847139703712,-1.4012762261052105,1.0,0.0,0
0.34289886632683436,-1.1289137742854773,1.3214054942668645,1.788495824466929,0.9843197568698373,0.0,-1.0121980279265403,-0.4681535094275597,-0.5069178038222568,-0.638325571740905,-1.041734416155753,-1.0487421576863714,-1.5848446811008594,1.0,0.0,1
-0.6208971271674758,1.3630489762212454,-1.6091479731402953,-1.9879327642945948,-1.3160010220858291,0.0,1.282775394421357,1.5024090805491692,-1.0081962254017445,-0.638325571740905,1.5104285020770472,1.6215115856271138,1.0952547618356148,0.0,1.0,0
-0.6380694388555704,-1.6098188664885291,-0.6440596244241487,-0.16552754719788051,-1.2243588782509793,0.0,1.282775394421357,0.11142372291853707,-0.005639382242769227,-0.638325571740905,1.2977482588909803,1.6215115856271138,-1.6656148012989451,0.0,1.0,1
2.4271881974693175,-0.6042900373366937,-0.7958997812563313,0.016712974511790556,0.6087868475664213,0.0,-0.09420865898738136,-0.6999844023659983,-0.005639382242769227,-0.638325571740905,-0.19101344341148618,0.2863847139703712,-0.21909537593323158,1.0,0.0,1
1.0340844117726424,-1.4349442875056013,0.706049233363173,-0.0946562331996783,0.821750349035907,0.0,-1.4711927123961197,1.5024090805491692,-0.5069178038222568,-0.638325571740905,-1.2544146593418195,-1.0487421576863714,0.5078357058495383,1.0,0.0,1
-0.29033012717165446,0.9695811735096576,-0.12342086894691257,-0.6008799046154321,-0.046154660223552045,0.0,0.3647860254821981,-0.9318152953044371,-0.005639382242769227,-0.638325571740905,0.23434704296064715,0.2863847139703712,-1.0341393161139127,1.0,0.0,0
-0.17441702327701583,0.9258625287639255,-0.5520329572200359,-0.6920001654702677,-0.32810719132152,0.0,-1.4711927123961197,0.5750855087954145,-1.0081962254017445,-0.638325571740905,-1.3607547809348528,-1.0487421576863714,-0.7991716937194822,1.0,0.0,0
-0.6316298219725348,-1.0414764847940134,-0.9283659028876482,-1.1071035760311858,-1.318726664169483,0.0,1.282775394421357,0.11142372291853707,-0.005639382242769227,-0.638325571740905,1.2977482588909803,1.6215115856271138,0.19209796325702214,0.0,1.0,0
-0.6337763609335467,1.1007371077468535,0.32164377302853325,-1.9980572377229115,0.13973412988163866,0.0,-0.5532033434569608,1.8501554199568273,-1.0081962254017445,-0.638325571740905,-0.2973535650045195,-1.0487421576863714,-1.206693663809823,0.0,1.0,0
-0.668120984309736,0.051489633849285975,1.5468208562070973,0.796297428492051,0.8530043782618045,0.0,-0.5532033434569608,-0.8158998488352177,1.4981958824956936,1.5665986829772471,-0.7227140513766528,-1.0487421576863714,-0.43570615282809716,1.0,0.0,0
0.2892353923015387,1.0570184630011215,0.3940657617555795,-0.7324980591835271,0.7080002194114207,0.0,1.282775394421357,-0.6999844023659983,-0.005639382242769227,-0.638325571740905,1.191408137297947,1.6215115856271138,1.4330207190276092,1.0,0.0,0
-0.37833822457313937,-0.8228832610653536,-1.9396597879360185,0.8975421627751995,-1.9240614860369571,0.0,0.8237807099517775,-0.9318152953044371,1.4981958824956936,1.5665986829772471,0.6597075293327804,0.2863847139703712,0.4417510620511046,1.0,0.0,1
-0.6616813674267005,-1.3475069980141374,-1.9468097294982427,0.9785379502017221,-2.2058928774867628,0.0,0.3647860254821981,0.5750855087954145,-0.5069178038222568,-0.638325571740905,0.4470272861467138,0.2863847139703712,-0.5311617494258346,1.0,0.0,0
0.7400085741140222,1.0132998182553896,0.4333519998017798,-0.35789254233586826,0.9836534888049444,0.0,1.282775394421357,-1.6273079741197531,-0.5069178038222568,-0.638325571740905,1.0850680157049137,1.6215115856271138,0.889658092240488,1.0,0.0,0
-0.5092771011948608,-1.4349442875056013,1.149268729129013,-0.10478070662799135,0.29994131457640244,0.0,-1.4711927123961197,1.734239973487608,0.4956390393367183,-0.638325571740905,-1.2544146593418195,-1.0487421576863714,-0.9056413976169587,0.0,1.0,0
-0.3718986076901039,1.6690794894413692,-0.6748120612509199,1.6163797761855707,-0.37153575518773807,0.0,1.282775394421357,-0.23632261648912098,-1.509474646981232,-0.638325571740905,1.2977482588909803,1.6215115856271138,1.8295285818182103,1.0,0.0,0
-0.3890709193781985,-0.9977578400482815,0.6627651785294926,-1.167850416601075,0.08140538929144668,0.0,-0.09420865898738136,-0.4681535094275597,0.9969174609162059,1.5665986829772471,-0.19101344341148618,0.2863847139703712,1.0218273798373556,1.0,0.0,0
-0.5393286466490264,0.7509879497809976,-0.38274079248866044,-0.9349875277498279,-0.4394345279827586,0.0,-0.09420865898738136,1.3864936340799499,-1.509474646981232,-0.638325571740905,0.1280069213676138,0.2863847139703712,0.09664236665928463,0.0,1.0,0
-0.48137209470170705,1.1881743972383174,-0.679886213327337,-0.10478070662799135,-0.5439174745228219,0.0,0.3647860254821981,0.5750855087954145,-0.5069178038222568,-0.638325571740905,0.4470272861467138,0.2863847139703712,-0.22276674503314436,0.0,1.0,0
-0.605871354440393,0.5761133707980697,-0.47130781054976156,-1.7955677691566108,-0.5855289436666036,0.0,-1.4711927123961197,-0.004491723550682283,-0.005639382242769227,-0.638325571740905,-1.467094902527886,-1.0487421576863714,1.7267302470206471,0.0,1.0,0
-0.6187505882064639,-0.1671035898793739,0.06793616920767101,-0.1959009674828269,-0.33271049795169116,0.0,1.282775394421357,0.5750855087954145,-1.509474646981232,-0.638325571740905,1.4040883804840139,1.6215115856271138,-0.45406299832766217,0.0,1.0,0
-0.4942513284677779,0.5323947260523377,0.5180749632595343,-0.8033693731817328,0.2472455676257618,0.0,1.282775394421357,0.6910009552646338,-1.0081962254017445,-0.638325571740905,1.4040883804840139,1.6215115856271138,-0.7294156808211356,0.0,1.0,0
0.41158811307921267,1.2318930419840495,1.1448096257891311,1.1304050516264468,1.40727883842883,0.0,-0.09420865898738136,-0.23632261648912098,-1.509474646981232,-0.638325571740905,-0.08467332181845284,0.2863847139703712,-0.13098251753532003,1.0,0.0,0
-0.5157167180778963,1.0570184630011215,-0.6680465251490302,1.5556329356156817,-0.5830455808792748,0.0,-1.0121980279265403,-0.5840689558967791,-1.0081962254017445,-0.638325571740905,-1.041734416155753,-1.0487421576863714,0.4270655856514527,1.0,0.0,0
-0.5844059648302747,1.0570184630011215,0.8282132886575219,0.37106954450281604,0.5569996479769985,0.0,0.8237807099517775,-0.9318152953044371,1.4981958824956936,1.5665986829772471,0.6597075293327804,0.2863847139703712,-1.2837924149079953,0.0,1.0,1
-0.6359228998945585,-0.3419781688623018,0.9715965253623423,-1.167850416601075,0.330771355033731,0.0,1.282775394421357,0.11142372291853707,-0.005639382242769227,-0.638325571740905,1.2977482588909803,1.6215115856271138,-1.4416612862042535,0.0,1.0,0
-0.642362516777594,-0.25454087937083786,1.0483238552451366,-0.25664780805271603,0.40696819372787585,0.0,-1.0121980279265403,-1.5113925276505338,-1.509474646981232,-0.638325571740905,-1.1480745377487862,-1.0487421576863714,-0.49811942752661775,1.0,0.0,0
-0.5114236401558726,-1.1289137742854773,-1.0857414983486497,1.241774259337912,-1.3942572347987345,0.0,1.282775394421357,-0.8158998488352177,-0.5069178038222568,-0.638325571740905,1.191408137297947,1.6215115856271138,-0.9900828869149572,1.0,0.0,1
-0.6037248154793812,0.7509879497809976,-0.737547032377533,-1.177974890029388,-0.7553061605661965,0.0,0.8237807099517775,1.6183245270183886,-1.509474646981232,-0.638325571740905,1.0850680157049137,0.2863847139703712,-0.07224061193671218,0.0,1.0,0
1.1950748338485295,0.7509879497809976,-0.09928020603789729,0.13820665565156887,0.7626947705567408,0.0,-0.09420865898738136,1.1546627411415114,0.9969174609162059,1.5665986829772471,0.02166679977458048,0.2863847139703712,0.8970008304403143,1.0,0.0,0
-0.4083897700273049,-0.3419781688623018,0.9220851020712407,-0.6110043780437452,0.4201724153775767,0.0,1.282775394421357,1.5024090805491692,-1.0081962254017445,-0.638325571740905,1.5104285020770472,1.6215115856271138,1.5578472684246505,1.0,0.0,0
3.3373207169383323,0.051489633849285975,0.3687718824655601,-0.0440338660581022,2.185358798575875,0.0,0.3647860254821981,0.34325461585697575,-1.509474646981232,-0.638325571740905,0.4470272861467138,0.2863847139703712,0.8823153540406624,1.0,0.0,0
-0.6745606011927714,0.051489633849285975,-1.6032281290511416,-1.8158167160132404,-1.6323572132619164,0.0,-1.4711927123961197,1.038747294672292,0.9969174609162059,1.5665986829772471,-1.3607547809348528,-1.0487421576863714,1.844214058217862,0.0,1.0,1
-0.668120984309736,1.5816421999499053,0.28650911395394724,1.1506539984830764,0.19927426695345457,0.0,-1.4711927123961197,0.11142372291853707,0.4956390393367183,-0.638325571740905,-1.467094902527886,-1.0487421576863714,-0.3769642472294897,1.0,0.0,0
-0.4684928609356361,0.2263642128322139,0.6510023714432529,0.7760484816354212,0.2986693482706971,0.0,-0.5532033434569608,1.8501554199568273,-1.0081962254017445,-0.638325571740905,-0.2973535650045195,-1.0487421576863714,0.08562825935954554,0.0,1.0,0
-0.5736732700252155,-1.1289137742854773,1.3417789836646004,-2.109426445434377,0.4831044625979393,0.0,-1.0121980279265403,0.11142372291853707,-1.509474646981232,-0.638325571740905,-0.9353942945627195,-1.0487421576863714,0.5151784440493643,0.0,1.0,0
-0.6509486726216414,0.7947065945267296,-0.15432706795781745,1.535383988759052,-0.3127830258289778,0.0,-0.5532033434569608,-1.2795616347120953,-0.5069178038222568,-0.638325571740905,-0.7227140513766528,-1.0487421576863714,0.2691967143551946,1.0,0.0,0
-0.642362516777594,-1.6972561559799932,1.182096955441591,0.4115674382160755,0.19255101648044157,0.0,0.3647860254821981,-1.163646188242876,-1.0081962254017445,-0.638325571740905,0.23434704296064715,0.2863847139703712,0.0011867700615471371,0.0,1.0,0
-0.4191224648323641,-1.5223815769970652,-0.7324728803011158,0.02683744794010362,-1.151069391112732,0.0,-1.4711927123961197,-1.5113925276505338,0.4956390393367183,-0.638325571740905,-1.6797751457139527,-1.0487421576863714,0.7574888046436212,0.0,1.0,0
-0.5607940362591447,0.27008285757794587,-0.11857736014669613,-0.5198841171889096,-0.35003346763891346,0.0,0.8237807099517775,1.2705781876107307,0.4956390393367183,-0.638325571740905,0.9787278941118804,0.2863847139703712,-0.08692608833636443,0.0,1.0,0
0.5554062234670052,-0.9977578400482815,0.2578324666129834,-0.5198841171889096,0.2953985777703127,0.0,1.7417700788909365,-0.5840689558967791,-1.509474646981232,-0.638325571740905,1.7231087452631138,1.6215115856271138,-0.43937752192801033,1.0,0.0,1
3.380251496158569,1.3630489762212454,-0.21437120086208822,0.3103227039329269,2.0408997681422223,0.0,-1.4711927123961197,-0.4681535094275597,1.4981958824956936,1.5665986829772471,-1.5734350241209194,-1.0487421576863714,1.0511983326366592,1.0,0.0,0
-0.6123109713234285,1.6690794894413692,1.3367048315881833,1.3936413607626403,1.0775367161307985,0.0,1.7417700788909365,-1.2795616347120953,-1.0081962254017445,-0.638325571740905,1.6167686236700805,1.6215115856271138,-0.039198290037495684,1.0,0.0,0
-0.6488021336606294,0.8384252392724616,-0.597623444815724,-0.9147385808931981,-0.6511260631465391,0.0,0.3647860254821981,1.3864936340799499,-0.5069178038222568,-0.638325571740905,0.5533674077397471,0.2863847139703712,0.14069879585824022,0.0,1.0,1
-0.4770790167796834,-1.0414764847940134,-0.2103733840746081,1.6265042496138875,-0.6658445303982699,0.0,-0.5532033434569608,1.3864936340799499,0.4956390393367183,-0.638325571740905,-0.40369368659755284,-1.0487421576863714,1.638617388622736,1.0,0.0,0
-0.18514971808207503,1.6253608446956371,1.030410560793542,-0.9552364746064576,1.067603264981482,0.0,0.3647860254821981,-1.163646188242876,-1.0081962254017445,-0.638325571740905,0.23434704296064715,0.2863847139703712,-0.31822234163088187,1.0,0.0,0
0.10248650269350978,1.3193303314755134,-0.7799085141064103,-0.8843651606082518,-0.2641454570917772,0.0,1.7417700788909365,-0.4681535094275597,-1.0081962254017445,-0.638325571740905,1.7231087452631138,1.6215115856271138,1.7010306633212562,1.0,0.0,0
2.6246697818824054,1.2756116867297813,-1.804656590266493,1.6872510901837765,0.34221905178507744,0.0,1.282775394421357,1.038747294672292,0.4956390393367183,-0.638325571740905,1.4040883804840139,1.6215115856271138,1.7157161397209082,1.0,0.0,0
0.3987088793131418,-1.0851951295397455,1.1447327446970639,-0.25664780805271603,0.8863177815064623,0.0,-0.5532033434569608,0.4591700623261951,-0.005639382242769227,-0.638325571740905,-0.5100338081905862,-1.0487421576863714,-1.500403191802861,1.0,0.0,1
1.5277883728053623,-1.6535375112342612,-1.9437344858155656,-0.9349875277498279,-1.0356838762380534,0.0,0.3647860254821981,-0.35223806295834037,-1.0081962254017445,-0.638325571740905,0.3406871645536805,0.2863847139703712,0.36098094185301893,1.0,0.0,0
-0.5285959518439672,-0.07966630038790996,0.0492540638354079,0.4520653319293385,-0.2771679692692344,0.0,-0.09420865898738136,0.11142372291853707,-0.005639382242769227,-0.638325571740905,-0.08467332181845284,0.2863847139703712,-0.7257443117212224,0.0,1.0,0
0.29567500918457407,0.051489633849285975,-1.6226021642520077,1.7581224041819825,-1.100069599236365,0.0,-0.5532033434569608,0.4591700623261951,-0.005639382242769227,-0.638325571740905,-0.5100338081905862,-1.0487421576863714,-1.4049475952051236,1.0,0.0,1
-0.3397005232749265,0.5323947260523377,0.39591090796518585,0.2597003367913508,0.2382206638376638,0.0,-1.0121980279265403,-0.9318152953044371,0.9969174609162059,1.5665986829772471,-1.1480745377487862,-1.0487421576863714,0.9447286287391826,1.0,0.0,1
-0.3504332180799856,-0.07966630038790996,-0.07629275950988576,0.13820665565156887,-0.27553258401904224,0.0,0.8237807099517775,0.8069164017338532,-1.509474646981232,-0.638325571740905,0.9787278941118804,0.2863847139703712,0.14804153405806655,0.0,1.0,0
3.4832853662871366,-1.4349442875056013,0.811760734955199,0.4318163850727088,2.2872372426804475,0.0,-0.5532033434569608,0.11142372291853707,-1.509474646981232,-0.638325571740905,-0.5100338081905862,-1.0487421576863714,1.7707866762196027,1.0,0.0,1
-0.5779663479472393,0.9695811735096576,0.06109375201371453,0.6646792739239524,-0.06311421096628696,0.0,0.8237807099517775,1.5024090805491692,1.4981958824956936,1.5665986829772471,0.9787278941118804,0.2863847139703712,0.7978738647426632,1.0,0.0,0
0.6412677819074781,0.6198320155438017,0.7627874793085658,0.21920244307809136,1.100250400161247,0.0,0.3647860254821981,-0.35223806295834037,-1.0081962254017445,-0.638325571740905,0.3406871645536805,0.2863847139703712,-0.8946272903172197,1.0,0.0,0
-0.6294832830115231,-0.3419781688623018,-1.3045450863711268,1.1506539984830764,-1.4588246672692895,0.0,-1.4711927123961197,1.6183245270183886,-0.005639382242769227,-0.638325571740905,-1.2544146593418195,-1.0487421576863714,0.27653945255502055,1.0,0.0,0
-0.6595348284656887,1.0132998182553896,0.7954619434370102,0.23945138993472107,0.4791068542085807,0.0,-0.09420865898738136,-1.3954770811813144,0.4956390393367183,-0.638325571740905,-0.2973535650045195,0.2863847139703712,1.6165891740232579,0.0,1.0,0
-0.569380192103192,-1.0414764847940134,0.9347704822622837,0.006588501083473899,0.18425295058131783,0.0,-1.4711927123961197,1.3864936340799499,-1.0081962254017445,-0.638325571740905,-1.2544146593418195,-1.0487421576863714,-0.06856924283679941,0.0,1.0,0
-0.6251902050894994,-0.6917273268281576,-1.9275894564815108,-0.25664780805271603,-2.024789103483986,0.0,-0.5532033434569608,1.038747294672292,-1.0081962254017445,-0.638325571740905,-0.40369368659755284,-1.0487421576863714,-0.43937752192801033,1.0,0.0,0
-0.5565009583371209,0.1826455680864819,1.4956949299825903,-1.9271859237247058,0.9047915778512272,0.0,-0.5532033434569608,-0.8158998488352177,1.4981958824956936,1.5665986829772471,-0.7227140513766528,-1.0487421576863714,-0.4834339511269659,0.0,1.0,0
-0.5886990427522983,0.0077709891035539986,-0.05392036171840953,0.8469197956336271,-0.3729894309656866,0.0,-0.5532033434569608,-0.004491723550682283,1.4981958824956936,1.5665986829772471,-0.6163739297836195,-1.0487421576863714,-0.2264381141330575,1.0,0.0,0
0.38797618450808274,1.6690794894413692,1.2272261564848779,-0.7831204263251031,1.5557960470759227,0.0,-0.09420865898738136,-0.4681535094275597,0.9969174609162059,1.5665986829772471,-0.19101344341148618,0.2863847139703712,0.3022390362544115,1.0,0.0,0
-0.6380694388555704,-0.5605713925909617,-0.7893648884306426,0.35082059764618634,-1.106247721292647,0.0,0.8237807099517775,-1.0477307417736565,0.9969174609162059,1.5665986829772471,0.6597075293327804,0.2863847139703712,0.19944070145684806,1.0,0.0,0
3.712965035115402,0.6635506602895337,-1.0456095682897133,0.6646792739239524,1.4187265351801763,0.0,-0.5532033434569608,1.734239973487608,-1.509474646981232,-0.638325571740905,-0.2973535650045195,-1.0487421576863714,1.7707866762196027,1.0,0.0,1
0.8172839767104481,-1.6535375112342612,1.3365510694040494,-0.08453175977136164,1.1476765724168236,0.0,1.282775394421357,-0.12040717001990163,-1.0081962254017445,-0.638325571740905,1.2977482588909803,1.6215115856271138,-0.09794019563610314,1.0,0.0,1
-0.4556136271695651,-0.6042900373366937,0.23038591674508974,-1.8664390831548165,-0.2095720455946193,0.0,-1.0121980279265403,1.2705781876107307,-0.005639382242769227,-0.638325571740905,-0.8290541729696862,-1.0487421576863714,-0.667002406122615,0.0,1.0,0
-0.4491740102865296,-1.3037883532684054,-0.8175033681271381,0.7456750613504749,-1.186563308024313,0.0,0.3647860254821981,-1.5113925276505338,0.9969174609162059,1.5665986829772471,0.1280069213676138,0.2863847139703712,0.1223419503586756,1.0,0.0,0
-0.6724140622317596,-0.03594765564217798,-0.09966461149823158,-0.38826596262081464,-0.46596411093032264,0.0,1.7417700788909365,-0.8158998488352177,0.9969174609162059,1.5665986829772471,1.6167686236700805,1.6215115856271138,-0.8799418139175678,1.0,0.0,0
-0.5607940362591447,0.09520827859501796,0.7445666604887043,-0.14527860034125079,0.2912192599087104,0.0,0.3647860254821981,-1.5113925276505338,0.9969174609162059,1.5665986829772471,0.1280069213676138,0.2863847139703712,-0.9093127667168714,1.0,0.0,1
-0.6810002180758069,-0.9977578400482815,0.5006998364524087,-0.03390939262978554,-0.21102572137256834,0.0,0.3647860254821981,-1.6273079741197531,0.4956390393367183,-0.638325571740905,0.1280069213676138,0.2863847139703712,1.3412364915297845,0.0,1.0,0
-0.5350355687270028,1.1444557524925854,-0.4028067575181288,-0.7831204263251031,-0.3655999124277808,0.0,1.7417700788909365,-0.35223806295834037,-0.5069178038222568,-0.638325571740905,1.7231087452631138,1.6215115856271138,-0.82119990831896,1.0,0.0,0
-0.5243028739219436,0.7509879497809976,0.46433507990475154,-2.1397998657193233,0.2364035691152279,0.0,-1.4711927123961197,1.6183245270183886,-0.005639382242769227,-0.638325571740905,-1.2544146593418195,-1.0487421576863714,1.1136116073351794,0.0,1.0,1
0.3815365676250472,-0.9977578400482815,1.2117730569794254,1.8087447713235585,0.9488258399582566,0.0,-1.4711927123961197,-0.5840689558967791,0.9969174609162059,1.5665986829772471,-1.5734350241209194,-1.0487421576863714,-0.3953210927290543,1.0,0.0,1
-0.5264494128829554,-0.03594765564217798,-1.9407361232249556,1.2012763656246526,-1.8340547274522996,0.0,-0.09420865898738136,-1.163646188242876,1.4981958824956936,1.5665986829772471,-0.2973535650045195,0.2863847139703712,-1.3682339042059937,1.0,0.0,0
-0.4577601661305769,-1.2163510637769415,-1.6706528467938375,-0.3376435954792385,-1.8441698880738595,0.0,-1.0121980279265403,0.9228318482030725,-1.509474646981232,-0.638325571740905,-0.8290541729696862,-1.0487421576863714,0.6657045771457965,0.0,1.0,0
-0.36975206872909205,0.27008285757794587,0.08938599389434407,1.0392847907716112,-0.07837780663474882,0.0,1.7417700788909365,-1.6273079741197531,0.9969174609162059,1.5665986829772471,1.5104285020770472,1.6215115856271138,1.2127385730328304,1.0,0.0,0
-0.5865525037912865,0.6635506602895337,1.5744211682591247,-0.8742406871799386,1.056458417350542,0.0,0.8237807099517775,0.9228318482030725,-1.0081962254017445,-0.638325571740905,0.9787278941118804,0.2863847139703712,-0.9423550886160884,0.0,1.0,1
-0.5178632570389081,0.09520827859501796,0.5376027606445342,0.7456750613504749,0.15239322311460843,0.0,-0.5532033434569608,-0.8158998488352177,1.4981958824956936,1.5665986829772471,-0.7227140513766528,-1.0487421576863714,1.3926356589285664,0.0,1.0,0
1.3646514117684636,-1.0851951295397455,0.3450925061089464,1.545508462187365,0.8014594579687063,0.0,1.282775394421357,0.11142372291853707,-0.005639382242769227,-0.638325571740905,1.2977482588909803,1.6215115856271138,-0.5825609168246165,1.0,0.0,1
-0.5865525037912865,-1.740974800725725,-1.0559116346266817,-2.1904222328608958,-1.548831425853947,0.0,-1.4711927123961197,-1.5113925276505338,0.4956390393367183,-0.638325571740905,-1.6797751457139527,-1.0487421576863714,-0.05388376643714754,0.0,1.0,0
-0.3482866791189738,-0.03594765564217798,0.1324394054518239,0.12808218222325582,-0.10018294330397944,0.0,1.282775394421357,1.734239973487608,-0.005639382242769227,-0.638325571740905,1.5104285020770472,1.6215115856271138,0.8859867231405751,0.0,1.0,0
-0.6788536791147951,1.4942049104584412,1.5362112655018612,0.6950526942088987,1.1583974312791954,0.0,0.3647860254821981,0.34325461585697575,-1.509474646981232,-0.638325571740905,0.4470272861467138,0.2863847139703712,-0.4100065691287066,1.0,0.0,0
-0.6316298219725348,-0.6917273268281576,0.7881582396906521,0.036961921368420275,0.1111451729153142,0.0,0.3647860254821981,-1.6273079741197531,0.4956390393367183,-0.638325571740905,0.1280069213676138,0.2863847139703712,-0.7587866336204393,1.0,0.0,1
-0.47922555574069525,-0.8666019058110855,-1.0556809913504808,-1.0969791026028692,-1.2942564552406797,0.0,-0.09420865898738136,-1.2795616347120953,0.9969174609162059,1.5665986829772471,-0.2973535650045195,0.2863847139703712,1.6973592942213436,1.0,0.0,0
-0.47493247781867154,-0.12338494513364194,1.3164082232825143,0.8367953222053104,0.7417376114246468,0.0,-0.5532033434569608,-1.0477307417736565,0.4956390393367183,-0.638325571740905,-0.7227140513766528,-1.0487421576863714,-0.7808148482199171,0.0,1.0,0
-0.4620532440526007,-0.8228832610653536,-0.6645868760060183,-0.3275191220509219,-0.9667554164336524,0.0,-1.0121980279265403,-0.12040717001990163,0.9969174609162059,1.5665986829772471,-1.041734416155753,-1.0487421576863714,-1.0488247925135648,1.0,0.0,0
0.2677700026914203,-0.5168527478452297,0.9137050630359458,1.667002143327147,0.7563955088522967,0.0,-1.0121980279265403,-0.35223806295834037,-0.005639382242769227,-0.638325571740905,-1.041734416155753,-1.0487421576863714,-0.7184015735213964,1.0,0.0,0
-0.6616813674267005,-0.8666019058110855,-1.6398235288749994,-1.289344097740857,-1.8574346795476415,0.0,1.282775394421357,-0.5840689558967791,0.4956390393367183,-0.638325571740905,1.191408137297947,1.6215115856271138,0.07461415205980684,0.0,1.0,0
-0.6724140622317596,1.1444557524925854,0.9242377726491146,-0.9248630543215112,0.6023664462138149,0.0,-1.4711927123961197,1.3864936340799499,-1.0081962254017445,-0.638325571740905,-1.2544146593418195,-1.0487421576863714,-0.7330870499210483,0.0,1.0,0
-0.6702675232707478,0.051489633849285975,-1.3933427477084286,-1.9879327642945948,-1.464578800557003,0.0,1.7417700788909365,-0.23632261648912098,-0.005639382242769227,-0.638325571740905,1.7231087452631138,1.6215115856271138,-0.8248712774188731,0.0,1.0,0
-0.38477784145617483,-0.29825952411656986,0.8454346532805134,-0.8539917403233089,0.38280083391947883,0.0,0.3647860254821981,1.2705781876107307,-1.0081962254017445,-0.638325571740905,0.5533674077397471,0.2863847139703712,0.2838821907548465,0.0,1.0,0
-0.4212690037933759,-1.3475069980141374,-1.3103880493682132,-0.6211288514720618,-1.5688194678007419,0.0,-0.5532033434569608,-0.12040717001990163,0.9969174609162059,1.5665986829772471,-0.6163739297836195,-1.0487421576863714,-0.4283634146282712,1.0,0.0,1
0.5296477559348632,-0.3856968136080338,0.31403254491390775,-0.9653609480347742,0.4608147673360596,0.0,0.8237807099517775,-1.163646188242876,0.4956390393367183,-0.638325571740905,0.6597075293327804,0.2863847139703712,1.6753310796218654,1.0,0.0,0
-0.47922555574069525,-0.42941545835376577,-1.171925202555676,0.2293269165064044,-1.2889263107215343,0.0,-0.09420865898738136,-1.163646188242876,1.4981958824956936,1.5665986829772471,-0.2973535650045195,0.2863847139703712,-0.7330870499210483,0.0,1.0,0
-0.5758198089862274,0.8384252392724616,0.4770973411878618,-0.6616267451853213,0.23676698805971474,0.0,-0.09420865898738136,1.5024090805491692,-1.0081962254017445,-0.638325571740905,0.1280069213676138,0.2863847139703712,-1.3535484278063419,1.0,0.0,1
0.08960726892743881,-0.9103205505568176,-0.6315280064172394,1.0494092641999277,-0.6487638400073726,0.0,-1.4711927123961197,-0.4681535094275597,1.4981958824956936,1.5665986829772471,-1.5734350241209194,-1.0487421576863714,1.3412364915297845,1.0,0.0,0
1.7016580286473204,-0.47313410309949777,-0.129263831943999,0.39131849135944574,0.7536092969445615,0.0,-1.4711927123961197,0.22733916938775642,0.9969174609162059,1.5665986829772471,-1.467094902527886,-1.0487421576863714,-1.4710322390035573,1.0,0.0,0
-0.6702675232707478,1.4067676209669773,1.116901789368836,0.5533100662124871,0.8135128529608642,0.0,1.282775394421357,-1.5113925276505338,-0.005639382242769227,-0.638325571740905,1.0850680157049137,1.6215115856271138,1.2935086932309154,0.0,1.0,0
-0.5436217245710501,-1.4786629322513334,-0.5733290197225748,0.23945138993472107,-1.086259679345852,0.0,1.7417700788909365,-0.9318152953044371,0.4956390393367183,-0.638325571740905,1.6167686236700805,1.6215115856271138,0.8052166029424895,1.0,0.0,0
-0.48351863366271886,-0.6917273268281576,0.6654560167518353,-1.5323314600204172,0.09806209091377562,0.0,1.282775394421357,-0.5840689558967791,0.4956390393367183,-0.638325571740905,1.191408137297947,1.6215115856271138,0.852944401241358,0.0,1.0,0
-0.6037248154793812,-0.1671035898793739,1.2869627650208806,-1.7145719817300882,0.6361644080511224,0.0,-0.09420865898738136,-0.5840689558967791,0.4956390393367183,-0.638325571740905,-0.19101344341148618,0.2863847139703712,-0.1640248394345369,0.0,1.0,0
1.0405240286556778,0.2263642128322139,-1.0863565470851853,-0.15540307376956747,-0.21847580973455502,0.0,-1.0121980279265403,0.34325461585697575,-0.5069178038222568,-0.638325571740905,-0.9353942945627195,-1.0487421576863714,-1.5407882519019038,1.0,0.0,1
0.08316765204440328,0.2263642128322139,-0.028318958060122645,1.424014781047583,0.07480327846659651,0.0,-1.0121980279265403,-0.35223806295834037,-0.005639382242769227,-0.638325571740905,-1.041734416155753,-1.0487421576863714,-0.997425625114783,1.0,0.0,0
-0.6466555946996178,-1.4786629322513334,1.1268963313375366,-0.20602544091114355,0.1950949490918517,0.0,-0.5532033434569608,-1.163646188242876,-0.005639382242769227,-0.638325571740905,-0.7227140513766528,-1.0487421576863714,-1.1149094363119982,0.0,1.0,0
0.2398649961982666,-0.3856968136080338,0.7955388245290775,0.5026876990709146,0.6766250505373609,0.0,-0.5532033434569608,1.6183245270183886,1.4981958824956936,1.5665986829772471,-0.40369368659755284,-1.0487421576863714,-1.2617642003085174,1.0,0.0,1
0.1797619052899356,-0.3419781688623018,1.0810752004656479,1.282272153051175,0.8773534475424453,0.0,-1.4711927123961197,-0.23632261648912098,-1.0081962254017445,-0.638325571740905,-1.467094902527886,-1.0487421576863714,1.612917804923345,1.0,0.0,0
-0.2795974323665954,1.0132998182553896,0.1206765983655837,-1.0058588417480336,0.16190268549535666,0.0,0.8237807099517775,1.1546627411415114,-0.005639382242769227,-0.638325571740905,0.9787278941118804,0.2863847139703712,0.6032913024472758,1.0,0.0,0
-0.4663463219746242,0.1826455680864819,-0.15963186331043547,0.2698248102196674,-0.34845865221280214,0.0,-0.5532033434569608,-0.9318152953044371,0.9969174609162059,1.5665986829772471,-0.7227140513766528,-1.0487421576863714,-1.0965525908124334,0.0,1.0,0
1.471978359819055,-1.4786629322513334,-1.2960112851516976,1.0392847907716112,-0.5181147294642328,0.0,-0.09420865898738136,-0.12040717001990163,-1.0081962254017445,-0.638325571740905,-0.08467332181845284,0.2863847139703712,-0.7367584190209615,1.0,0.0,0
0.1196588143816044,0.8384252392724616,-1.8497857913097797,-0.7426225326118401,-1.2039468475356163,0.0,1.282775394421357,1.1546627411415114,0.9969174609162059,1.5665986829772471,1.4040883804840139,1.6215115856271138,-0.6339600842233981,1.0,0.0,1
-0.6595348284656887,-1.4786629322513334,-1.636133236455787,0.5735590130691168,-1.9889923374519993,0.0,0.3647860254821981,1.734239973487608,0.9969174609162059,1.5665986829772471,0.5533674077397471,0.2863847139703712,-1.180994080110432,0.0,1.0,1
-0.47278593885765974,-0.8666019058110855,0.47356081095278324,-1.1172280494594988,-0.0858278949967355,0.0,1.282775394421357,0.22733916938775642,0.4956390393367183,-0.638325571740905,1.2977482588909803,1.6215115856271138,-1.1773227110105189,0.0,1.0,1
-0.5951386596353339,-0.1671035898793739,-0.7073327631952303,-1.8461901362981832,-0.9301712426886098,0.0,0.8237807099517775,-1.163646188242876,0.4956390393367183,-0.638325571740905,0.6597075293327804,0.2863847139703712,-0.16769620853444966,0.0,1.0,0
1.3260137104702507,1.0132998182553896,1.4198132921125324,1.7378734573253527,2.0915361410741027,0.0,0.8237807099517775,-1.3954770811813144,-0.5069178038222568,-0.638325571740905,0.6597075293327804,0.2863847139703712,0.3646523109529321,1.0,0.0,0
1.287376009172038,0.051489633849285975,-1.9371227118978098,0.8975421627751995,-0.7881955750422861,0.0,1.282775394421357,0.34325461585697575,0.9969174609162059,1.5665986829772471,1.2977482588909803,1.6215115856271138,-0.6009177623241811,1.0,0.0,0
0.21839960658814841,0.4886760813066058,-1.1169552217278225,1.6163797761855707,-0.6484004210628853,0.0,0.3647860254821981,0.4591700623261951,-1.0081962254017445,-0.638325571740905,0.4470272861467138,0.2863847139703712,0.1113278430589365,1.0,0.0,0
-0.18085664016005137,-0.2108222346251059,0.3577010052079225,-0.06428281291473192,0.13301087940862566,0.0,-0.09420865898738136,0.6910009552646338,-1.0081962254017445,-0.638325571740905,0.02166679977458048,0.2863847139703712,-0.5825609168246165,1.0,0.0,1
-0.6402159778165821,-1.5661002217427973,0.45111153206924015,1.6872510901837765,-0.35306195884297326,0.0,1.7417700788909365,-1.3954770811813144,-1.509474646981232,-0.638325571740905,1.6167686236700805,1.6215115856271138,-0.17136757763436283,1.0,0.0,0
0.8366028273595544,1.1881743972383174,1.1482692749321428,0.2293269165064044,1.640169812021029,0.0,-0.09420865898738136,-0.4681535094275597,0.9969174609162059,1.5665986829772471,-0.19101344341148618,0.2863847139703712,-1.004768363314609,1.0,0.0,1
-0.5908455817133101,0.4886760813066058,-1.5971545227778545,-1.29946857116917,-1.4834160158462553,0.0,-1.4711927123961197,0.22733916938775642,0.9969174609162059,1.5665986829772471,-1.467094902527886,-1.0487421576863714,-0.8505708611182641,0.0,1.0,0
0.8623612948916962,-0.8228832610653536,-1.0792834866150276,-0.4793862234756502,-0.5460374183656638,0.0,-1.4711927123961197,-0.4681535094275597,1.4981958824956936,1.5665986829772471,-1.5734350241209194,-1.0487421576863714,-0.3365791871304469,1.0,0.0,0
0.853775139047649,1.0132998182553896,-0.28302601607785494,1.5252595153307353,0.4834678815424267,0.0,1.7417700788909365,-0.8158998488352177,0.9969174609162059,1.5665986829772471,1.6167686236700805,1.6215115856271138,0.17006974865754435,1.0,0.0,0
2.410015885781223,0.31380150232367787,-1.321074521165516,0.4824387522142813,0.38885781632759847,0.0,0.8237807099517775,-1.0477307417736565,0.9969174609162059,1.5665986829772471,0.6597075293327804,0.2863847139703712,-0.85791359931809,1.0,0.0,0
-0.4770790167796834,-0.6480086820824257,1.5048437799385548,1.4341392544758997,0.7726887915301383,0.0,1.282775394421357,-0.8158998488352177,-0.5069178038222568,-0.638325571740905,1.191408137297947,1.6215115856271138,1.4550489336270866,1.0,0.0,1
-0.5672336531421801,0.7509879497809976,1.0795375786243093,0.49256322564259797,0.6968553717804807,0.0,1.7417700788909365,-1.3954770811813144,-1.509474646981232,-0.638325571740905,1.6167686236700805,1.6215115856271138,-0.806514431919308,0.0,1.0,1
-0.5586474972981328,0.7072693050352656,0.4181295435725279,0.09770876193830944,0.17092758928345467,0.0,-0.09420865898738136,-0.6999844023659983,-0.005639382242769227,-0.638325571740905,-0.19101344341148618,0.2863847139703712,-0.9276696122164365,1.0,0.0,1
-0.1486585557448739,0.8821438840181935,-0.11911552779116458,1.4543882013325293,0.01780707400619074,0.0,1.7417700788909365,-0.6999844023659983,1.4981958824956936,1.5665986829772471,1.6167686236700805,1.6215115856271138,0.2912249289546724,1.0,0.0,0
-0.605871354440393,-0.6480086820824257,-1.0413042271339652,0.7153016410655285,-1.3059464312883506,0.0,-0.5532033434569608,1.2705781876107307,-0.005639382242769227,-0.638325571740905,-0.40369368659755284,-1.0487421576863714,-1.4159617025048625,0.0,1.0,0
-0.4942513284677779,1.4504862657127093,0.44350030395461426,0.4520653319293385,0.39200744717982056,0.0,-0.09420865898738136,0.22733916938775642,0.4956390393367183,-0.638325571740905,-0.08467332181845284,0.2863847139703712,-0.6559882988228759,1.0,0.0,0
0.705663950737833,1.7127981341871013,-1.8160349918923984,-0.9349875277498279,-0.6528220182208126,0.0,0.8237807099517775,0.34325461585697575,-0.005639382242769227,-0.638325571740905,0.8723877725188471,0.2863847139703712,0.05625730656024182,1.0,0.0,1
0.9095851520339566,0.051489633849285975,0.330638860800364,0.39131849135944574,0.7852267451149457,0.0,0.3647860254821981,0.9228318482030725,0.9969174609162059,1.5665986829772471,0.4470272861467138,0.2863847139703712,0.6583618389459706,1.0,0.0,0
-0.6123109713234285,-0.8666019058110855,-0.7373932701933991,-0.22627438776777328,-1.118603965405211,0.0,1.282775394421357,1.734239973487608,-0.005639382242769227,-0.638325571740905,1.5104285020770472,1.6215115856271138,-0.997425625114783,1.0,0.0,0
-0.013426601201128855,0.6635506602895337,-1.0473778334072525,0.6545548004956393,-0.6856508628728208,0.0,-0.5532033434569608,1.734239973487608,-1.509474646981232,-0.638325571740905,-0.2973535650045195,-1.0487421576863714,-1.4306471789045145,1.0,0.0,1
0.965395165020264,-0.12338494513364194,0.03210958030448283,0.7254261144938451,0.5427657393179175,0.0,0.3647860254821981,0.9228318482030725,0.9969174609162059,1.5665986829772471,0.4470272861467138,0.2863847139703712,-0.979068779615218,1.0,0.0,0
-0.5972851985963457,-0.9540391953025495,-1.3272250085308703,-1.8056922425849238,-1.5941982240907628,0.0,1.282775394421357,0.34325461585697575,0.9969174609162059,1.5665986829772471,1.2977482588909803,1.6215115856271138,1.5321476847252595,0.0,1.0,0
-0.5479148024930737,-1.740974800725725,0.9752099366894882,0.7861729550637343,0.07316789321640434,0.0,1.282775394421357,0.6910009552646338,-1.0081962254017445,-0.638325571740905,1.4040883804840139,1.6215115856271138,-0.4467202601278362,0.0,1.0,1
-0.5028374843118253,-0.25454087937083786,0.9018653748576387,-0.681875692041951,0.37032345015875223,0.0,0.3647860254821981,0.6910009552646338,-0.005639382242769227,-0.638325571740905,0.4470272861467138,0.2863847139703712,-0.49811942752661775,0.0,1.0,1
-0.5264494128829554,-1.3475069980141374,-1.939198501383617,0.5026876990709146,-2.123578486560417,0.0,-1.0121980279265403,-1.2795616347120953,-0.5069178038222568,-0.638325571740905,-1.1480745377487862,-1.0487421576863714,-0.13098251753532003,1.0,0.0,0
1.3002552429381087,-1.5223815769970652,0.5796567180051435,1.41389030761927,0.8530043782618045,0.0,0.8237807099517775,-1.6273079741197531,-1.509474646981232,-0.638325571740905,0.6597075293327804,0.2863847139703712,0.863958508541097,1.0,0.0,0
-0.382631302495163,0.2263642128322139,1.188401204991079,-0.7831204263251031,0.770508277863215,0.0,-1.4711927123961197,-0.6999844023659983,0.4956390393367183,-0.638325571740905,-1.5734350241209194,-1.0487421576863714,0.9777709506383999,0.0,1.0,0
-0.36975206872909205,0.0077709891035539986,-0.5947019633171808,-0.3275191220509219,-0.6754751324271802,0.0,0.8237807099517775,0.8069164017338532,-1.509474646981232,-0.638325571740905,0.9787278941118804,0.2863847139703712,0.3205958817539765,1.0,0.0,0
0.18620152217297095,1.5816421999499053,-0.6945705019121202,0.3103227039329269,-0.09152145846036827,0.0,-1.4711927123961197,-0.12040717001990163,-0.5069178038222568,-0.638325571740905,-1.467094902527886,-1.0487421576863714,-0.7367584190209615,1.0,0.0,0
0.42017426892326,-0.1671035898793739,-0.7726816914521191,0.49256322564259797,-0.40866505734951086,0.0,-0.5532033434569608,1.3864936340799499,0.4956390393367183,-0.638325571740905,-0.40369368659755284,-1.0487421576863714,1.3412364915297845,1.0,0.0,1
-0.40409669210528126,-0.42941545835376577,1.0523985531246836,-0.07440728634304498,0.5058787164524693,0.0,0.8237807099517775,1.038747294672292,-0.5069178038222568,-0.638325571740905,0.9787278941118804,0.2863847139703712,-0.5788895477247034,0.0,1.0,1
-0.6359228998945585,1.1881743972383174,-1.097043018882488,-0.06428281291473192,-0.9597898866643148,0.0,-1.4711927123961197,1.038747294672292,0.9969174609162059,1.5665986829772471,-1.3607547809348528,-1.0487421576863714,0.3022390362544115,0.0,1.0,0
2.671893639024666,-0.8228832610653536,-0.803818533739225,0.2799492836479805,0.6921914953262288,0.0,-1.0121980279265403,1.038747294672292,-1.0081962254017445,-0.638325571740905,-0.8290541729696862,-1.0487421576863714,1.0842406545358758,1.0,0.0,1
-0.6724140622317596,-1.6098188664885291,-0.25388808218448927,-1.9271859237247058,-0.9363493647448917,0.0,-1.4711927123961197,0.9228318482030725,0.4956390393367183,-0.638325571740905,-1.3607547809348528,-1.0487421576863714,-0.8285426465187858,0.0,1.0,0
2.3048354766916437,1.2756116867297813,1.2367594119011769,-1.0767301557462394,2.5578632166752313,0.0,0.3647860254821981,-0.35223806295834037,-1.0081962254017445,-0.638325571740905,0.3406871645536805,0.2863847139703712,0.7207751136444911,1.0,0.0,0
-0.5114236401558726,0.31380150232367787,1.6036359832445568,-0.3376435954792385,1.0443444525343029,0.0,-1.0121980279265403,-1.2795616347120953,-0.5069178038222568,-0.638325571740905,-1.1480745377487862,-1.0487421576863714,-1.5444596210018169,1.0,0.0,0
3.341613794860356,1.3630489762212454,-1.3243035270323271,-0.30727017519429217,1.144648081212764,0.0,-1.4711927123961197,-0.004491723550682283,-0.005639382242769227,-0.638325571740905,-1.467094902527886,-1.0487421576863714,-0.4100065691287066,1.0,0.0,1
0.040236872824166804,1.7127981341871013,-1.8212629061529493,1.3025210999078047,-1.03247367556175,0.0,-1.4711927123961197,1.6183245270183886,-0.005639382242769227,-0.638325571740905,-1.2544146593418195,-1.0487421576863714,-0.7147302044214837,1.0,0.0,1
-0.6659744453487241,-1.6535375112342612,0.33825008891498987,-1.7753188222999774,-0.47589756207963857,0.0,-1.0121980279265403,1.3864936340799499,0.4956390393367183,-0.638325571740905,-0.8290541729696862,-1.0487421576863714,-1.3902621188054718,0.0,1.0,0
-0.5500613414540855,1.3630489762212454,1.0664677929729312,-1.9676838174379652,0.8319260794815482,0.0,-1.4711927123961197,-0.4681535094275597,1.4981958824956936,1.5665986829772471,-1.5734350241209194,-1.0487421576863714,-0.7257443117212224,0.0,1.0,1
-0.5200097959999199,0.0077709891035539986,1.3985941107020603,0.10783323536662609,0.8101209428123175,0.0,-0.5532033434569608,1.3864936340799499,0.4956390393367183,-0.638325571740905,-0.40369368659755284,-1.0487421576863714,0.5041643367496252,1.0,0.0,0
-0.05421084146035354,-0.6917273268281576,-0.7415448491650132,-0.38826596262081464,-0.7681469632714102,0.0,-0.09420865898738136,-0.4681535094275597,0.9969174609162059,1.5665986829772471,-0.19101344341148618,0.2863847139703712,1.5431617920249985,1.0,0.0,0
2.4658258987675308,-0.3419781688623018,0.3400183540325294,-0.0440338660581022,1.583658166153273,0.0,-0.5532033434569608,-0.6999844023659983,-1.509474646981232,-0.638325571740905,-0.6163739297836195,-1.0487421576863714,1.194381727533265,1.0,0.0,0
0.15829651567981723,0.4449574365608738,1.4486437016376303,-0.9248630543215112,1.3292649050122491,0.0,-1.0121980279265403,-0.8158998488352177,1.4981958824956936,1.5665986829772471,-1.1480745377487862,-1.0487421576863714,0.29856766715449834,1.0,0.0,0
-0.5243028739219436,1.4067676209669773,0.34386240863587575,-2.038555131436171,0.2868582325748638,0.0,-1.0121980279265403,-1.5113925276505338,-1.509474646981232,-0.638325571740905,-1.1480745377487862,-1.0487421576863714,1.8405426891179495,0.0,1.0,0
4.614511398740369,-1.0414764847940134,-1.0516831745630004,-0.9046141074648815,1.5447723390931452,0.0,-1.4711927123961197,-0.004491723550682283,-0.005639382242769227,-0.638325571740905,-1.467094902527886,-1.0487421576863714,-0.11629704113566816,1.0,0.0,1
-0.17441702327701583,-0.2108222346251059,0.4851698558548893,-0.01366044577315582,0.23706983718012073,0.0,0.3647860254821981,-0.6999844023659983,0.9969174609162059,1.5665986829772471,0.23434704296064715,0.2863847139703712,-0.68535925162218,1.0,0.0,0
0.2205461455491602,-0.29825952411656986,-1.8224161225339532,1.5860063559006243,-1.377418823704162,0.0,0.3647860254821981,0.5750855087954145,-0.5069178038222568,-0.638325571740905,0.4470272861467138,0.2863847139703712,-1.0855384835126944,1.0,0.0,0
-0.39336399730022215,-0.8228832610653536,1.3842942275776116,0.39131849135944574,0.68619508274219,0.0,0.3647860254821981,-1.0477307417736565,-0.5069178038222568,-0.638325571740905,0.23434704296064715,0.2863847139703712,0.2691967143551946,0.0,1.0,0
-0.5844059648302747,0.6635506602895337,0.44219332538947637,-1.8968125034397594,0.16565801458839072,0.0,0.3647860254821981,-1.6273079741197531,0.4956390393367183,-0.638325571740905,0.1280069213676138,0.2863847139703712,-0.3439219253302728,0.0,1.0,0
2.5881786195452046,1.2318930419840495,1.4517958264123743,0.5431855927841741,2.8774901783517035,0.0,-1.0121980279265403,1.1546627411415114,-0.5069178038222568,-0.638325571740905,-0.8290541729696862,-1.0487421576863714,-0.18238168493410153,1.0,0.0,1
-0.45990670509158876,-0.7791646163196216,-0.4021148276895264,-0.8641162137516221,-0.7490674686858334,0.0,1.7417700788909365,-0.4681535094275597,-1.0081962254017445,-0.638325571740905,1.7231087452631138,1.6215115856271138,0.9594141051388345,1.0,0.0,0
-0.5135701791168844,-1.3912256427598693,0.6930563288038623,-0.6008799046154321,-0.052211642631671655,0.0,1.282775394421357,1.8501554199568273,0.4956390393367183,-0.638325571740905,1.5104285020770472,1.6215115856271138,-0.9166555049166975,1.0,0.0,0
-0.5543544193761091,-1.0414764847940134,0.940920969627638,0.05721086822505,0.19757831187918096,0.0,-1.0121980279265403,-0.12040717001990163,0.9969174609162059,1.5665986829772471,-1.041734416155753,-1.0487421576863714,1.5578472684246505,1.0,0.0,0
-0.530742490804979,-0.12338494513364194,0.49147410540437736,-1.9271859237247058,0.06032709051119031,0.0,0.8237807099517775,1.6183245270183886,-1.509474646981232,-0.638325571740905,1.0850680157049137,0.2863847139703712,0.6950755299451001,0.0,1.0,0
0.09604688581047426,1.3193303314755134,-0.11142741858447178,0.8570442690619401,0.2588749738493513,0.0,-1.4711927123961197,-0.5840689558967791,0.9969174609162059,1.5665986829772471,-1.5734350241209194,-1.0487421576863714,0.46745064575049555,1.0,0.0,0
0.4695446650265321,1.1007371077468535,-0.2428172049268517,0.34069612421787326,0.317688273032193,0.0,1.282775394421357,1.038747294672292,0.4956390393367183,-0.638325571740905,1.4040883804840139,1.6215115856271138,-1.3205061059071252,1.0,0.0,0
-0.40195015314426946,-0.25454087937083786,-0.7096391959572382,0.02683744794010362,-0.8423449977708755,0.0,-1.0121980279265403,-0.5840689558967791,-1.0081962254017445,-0.638325571740905,-1.041734416155753,-1.0487421576863714,-1.309491998607386,0.0,1.0,0
-0.6702675232707478,1.3193303314755134,0.3713858395958359,0.047086394796733336,0.20678492513952265,0.0,1.7417700788909365,-0.9318152953044371,0.4956390393367183,-0.638325571740905,1.6167686236700805,1.6215115856271138,0.3242672508538893,0.0,1.0,0
-0.6530952115826532,-1.0851951295397455,1.0175714184183653,0.9684134767734054,0.19255101648044157,0.0,-0.5532033434569608,-1.6273079741197531,1.4981958824956936,1.5665986829772471,-0.8290541729696862,-1.0487421576863714,0.2471684997557168,1.0,0.0,0
0.21839960658814841,0.5323947260523377,0.5815787453068166,1.849242665036818,0.6994598742159723,0.0,-0.5532033434569608,0.8069164017338532,1.4981958824956936,1.5665986829772471,-0.5100338081905862,-1.0487421576863714,-0.17871031583418875,1.0,0.0,0
-0.5736732700252155,0.6635506602895337,-0.31600800457456696,-1.5424559334487338,-0.4256246080922458,0.0,-0.5532033434569608,0.5750855087954145,0.4956390393367183,-0.638325571740905,-0.5100338081905862,-1.0487421576863714,0.6510191007461446,0.0,1.0,1
-0.6101644323624166,1.1007371077468535,-0.7160972076908602,-1.8461901362981832,-0.6645119942684836,0.0,0.3647860254821981,-1.163646188242876,-1.0081962254017445,-0.638325571740905,0.23434704296064715,0.2863847139703712,0.9997991652378773,0.0,1.0,0
-0.6509486726216414,-0.6917273268281576,0.9662917300097243,-1.5120825131637874,0.24058288697683022,0.0,-1.0121980279265403,0.22733916938775642,-1.0081962254017445,-0.638325571740905,-0.9353942945627195,-1.0487421576863714,0.19576933235693492,0.0,1.0,1
0.042383411785178585,0.051489633849285975,1.2331460005740311,-1.03623226203298,1.0068517314280427,0.0,-1.0121980279265403,-0.8158998488352177,1.4981958824956936,1.5665986829772471,-1.1480745377487862,-1.0487421576863714,-1.1773227110105189,1.0,0.0,1
3.575586541610645,-1.0414764847940134,-0.11181182404480651,1.1304050516264468,1.6989225413797893,0.0,0.3647860254821981,0.6910009552646338,-0.005639382242769227,-0.638325571740905,0.4470272861467138,0.2863847139703712,1.3779501825289144,1.0,0.0,0
-0.6402159778165821,0.7509879497809976,1.3472375412013524,0.8469197956336271,0.8665720188559922,0.0,0.3647860254821981,0.6910009552646338,-0.005639382242769227,-0.638325571740905,0.4470272861467138,0.2863847139703712,0.7134323754446652,1.0,0.0,0
-0.530742490804979,-1.6535375112342612,-1.8192639977592093,0.4419408585010219,-2.0993505569279387,0.0,-1.0121980279265403,-1.3954770811813144,-1.0081962254017445,-0.638325571740905,-1.1480745377487862,-1.0487421576863714,1.2531236331318734,0.0,1.0,0
-0.3568728349630211,1.6690794894413692,1.2126187489921616,0.6950526942088987,1.1239332013769943,0.0,1.7417700788909365,-0.8158998488352177,0.9969174609162059,1.5665986829772471,1.6167686236700805,1.6215115856271138,-0.5568613331252256,1.0,0.0,1
-0.21949434145826419,-0.9540391953025495,0.5212270880342785,0.21920244307809136,0.0752878370592462,0.0,0.3647860254821981,1.8501554199568273,1.4981958824956936,1.5665986829772471,0.5533674077397471,0.2863847139703712,-1.173651341910606,1.0,0.0,1
0.978274398786335,-1.0851951295397455,0.7444128983045701,-0.4490128031907038,0.8980077575541328,0.0,-1.0121980279265403,1.2705781876107307,-0.005639382242769227,-0.638325571740905,-0.8290541729696862,-1.0487421576863714,-0.6963733589219187,1.0,0.0,0
-0.605871354440393,0.8821438840181935,-1.6419761994528734,1.2114008390529691,-1.4399874519800375,0.0,-1.4711927123961197,-0.004491723550682283,-0.005639382242769227,-0.638325571740905,-1.467094902527886,-1.0487421576863714,-0.6486455606230499,1.0,0.0,1
-0.5779663479472393,0.6635506602895337,1.2544420630765705,0.11795770879493915,0.8092123954510996,0.0,0.3647860254821981,1.6183245270183886,0.4956390393367183,-0.638325571740905,0.5533674077397471,0.2863847139703712,-0.6743451443224409,0.0,1.0,1
1.302401781899121,-0.07966630038790996,-1.9218233745764912,0.7557995347787915,-0.7967359202377347,0.0,-1.0121980279265403,-0.23632261648912098,0.4956390393367183,-0.638325571740905,-1.041734416155753,-1.0487421576863714,1.5945609594237797,1.0,0.0,1
-0.6187505882064639,0.6635506602895337,-1.0685970148177248,0.7355505879221582,-1.0439819421371774,0.0,0.3647860254821981,-0.8158998488352177,0.4956390393367183,-0.638325571740905,0.23434704296064715,0.2863847139703712,0.4931502294498865,1.0,0.0,1
-0.6015782765183694,1.6690794894413692,1.5701927081954434,-1.3197175180257996,1.2675442542735107,0.0,0.3647860254821981,-0.12040717001990163,-0.005639382242769227,-0.638325571740905,0.3406871645536805,0.2863847139703712,0.2838821907548465,0.0,1.0,1
-0.6144575102844403,0.27008285757794587,-1.2860167431829967,-0.18577649405451382,-1.3000711583524744,0.0,0.3647860254821981,-0.4681535094275597,-1.509474646981232,-0.638325571740905,0.3406871645536805,0.2863847139703712,-1.1406090200113892,0.0,1.0,0
-0.4470274713255178,0.9695811735096576,-1.9245142127988335,0.32044717736123995,-1.5535558721322802,0.0,0.3647860254821981,1.3864936340799499,-0.5069178038222568,-0.638325571740905,0.5533674077397471,0.2863847139703712,-0.8248712774188731,1.0,0.0,1
-0.26886473756153617,-0.9540391953025495,0.6600743403071504,-0.9349875277498279,0.15681482027253585,0.0,-1.4711927123961197,-0.23632261648912098,-1.0081962254017445,-0.638325571740905,-1.467094902527886,-1.0487421576863714,0.7024182681449261,1.0,0.0,0
-0.6123109713234285,0.7509879497809976,-0.34245510024559017,0.19895349622146163,-0.4488834205394254,0.0,1.7417700788909365,-1.0477307417736565,-0.005639382242769227,-0.638325571740905,1.6167686236700805,1.6215115856271138,-0.4724198438272272,0.0,1.0,0
-0.49639786742878983,-1.740974800725725,-1.6183737041883266,1.788495824466929,-1.9410816066037733,0.0,-1.4711927123961197,1.3864936340799499,-1.0081962254017445,-0.638325571740905,-1.2544146593418195,-1.0487421576863714,-1.144280389111302,1.0,0.0,0
0.8988524572288973,-1.1289137742854773,0.20901297315048398,-0.37814148919249796,0.42168666097960666,0.0,-1.4711927123961197,0.6910009552646338,-0.5069178038222568,-0.638325571740905,-1.3607547809348528,-1.0487421576863714,1.388964289828653,1.0,0.0,1
-0.4620532440526007,-1.5223815769970652,-1.3366813828551025,-1.7753188222999774,-1.6513155681993308,0.0,-0.5532033434569608,0.11142372291853707,-1.509474646981232,-0.638325571740905,-0.5100338081905862,-1.0487421576863714,-0.26682317423210034,0.0,1.0,0
-0.3654589908070684,0.31380150232367787,1.1066766041239346,0.036961921368420275,0.735196070423878,0.0,-1.4711927123961197,1.3864936340799499,-1.0081962254017445,-0.638325571740905,-1.2544146593418195,-1.0487421576863714,-0.24112359053270938,1.0,0.0,0
-0.6166040492454521,-1.4786629322513334,-0.675580872171589,-0.0946562331996783,-1.2080050257490564,0.0,-0.5532033434569608,-0.6999844023659983,-1.509474646981232,-0.638325571740905,-0.6163739297836195,-1.0487421576863714,0.2802108216549337,1.0,0.0,0
-0.4985444063898017,1.4067676209669773,-0.5980078502760587,0.13820665565156887,-0.44064592446438255,0.0,0.8237807099517775,0.11142372291853707,-1.0081962254017445,-0.638325571740905,0.8723877725188471,0.2863847139703712,-1.2507500930087785,1.0,0.0,0
-0.013426601201128855,-0.5605713925909617,1.303953486367672,0.12808218222325582,0.8954638249427227,0.0,0.3647860254821981,0.4591700623261951,-1.0081962254017445,-0.638325571740905,0.4470272861467138,0.2863847139703712,-0.5164762730261828,1.0,0.0,1
-0.6767071401537833,-0.29825952411656986,0.8009205009737623,-0.7426225326118401,0.18298098427561246,0.0,-0.09420865898738136,0.8069164017338532,-0.5069178038222568,-0.638325571740905,0.02166679977458048,0.2863847139703712,-0.2264381141330575,0.0,1.0,0
-0.3718986076901039,1.4504862657127093,1.2233052207894646,-1.1374769963161286,1.0754167722879566,0.0,-1.0121980279265403,0.8069164017338532,1.4981958824956936,1.5665986829772471,-0.9353942945627195,-1.0487421576863714,1.2384381567322207,1.0,0.0,0
0.3493384832098697,-1.3475069980141374,-1.0039400163894385,-0.5806309577587988,-0.8924968121101057,0.0,-1.4711927123961197,-0.23632261648912098,-1.0081962254017445,-0.638325571740905,-1.467094902527886,-1.0487421576863714,0.6914041608451871,1.0,0.0,0
-0.5457682635320618,1.7127981341871013,1.2634371508484008,-1.0969791026028692,1.0670581365647513,0.0,-1.0121980279265403,-1.0477307417736565,0.4956390393367183,-0.638325571740905,-1.1480745377487862,-1.0487421576863714,-1.0084397324145218,0.0,1.0,0
-0.5500613414540855,-0.7354459715738897,-0.7762182216871978,-1.0666056823179229,-1.084987713040147,0.0,-1.4711927123961197,-1.163646188242876,-1.509474646981232,-0.638325571740905,-1.5734350241209194,-1.0487421576863714,-0.6339600842233981,0.0,1.0,1
1.3947029572226293,0.5761133707980697,-0.49022055919822566,-0.3680170157641849,0.5285924004829178,0.0,-1.4711927123961197,-0.004491723550682283,-0.005639382242769227,-0.638325571740905,-1.467094902527886,-1.0487421576863714,-0.5752181786247906,1.0,0.0,1
0.518915061129804,0.31380150232367787,-1.9435038425393647,1.7378734573253527,-1.1687557797444414,0.0,-1.0121980279265403,1.3864936340799499,0.4956390393367183,-0.638325571740905,-0.8290541729696862,-1.0487421576863714,-0.7918289555196562,1.0,0.0,0
-0.6380694388555704,1.1881743972383174,1.1822507176257246,-0.12502965348462108,0.8347122913892828,0.0,1.7417700788909365,-1.6273079741197531,0.9969174609162059,1.5665986829772471,1.5104285020770472,1.6215115856271138,1.4954339937261294,0.0,1.0,1
-0.592992120674322,0.2263642128322139,0.6246321568642965,-1.917061450296389,0.20763290267665974,0.0,-1.4711927123961197,-0.6999844023659983,0.4956390393367183,-0.638325571740905,-1.5734350241209194,-1.0487421576863714,-0.2264381141330575,0.0,1.0,0
-0.6208971271674758,0.27008285757794587,0.6211725077212849,0.6343058536390096,0.1988502781848863,0.0,-0.09420865898738136,0.4591700623261951,1.4981958824956936,1.5665986829772471,-0.08467332181845284,0.2863847139703712,0.2691967143551946,0.0,1.0,0
-0.48995825054575437,1.2756116867297813,-1.94012107448842,0.8671687424902568,-1.522241273082302,0.0,1.282775394421357,-0.23632261648912098,-1.509474646981232,-0.638325571740905,1.2977482588909803,1.6215115856271138,0.7281178518443171,1.0,0.0,0
-0.6788536791147951,-1.0851951295397455,-0.05953268143929541,-1.1374769963161286,-0.6705689766766033,0.0,-0.09420865898738136,-0.004491723550682283,-0.5069178038222568,-0.638325571740905,-0.08467332181845284,0.2863847139703712,-0.6009177623241811,1.0,0.0,0
-0.5565009583371209,-1.0851951295397455,-1.2943967822182922,0.016712974511790556,-1.5743918916162118,0.0,-1.4711927123961197,-1.163646188242876,-1.509474646981232,-0.638325571740905,-1.5734350241209194,-1.0487421576863714,-0.7147302044214837,0.0,1.0,0
-0.3890709193781985,0.31380150232367787,1.1245898985755287,1.0797826844848706,0.7359834781369331,0.0,1.7417700788909365,-0.12040717001990163,0.4956390393367183,-0.638325571740905,1.7231087452631138,1.6215115856271138,-1.1112380672120854,1.0,0.0,0
-0.5522078804150974,-1.1289137742854773,-1.9511919517460576,-0.02378491920147248,-2.099108277631614,0.0,1.7417700788909365,-0.9318152953044371,0.4956390393367183,-0.638325571740905,1.6167686236700805,1.6215115856271138,1.513790839225694,0.0,1.0,0
-0.37833822457313937,1.6253608446956371,1.054166818242223,-0.8843651606082518,0.9772936572764188,0.0,0.8237807099517775,-1.5113925276505338,-1.0081962254017445,-0.638325571740905,0.6597075293327804,0.2863847139703712,-0.23010948323297029,0.0,1.0,0
-0.00269390639606976,1.7127981341871013,-1.0240828625109735,0.6545548004956393,-0.4286530992963056,0.0,0.8237807099517775,-1.6273079741197531,-1.509474646981232,-0.638325571740905,0.6597075293327804,0.2863847139703712,-0.9753974105153053,1.0,0.0,0
-0.2667181986005244,-1.0414764847940134,0.3480139876074896,-0.5300085906172263,-0.10720904289739785,0.0,-1.4711927123961197,-1.3954770811813144,0.9969174609162059,1.5665986829772471,-1.6797751457139527,-1.0487421576863714,-1.2984778913076471,1.0,0.0,0
-0.36975206872909205,0.1826455680864819,-1.6582749909710621,0.4824387522142813,-1.4746333913544818,0.0,1.7417700788909365,-1.163646188242876,-0.5069178038222568,-0.638325571740905,1.6167686236700805,1.6215115856271138,0.24349713065580364,1.0,0.0,0
-0.6767071401537833,-0.47313410309949777,1.2956503284244434,-0.5300085906172263,0.533983114826144,0.0,-1.0121980279265403,-0.4681535094275597,-0.5069178038222568,-0.638325571740905,-1.041734416155753,-1.0487421576863714,0.8125593411423159,1.0,0.0,0
-0.5092771011948608,1.7127981341871013,-1.082128087021504,-1.0564812088896098,-0.7602728861408546,0.0,-0.09420865898738136,-0.12040717001990163,-1.0081962254017445,-0.638325571740905,-0.08467332181845284,0.2863847139703712,0.9300431523395307,0.0,1.0,0
-0.37619168561212757,0.2263642128322139,1.4237342278079457,0.5330611193558574,0.9595466988206283,0.0,0.3647860254821981,0.34325461585697575,-1.509474646981232,-0.638325571740905,0.4470272861467138,0.2863847139703712,1.2678091095315251,0.0,1.0,0
0.4094415741182009,-1.3475069980141374,-0.9176025499982782,0.34069612421787326,-0.7905577981814528,0.0,0.3647860254821981,1.734239973487608,0.9969174609162059,1.5665986829772471,0.5533674077397471,0.2863847139703712,-1.2911351531078212,1.0,0.0,0
0.0917538078884506,-0.3856968136080338,0.17710731994270906,0.8165463753486807,0.10581502839616883,0.0,-1.0121980279265403,1.3864936340799499,0.4956390393367183,-0.638325571740905,-0.8290541729696862,-1.0487421576863714,-1.5664878356012946,1.0,0.0,1
-0.3053558998987373,-0.3419781688623018,-1.663887310691948,0.47231427878596827,-1.559007156299588,0.0,-0.09420865898738136,1.2705781876107307,1.4981958824956936,1.5665986829772471,0.02166679977458048,0.2863847139703712,1.7377443543203863,1.0,0.0,0
-0.6316298219725348,1.6690794894413692,0.5326054896601835,-1.5424559334487338,0.4331343577309525,0.0,0.3647860254821981,-0.12040717001990163,-0.005639382242769227,-0.638325571740905,0.3406871645536805,0.2863847139703712,-0.32189371073079504,0.0,1.0,0
-0.38692438041718663,-1.3912256427598693,-0.7139445371129862,0.9886624236300351,-1.0892276007258308,0.0,0.3647860254821981,0.5750855087954145,-0.5069178038222568,-0.638325571740905,0.4470272861467138,0.2863847139703712,1.2494522640319599,1.0,0.0,0
-0.6080178934014048,-0.9103205505568176,-0.2563482771306309,-1.0564812088896098,-0.7468869550189104,0.0,-1.0121980279265403,-0.004491723550682283,1.4981958824956936,1.5665986829772471,-1.041734416155753,-1.0487421576863714,-1.507745930002687,0.0,1.0,0
0.6412677819074781,0.0077709891035539986,-0.8030497228185555,0.5634345396408038,-0.2690516128423538,0.0,-1.4711927123961197,1.2705781876107307,-1.509474646981232,-0.638325571740905,-1.2544146593418195,-1.0487421576863714,1.0842406545358758,1.0,0.0,0
-0.5822594258692628,0.8821438840181935,0.5490580433625064,-1.167850416601075,0.29951732580783413,0.0,-0.09420865898738136,-1.2795616347120953,0.9969174609162059,1.5665986829772471,-0.2973535650045195,0.2863847139703712,0.889658092240488,0.0,1.0,1
-0.4856651726237307,-1.3037883532684054,0.4800957037784719,-0.995734368319717,-0.18485955736949117,0.0,-0.09420865898738136,1.1546627411415114,0.9969174609162059,1.5665986829772471,0.02166679977458048,0.2863847139703712,0.17006974865754435,0.0,1.0,0
-0.5479148024930737,0.09520827859501796,0.775626621683743,-1.6133272474469396,0.32295784772725694,0.0,-1.4711927123961197,0.22733916938775642,0.9969174609162059,1.5665986829772471,-1.467094902527886,-1.0487421576863714,-0.8468994920183509,0.0,1.0,1
-0.15295163366689757,-0.7354459715738897,0.9269286108714572,1.4037658341909534,0.4809239489310166,0.0,0.3647860254821981,0.9228318482030725,0.9969174609162059,1.5665986829772471,0.4470272861467138,0.2863847139703712,-0.7808148482199171,1.0,0.0,1
2.6633074831806187,-0.9540391953025495,0.021038703046845224,0.6140569067823799,1.308126036407912,0.0,0.3647860254821981,-0.004491723550682283,0.4956390393367183,-0.638325571740905,0.3406871645536805,0.2863847139703712,1.6679883414220398,1.0,0.0,0
-0.592992120674322,-1.3475069980141374,-0.11188870513687336,-0.15540307376956747,-0.7215081987288892,0.0,0.3647860254821981,0.6910009552646338,-0.005639382242769227,-0.638325571740905,0.4470272861467138,0.2863847139703712,-0.6339600842233981,0.0,1.0,0
-0.3998036141832576,-0.7791646163196216,0.7464118066983102,0.9684134767734054,0.18970423474862547,0.0,0.3647860254821981,-1.163646188242876,-1.0081962254017445,-0.638325571740905,0.23434704296064715,0.2863847139703712,0.3756664182526712,1.0,0.0,0
-0.36116591288504474,1.4067676209669773,0.35839293503652503,1.6163797761855707,0.39037206192962837,0.0,-1.0121980279265403,-0.12040717001990163,0.9969174609162059,1.5665986829772471,-1.041734416155753,-1.0487421576863714,-0.9313409813163492,1.0,0.0,1
0.7121035676208685,1.3630489762212454,0.524763618269357,1.41389030761927,1.1174522302003065,0.0,-0.09420865898738136,-0.004491723550682283,-0.5069178038222568,-0.638325571740905,-0.08467332181845284,0.2863847139703712,1.844214058217862,1.0,0.0,1
1.302401781899121,0.6635506602895337,0.4571851383425272,1.0797826844848706,1.242286637631652,0.0,-0.5532033434569608,1.8501554199568273,-1.0081962254017445,-0.638325571740905,-0.2973535650045195,-1.0487421576863714,-0.03552692093758252,1.0,0.0,1
-0.569380192103192,0.4886760813066058,-0.8472563507570391,-0.4692617500473335,-0.880503986942029,0.0,0.8237807099517775,-0.5840689558967791,-0.5069178038222568,-0.638325571740905,0.7660476509258137,0.2863847139703712,1.194381727533265,0.0,1.0,0
0.20337383386106558,-1.1726324190312094,1.3228662350161362,0.7659240082071046,0.897038640368834,0.0,1.7417700788909365,-0.12040717001990163,0.4956390393367183,-0.638325571740905,1.7231087452631138,1.6215115856271138,-0.6816878825222669,1.0,0.0,0
0.37939002866403543,0.8384252392724616,-0.005869679176579561,0.806421901920364,0.3953387875042863,0.0,0.8237807099517775,-1.163646188242876,0.4956390393367183,-0.638325571740905,0.6597075293327804,0.2863847139703712,-1.4196330716047754,1.0,0.0,0
-0.6659744453487241,-1.2163510637769415,-0.935900249910207,1.0899071579131874,-1.3828095380473884,0.0,-0.09420865898738136,1.6183245270183886,-0.5069178038222568,-0.638325571740905,0.1280069213676138,0.2863847139703712,1.2274240494324824,1.0,0.0,1
-0.23452011418534705,0.27008285757794587,-0.05307466970567322,0.6545548004956393,-0.11429571231489769,0.0,0.3647860254821981,1.038747294672292,1.4981958824956936,1.5665986829772471,0.4470272861467138,0.2863847139703712,1.4256779808277829,1.0,0.0,0
-0.6015782765183694,-0.42941545835376577,0.683830597755831,-2.09930197200606,0.10405850349781436,0.0,1.7417700788909365,-0.23632261648912098,-0.005639382242769227,-0.638325571740905,1.7231087452631138,1.6215115856271138,-0.7587866336204393,0.0,1.0,0
-0.2946232050936781,0.09520827859501796,0.18187394765085863,-0.9856098948914039,-0.001878118820198002,0.0,-1.4711927123961197,0.5750855087954145,-1.0081962254017445,-0.638325571740905,-1.3607547809348528,-1.0487421576863714,0.4490938002509305,1.0,0.0,1
-0.6273367440505112,-0.2108222346251059,0.7943087270560064,-0.7021246388985807,0.2250164421879629,0.0,-0.09420865898738136,-0.35223806295834037,1.4981958824956936,1.5665986829772471,-0.19101344341148618,0.2863847139703712,-0.8101858010192212,0.0,1.0,0
-0.5350355687270028,-0.9103205505568176,-0.24312472929511933,-0.4793862234756502,-0.6952814649017311,0.0,-0.5532033434569608,1.1546627411415114,-0.5069178038222568,-0.638325571740905,-0.40369368659755284,-1.0487421576863714,-0.7514438954206134,0.0,1.0,0
-0.382631302495163,-0.03594765564217798,-1.0711340908559333,1.494886095045789,-1.0677858830010873,0.0,-0.5532033434569608,0.5750855087954145,0.4956390393367183,-0.638325571740905,-0.5100338081905862,-1.0487421576863714,0.3830091564524971,1.0,0.0,1
-0.09499508171957824,-0.9540391953025495,1.1718717701966896,0.14833112907988552,0.6581512541925961,0.0,1.7417700788909365,-0.35223806295834037,-0.5069178038222568,-0.638325571740905,1.7231087452631138,1.6215115856271138,-0.8615849684180027,1.0,0.0,1
-0.5092771011948608,-1.4349442875056013,0.35639402664278497,-1.1880993634577048,-0.3247152811729734,0.0,1.282775394421357,1.2705781876107307,1.4981958824956936,1.5665986829772471,1.4040883804840139,1.6215115856271138,0.5482207659485812,0.0,1.0,0
-0.6595348284656887,-1.1726324190312094,-0.4919888243157651,0.12808218222325582,-1.0197540125046989,0.0,-1.4711927123961197,-0.5840689558967791,0.9969174609162059,1.5665986829772471,-1.5734350241209194,-1.0487421576863714,0.4050373710519749,1.0,0.0,0
-0.6810002180758069,0.27008285757794587,1.3413176971121987,-0.4490128031907038,0.7322887188679805,0.0,0.8237807099517775,1.038747294672292,-0.5069178038222568,-0.638325571740905,0.9787278941118804,0.2863847139703712,0.518849813149277,1.0,0.0,0
-0.5328890297659908,1.6253608446956371,1.0770005025861005,0.4014429647877624,0.9080623483516116,0.0,0.8237807099517775,-0.9318152953044371,1.4981958824956936,1.5665986829772471,0.6597075293327804,0.2863847139703712,1.5284763156253467,1.0,0.0,1
-0.668120984309736,1.3630489762212454,1.0354847128699596,-1.6437006677318824,0.7408896338875103,0.0,-1.0121980279265403,1.2705781876107307,-0.005639382242769227,-0.638325571740905,-0.8290541729696862,-1.0487421576863714,1.7891435217191676,0.0,1.0,0
-0.4062432310662931,1.1007371077468535,0.3400183540325294,0.3811940179311327,0.2826183448891801,0.0,0.8237807099517775,0.5750855087954145,0.9969174609162059,1.5665986829772471,0.8723877725188471,0.2863847139703712,-0.832214015618699,1.0,0.0,1
3.1291064377201847,0.1826455680864819,-1.073748047986209,-0.8236183200383626,0.9604552461818462,0.0,-0.5532033434569608,-0.23632261648912098,0.4956390393367183,-0.638325571740905,-0.6163739297836195,-1.0487421576863714,0.1113278430589365,1.0,0.0,0
-0.20017549080915778,-1.3475069980141374,-1.6415149129004718,0.8975421627751995,-1.7049198625111894,0.0,0.8237807099517775,-0.35223806295834037,0.4956390393367183,-0.638325571740905,0.7660476509258137,0.2863847139703712,-0.8836131830174805,1.0,0.0,0
-0.44273439340349413,-1.6098188664885291,0.8539684544999425,0.6343058536390096,0.06608122379890395,0.0,0.3647860254821981,-0.9318152953044371,-0.005639382242769227,-0.638325571740905,0.23434704296064715,0.2863847139703712,0.03790046106067718,1.0,0.0,0
-0.47922555574069525,-1.3037883532684054,-0.28087334549998094,0.49256322564259797,-0.7807454866802989,0.0,0.8237807099517775,0.9228318482030725,-1.0081962254017445,-0.638325571740905,0.9787278941118804,0.2863847139703712,1.102597500035441,1.0,0.0,0
1.731709574101486,0.1826455680864819,-0.08144379267836961,0.9177911096318293,0.953610856060671,0.0,0.8237807099517775,0.6910009552646338,1.4981958824956936,1.5665986829772471,0.8723877725188471,0.2863847139703712,-0.6082605005240072,1.0,0.0,1
-0.5522078804150974,-1.2163510637769415,-0.04269572227663821,0.6849282207805857,-0.614905308345984,0.0,1.7417700788909365,-0.5840689558967791,-1.509474646981232,-0.638325571740905,1.7231087452631138,1.6215115856271138,0.9447286287391826,0.0,1.0,0
1.1285321260571628,-1.3912256427598693,0.3909905180729026,-0.7527470060401568,0.6365278269956092,0.0,0.8237807099517775,1.3864936340799499,0.9969174609162059,1.5665986829772471,0.9787278941118804,0.2863847139703712,-0.6633310370227018,1.0,0.0,0
1.0340844117726424,-1.3912256427598693,1.0927611264598207,0.7659240082071046,1.136107736017315,0.0,-0.5532033434569608,-1.3954770811813144,-1.0081962254017445,-0.638325571740905,-0.7227140513766528,-1.0487421576863714,1.2788232168312634,1.0,0.0,0
-0.2302270362633234,1.1444557524925854,-0.4978317873128516,0.5229366459275443,-0.2684459146015418,0.0,-1.4711927123961197,-0.9318152953044371,-0.5069178038222568,-0.638325571740905,-1.5734350241209194,-1.0487421576863714,-0.6780165134223537,1.0,0.0,0
1.605063775401788,0.4012387918151418,-0.8037416526471579,0.9886624236300351,0.36154082566697876,0.0,1.282775394421357,1.038747294672292,0.4956390393367183,-0.638325571740905,1.4040883804840139,1.6215115856271138,0.7501460664437949,1.0,0.0,0
-0.6123109713234285,1.4942049104584412,1.1823275987177921,0.7153016410655285,0.917147821963791,0.0,-1.4711927123961197,0.11142372291853707,0.4956390393367183,-0.638325571740905,-1.467094902527886,-1.0487421576863714,-0.9423550886160884,0.0,1.0,0
-0.6745606011927714,-0.6480086820824257,-0.33461322885476363,0.7153016410655285,-0.7879532957459612,0.0,-1.0121980279265403,-1.6273079741197531,1.4981958824956936,1.5665986829772471,-1.2544146593418195,-1.0487421576863714,1.0328414871370946,0.0,1.0,1
-0.2173478024972524,0.09520827859501796,-0.7616108141944814,1.7581224041819825,-0.7015807266061755,0.0,-1.4711927123961197,0.4591700623261951,-1.509474646981232,-0.638325571740905,-1.3607547809348528,-1.0487421576863714,1.054869701736572,1.0,0.0,0
0.8709474507357438,-0.8666019058110855,-1.3791197456760467,0.8874176893468865,-0.7871053182088245,0.0,-1.0121980279265403,-0.35223806295834037,-0.005639382242769227,-0.638325571740905,-1.041734416155753,-1.0487421576863714,-0.08692608833636443,1.0,0.0,0
-0.2946232050936781,-1.2600697085226733,-1.9301265325197194,0.20907796964977468,-1.9662180835974696,0.0,0.3647860254821981,1.6183245270183886,0.4956390393367183,-0.638325571740905,0.5533674077397471,0.2863847139703712,-1.4710322390035573,1.0,0.0,0
2.392843574093128,0.3575201470694098,0.20424634544233441,-0.9046141074648815,1.5905631260985296,0.0,0.8237807099517775,1.3864936340799499,0.9969174609162059,1.5665986829772471,0.9787278941118804,0.2863847139703712,0.6803900535454483,1.0,0.0,0
-0.5221563349609317,-0.42941545835376577,0.5521332870451834,-0.5806309577587988,0.04512406466681042,0.0,0.8237807099517775,0.8069164017338532,-1.509474646981232,-0.638325571740905,0.9787278941118804,0.2863847139703712,-1.6692861703988582,0.0,1.0,0
-0.47063939989664794,-1.2163510637769415,-0.22667217559279665,0.16858007593651525,-0.7138158310705771,0.0,0.8237807099517775,-1.2795616347120953,-0.005639382242769227,-0.638325571740905,0.6597075293327804,0.2863847139703712,-1.2177077711095619,0.0,1.0,1
-0.5200097959999199,-0.8228832610653536,-1.0680588471732564,-0.3477680689075552,-1.3173335582156154,0.0,-1.0121980279265403,0.4591700623261951,-0.005639382242769227,-0.638325571740905,-0.9353942945627195,-1.0487421576863714,0.7134323754446652,0.0,1.0,0
-0.28389051028861906,1.4504862657127093,-0.084519036361047,-0.9046141074648815,0.09473075058930983,0.0,-1.4711927123961197,-1.0477307417736565,-1.0081962254017445,-0.638325571740905,-1.5734350241209194,-1.0487421576863714,-0.8615849684180027,1.0,0.0,1
-0.5350355687270028,-1.6535375112342612,-1.2451160022033911,0.21920244307809136,-1.649437903652814,0.0,1.7417700788909365,-0.35223806295834037,-0.5069178038222568,-0.638325571740905,1.7231087452631138,1.6215115856271138,-0.0905974574362772,0.0,1.0,0
-0.48351863366271886,-0.29825952411656986,-1.6129151466515748,-0.30727017519429217,-1.6097040990555493,0.0,0.3647860254821981,0.5750855087954145,-0.5069178038222568,-0.638325571740905,0.4470272861467138,0.2863847139703712,1.587218221223954,0.0,1.0,0
0.46525158710450837,1.2318930419840495,1.2568253769306452,0.05721086822505,1.5258139841557308,0.0,-1.0121980279265403,-0.4681535094275597,-0.5069178038222568,-0.638325571740905,-1.041734416155753,-1.0487421576863714,0.7758456501431858,1.0,0.0,0
-0.38048476353415117,-0.9977578400482815,1.0132660772626174,1.3430189936210641,0.3623888032041159,0.0,1.7417700788909365,-1.6273079741197531,0.9969174609162059,1.5665986829772471,1.5104285020770472,1.6215115856271138,-0.2741659124319263,1.0,0.0,0
-0.28174397132760715,-1.4786629322513334,0.9945839718903539,1.4037658341909534,0.29679168372418036,0.0,1.282775394421357,0.11142372291853707,-0.005639382242769227,-0.638325571740905,1.2977482588909803,1.6215115856271138,0.19209796325702214,1.0,0.0,1
0.6240954702193835,1.2756116867297813,1.0750784752844271,-0.38826596262081464,1.4819614315209448,0.0,0.3647860254821981,-1.5113925276505338,0.9969174609162059,1.5665986829772471,0.1280069213676138,0.2863847139703712,-0.7073874662216578,1.0,0.0,1
-0.5350355687270028,-1.3475069980141374,-0.5723295655257048,-0.11490518005630801,-1.0515531701473269,0.0,1.7417700788909365,-0.004491723550682283,0.9969174609162059,1.5665986829772471,1.7231087452631138,1.6215115856271138,-1.0304679470139997,0.0,1.0,0
-0.6316298219725348,-0.9540391953025495,0.5067734427256961,-0.8944896340365684,-0.1686874143398119,0.0,-1.4711927123961197,0.34325461585697575,1.4981958824956936,1.5665986829772471,-1.467094902527886,-1.0487421576863714,-0.9937542560148699,0.0,1.0,0
-0.5350355687270028,-1.3037883532684054,-1.3645123381833306,0.6849282207805857,-1.6659734656269802,0.0,-0.09420865898738136,-1.2795616347120953,0.9969174609162059,1.5665986829772471,-0.2973535650045195,0.2863847139703712,-1.4159617025048625,0.0,1.0,0
-0.40409669210528126,1.1007371077468535,0.7942318459639396,-0.7527470060401568,0.6416762620425108,0.0,0.8237807099517775,0.22733916938775642,-0.5069178038222568,-0.638325571740905,0.8723877725188471,0.2863847139703712,-0.9496978268159143,0.0,1.0,0
-0.5049840232728371,-0.6480086820824257,-0.6904189229405062,-0.8539917403233089,-0.9725701195454471,0.0,-0.09420865898738136,-1.0477307417736565,-1.509474646981232,-0.638325571740905,-0.19101344341148618,0.2863847139703712,-1.2727783076082564,0.0,1.0,0
1.3174275546262033,-1.4786629322513334,0.28312634590300245,-0.6717512186136343,0.6387689104866133,0.0,-0.5532033434569608,-0.6999844023659983,-1.509474646981232,-0.638325571740905,-0.6163739297836195,-1.0487421576863714,-0.40266383092888025,1.0,0.0,0
-0.6294832830115231,-1.5223815769970652,0.45795394926319666,-0.38826596262081464,-0.3319230902386355,0.0,-1.4711927123961197,-1.5113925276505338,0.4956390393367183,-0.638325571740905,-1.6797751457139527,-1.0487421576863714,-1.3939334879053846,1.0,0.0,1
-0.5371821076880146,0.4886760813066058,-0.6599740104820027,-0.2768967549093494,-0.7147849482558765,0.0,-0.09420865898738136,0.4591700623261951,1.4981958824956936,1.5665986829772471,-0.08467332181845284,0.2863847139703712,0.4637792766505824,1.0,0.0,1
0.21195998970511287,1.7127981341871013,0.08008338175424594,0.21920244307809136,0.5623903623202253,0.0,-1.0121980279265403,-1.2795616347120953,-0.5069178038222568,-0.638325571740905,-1.1480745377487862,-1.0487421576863714,0.16639837955763118,1.0,0.0,0
-0.530742490804979,-1.6098188664885291,-0.2913291740210832,-1.3399664648824294,-0.8858947012852555,0.0,-1.4711927123961197,-1.5113925276505338,0.4956390393367183,-0.638325571740905,-1.6797751457139527,-1.0487421576863714,1.38529292072874,0.0,1.0,0
0.32787309359975153,-1.6972561559799932,1.3850630384982812,-0.8438672668949924,0.9000065617488123,0.0,1.282775394421357,-1.3954770811813144,0.4956390393367183,-0.638325571740905,1.0850680157049137,1.6215115856271138,-1.533445513702078,1.0,0.0,0
-0.5886990427522983,-1.5661002217427973,-0.5298912027047606,-1.6740740880168288,-1.0968593985600614,0.0,-1.0121980279265403,-0.6999844023659983,-1.509474646981232,-0.638325571740905,-1.041734416155753,-1.0487421576863714,-1.2470787239088654,0.0,1.0,0
-0.6230436661284876,-1.3037883532684054,0.7414914168060269,1.849242665036818,-0.056451530317355385,0.0,-0.09420865898738136,-0.4681535094275597,0.9969174609162059,1.5665986829772471,-0.19101344341148618,0.2863847139703712,1.38529292072874,1.0,0.0,0
-0.2495458869124298,0.7509879497809976,-0.6913414960453094,0.13820665565156887,-0.5190232768254507,0.0,-1.0121980279265403,-1.5113925276505338,-1.509474646981232,-0.638325571740905,-1.1480745377487862,-1.0487421576863714,1.7634439380197773,1.0,0.0,0
0.6434143208684899,-1.0414764847940134,-0.9948680475255409,0.8975421627751995,-0.6515500519151076,0.0,-0.5532033434569608,-1.163646188242876,-0.005639382242769227,-0.638325571740905,-0.7227140513766528,-1.0487421576863714,1.5762041139242151,1.0,0.0,0
-0.6724140622317596,-0.9977578400482815,1.0081919251862,-0.6920001654702677,0.1936412733139032,0.0,0.8237807099517775,-1.6273079741197531,-1.509474646981232,-0.638325571740905,0.6597075293327804,0.2863847139703712,-0.5238190112260087,1.0,0.0,1
-0.6316298219725348,1.7127981341871013,-1.3620521432371888,-0.38826596262081464,-1.0498572150730534,0.0,-1.4711927123961197,-0.12040717001990163,-0.5069178038222568,-0.638325571740905,-1.467094902527886,-1.0487421576863714,1.410992504428131,0.0,1.0,0
0.22483922347118396,0.31380150232367787,1.0509378123754118,-0.5198841171889096,1.0244169804115895,0.0,-1.4711927123961197,-1.2795616347120953,1.4981958824956936,1.5665986829772471,-1.6797751457139527,-1.0487421576863714,0.22146891605632585,1.0,0.0,1
-0.6573882895046768,-1.3037883532684054,0.4599528576569367,-0.9754854214630873,-0.2976405698086788,0.0,-0.5532033434569608,0.11142372291853707,-1.509474646981232,-0.638325571740905,-0.5100338081905862,-1.0487421576863714,-0.42102067642844526,0.0,1.0,0
-0.5221563349609317,0.9695811735096576,-1.6518169792374402,0.7557995347787915,-1.381113582973115,0.0,0.3647860254821981,0.11142372291853707,0.9969174609162059,1.5665986829772471,0.3406871645536805,0.2863847139703712,-0.47609121292713996,0.0,1.0,0
3.4403545870669,-0.1671035898793739,-1.166466645018924,-0.42876385633407404,0.9855311533514612,0.0,-0.5532033434569608,-1.3954770811813144,-1.0081962254017445,-0.638325571740905,-0.7227140513766528,-1.0487421576863714,-1.004768363314609,1.0,0.0,1
2.6439886325315123,-1.2163510637769415,1.5900280299487108,-0.6515022717570046,2.475185406804399,0.0,-0.09420865898738136,1.6183245270183886,-0.5069178038222568,-0.638325571740905,0.1280069213676138,0.2863847139703712,0.2177975469564131,1.0,0.0,0
-0.17227048431600406,0.7072693050352656,-0.692802236794581,1.6872510901837765,-0.48625500199752336,0.0,0.3647860254821981,1.8501554199568273,1.4981958824956936,1.5665986829772471,0.5533674077397471,0.2863847139703712,-0.5862322859245294,1.0,0.0,1
-0.6488021336606294,-1.2600697085226733,0.753331104984334,0.8165463753486807,-0.05196936333534709,0.0,-0.09420865898738136,1.2705781876107307,1.4981958824956936,1.5665986829772471,0.02166679977458048,0.2863847139703712,-0.2704945433320131,0.0,1.0,0
0.7722066585291997,-0.6917273268281576,-1.6839532757214162,1.0291603173432982,-1.044224221433502,0.0,1.282775394421357,-1.5113925276505338,-0.005639382242769227,-0.638325571740905,1.0850680157049137,1.6215115856271138,-0.6596596679227891,1.0,0.0,0
-0.5672336531421801,-0.1671035898793739,0.6446212408016979,1.110156104769817,0.15069726804033537,0.0,-0.5532033434569608,1.1546627411415114,-0.5069178038222568,-0.638325571740905,-0.40369368659755284,-1.0487421576863714,-1.3021492604075602,1.0,0.0,0
-0.4341482375594468,-1.4786629322513334,-1.8245687931118273,0.6343058536390096,-2.010252345704499,0.0,-0.5532033434569608,1.5024090805491692,0.9969174609162059,1.5665986829772471,-0.40369368659755284,-1.0487421576863714,-1.331520213206864,1.0,0.0,0
-0.5028374843118253,0.7947065945267296,1.0195703268121055,-0.8337427934666757,0.6956439752988568,0.0,-1.4711927123961197,1.038747294672292,0.9969174609162059,1.5665986829772471,-1.3607547809348528,-1.0487421576863714,-0.9607119341156534,0.0,1.0,1
-0.39551053626123395,-1.1726324190312094,0.09876548712650948,1.7479979307536657,-0.4053337170250451,0.0,0.8237807099517775,-1.3954770811813144,-0.5069178038222568,-0.638325571740905,0.6597075293327804,0.2863847139703712,1.4807485173264776,1.0,0.0,0
-0.09070200379755458,1.4067676209669773,1.2520587492224957,0.7254261144938451,1.2470716537340663,0.0,0.8237807099517775,-1.5113925276505338,-1.0081962254017445,-0.638325571740905,0.6597075293327804,0.2863847139703712,0.03790046106067718,1.0,0.0,0
0.3192869377557042,1.0570184630011215,-0.20183958285517897,0.5128121724992277,0.2554830637008047,0.0,0.3647860254821981,1.6183245270183886,0.4956390393367183,-0.638325571740905,0.5533674077397471,0.2863847139703712,0.08195689025963278,1.0,0.0,0
1.544960684493457,0.13892692334074994,1.3723776583072378,1.2620232061945453,1.9839035636818176,0.0,0.8237807099517775,0.22733916938775642,-0.5069178038222568,-0.638325571740905,0.8723877725188471,0.2863847139703712,1.627603281322997,1.0,0.0,1
0.32787309359975153,-0.5168527478452297,-1.1050386524574485,0.5938079599257502,-0.8001278303862815,0.0,-1.0121980279265403,-1.2795616347120953,-0.5069178038222568,-0.638325571740905,-1.1480745377487862,-1.0487421576863714,-0.6266173460235721,1.0,0.0,0
-0.5650871141811682,0.7947065945267296,1.015495628932558,-0.17565202062619717,0.6573032766554596,0.0,-1.0121980279265403,-1.163646188242876,-0.005639382242769227,-0.638325571740905,-1.1480745377487862,-1.0487421576863714,1.5578472684246505,0.0,1.0,0
-0.5715267310642037,-0.8228832610653536,-0.3738994669009637,-1.1071035760311858,-0.7995221321454696,0.0,0.3647860254821981,-1.5113925276505338,0.9969174609162059,1.5665986829772471,0.1280069213676138,0.2863847139703712,0.27286808345510777,0.0,1.0,0
-0.6767071401537833,1.4067676209669773,-0.08767116113579079,0.9076666362035162,-0.1391293401881881,0.0,-0.5532033434569608,0.34325461585697575,-0.5069178038222568,-0.638325571740905,-0.5100338081905862,-1.0487421576863714,-0.22276674503314436,1.0,0.0,1
0.6262420091803953,1.6690794894413692,0.4574926627107951,-0.5198841171889096,1.0838359778352427,0.0,-1.0121980279265403,-1.2795616347120953,-0.5069178038222568,-0.638325571740905,-1.1480745377487862,-1.0487421576863714,0.9594141051388345,1.0,0.0,1
3.4103030416127345,-0.6480086820824257,0.9542213985552167,1.4746371481891591,2.532726739681535,0.0,0.3647860254821981,1.5024090805491692,-0.005639382242769227,-0.638325571740905,0.5533674077397471,0.2863847139703712,1.3375651224298717,1.0,0.0,0
0.49530313255867403,-0.07966630038790996,1.1699497428950165,0.047086394796733336,1.1835944780969725,0.0,0.8237807099517775,1.734239973487608,-1.0081962254017445,-0.638325571740905,1.0850680157049137,0.2863847139703712,-1.3535484278063419,1.0,0.0,0
-0.47922555574069525,-1.0851951295397455,-0.8035878904630241,0.10783323536662609,-1.1441038613433945,0.0,0.8237807099517775,-0.004491723550682283,-1.509474646981232,-0.638325571740905,0.8723877725188471,0.2863847139703712,0.17006974865754435,1.0,0.0,0
-0.5908455817133101,-0.7354459715738897,-1.619065634016929,1.7277489838970361,-1.772031227593155,0.0,-0.09420865898738136,-1.163646188242876,1.4981958824956936,1.5665986829772471,-0.2973535650045195,0.2863847139703712,0.21412617785649993,1.0,0.0,0
-0.5221563349609317,0.8821438840181935,1.6205498234992814,0.806421901920364,1.1775980655129343,0.0,-1.4711927123961197,-1.0477307417736565,-1.0081962254017445,-0.638325571740905,-1.5734350241209194,-1.0487421576863714,1.0328414871370946,0.0,1.0,1
-0.3740451466511157,0.051489633849285975,0.9441499754944491,0.2799492836479805,0.5441588452717852,0.0,-0.5532033434569608,1.8501554199568273,-1.0081962254017445,-0.638325571740905,-0.2973535650045195,-1.0487421576863714,1.297180062330829,1.0,0.0,1
-0.3890709193781985,-0.8228832610653536,1.4965406219953266,1.667002143327147,0.7770498188639843,0.0,0.3647860254821981,-0.12040717001990163,-0.005639382242769227,-0.638325571740905,0.3406871645536805,0.2863847139703712,1.0658838090363112,1.0,0.0,1
-0.6402159778165821,0.0077709891035539986,1.0517066232960814,0.6646792739239524,0.46899169358702103,0.0,-1.4711927123961197,-0.8158998488352177,-0.005639382242769227,-0.638325571740905,-1.5734350241209194,-1.0487421576863714,0.1333560576584143,0.0,1.0,0
-0.45132054924754145,0.051489633849285975,-0.6847297221275535,0.9279155830601459,-0.7827442908749784,0.0,1.282775394421357,1.5024090805491692,-1.0081962254017445,-0.638325571740905,1.5104285020770472,1.6215115856271138,-0.9423550886160884,1.0,0.0,0
-0.5672336531421801,-0.9103205505568176,0.3284861902224902,-1.5424559334487338,-0.263115770082397,0.0,-0.09420865898738136,0.4591700623261951,1.4981958824956936,1.5665986829772471,-0.08467332181845284,0.2863847139703712,-0.5788895477247034,0.0,1.0,1
-0.5994317375573575,0.8384252392724616,-0.6282990005504283,-0.7729959528967865,-0.6474313038775862,0.0,1.282775394421357,-0.12040717001990163,-1.0081962254017445,-0.638325571740905,1.2977482588909803,1.6215115856271138,0.11499921215884966,1.0,0.0,0
0.7743531974902115,1.0132998182553896,0.6629958218056936,1.110156104769817,1.18395789704146,0.0,1.282775394421357,-1.2795616347120953,0.9969174609162059,1.5665986829772471,1.0850680157049137,1.6215115856271138,-0.5788895477247034,1.0,0.0,1
-0.6080178934014048,1.4067676209669773,0.47909624958160185,1.6163797761855707,0.34615609035035516,0.0,1.282775394421357,-0.23632261648912098,-1.509474646981232,-0.638325571740905,1.2977482588909803,1.6215115856271138,-0.8248712774188731,1.0,0.0,0
