peso_carga,cantidad_paquetes,distancia_real_km,precio_combustible,costo_envio,fecha_salida_anio,fecha_salida_mes,fecha_salida_dia,fecha_salida_dia_semana,fecha_salida_fin_semana,fecha_salida_semana,fecha_salida_trimestre,hora_salida_num,tipo_combustible,minutos_retraso_real,minutos_retraso_predicho,error_minutos,error_absoluto,nivel_retraso_real,nivel_retraso_predicho
1.96,79,421.29,26.04,3434.45,2026,4,20,0,0,17,2,18.666666666666668,Diesel,0,20.519343250604074,-20.519343250604074,20.519343250604074,Sin retraso,Retraso moderado
8.34,17,202.59,25.66,2482.95,2026,1,13,1,0,3,1,17.616666666666667,Diesel,37,9.633419306548577,27.366580693451425,27.366580693451425,Retraso alto,Retraso leve
1.69,27,239.85,25.14,2084.25,2026,3,4,2,0,10,1,5.516666666666667,Diesel,0,3.697665850938502,-3.697665850938502,3.697665850938502,Sin retraso,Retraso leve
0.59,79,481.05,23.87,3596.25,2026,5,14,3,0,20,2,13.883333333333333,Gasolina,68,10.5156591644088,57.4843408355912,57.4843408355912,Retraso crítico,Retraso leve
5.06,72,415.38,26.61,3658.9,2026,6,6,5,1,23,2,8.866666666666667,Diesel,31,24.540088169956608,6.459911830043392,6.459911830043392,Retraso alto,Retraso moderado
7.04,59,447.97,25.98,3915.85,2026,1,3,5,1,1,1,9.533333333333333,Diesel,103,21.92999973273022,81.07000026726978,81.07000026726978,Retraso crítico,Retraso moderado
5.05,54,66.73,24.87,1770.65,2026,7,6,0,0,28,3,17.783333333333335,Diesel,0,9.109653889602697,-9.109653889602697,9.109653889602697,Sin retraso,Retraso leve
0.55,80,438.89,24.75,3389.45,2026,6,27,5,1,26,2,13.883333333333333,Gasolina,0,6.397960300752946,-6.397960300752946,6.397960300752946,Sin retraso,Retraso leve
0.99,28,201.73,25.32,1831.65,2026,6,1,0,0,23,2,19.25,Diesel,50,10.905896205907288,39.09410379409271,39.09410379409271,Retraso alto,Retraso leve
0.96,47,375.13,25.4,2847.65,2026,7,17,4,0,29,3,5.666666666666667,Gasolina,0,15.52196921192264,-15.52196921192264,15.52196921192264,Sin retraso,Retraso moderado
0.26,13,190.03,24.29,1580.15,2026,4,25,5,1,17,2,16.433333333333334,Gasolina,0,1.7764069422068887,-1.7764069422068887,1.7764069422068887,Sin retraso,Retraso leve
1.77,51,162.11,26.14,1895.55,2026,5,2,5,1,18,2,12.083333333333334,Diesel,0,8.859172927909674,-8.859172927909674,8.859172927909674,Sin retraso,Retraso leve
3.93,55,374.14,24.57,3203.7,2026,6,29,0,0,27,2,10.7,Diesel,23,5.954804073234849,17.045195926765153,17.045195926765153,Retraso moderado,Retraso leve
0.48,66,399.0,25.85,3071.0,2026,7,13,0,0,29,3,5.5,Gasolina,0,15.534475365964699,-15.534475365964699,15.534475365964699,Sin retraso,Retraso moderado
4.71,20,235.53,24.5,2308.65,2026,4,16,3,0,16,2,13.4,Diesel,0,2.2896880597527964,-2.2896880597527964,2.2896880597527964,Sin retraso,Retraso leve
1.48,22,354.78,25.17,2597.9,2026,6,21,6,1,25,2,15.233333333333333,Diesel,0,10.536515351573014,-10.536515351573014,10.536515351573014,Sin retraso,Retraso leve
1.4,70,302.49,23.44,2712.45,2026,2,17,1,0,8,1,10.883333333333333,Gasolina,72,17.24518725101649,54.75481274898351,54.75481274898351,Retraso crítico,Retraso moderado
1.62,7,140.06,25.47,1418.3,2026,3,13,4,0,11,1,9.483333333333333,Diesel,71,8.15590596510192,62.84409403489808,62.84409403489808,Retraso crítico,Retraso leve
0.26,36,110.75,24.36,1367.75,2026,1,12,0,0,3,1,8.45,Gasolina,23,9.569818011312712,13.430181988687288,13.430181988687288,Retraso moderado,Retraso leve
3.48,58,382.19,24.59,3222.95,2026,3,24,1,0,13,1,8.733333333333333,Diesel,64,22.279938819057985,41.72006118094201,41.72006118094201,Retraso crítico,Retraso moderado
1.5,56,305.46,24.8,2625.3,2026,4,25,5,1,17,2,8.966666666666667,Gasolina,56,39.13463223197565,16.86536776802435,16.86536776802435,Retraso alto,Retraso alto
2.83,57,188.06,25.14,2179.3,2026,5,2,5,1,18,2,11.466666666666667,Diesel,0,3.4057772153338393,-3.4057772153338393,3.4057772153338393,Sin retraso,Retraso leve
3.42,57,390.24,26.61,3249.2,2026,5,22,4,0,21,2,13.066666666666666,Diesel,31,8.615377486503478,22.384622513496524,22.384622513496524,Retraso alto,Retraso leve
0.52,18,405.3,25.93,2722.5,2026,2,21,5,1,8,1,9.283333333333333,Diesel,50,31.062920512688244,18.937079487311756,18.937079487311756,Retraso alto,Retraso alto
24.77,69,380.03,25.82,5429.15,2026,2,4,2,0,6,1,9.883333333333333,Diesel,0,21.784010989190033,-21.784010989190033,21.784010989190033,Sin retraso,Retraso moderado
7.88,41,171.34,26.38,2472.7,2026,4,25,5,1,17,2,9.216666666666667,Diesel,0,10.757301356597557,-10.757301356597557,10.757301356597557,Sin retraso,Retraso leve
0.31,68,177.35,26.24,1961.75,2026,3,30,0,0,14,1,12.166666666666666,Diesel,0,3.7871108177982236,-3.7871108177982236,3.7871108177982236,Sin retraso,Retraso leve
1.71,23,147.37,25.14,1591.85,2026,3,9,0,0,11,1,20.6,Diesel,0,4.920926649392673,-4.920926649392673,4.920926649392673,Sin retraso,Retraso leve
16.95,20,22.98,25.8,2469.9,2026,6,6,5,1,23,2,16.05,Diesel,0,7.218656725465592,-7.218656725465592,7.218656725465592,Sin retraso,Retraso leve
0.65,41,269.8,26.01,2242.0,2026,3,15,6,1,11,1,11.566666666666666,Diesel,0,8.60049881237544,-8.60049881237544,8.60049881237544,Sin retraso,Retraso leve
1.13,11,339.26,24.19,2397.3,2026,4,25,5,1,17,2,13.366666666666667,Gasolina,0,7.513181588081518,-7.513181588081518,7.513181588081518,Sin retraso,Retraso leve
0.95,58,337.21,23.06,2745.05,2026,1,29,3,0,5,1,17.65,Gasolina,70,21.406594035224963,48.59340596477504,48.59340596477504,Retraso crítico,Retraso moderado
16.75,12,126.47,26.29,2903.35,2026,8,8,5,1,32,3,8.766666666666667,Diesel,61,10.408771179600809,50.591228820399195,50.591228820399195,Retraso crítico,Retraso leve
1.24,26,124.5,25.12,1454.5,2026,5,22,4,0,21,2,5.516666666666667,Diesel,0,3.7797766198950695,-3.7797766198950695,3.7797766198950695,Sin retraso,Retraso leve
0.74,76,327.37,26.05,2818.85,2026,4,27,0,0,18,2,6.583333333333333,Diesel,0,19.988557415839995,-19.988557415839995,19.988557415839995,Sin retraso,Retraso moderado
0.36,51,344.75,23.02,2667.75,2026,6,10,2,0,24,2,20.483333333333334,Gasolina,0,7.9810185320336675,-7.9810185320336675,7.9810185320336675,Sin retraso,Retraso leve
6.33,5,414.96,25.66,3247.8,2026,5,8,4,0,19,2,8.266666666666667,Diesel,0,16.484436820166128,-16.484436820166128,16.484436820166128,Sin retraso,Retraso moderado
2.79,43,127.6,24.92,1761.0,2026,2,15,6,1,7,1,20.533333333333335,Diesel,0,2.0416948889750395,-2.0416948889750395,2.0416948889750395,Sin retraso,Retraso leve
7.38,17,428.56,24.48,3516.8,2026,7,6,0,0,28,3,18.683333333333334,Diesel,0,34.78544125026171,-34.78544125026171,34.78544125026171,Sin retraso,Retraso alto
0.81,48,153.21,25.2,1731.05,2026,1,15,3,0,3,1,9.283333333333333,Gasolina,39,6.193047116030751,32.806952883969245,32.806952883969245,Retraso alto,Retraso leve
1.05,67,365.72,24.93,2969.6,2026,1,1,3,0,1,1,19.333333333333332,Diesel,0,25.620712030303523,-25.620712030303523,25.620712030303523,Sin retraso,Retraso moderado
1.21,3,64.06,25.16,965.3,2026,4,10,4,0,15,2,17.45,Gasolina,0,16.75986568014023,-16.75986568014023,16.75986568014023,Sin retraso,Retraso moderado
5.47,46,119.34,25.3,2011.7,2026,3,31,1,0,14,1,17.033333333333335,Diesel,0,17.362045438268353,-17.362045438268353,17.362045438268353,Sin retraso,Retraso moderado
1.59,11,426.05,23.64,2877.25,2026,3,16,0,0,12,1,6.3,Gasolina,79,7.9111810874273365,71.08881891257266,71.08881891257266,Retraso crítico,Retraso leve
0.62,63,237.95,25.1,2255.75,2026,7,12,6,1,28,3,14.533333333333333,Diesel,0,1.0572913488051223,-1.0572913488051223,1.0572913488051223,Sin retraso,Retraso leve
1.22,43,467.97,24.32,3305.85,2026,1,22,3,0,4,1,20.283333333333335,Gasolina,0,7.03350537814428,-7.03350537814428,7.03350537814428,Sin retraso,Retraso leve
0.95,31,422.46,26.32,2955.3,2026,4,1,2,0,14,2,8.516666666666667,Diesel,0,16.023558971823483,-16.023558971823483,16.023558971823483,Sin retraso,Retraso moderado
2.23,58,186.89,25.31,2121.45,2026,2,2,0,0,6,1,20.6,Diesel,0,1.6867123390512595,-1.6867123390512595,1.6867123390512595,Sin retraso,Retraso leve
3.05,11,423.74,24.81,3011.7,2026,3,1,6,1,9,1,6.633333333333333,Diesel,0,7.627551791276104,-7.627551791276104,7.627551791276104,Sin retraso,Retraso leve
0.92,38,340.74,23.27,2599.7,2026,6,29,0,0,27,2,15.75,Gasolina,0,13.149229251422218,-13.149229251422218,13.149229251422218,Sin retraso,Retraso leve
0.3,4,500.04,23.91,3062.2,2026,6,23,1,0,26,2,10.033333333333333,Gasolina,25,29.20622619329703,-4.206226193297031,4.206226193297031,Retraso moderado,Retraso moderado
6.21,57,259.19,24.82,2872.95,2026,8,8,5,1,32,3,10.916666666666666,Diesel,0,6.043728213245455,-6.043728213245455,6.043728213245455,Sin retraso,Retraso leve
1.52,51,168.48,26.85,1902.4,2026,1,3,5,1,1,1,15.433333333333334,Diesel,24,5.323042657637862,18.676957342362137,18.676957342362137,Retraso moderado,Retraso leve
1.49,56,282.05,25.39,2507.25,2026,3,29,6,1,13,1,7.266666666666667,Gasolina,0,15.563369729730207,-15.563369729730207,15.563369729730207,Sin retraso,Retraso moderado
0.92,4,238.92,23.85,1818.6,2026,1,2,4,0,1,1,18.883333333333333,Gasolina,0,18.210623484174686,-18.210623484174686,18.210623484174686,Sin retraso,Retraso moderado
0.48,22,148.1,23.48,1464.5,2026,1,20,1,0,4,1,11.666666666666666,Gasolina,0,2.4135555993616222,-2.4135555993616222,2.4135555993616222,Sin retraso,Retraso leve
1.58,32,233.32,23.8,2080.6,2026,5,22,4,0,21,2,12.916666666666666,Gasolina,0,3.7496349267034375,-3.7496349267034375,3.7496349267034375,Sin retraso,Retraso leve
0.66,55,180.98,23.42,1910.9,2026,5,31,6,1,22,2,15.366666666666667,Gasolina,0,1.3508802386089525,-1.3508802386089525,1.3508802386089525,Sin retraso,Retraso leve
0.26,44,132.0,26.34,1538.0,2026,6,24,2,0,26,2,11.9,Diesel,10,5.104695097481701,4.895304902518299,4.895304902518299,Retraso leve,Retraso leve
22.91,55,158.5,26.17,4023.5,2026,6,15,0,0,25,2,10.166666666666666,Diesel,40,16.15148899149916,23.84851100850084,23.84851100850084,Retraso alto,Retraso moderado
6.81,13,413.8,25.02,3354.0,2026,5,23,5,1,21,2,16.366666666666667,Diesel,50,14.015988404740014,35.984011595259986,35.984011595259986,Retraso alto,Retraso leve
0.79,66,295.99,24.54,2586.95,2026,6,11,3,0,24,2,5.7,Gasolina,58,5.496258383593273,52.50374161640673,52.50374161640673,Retraso alto,Retraso leve
3.19,51,424.36,24.46,3348.8,2026,1,27,1,0,5,1,18.166666666666668,Diesel,0,17.802191218879003,-17.802191218879003,17.802191218879003,Sin retraso,Retraso moderado
13.9,48,441.08,26.03,4479.4,2026,4,17,4,0,16,2,12.583333333333334,Diesel,0,10.748986361144397,-10.748986361144397,10.748986361144397,Sin retraso,Retraso leve
1.19,18,300.04,24.13,2263.2,2026,6,11,3,0,24,2,9.85,Diesel,60,33.26638589933227,26.73361410066773,26.73361410066773,Retraso alto,Retraso alto
4.74,41,343.99,24.06,3021.95,2026,5,3,6,1,18,2,6.1,Diesel,29,12.516375659458562,16.48362434054144,16.48362434054144,Retraso moderado,Retraso leve
1.03,50,438.68,25.01,3196.4,2026,6,11,3,0,24,2,5.383333333333334,Gasolina,47,2.236050804922756,44.763949195077245,44.763949195077245,Retraso alto,Retraso leve
0.89,77,207.64,25.3,2243.2,2026,1,8,3,0,2,1,9.566666666666666,Gasolina,0,13.391160025430583,-13.391160025430583,13.391160025430583,Sin retraso,Retraso leve
1.14,58,196.96,25.46,2062.8,2026,2,18,2,0,8,1,8.916666666666666,Gasolina,0,12.027320171749247,-12.027320171749247,12.027320171749247,Sin retraso,Retraso leve
6.68,43,332.92,26.4,3176.6,2026,1,15,3,0,3,1,8.2,Diesel,38,17.8446066259011,20.1553933740989,20.1553933740989,Retraso alto,Retraso moderado
4.31,72,126.18,26.06,2137.9,2026,1,8,3,0,2,1,9.916666666666666,Diesel,0,16.037206510124882,-16.037206510124882,16.037206510124882,Sin retraso,Retraso moderado
0.76,18,298.18,26.93,2210.9,2026,4,15,2,0,16,2,9.816666666666666,Diesel,0,27.651050786902942,-27.651050786902942,27.651050786902942,Sin retraso,Retraso moderado
3.9,67,40.37,25.61,1627.85,2026,8,4,1,0,32,3,15.866666666666667,Diesel,0,8.189210909887997,-8.189210909887997,8.189210909887997,Sin retraso,Retraso leve
0.63,33,429.95,25.26,2976.75,2026,7,21,1,0,30,3,9.3,Gasolina,36,25.006112336233645,10.993887663766355,10.993887663766355,Retraso alto,Retraso moderado
0.4,50,41.68,23.52,1148.4,2026,7,25,5,1,30,3,16.133333333333333,Gasolina,0,2.487463319605565,-2.487463319605565,2.487463319605565,Sin retraso,Retraso leve
17.35,68,409.29,25.65,4825.45,2026,3,11,2,0,11,1,10.933333333333334,Diesel,0,12.035751541979469,-12.035751541979469,12.035751541979469,Sin retraso,Retraso leve
0.34,5,128.09,24.92,1214.45,2026,4,22,2,0,17,2,6.416666666666667,Gasolina,0,7.0909132226557485,-7.0909132226557485,7.0909132226557485,Sin retraso,Retraso leve
0.75,67,178.43,23.01,2003.15,2026,1,17,5,1,3,1,20.466666666666665,Gasolina,0,4.471232661666858,-4.471232661666858,4.471232661666858,Sin retraso,Retraso leve
27.51,20,420.75,25.48,5514.75,2026,2,17,1,0,8,1,16.666666666666668,Diesel,0,17.670453519394968,-17.670453519394968,17.670453519394968,Sin retraso,Retraso moderado
1.12,40,27.48,24.02,1069.4,2026,5,9,5,1,19,2,9.033333333333333,Diesel,0,16.124763521447893,-16.124763521447893,16.124763521447893,Sin retraso,Retraso moderado
0.56,60,262.14,23.73,2346.7,2026,3,8,6,1,10,1,10.6,Gasolina,0,2.7837114279170687,-2.7837114279170687,2.7837114279170687,Sin retraso,Retraso leve
3.6,48,411.72,24.39,3302.6,2026,2,10,1,0,7,1,14.866666666666667,Diesel,0,19.342338036937193,-19.342338036937193,19.342338036937193,Sin retraso,Retraso moderado
5.62,30,155.14,26.52,2077.7,2026,7,23,3,0,30,3,13.133333333333333,Diesel,0,3.1420459929526463,-3.1420459929526463,3.1420459929526463,Sin retraso,Retraso leve
0.85,3,283.32,24.86,2025.6,2026,5,20,2,0,21,2,11.766666666666667,Gasolina,0,7.872898403267113,-7.872898403267113,7.872898403267113,Sin retraso,Retraso leve
0.28,53,408.3,24.51,2993.5,2026,6,24,2,0,26,2,16.516666666666666,Gasolina,0,13.67019471208892,-13.67019471208892,13.67019471208892,Sin retraso,Retraso leve
1.21,40,207.28,24.42,1977.4,2026,5,21,3,0,21,2,16.383333333333333,Diesel,0,2.161396021425725,-2.161396021425725,2.161396021425725,Sin retraso,Retraso leve
0.98,31,40.49,25.33,1048.45,2026,7,30,3,0,31,3,13.55,Gasolina,0,6.887432014986115,-6.887432014986115,6.887432014986115,Sin retraso,Retraso leve
1.41,18,92.58,23.92,1247.9,2026,2,17,1,0,8,1,17.833333333333332,Gasolina,41,12.033452949838296,28.966547050161704,28.966547050161704,Retraso alto,Retraso leve
1.57,67,324.13,25.18,2813.65,2026,2,23,0,0,9,1,8.15,Diesel,60,32.410895100413825,27.589104899586175,27.589104899586175,Retraso alto,Retraso alto
7.57,2,233.74,26.74,2441.7,2026,1,19,0,0,4,1,10.566666666666666,Diesel,0,8.933687348685611,-8.933687348685611,8.933687348685611,Sin retraso,Retraso leve
0.34,7,463.69,24.7,2908.45,2026,8,13,3,0,33,3,17.25,Gasolina,43,22.697614538596476,20.302385461403524,20.302385461403524,Retraso alto,Retraso moderado
0.49,36,314.8,25.84,2411.0,2026,2,4,2,0,6,1,8.733333333333333,Diesel,71,18.48752391392376,52.51247608607624,52.51247608607624,Retraso crítico,Retraso moderado
2.02,12,25.76,25.38,926.8,2026,5,29,4,0,22,2,5.916666666666667,Diesel,0,7.517374301823581,-7.517374301823581,7.517374301823581,Sin retraso,Retraso leve
4.06,47,495.72,25.34,3760.6,2026,7,2,3,0,27,3,13.9,Diesel,0,10.827334815912863,-10.827334815912863,10.827334815912863,Sin retraso,Retraso leve
0.31,10,23.59,26.14,728.95,2026,5,20,2,0,21,2,10.183333333333334,Diesel,0,7.05432453741128,-7.05432453741128,7.05432453741128,Sin retraso,Retraso leve
3.81,20,194.67,26.21,2014.35,2026,1,11,6,1,2,1,18.683333333333334,Diesel,0,10.918485601090723,-10.918485601090723,10.918485601090723,Sin retraso,Retraso leve
0.5,18,375.21,25.85,2570.05,2026,7,15,2,0,29,3,13.283333333333333,Gasolina,0,7.797219511850127,-7.797219511850127,7.797219511850127,Sin retraso,Retraso leve
1.45,10,96.71,25.27,1208.55,2026,4,28,1,0,18,2,8.233333333333333,Gasolina,0,14.581254236964721,-14.581254236964721,14.581254236964721,Sin retraso,Retraso leve
3.13,35,458.97,25.67,3387.85,2026,7,28,1,0,31,3,8.766666666666667,Diesel,0,28.015413609811162,-28.015413609811162,28.015413609811162,Sin retraso,Retraso moderado
5.85,73,118.96,24.61,2263.8,2026,5,16,5,1,20,2,14.066666666666666,Diesel,53,2.7446014497193407,50.25539855028066,50.25539855028066,Retraso alto,Retraso leve
0.73,24,325.57,25.56,2392.85,2026,2,6,4,0,6,1,16.283333333333335,Diesel,29,14.681435987301914,14.318564012698086,14.318564012698086,Retraso moderado,Retraso leve
5.77,55,473.64,25.64,3885.2,2026,6,9,1,0,24,2,17.066666666666666,Diesel,0,17.393604549375567,-17.393604549375567,17.393604549375567,Sin retraso,Retraso moderado
1.74,52,159.99,26.33,1889.95,2026,4,10,4,0,15,2,15.3,Diesel,0,3.454240655293974,-3.454240655293974,3.454240655293974,Sin retraso,Retraso leve
2.37,15,178.52,24.28,1749.6,2026,5,17,6,1,20,2,13.616666666666667,Diesel,0,3.4407598490703064,-3.4407598490703064,3.4407598490703064,Sin retraso,Retraso leve
1.48,12,499.61,24.48,3242.05,2026,3,18,2,0,12,1,13.966666666666667,Diesel,33,12.402949164673696,20.597050835326304,20.597050835326304,Retraso alto,Retraso leve
1.08,8,398.25,25.41,2663.25,2026,5,13,2,0,20,2,10.95,Gasolina,0,9.143152327432535,-9.143152327432535,9.143152327432535,Sin retraso,Retraso leve
1.2,7,433.66,23.75,2844.3,2026,2,4,2,0,6,1,11.916666666666666,Gasolina,0,16.71380170214793,-16.71380170214793,16.71380170214793,Sin retraso,Retraso moderado
0.66,38,282.29,25.57,2281.45,2026,3,13,4,0,11,1,6.416666666666667,Diesel,0,3.6470389469907634,-3.6470389469907634,3.6470389469907634,Sin retraso,Retraso leve
12.05,7,479.44,26.37,4158.2,2026,2,9,0,0,7,1,5.966666666666667,Diesel,0,10.753342649180887,-10.753342649180887,10.753342649180887,Sin retraso,Retraso leve
20.01,45,430.44,24.37,5013.2,2026,2,19,3,0,8,1,10.883333333333333,Diesel,49,14.304543186770893,34.69545681322911,34.69545681322911,Retraso alto,Retraso leve
14.07,61,320.62,25.93,3998.1,2026,1,19,0,0,4,1,5.683333333333334,Diesel,0,19.432282878477725,-19.432282878477725,19.432282878477725,Sin retraso,Retraso moderado
12.66,7,289.97,24.99,3271.85,2026,1,31,5,1,5,1,18.233333333333334,Diesel,0,21.947545267499727,-21.947545267499727,21.947545267499727,Sin retraso,Retraso moderado
0.71,25,25.27,24.47,897.35,2026,5,6,2,0,19,2,12.883333333333333,Gasolina,0,2.7141816963057903,-2.7141816963057903,2.7141816963057903,Sin retraso,Retraso leve
24.53,71,424.4,26.03,5643.0,2026,8,15,5,1,33,3,5.283333333333333,Diesel,0,12.915959635103015,-12.915959635103015,12.915959635103015,Sin retraso,Retraso leve
0.57,20,145.15,23.88,1442.75,2026,2,28,5,1,9,1,15.016666666666667,Gasolina,0,2.10286644721715,-2.10286644721715,2.10286644721715,Sin retraso,Retraso leve
2.83,16,262.26,25.11,2222.3,2026,7,16,3,0,29,3,7.2,Diesel,0,11.095550375578217,-11.095550375578217,11.095550375578217,Sin retraso,Retraso leve
7.84,75,390.58,25.31,3836.9,2026,2,8,6,1,6,1,13.333333333333334,Diesel,0,13.277653482862071,-13.277653482862071,13.277653482862071,Sin retraso,Retraso leve
1.32,21,388.87,24.27,2744.35,2026,5,18,0,0,21,2,14.05,Gasolina,40,12.8829297439431,27.1170702560569,27.1170702560569,Retraso alto,Retraso leve
1.78,16,206.8,24.73,1840.0,2026,5,10,6,1,19,2,15.666666666666666,Diesel,0,3.5180805132395765,-3.5180805132395765,3.5180805132395765,Sin retraso,Retraso leve
6.7,73,263.31,24.18,3070.55,2026,6,16,1,0,25,2,6.316666666666666,Diesel,0,2.078211984712871,-2.078211984712871,2.078211984712871,Sin retraso,Retraso leve
1.62,30,429.45,25.63,3049.25,2026,6,22,0,0,26,2,12.35,Gasolina,0,12.857239270234608,-12.857239270234608,12.857239270234608,Sin retraso,Retraso leve
1.35,38,247.26,24.85,2175.3,2026,3,15,6,1,11,1,7.85,Diesel,22,14.413351941744516,7.586648058255484,7.586648058255484,Retraso moderado,Retraso leve
1.8,34,347.04,23.62,2687.2,2026,7,11,5,1,28,3,14.166666666666666,Gasolina,0,9.665098091665854,-9.665098091665854,9.665098091665854,Sin retraso,Retraso leve
10.14,28,62.27,24.82,2049.35,2026,4,20,0,0,17,2,9.366666666666667,Diesel,0,10.40257365306359,-10.40257365306359,10.40257365306359,Sin retraso,Retraso leve
1.0,39,473.38,23.71,3278.9,2026,4,23,3,0,17,2,16.233333333333334,Gasolina,40,17.862589908510152,22.137410091489848,22.137410091489848,Retraso alto,Retraso moderado
2.28,10,284.22,25.79,2229.1,2026,4,19,6,1,16,2,20.816666666666666,Diesel,0,5.676934715509251,-5.676934715509251,5.676934715509251,Sin retraso,Retraso leve
1.56,41,190.95,26.78,1938.75,2026,5,16,5,1,20,2,10.616666666666667,Diesel,0,3.0513514622393365,-3.0513514622393365,3.0513514622393365,Sin retraso,Retraso leve
6.86,47,468.48,26.19,3904.4,2026,5,4,0,0,19,2,10.666666666666666,Diesel,39,9.445504011593439,29.55449598840656,29.55449598840656,Retraso alto,Retraso leve
0.82,46,194.75,24.05,1923.75,2026,1,18,6,1,3,1,8.616666666666667,Gasolina,0,12.163558344036344,-12.163558344036344,12.163558344036344,Sin retraso,Retraso leve
0.75,55,27.16,26.41,1150.8,2026,7,27,0,0,31,3,8.066666666666666,Diesel,0,15.445700918132447,-15.445700918132447,15.445700918132447,Sin retraso,Retraso moderado
1.11,27,187.26,24.05,1763.3,2026,8,13,3,0,33,3,9.416666666666666,Diesel,28,12.83926274327425,15.16073725672575,15.16073725672575,Retraso moderado,Retraso leve
7.46,52,439.63,26.6,3860.15,2026,5,23,5,1,21,2,17.8,Diesel,0,19.89363893140959,-19.89363893140959,19.89363893140959,Sin retraso,Retraso moderado
10.47,79,61.98,26.28,2488.9,2026,4,20,0,0,17,2,6.533333333333333,Diesel,0,8.919831469119213,-8.919831469119213,8.919831469119213,Sin retraso,Retraso leve
0.74,12,409.0,23.68,2715.0,2026,4,21,1,0,17,2,11.516666666666667,Gasolina,33,11.556777014262432,21.44322298573757,21.44322298573757,Retraso alto,Retraso leve
1.25,49,411.41,25.62,3074.05,2026,4,23,3,0,17,2,7.7,Gasolina,52,22.302666239871055,29.697333760128945,29.697333760128945,Retraso alto,Retraso moderado
0.46,70,320.66,23.61,2709.3,2026,7,4,5,1,27,3,19.0,Gasolina,0,32.39541482484949,-32.39541482484949,32.39541482484949,Sin retraso,Retraso alto
0.2,43,484.15,24.38,3284.75,2026,7,13,0,0,29,3,19.5,Diesel,62,34.58341764406162,27.41658235593838,27.41658235593838,Retraso crítico,Retraso alto
0.84,52,407.52,23.53,3037.6,2026,4,2,3,0,14,2,11.55,Gasolina,0,10.9752057559506,-10.9752057559506,10.9752057559506,Sin retraso,Retraso leve
2.02,43,300.47,24.2,2548.35,2026,1,20,1,0,4,1,14.633333333333333,Diesel,42,14.541003677042584,27.458996322957418,27.458996322957418,Retraso alto,Retraso leve
3.07,68,252.07,25.88,2611.35,2026,3,27,4,0,13,1,16.283333333333335,Diesel,28,2.2819918963269843,25.718008103673014,25.718008103673014,Retraso moderado,Retraso leve
9.55,44,160.04,24.73,2607.2,2026,6,19,4,0,25,2,7.35,Diesel,0,21.14829127316871,-21.14829127316871,21.14829127316871,Sin retraso,Retraso moderado
0.62,56,22.68,25.64,1123.4,2026,6,2,1,0,23,2,7.35,Gasolina,0,17.306833960157693,-17.306833960157693,17.306833960157693,Sin retraso,Retraso moderado
4.66,27,138.11,26.31,1872.55,2026,2,9,0,0,7,1,5.566666666666666,Diesel,0,4.145385926731855,-4.145385926731855,4.145385926731855,Sin retraso,Retraso leve
1.62,4,315.35,25.38,2270.75,2026,7,26,6,1,30,3,18.3,Gasolina,0,28.959457088300432,-28.959457088300432,28.959457088300432,Sin retraso,Retraso moderado
4.08,13,471.71,24.3,3370.55,2026,1,28,2,0,5,1,9.583333333333334,Diesel,0,31.381250443750883,-31.381250443750883,31.381250443750883,Sin retraso,Retraso alto
2.09,78,392.82,25.0,3297.1,2026,1,21,2,0,4,1,5.566666666666666,Diesel,0,11.139100390503454,-11.139100390503454,11.139100390503454,Sin retraso,Retraso leve
0.56,58,306.17,23.28,2550.85,2026,3,21,5,1,12,1,12.5,Gasolina,0,11.263376006161318,-11.263376006161318,11.263376006161318,Sin retraso,Retraso leve
0.53,37,415.55,25.02,2926.75,2026,2,26,3,0,9,1,8.833333333333334,Diesel,0,22.68485670289399,-22.68485670289399,22.68485670289399,Sin retraso,Retraso moderado
0.47,49,60.79,23.91,1242.95,2026,6,17,2,0,25,2,12.7,Gasolina,0,1.2718027692439187,-1.2718027692439187,1.2718027692439187,Sin retraso,Retraso leve
1.02,80,98.36,24.74,1733.8,2026,5,2,5,1,18,2,8.466666666666667,Gasolina,0,19.048564091468386,-19.048564091468386,19.048564091468386,Sin retraso,Retraso moderado
1.55,44,26.31,24.87,1138.55,2026,5,30,5,1,22,2,17.5,Diesel,0,12.979603814891709,-12.979603814891709,12.979603814891709,Sin retraso,Retraso leve
0.67,80,478.07,26.9,3597.35,2026,4,13,0,0,16,2,19.133333333333333,Diesel,67,32.93342638140951,34.06657361859049,34.06657361859049,Retraso crítico,Retraso alto
0.82,32,170.87,26.97,1692.35,2026,6,2,1,0,23,2,11.25,Diesel,0,3.1301207738181573,-3.1301207738181573,3.1301207738181573,Sin retraso,Retraso leve
0.83,79,204.21,25.6,2236.05,2026,1,20,1,0,4,1,11.4,Gasolina,0,5.0417406259612605,-5.0417406259612605,5.0417406259612605,Sin retraso,Retraso leve
10.47,76,132.15,25.27,2815.75,2026,5,11,0,0,20,2,18.716666666666665,Diesel,54,9.767597153702864,44.232402846297134,44.232402846297134,Retraso alto,Retraso leve
1.76,79,338.25,26.25,2999.25,2026,4,4,5,1,14,2,10.466666666666667,Diesel,0,10.806464000066605,-10.806464000066605,10.806464000066605,Sin retraso,Retraso leve
0.67,8,465.61,24.79,2959.05,2026,6,14,6,1,24,2,9.5,Gasolina,0,29.507146447735913,-29.507146447735913,29.507146447735913,Sin retraso,Retraso moderado
6.41,62,424.25,26.77,3758.25,2026,3,24,1,0,13,1,8.083333333333334,Diesel,0,22.870599226831153,-22.870599226831153,22.870599226831153,Sin retraso,Retraso moderado
7.66,23,200.94,26.12,2454.7,2026,7,4,5,1,27,3,15.216666666666667,Diesel,0,4.264139571294001,-4.264139571294001,4.264139571294001,Sin retraso,Retraso leve
1.32,69,171.92,25.94,2043.6,2026,2,17,1,0,8,1,18.666666666666668,Diesel,0,6.913235235583603,-6.913235235583603,6.913235235583603,Sin retraso,Retraso leve
0.62,34,423.4,24.15,2951.0,2026,6,26,4,0,26,2,18.333333333333332,Diesel,81,21.574405883426188,59.42559411657381,59.42559411657381,Retraso crítico,Retraso moderado
0.33,31,325.52,23.65,2408.6,2026,5,10,6,1,19,2,18.15,Gasolina,0,15.273863489411754,-15.273863489411754,15.273863489411754,Sin retraso,Retraso moderado
1.43,76,232.64,23.24,2414.2,2026,1,24,5,1,4,1,15.416666666666666,Gasolina,0,5.09880367844975,-5.09880367844975,5.09880367844975,Sin retraso,Retraso leve
2.28,31,182.31,26.87,1887.55,2026,3,22,6,1,12,1,8.733333333333333,Diesel,0,8.944611671469238,-8.944611671469238,8.944611671469238,Sin retraso,Retraso leve
0.24,79,143.87,23.5,1875.35,2026,5,31,6,1,22,2,14.916666666666666,Gasolina,0,2.4813249370772477,-2.4813249370772477,2.4813249370772477,Sin retraso,Retraso leve
0.71,11,192.54,25.42,1621.7,2026,4,14,1,0,16,2,15.633333333333333,Gasolina,0,2.390050098228708,-2.390050098228708,2.390050098228708,Sin retraso,Retraso leve
0.3,64,420.18,23.62,3142.9,2026,6,18,3,0,25,2,8.366666666666667,Gasolina,62,20.297989981074316,41.702010018925684,41.702010018925684,Retraso crítico,Retraso moderado
2.14,37,247.39,26.0,2246.95,2026,6,5,4,0,23,2,10.733333333333333,Diesel,20,5.444195301069827,14.555804698930173,14.555804698930173,Retraso moderado,Retraso leve
2.7,39,304.44,24.79,2604.2,2026,7,20,0,0,30,3,14.9,Diesel,0,11.621947727584871,-11.621947727584871,11.621947727584871,Sin retraso,Retraso leve
13.81,12,298.57,25.67,3469.85,2026,7,6,0,0,28,3,20.466666666666665,Diesel,0,19.703171487918972,-19.703171487918972,19.703171487918972,Sin retraso,Retraso moderado
2.76,58,337.3,26.95,2926.5,2026,7,22,2,0,30,3,10.616666666666667,Diesel,0,16.82845472472553,-16.82845472472553,16.82845472472553,Sin retraso,Retraso moderado
0.47,47,397.27,23.11,2909.35,2026,1,8,3,0,2,1,8.133333333333333,Gasolina,59,25.75019030704292,33.24980969295708,33.24980969295708,Retraso alto,Retraso moderado
7.86,10,395.91,26.61,3345.55,2026,3,26,3,0,13,1,10.316666666666666,Diesel,0,17.0730409075152,-17.0730409075152,17.0730409075152,Sin retraso,Retraso moderado
0.25,35,374.5,25.47,2677.5,2026,1,11,6,1,2,1,16.516666666666666,Gasolina,0,12.288123660158925,-12.288123660158925,12.288123660158925,Sin retraso,Retraso leve
1.59,16,205.71,23.62,1815.55,2026,1,7,2,0,2,1,17.666666666666668,Gasolina,0,15.872731059455889,-15.872731059455889,15.872731059455889,Sin retraso,Retraso moderado
3.43,61,253.03,25.35,2596.15,2026,2,8,6,1,6,1,9.0,Diesel,36,11.881885231626711,24.11811476837329,24.11811476837329,Retraso alto,Retraso leve
0.76,30,342.37,24.95,2527.85,2026,1,2,4,0,1,1,20.683333333333334,Gasolina,0,11.285222635854232,-11.285222635854232,11.285222635854232,Sin retraso,Retraso leve
1.52,72,373.2,25.66,3094.0,2026,6,18,3,0,25,2,18.6,Gasolina,42,20.79433437534796,21.20566562465204,21.20566562465204,Retraso alto,Retraso moderado
1.77,43,376.07,24.15,2901.35,2026,5,6,2,0,19,2,13.25,Diesel,0,12.90428134967326,-12.90428134967326,12.90428134967326,Sin retraso,Retraso leve
4.99,15,448.69,26.94,3362.45,2026,2,11,2,0,7,1,5.4,Diesel,48,9.07272724223451,38.92727275776549,38.92727275776549,Retraso alto,Retraso leve
1.37,6,242.58,26.68,1897.9,2026,7,29,2,0,31,3,8.666666666666666,Diesel,0,21.77873900904982,-21.77873900904982,21.77873900904982,Sin retraso,Retraso moderado
1.47,37,339.16,24.14,2638.8,2026,8,5,2,0,32,3,19.5,Diesel,0,37.016305322252926,-37.016305322252926,37.016305322252926,Sin retraso,Retraso alto
3.08,36,306.64,26.82,2629.2,2026,6,22,0,0,26,2,20.15,Diesel,45,17.61491188014614,27.38508811985386,27.38508811985386,Retraso alto,Retraso moderado
0.32,64,380.28,25.41,2945.4,2026,4,3,4,0,14,2,19.933333333333334,Gasolina,0,13.43662066387654,-13.43662066387654,13.43662066387654,Sin retraso,Retraso leve
0.83,4,314.69,25.43,2188.45,2026,4,11,5,1,15,2,9.566666666666666,Gasolina,0,31.798253474548947,-31.798253474548947,31.798253474548947,Sin retraso,Retraso alto
2.34,40,179.2,24.44,1950.0,2026,5,18,0,0,21,2,5.683333333333334,Diesel,0,2.6568278245831243,-2.6568278245831243,2.6568278245831243,Sin retraso,Retraso leve
1.21,6,432.99,25.98,2833.95,2026,3,8,6,1,10,1,11.933333333333334,Diesel,0,17.23429107177297,-17.23429107177297,17.23429107177297,Sin retraso,Retraso moderado
1.9,1,425.52,25.6,2825.6,2026,7,17,4,0,29,3,18.55,Diesel,0,28.382763543033615,-28.382763543033615,28.382763543033615,Sin retraso,Retraso moderado
0.56,51,313.02,24.62,2529.1,2026,5,6,2,0,19,2,9.65,Gasolina,42,20.949839367609826,21.050160632390174,21.050160632390174,Retraso alto,Retraso moderado
1.48,77,239.64,24.72,2462.2,2026,1,2,4,0,1,1,6.016666666666667,Gasolina,0,3.6429145332356767,-3.6429145332356767,3.6429145332356767,Sin retraso,Retraso leve
0.57,55,321.4,26.03,2604.0,2026,6,7,6,1,23,2,9.45,Diesel,60,20.055928040244222,39.944071959755775,39.944071959755775,Retraso alto,Retraso moderado
7.83,49,382.91,24.34,3589.55,2026,5,28,3,0,22,2,8.15,Diesel,0,23.127920323617232,-23.127920323617232,23.127920323617232,Sin retraso,Retraso moderado
0.79,70,249.93,25.95,2388.65,2026,1,13,1,0,3,1,17.533333333333335,Diesel,0,7.942603894802077,-7.942603894802077,7.942603894802077,Sin retraso,Retraso leve
3.36,40,122.63,26.11,1769.15,2026,6,8,0,0,24,2,8.283333333333333,Diesel,0,10.038104638242652,-10.038104638242652,10.038104638242652,Sin retraso,Retraso leve
2.7,73,193.98,25.5,2323.9,2026,7,19,6,1,29,3,15.966666666666667,Diesel,0,2.595681451422666,-2.595681451422666,2.595681451422666,Sin retraso,Retraso leve
1.68,30,257.79,26.32,2196.95,2026,4,21,1,0,17,2,18.316666666666666,Diesel,16,5.885125993910639,10.114874006089362,10.114874006089362,Retraso moderado,Retraso leve
1.14,49,66.64,23.55,1339.2,2026,6,28,6,1,26,2,10.633333333333333,Gasolina,0,4.222961794343865,-4.222961794343865,4.222961794343865,Sin retraso,Retraso leve
0.88,45,383.71,25.6,2866.55,2026,4,20,0,0,17,2,19.066666666666666,Gasolina,0,26.134700872972072,-26.134700872972072,26.134700872972072,Sin retraso,Retraso moderado
1.41,50,472.2,26.0,3402.0,2026,2,1,6,1,5,1,10.7,Diesel,0,14.740305837977424,-14.740305837977424,14.740305837977424,Sin retraso,Retraso leve
0.99,75,370.12,26.13,3049.6,2026,2,18,2,0,8,1,19.233333333333334,Diesel,0,16.361461838567628,-16.361461838567628,16.361461838567628,Sin retraso,Retraso moderado
3.82,32,299.85,25.98,2637.25,2026,2,27,4,0,9,1,5.483333333333333,Diesel,22,13.714360719141967,8.285639280858033,8.285639280858033,Retraso moderado,Retraso leve
1.06,16,285.04,24.94,2159.2,2026,6,10,2,0,24,2,17.616666666666667,Diesel,39,13.75224237664118,25.247757623358822,25.247757623358822,Retraso alto,Retraso leve
0.69,14,496.18,23.32,3161.9,2026,5,24,6,1,21,2,9.5,Gasolina,0,34.9462318536923,-34.9462318536923,34.9462318536923,Sin retraso,Retraso alto
1.05,66,301.35,24.31,2639.75,2026,4,9,3,0,15,2,17.95,Gasolina,47,36.76441594243457,10.235584057565433,10.235584057565433,Retraso alto,Retraso alto
0.84,36,393.37,24.72,2838.85,2026,6,24,2,0,26,2,8.933333333333334,Gasolina,50,30.781359934115166,19.218640065884834,19.218640065884834,Retraso alto,Retraso alto
6.4,36,289.51,25.54,2875.55,2026,2,13,4,0,7,1,12.4,Diesel,0,10.318035933278614,-10.318035933278614,10.318035933278614,Sin retraso,Retraso leve
1.22,34,175.24,25.74,1770.2,2026,6,8,0,0,24,2,6.283333333333333,Gasolina,0,1.7661794197136778,-1.7661794197136778,1.7661794197136778,Sin retraso,Retraso leve
0.54,7,38.98,26.87,804.9,2026,1,22,3,0,4,1,8.75,Diesel,0,9.962435725010232,-9.962435725010232,9.962435725010232,Sin retraso,Retraso leve
0.95,18,103.99,23.93,1258.95,2026,6,21,6,1,25,2,13.9,Gasolina,0,4.688491443043861,-4.688491443043861,4.688491443043861,Sin retraso,Retraso leve
20.05,17,262.27,26.29,3952.35,2026,5,21,3,0,21,2,18.85,Diesel,0,8.87739517804462,-8.87739517804462,8.87739517804462,Sin retraso,Retraso leve
0.39,69,336.97,24.02,2775.85,2026,5,5,1,0,19,2,7.283333333333333,Diesel,56,16.173665732277485,39.826334267722515,39.826334267722515,Retraso alto,Retraso moderado
0.41,2,164.75,26.52,1380.75,2026,1,2,4,0,1,1,16.033333333333335,Diesel,21,6.620705582549146,14.379294417450854,14.379294417450854,Retraso moderado,Retraso leve
6.76,68,398.35,26.83,3711.75,2026,1,17,5,1,3,1,6.983333333333333,Diesel,57,23.984907865747072,33.015092134252924,33.015092134252924,Retraso alto,Retraso moderado
0.72,25,346.48,25.41,2504.4,2026,2,3,1,0,6,1,9.05,Diesel,0,22.208113070629352,-22.208113070629352,22.208113070629352,Sin retraso,Retraso moderado
1.48,18,205.04,25.69,1817.2,2026,6,14,6,1,24,2,17.25,Diesel,0,17.7725094364846,-17.7725094364846,17.7725094364846,Sin retraso,Retraso moderado
4.01,69,195.17,24.95,2428.85,2026,5,27,2,0,22,2,9.7,Diesel,0,13.025262108019174,-13.025262108019174,13.025262108019174,Sin retraso,Retraso leve
0.27,73,422.09,25.72,3221.45,2026,7,2,3,0,27,3,18.466666666666665,Gasolina,0,25.35676018781529,-25.35676018781529,25.35676018781529,Sin retraso,Retraso moderado
2.32,67,212.06,25.69,2328.3,2026,1,7,2,0,2,1,9.516666666666667,Diesel,0,15.702789598808861,-15.702789598808861,15.702789598808861,Sin retraso,Retraso moderado
0.66,14,409.8,25.24,2727.0,2026,1,13,1,0,3,1,18.366666666666667,Gasolina,0,17.097339831175358,-17.097339831175358,17.097339831175358,Sin retraso,Retraso moderado
3.68,41,411.65,26.15,3254.25,2026,4,6,0,0,15,2,14.15,Diesel,25,12.290765153653888,12.709234846346112,12.709234846346112,Retraso moderado,Retraso leve
0.34,71,189.47,24.02,2049.35,2026,2,8,6,1,6,1,5.333333333333333,Gasolina,0,4.157525715996839,-4.157525715996839,4.157525715996839,Sin retraso,Retraso leve
0.99,22,393.42,25.72,2742.1,2026,6,15,0,0,25,2,7.916666666666667,Diesel,0,26.57414804220233,-26.57414804220233,26.57414804220233,Sin retraso,Retraso moderado
0.23,9,204.4,25.85,1617.0,2026,4,5,6,1,14,2,19.483333333333334,Diesel,0,16.443514365957117,-16.443514365957117,16.443514365957117,Sin retraso,Retraso moderado
1.79,79,383.76,26.05,3229.8,2026,3,22,6,1,12,1,9.966666666666667,Diesel,45,33.22705326408914,11.772946735910857,11.772946735910857,Retraso alto,Retraso alto
8.24,46,135.51,25.02,2369.55,2026,2,18,2,0,8,1,5.6,Diesel,51,6.898150199918839,44.10184980008116,44.10184980008116,Retraso alto,Retraso leve
5.48,47,134.48,24.52,2096.4,2026,7,26,6,1,30,3,12.6,Diesel,0,2.5385861189549606,-2.5385861189549606,2.5385861189549606,Sin retraso,Retraso leve
0.47,45,110.81,25.98,1461.05,2026,7,4,5,1,27,3,8.116666666666667,Diesel,0,9.582121102571046,-9.582121102571046,9.582121102571046,Sin retraso,Retraso leve
4.01,62,260.54,25.85,2699.7,2026,5,12,1,0,20,2,11.2,Diesel,0,5.333155145419275,-5.333155145419275,5.333155145419275,Sin retraso,Retraso leve
1.54,29,139.42,24.68,1583.1,2026,1,27,1,0,5,1,20.916666666666668,Gasolina,0,4.612135604484955,-4.612135604484955,4.612135604484955,Sin retraso,Retraso leve
0.86,27,332.36,25.45,2463.8,2026,7,11,5,1,28,3,8.483333333333333,Diesel,34,24.141324599603063,9.858675400396937,9.858675400396937,Retraso alto,Retraso moderado
0.49,55,140.96,25.46,1693.8,2026,4,16,3,0,16,2,13.75,Gasolina,0,2.037311168676418,-2.037311168676418,2.037311168676418,Sin retraso,Retraso leve
10.2,45,497.62,26.68,4368.1,2026,1,18,6,1,3,1,6.716666666666667,Diesel,0,12.055166849082289,-12.055166849082289,12.055166849082289,Sin retraso,Retraso leve
0.49,4,174.22,23.74,1452.1,2026,3,17,1,0,12,1,7.95,Gasolina,43,12.291099605509181,30.70890039449082,30.70890039449082,Retraso alto,Retraso leve
9.4,3,294.92,25.69,2938.6,2026,8,5,2,0,32,3,18.983333333333334,Diesel,67,31.786499474519925,35.21350052548007,35.21350052548007,Retraso crítico,Retraso alto
12.27,19,271.13,24.77,3234.65,2026,6,24,2,0,26,2,16.2,Diesel,0,5.752216433174636,-5.752216433174636,5.752216433174636,Sin retraso,Retraso leve
0.88,33,405.29,24.96,2878.45,2026,2,26,3,0,9,1,6.45,Diesel,31,9.76463995608679,21.23536004391321,21.23536004391321,Retraso alto,Retraso leve
6.76,15,456.8,25.76,3580.0,2026,3,1,6,1,9,1,9.333333333333334,Diesel,0,25.586790876842947,-25.586790876842947,25.586790876842947,Sin retraso,Retraso moderado
1.22,25,189.88,23.63,1771.4,2026,7,28,1,0,31,3,5.733333333333333,Gasolina,0,11.681216065534912,-11.681216065534912,11.681216065534912,Sin retraso,Retraso leve
0.28,27,338.29,23.64,2435.45,2026,7,17,4,0,29,3,20.216666666666665,Gasolina,0,5.689095015040197,-5.689095015040197,5.689095015040197,Sin retraso,Retraso leve
0.21,27,329.54,23.04,2384.7,2026,4,5,6,1,14,2,10.166666666666666,Gasolina,0,23.38804040277545,-23.38804040277545,23.38804040277545,Sin retraso,Retraso moderado
6.65,21,473.03,26.86,3698.15,2026,8,11,1,0,33,3,6.3,Diesel,43,8.164331581000699,34.835668418999305,34.835668418999305,Retraso alto,Retraso leve
2.8,26,431.09,26.54,3143.45,2026,3,18,2,0,12,1,14.45,Diesel,0,18.51195514593465,-18.51195514593465,18.51195514593465,Sin retraso,Retraso moderado
0.45,69,159.81,23.41,1896.05,2026,3,20,4,0,12,1,15.3,Gasolina,0,1.448499090504424,-1.448499090504424,1.448499090504424,Sin retraso,Retraso leve
1.03,14,180.53,24.19,1617.65,2026,2,3,1,0,6,1,5.383333333333334,Diesel,15,2.6106925411351387,12.389307458864861,12.389307458864861,Retraso leve,Retraso leve
0.27,64,298.46,26.56,2531.3,2026,4,4,5,1,14,2,8.5,Diesel,0,20.282529322374263,-20.282529322374263,20.282529322374263,Sin retraso,Retraso moderado
0.29,37,446.34,24.52,3056.7,2026,6,23,1,0,26,2,14.383333333333333,Diesel,0,10.56922310562699,-10.56922310562699,10.56922310562699,Sin retraso,Retraso leve
1.33,35,194.07,24.64,1883.35,2026,5,7,3,0,19,2,9.45,Gasolina,0,7.529261611599214,-7.529261611599214,7.529261611599214,Sin retraso,Retraso leve
1.47,5,446.48,26.36,2919.4,2026,6,6,5,1,23,2,19.783333333333335,Diesel,0,28.735661528278687,-28.735661528278687,28.735661528278687,Sin retraso,Retraso moderado
1.19,22,128.0,25.01,1435.0,2026,3,13,4,0,11,1,12.916666666666666,Diesel,46,4.728849589372616,41.271150410627385,41.271150410627385,Retraso alto,Retraso leve
0.51,42,381.06,24.55,2792.3,2026,1,2,4,0,1,1,16.4,Gasolina,0,12.924150635955904,-12.924150635955904,12.924150635955904,Sin retraso,Retraso leve
1.4,17,419.43,25.81,2873.15,2026,4,21,1,0,17,2,16.516666666666666,Diesel,0,11.814127414161883,-11.814127414161883,11.814127414161883,Sin retraso,Retraso leve
0.87,77,138.54,24.8,1895.7,2026,5,13,2,0,20,2,13.783333333333333,Gasolina,0,3.2639755436671987,-3.2639755436671987,3.2639755436671987,Sin retraso,Retraso leve
5.58,18,60.99,25.11,1506.95,2026,5,21,3,0,21,2,17.75,Diesel,27,9.499531516650068,17.500468483349934,17.500468483349934,Retraso moderado,Retraso leve
0.61,59,206.52,26.66,2065.6,2026,3,19,3,0,12,1,8.266666666666667,Diesel,0,10.393351501681398,-10.393351501681398,10.393351501681398,Sin retraso,Retraso leve
0.42,51,197.57,24.1,1937.85,2026,1,5,0,0,2,1,12.7,Diesel,0,1.7119456182709154,-1.7119456182709154,1.7119456182709154,Sin retraso,Retraso leve
5.47,2,379.49,24.07,2960.45,2026,6,17,2,0,25,2,17.383333333333333,Diesel,57,35.73553872779503,21.26446127220497,21.26446127220497,Retraso alto,Retraso alto
2.03,16,270.38,25.61,2182.9,2026,3,1,6,1,9,1,9.716666666666667,Diesel,0,12.630616176862713,-12.630616176862713,12.630616176862713,Sin retraso,Retraso leve
2.06,69,302.16,26.85,2768.8,2026,6,20,5,1,25,2,6.383333333333334,Diesel,30,13.420072371664284,16.579927628335717,16.579927628335717,Retraso moderado,Retraso leve
3.61,77,40.97,24.27,1681.85,2026,6,22,0,0,26,2,15.466666666666667,Diesel,0,5.669434286557487,-5.669434286557487,5.669434286557487,Sin retraso,Retraso leve
0.72,61,483.94,25.56,3479.7,2026,6,25,3,0,26,2,20.6,Gasolina,0,15.922064494500844,-15.922064494500844,15.922064494500844,Sin retraso,Retraso moderado
7.77,60,441.79,24.78,3965.95,2026,3,14,5,1,11,1,8.066666666666666,Diesel,0,26.79701889727323,-26.79701889727323,26.79701889727323,Sin retraso,Retraso moderado
3.81,45,391.48,26.25,3198.4,2026,3,11,2,0,11,1,13.8,Diesel,45,11.724261353004716,33.275738646995286,33.275738646995286,Retraso alto,Retraso leve
2.02,27,415.13,26.62,2993.65,2026,1,27,1,0,5,1,17.333333333333332,Diesel,0,18.206729988090082,-18.206729988090082,18.206729988090082,Sin retraso,Retraso moderado
0.74,71,441.82,24.63,3351.1,2026,5,21,3,0,21,2,5.283333333333333,Gasolina,0,10.614609892847518,-10.614609892847518,10.614609892847518,Sin retraso,Retraso leve
4.27,20,431.83,24.11,3246.15,2026,1,6,1,0,2,1,18.066666666666666,Diesel,44,30.43363654376823,13.56636345623177,13.56636345623177,Retraso alto,Retraso alto
1.27,59,346.9,23.61,2833.5,2026,2,19,3,0,8,1,9.2,Gasolina,52,31.816129408501553,20.183870591498447,20.183870591498447,Retraso alto,Retraso alto
12.63,52,107.43,24.84,2716.15,2026,4,6,0,0,15,2,20.583333333333332,Diesel,0,2.154982125232893,-2.154982125232893,2.154982125232893,Sin retraso,Retraso leve
2.9,50,198.08,26.35,2180.4,2026,6,15,0,0,25,2,20.55,Diesel,0,0.8632422050106889,-0.8632422050106889,0.8632422050106889,Sin retraso,Retraso leve
1.22,24,239.89,24.43,2013.45,2026,7,15,2,0,29,3,14.6,Diesel,0,3.0237512045540513,-3.0237512045540513,3.0237512045540513,Sin retraso,Retraso leve
0.74,28,425.65,23.31,2926.25,2026,1,11,6,1,2,1,17.566666666666666,Gasolina,0,25.441842808334204,-25.441842808334204,25.441842808334204,Sin retraso,Retraso moderado
1.14,35,229.93,23.02,2043.65,2026,4,28,1,0,18,2,18.483333333333334,Gasolina,0,15.92305791951431,-15.92305791951431,15.92305791951431,Sin retraso,Retraso moderado
3.13,32,343.72,24.63,2787.6,2026,6,18,3,0,25,2,13.15,Diesel,0,8.903688970434873,-8.903688970434873,8.903688970434873,Sin retraso,Retraso leve
0.54,52,275.1,25.94,2345.5,2026,7,25,5,1,30,3,5.283333333333333,Diesel,22,9.479602675630609,12.520397324369391,12.520397324369391,Retraso moderado,Retraso leve
16.28,58,259.91,24.44,3891.55,2026,7,15,2,0,29,3,9.283333333333333,Diesel,0,8.505911067915667,-8.505911067915667,8.505911067915667,Sin retraso,Retraso leve
2.32,53,361.08,24.3,2961.4,2026,2,23,0,0,9,1,5.85,Diesel,0,15.177935789991983,-15.177935789991983,15.177935789991983,Sin retraso,Retraso moderado
0.52,80,185.9,24.76,2121.5,2026,8,13,3,0,33,3,6.316666666666666,Gasolina,0,3.510679436913303,-3.510679436913303,3.510679436913303,Sin retraso,Retraso leve
6.09,70,64.28,26.88,1990.4,2026,7,12,6,1,28,3,18.716666666666665,Diesel,0,15.156599179098158,-15.156599179098158,15.156599179098158,Sin retraso,Retraso moderado
1.45,11,60.02,25.92,1033.1,2026,6,7,6,1,23,2,8.966666666666667,Gasolina,0,11.440768314376529,-11.440768314376529,11.440768314376529,Sin retraso,Retraso leve
0.7,55,438.57,25.34,3202.85,2026,7,31,4,0,31,3,13.15,Gasolina,0,8.527277545046974,-8.527277545046974,8.527277545046974,Sin retraso,Retraso leve
0.78,23,25.04,23.9,887.2,2026,1,22,3,0,4,1,14.066666666666666,Gasolina,0,4.0888881558378545,-4.0888881558378545,4.0888881558378545,Sin retraso,Retraso leve
16.91,18,305.08,26.69,3860.4,2026,1,25,6,1,4,1,20.616666666666667,Diesel,0,14.368177476765073,-14.368177476765073,14.368177476765073,Sin retraso,Retraso leve
0.93,27,180.7,26.01,1712.5,2026,1,25,6,1,4,1,10.833333333333334,Diesel,0,3.409662726285337,-3.409662726285337,3.409662726285337,Sin retraso,Retraso leve
0.76,59,408.9,25.0,3092.5,2026,2,5,3,0,6,1,19.666666666666668,Gasolina,0,28.6532592364934,-28.6532592364934,28.6532592364934,Sin retraso,Retraso moderado
0.25,63,185.15,24.15,1954.75,2026,3,14,5,1,11,1,6.116666666666666,Diesel,0,3.0700482274680883,-3.0700482274680883,3.0700482274680883,Sin retraso,Retraso leve
5.59,75,177.47,24.75,2546.35,2026,4,14,1,0,16,2,16.966666666666665,Diesel,0,7.1904305400843525,-7.1904305400843525,7.1904305400843525,Sin retraso,Retraso leve
1.24,36,430.58,26.23,3064.9,2026,5,2,5,1,18,2,9.933333333333334,Diesel,0,23.76824828546242,-23.76824828546242,23.76824828546242,Sin retraso,Retraso moderado
1.02,46,424.46,23.02,3092.3,2026,3,24,1,0,13,1,8.666666666666666,Gasolina,0,26.296225431518327,-26.296225431518327,26.296225431518327,Sin retraso,Retraso moderado
14.68,53,188.46,26.47,3334.3,2026,8,13,3,0,33,3,8.016666666666667,Diesel,44,13.200559814161126,30.799440185838876,30.799440185838876,Retraso alto,Retraso leve
0.6,56,177.8,24.56,1897.0,2026,5,16,5,1,20,2,10.566666666666666,Gasolina,0,1.1910268730825795,-1.1910268730825795,1.1910268730825795,Sin retraso,Retraso leve
1.88,69,322.03,24.21,2850.15,2026,7,9,3,0,28,3,6.983333333333333,Diesel,43,20.085584670141753,22.914415329858247,22.914415329858247,Retraso alto,Retraso moderado
1.34,30,202.95,24.43,1888.75,2026,3,21,5,1,12,1,17.5,Diesel,0,9.629821604866386,-9.629821604866386,9.629821604866386,Sin retraso,Retraso leve
8.59,64,419.34,26.05,3967.7,2026,8,15,5,1,33,3,18.866666666666667,Diesel,54,17.887204797214675,36.11279520278532,36.11279520278532,Retraso alto,Retraso moderado
1.2,39,127.59,24.35,1569.95,2026,2,17,1,0,8,1,20.55,Gasolina,0,1.9367585805384413,-1.9367585805384413,1.9367585805384413,Sin retraso,Retraso leve
0.22,48,415.96,24.68,2985.8,2026,8,3,0,0,32,3,17.616666666666667,Gasolina,0,31.212664662378632,-31.212664662378632,31.212664662378632,Sin retraso,Retraso alto
4.5,16,337.38,24.57,2764.9,2026,4,6,0,0,15,2,15.033333333333333,Diesel,0,11.373410752699296,-11.373410752699296,11.373410752699296,Sin retraso,Retraso leve
1.26,76,154.52,26.4,2006.6,2026,2,4,2,0,6,1,11.183333333333334,Diesel,0,7.312589179651422,-7.312589179651422,7.312589179651422,Sin retraso,Retraso leve
0.73,33,251.72,25.03,2095.6,2026,5,9,5,1,19,2,20.25,Gasolina,0,8.603239996658367,-8.603239996658367,8.603239996658367,Sin retraso,Retraso leve
0.41,5,335.49,26.84,2258.45,2026,8,3,0,0,32,3,11.816666666666666,Diesel,0,17.721084333942525,-17.721084333942525,17.721084333942525,Sin retraso,Retraso moderado
3.48,3,192.41,25.33,1834.05,2026,3,17,1,0,12,1,16.616666666666667,Diesel,0,6.535930179116125,-6.535930179116125,6.535930179116125,Sin retraso,Retraso leve
1.3,72,476.15,23.42,3586.75,2026,7,27,0,0,31,3,7.1,Gasolina,72,25.221684756604763,46.77831524339524,46.77831524339524,Retraso crítico,Retraso moderado
2.22,34,174.07,26.24,1864.35,2026,1,28,2,0,5,1,5.1,Diesel,0,5.920155153197356,-5.920155153197356,5.920155153197356,Sin retraso,Retraso leve
0.35,24,361.92,23.7,2536.6,2026,6,11,3,0,24,2,18.516666666666666,Gasolina,0,17.370043460777843,-17.370043460777843,17.370043460777843,Sin retraso,Retraso moderado
1.87,50,451.2,26.79,3343.0,2026,3,5,3,0,10,1,16.0,Diesel,37,12.48164088145844,24.51835911854156,24.51835911854156,Retraso alto,Retraso leve
0.21,49,317.61,25.57,2501.05,2026,6,25,3,0,26,2,10.0,Gasolina,41,26.169769427323455,14.830230572676545,14.830230572676545,Retraso alto,Retraso moderado
21.26,54,248.07,24.71,4298.35,2026,6,13,5,1,24,2,16.233333333333334,Diesel,0,4.372083958508961,-4.372083958508961,4.372083958508961,Sin retraso,Retraso leve
1.51,5,341.15,24.55,2396.75,2026,2,18,2,0,8,1,9.316666666666666,Diesel,0,31.491077093329977,-31.491077093329977,31.491077093329977,Sin retraso,Retraso alto
0.48,52,336.35,25.89,2645.75,2026,7,16,3,0,29,3,8.783333333333333,Diesel,0,17.832374869340523,-17.832374869340523,17.832374869340523,Sin retraso,Retraso moderado
18.87,18,231.25,26.36,3687.25,2026,6,13,5,1,24,2,9.016666666666667,Diesel,0,13.086398292633977,-13.086398292633977,13.086398292633977,Sin retraso,Retraso leve
0.68,76,23.93,25.68,1295.65,2026,1,28,2,0,5,1,16.033333333333335,Gasolina,0,4.046353681647713,-4.046353681647713,4.046353681647713,Sin retraso,Retraso leve
4.09,65,340.83,26.96,3133.15,2026,4,13,0,0,16,2,20.733333333333334,Diesel,36,13.182147774989467,22.817852225010533,22.817852225010533,Retraso alto,Retraso leve
2.39,62,400.3,25.45,3236.5,2026,7,3,4,0,27,3,12.85,Diesel,39,10.862934920050986,28.137065079949014,28.137065079949014,Retraso alto,Retraso leve
1.12,27,263.5,24.48,2145.5,2026,3,15,6,1,11,1,6.966666666666667,Diesel,0,6.292750993393614,-6.292750993393614,6.292750993393614,Sin retraso,Retraso leve
1.27,62,446.64,23.65,3356.2,2026,4,10,4,0,15,2,7.0,Gasolina,0,21.57754960422826,-21.57754960422826,21.57754960422826,Sin retraso,Retraso moderado
0.73,75,415.79,24.41,3251.95,2026,1,5,0,0,2,1,16.766666666666666,Gasolina,0,19.034104240093214,-19.034104240093214,19.034104240093214,Sin retraso,Retraso moderado
8.41,76,246.88,24.2,3183.4,2026,6,8,0,0,24,2,18.816666666666666,Diesel,0,11.481859334492878,-11.481859334492878,11.481859334492878,Sin retraso,Retraso leve
3.21,37,483.53,26.81,3534.65,2026,6,26,4,0,26,2,16.666666666666668,Diesel,0,12.846190265379056,-12.846190265379056,12.846190265379056,Sin retraso,Retraso leve
0.41,32,146.47,24.71,1529.35,2026,7,26,6,1,30,3,15.3,Gasolina,0,3.4317391534413217,-3.4317391534413217,3.4317391534413217,Sin retraso,Retraso leve
4.35,48,497.1,25.69,3804.5,2026,2,15,6,1,7,1,15.416666666666666,Diesel,0,12.800612120294733,-12.800612120294733,12.800612120294733,Sin retraso,Retraso leve
0.76,66,143.28,25.37,1820.4,2026,5,6,2,0,19,2,6.5,Gasolina,0,1.8346764482494868,-1.8346764482494868,1.8346764482494868,Sin retraso,Retraso leve
9.62,56,21.91,26.21,2019.55,2026,1,3,5,1,1,1,15.45,Diesel,0,11.835399576734249,-11.835399576734249,11.835399576734249,Sin retraso,Retraso leve
1.12,27,201.81,26.62,1837.05,2026,2,26,3,0,9,1,5.333333333333333,Diesel,0,4.502881345719921,-4.502881345719921,4.502881345719921,Sin retraso,Retraso leve
0.66,63,374.38,23.86,2941.9,2026,3,13,4,0,11,1,18.516666666666666,Gasolina,0,30.727171976437077,-30.727171976437077,30.727171976437077,Sin retraso,Retraso alto
0.74,19,384.67,24.46,2649.35,2026,3,7,5,1,10,1,19.766666666666666,Gasolina,0,24.29488301571561,-24.29488301571561,24.29488301571561,Sin retraso,Retraso moderado
0.75,34,138.95,24.19,1541.75,2026,4,9,3,0,15,2,9.433333333333334,Gasolina,45,7.16133160964265,37.83866839035735,37.83866839035735,Retraso alto,Retraso leve
2.09,77,113.79,25.06,1893.95,2026,3,28,5,1,13,1,9.566666666666666,Diesel,0,18.11735791497891,-18.11735791497891,18.11735791497891,Sin retraso,Retraso moderado
0.99,11,325.52,24.52,2314.6,2026,5,12,1,0,20,2,13.383333333333333,Gasolina,0,12.404435291880954,-12.404435291880954,12.404435291880954,Sin retraso,Retraso leve
5.8,39,381.02,24.51,3297.1,2026,2,22,6,1,8,1,16.216666666666665,Diesel,0,17.575126404141944,-17.575126404141944,17.575126404141944,Sin retraso,Retraso moderado
1.12,25,430.11,25.53,2962.55,2026,2,14,5,1,7,1,18.133333333333333,Gasolina,0,23.658288246369494,-23.658288246369494,23.658288246369494,Sin retraso,Retraso moderado
16.27,56,456.06,26.2,4855.3,2026,3,20,4,0,12,1,19.5,Diesel,49,21.61267970407389,27.38732029592611,27.38732029592611,Retraso alto,Retraso moderado
0.86,47,239.89,23.53,2161.45,2026,5,28,3,0,22,2,9.9,Gasolina,0,10.080180402146324,-10.080180402146324,10.080180402146324,Sin retraso,Retraso leve
1.09,60,22.79,24.34,1202.95,2026,7,27,0,0,31,3,19.766666666666666,Diesel,0,12.855131234801378,-12.855131234801378,12.855131234801378,Sin retraso,Retraso leve
15.31,50,287.72,25.71,3869.6,2026,1,26,0,0,5,1,10.566666666666666,Diesel,43,9.422145772770964,33.57785422722904,33.57785422722904,Retraso alto,Retraso leve
20.61,27,41.21,25.11,2983.05,2026,2,5,3,0,6,1,15.65,Diesel,0,9.588367614651562,-9.588367614651562,9.588367614651562,Sin retraso,Retraso leve
5.12,76,99.53,24.53,2117.65,2026,6,18,3,0,25,2,9.066666666666666,Diesel,29,11.08585564134377,17.91414435865623,17.91414435865623,Retraso moderado,Retraso leve
2.76,74,252.15,25.92,2628.75,2026,6,18,3,0,25,2,12.016666666666667,Diesel,0,4.864750141846032,-4.864750141846032,4.864750141846032,Sin retraso,Retraso leve
5.05,50,39.7,26.42,1603.5,2026,2,13,4,0,7,1,13.8,Diesel,0,3.7981587427683428,-3.7981587427683428,3.7981587427683428,Sin retraso,Retraso leve
6.0,60,181.93,26.21,2489.65,2026,8,14,4,0,33,3,18.483333333333334,Diesel,0,9.03247894394883,-9.03247894394883,9.03247894394883,Sin retraso,Retraso leve
21.94,61,264.37,24.16,4503.85,2026,4,7,1,0,15,2,10.066666666666666,Diesel,0,12.071150325854937,-12.071150325854937,12.071150325854937,Sin retraso,Retraso leve
2.84,74,506.51,25.74,3908.55,2026,6,30,1,0,27,2,15.95,Diesel,0,12.050634079988297,-12.050634079988297,12.050634079988297,Sin retraso,Retraso leve
3.37,79,283.26,25.0,2885.3,2026,3,13,4,0,11,1,9.683333333333334,Diesel,0,15.29010903024859,-15.29010903024859,15.29010903024859,Sin retraso,Retraso moderado
1.04,25,193.68,24.25,1772.4,2026,6,17,2,0,25,2,8.083333333333334,Gasolina,40,11.55281872351054,28.44718127648946,28.44718127648946,Retraso alto,Retraso leve
1.23,23,21.66,26.55,915.3,2026,8,4,1,0,32,3,9.866666666666667,Diesel,0,16.743118731493844,-16.743118731493844,16.743118731493844,Sin retraso,Retraso moderado
2.12,39,402.5,25.69,3036.5,2026,8,12,2,0,33,3,8.616666666666667,Diesel,0,16.552910427970595,-16.552910427970595,16.552910427970595,Sin retraso,Retraso moderado
16.96,34,414.73,26.58,4541.65,2026,4,18,5,1,16,2,18.416666666666668,Diesel,0,24.65079623587449,-24.65079623587449,24.65079623587449,Sin retraso,Retraso moderado
8.85,72,332.1,25.65,3621.5,2026,2,10,1,0,7,1,7.8,Diesel,0,16.448786156986106,-16.448786156986106,16.448786156986106,Sin retraso,Retraso moderado
7.49,25,413.97,25.23,3518.85,2026,3,17,1,0,12,1,9.733333333333333,Diesel,0,27.1020901299947,-27.1020901299947,27.1020901299947,Sin retraso,Retraso moderado
7.52,44,149.42,24.41,2351.1,2026,1,31,5,1,5,1,18.7,Diesel,0,14.912619120638592,-14.912619120638592,14.912619120638592,Sin retraso,Retraso leve
9.47,66,22.68,26.41,2088.4,2026,2,17,1,0,8,1,6.35,Diesel,0,6.60314392641314,-6.60314392641314,6.60314392641314,Sin retraso,Retraso leve
6.74,37,419.18,24.91,3565.9,2026,5,5,1,0,19,2,17.933333333333334,Diesel,35,23.780230533131395,11.219769466868605,11.219769466868605,Retraso alto,Retraso moderado
1.49,9,464.75,23.98,3044.75,2026,4,22,2,0,17,2,9.333333333333334,Gasolina,57,33.57132876115063,23.42867123884937,23.42867123884937,Retraso alto,Retraso alto
1.45,36,417.95,25.52,3022.75,2026,8,12,2,0,33,3,19.033333333333335,Gasolina,57,32.84509528049285,24.15490471950715,24.15490471950715,Retraso alto,Retraso alto
0.42,62,326.26,23.65,2669.3,2026,6,21,6,1,25,2,8.75,Gasolina,36,27.852239850971824,8.147760149028176,8.147760149028176,Retraso alto,Retraso moderado
2.94,69,455.12,26.91,3621.6,2026,5,22,4,0,21,2,20.9,Diesel,0,14.15417683892277,-14.15417683892277,14.15417683892277,Sin retraso,Retraso leve
0.88,78,22.88,25.29,1326.4,2026,5,10,6,1,19,2,15.433333333333334,Gasolina,0,5.573123771232694,-5.573123771232694,5.573123771232694,Sin retraso,Retraso leve
0.6,18,150.25,24.43,1455.25,2026,4,28,1,0,18,2,9.766666666666667,Gasolina,0,12.41590041058275,-12.41590041058275,12.41590041058275,Sin retraso,Retraso leve
1.31,34,315.39,25.68,2479.95,2026,1,25,6,1,4,1,18.133333333333333,Diesel,0,24.233537625898705,-24.233537625898705,24.233537625898705,Sin retraso,Retraso moderado
0.86,4,42.04,24.86,828.2,2026,1,10,5,1,2,1,11.65,Diesel,21,5.368060476550787,15.631939523449212,15.631939523449212,Retraso moderado,Retraso leve
0.4,51,463.29,26.56,3264.45,2026,5,28,3,0,22,2,14.816666666666666,Diesel,0,7.00590894788925,-7.00590894788925,7.00590894788925,Sin retraso,Retraso leve
0.84,65,461.7,24.72,3412.5,2026,5,1,4,0,18,2,13.316666666666666,Diesel,0,12.011145844368944,-12.011145844368944,12.011145844368944,Sin retraso,Retraso leve
0.56,43,168.59,25.78,1742.95,2026,5,19,1,0,21,2,6.35,Gasolina,24,5.383778466994324,18.616221533005678,18.616221533005678,Retraso moderado,Retraso leve
0.74,74,316.33,24.29,2747.65,2026,2,14,5,1,7,1,18.866666666666667,Diesel,0,30.968826063078044,-30.968826063078044,30.968826063078044,Sin retraso,Retraso alto
12.73,8,142.89,26.45,2551.45,2026,3,1,6,1,9,1,20.216666666666665,Diesel,36,7.436520540861287,28.563479459138712,28.563479459138712,Retraso alto,Retraso leve
6.34,31,236.7,26.35,2565.5,2026,6,3,2,0,23,2,16.433333333333334,Diesel,0,4.439626243278087,-4.439626243278087,4.439626243278087,Sin retraso,Retraso leve
0.72,56,235.71,23.65,2198.55,2026,3,20,4,0,12,1,15.55,Gasolina,22,2.438772290656019,19.56122770934398,19.56122770934398,Retraso moderado,Retraso leve
2.6,63,204.57,24.45,2286.85,2026,2,12,3,0,7,1,13.783333333333333,Diesel,0,2.3350806928370518,-2.3350806928370518,2.3350806928370518,Sin retraso,Retraso leve
0.92,27,190.59,25.09,1760.95,2026,1,13,1,0,3,1,13.783333333333333,Gasolina,0,4.05826902344923,-4.05826902344923,4.05826902344923,Sin retraso,Retraso leve
0.57,64,131.24,24.1,1725.2,2026,4,9,3,0,15,2,13.183333333333334,Gasolina,0,2.3398165299278983,-2.3398165299278983,2.3398165299278983,Sin retraso,Retraso leve
0.81,79,91.18,24.57,1668.9,2026,5,27,2,0,22,2,9.583333333333334,Gasolina,0,13.60504900627765,-13.60504900627765,13.60504900627765,Sin retraso,Retraso leve
0.92,32,191.4,23.89,1805.0,2026,6,25,3,0,26,2,12.883333333333333,Gasolina,0,1.9379505422356544,-1.9379505422356544,1.9379505422356544,Sin retraso,Retraso leve
3.25,78,279.93,24.55,2848.65,2026,8,7,4,0,32,3,6.433333333333334,Diesel,0,5.772200253015081,-5.772200253015081,5.772200253015081,Sin retraso,Retraso leve
0.96,1,23.38,24.73,720.9,2026,6,24,2,0,26,2,20.35,Gasolina,0,7.929364024431478,-7.929364024431478,7.929364024431478,Sin retraso,Retraso leve
4.83,30,441.19,26.15,3428.95,2026,2,23,0,0,9,1,8.033333333333333,Diesel,0,14.518128167695755,-14.518128167695755,14.518128167695755,Sin retraso,Retraso leve
5.27,50,24.52,25.85,1549.6,2026,7,15,2,0,29,3,10.166666666666666,Diesel,0,9.043044541745024,-9.043044541745024,9.043044541745024,Sin retraso,Retraso leve
1.91,15,59.44,25.93,1108.2,2026,6,16,1,0,25,2,18.05,Diesel,0,11.2786584189902,-11.2786584189902,11.2786584189902,Sin retraso,Retraso leve
1.01,73,461.48,24.93,3492.4,2026,8,3,0,0,32,3,11.1,Gasolina,64,12.996139636219969,51.003860363780035,51.003860363780035,Retraso crítico,Retraso leve
0.95,62,261.43,24.98,2398.15,2026,3,29,6,1,13,1,13.516666666666667,Gasolina,0,3.1335302156958647,-3.1335302156958647,3.1335302156958647,Sin retraso,Retraso leve
0.58,14,490.67,25.18,3123.35,2026,2,28,5,1,9,1,10.633333333333333,Diesel,0,11.140777628341164,-11.140777628341164,11.140777628341164,Sin retraso,Retraso leve
7.03,7,336.59,25.75,2941.95,2026,4,29,2,0,18,2,8.5,Diesel,0,31.767869454688036,-31.767869454688036,31.767869454688036,Sin retraso,Retraso alto
0.46,6,336.38,24.79,2275.9,2026,1,2,4,0,1,1,6.266666666666667,Diesel,26,10.374990643343585,15.625009356656415,15.625009356656415,Retraso moderado,Retraso leve
0.82,16,169.35,23.29,1556.75,2026,1,6,1,0,2,1,6.583333333333333,Gasolina,10,4.2488905277636695,5.7511094722363305,5.7511094722363305,Retraso leve,Retraso leve
1.0,2,189.32,25.7,1562.6,2026,5,11,0,0,20,2,16.35,Diesel,0,9.047561212284329,-9.047561212284329,9.047561212284329,Sin retraso,Retraso leve
6.37,72,334.55,26.63,3385.75,2026,6,28,6,1,26,2,14.716666666666667,Diesel,0,7.346523930076945,-7.346523930076945,7.346523930076945,Sin retraso,Retraso leve
0.94,64,62.14,24.95,1416.7,2026,7,5,6,1,27,3,7.45,Diesel,0,14.701394552795566,-14.701394552795566,14.701394552795566,Sin retraso,Retraso leve
0.6,23,328.69,24.58,2387.45,2026,5,9,5,1,19,2,19.85,Gasolina,0,20.2811579544224,-20.2811579544224,20.2811579544224,Sin retraso,Retraso moderado
8.68,39,182.66,26.92,2593.3,2026,2,27,4,0,9,1,11.183333333333334,Diesel,0,1.816445896804714,-1.816445896804714,1.816445896804714,Sin retraso,Retraso leve
1.57,45,178.08,25.1,1907.4,2026,1,23,4,0,4,1,16.266666666666666,Diesel,0,2.675786728235535,-2.675786728235535,2.675786728235535,Sin retraso,Retraso leve
0.3,21,436.12,24.94,2878.6,2026,5,23,5,1,21,2,11.883333333333333,Gasolina,0,12.37486735458251,-12.37486735458251,12.37486735458251,Sin retraso,Retraso leve
5.3,10,157.46,25.51,1897.3,2026,5,30,5,1,22,2,6.733333333333333,Diesel,0,9.58164559719876,-9.58164559719876,9.58164559719876,Sin retraso,Retraso leve
2.12,50,347.05,25.67,2847.25,2026,6,12,4,0,24,2,13.566666666666666,Diesel,0,6.650153936718697,-6.650153936718697,6.650153936718697,Sin retraso,Retraso leve
0.25,78,150.25,23.55,1900.25,2026,1,13,1,0,3,1,11.183333333333334,Gasolina,0,2.695551944147914,-2.695551944147914,2.695551944147914,Sin retraso,Retraso leve
6.08,3,456.99,24.82,3416.95,2026,7,26,6,1,30,3,10.233333333333333,Diesel,0,25.81178970532444,-25.81178970532444,25.81178970532444,Sin retraso,Retraso moderado
0.47,61,173.08,26.89,1900.4,2026,2,1,6,1,5,1,17.416666666666668,Diesel,35,24.916542973710662,10.083457026289338,10.083457026289338,Retraso alto,Retraso moderado
2.12,22,110.28,25.52,1439.4,2026,5,25,0,0,22,2,17.15,Diesel,48,11.991977220463701,36.0080227795363,36.0080227795363,Retraso alto,Retraso leve
1.29,74,89.59,25.25,1668.95,2026,1,16,4,0,3,1,7.683333333333334,Diesel,21,13.0193755673414,7.980624432658599,7.980624432658599,Retraso moderado,Retraso leve
6.89,33,24.42,26.85,1575.1,2026,4,9,3,0,15,2,11.233333333333333,Diesel,0,4.4449244034084945,-4.4449244034084945,4.4449244034084945,Sin retraso,Retraso leve
0.87,20,182.72,25.51,1660.6,2026,1,29,3,0,5,1,7.133333333333334,Diesel,41,9.20205742705306,31.79794257294694,31.79794257294694,Retraso alto,Retraso leve
6.95,1,59.4,26.63,1500.0,2026,5,11,0,0,20,2,10.433333333333334,Diesel,0,9.725280656878205,-9.725280656878205,9.725280656878205,Sin retraso,Retraso leve
12.7,31,22.72,25.48,2131.6,2026,4,2,3,0,14,2,18.8,Diesel,0,13.009333399900804,-13.009333399900804,13.009333399900804,Sin retraso,Retraso leve
10.25,7,108.24,26.2,2122.2,2026,4,14,1,0,16,2,9.25,Diesel,0,7.481706668186007,-7.481706668186007,7.481706668186007,Sin retraso,Retraso leve
6.53,42,391.08,25.34,3444.4,2026,7,14,1,0,29,3,20.616666666666667,Diesel,0,13.049437711847029,-13.049437711847029,13.049437711847029,Sin retraso,Retraso leve
0.46,66,146.51,24.64,1806.55,2026,6,18,3,0,25,2,10.166666666666666,Gasolina,0,5.141373167051281,-5.141373167051281,5.141373167051281,Sin retraso,Retraso leve
0.92,36,183.63,24.48,1798.15,2026,6,22,0,0,26,2,20.083333333333332,Gasolina,26,0.8216441289313475,25.178355871068653,25.178355871068653,Retraso moderado,Retraso leve
5.03,31,428.02,24.92,3391.1,2026,2,21,5,1,8,1,17.916666666666668,Diesel,0,20.248625722829004,-20.248625722829004,20.248625722829004,Sin retraso,Retraso moderado
3.9,79,386.62,25.01,3455.1,2026,5,5,1,0,19,2,11.783333333333333,Diesel,41,9.482229630205335,31.517770369794665,31.517770369794665,Retraso alto,Retraso leve
0.78,65,196.68,25.88,2081.4,2026,5,29,4,0,22,2,9.9,Gasolina,0,10.51553572549499,-10.51553572549499,10.51553572549499,Sin retraso,Retraso leve
1.63,70,236.44,24.08,2405.2,2026,8,15,5,1,33,3,15.366666666666667,Diesel,43,7.269611986454603,35.730388013545394,35.730388013545394,Retraso alto,Retraso leve
7.16,39,133.01,24.79,2193.05,2026,4,3,4,0,14,2,11.8,Diesel,0,5.777836893726815,-5.777836893726815,5.777836893726815,Sin retraso,Retraso leve
1.14,25,24.16,24.03,934.8,2026,7,10,4,0,28,3,15.9,Diesel,0,3.6857920476660877,-3.6857920476660877,3.6857920476660877,Sin retraso,Retraso leve
1.29,45,134.88,24.68,1663.4,2026,6,13,5,1,24,2,20.316666666666666,Diesel,0,2.9812286690543437,-2.9812286690543437,2.9812286690543437,Sin retraso,Retraso leve
0.68,61,348.23,24.02,2797.15,2026,4,4,5,1,14,2,16.633333333333333,Gasolina,38,13.522420224563728,24.477579775436272,24.477579775436272,Retraso alto,Retraso leve
11.46,55,256.8,25.88,3370.0,2026,4,23,3,0,17,2,8.033333333333333,Diesel,0,12.226054313244981,-12.226054313244981,12.226054313244981,Sin retraso,Retraso leve
0.55,46,418.96,26.18,3017.8,2026,2,19,3,0,8,1,17.216666666666665,Diesel,67,10.416785213504202,56.5832147864958,56.5832147864958,Retraso crítico,Retraso leve
1.68,76,275.21,24.55,2652.05,2026,1,24,5,1,4,1,8.266666666666667,Gasolina,0,20.807279270990488,-20.807279270990488,20.807279270990488,Sin retraso,Retraso moderado
14.38,45,205.01,26.9,3323.05,2026,8,6,3,0,32,3,11.366666666666667,Diesel,0,8.386880330119805,-8.386880330119805,8.386880330119805,Sin retraso,Retraso leve
8.47,14,167.18,24.3,2294.9,2026,2,15,6,1,7,1,6.2,Diesel,0,4.331079211348762,-4.331079211348762,4.331079211348762,Sin retraso,Retraso leve
12.08,21,177.05,26.94,2761.25,2026,5,17,6,1,20,2,8.05,Diesel,0,7.907031197903767,-7.907031197903767,7.907031197903767,Sin retraso,Retraso leve
0.44,48,262.43,25.38,2240.15,2026,3,10,1,0,11,1,15.083333333333334,Diesel,0,2.347945823049915,-2.347945823049915,2.347945823049915,Sin retraso,Retraso leve
0.35,58,407.17,23.96,3034.85,2026,1,17,5,1,3,1,15.383333333333333,Gasolina,0,11.643810058096507,-11.643810058096507,11.643810058096507,Sin retraso,Retraso leve
1.67,58,359.29,24.53,2927.45,2026,4,28,1,0,18,2,5.133333333333334,Gasolina,0,15.8767981981254,-15.8767981981254,15.8767981981254,Sin retraso,Retraso moderado
0.27,40,486.75,24.42,3280.75,2026,5,30,5,1,22,2,8.783333333333333,Gasolina,59,27.550615271228054,31.449384728771946,31.449384728771946,Retraso alto,Retraso moderado
5.46,7,415.55,25.88,3179.75,2026,2,28,5,1,9,1,13.9,Diesel,69,12.705138070586532,56.29486192941347,56.29486192941347,Retraso crítico,Retraso leve
1.49,8,435.37,23.81,2889.85,2026,7,5,6,1,27,3,12.333333333333334,Gasolina,34,15.909386917572176,18.090613082427822,18.090613082427822,Retraso alto,Retraso moderado
1.07,18,293.97,23.71,2220.85,2026,3,11,2,0,11,1,9.766666666666667,Gasolina,57,24.673338763557325,32.326661236442675,32.326661236442675,Retraso alto,Retraso moderado
0.75,59,406.18,24.44,3077.9,2026,3,4,2,0,10,1,19.6,Diesel,42,27.259810144158237,14.740189855841763,14.740189855841763,Retraso alto,Retraso moderado
1.33,62,418.38,24.28,3220.9,2026,7,8,2,0,28,3,5.416666666666667,Diesel,0,11.270321078216712,-11.270321078216712,11.270321078216712,Sin retraso,Retraso leve
21.44,23,161.39,24.9,3634.95,2026,7,6,0,0,28,3,8.25,Diesel,40,20.591838828985956,19.408161171014044,19.408161171014044,Retraso alto,Retraso moderado
0.89,41,140.58,25.05,1619.9,2026,5,20,2,0,21,2,13.916666666666666,Gasolina,0,4.817753723462559,-4.817753723462559,4.817753723462559,Sin retraso,Retraso leve
4.85,59,439.17,24.99,3652.85,2026,1,19,0,0,4,1,8.616666666666667,Diesel,0,15.560074216076853,-15.560074216076853,15.560074216076853,Sin retraso,Retraso moderado
2.46,10,63.3,26.06,1142.5,2026,6,12,4,0,24,2,8.583333333333334,Diesel,0,11.119757538784015,-11.119757538784015,11.119757538784015,Sin retraso,Retraso leve
8.21,9,418.95,25.93,3487.75,2026,3,3,1,0,10,1,18.4,Diesel,0,18.28981585254123,-18.28981585254123,18.28981585254123,Sin retraso,Retraso moderado
0.56,42,363.92,23.58,2711.6,2026,5,14,3,0,20,2,10.1,Gasolina,0,21.341073189248082,-21.341073189248082,21.341073189248082,Sin retraso,Retraso moderado
1.19,57,268.06,25.09,2415.3,2026,5,27,2,0,22,2,15.183333333333334,Gasolina,0,3.992037104053359,-3.992037104053359,3.992037104053359,Sin retraso,Retraso leve
8.01,53,424.91,25.03,3849.55,2026,2,24,1,0,9,1,18.766666666666666,Diesel,0,16.86892529047978,-16.86892529047978,16.86892529047978,Sin retraso,Retraso moderado
21.17,29,40.65,25.66,3052.25,2026,5,15,4,0,20,2,14.516666666666667,Diesel,0,9.63966373371767,-9.63966373371767,9.63966373371767,Sin retraso,Retraso leve
8.26,10,487.17,25.98,3841.85,2026,3,24,1,0,13,1,8.0,Diesel,49,29.493305137573024,19.506694862426976,19.506694862426976,Retraso alto,Retraso moderado
4.66,5,159.68,24.14,1804.4,2026,3,26,3,0,13,1,11.616666666666667,Diesel,0,4.866968204337854,-4.866968204337854,4.866968204337854,Sin retraso,Retraso leve
0.64,68,366.13,26.31,2938.65,2026,1,13,1,0,3,1,15.6,Diesel,0,6.968548823585186,-6.968548823585186,6.968548823585186,Sin retraso,Retraso leve
3.15,40,323.39,26.42,2751.95,2026,7,23,3,0,30,3,10.033333333333333,Diesel,0,31.056719332370594,-31.056719332370594,31.056719332370594,Sin retraso,Retraso alto
1.01,2,451.02,25.1,2872.1,2026,7,9,3,0,28,3,9.116666666666667,Gasolina,0,26.151724305489637,-26.151724305489637,26.151724305489637,Sin retraso,Retraso moderado
14.88,33,321.04,25.13,3857.2,2026,3,9,0,0,11,1,18.016666666666666,Diesel,0,31.49280272132293,-31.49280272132293,31.49280272132293,Sin retraso,Retraso alto
4.47,5,251.59,26.18,2244.95,2026,6,21,6,1,25,2,9.433333333333334,Diesel,29,14.717258234397486,14.282741765602514,14.282741765602514,Retraso moderado,Retraso leve
0.82,15,23.02,25.15,817.1,2026,8,7,4,0,32,3,19.466666666666665,Gasolina,0,14.081135061592661,-14.081135061592661,14.081135061592661,Sin retraso,Retraso leve
3.69,41,396.81,25.39,3181.05,2026,5,15,4,0,20,2,5.316666666666666,Diesel,0,12.132101925949371,-12.132101925949371,12.132101925949371,Sin retraso,Retraso leve
1.1,72,118.85,26.17,1780.25,2026,2,14,5,1,7,1,9.316666666666666,Diesel,0,9.391075704550877,-9.391075704550877,9.391075704550877,Sin retraso,Retraso leve
1.45,56,22.52,24.54,1205.6,2026,8,7,4,0,32,3,15.833333333333334,Gasolina,0,8.786606969775608,-8.786606969775608,8.786606969775608,Sin retraso,Retraso leve
1.93,33,184.87,25.61,1881.35,2026,6,6,5,1,23,2,8.083333333333334,Diesel,0,6.853142256039085,-6.853142256039085,6.853142256039085,Sin retraso,Retraso leve
1.74,73,386.29,26.06,3189.45,2026,4,9,3,0,15,2,6.166666666666667,Diesel,35,12.669301815552776,22.330698184447222,22.330698184447222,Retraso alto,Retraso leve
6.43,48,372.46,26.0,3389.3,2026,4,3,4,0,14,2,7.95,Diesel,0,23.533007386238364,-23.533007386238364,23.533007386238364,Sin retraso,Retraso moderado
2.21,71,62.58,26.19,1601.9,2026,2,18,2,0,8,1,16.733333333333334,Diesel,0,5.501045225435526,-5.501045225435526,5.501045225435526,Sin retraso,Retraso leve
0.71,49,251.92,24.96,2222.6,2026,1,13,1,0,3,1,14.683333333333334,Diesel,0,2.0982738911461762,-2.0982738911461762,2.0982738911461762,Sin retraso,Retraso leve
0.98,45,261.95,25.25,2267.75,2026,1,8,3,0,2,1,8.45,Gasolina,0,24.103304620842106,-24.103304620842106,24.103304620842106,Sin retraso,Retraso moderado
1.01,15,135.59,26.4,1398.95,2026,7,8,2,0,28,3,8.1,Diesel,53,13.51738773826893,39.48261226173107,39.48261226173107,Retraso alto,Retraso leve
0.8,21,330.61,24.79,2401.05,2026,4,4,5,1,14,2,9.5,Gasolina,0,28.66615579617544,-28.66615579617544,28.66615579617544,Sin retraso,Retraso moderado
7.32,16,184.51,26.66,2282.55,2026,3,8,6,1,10,1,8.8,Diesel,0,4.654331371408358,-4.654331371408358,4.654331371408358,Sin retraso,Retraso leve
1.36,23,185.47,26.59,1747.35,2026,8,3,0,0,32,3,11.166666666666666,Diesel,0,7.116243281415133,-7.116243281415133,7.116243281415133,Sin retraso,Retraso leve
8.3,37,295.0,26.93,3101.0,2026,4,5,6,1,14,2,17.983333333333334,Diesel,31,30.5574147003978,0.44258529960220017,0.44258529960220017,Retraso alto,Retraso alto
3.84,20,260.14,25.34,2344.7,2026,4,17,4,0,16,2,10.0,Diesel,0,8.694717215586273,-8.694717215586273,8.694717215586273,Sin retraso,Retraso leve
3.01,34,309.55,26.41,2620.75,2026,4,14,1,0,16,2,13.033333333333333,Diesel,0,13.929895470913412,-13.929895470913412,13.929895470913412,Sin retraso,Retraso leve
1.96,15,194.13,23.44,1786.65,2026,6,8,0,0,24,2,18.266666666666666,Gasolina,0,10.43782733947569,-10.43782733947569,10.43782733947569,Sin retraso,Retraso leve
0.2,60,453.78,23.42,3268.9,2026,7,11,5,1,28,3,17.516666666666666,Gasolina,58,29.74024302057217,28.25975697942783,28.25975697942783,Retraso alto,Retraso moderado
0.44,69,346.8,25.32,2830.0,2026,1,19,0,0,4,1,16.266666666666666,Diesel,34,9.99673864753846,24.00326135246154,24.00326135246154,Retraso alto,Retraso leve
1.09,56,302.09,23.37,2567.45,2026,7,30,3,0,31,3,8.333333333333334,Gasolina,57,37.10026437607498,19.899735623925018,19.899735623925018,Retraso alto,Retraso alto
0.77,80,138.85,23.37,1911.25,2026,3,28,5,1,13,1,12.716666666666667,Gasolina,0,3.756687144376274,-3.756687144376274,3.756687144376274,Sin retraso,Retraso leve
2.52,10,407.12,24.02,2867.6,2026,4,28,1,0,18,2,16.716666666666665,Diesel,38,14.424768882550136,23.575231117449864,23.575231117449864,Retraso alto,Retraso leve
0.53,9,427.85,24.43,2764.25,2026,7,17,4,0,29,3,16.666666666666668,Gasolina,0,11.216984315949622,-11.216984315949622,11.216984315949622,Sin retraso,Retraso leve
6.87,72,309.31,25.62,3309.55,2026,5,7,3,0,19,2,14.55,Diesel,51,13.495979209013145,37.50402079098686,37.50402079098686,Retraso alto,Retraso leve
2.08,60,269.79,25.79,2536.95,2026,7,4,5,1,27,3,7.983333333333333,Diesel,0,10.808632047255276,-10.808632047255276,10.808632047255276,Sin retraso,Retraso leve
0.82,68,277.94,24.26,2515.7,2026,5,7,3,0,19,2,17.716666666666665,Gasolina,51,14.028321661245554,36.971678338754444,36.971678338754444,Retraso alto,Retraso leve
0.55,67,424.9,26.27,3215.5,2026,6,6,5,1,23,2,14.933333333333334,Diesel,0,7.110323992721895,-7.110323992721895,7.110323992721895,Sin retraso,Retraso leve
12.93,22,202.91,24.23,2983.55,2026,1,26,0,0,5,1,12.6,Diesel,0,5.865512446185607,-5.865512446185607,5.865512446185607,Sin retraso,Retraso leve
1.63,31,323.61,25.4,2529.05,2026,8,13,3,0,33,3,5.8,Diesel,0,2.8330042657505885,-2.8330042657505885,2.8330042657505885,Sin retraso,Retraso leve
1.38,60,254.22,23.01,2389.1,2026,2,4,2,0,6,1,12.95,Gasolina,0,8.13867994299306,-8.13867994299306,8.13867994299306,Sin retraso,Retraso leve
1.44,6,181.54,25.2,1599.7,2026,1,2,4,0,1,1,16.033333333333335,Gasolina,0,7.309498493149608,-7.309498493149608,7.309498493149608,Sin retraso,Retraso leve
1.48,59,332.17,24.67,2780.85,2026,8,4,1,0,32,3,5.666666666666667,Diesel,0,6.123913443979042,-6.123913443979042,6.123913443979042,Sin retraso,Retraso leve
1.65,53,272.51,26.12,2451.55,2026,6,15,0,0,25,2,13.833333333333334,Diesel,0,9.889282109743284,-9.889282109743284,9.889282109743284,Sin retraso,Retraso leve
0.71,71,236.05,26.74,2319.25,2026,4,8,2,0,15,2,12.016666666666667,Diesel,0,2.0761879266951304,-2.0761879266951304,2.0761879266951304,Sin retraso,Retraso leve
0.63,48,238.83,23.28,2141.15,2026,2,7,5,1,6,1,11.65,Gasolina,0,2.2822204496519176,-2.2822204496519176,2.2822204496519176,Sin retraso,Retraso leve
0.24,70,474.17,26.86,3454.85,2026,5,19,1,0,21,2,12.833333333333334,Diesel,0,7.51113630651562,-7.51113630651562,7.51113630651562,Sin retraso,Retraso leve
0.61,63,368.17,24.25,2905.85,2026,4,19,6,1,16,2,17.733333333333334,Gasolina,0,25.30907386707322,-25.30907386707322,25.30907386707322,Sin retraso,Retraso moderado
4.87,10,22.81,26.69,1181.05,2026,2,13,4,0,7,1,15.166666666666666,Diesel,0,5.350884392377391,-5.350884392377391,5.350884392377391,Sin retraso,Retraso leve
1.34,53,179.96,25.8,1957.8,2026,2,22,6,1,8,1,11.933333333333334,Diesel,26,2.868742506753519,23.13125749324648,23.13125749324648,Retraso moderado,Retraso leve
1.56,58,243.97,25.36,2339.85,2026,1,18,6,1,3,1,19.883333333333333,Gasolina,0,11.083071666084741,-11.083071666084741,11.083071666084741,Sin retraso,Retraso leve
5.94,35,381.1,25.85,3279.5,2026,7,30,3,0,31,3,18.1,Diesel,0,20.173920885968204,-20.173920885968204,20.173920885968204,Sin retraso,Retraso moderado
6.8,5,59.91,25.8,1519.55,2026,3,6,4,0,10,1,12.65,Diesel,0,6.473774183381822,-6.473774183381822,6.473774183381822,Sin retraso,Retraso leve
3.08,38,191.63,26.17,2070.15,2026,2,1,6,1,5,1,19.15,Diesel,0,17.780495932636192,-17.780495932636192,17.780495932636192,Sin retraso,Retraso moderado
19.64,22,311.83,26.21,4199.15,2026,8,6,3,0,32,3,15.916666666666666,Diesel,0,16.053865457299157,-16.053865457299157,16.053865457299157,Sin retraso,Retraso moderado
3.38,80,143.61,25.82,2196.05,2026,6,1,0,0,23,2,8.166666666666666,Diesel,0,18.132253531054616,-18.132253531054616,18.132253531054616,Sin retraso,Retraso moderado
0.47,52,68.38,24.71,1304.9,2026,1,22,3,0,4,1,18.366666666666667,Gasolina,46,11.058210408185325,34.941789591814675,34.941789591814675,Retraso alto,Retraso leve
1.66,15,407.12,25.58,2821.6,2026,5,31,6,1,22,2,8.816666666666666,Gasolina,0,34.078961247047175,-34.078961247047175,34.078961247047175,Sin retraso,Retraso alto
3.8,7,24.01,24.85,1056.05,2026,7,7,1,0,28,3,8.216666666666667,Diesel,0,16.77048555875501,-16.77048555875501,16.77048555875501,Sin retraso,Retraso moderado
8.02,23,153.18,25.32,2251.9,2026,3,15,6,1,11,1,6.816666666666666,Diesel,0,3.2306031545504608,-3.2306031545504608,3.2306031545504608,Sin retraso,Retraso leve
4.94,12,172.22,24.03,1951.1,2026,7,25,5,1,30,3,10.816666666666666,Diesel,0,3.460261311486073,-3.460261311486073,3.460261311486073,Sin retraso,Retraso leve
0.85,19,435.19,25.88,2912.95,2026,7,19,6,1,29,3,8.333333333333334,Gasolina,63,21.81974187720803,41.18025812279197,41.18025812279197,Retraso crítico,Retraso moderado
0.62,19,235.06,24.82,1889.3,2026,7,24,4,0,30,3,8.116666666666667,Diesel,54,15.209936726263516,38.790063273736486,38.790063273736486,Retraso alto,Retraso moderado
16.87,76,24.93,25.59,2919.65,2026,6,17,2,0,25,2,13.516666666666667,Diesel,0,9.532116883962425,-9.532116883962425,9.532116883962425,Sin retraso,Retraso leve
1.6,46,103.01,25.33,1543.05,2026,3,16,0,0,12,1,13.616666666666667,Diesel,33,7.618348193874611,25.38165180612539,25.38165180612539,Retraso alto,Retraso leve
0.39,42,205.8,25.38,1904.0,2026,6,25,3,0,26,2,20.133333333333333,Gasolina,0,2.7211438949536113,-2.7211438949536113,2.7211438949536113,Sin retraso,Retraso leve
1.51,24,23.85,26.75,962.25,2026,5,7,3,0,19,2,11.516666666666667,Diesel,0,6.62455560643126,-6.62455560643126,6.62455560643126,Sin retraso,Retraso leve
0.88,20,447.37,25.56,2984.85,2026,5,21,3,0,21,2,7.066666666666666,Gasolina,0,22.68564452833227,-22.68564452833227,22.68564452833227,Sin retraso,Retraso moderado
1.51,32,278.28,24.26,2298.4,2026,7,12,6,1,28,3,18.866666666666667,Gasolina,0,18.24151294074252,-18.24151294074252,18.24151294074252,Sin retraso,Retraso moderado
14.83,79,109.72,24.02,3163.6,2026,1,14,2,0,3,1,20.866666666666667,Diesel,0,5.702846972430366,-5.702846972430366,5.702846972430366,Sin retraso,Retraso leve
0.82,2,342.82,25.64,2312.1,2026,4,11,5,1,15,2,9.916666666666666,Gasolina,0,34.70794947956918,-34.70794947956918,34.70794947956918,Sin retraso,Retraso alto
0.78,27,459.55,24.04,3091.75,2026,3,29,6,1,13,1,17.833333333333332,Gasolina,0,18.140695765860325,-18.140695765860325,18.140695765860325,Sin retraso,Retraso moderado
4.84,22,327.15,25.45,2795.75,2026,5,5,1,0,19,2,8.916666666666666,Diesel,49,21.3021867198043,27.6978132801957,27.6978132801957,Retraso alto,Retraso moderado
0.41,76,390.08,23.18,3099.4,2026,2,17,1,0,8,1,18.3,Gasolina,0,26.63700769138922,-26.63700769138922,26.63700769138922,Sin retraso,Retraso moderado
0.45,14,402.43,24.35,2669.15,2026,4,5,6,1,14,2,19.583333333333332,Gasolina,45,25.216113361286038,19.783886638713962,19.783886638713962,Retraso alto,Retraso moderado
1.79,36,365.4,24.74,2794.0,2026,3,4,2,0,10,1,20.15,Diesel,29,10.799750431051985,18.200249568948017,18.200249568948017,Retraso moderado,Retraso leve
0.67,25,101.93,24.63,1276.65,2026,2,1,6,1,5,1,20.083333333333332,Gasolina,0,8.173173398397813,-8.173173398397813,8.173173398397813,Sin retraso,Retraso leve
1.65,10,22.51,26.9,857.55,2026,2,7,5,1,6,1,11.633333333333333,Diesel,0,6.3226044562596835,-6.3226044562596835,6.3226044562596835,Sin retraso,Retraso leve
0.86,39,251.1,25.75,2153.5,2026,4,17,4,0,16,2,7.5,Diesel,50,8.154246496678388,41.84575350332161,41.84575350332161,Retraso alto,Retraso leve
2.05,48,424.76,24.74,3212.8,2026,5,28,3,0,22,2,9.216666666666667,Diesel,59,21.801442342094777,37.198557657905226,37.198557657905226,Retraso alto,Retraso moderado
26.12,52,62.84,26.76,3842.2,2026,2,4,2,0,6,1,9.6,Diesel,34,23.28800968207642,10.71199031792358,10.71199031792358,Retraso alto,Retraso moderado
0.8,2,375.52,23.83,2473.6,2026,3,15,6,1,11,1,9.316666666666666,Gasolina,41,29.323867096901132,11.676132903098868,11.676132903098868,Retraso alto,Retraso moderado
0.37,54,406.54,25.33,3001.7,2026,6,20,5,1,25,2,12.9,Gasolina,0,7.382689916933151,-7.382689916933151,7.382689916933151,Sin retraso,Retraso leve
1.34,42,184.71,24.44,1893.55,2026,5,13,2,0,20,2,9.583333333333334,Gasolina,0,7.913112418803311,-7.913112418803311,7.913112418803311,Sin retraso,Retraso leve
1.03,56,437.85,25.98,3240.25,2026,2,22,6,1,8,1,15.183333333333334,Diesel,0,7.850299192267935,-7.850299192267935,7.850299192267935,Sin retraso,Retraso leve
0.28,29,276.25,23.23,2141.25,2026,8,2,6,1,31,3,6.616666666666667,Gasolina,0,10.249175536950629,-10.249175536950629,10.249175536950629,Sin retraso,Retraso leve
0.57,54,215.51,23.4,2066.55,2026,1,15,3,0,3,1,20.433333333333334,Gasolina,0,3.77195303148222,-3.77195303148222,3.77195303148222,Sin retraso,Retraso leve
1.11,46,272.19,24.84,2339.95,2026,2,23,0,0,9,1,13.85,Diesel,14,7.1145553447793315,6.8854446552206685,6.8854446552206685,Retraso leve,Retraso leve
0.55,31,248.47,25.71,2045.35,2026,8,6,3,0,32,3,6.316666666666666,Diesel,0,7.757629986468447,-7.757629986468447,7.757629986468447,Sin retraso,Retraso leve
0.56,1,291.87,23.13,2023.35,2026,1,28,2,0,5,1,9.333333333333334,Gasolina,46,22.27384610611801,23.72615389388199,23.72615389388199,Retraso alto,Retraso moderado
0.74,37,378.2,26.68,2761.0,2026,1,5,0,0,2,1,18.05,Diesel,0,16.23258542533183,-16.23258542533183,16.23258542533183,Sin retraso,Retraso moderado
0.83,17,485.98,25.44,3148.9,2026,6,17,2,0,25,2,10.3,Diesel,0,21.07083825081626,-21.07083825081626,21.07083825081626,Sin retraso,Retraso moderado
0.42,57,146.68,23.65,1731.4,2026,3,23,0,0,13,1,5.65,Gasolina,0,11.58800604900982,-11.58800604900982,11.58800604900982,Sin retraso,Retraso leve
15.1,33,448.05,25.18,4514.25,2026,3,11,2,0,11,1,12.316666666666666,Diesel,35,11.321304251342495,23.678695748657503,23.678695748657503,Retraso alto,Retraso leve
1.07,37,456.47,25.7,3185.35,2026,6,17,2,0,25,2,10.1,Gasolina,0,27.09799653103731,-27.09799653103731,27.09799653103731,Sin retraso,Retraso moderado
22.9,27,307.36,26.04,4542.8,2026,3,22,6,1,12,1,15.3,Diesel,43,14.713645883767398,28.2863541162326,28.2863541162326,Retraso alto,Retraso leve
1.62,70,326.68,25.42,2855.4,2026,7,16,3,0,29,3,13.3,Gasolina,0,7.852201091482393,-7.852201091482393,7.852201091482393,Sin retraso,Retraso leve
3.17,19,59.93,25.08,1268.65,2026,5,17,6,1,20,2,16.25,Diesel,0,6.271965832530091,-6.271965832530091,6.271965832530091,Sin retraso,Retraso leve
6.15,34,433.82,24.79,3556.1,2026,1,7,2,0,2,1,19.166666666666668,Diesel,59,26.48570256745998,32.51429743254002,32.51429743254002,Retraso alto,Retraso moderado
0.44,66,318.65,23.2,2665.25,2026,3,31,1,0,14,1,7.116666666666666,Gasolina,0,18.72673587157033,-18.72673587157033,18.72673587157033,Sin retraso,Retraso moderado
1.33,29,167.37,23.8,1701.85,2026,5,31,6,1,22,2,15.916666666666666,Gasolina,0,3.9018021829022898,-3.9018021829022898,3.9018021829022898,Sin retraso,Retraso leve
0.3,38,420.4,25.82,2936.0,2026,6,17,2,0,25,2,6.5,Gasolina,0,10.331481956026852,-10.331481956026852,10.331481956026852,Sin retraso,Retraso leve
0.33,53,294.95,25.66,2431.75,2026,4,26,6,1,17,2,8.133333333333333,Gasolina,0,22.186478985911478,-22.186478985911478,22.186478985911478,Sin retraso,Retraso moderado
0.21,5,166.33,25.59,1392.65,2026,7,30,3,0,31,3,18.033333333333335,Diesel,50,28.307092468151776,21.692907531848224,21.692907531848224,Retraso alto,Retraso moderado
1.5,73,199.52,24.09,2231.6,2026,3,25,2,0,13,1,11.283333333333333,Diesel,0,2.974231619347752,-2.974231619347752,2.974231619347752,Sin retraso,Retraso leve
6.18,63,373.94,25.21,3491.7,2026,5,28,3,0,22,2,5.533333333333333,Diesel,0,12.790960035471068,-12.790960035471068,12.790960035471068,Sin retraso,Retraso leve
11.61,73,283.89,26.58,3664.45,2026,6,17,2,0,25,2,5.033333333333333,Diesel,0,13.184335853389218,-13.184335853389218,13.184335853389218,Sin retraso,Retraso leve
10.78,44,428.41,26.09,4072.05,2026,2,8,6,1,6,1,12.1,Diesel,79,20.426348087686385,58.573651912313615,58.573651912313615,Retraso crítico,Retraso moderado
0.52,3,178.09,23.51,1466.45,2026,7,25,5,1,30,3,5.85,Gasolina,0,7.484776894402173,-7.484776894402173,7.484776894402173,Sin retraso,Retraso leve
0.71,13,440.54,24.93,2877.7,2026,3,20,4,0,12,1,13.9,Gasolina,17,9.64798187451124,7.35201812548876,7.35201812548876,Retraso moderado,Retraso leve
0.46,1,92.86,25.02,1018.3,2026,6,11,3,0,24,2,8.3,Gasolina,0,14.399884120372306,-14.399884120372306,14.399884120372306,Sin retraso,Retraso leve
2.9,7,178.05,25.88,1736.25,2026,4,18,5,1,16,2,9.283333333333333,Diesel,0,7.584488818355503,-7.584488818355503,7.584488818355503,Sin retraso,Retraso leve
0.71,64,249.42,25.91,2330.1,2026,4,3,4,0,14,2,6.0,Gasolina,0,4.239403157733609,-4.239403157733609,4.239403157733609,Sin retraso,Retraso leve
0.45,19,342.73,24.29,2410.65,2026,1,18,6,1,3,1,8.083333333333334,Gasolina,0,33.324096001013196,-33.324096001013196,33.324096001013196,Sin retraso,Retraso alto
0.27,49,426.51,23.59,3051.55,2026,4,13,0,0,16,2,7.75,Gasolina,54,17.540210828262897,36.4597891717371,36.4597891717371,Retraso alto,Retraso moderado
0.88,47,428.56,26.61,3106.8,2026,7,25,5,1,30,3,8.433333333333334,Diesel,0,19.01779996453355,-19.01779996453355,19.01779996453355,Sin retraso,Retraso moderado
0.55,35,195.4,23.07,1812.0,2026,1,7,2,0,2,1,8.266666666666667,Gasolina,23,17.218181739665145,5.781818260334855,5.781818260334855,Retraso moderado,Retraso moderado
2.97,6,496.28,25.32,3326.4,2026,3,24,1,0,13,1,11.583333333333334,Diesel,0,15.84902865747436,-15.84902865747436,15.84902865747436,Sin retraso,Retraso moderado
1.41,68,463.28,24.25,3501.4,2026,6,14,6,1,24,2,9.616666666666667,Diesel,34,26.97127705029257,7.028722949707429,7.028722949707429,Retraso alto,Retraso moderado
0.92,18,184.13,25.18,1656.65,2026,1,31,5,1,5,1,8.4,Diesel,0,11.98385496053222,-11.98385496053222,11.98385496053222,Sin retraso,Retraso leve
0.56,2,246.77,23.72,1805.85,2026,7,26,6,1,30,3,11.033333333333333,Gasolina,38,5.1568548222624875,32.84314517773751,32.84314517773751,Retraso alto,Retraso leve
2.49,33,319.16,26.12,2608.8,2026,6,5,4,0,23,2,17.983333333333334,Diesel,0,16.699741654407998,-16.699741654407998,16.699741654407998,Sin retraso,Retraso moderado
0.56,73,339.13,26.77,2835.65,2026,7,13,0,0,29,3,8.85,Diesel,0,23.257533741703682,-23.257533741703682,23.257533741703682,Sin retraso,Retraso moderado
1.08,20,135.01,23.97,1443.05,2026,5,6,2,0,19,2,8.583333333333334,Gasolina,0,16.182941797760915,-16.182941797760915,16.182941797760915,Sin retraso,Retraso moderado
1.66,74,435.93,24.05,3437.65,2026,2,22,6,1,8,1,18.216666666666665,Diesel,0,26.39096335831519,-26.39096335831519,26.39096335831519,Sin retraso,Retraso moderado
0.72,1,368.35,25.95,2421.75,2026,7,23,3,0,30,3,6.5,Gasolina,0,12.103855024877078,-12.103855024877078,12.103855024877078,Sin retraso,Retraso leve
2.75,63,65.71,24.89,1607.55,2026,3,28,5,1,13,1,10.3,Diesel,0,6.128992108674887,-6.128992108674887,6.128992108674887,Sin retraso,Retraso leve
11.26,28,380.61,26.8,3753.05,2026,2,3,1,0,6,1,15.7,Diesel,32,24.11027895122778,7.88972104877222,7.88972104877222,Retraso alto,Retraso moderado
0.94,39,161.54,25.14,1713.7,2026,4,13,0,0,16,2,17.633333333333333,Diesel,0,9.056192582765867,-9.056192582765867,9.056192582765867,Sin retraso,Retraso leve
1.31,33,263.19,23.86,2210.95,2026,5,14,3,0,20,2,16.666666666666668,Gasolina,0,7.028748916461659,-7.028748916461659,7.028748916461659,Sin retraso,Retraso leve
3.59,77,449.58,25.43,3722.9,2026,5,25,0,0,22,2,10.983333333333333,Diesel,39,4.456505739483134,34.543494260516866,34.543494260516866,Retraso alto,Retraso leve
0.2,79,423.39,25.4,3268.95,2026,3,17,1,0,12,1,11.516666666666667,Gasolina,44,9.808562626844374,34.19143737315562,34.19143737315562,Retraso alto,Retraso leve
0.71,14,433.21,25.86,2849.05,2026,2,27,4,0,9,1,8.366666666666667,Diesel,0,15.474005566175288,-15.474005566175288,15.474005566175288,Sin retraso,Retraso moderado
4.33,17,339.46,24.49,2766.3,2026,4,19,6,1,16,2,7.4,Diesel,0,31.581576819981528,-31.581576819981528,31.581576819981528,Sin retraso,Retraso alto
0.22,48,454.39,23.31,3177.95,2026,7,19,6,1,29,3,8.716666666666667,Gasolina,0,26.22624838137599,-26.22624838137599,26.22624838137599,Sin retraso,Retraso moderado
0.79,12,112.22,24.5,1236.1,2026,6,12,4,0,24,2,7.1,Gasolina,0,11.869365948712362,-11.869365948712362,11.869365948712362,Sin retraso,Retraso leve
0.64,2,392.66,24.43,2543.3,2026,2,8,6,1,6,1,7.466666666666667,Diesel,45,27.991079972273383,17.008920027726617,17.008920027726617,Retraso alto,Retraso moderado
0.34,3,326.32,24.98,2189.6,2026,5,5,1,0,19,2,14.65,Diesel,31,18.018787644593406,12.981212355406594,12.981212355406594,Retraso alto,Retraso moderado
22.32,40,170.11,24.77,3902.55,2026,1,6,1,0,2,1,11.2,Diesel,0,10.513678950129076,-10.513678950129076,10.513678950129076,Sin retraso,Retraso leve
9.12,71,64.92,26.28,2304.6,2026,7,23,3,0,30,3,5.716666666666667,Diesel,0,10.275205677006518,-10.275205677006518,10.275205677006518,Sin retraso,Retraso leve
1.59,64,315.1,26.97,2746.5,2026,4,30,3,0,18,2,5.7,Diesel,0,18.449518797701263,-18.449518797701263,18.449518797701263,Sin retraso,Retraso moderado
0.91,25,401.48,23.02,2798.4,2026,6,22,0,0,26,2,7.683333333333334,Gasolina,54,35.52304496964891,18.476955030351093,18.476955030351093,Retraso alto,Retraso alto
3.29,43,23.55,26.43,1290.75,2026,2,25,2,0,9,1,19.8,Diesel,0,6.799624998919491,-6.799624998919491,6.799624998919491,Sin retraso,Retraso leve
18.79,38,372.1,24.03,4543.5,2026,7,21,1,0,30,3,18.183333333333334,Diesel,0,30.077910506285765,-30.077910506285765,30.077910506285765,Sin retraso,Retraso alto
8.63,77,339.9,25.56,3678.5,2026,4,21,1,0,17,2,9.633333333333333,Diesel,51,23.153934845558464,27.846065154441536,27.846065154441536,Retraso alto,Retraso moderado
0.51,54,182.71,24.36,1896.55,2026,6,11,3,0,24,2,20.766666666666666,Diesel,0,3.0842861617691866,-3.0842861617691866,3.0842861617691866,Sin retraso,Retraso leve
0.65,22,472.03,23.93,3101.15,2026,4,16,3,0,16,2,8.5,Gasolina,0,24.37539228312005,-24.37539228312005,24.37539228312005,Sin retraso,Retraso moderado
0.66,28,183.29,26.61,1706.45,2026,3,2,0,0,10,1,8.483333333333333,Diesel,0,8.844281666743726,-8.844281666743726,8.844281666743726,Sin retraso,Retraso leve
5.62,4,429.7,24.08,3242.5,2026,1,18,6,1,3,1,8.616666666666667,Diesel,0,27.02211141522678,-27.02211141522678,27.02211141522678,Sin retraso,Retraso moderado
19.73,71,332.44,24.11,4703.2,2026,4,17,4,0,16,2,7.933333333333334,Diesel,39,26.563630254535532,12.436369745464468,12.436369745464468,Retraso alto,Retraso moderado
0.42,57,258.26,23.13,2289.3,2026,4,4,5,1,14,2,17.466666666666665,Gasolina,42,14.146105729204153,27.85389427079585,27.85389427079585,Retraso alto,Retraso leve
12.94,52,427.82,24.73,4349.1,2026,4,27,0,0,18,2,16.766666666666666,Diesel,0,14.0499864026851,-14.0499864026851,14.0499864026851,Sin retraso,Retraso leve
0.44,34,323.54,25.4,2433.7,2026,5,26,1,0,22,2,16.766666666666666,Gasolina,0,7.634569684193237,-7.634569684193237,7.634569684193237,Sin retraso,Retraso leve
1.09,11,467.96,25.95,3036.8,2026,2,20,4,0,8,1,13.3,Gasolina,0,10.075233012108313,-10.075233012108313,10.075233012108313,Sin retraso,Retraso leve
1.16,35,414.93,25.47,2970.65,2026,4,9,3,0,15,2,17.6,Diesel,0,17.297220940861582,-17.297220940861582,17.297220940861582,Sin retraso,Retraso moderado
1.33,54,253.69,25.59,2333.45,2026,3,4,2,0,10,1,13.033333333333333,Diesel,11,2.9868967010749925,8.013103298925007,8.013103298925007,Retraso leve,Retraso leve
1.43,28,236.67,26.75,2050.35,2026,2,13,4,0,7,1,10.016666666666667,Diesel,0,8.202030394054747,-8.202030394054747,8.202030394054747,Sin retraso,Retraso leve
1.08,50,444.52,23.55,3230.6,2026,7,7,1,0,28,3,16.483333333333334,Gasolina,0,15.825234044716028,-15.825234044716028,15.825234044716028,Sin retraso,Retraso moderado
21.41,75,200.08,24.88,4241.4,2026,1,8,3,0,2,1,7.633333333333333,Diesel,0,25.310155057885495,-25.310155057885495,25.310155057885495,Sin retraso,Retraso moderado
0.58,53,92.57,25.8,1444.85,2026,7,19,6,1,29,3,12.616666666666667,Diesel,0,4.263394698419878,-4.263394698419878,4.263394698419878,Sin retraso,Retraso leve
0.9,24,461.36,25.74,3088.8,2026,5,22,4,0,21,2,9.433333333333334,Diesel,0,29.594793926785666,-29.594793926785666,29.594793926785666,Sin retraso,Retraso moderado
2.68,32,509.15,26.6,3569.75,2026,3,16,0,0,12,1,15.75,Diesel,0,11.20787102385405,-11.20787102385405,11.20787102385405,Sin retraso,Retraso leve
0.49,20,323.22,24.32,2325.1,2026,6,23,1,0,26,2,12.766666666666667,Gasolina,39,10.39054735376061,28.60945264623939,28.60945264623939,Retraso alto,Retraso leve
1.15,26,329.49,24.09,2470.45,2026,5,10,6,1,19,2,16.45,Diesel,0,11.397579620097053,-11.397579620097053,11.397579620097053,Sin retraso,Retraso leve
0.52,68,364.43,23.21,2918.15,2026,1,10,5,1,2,1,20.966666666666665,Gasolina,35,12.427378715539884,22.572621284460116,22.572621284460116,Retraso alto,Retraso leve
0.4,11,444.57,24.42,2850.85,2026,4,27,0,0,18,2,10.883333333333333,Gasolina,0,8.535119202346548,-8.535119202346548,8.535119202346548,Sin retraso,Retraso leve
10.84,7,418.01,25.45,3730.05,2026,1,19,0,0,4,1,17.9,Diesel,0,22.789637404241045,-22.789637404241045,22.789637404241045,Sin retraso,Retraso moderado
1.63,78,413.93,24.3,3356.65,2026,6,2,1,0,23,2,11.55,Gasolina,0,9.077228187627796,-9.077228187627796,9.077228187627796,Sin retraso,Retraso leve
5.64,9,353.97,24.38,2905.85,2026,5,1,4,0,18,2,18.95,Diesel,0,30.608418057205636,-30.608418057205636,30.608418057205636,Sin retraso,Retraso alto
12.47,77,378.09,24.02,4253.45,2026,2,23,0,0,9,1,8.183333333333334,Diesel,0,23.01175871807367,-23.01175871807367,23.01175871807367,Sin retraso,Retraso moderado
0.43,76,191.76,24.12,2109.8,2026,1,10,5,1,2,1,11.8,Diesel,0,3.482673838490493,-3.482673838490493,3.482673838490493,Sin retraso,Retraso leve
1.42,1,119.04,23.99,1245.2,2026,4,3,4,0,14,2,19.2,Gasolina,0,22.295723767157675,-22.295723767157675,22.295723767157675,Sin retraso,Retraso moderado
1.22,34,279.16,25.73,2289.8,2026,4,6,0,0,15,2,6.183333333333334,Diesel,0,4.125011983297244,-4.125011983297244,4.125011983297244,Sin retraso,Retraso leve
0.42,43,112.24,24.95,1447.2,2026,3,8,6,1,10,1,5.966666666666667,Gasolina,0,5.674582006591404,-5.674582006591404,5.674582006591404,Sin retraso,Retraso leve
0.92,51,59.4,24.55,1297.0,2026,8,12,2,0,33,3,13.116666666666667,Gasolina,0,8.647889640551593,-8.647889640551593,8.647889640551593,Sin retraso,Retraso leve
8.07,58,421.34,24.11,3877.7,2026,4,21,1,0,17,2,8.4,Diesel,60,20.291080040565863,39.70891995943414,39.70891995943414,Retraso alto,Retraso moderado
3.9,1,258.26,24.06,2189.3,2026,6,21,6,1,25,2,8.3,Diesel,20,24.98774936250659,-4.987749362506591,4.987749362506591,Retraso moderado,Retraso moderado
0.38,75,315.91,24.21,2717.55,2026,1,2,4,0,1,1,12.216666666666667,Gasolina,29,12.965675317450293,16.03432468254971,16.03432468254971,Retraso moderado,Retraso leve
1.92,26,184.0,24.19,1820.0,2026,1,9,4,0,2,1,9.083333333333334,Diesel,0,20.17270094469802,-20.17270094469802,20.17270094469802,Sin retraso,Retraso moderado
4.16,37,284.54,26.64,2634.7,2026,5,25,0,0,22,2,8.833333333333334,Diesel,0,14.886726186839764,-14.886726186839764,14.886726186839764,Sin retraso,Retraso leve
18.94,42,324.78,25.13,4353.9,2026,5,18,0,0,21,2,16.6,Diesel,0,7.394989999591798,-7.394989999591798,7.394989999591798,Sin retraso,Retraso leve
6.15,67,176.99,26.65,2535.95,2026,2,28,5,1,9,1,9.283333333333333,Diesel,0,9.5282056262689,-9.5282056262689,9.5282056262689,Sin retraso,Retraso leve
3.16,74,434.81,24.5,3582.05,2026,4,17,4,0,16,2,8.816666666666666,Diesel,50,18.835429376141974,31.164570623858026,31.164570623858026,Retraso alto,Retraso moderado
5.05,57,104.88,26.09,1985.4,2026,3,13,4,0,11,1,18.583333333333332,Diesel,0,8.641958450393211,-8.641958450393211,8.641958450393211,Sin retraso,Retraso leve
0.31,28,475.31,24.94,3131.55,2026,1,3,5,1,1,1,13.25,Gasolina,0,15.585092111560476,-15.585092111560476,15.585092111560476,Sin retraso,Retraso moderado
1.15,42,292.09,26.7,2411.45,2026,4,9,3,0,15,2,8.65,Diesel,73,20.43691282384254,52.56308717615746,52.56308717615746,Retraso crítico,Retraso moderado
5.84,6,378.28,24.27,3023.4,2026,2,24,1,0,9,1,19.3,Diesel,76,30.3079726220997,45.6920273779003,45.6920273779003,Retraso crítico,Retraso alto
0.82,16,224.55,25.92,1832.75,2026,3,15,6,1,11,1,10.316666666666666,Diesel,23,4.037273989171803,18.9627260108282,18.9627260108282,Retraso moderado,Retraso leve
1.33,36,410.33,24.35,2972.65,2026,6,12,4,0,24,2,5.316666666666666,Diesel,0,6.187686421477071,-6.187686421477071,6.187686421477071,Sin retraso,Retraso leve
0.23,71,25.34,24.79,1217.7,2026,7,19,6,1,29,3,16.116666666666667,Gasolina,0,4.557662161214387,-4.557662161214387,4.557662161214387,Sin retraso,Retraso leve
0.82,59,302.07,23.78,2564.35,2026,6,18,3,0,25,2,15.583333333333334,Gasolina,0,13.106531036543412,-13.106531036543412,13.106531036543412,Sin retraso,Retraso leve
0.57,16,331.33,24.49,2341.65,2026,6,10,2,0,24,2,18.733333333333334,Diesel,46,15.661020345644095,30.338979654355903,30.338979654355903,Retraso alto,Retraso moderado
1.68,75,147.33,25.85,2004.65,2026,2,1,6,1,5,1,8.866666666666667,Diesel,0,12.566283643163803,-12.566283643163803,12.566283643163803,Sin retraso,Retraso leve
1.02,45,145.44,24.16,1689.2,2026,1,13,1,0,3,1,9.15,Gasolina,0,20.74532904741608,-20.74532904741608,20.74532904741608,Sin retraso,Retraso moderado
5.81,68,193.7,24.48,2593.5,2026,2,2,0,0,6,1,18.683333333333334,Diesel,0,9.767777977557524,-9.767777977557524,9.767777977557524,Sin retraso,Retraso leve
0.36,61,149.74,26.33,1772.7,2026,3,28,5,1,13,1,10.633333333333333,Diesel,46,3.8283665120425727,42.17163348795743,42.17163348795743,Retraso alto,Retraso leve
6.99,25,57.78,26.19,1687.9,2026,7,2,3,0,27,3,9.6,Diesel,0,9.058552337812852,-9.058552337812852,9.058552337812852,Sin retraso,Retraso leve
3.62,13,310.28,26.06,2517.4,2026,4,29,2,0,18,2,19.4,Diesel,0,22.907217678966376,-22.907217678966376,22.907217678966376,Sin retraso,Retraso moderado
0.47,79,351.39,23.55,2935.95,2026,3,2,0,0,10,1,11.5,Gasolina,0,12.431953606502411,-12.431953606502411,12.431953606502411,Sin retraso,Retraso leve
0.38,57,153.5,24.37,1761.5,2026,1,27,1,0,5,1,18.233333333333334,Diesel,0,8.500062327890884,-8.500062327890884,8.500062327890884,Sin retraso,Retraso leve
0.31,25,317.0,23.55,2316.0,2026,5,16,5,1,20,2,7.533333333333333,Gasolina,0,27.27819223859221,-27.27819223859221,27.27819223859221,Sin retraso,Retraso moderado
1.64,65,145.24,26.34,1910.2,2026,1,17,5,1,3,1,12.75,Diesel,0,4.973112429700193,-4.973112429700193,4.973112429700193,Sin retraso,Retraso leve
0.43,39,378.17,26.88,2745.85,2026,2,3,1,0,6,1,8.466666666666667,Diesel,41,22.890679365358533,18.109320634641467,18.109320634641467,Retraso alto,Retraso moderado
0.99,52,441.57,24.34,3222.85,2026,7,15,2,0,29,3,16.516666666666666,Gasolina,0,12.173010646808432,-12.173010646808432,12.173010646808432,Sin retraso,Retraso leve
1.12,65,128.46,25.92,1774.3,2026,2,12,3,0,7,1,11.216666666666667,Diesel,22,4.754606195172333,17.245393804827668,17.245393804827668,Retraso moderado,Retraso leve
1.68,8,62.83,25.71,1046.15,2026,5,21,3,0,21,2,13.983333333333333,Gasolina,26,4.66898939118986,21.33101060881014,21.33101060881014,Retraso moderado,Retraso leve
2.17,38,198.22,25.64,2012.1,2026,7,4,5,1,27,3,5.733333333333333,Diesel,0,3.0048645771559643,-3.0048645771559643,3.0048645771559643,Sin retraso,Retraso leve
3.98,79,416.5,25.3,3612.5,2026,7,4,5,1,27,3,6.366666666666666,Diesel,0,15.7132396660004,-15.7132396660004,15.7132396660004,Sin retraso,Retraso moderado
1.55,14,289.66,26.9,2215.3,2026,6,3,2,0,23,2,19.316666666666666,Diesel,0,16.057510396948143,-16.057510396948143,16.057510396948143,Sin retraso,Retraso moderado
7.43,25,500.04,25.95,3943.2,2026,5,19,1,0,21,2,19.583333333333332,Diesel,0,18.984701177064036,-18.984701177064036,18.984701177064036,Sin retraso,Retraso moderado
0.21,29,281.76,25.28,2161.8,2026,5,25,0,0,22,2,5.983333333333333,Gasolina,0,10.085083424304054,-10.085083424304054,10.085083424304054,Sin retraso,Retraso leve
3.92,67,162.85,25.38,2242.25,2026,4,6,0,0,15,2,8.916666666666666,Diesel,36,12.139685324148909,23.860314675851093,23.860314675851093,Retraso alto,Retraso leve
2.86,4,307.6,25.83,2356.0,2026,2,17,1,0,8,1,10.916666666666666,Diesel,47,23.6913816556858,23.3086183443142,23.3086183443142,Retraso alto,Retraso moderado
4.51,32,380.29,25.67,3108.45,2026,3,29,6,1,13,1,6.866666666666667,Diesel,67,28.72241168015952,38.277588319840476,38.277588319840476,Retraso crítico,Retraso moderado
3.53,34,391.94,26.54,3084.7,2026,5,26,1,0,22,2,16.483333333333334,Diesel,0,15.252128348574582,-15.252128348574582,15.252128348574582,Sin retraso,Retraso moderado
2.2,76,124.75,24.28,1951.75,2026,2,2,0,0,6,1,20.25,Diesel,0,2.7137368452609842,-2.7137368452609842,2.7137368452609842,Sin retraso,Retraso leve
0.57,47,438.53,24.28,3125.65,2026,7,28,1,0,31,3,20.4,Gasolina,0,18.278035192685696,-18.278035192685696,18.278035192685696,Sin retraso,Retraso moderado
0.25,27,342.22,25.76,2452.1,2026,4,10,4,0,15,2,9.133333333333333,Diesel,49,26.430255364775594,22.569744635224406,22.569744635224406,Retraso alto,Retraso moderado
2.99,26,317.38,24.32,2593.9,2026,2,25,2,0,9,1,14.666666666666666,Diesel,0,15.119521018638045,-15.119521018638045,15.119521018638045,Sin retraso,Retraso moderado
0.82,37,317.6,23.35,2466.0,2026,5,28,3,0,22,2,9.383333333333333,Gasolina,0,35.170154799525655,-35.170154799525655,35.170154799525655,Sin retraso,Retraso alto
0.31,16,285.76,26.44,2087.8,2026,8,2,6,1,31,3,17.716666666666665,Diesel,0,19.01012659652142,-19.01012659652142,19.01012659652142,Sin retraso,Retraso moderado
1.39,31,387.39,26.07,2823.95,2026,6,22,0,0,26,2,16.216666666666665,Diesel,0,13.870713334703893,-13.870713334703893,13.870713334703893,Sin retraso,Retraso leve
0.92,3,40.18,25.61,816.9,2026,2,3,1,0,6,1,18.283333333333335,Gasolina,0,11.905419054401168,-11.905419054401168,11.905419054401168,Sin retraso,Retraso leve
0.99,49,339.93,23.98,2690.65,2026,5,8,4,0,19,2,5.183333333333334,Gasolina,0,3.5674718698784873,-3.5674718698784873,3.5674718698784873,Sin retraso,Retraso leve
0.66,58,477.8,25.78,3419.0,2026,2,21,5,1,8,1,8.633333333333333,Diesel,0,17.945995630283086,-17.945995630283086,17.945995630283086,Sin retraso,Retraso moderado
0.28,51,436.59,25.07,3118.95,2026,5,9,5,1,19,2,19.55,Gasolina,50,32.33025849255003,17.66974150744997,17.66974150744997,Retraso alto,Retraso alto
8.42,35,394.71,25.84,3595.55,2026,3,17,1,0,12,1,16.8,Diesel,0,13.456702277211077,-13.456702277211077,13.456702277211077,Sin retraso,Retraso leve
0.64,38,378.74,25.98,2761.7,2026,6,28,6,1,26,2,20.25,Gasolina,28,10.975265827098472,17.02473417290153,17.02473417290153,Retraso moderado,Retraso leve
1.42,18,386.96,24.24,2720.8,2026,3,15,6,1,11,1,9.283333333333333,Gasolina,0,31.02302625293229,-31.02302625293229,31.02302625293229,Sin retraso,Retraso alto
1.75,46,322.59,25.75,2655.95,2026,2,13,4,0,7,1,5.633333333333333,Diesel,0,4.2992188812005,-4.2992188812005,4.2992188812005,Sin retraso,Retraso leve
1.32,18,288.81,26.18,2220.05,2026,1,3,5,1,1,1,8.45,Diesel,0,21.179321170474683,-21.179321170474683,21.179321170474683,Sin retraso,Retraso moderado
0.84,80,201.88,26.03,2233.4,2026,1,30,4,0,5,1,13.316666666666666,Diesel,24,3.8978946055794443,20.102105394420555,20.102105394420555,Retraso moderado,Retraso leve
3.3,27,329.88,26.12,2695.4,2026,7,30,3,0,31,3,11.516666666666667,Diesel,51,9.431031740071607,41.5689682599284,41.5689682599284,Retraso alto,Retraso leve
1.37,7,39.49,25.8,890.45,2026,3,28,5,1,13,1,6.55,Diesel,0,7.956075995050162,-7.956075995050162,7.956075995050162,Sin retraso,Retraso leve
0.67,18,458.29,23.02,3002.45,2026,7,25,5,1,30,3,8.516666666666667,Gasolina,0,36.51181860629478,-36.51181860629478,36.51181860629478,Sin retraso,Retraso alto
1.44,62,445.11,25.0,3365.55,2026,1,1,3,0,1,1,15.733333333333333,Diesel,43,13.248951529916472,29.75104847008353,29.75104847008353,Retraso alto,Retraso leve
7.37,64,240.0,26.68,2949.0,2026,8,8,5,1,32,3,13.366666666666667,Diesel,0,10.233371875039449,-10.233371875039449,10.233371875039449,Sin retraso,Retraso leve
5.52,40,346.98,26.23,3106.9,2026,5,26,1,0,22,2,10.366666666666667,Diesel,0,12.34028581904954,-12.34028581904954,12.34028581904954,Sin retraso,Retraso leve
1.16,18,121.24,25.05,1366.2,2026,5,19,1,0,21,2,8.216666666666667,Gasolina,0,15.132441896254429,-15.132441896254429,15.132441896254429,Sin retraso,Retraso moderado
9.12,63,258.64,24.8,3209.2,2026,7,26,6,1,30,3,20.983333333333334,Diesel,0,4.521521330975921,-4.521521330975921,4.521521330975921,Sin retraso,Retraso leve
1.22,23,68.21,26.56,1147.05,2026,3,18,2,0,12,1,11.866666666666667,Diesel,22,4.245186999453607,17.754813000546392,17.754813000546392,Retraso moderado,Retraso leve
1.6,34,386.78,24.33,2865.9,2026,5,26,1,0,22,2,13.883333333333333,Gasolina,0,9.791717110907108,-9.791717110907108,9.791717110907108,Sin retraso,Retraso leve
9.33,39,184.95,25.3,2669.75,2026,1,16,4,0,3,1,17.05,Diesel,0,14.780283165055804,-14.780283165055804,14.780283165055804,Sin retraso,Retraso leve
2.91,52,350.63,25.38,2960.15,2026,1,13,1,0,3,1,7.666666666666667,Diesel,62,17.862484950072748,44.13751504992725,44.13751504992725,Retraso crítico,Retraso moderado
0.87,4,419.27,26.18,2715.35,2026,5,26,1,0,22,2,8.5,Diesel,0,24.017234930288318,-24.017234930288318,24.017234930288318,Sin retraso,Retraso moderado
0.79,74,147.35,25.13,1907.75,2026,2,19,3,0,8,1,11.516666666666667,Gasolina,0,3.593442753886541,-3.593442753886541,3.593442753886541,Sin retraso,Retraso leve
0.45,15,426.86,24.22,2799.3,2026,3,23,0,0,13,1,19.95,Diesel,34,10.128898188289263,23.871101811710737,23.871101811710737,Retraso alto,Retraso leve
0.55,70,336.32,24.31,2796.6,2026,8,14,4,0,33,3,10.966666666666667,Gasolina,0,12.099599667817161,-12.099599667817161,12.099599667817161,Sin retraso,Retraso leve
8.83,71,450.85,24.56,4205.25,2026,4,26,6,1,17,2,6.116666666666666,Diesel,29,9.086456196581198,19.913543803418804,19.913543803418804,Retraso moderado,Retraso leve
0.56,70,23.27,23.87,1232.35,2026,3,20,4,0,12,1,5.1,Gasolina,19,4.9224774740619015,14.077522525938098,14.077522525938098,Retraso moderado,Retraso leve
1.76,15,350.74,25.5,2549.7,2026,8,4,1,0,32,3,8.25,Diesel,0,28.658391737134483,-28.658391737134483,28.658391737134483,Sin retraso,Retraso moderado
0.66,43,291.74,25.2,2368.7,2026,1,26,0,0,5,1,12.85,Gasolina,0,8.016632160682327,-8.016632160682327,8.016632160682327,Sin retraso,Retraso leve
1.65,48,403.48,23.71,3066.4,2026,1,6,1,0,2,1,13.433333333333334,Gasolina,0,15.87877961115969,-15.87877961115969,15.87877961115969,Sin retraso,Retraso moderado
1.14,51,464.34,24.04,3343.7,2026,3,1,6,1,9,1,13.766666666666667,Gasolina,0,15.892946359399406,-15.892946359399406,15.892946359399406,Sin retraso,Retraso moderado
6.84,64,333.18,24.82,3361.9,2026,7,1,2,0,27,3,16.633333333333333,Diesel,0,15.0928615210311,-15.0928615210311,15.0928615210311,Sin retraso,Retraso moderado
0.41,53,129.93,24.66,1614.65,2026,5,23,5,1,21,2,20.533333333333335,Gasolina,33,2.1483681097379503,30.85163189026205,30.85163189026205,Retraso alto,Retraso leve
2.21,41,165.64,25.68,1877.2,2026,1,2,4,0,1,1,18.7,Diesel,0,14.55512881037771,-14.55512881037771,14.55512881037771,Sin retraso,Retraso leve
0.71,78,64.89,25.35,1519.45,2026,6,29,0,0,27,2,15.316666666666666,Gasolina,19,6.794340668006286,12.205659331993715,12.205659331993715,Retraso moderado,Retraso leve
1.3,34,25.43,24.82,1029.15,2026,5,23,5,1,21,2,19.3,Diesel,0,9.754804042519565,-9.754804042519565,9.754804042519565,Sin retraso,Retraso leve
10.63,15,23.7,26.33,1801.5,2026,4,26,6,1,17,2,10.183333333333334,Diesel,0,6.334323966974096,-6.334323966974096,6.334323966974096,Sin retraso,Retraso leve
7.64,39,422.19,24.84,3686.95,2026,7,7,1,0,28,3,12.083333333333334,Diesel,0,15.664228303757143,-15.664228303757143,15.664228303757143,Sin retraso,Retraso moderado
2.34,38,263.24,26.89,2354.2,2026,1,7,2,0,2,1,18.1,Diesel,0,12.110717792966534,-12.110717792966534,12.110717792966534,Sin retraso,Retraso leve
1.35,18,420.72,24.03,2882.6,2026,4,9,3,0,15,2,12.166666666666666,Diesel,0,15.490621019449335,-15.490621019449335,15.490621019449335,Sin retraso,Retraso moderado
2.44,33,323.09,26.51,2623.45,2026,3,30,0,0,14,1,8.633333333333333,Diesel,51,27.010681061008707,23.989318938991293,23.989318938991293,Retraso alto,Retraso moderado
0.61,69,390.55,24.42,3065.75,2026,6,16,1,0,25,2,14.416666666666666,Gasolina,17,11.470340884678995,5.529659115321005,5.529659115321005,Retraso moderado,Retraso leve
0.55,12,295.83,24.02,2130.15,2026,7,18,5,1,29,3,12.333333333333334,Diesel,0,9.518947041392263,-9.518947041392263,9.518947041392263,Sin retraso,Retraso leve
24.43,31,441.5,26.75,5398.5,2026,1,30,4,0,5,1,12.0,Diesel,0,15.141294777638711,-15.141294777638711,15.141294777638711,Sin retraso,Retraso moderado
0.31,53,466.73,24.68,3288.65,2026,1,15,3,0,3,1,11.45,Gasolina,21,7.659221663017653,13.340778336982346,13.340778336982346,Retraso moderado,Retraso leve
0.43,79,140.65,26.23,1878.25,2026,1,21,2,0,4,1,19.933333333333334,Diesel,50,6.249774353886396,43.750225646113606,43.750225646113606,Retraso alto,Retraso leve
3.13,29,178.91,26.51,1939.55,2026,5,30,5,1,22,2,11.466666666666667,Diesel,0,1.916287360073224,-1.916287360073224,1.916287360073224,Sin retraso,Retraso leve
5.94,71,296.01,25.46,3142.05,2026,3,16,0,0,12,1,5.616666666666667,Diesel,15,18.078880029830188,-3.078880029830188,3.078880029830188,Retraso leve,Retraso moderado
0.21,3,100.38,25.1,1046.9,2026,1,2,4,0,1,1,18.0,Gasolina,0,16.837997025317776,-16.837997025317776,16.837997025317776,Sin retraso,Retraso moderado
0.29,62,332.38,26.01,2686.9,2026,4,19,6,1,16,2,6.733333333333333,Diesel,0,11.642381696234395,-11.642381696234395,11.642381696234395,Sin retraso,Retraso leve
0.93,7,368.97,24.29,2493.85,2026,5,26,1,0,22,2,7.0,Gasolina,0,24.684181604771258,-24.684181604771258,24.684181604771258,Sin retraso,Retraso moderado
3.18,16,138.68,26.57,1639.4,2026,6,12,4,0,24,2,5.116666666666666,Diesel,0,9.462197422691915,-9.462197422691915,9.462197422691915,Sin retraso,Retraso leve
3.43,49,130.83,26.05,1889.15,2026,1,3,5,1,1,1,14.65,Diesel,0,7.888973523779746,-7.888973523779746,7.888973523779746,Sin retraso,Retraso leve
3.83,46,324.76,26.54,2874.8,2026,6,13,5,1,24,2,18.966666666666665,Diesel,0,24.731767201912476,-24.731767201912476,24.731767201912476,Sin retraso,Retraso moderado
26.01,11,407.82,25.88,5228.1,2026,4,4,5,1,14,2,15.666666666666666,Diesel,63,15.231513907173762,47.76848609282624,47.76848609282624,Retraso crítico,Retraso moderado
0.99,40,300.81,23.0,2423.05,2026,1,12,0,0,3,1,9.35,Gasolina,54,27.146643722046374,26.853356277953626,26.853356277953626,Retraso alto,Retraso moderado
0.95,33,90.67,23.67,1312.35,2026,1,26,0,0,5,1,9.933333333333334,Gasolina,0,22.81359344884299,-22.81359344884299,22.81359344884299,Sin retraso,Retraso moderado
2.58,36,339.92,25.16,2745.6,2026,5,9,5,1,19,2,9.483333333333333,Diesel,0,20.59325955310325,-20.59325955310325,20.59325955310325,Sin retraso,Retraso moderado
4.6,49,165.07,24.81,2177.35,2026,5,27,2,0,22,2,19.166666666666668,Diesel,32,7.220143647141677,24.779856352858324,24.779856352858324,Retraso alto,Retraso leve
0.78,31,191.22,24.96,1782.1,2026,1,21,2,0,4,1,7.45,Gasolina,0,10.505871283257175,-10.505871283257175,10.505871283257175,Sin retraso,Retraso leve
0.58,41,250.14,25.13,2136.7,2026,2,10,1,0,7,1,17.25,Gasolina,0,9.883528436170188,-9.883528436170188,9.883528436170188,Sin retraso,Retraso leve
16.05,77,209.26,24.49,3767.3,2026,5,31,6,1,22,2,10.366666666666667,Diesel,0,6.918300574376141,-6.918300574376141,6.918300574376141,Sin retraso,Retraso leve
0.81,67,478.25,24.59,3508.25,2026,1,10,5,1,2,1,15.983333333333333,Gasolina,25,12.02582062669326,12.97417937330674,12.97417937330674,Retraso moderado,Retraso leve
14.35,8,64.74,26.73,2322.7,2026,1,21,2,0,4,1,13.783333333333333,Diesel,0,4.675437629471153,-4.675437629471153,4.675437629471153,Sin retraso,Retraso leve
0.89,1,293.35,23.16,2063.75,2026,6,24,2,0,26,2,13.916666666666666,Gasolina,0,17.300880106280342,-17.300880106280342,17.300880106280342,Sin retraso,Retraso moderado
0.81,17,399.2,25.23,2713.0,2026,2,14,5,1,7,1,19.666666666666668,Diesel,0,26.152812461203826,-26.152812461203826,26.152812461203826,Sin retraso,Retraso moderado
0.43,35,60.7,26.01,1126.5,2026,8,13,3,0,33,3,8.45,Diesel,0,14.33199105262276,-14.33199105262276,14.33199105262276,Sin retraso,Retraso leve
0.57,20,67.21,23.87,1053.05,2026,2,7,5,1,6,1,17.716666666666665,Gasolina,0,13.152660550326765,-13.152660550326765,13.152660550326765,Sin retraso,Retraso leve
2.8,19,312.12,26.63,2492.6,2026,3,17,1,0,12,1,9.75,Diesel,0,38.997085781901674,-38.997085781901674,38.997085781901674,Sin retraso,Retraso alto
0.94,44,175.53,23.06,1823.65,2026,1,20,1,0,4,1,6.466666666666667,Gasolina,24,3.948959432446712,20.051040567553287,20.051040567553287,Retraso moderado,Retraso leve
8.82,56,420.81,25.12,3934.05,2026,2,21,5,1,8,1,12.25,Diesel,0,13.558285697356624,-13.558285697356624,13.558285697356624,Sin retraso,Retraso leve
0.21,48,42.33,25.92,1116.65,2026,2,28,5,1,9,1,14.416666666666666,Diesel,0,5.466083646121249,-5.466083646121249,5.466083646121249,Sin retraso,Retraso leve
6.32,24,147.29,24.02,2060.45,2026,4,7,1,0,15,2,9.416666666666666,Diesel,0,9.772962676259604,-9.772962676259604,9.772962676259604,Sin retraso,Retraso leve
0.42,37,445.92,25.45,3067.6,2026,3,1,6,1,9,1,14.316666666666666,Gasolina,0,15.723509090209005,-15.723509090209005,15.723509090209005,Sin retraso,Retraso moderado
0.46,5,393.62,24.36,2554.1,2026,5,12,1,0,20,2,5.816666666666666,Gasolina,0,10.823935010056996,-10.823935010056996,10.823935010056996,Sin retraso,Retraso leve
5.11,69,264.86,26.44,2887.3,2026,1,2,4,0,1,1,8.283333333333333,Diesel,0,14.947160350221763,-14.947160350221763,14.947160350221763,Sin retraso,Retraso leve
0.58,37,444.21,23.48,3075.05,2026,4,10,4,0,15,2,11.85,Gasolina,0,11.867235354196792,-11.867235354196792,11.867235354196792,Sin retraso,Retraso leve
0.84,72,388.91,25.49,3104.55,2026,8,1,5,1,31,3,9.833333333333334,Gasolina,0,21.2705329204486,-21.2705329204486,21.2705329204486,Sin retraso,Retraso moderado
14.62,48,104.98,25.65,2870.9,2026,6,6,5,1,23,2,8.7,Diesel,0,5.247550617287934,-5.247550617287934,5.247550617287934,Sin retraso,Retraso leve
2.19,74,372.61,25.89,3174.05,2026,3,7,5,1,10,1,15.033333333333333,Diesel,0,12.446266010565727,-12.446266010565727,12.446266010565727,Sin retraso,Retraso leve
1.76,69,171.41,24.35,2085.05,2026,4,15,2,0,16,2,10.5,Diesel,17,3.0812106137478708,13.91878938625213,13.91878938625213,Retraso moderado,Retraso leve
0.72,15,22.64,23.58,805.2,2026,6,1,0,0,23,2,14.016666666666667,Gasolina,0,5.011549823689623,-5.011549823689623,5.011549823689623,Sin retraso,Retraso leve
1.35,16,417.75,25.61,2851.75,2026,8,12,2,0,33,3,20.15,Diesel,45,17.919606137152854,27.080393862847146,27.080393862847146,Retraso alto,Retraso moderado
3.09,27,370.27,26.72,2876.35,2026,3,26,3,0,13,1,13.25,Diesel,0,12.846604791496327,-12.846604791496327,12.846604791496327,Sin retraso,Retraso leve
2.4,80,421.45,24.25,3487.25,2026,3,8,6,1,10,1,11.816666666666666,Diesel,0,7.744056941849449,-7.744056941849449,7.744056941849449,Sin retraso,Retraso leve
0.81,17,292.8,24.18,2181.0,2026,6,16,1,0,25,2,9.116666666666667,Diesel,0,20.33949326451605,-20.33949326451605,20.33949326451605,Sin retraso,Retraso moderado
8.02,56,334.18,24.27,3420.9,2026,1,16,4,0,3,1,7.916666666666667,Diesel,60,28.66498212777452,31.33501787222548,31.33501787222548,Retraso alto,Retraso moderado
0.88,54,248.89,25.96,2264.45,2026,6,10,2,0,24,2,12.366666666666667,Gasolina,39,3.2275989177102855,35.77240108228971,35.77240108228971,Retraso alto,Retraso leve
1.22,45,256.05,25.44,2262.25,2026,3,7,5,1,10,1,7.616666666666667,Gasolina,0,13.902667960534888,-13.902667960534888,13.902667960534888,Sin retraso,Retraso leve
8.96,13,401.78,24.73,3508.9,2026,2,9,0,0,7,1,10.616666666666667,Diesel,39,18.25141346768476,20.74858653231524,20.74858653231524,Retraso alto,Retraso moderado
0.67,49,193.71,25.36,1927.55,2026,5,5,1,0,19,2,13.816666666666666,Gasolina,0,1.8410488069434765,-1.8410488069434765,1.8410488069434765,Sin retraso,Retraso leve
0.69,68,61.92,25.71,1422.6,2026,5,1,4,0,18,2,14.1,Gasolina,0,4.269858523526916,-4.269858523526916,4.269858523526916,Sin retraso,Retraso leve
5.25,16,425.71,24.92,3281.55,2026,3,19,3,0,12,1,5.783333333333333,Diesel,26,5.70444417808326,20.29555582191674,20.29555582191674,Retraso moderado,Retraso leve
10.46,60,208.9,24.83,3070.5,2026,2,16,0,0,8,1,17.366666666666667,Diesel,0,8.303448113746905,-8.303448113746905,8.303448113746905,Sin retraso,Retraso leve
16.08,78,400.55,26.09,4734.75,2026,2,1,6,1,5,1,8.083333333333334,Diesel,76,25.50500298491967,50.49499701508033,50.49499701508033,Retraso crítico,Retraso moderado
0.97,62,392.23,24.08,3054.15,2026,4,21,1,0,17,2,20.283333333333335,Gasolina,0,5.649064545145361,-5.649064545145361,5.649064545145361,Sin retraso,Retraso leve
2.89,73,189.71,25.33,2321.55,2026,8,9,6,1,32,3,17.166666666666668,Diesel,0,14.877709737166423,-14.877709737166423,14.877709737166423,Sin retraso,Retraso leve
1.24,22,190.37,24.85,1751.85,2026,2,14,5,1,7,1,7.833333333333333,Diesel,0,9.22980446846838,-9.22980446846838,9.22980446846838,Sin retraso,Retraso leve
1.25,7,62.84,24.02,995.2,2026,5,14,3,0,20,2,12.116666666666667,Diesel,0,5.1480748222965795,-5.1480748222965795,5.1480748222965795,Sin retraso,Retraso leve
0.46,39,316.1,24.26,2438.5,2026,3,29,6,1,13,1,17.4,Gasolina,0,22.997240278528672,-22.997240278528672,22.997240278528672,Sin retraso,Retraso moderado
1.3,65,417.34,23.52,3236.7,2026,4,1,2,0,14,2,17.766666666666666,Gasolina,0,25.104665306075194,-25.104665306075194,25.104665306075194,Sin retraso,Retraso moderado
1.64,49,482.99,26.87,3470.95,2026,3,15,6,1,11,1,6.983333333333333,Diesel,0,18.112313465661902,-18.112313465661902,18.112313465661902,Sin retraso,Retraso moderado
0.68,77,437.47,25.24,3371.35,2026,2,23,0,0,9,1,9.933333333333334,Diesel,0,17.628954359854067,-17.628954359854067,17.628954359854067,Sin retraso,Retraso moderado
1.81,5,447.38,25.86,2957.9,2026,6,30,1,0,27,2,19.45,Diesel,0,21.625544152718184,-21.625544152718184,21.625544152718184,Sin retraso,Retraso moderado
0.55,20,186.77,23.09,1648.85,2026,5,29,4,0,22,2,12.083333333333334,Gasolina,0,2.048924055771827,-2.048924055771827,2.048924055771827,Sin retraso,Retraso leve
1.0,62,196.71,24.17,2079.55,2026,2,21,5,1,8,1,8.95,Gasolina,0,11.631030046882843,-11.631030046882843,11.631030046882843,Sin retraso,Retraso leve
5.58,37,390.86,25.35,3308.3,2026,2,24,1,0,9,1,19.316666666666666,Diesel,0,28.02937341103468,-28.02937341103468,28.02937341103468,Sin retraso,Retraso moderado
0.22,34,177.32,25.74,1680.6,2026,1,27,1,0,5,1,8.9,Diesel,0,8.80124895885056,-8.80124895885056,8.80124895885056,Sin retraso,Retraso leve
0.68,36,184.45,24.36,1778.25,2026,3,3,1,0,10,1,14.6,Gasolina,0,1.3910612043286958,-1.3910612043286958,1.3910612043286958,Sin retraso,Retraso leve
0.43,4,318.61,26.29,2168.05,2026,6,13,5,1,24,2,10.883333333333333,Diesel,36,12.524193668572561,23.47580633142744,23.47580633142744,Retraso alto,Retraso leve
0.3,22,349.47,24.65,2453.35,2026,8,11,1,0,33,3,19.416666666666668,Gasolina,0,31.991770506570425,-31.991770506570425,31.991770506570425,Sin retraso,Retraso alto
0.38,76,158.24,25.8,1937.2,2026,5,25,0,0,22,2,9.066666666666666,Gasolina,39,13.067925789055007,25.932074210944993,25.932074210944993,Retraso alto,Retraso leve
0.84,23,135.41,25.89,1445.05,2026,2,16,0,0,8,1,12.0,Diesel,0,10.4013304184974,-10.4013304184974,10.4013304184974,Sin retraso,Retraso leve
0.85,18,63.82,24.22,1048.1,2026,1,24,5,1,4,1,18.733333333333334,Gasolina,0,12.175029497447563,-12.175029497447563,12.175029497447563,Sin retraso,Retraso leve
2.04,10,59.38,25.48,1080.9,2026,6,14,6,1,24,2,5.516666666666667,Diesel,0,1.7958155530429467,-1.7958155530429467,1.7958155530429467,Sin retraso,Retraso leve
1.38,74,425.01,24.27,3355.05,2026,5,15,4,0,20,2,17.633333333333333,Diesel,41,25.49531206618025,15.50468793381975,15.50468793381975,Retraso alto,Retraso moderado
1.75,24,367.46,24.19,2704.3,2026,8,12,2,0,33,3,16.016666666666666,Gasolina,0,13.92053775551905,-13.92053775551905,13.92053775551905,Sin retraso,Retraso leve
0.73,62,89.13,25.58,1514.65,2026,3,2,0,0,10,1,13.483333333333333,Gasolina,0,6.099054313024217,-6.099054313024217,6.099054313024217,Sin retraso,Retraso leve
3.84,56,284.25,24.18,2753.25,2026,2,5,3,0,6,1,11.483333333333333,Diesel,38,6.1632423155273885,31.836757684472612,31.836757684472612,Retraso alto,Retraso leve
0.78,43,373.66,25.03,2790.3,2026,5,2,5,1,18,2,8.466666666666667,Diesel,56,16.803046668380794,39.196953331619206,39.196953331619206,Retraso alto,Retraso moderado
0.95,55,23.59,25.27,1152.95,2026,1,28,2,0,5,1,10.916666666666666,Gasolina,0,4.35963315594415,-4.35963315594415,4.35963315594415,Sin retraso,Retraso leve
3.02,48,290.41,26.13,2638.05,2026,6,4,3,0,23,2,9.1,Diesel,0,14.71424687613751,-14.71424687613751,14.71424687613751,Sin retraso,Retraso leve
0.32,42,250.03,24.7,2118.15,2026,6,26,4,0,26,2,20.316666666666666,Gasolina,0,4.973949568950828,-4.973949568950828,4.973949568950828,Sin retraso,Retraso leve
6.14,58,27.53,25.14,1715.65,2026,6,22,0,0,26,2,19.516666666666666,Diesel,0,4.989649653169005,-4.989649653169005,4.989649653169005,Sin retraso,Retraso leve
1.27,27,306.78,23.33,2376.9,2026,2,26,3,0,9,1,9.566666666666666,Gasolina,0,32.9622651171579,-32.9622651171579,32.9622651171579,Sin retraso,Retraso alto
1.35,33,109.35,24.26,1445.75,2026,1,11,6,1,2,1,13.45,Diesel,0,4.7770137148932506,-4.7770137148932506,4.7770137148932506,Sin retraso,Retraso leve
4.86,63,106.21,25.8,2021.05,2026,7,2,3,0,27,3,9.366666666666667,Diesel,0,7.009680616670249,-7.009680616670249,7.009680616670249,Sin retraso,Retraso leve
3.85,58,239.78,24.61,2547.9,2026,2,18,2,0,8,1,6.683333333333334,Diesel,25,1.7867037260469831,23.213296273953016,23.213296273953016,Retraso moderado,Retraso leve
1.25,78,453.68,23.1,3517.4,2026,2,18,2,0,8,1,8.166666666666666,Gasolina,0,23.418060231135446,-23.418060231135446,23.418060231135446,Sin retraso,Retraso moderado
0.97,29,437.66,24.26,3017.3,2026,7,13,0,0,29,3,7.2,Gasolina,64,32.71694066489851,31.28305933510149,31.28305933510149,Retraso crítico,Retraso alto
3.46,70,176.56,25.93,2288.8,2026,2,10,1,0,7,1,18.65,Diesel,0,5.408211751089968,-5.408211751089968,5.408211751089968,Sin retraso,Retraso leve
3.58,25,24.67,24.65,1181.35,2026,4,17,4,0,16,2,8.05,Diesel,0,15.61756700487098,-15.61756700487098,15.61756700487098,Sin retraso,Retraso moderado
18.73,17,248.44,25.81,3751.2,2026,1,2,4,0,1,1,8.75,Diesel,0,16.060862663026526,-16.060862663026526,16.060862663026526,Sin retraso,Retraso moderado
9.87,4,271.56,25.59,2876.8,2026,4,28,1,0,18,2,9.283333333333333,Diesel,0,11.677980206072952,-11.677980206072952,11.677980206072952,Sin retraso,Retraso leve
0.49,31,177.64,24.4,1685.2,2026,8,5,2,0,32,3,10.633333333333333,Diesel,0,3.429484267399804,-3.429484267399804,3.429484267399804,Sin retraso,Retraso leve
1.66,36,285.62,24.92,2382.1,2026,8,10,0,0,33,3,11.883333333333333,Gasolina,0,9.461215427624863,-9.461215427624863,9.461215427624863,Sin retraso,Retraso leve
0.6,64,69.67,23.16,1420.35,2026,4,5,6,1,14,2,8.116666666666667,Gasolina,0,15.007404488894904,-15.007404488894904,15.007404488894904,Sin retraso,Retraso moderado
4.5,73,472.27,26.81,3895.35,2026,7,18,5,1,29,3,16.416666666666668,Diesel,0,11.26720241712257,-11.26720241712257,11.26720241712257,Sin retraso,Retraso leve
1.3,71,299.34,24.97,2694.7,2026,3,3,1,0,10,1,12.666666666666666,Diesel,0,12.01611107381998,-12.01611107381998,12.01611107381998,Sin retraso,Retraso leve
1.18,42,115.16,24.9,1529.8,2026,2,22,6,1,8,1,8.566666666666666,Gasolina,0,13.502642001793932,-13.502642001793932,13.502642001793932,Sin retraso,Retraso leve
11.38,68,178.18,25.42,3072.9,2026,5,23,5,1,21,2,6.066666666666666,Diesel,0,5.236562806150816,-5.236562806150816,5.236562806150816,Sin retraso,Retraso leve
7.91,50,25.14,26.38,1816.7,2026,7,2,3,0,27,3,9.033333333333333,Diesel,0,9.203529081962564,-9.203529081962564,9.203529081962564,Sin retraso,Retraso leve
4.99,70,424.64,24.89,3682.2,2026,1,8,3,0,2,1,18.933333333333334,Diesel,73,25.821127653112214,47.178872346887786,47.178872346887786,Retraso crítico,Retraso moderado
10.61,21,357.78,24.62,3517.9,2026,7,13,0,0,29,3,9.216666666666667,Diesel,0,26.63481797032351,-26.63481797032351,26.63481797032351,Sin retraso,Retraso moderado
0.75,80,138.22,24.24,1906.1,2026,5,16,5,1,20,2,8.3,Diesel,46,16.344493763902925,29.655506236097075,29.655506236097075,Retraso alto,Retraso moderado
0.49,64,284.68,24.83,2484.4,2026,6,20,5,1,25,2,8.616666666666667,Diesel,0,13.192243312540404,-13.192243312540404,13.192243312540404,Sin retraso,Retraso leve
0.57,64,440.79,25.16,3272.95,2026,4,5,6,1,14,2,16.716666666666665,Gasolina,0,16.051885868463565,-16.051885868463565,16.051885868463565,Sin retraso,Retraso moderado
4.22,32,340.3,26.15,2879.5,2026,5,20,2,0,21,2,7.083333333333333,Diesel,0,21.431689757731828,-21.431689757731828,21.431689757731828,Sin retraso,Retraso moderado
1.0,16,346.3,24.06,2459.5,2026,2,17,1,0,8,1,9.866666666666667,Gasolina,58,34.474672515890695,23.525327484109305,23.525327484109305,Retraso alto,Retraso alto
1.81,42,40.57,24.58,1219.85,2026,7,3,4,0,27,3,7.4,Diesel,0,17.63630583280872,-17.63630583280872,17.63630583280872,Sin retraso,Retraso moderado
0.39,4,118.79,24.94,1164.95,2026,7,13,0,0,29,3,18.416666666666668,Diesel,0,10.581379273541375,-10.581379273541375,10.581379273541375,Sin retraso,Retraso leve
6.65,65,255.01,25.03,2960.05,2026,4,13,0,0,16,2,14.266666666666667,Diesel,0,7.586544651648004,-7.586544651648004,7.586544651648004,Sin retraso,Retraso leve
0.38,66,167.18,26.38,1901.9,2026,7,13,0,0,29,3,5.583333333333333,Diesel,0,5.232923360293123,-5.232923360293123,5.232923360293123,Sin retraso,Retraso leve
1.74,28,365.11,26.72,2723.55,2026,8,13,3,0,33,3,8.166666666666666,Diesel,51,29.910436430216745,21.089563569783255,21.089563569783255,Retraso alto,Retraso moderado
4.37,59,38.66,26.3,1602.3,2026,7,29,2,0,31,3,10.9,Diesel,0,6.8866725511696885,-6.8866725511696885,6.8866725511696885,Sin retraso,Retraso leve
0.81,78,369.74,24.04,3053.7,2026,5,12,1,0,20,2,12.2,Gasolina,0,13.379714304200403,-13.379714304200403,13.379714304200403,Sin retraso,Retraso leve
0.86,69,185.54,25.15,2065.7,2026,3,6,4,0,10,1,12.533333333333333,Diesel,0,2.332039869968443,-2.332039869968443,2.332039869968443,Sin retraso,Retraso leve
15.95,55,419.52,26.63,4632.6,2026,3,13,4,0,11,1,16.583333333333332,Diesel,25,15.365679276697485,9.634320723302515,9.634320723302515,Retraso moderado,Retraso moderado
0.81,51,356.45,26.29,2771.25,2026,1,5,0,0,2,1,18.766666666666666,Diesel,0,16.268439459758543,-16.268439459758543,16.268439459758543,Sin retraso,Retraso moderado
0.78,31,408.58,25.11,2868.9,2026,6,20,5,1,25,2,13.216666666666667,Gasolina,0,11.144984279073682,-11.144984279073682,11.144984279073682,Sin retraso,Retraso leve
1.32,77,495.58,25.9,3725.9,2026,3,13,4,0,11,1,15.966666666666667,Gasolina,0,8.348133179858714,-8.348133179858714,8.348133179858714,Sin retraso,Retraso leve
8.42,40,155.19,24.73,2437.95,2026,3,11,2,0,11,1,17.85,Diesel,80,7.70370889434388,72.29629110565612,72.29629110565612,Retraso crítico,Retraso leve
1.05,80,170.19,25.65,2095.95,2026,3,12,3,0,11,1,7.983333333333333,Gasolina,0,14.291327211403477,-14.291327211403477,14.291327211403477,Sin retraso,Retraso leve
0.35,54,336.31,25.22,2648.55,2026,6,26,4,0,26,2,9.95,Gasolina,0,25.898151768302945,-25.898151768302945,25.898151768302945,Sin retraso,Retraso moderado
8.2,46,266.04,26.48,3018.2,2026,5,15,4,0,20,2,6.383333333333334,Diesel,0,5.6232288028697415,-5.6232288028697415,5.6232288028697415,Sin retraso,Retraso leve
0.5,77,458.68,25.76,3459.4,2026,2,3,1,0,6,1,9.716666666666667,Diesel,0,15.316838585386765,-15.316838585386765,15.316838585386765,Sin retraso,Retraso moderado
1.4,74,433.65,26.43,3400.25,2026,7,3,4,0,27,3,16.55,Diesel,0,14.534065742818985,-14.534065742818985,14.534065742818985,Sin retraso,Retraso leve
2.71,38,194.24,26.28,2046.2,2026,1,9,4,0,2,1,14.516666666666667,Diesel,0,3.970783608861089,-3.970783608861089,3.970783608861089,Sin retraso,Retraso leve
1.08,76,179.21,23.37,2112.05,2026,3,30,0,0,14,1,9.383333333333333,Gasolina,0,15.393565792822107,-15.393565792822107,15.393565792822107,Sin retraso,Retraso moderado
0.3,19,316.69,24.38,2265.45,2026,6,18,3,0,25,2,15.45,Diesel,35,9.34006457708772,25.65993542291228,25.65993542291228,Retraso alto,Retraso leve
1.42,38,240.68,24.96,2149.4,2026,6,19,4,0,25,2,6.083333333333333,Gasolina,0,7.462400094633479,-7.462400094633479,7.462400094633479,Sin retraso,Retraso leve
0.87,47,455.5,24.63,3240.5,2026,7,3,4,0,27,3,6.3,Gasolina,52,5.9033073108485326,46.09669268915147,46.09669268915147,Retraso alto,Retraso leve
0.35,25,414.22,24.19,2806.1,2026,5,25,0,0,22,2,6.833333333333333,Gasolina,0,12.86042446692305,-12.86042446692305,12.86042446692305,Sin retraso,Retraso leve
4.92,60,416.6,25.12,3555.0,2026,2,17,1,0,8,1,18.133333333333333,Diesel,0,17.151470399388295,-17.151470399388295,17.151470399388295,Sin retraso,Retraso moderado
4.92,29,133.08,25.76,1889.4,2026,2,4,2,0,6,1,9.75,Diesel,0,12.785803461883972,-12.785803461883972,12.785803461883972,Sin retraso,Retraso leve
9.4,13,425.61,24.1,3672.05,2026,4,11,5,1,15,2,5.85,Diesel,0,6.561754764126011,-6.561754764126011,6.561754764126011,Sin retraso,Retraso leve
3.29,17,24.06,24.07,1085.3,2026,2,18,2,0,8,1,8.816666666666666,Diesel,0,21.31913896847263,-21.31913896847263,21.31913896847263,Sin retraso,Retraso moderado
9.26,67,133.34,26.77,2628.7,2026,8,14,4,0,33,3,9.183333333333334,Diesel,0,9.56405422411554,-9.56405422411554,9.56405422411554,Sin retraso,Retraso leve
10.23,28,401.9,26.36,3756.5,2026,4,25,5,1,17,2,9.1,Diesel,0,37.50957027838278,-37.50957027838278,37.50957027838278,Sin retraso,Retraso alto
23.44,17,370.55,24.5,4832.75,2026,1,30,4,0,5,1,15.366666666666667,Diesel,0,13.070028659123414,-13.070028659123414,13.070028659123414,Sin retraso,Retraso leve
3.8,58,23.95,26.9,1463.75,2026,5,12,1,0,20,2,11.933333333333334,Diesel,0,7.547993010776488,-7.547993010776488,7.547993010776488,Sin retraso,Retraso leve
0.66,29,187.03,24.46,1733.15,2026,2,24,1,0,9,1,14.65,Gasolina,0,1.3576260778593658,-1.3576260778593658,1.3576260778593658,Sin retraso,Retraso leve
0.27,54,135.7,23.56,1637.5,2026,4,28,1,0,18,2,16.016666666666666,Gasolina,0,2.4811227101074578,-2.4811227101074578,2.4811227101074578,Sin retraso,Retraso leve
1.13,7,376.78,26.82,2552.9,2026,5,10,6,1,19,2,14.116666666666667,Diesel,0,14.808276798538033,-14.808276798538033,14.808276798538033,Sin retraso,Retraso leve
0.98,36,190.44,26.68,1838.2,2026,3,20,4,0,12,1,5.566666666666666,Diesel,0,2.1336525015625916,-2.1336525015625916,2.1336525015625916,Sin retraso,Retraso leve
1.06,75,41.9,24.29,1415.5,2026,6,15,0,0,25,2,5.183333333333334,Gasolina,0,4.657569977647769,-4.657569977647769,4.657569977647769,Sin retraso,Retraso leve
0.98,44,159.71,23.71,1748.55,2026,7,26,6,1,30,3,14.1,Gasolina,0,3.497330774289244,-3.497330774289244,3.497330774289244,Sin retraso,Retraso leve
0.83,37,197.55,26.47,1866.75,2026,4,9,3,0,15,2,11.566666666666666,Diesel,26,2.334556073194882,23.665443926805118,23.665443926805118,Retraso moderado,Retraso leve
0.64,63,191.6,25.3,2026.0,2026,5,19,1,0,21,2,18.3,Gasolina,0,7.775874954059633,-7.775874954059633,7.775874954059633,Sin retraso,Retraso leve
1.69,49,310.15,26.28,2611.75,2026,1,21,2,0,4,1,14.416666666666666,Diesel,65,14.939752605038741,50.06024739496126,50.06024739496126,Retraso crítico,Retraso leve
1.03,14,370.31,25.87,2566.55,2026,4,2,3,0,14,2,8.816666666666666,Gasolina,50,22.005958787899072,27.994041212100928,27.994041212100928,Retraso alto,Retraso moderado
0.67,55,303.67,24.3,2525.35,2026,2,2,0,0,6,1,17.466666666666665,Gasolina,0,35.3820333566282,-35.3820333566282,35.3820333566282,Sin retraso,Retraso alto
21.9,28,489.37,26.01,5360.85,2026,7,5,6,1,27,3,18.766666666666666,Diesel,0,31.585633013804408,-31.585633013804408,31.585633013804408,Sin retraso,Retraso alto
5.73,80,251.75,24.47,2971.75,2026,4,14,1,0,16,2,17.716666666666665,Diesel,45,11.268479265785055,33.731520734214946,33.731520734214946,Retraso alto,Retraso leve
9.88,10,312.38,25.14,3129.9,2026,1,28,2,0,5,1,19.766666666666666,Diesel,0,33.18127580009966,-33.18127580009966,33.18127580009966,Sin retraso,Retraso alto
0.71,29,445.02,24.18,3028.1,2026,8,7,4,0,32,3,19.033333333333335,Gasolina,0,41.45205590714617,-41.45205590714617,41.45205590714617,Sin retraso,Retraso alto
1.0,2,103.22,24.92,1132.1,2026,2,13,4,0,7,1,9.066666666666666,Gasolina,0,14.953613717395625,-14.953613717395625,14.953613717395625,Sin retraso,Retraso leve
0.5,74,199.72,25.99,2140.6,2026,6,7,6,1,23,2,14.25,Diesel,0,2.9220190937148827,-2.9220190937148827,2.9220190937148827,Sin retraso,Retraso leve
0.73,11,104.92,25.15,1185.6,2026,2,3,1,0,6,1,8.233333333333333,Gasolina,0,14.026218505210231,-14.026218505210231,14.026218505210231,Sin retraso,Retraso leve
3.54,38,322.55,26.31,2770.75,2026,7,11,5,1,28,3,7.633333333333333,Diesel,0,23.618482486771267,-23.618482486771267,23.618482486771267,Sin retraso,Retraso moderado
0.21,31,145.59,25.13,1496.95,2026,4,23,3,0,17,2,18.966666666666665,Gasolina,0,16.8018323000918,-16.8018323000918,16.8018323000918,Sin retraso,Retraso moderado
5.89,58,297.73,24.06,3041.65,2026,7,21,1,0,30,3,10.166666666666666,Diesel,30,18.50961561724954,11.49038438275046,11.49038438275046,Retraso moderado,Retraso moderado
0.27,35,318.98,24.56,2401.9,2026,2,21,5,1,8,1,11.016666666666667,Diesel,0,13.307576271142961,-13.307576271142961,13.307576271142961,Sin retraso,Retraso leve
0.42,3,111.93,23.91,1125.65,2026,4,28,1,0,18,2,20.983333333333334,Gasolina,26,6.971833647296786,19.028166352703213,19.028166352703213,Retraso moderado,Retraso leve
0.87,78,407.78,26.22,3249.9,2026,7,31,4,0,31,3,19.666666666666668,Diesel,0,33.23908093935528,-33.23908093935528,33.23908093935528,Sin retraso,Retraso alto
4.04,38,442.05,25.94,3418.25,2026,5,16,5,1,20,2,8.083333333333334,Diesel,49,19.113785250743618,29.886214749256382,29.886214749256382,Retraso alto,Retraso moderado
7.85,26,326.7,26.94,3126.5,2026,6,24,2,0,26,2,19.55,Diesel,84,34.82946335816465,49.17053664183535,49.17053664183535,Retraso crítico,Retraso alto
1.21,10,328.04,24.87,2341.2,2026,8,13,3,0,33,3,12.95,Gasolina,0,14.887733369984435,-14.887733369984435,14.887733369984435,Sin retraso,Retraso leve
1.2,57,23.07,25.71,1191.35,2026,2,2,0,0,6,1,15.05,Diesel,0,8.828786543119545,-8.828786543119545,8.828786543119545,Sin retraso,Retraso leve
0.81,78,299.85,25.41,2704.25,2026,1,12,0,0,3,1,6.5,Gasolina,0,13.12029295931076,-13.12029295931076,13.12029295931076,Sin retraso,Retraso leve
0.52,22,261.01,24.07,2033.05,2026,2,26,3,0,9,1,5.633333333333333,Gasolina,0,4.027323675595021,-4.027323675595021,4.027323675595021,Sin retraso,Retraso leve
1.51,66,380.12,24.43,3079.6,2026,6,17,2,0,25,2,8.283333333333333,Gasolina,0,27.532217719603974,-27.532217719603974,27.532217719603974,Sin retraso,Retraso moderado
0.28,21,144.29,24.39,1417.45,2026,3,25,2,0,13,1,16.416666666666668,Diesel,0,2.2715908673092566,-2.2715908673092566,2.2715908673092566,Sin retraso,Retraso leve
3.03,53,423.53,26.57,3344.65,2026,6,2,1,0,23,2,8.15,Diesel,0,16.31573281402423,-16.31573281402423,16.31573281402423,Sin retraso,Retraso moderado
4.92,2,456.97,24.34,3292.85,2026,7,3,4,0,27,3,5.633333333333333,Diesel,0,9.463619128927878,-9.463619128927878,9.463619128927878,Sin retraso,Retraso leve
3.31,13,148.21,26.82,1676.05,2026,7,15,2,0,29,3,10.05,Diesel,0,11.340042760721857,-11.340042760721857,11.340042760721857,Sin retraso,Retraso leve
15.8,19,279.55,25.78,3629.75,2026,5,15,4,0,20,2,20.166666666666668,Diesel,0,12.777974371595771,-12.777974371595771,12.777974371595771,Sin retraso,Retraso leve
0.95,4,289.02,24.5,2072.1,2026,3,19,3,0,12,1,8.966666666666667,Gasolina,0,17.661096739456124,-17.661096739456124,17.661096739456124,Sin retraso,Retraso moderado
0.69,41,314.06,24.09,2467.3,2026,3,11,2,0,11,1,9.016666666666667,Diesel,0,22.07929813445108,-22.07929813445108,22.07929813445108,Sin retraso,Retraso moderado
2.33,14,178.23,24.22,1736.15,2026,1,28,2,0,5,1,11.55,Diesel,24,4.29920027684619,19.70079972315381,19.70079972315381,Retraso moderado,Retraso leve
14.91,41,300.25,25.23,3820.25,2026,8,13,3,0,33,3,11.666666666666666,Diesel,51,12.783557151837604,38.216442848162394,38.216442848162394,Retraso alto,Retraso leve
0.23,49,424.08,24.3,3035.4,2026,2,14,5,1,7,1,10.5,Gasolina,0,13.49473815334984,-13.49473815334984,13.49473815334984,Sin retraso,Retraso leve
0.26,4,377.6,23.78,2446.0,2026,4,8,2,0,15,2,8.166666666666666,Gasolina,0,30.50348537485473,-30.50348537485473,30.50348537485473,Sin retraso,Retraso alto
6.67,76,127.36,25.81,2411.8,2026,1,9,4,0,2,1,19.266666666666666,Diesel,0,13.970766651810159,-13.970766651810159,13.970766651810159,Sin retraso,Retraso leve
1.51,63,400.64,25.19,3158.2,2026,3,2,0,0,10,1,18.933333333333334,Diesel,0,24.385701396858043,-24.385701396858043,24.385701396858043,Sin retraso,Retraso moderado
2.18,62,426.36,24.79,3345.8,2026,5,6,2,0,19,2,11.333333333333334,Diesel,0,7.90904474682511,-7.90904474682511,7.90904474682511,Sin retraso,Retraso leve
3.93,67,424.12,25.91,3549.6,2026,6,14,6,1,24,2,17.083333333333332,Diesel,60,20.867241563834995,39.132758436165005,39.132758436165005,Retraso alto,Retraso moderado
0.46,56,147.06,24.28,1729.3,2026,2,15,6,1,7,1,7.8,Diesel,0,8.770502682549454,-8.770502682549454,8.770502682549454,Sin retraso,Retraso leve
0.23,47,161.58,24.02,1706.9,2026,3,2,0,0,10,1,5.15,Gasolina,47,7.744296600420669,39.25570339957933,39.25570339957933,Retraso alto,Retraso leve
3.78,54,296.96,25.53,2794.8,2026,1,22,3,0,4,1,9.183333333333334,Diesel,54,30.67719074968816,23.32280925031184,23.32280925031184,Retraso alto,Retraso alto
1.16,31,124.38,25.4,1485.9,2026,4,5,6,1,14,2,9.266666666666667,Gasolina,0,8.080198500433989,-8.080198500433989,8.080198500433989,Sin retraso,Retraso leve
0.26,67,397.03,24.26,3047.15,2026,1,27,1,0,5,1,9.266666666666667,Gasolina,0,18.646691879766628,-18.646691879766628,18.646691879766628,Sin retraso,Retraso moderado
3.82,55,412.55,24.07,3384.75,2026,1,29,3,0,5,1,15.2,Diesel,0,9.292010032368468,-9.292010032368468,9.292010032368468,Sin retraso,Retraso leve
1.24,42,22.81,25.31,1074.05,2026,3,5,3,0,10,1,7.85,Diesel,0,14.516198503663801,-14.516198503663801,14.516198503663801,Sin retraso,Retraso leve
0.89,19,27.19,25.94,876.95,2026,7,1,2,0,27,3,19.45,Gasolina,26,9.126194773740083,16.87380522625992,16.87380522625992,Retraso moderado,Retraso leve
0.25,62,66.34,23.85,1352.7,2026,7,20,0,0,30,3,19.966666666666665,Gasolina,27,5.995646019507448,21.004353980492553,21.004353980492553,Retraso moderado,Retraso leve
1.3,11,170.48,25.91,1570.4,2026,5,2,5,1,18,2,13.15,Diesel,0,8.455737884497443,-8.455737884497443,8.455737884497443,Sin retraso,Retraso leve
1.13,53,340.88,26.0,2741.4,2026,3,14,5,1,11,1,15.283333333333333,Gasolina,0,7.739588936929197,-7.739588936929197,7.739588936929197,Sin retraso,Retraso leve
1.3,66,315.54,24.73,2735.7,2026,4,12,6,1,15,2,10.033333333333333,Gasolina,0,25.970953313501692,-25.970953313501692,25.970953313501692,Sin retraso,Retraso moderado
0.89,13,193.94,24.62,1662.7,2026,1,7,2,0,2,1,16.833333333333332,Gasolina,0,5.443816981117248,-5.443816981117248,5.443816981117248,Sin retraso,Retraso leve
0.6,56,118.15,24.24,1598.75,2026,7,5,6,1,27,3,10.916666666666666,Gasolina,0,1.4170755562766286,-1.4170755562766286,1.4170755562766286,Sin retraso,Retraso leve
1.89,36,334.11,26.69,2647.55,2026,6,2,1,0,23,2,9.033333333333333,Diesel,0,22.374248548079787,-22.374248548079787,22.374248548079787,Sin retraso,Retraso moderado
1.28,24,288.47,23.23,2262.35,2026,2,14,5,1,7,1,12.7,Gasolina,22,10.52209258521269,11.47790741478731,11.47790741478731,Retraso moderado,Retraso leve
0.76,25,293.42,26.81,2243.1,2026,1,11,6,1,2,1,14.083333333333334,Diesel,0,14.493382498380996,-14.493382498380996,14.493382498380996,Sin retraso,Retraso leve
2.98,70,96.28,26.82,1839.4,2026,6,8,0,0,24,2,17.616666666666667,Diesel,0,14.688482794329113,-14.688482794329113,14.688482794329113,Sin retraso,Retraso leve
0.77,54,197.91,25.46,1998.55,2026,1,9,4,0,2,1,5.733333333333333,Diesel,0,1.6977227234311902,-1.6977227234311902,1.6977227234311902,Sin retraso,Retraso leve
21.97,67,142.01,26.65,3943.05,2026,4,30,3,0,18,2,18.383333333333333,Diesel,0,18.429930514256736,-18.429930514256736,18.429930514256736,Sin retraso,Retraso moderado
2.09,66,429.54,25.55,3384.7,2026,7,5,6,1,27,3,15.55,Diesel,24,12.677050526661334,11.322949473338666,11.322949473338666,Retraso moderado,Retraso leve
1.35,47,342.24,24.57,2722.2,2026,3,1,6,1,9,1,15.45,Gasolina,70,16.276024747576834,53.723975252423166,53.723975252423166,Retraso crítico,Retraso moderado
8.42,4,271.69,26.37,2732.45,2026,5,22,4,0,21,2,10.116666666666667,Diesel,22,11.125004040031456,10.874995959968544,10.874995959968544,Retraso moderado,Retraso leve
9.33,2,315.55,24.64,3026.75,2026,1,20,1,0,4,1,6.083333333333333,Diesel,34,18.88191229928053,15.118087700719471,15.118087700719471,Retraso alto,Retraso moderado
5.65,33,233.02,25.19,2494.1,2026,1,2,4,0,1,1,8.816666666666666,Diesel,0,12.133234927466441,-12.133234927466441,12.133234927466441,Sin retraso,Retraso leve
0.55,19,322.46,23.55,2319.3,2026,4,4,5,1,14,2,19.3,Gasolina,0,24.75537561783422,-24.75537561783422,24.75537561783422,Sin retraso,Retraso moderado
1.43,78,175.22,25.43,2143.1,2026,4,11,5,1,15,2,6.183333333333334,Gasolina,0,2.0672957211798435,-2.0672957211798435,2.0672957211798435,Sin retraso,Retraso leve
1.3,25,344.6,23.71,2553.0,2026,5,30,5,1,22,2,9.15,Gasolina,60,40.834893800387746,19.165106199612254,19.165106199612254,Retraso alto,Retraso alto
4.81,9,244.36,24.96,2274.8,2026,4,19,6,1,16,2,18.116666666666667,Diesel,0,5.792970920495968,-5.792970920495968,5.792970920495968,Sin retraso,Retraso leve
0.87,57,181.92,25.41,1952.6,2026,2,12,3,0,7,1,8.783333333333333,Diesel,0,5.825343559178673,-5.825343559178673,5.825343559178673,Sin retraso,Retraso leve
1.91,63,443.06,25.14,3410.3,2026,5,31,6,1,22,2,14.716666666666667,Diesel,0,8.200468997984157,-8.200468997984157,8.200468997984157,Sin retraso,Retraso leve
10.13,18,361.2,26.66,3463.0,2026,5,1,4,0,18,2,8.583333333333334,Diesel,51,30.89846823896606,20.10153176103394,20.10153176103394,Retraso alto,Retraso alto
3.84,33,25.41,26.71,1275.05,2026,2,18,2,0,8,1,17.516666666666666,Diesel,0,11.03620852601167,-11.03620852601167,11.03620852601167,Sin retraso,Retraso leve
0.54,21,180.9,24.95,1626.5,2026,7,30,3,0,31,3,8.066666666666666,Diesel,0,17.31562818208851,-17.31562818208851,17.31562818208851,Sin retraso,Retraso moderado
0.69,80,292.54,25.75,2671.7,2026,6,9,1,0,24,2,11.583333333333334,Gasolina,0,8.896478482394214,-8.896478482394214,8.896478482394214,Sin retraso,Retraso leve
1.44,13,470.77,24.36,3101.85,2026,3,21,5,1,12,1,16.366666666666667,Diesel,28,12.58727131780166,15.41272868219834,15.41272868219834,Retraso moderado,Retraso leve
13.61,68,340.34,26.75,4106.7,2026,6,16,1,0,25,2,7.85,Diesel,48,29.93508926089332,18.06491073910668,18.06491073910668,Retraso alto,Retraso moderado
7.08,40,102.55,25.0,2040.75,2026,4,9,3,0,15,2,12.633333333333333,Diesel,0,4.151091879275653,-4.151091879275653,4.151091879275653,Sin retraso,Retraso leve
1.56,18,301.8,26.47,2309.0,2026,4,29,2,0,18,2,8.85,Diesel,48,37.75250940388351,10.247490596116492,10.247490596116492,Retraso alto,Retraso alto
1.79,63,331.15,24.72,2838.75,2026,5,23,5,1,21,2,17.8,Diesel,0,22.04742228839048,-22.04742228839048,22.04742228839048,Sin retraso,Retraso moderado
3.28,1,355.34,25.74,2612.7,2026,2,26,3,0,9,1,11.1,Diesel,37,21.803170080351347,15.196829919648653,15.196829919648653,Retraso alto,Retraso moderado
14.22,15,167.46,26.62,2879.3,2026,1,25,6,1,4,1,10.483333333333333,Diesel,26,4.773932768835347,21.226067231164652,21.226067231164652,Retraso moderado,Retraso leve
1.24,52,414.14,24.06,3110.7,2026,8,9,6,1,32,3,20.183333333333334,Diesel,0,16.445124745819694,-16.445124745819694,16.445124745819694,Sin retraso,Retraso moderado
0.86,52,326.15,24.51,2632.75,2026,3,28,5,1,13,1,5.383333333333334,Gasolina,0,12.251498879388587,-12.251498879388587,12.251498879388587,Sin retraso,Retraso leve
1.12,70,230.42,25.3,2324.1,2026,2,24,1,0,9,1,19.966666666666665,Gasolina,0,5.59923195216237,-5.59923195216237,5.59923195216237,Sin retraso,Retraso leve
1.27,76,496.71,24.78,3718.55,2026,8,13,3,0,33,3,19.983333333333334,Diesel,0,23.583286370108734,-23.583286370108734,23.583286370108734,Sin retraso,Retraso moderado
4.62,53,182.09,24.88,2296.45,2026,3,1,6,1,9,1,17.766666666666666,Diesel,38,13.149244588849328,24.850755411150672,24.850755411150672,Retraso alto,Retraso leve
5.02,59,323.3,25.61,3090.5,2026,6,16,1,0,25,2,9.416666666666666,Diesel,45,24.453647966585596,20.546352033414404,20.546352033414404,Retraso alto,Retraso moderado
13.82,13,363.28,25.46,3802.4,2026,4,2,3,0,14,2,7.0,Diesel,0,23.10823361787343,-23.10823361787343,23.10823361787343,Sin retraso,Retraso moderado
0.29,61,410.32,23.6,3068.6,2026,2,10,1,0,7,1,16.683333333333334,Gasolina,0,19.725037978539323,-19.725037978539323,19.725037978539323,Sin retraso,Retraso moderado
1.27,77,384.18,25.77,3163.9,2026,7,29,2,0,31,3,17.2,Diesel,40,25.036770537061816,14.963229462938184,14.963229462938184,Retraso alto,Retraso moderado
1.08,59,65.29,25.26,1406.45,2026,2,10,1,0,7,1,8.916666666666666,Gasolina,0,17.537632313047848,-17.537632313047848,17.537632313047848,Sin retraso,Retraso moderado
1.21,6,319.04,23.53,2264.2,2026,4,4,5,1,14,2,17.65,Gasolina,0,18.47568269917507,-18.47568269917507,18.47568269917507,Sin retraso,Retraso moderado
2.46,57,261.68,25.99,2510.4,2026,5,25,0,0,22,2,9.866666666666667,Diesel,0,16.996813922570595,-16.996813922570595,16.996813922570595,Sin retraso,Retraso moderado
8.45,58,23.09,24.28,1924.45,2026,6,15,0,0,25,2,7.983333333333333,Diesel,0,13.766760813543987,-13.766760813543987,13.766760813543987,Sin retraso,Retraso leve
6.75,9,244.31,24.65,2468.55,2026,6,5,4,0,23,2,19.316666666666666,Diesel,29,9.7197853714802,19.2802146285198,19.2802146285198,Retraso moderado,Retraso leve
1.22,4,454.69,25.94,2927.45,2026,6,19,4,0,25,2,19.883333333333333,Gasolina,0,16.941165527393565,-16.941165527393565,16.941165527393565,Sin retraso,Retraso moderado
1.59,9,58.79,25.4,1024.95,2026,2,22,6,1,8,1,11.8,Gasolina,0,7.444634587623207,-7.444634587623207,7.444634587623207,Sin retraso,Retraso leve
1.01,42,283.53,26.38,2354.65,2026,3,21,5,1,12,1,8.283333333333333,Diesel,0,11.911284695560623,-11.911284695560623,11.911284695560623,Sin retraso,Retraso leve
0.27,71,325.12,25.22,2720.6,2026,8,7,4,0,32,3,14.066666666666666,Gasolina,0,9.896888892515369,-9.896888892515369,9.896888892515369,Sin retraso,Retraso leve
0.61,61,118.88,25.65,1643.4,2026,7,7,1,0,28,3,16.683333333333334,Gasolina,0,4.063146855792048,-4.063146855792048,4.063146855792048,Sin retraso,Retraso leve
1.01,5,298.68,25.3,2134.4,2026,8,7,4,0,32,3,15.666666666666666,Diesel,0,13.114411159697966,-13.114411159697966,13.114411159697966,Sin retraso,Retraso leve
0.78,58,143.13,24.01,1757.65,2026,2,28,5,1,9,1,6.233333333333333,Diesel,0,8.842337184794639,-8.842337184794639,8.842337184794639,Sin retraso,Retraso leve
14.31,7,304.2,24.32,3508.0,2026,1,24,5,1,4,1,13.283333333333333,Diesel,18,24.00470496238872,-6.004704962388718,6.004704962388718,Retraso moderado,Retraso moderado
3.84,36,196.35,24.72,2153.75,2026,1,29,3,0,5,1,13.65,Diesel,0,2.947158480238755,-2.947158480238755,2.947158480238755,Sin retraso,Retraso leve
3.22,60,337.82,26.36,2991.1,2026,7,2,3,0,27,3,17.55,Diesel,0,17.900192838079825,-17.900192838079825,17.900192838079825,Sin retraso,Retraso moderado
4.81,80,185.1,25.6,2546.5,2026,3,4,2,0,10,1,16.95,Diesel,0,9.827224228963578,-9.827224228963578,9.827224228963578,Sin retraso,Retraso leve
1.0,11,301.28,23.02,2194.4,2026,4,27,0,0,18,2,16.466666666666665,Gasolina,0,17.62642979175751,-17.62642979175751,17.62642979175751,Sin retraso,Retraso moderado
6.09,27,175.88,26.58,2204.4,2026,4,25,5,1,17,2,15.716666666666667,Diesel,12,1.484219879395285,10.515780120604715,10.515780120604715,Retraso leve,Retraso leve
6.97,64,172.73,26.62,2572.65,2026,8,9,6,1,32,3,5.716666666666667,Diesel,0,1.5803437976715964,-1.5803437976715964,1.5803437976715964,Sin retraso,Retraso leve
0.54,40,479.96,25.91,3273.8,2026,2,19,3,0,8,1,7.7,Gasolina,0,13.824589709538143,-13.824589709538143,13.824589709538143,Sin retraso,Retraso leve
0.74,23,95.6,26.06,1236.0,2026,6,20,5,1,25,2,12.433333333333334,Diesel,0,4.201501637055732,-4.201501637055732,4.201501637055732,Sin retraso,Retraso leve
1.23,22,445.21,24.01,3025.05,2026,3,6,4,0,10,1,15.65,Diesel,31,12.40752710669876,18.59247289330124,18.59247289330124,Retraso alto,Retraso leve
4.19,56,225.91,26.29,2496.55,2026,3,19,3,0,12,1,9.516666666666667,Diesel,42,12.501135346636795,29.498864653363206,29.498864653363206,Retraso alto,Retraso leve
4.01,35,333.03,24.67,2846.15,2026,7,15,2,0,29,3,5.983333333333333,Diesel,0,13.345244989540463,-13.345244989540463,13.345244989540463,Sin retraso,Retraso leve
1.28,24,270.33,26.04,2171.65,2026,3,17,1,0,12,1,8.216666666666667,Diesel,0,10.094658193279418,-10.094658193279418,10.094658193279418,Sin retraso,Retraso leve
0.48,77,496.45,24.09,3646.25,2026,5,16,5,1,20,2,9.8,Diesel,36,22.191765002172136,13.808234997827864,13.808234997827864,Retraso alto,Retraso moderado
0.24,49,416.12,25.35,2996.6,2026,5,5,1,0,19,2,12.016666666666667,Gasolina,30,12.687758069889053,17.312241930110947,17.312241930110947,Retraso moderado,Retraso leve
0.94,47,340.93,25.54,2674.65,2026,2,22,6,1,8,1,7.216666666666667,Diesel,51,19.953298073746033,31.046701926253967,31.046701926253967,Retraso alto,Retraso moderado
1.05,79,124.39,25.87,1858.95,2026,4,14,1,0,16,2,13.85,Diesel,0,5.02334374934981,-5.02334374934981,5.02334374934981,Sin retraso,Retraso leve
0.27,50,173.63,23.63,1795.15,2026,6,21,6,1,25,2,9.483333333333333,Gasolina,28,6.401249448088234,21.598750551911767,21.598750551911767,Retraso moderado,Retraso leve
2.24,19,245.11,24.82,2101.55,2026,4,21,1,0,17,2,19.35,Diesel,0,4.3160807753638935,-4.3160807753638935,4.3160807753638935,Sin retraso,Retraso leve
0.71,8,238.98,24.5,1829.9,2026,5,9,5,1,19,2,19.95,Diesel,0,9.591005509624642,-9.591005509624642,9.591005509624642,Sin retraso,Retraso leve
1.25,78,198.15,25.37,2239.75,2026,6,1,0,0,23,2,8.516666666666667,Diesel,0,15.363958416051808,-15.363958416051808,15.363958416051808,Sin retraso,Retraso moderado
0.53,18,344.32,23.24,2418.6,2026,2,15,6,1,7,1,17.5,Gasolina,0,17.114608448983187,-17.114608448983187,17.114608448983187,Sin retraso,Retraso moderado
0.37,12,374.8,25.98,2507.0,2026,4,26,6,1,17,2,11.366666666666667,Gasolina,0,8.70080969115692,-8.70080969115692,8.70080969115692,Sin retraso,Retraso leve
5.56,69,440.29,25.23,3809.45,2026,2,11,2,0,7,1,16.116666666666667,Diesel,0,11.91972682869978,-11.91972682869978,11.91972682869978,Sin retraso,Retraso leve
2.62,78,272.89,25.36,2750.45,2026,1,3,5,1,1,1,12.683333333333334,Diesel,0,10.16054246711201,-10.16054246711201,10.16054246711201,Sin retraso,Retraso leve
17.02,54,456.11,24.78,4914.55,2026,1,2,4,0,1,1,15.533333333333333,Diesel,0,14.686785912959309,-14.686785912959309,14.686785912959309,Sin retraso,Retraso leve
0.27,42,95.58,23.21,1340.9,2026,8,13,3,0,33,3,8.85,Gasolina,0,17.52964858906685,-17.52964858906685,17.52964858906685,Sin retraso,Retraso moderado
1.1,15,270.18,25.3,2080.9,2026,2,9,0,0,7,1,11.2,Gasolina,37,11.328219287286384,25.671780712713616,25.671780712713616,Retraso alto,Retraso leve
0.72,4,335.1,25.65,2279.5,2026,4,16,3,0,16,2,13.466666666666667,Gasolina,39,15.598379333543448,23.40162066645655,23.40162066645655,Retraso alto,Retraso moderado
1.26,19,258.73,24.08,2071.65,2026,8,14,4,0,33,3,8.2,Diesel,23,24.523559593070186,-1.5235595930701855,1.5235595930701855,Retraso moderado,Retraso moderado
13.35,40,191.51,24.58,3112.55,2026,6,6,5,1,23,2,12.1,Diesel,0,7.255311391606961,-7.255311391606961,7.255311391606961,Sin retraso,Retraso leve
0.71,41,162.78,25.83,1712.9,2026,4,19,6,1,16,2,19.2,Diesel,0,16.86128633135528,-16.86128633135528,16.86128633135528,Sin retraso,Retraso moderado
1.06,39,329.78,25.23,2566.9,2026,6,18,3,0,25,2,8.933333333333334,Diesel,0,31.1182592725222,-31.1182592725222,31.1182592725222,Sin retraso,Retraso alto
0.9,46,477.08,23.23,3343.4,2026,2,6,4,0,6,1,17.383333333333333,Gasolina,0,29.059172308698802,-29.059172308698802,29.059172308698802,Sin retraso,Retraso moderado
0.29,44,373.01,23.6,2746.05,2026,5,21,3,0,21,2,17.3,Gasolina,0,18.81015869913883,-18.81015869913883,18.81015869913883,Sin retraso,Retraso moderado
1.37,33,293.97,26.11,2370.85,2026,7,24,4,0,30,3,15.816666666666666,Diesel,0,8.982283727437885,-8.982283727437885,8.982283727437885,Sin retraso,Retraso leve
0.86,55,58.45,23.93,1318.25,2026,3,2,0,0,10,1,19.083333333333332,Gasolina,0,14.525827618687712,-14.525827618687712,14.525827618687712,Sin retraso,Retraso leve
0.9,8,369.87,26.11,2503.35,2026,2,19,3,0,8,1,9.883333333333333,Diesel,46,36.27619070573703,9.72380929426297,9.72380929426297,Retraso alto,Retraso alto
9.09,52,426.36,26.57,3956.8,2026,8,5,2,0,32,3,16.983333333333334,Diesel,45,18.017140369591903,26.982859630408097,26.982859630408097,Retraso alto,Retraso moderado
0.94,22,401.19,25.7,2775.95,2026,8,12,2,0,33,3,9.55,Gasolina,0,26.652505774978778,-26.652505774978778,26.652505774978778,Sin retraso,Retraso moderado
1.54,58,182.32,25.49,2029.6,2026,2,28,5,1,9,1,8.6,Gasolina,0,11.938795518141799,-11.938795518141799,11.938795518141799,Sin retraso,Retraso leve
0.81,72,320.73,25.66,2760.65,2026,2,15,6,1,7,1,19.166666666666668,Gasolina,0,33.50013376991054,-33.50013376991054,33.50013376991054,Sin retraso,Retraso alto
0.83,72,398.34,23.67,3150.7,2026,4,9,3,0,15,2,16.616666666666667,Gasolina,0,18.526730411823618,-18.526730411823618,18.526730411823618,Sin retraso,Retraso moderado
0.62,75,400.74,25.4,3165.7,2026,1,20,1,0,4,1,9.133333333333333,Diesel,42,19.330849695056823,22.669150304943177,22.669150304943177,Retraso alto,Retraso moderado
0.9,10,202.37,25.06,1681.85,2026,8,15,5,1,33,3,7.916666666666667,Gasolina,0,13.938384511447211,-13.938384511447211,13.938384511447211,Sin retraso,Retraso leve
0.81,2,196.42,25.62,1579.1,2026,4,21,1,0,17,2,18.233333333333334,Diesel,0,8.405138799132514,-8.405138799132514,8.405138799132514,Sin retraso,Retraso leve
1.57,50,457.77,25.77,3345.85,2026,1,7,2,0,2,1,10.45,Gasolina,52,14.974025104819962,37.02597489518004,37.02597489518004,Retraso alto,Retraso leve
0.58,49,107.02,24.46,1485.1,2026,3,22,6,1,12,1,19.383333333333333,Gasolina,0,15.842833704645741,-15.842833704645741,15.842833704645741,Sin retraso,Retraso moderado
0.92,63,288.82,23.33,2540.1,2026,1,4,6,1,1,1,15.466666666666667,Gasolina,0,10.30783632929314,-10.30783632929314,10.30783632929314,Sin retraso,Retraso leve
1.1,1,320.0,26.02,2218.0,2026,5,24,6,1,21,2,8.95,Diesel,46,36.33855445486996,9.661445545130043,9.661445545130043,Retraso alto,Retraso alto
0.84,56,241.09,26.35,2237.45,2026,6,21,6,1,25,2,5.916666666666667,Diesel,0,5.878741924288457,-5.878741924288457,5.878741924288457,Sin retraso,Retraso leve
1.28,49,260.16,23.56,2320.8,2026,4,3,4,0,14,2,10.916666666666666,Gasolina,0,5.490670748215665,-5.490670748215665,5.490670748215665,Sin retraso,Retraso leve
20.12,21,89.16,24.64,3125.8,2026,5,14,3,0,20,2,11.95,Diesel,0,11.454247775765515,-11.454247775765515,11.454247775765515,Sin retraso,Retraso leve
0.55,80,399.7,24.58,3193.5,2026,4,10,4,0,15,2,8.533333333333333,Diesel,0,11.408156593857928,-11.408156593857928,11.408156593857928,Sin retraso,Retraso leve
25.88,63,188.68,24.21,4535.4,2026,2,4,2,0,6,1,8.2,Diesel,51,24.174982751608333,26.825017248391667,26.825017248391667,Retraso alto,Retraso moderado
0.98,7,233.87,23.83,1823.35,2026,5,31,6,1,22,2,19.8,Gasolina,0,22.318979152903424,-22.318979152903424,22.318979152903424,Sin retraso,Retraso moderado
